player_id,player_name,position,college_team,nfl_team_if_available,draft_year_if_available,cfbd_candidate_id,cfbd_name,cfbd_position,cfbd_team,cfbd_years,match_evidence,production_context_summary,ambiguity_flags,recommended_review_decision,human_decision,human_notes,approved_by_human,review_only,model_use_allowed,training_allowed
7525,DeVonta Smith,WR,Alabama,PHI,,4594449,DeVonta Smith,CB,Alabama,2024|2025,cfbd_match_status=possible_candidate; identity_confidence=LOW; candidate_source=unified_player_universe_review; candidate_player_id=7525; candidate_sleeper_id=7525; candidate_player_name=DeVonta Smith; candidate_team=PHI; name_score=95; position_match=false; blocker_reason=possible CFBD/NWR identity match requires human review,Not enough information,readiness_matrix_ambiguity_flag|possible_candidate_requires_review|position_mismatch_or_missing,DEFER,,,false,true,false,false
13274,Germie Bernard,WR,Alabama,PIT,,4685261,Germie Bernard,WR,Alabama,2024|2025,"cfbd_match_status=exact_match; identity_confidence=HIGH; candidate_source=unified_player_universe_review; candidate_player_id=13274; candidate_sleeper_id=13274; candidate_player_name=Germie Bernard; candidate_team=PIT; name_score=100; position_match=true; blocker_reason=exact review candidate, but approved_by_human=false and CFBD remains review-only",2024 receiving|rushing: receiving: LONG=47; REC=50; TD=2 | rushing: CAR=4; LONG=13; TD=1 || 2025 passing|receiving|rushing: passing: ATT=2; COMPLETIONS=2; INT=0 | receiving: LONG=43; REC=64; TD=7 | rushing: CAR=18; LONG=25; TD=2,none,APPROVE_REVIEW_ONLY,,,false,true,false,false
13313,Emmanuel Henderson,WR,Alabama,SEA,,4685381,Emmanuel Henderson Jr.,WR,Alabama,2024|2025,"cfbd_match_status=exact_match; identity_confidence=HIGH; candidate_source=unified_player_universe_review; candidate_player_id=13313; candidate_sleeper_id=13313; candidate_player_name=Emmanuel Henderson; candidate_team=SEA; name_score=100; position_match=true; blocker_reason=exact review candidate, but approved_by_human=false and CFBD remains review-only",2024 receiving: receiving: LONG=34; REC=4; TD=0 || 2025 receiving|rushing: receiving: LONG=93; REC=45; TD=5 | rushing: CAR=4; LONG=9; TD=0,none,APPROVE_REVIEW_ONLY,,,false,true,false,false
6794,Justin Jefferson,WR,Alabama,MIN,,5150249,Justin Jefferson,LB,Alabama,2024|2025,cfbd_match_status=possible_candidate; identity_confidence=LOW; candidate_source=unified_player_universe_review; candidate_player_id=6794; candidate_sleeper_id=6794; candidate_player_name=Justin Jefferson; candidate_team=MIN; name_score=95; position_match=false; blocker_reason=possible CFBD/NWR identity match requires human review,Not enough information,readiness_matrix_ambiguity_flag|possible_candidate_requires_review|position_mismatch_or_missing,DEFER,,,false,true,false,false
12533,Jacory Croskey-Merritt,RB,Arizona,WAS,,4575131,Jacory Croskey-Merritt,RB,Arizona,2024,"cfbd_match_status=exact_match; identity_confidence=HIGH; candidate_source=unified_player_universe_review; candidate_player_id=12533; candidate_sleeper_id=12533; candidate_player_name=Jacory Croskey-Merritt; candidate_team=WAS; name_score=100; position_match=true; blocker_reason=exact review candidate, but approved_by_human=false and CFBD remains review-only",2024 rushing: rushing: CAR=13; LONG=36; TD=1,none,APPROVE_REVIEW_ONLY,,,false,true,false,false
12526,Tetairoa McMillan,WR,Arizona,CAR,,4685472,Tetairoa McMillan,WR,Arizona,2024,"cfbd_match_status=exact_match; identity_confidence=HIGH; candidate_source=unified_player_universe_review; candidate_player_id=12526; candidate_sleeper_id=12526; candidate_player_name=Tetairoa McMillan; candidate_team=CAR; name_score=100; position_match=true; blocker_reason=exact review candidate, but approved_by_human=false and CFBD remains review-only",2024 passing|receiving: passing: ATT=2; COMPLETIONS=1; INT=0 | receiving: LONG=78; REC=84; TD=8,none,APPROVE_REVIEW_ONLY,,,false,true,false,false
12481,Cam Skattebo,RB,Arizona State,NYG,,4696981,Cam Skattebo,RB,Arizona State,2024,"cfbd_match_status=exact_match; identity_confidence=HIGH; candidate_source=unified_player_universe_review; candidate_player_id=12481; candidate_sleeper_id=12481; candidate_player_name=Cam Skattebo; candidate_team=NYG; name_score=100; position_match=true; blocker_reason=exact review candidate, but approved_by_human=false and CFBD remains review-only",2024 passing|receiving|rushing: passing: ATT=2; COMPLETIONS=1; INT=0 | receiving: LONG=66; REC=45; TD=3 | rushing: CAR=293; LONG=53; TD=21,none,APPROVE_REVIEW_ONLY,,,false,true,false,false
13281,Jordyn Tyson,WR,Arizona State,NO,,4880281,Jordyn Tyson,WR,Arizona State,2024|2025,"cfbd_match_status=exact_match; identity_confidence=HIGH; candidate_source=unified_player_universe_review; candidate_player_id=13281; candidate_sleeper_id=13281; candidate_player_name=Jordyn Tyson; candidate_team=NO; name_score=100; position_match=true; blocker_reason=exact review candidate, but approved_by_human=false and CFBD remains review-only",2024 receiving|rushing: receiving: LONG=59; REC=75; TD=10 | rushing: CAR=1; LONG=1; TD=0 || 2025 passing|receiving|rushing: passing: ATT=1; COMPLETIONS=0; INT=0 | receiving: LONG=57; REC=61; TD=8 | rushing: CAR=2; LONG=3; TD=1,none,APPROVE_REVIEW_ONLY,,,false,true,false,false
12535,Isaac TeSlaa,WR,Arkansas,DET,,5123663,Isaac TeSlaa,WR,Arkansas,2024,"cfbd_match_status=exact_match; identity_confidence=HIGH; candidate_source=unified_player_universe_review; candidate_player_id=12535; candidate_sleeper_id=12535; candidate_player_name=Isaac TeSlaa; candidate_team=DET; name_score=100; position_match=true; blocker_reason=exact review candidate, but approved_by_human=false and CFBD remains review-only",2024 receiving: receiving: LONG=75; REC=28; TD=3,none,APPROVE_REVIEW_ONLY,,,false,true,false,false
00-0040131,Kyle Williams,WR,Arkansas State,NE,,5221050,Kyle Williams,CB,Arkansas State,2024|2025,cfbd_match_status=possible_candidate; identity_confidence=LOW; candidate_source=unified_player_universe_review; candidate_player_id=00-0040131; candidate_sleeper_id=00-0040131; candidate_player_name=Kyle Williams; candidate_team=NE; name_score=95; position_match=false; blocker_reason=possible CFBD/NWR identity match requires human review,Not enough information,readiness_matrix_ambiguity_flag|possible_candidate_requires_review|position_mismatch_or_missing,DEFER,,,false,true,false,false
11560,Caleb Williams,QB,Army,CHI,,5219412,Caleb Williams,S,Army,2024|2025,cfbd_match_status=possible_candidate; identity_confidence=LOW; candidate_source=unified_player_universe_review; candidate_player_id=11560; candidate_sleeper_id=11560; candidate_player_name=Caleb Williams; candidate_team=CHI; name_score=95; position_match=false; blocker_reason=possible CFBD/NWR identity match requires human review,Not enough information,readiness_matrix_ambiguity_flag|possible_candidate_requires_review|position_mismatch_or_missing,DEFER,,,false,true,false,false
00-0040692,Jarquez Hunter,RB,Auburn,LAR,,4710341,Jarquez Hunter,RB,Auburn,2024,"cfbd_match_status=exact_match; identity_confidence=HIGH; candidate_source=unified_player_universe_review; candidate_player_id=00-0040692; candidate_sleeper_id=00-0040692; candidate_player_name=Jarquez Hunter; candidate_team=LAR; name_score=100; position_match=true; blocker_reason=exact review candidate, but approved_by_human=false and CFBD remains review-only",2024 passing|receiving|rushing: passing: ATT=1; COMPLETIONS=0; INT=1 | receiving: LONG=18; REC=21; TD=1 | rushing: CAR=187; LONG=50; TD=8,none,APPROVE_REVIEW_ONLY,,,false,true,false,false
13725,Dominic Richardson,RB,Baylor,DAL,,4430689,Dominic Richardson,RB,Baylor,2024|2025,"cfbd_match_status=exact_match; identity_confidence=HIGH; candidate_source=unified_player_universe_review; candidate_player_id=13725; candidate_sleeper_id=13725; candidate_player_name=Dominic Richardson; candidate_team=DAL; name_score=100; position_match=true; blocker_reason=exact review candidate, but approved_by_human=false and CFBD remains review-only",2024 receiving|rushing: receiving: LONG=19; REC=1; TD=0 | rushing: CAR=31; LONG=10; TD=0 || 2025 receiving|rushing: receiving: LONG=22; REC=20; TD=0 | rushing: CAR=212; LONG=57; TD=5,none,APPROVE_REVIEW_ONLY,,,false,true,false,false
13394,Josh Cameron,WR,Baylor,JAX,,4879194,Josh Cameron,WR,Baylor,2024|2025,cfbd_match_status=ambiguous; identity_confidence=MEDIUM; candidate_source=unified_player_universe_review; candidate_player_id=13394; candidate_sleeper_id=13394; candidate_player_name=Josh Cameron; candidate_team=JAX; name_score=100; position_match=true; blocker_reason=same-name or multi-candidate ambiguity requires human review,2024 receiving: receiving: LONG=47; REC=52; TD=10 || 2025 receiving: receiving: LONG=48; REC=69; TD=9,readiness_matrix_ambiguity_flag|cfbd_match_status_ambiguous,DEFER,,,false,true,false,false
,Josh Cameron,WR,Baylor,JAC,,4879194,Josh Cameron,WR,Baylor,2024|2025,cfbd_match_status=ambiguous; identity_confidence=MEDIUM; candidate_source=dynastyprocess_display_crosswalk; candidate_sleeper_id=nan; candidate_player_name=Josh Cameron; candidate_team=JAC; name_score=100; position_match=true; blocker_reason=same-name or multi-candidate ambiguity requires human review,2024 receiving: receiving: LONG=47; REC=52; TD=10 || 2025 receiving: receiving: LONG=48; REC=69; TD=9,readiness_matrix_ambiguity_flag|cfbd_match_status_ambiguous,DEFER,,,false,true,false,false
12527,Ashton Jeanty,RB,Boise State,LV,,4890973,Ashton Jeanty,RB,Boise State,2024,"cfbd_match_status=exact_match; identity_confidence=HIGH; candidate_source=unified_player_universe_review; candidate_player_id=12527; candidate_sleeper_id=12527; candidate_player_name=Ashton Jeanty; candidate_team=LV; name_score=100; position_match=true; blocker_reason=exact review candidate, but approved_by_human=false and CFBD remains review-only",2024 receiving|rushing: receiving: LONG=18; REC=23; TD=1 | rushing: CAR=374; LONG=77; TD=29,none,APPROVE_REVIEW_ONLY,,,false,true,false,false
13541,Lewis Bond,WR,Boston College,HOU,,4683159,Lewis Bond,WR,Boston College,2024|2025,"cfbd_match_status=exact_match; identity_confidence=HIGH; candidate_source=unified_player_universe_review; candidate_player_id=13541; candidate_sleeper_id=13541; candidate_player_name=Lewis Bond; candidate_team=HOU; name_score=100; position_match=true; blocker_reason=exact review candidate, but approved_by_human=false and CFBD remains review-only",2024 receiving|rushing: receiving: LONG=49; REC=67; TD=3 | rushing: CAR=3; LONG=11; TD=0 || 2025 receiving|rushing: receiving: LONG=54; REC=89; TD=1 | rushing: CAR=4; LONG=7; TD=0,none,APPROVE_REVIEW_ONLY,,,false,true,false,false
12506,Harold Fannin,TE,Bowling Green,CLE,,5083076,Harold Fannin Jr.,TE,Bowling Green,2024,"cfbd_match_status=exact_match; identity_confidence=HIGH; candidate_source=unified_player_universe_review; candidate_player_id=12506; candidate_sleeper_id=12506; candidate_player_name=Harold Fannin; candidate_team=CLE; name_score=100; position_match=true; blocker_reason=exact review candidate, but approved_by_human=false and CFBD remains review-only",2024 passing|receiving|rushing: passing: ATT=2; COMPLETIONS=1; INT=0 | receiving: LONG=65; REC=117; TD=10 | rushing: CAR=9; LONG=31; TD=1,none,APPROVE_REVIEW_ONLY,,,false,true,false,false
13410,Chase Roberts,WR,BYU,LV,,4714388,Chase Roberts,WR,BYU,2024|2025,"cfbd_match_status=exact_match; identity_confidence=HIGH; candidate_source=unified_player_universe_review; candidate_player_id=13410; candidate_sleeper_id=13410; candidate_player_name=Chase Roberts; candidate_team=LV; name_score=100; position_match=true; blocker_reason=exact review candidate, but approved_by_human=false and CFBD remains review-only",2024 receiving|rushing: receiving: LONG=62; REC=50; TD=3 | rushing: CAR=6; LONG=7; TD=1 || 2025 receiving: receiving: LONG=85; REC=54; TD=6,none,APPROVE_REVIEW_ONLY,,,false,true,false,false
13304,O'Mega Blake,WR,Charlotte,NEEDS_DATA,,4684173,O'Mega Blake,WR,Charlotte,2024|2025,"cfbd_match_status=exact_match; identity_confidence=HIGH; candidate_source=unified_player_universe_review; candidate_player_id=13304; candidate_sleeper_id=13304; candidate_player_name=O'Mega Blake; candidate_team=NEEDS_DATA; name_score=100; position_match=true; blocker_reason=exact review candidate, but approved_by_human=false and CFBD remains review-only",2024 receiving|rushing: receiving: LONG=75; REC=32; TD=9 | rushing: CAR=2; LONG=5; TD=0 || 2025 receiving: receiving: LONG=36; REC=57; TD=5,none,APPROVE_REVIEW_ONLY,,,false,true,false,false
13302,Adam Randall,RB,Clemson,BAL,,4685526,Adam Randall,RB,Clemson,2024|2025,"cfbd_match_status=exact_match; identity_confidence=HIGH; candidate_source=unified_player_universe_review; candidate_player_id=13302; candidate_sleeper_id=13302; candidate_player_name=Adam Randall; candidate_team=BAL; name_score=100; position_match=true; blocker_reason=exact review candidate, but approved_by_human=false and CFBD remains review-only",2024 receiving|rushing: receiving: LONG=25; REC=16; TD=2 | rushing: CAR=4; LONG=41; TD=0 || 2025 receiving|rushing: receiving: LONG=35; REC=36; TD=3 | rushing: CAR=168; LONG=46; TD=10,none,APPROVE_REVIEW_ONLY,,,false,true,false,false
13301,Antonio Williams,WR,Clemson,WAS,,5081432,Antonio Williams,WR,Clemson,2024|2025,"cfbd_match_status=exact_match; identity_confidence=HIGH; candidate_source=unified_player_universe_review; candidate_player_id=13301; candidate_sleeper_id=13301; candidate_player_name=Antonio Williams; candidate_team=WAS; name_score=100; position_match=true; blocker_reason=exact review candidate, but approved_by_human=false and CFBD remains review-only",2024 passing|receiving|rushing: passing: ATT=2; COMPLETIONS=2; INT=0 | receiving: LONG=57; REC=74; TD=11 | rushing: CAR=7; LONG=36; TD=1 || 2025 passing|receiving|rushing: passing: ATT=1; COMPLETIONS=1; INT=0 | receiving: LONG=64; REC=55; TD=4 | rushing: CAR=13; LONG=24; TD=1,none,APPROVE_REVIEW_ONLY,,,false,true,false,false
5870,Daniel Jones,QB,Coastal Carolina,IND,,5146639,Daniel Jones,OL,Coastal Carolina,2024|2025,cfbd_match_status=possible_candidate; identity_confidence=LOW; candidate_source=unified_player_universe_review; candidate_player_id=5870; candidate_sleeper_id=5870; candidate_player_name=Daniel Jones; candidate_team=IND; name_score=95; position_match=false; blocker_reason=possible CFBD/NWR identity match requires human review,Not enough information,readiness_matrix_ambiguity_flag|possible_candidate_requires_review|position_mismatch_or_missing,DEFER,,,false,true,false,false
4983,DJ Moore,WR,Coastal Carolina,BUF,,5221076,DJ Moore,QB,Coastal Carolina,2024,cfbd_match_status=possible_candidate; identity_confidence=LOW; candidate_source=unified_player_universe_review; candidate_player_id=4983; candidate_sleeper_id=4983; candidate_player_name=DJ Moore; candidate_team=BUF; name_score=95; position_match=false; blocker_reason=possible CFBD/NWR identity match requires human review,Not enough information,readiness_matrix_ambiguity_flag|possible_candidate_requires_review|position_mismatch_or_missing,DEFER,,,false,true,false,false
12524,Shedeur Sanders,QB,Colorado,CLE,,4432762,Shedeur Sanders,QB,Colorado,2024,"cfbd_match_status=exact_match; identity_confidence=HIGH; candidate_source=unified_player_universe_review; candidate_player_id=12524; candidate_sleeper_id=12524; candidate_player_name=Shedeur Sanders; candidate_team=CLE; name_score=100; position_match=true; blocker_reason=exact review candidate, but approved_by_human=false and CFBD remains review-only",2024 passing|rushing: passing: ATT=477; COMPLETIONS=353; INT=10 | rushing: CAR=100; LONG=17; TD=4,none,APPROVE_REVIEW_ONLY,,,false,true,false,false
12530,Travis Hunter,WR,Colorado,JAX,,4685415,Travis Hunter,WR,Colorado,2024,"cfbd_match_status=exact_match; identity_confidence=HIGH; candidate_source=unified_player_universe_review; candidate_player_id=12530; candidate_sleeper_id=12530; candidate_player_name=Travis Hunter; candidate_team=JAX; name_score=100; position_match=true; blocker_reason=exact review candidate, but approved_by_human=false and CFBD remains review-only",2024 receiving|rushing: receiving: LONG=58; REC=96; TD=15 | rushing: CAR=2; LONG=5; TD=1,none,APPROVE_REVIEW_ONLY,,,false,true,false,false
12497,Tory Horton,WR,Colorado State,SEA,,4597703,Tory Horton,WR,Colorado State,2024,"cfbd_match_status=exact_match; identity_confidence=HIGH; candidate_source=unified_player_universe_review; candidate_player_id=12497; candidate_sleeper_id=12497; candidate_player_name=Tory Horton; candidate_team=SEA; name_score=100; position_match=true; blocker_reason=exact review candidate, but approved_by_human=false and CFBD remains review-only",2024 receiving|rushing: receiving: LONG=52; REC=25; TD=1 | rushing: CAR=1; LONG=22; TD=0,none,APPROVE_REVIEW_ONLY,,,false,true,false,false
00-0035537,Ty Johnson,RB,East Carolina,BUF,,5226090,Ty Johnson,WR,East Carolina,2024|2025,cfbd_match_status=possible_candidate; identity_confidence=LOW; candidate_source=unified_player_universe_review; candidate_player_id=00-0035537; candidate_sleeper_id=00-0035537; candidate_player_name=Ty Johnson; candidate_team=BUF; name_score=95; position_match=false; blocker_reason=possible CFBD/NWR identity match requires human review,Not enough information,readiness_matrix_ambiguity_flag|possible_candidate_requires_review|position_mismatch_or_missing,DEFER,,,false,true,false,false
6794,Justin Jefferson,WR,Eastern Michigan,MIN,,4686761,Justin Jefferson,DL,Eastern Michigan,2024,cfbd_match_status=possible_candidate; identity_confidence=LOW; candidate_source=unified_player_universe_review; candidate_player_id=6794; candidate_sleeper_id=6794; candidate_player_name=Justin Jefferson; candidate_team=MIN; name_score=95; position_match=false; blocker_reason=possible CFBD/NWR identity match requires human review,Not enough information,readiness_matrix_ambiguity_flag|possible_candidate_requires_review|position_mismatch_or_missing,DEFER,,,false,true,false,false
12540,Chimere Dike,WR,Florida,TEN,,4431268,Chimere Dike,WR,Florida,2024,"cfbd_match_status=exact_match; identity_confidence=HIGH; candidate_source=unified_player_universe_review; candidate_player_id=12540; candidate_sleeper_id=12540; candidate_player_name=Chimere Dike; candidate_team=TEN; name_score=100; position_match=true; blocker_reason=exact review candidate, but approved_by_human=false and CFBD remains review-only",2024 receiving: receiving: LONG=44; REC=42; TD=2,none,APPROVE_REVIEW_ONLY,,,false,true,false,false
13291,Kejon Owens,RB,Florida International,MIN,,4431304,Kejon Owens,RB,Florida International,2024|2025,"cfbd_match_status=exact_match; identity_confidence=HIGH; candidate_source=unified_player_universe_review; candidate_player_id=13291; candidate_sleeper_id=13291; candidate_player_name=Kejon Owens; candidate_team=MIN; name_score=100; position_match=true; blocker_reason=exact review candidate, but approved_by_human=false and CFBD remains review-only",2024 receiving|rushing: receiving: LONG=29; REC=9; TD=0 | rushing: CAR=92; LONG=26; TD=5 || 2025 receiving|rushing: receiving: LONG=14; REC=18; TD=0 | rushing: CAR=213; LONG=84; TD=11,none,APPROVE_REVIEW_ONLY,,,false,true,false,false
7596,Elijah Moore,WR,Florida State,PHI,,5079539,Elijah Moore,WR,Florida State,2024|2025,"cfbd_match_status=exact_match; identity_confidence=HIGH; candidate_source=unified_player_universe_review; candidate_player_id=7596; candidate_sleeper_id=7596; candidate_player_name=Elijah Moore; candidate_team=PHI; name_score=100; position_match=true; blocker_reason=exact review candidate, but approved_by_human=false and CFBD remains review-only",2024 receiving: receiving: LONG=13; REC=2; TD=0 || 2025 receiving: receiving: LONG=19; REC=3; TD=0,none,APPROVE_REVIEW_ONLY,,,false,true,false,false
00-0040644,Trevor Etienne,RB,Georgia,CAR,,4685350,Trevor Etienne,RB,Georgia,2024,"cfbd_match_status=exact_match; identity_confidence=HIGH; candidate_source=unified_player_universe_review; candidate_player_id=00-0040644; candidate_sleeper_id=00-0040644; candidate_player_name=Trevor Etienne; candidate_team=CAR; name_score=100; position_match=true; blocker_reason=exact review candidate, but approved_by_human=false and CFBD remains review-only",2024 receiving|rushing: receiving: LONG=14; REC=32; TD=0 | rushing: CAR=122; LONG=48; TD=9,none,APPROVE_REVIEW_ONLY,,,false,true,false,false
13946,Jamal Haynes,RB,Georgia Tech,CIN,,4611995,Jamal Haynes,RB,Georgia Tech,2024|2025,"cfbd_match_status=exact_match; identity_confidence=HIGH; candidate_source=unified_player_universe_review; candidate_player_id=13946; candidate_sleeper_id=13946; candidate_player_name=Jamal Haynes; candidate_team=CIN; name_score=100; position_match=true; blocker_reason=exact review candidate, but approved_by_human=false and CFBD remains review-only",2024 receiving|rushing: receiving: LONG=17; REC=27; TD=3 | rushing: CAR=168; LONG=68; TD=9 || 2025 receiving|rushing: receiving: LONG=34; REC=33; TD=0 | rushing: CAR=124; LONG=47; TD=5,none,APPROVE_REVIEW_ONLY,,,false,true,false,false
4983,DJ Moore,WR,Georgia Tech,BUF,,4840124,D.J. Moore,DB,Georgia Tech,2024|2025,cfbd_match_status=possible_candidate; identity_confidence=LOW; candidate_source=unified_player_universe_review; candidate_player_id=4983; candidate_sleeper_id=4983; candidate_player_name=DJ Moore; candidate_team=BUF; name_score=95; position_match=false; blocker_reason=possible CFBD/NWR identity match requires human review,Not enough information,readiness_matrix_ambiguity_flag|possible_candidate_requires_review|position_mismatch_or_missing,DEFER,,,false,true,false,false
12492,Pat Bryant,WR,Illinois,DEN,,4600981,Pat Bryant,WR,Illinois,2024,"cfbd_match_status=exact_match; identity_confidence=HIGH; candidate_source=unified_player_universe_review; candidate_player_id=12492; candidate_sleeper_id=12492; candidate_player_name=Pat Bryant; candidate_team=DEN; name_score=100; position_match=true; blocker_reason=exact review candidate, but approved_by_human=false and CFBD remains review-only",2024 receiving|rushing: receiving: LONG=64; REC=53; TD=10 | rushing: CAR=5; LONG=7; TD=0,none,APPROVE_REVIEW_ONLY,,,false,true,false,false
13776,Hank Beatty,WR,Illinois,TEN,,4814930,Hank Beatty,WR,Illinois,2024|2025,"cfbd_match_status=exact_match; identity_confidence=HIGH; candidate_source=unified_player_universe_review; candidate_player_id=13776; candidate_sleeper_id=13776; candidate_player_name=Hank Beatty; candidate_team=TEN; name_score=100; position_match=true; blocker_reason=exact review candidate, but approved_by_human=false and CFBD remains review-only",2024 receiving|rushing: receiving: LONG=59; REC=20; TD=1 | rushing: CAR=1; LONG=11; TD=0 || 2025 passing|receiving|rushing: passing: ATT=3; COMPLETIONS=2; INT=0 | receiving: LONG=62; REC=70; TD=3 | rushing: CAR=4; LONG=25; TD=1,none,APPROVE_REVIEW_ONLY,,,false,true,false,false
13409,Donaven Mcculley,WR,Indiana,MIA,,4596347,Donaven McCulley,WR,Indiana,2024|2025,"cfbd_match_status=exact_match; identity_confidence=HIGH; candidate_source=unified_player_universe_review; candidate_player_id=13409; candidate_sleeper_id=13409; candidate_player_name=Donaven Mcculley; candidate_team=MIA; name_score=100; position_match=true; blocker_reason=exact review candidate, but approved_by_human=false and CFBD remains review-only",2024 receiving: receiving: LONG=12; REC=2; TD=1 || 2025 passing|receiving|rushing: passing: ATT=1; COMPLETIONS=0; INT=0 | receiving: LONG=44; REC=39; TD=3 | rushing: CAR=2; LONG=11; TD=0,none,APPROVE_REVIEW_ONLY,,,false,true,false,false
13414,Kaelon Black,RB,Indiana,SF,,4696044,Kaelon Black,RB,Indiana,2024|2025,"cfbd_match_status=exact_match; identity_confidence=HIGH; candidate_source=unified_player_universe_review; candidate_player_id=13414; candidate_sleeper_id=13414; candidate_player_name=Kaelon Black; candidate_team=SF; name_score=100; position_match=true; blocker_reason=exact review candidate, but approved_by_human=false and CFBD remains review-only",2024 receiving|rushing: receiving: LONG=8; REC=4; TD=0 | rushing: CAR=46; LONG=21; TD=2 || 2025 receiving|rushing: receiving: LONG=11; REC=4; TD=0 | rushing: CAR=187; LONG=40; TD=10,none,APPROVE_REVIEW_ONLY,,,false,true,false,false
13276,Omar Cooper,WR,Indiana,NYJ,,4723820,Omar Cooper Jr.,WR,Indiana,2024|2025,"cfbd_match_status=exact_match; identity_confidence=HIGH; candidate_source=unified_player_universe_review; candidate_player_id=13276; candidate_sleeper_id=13276; candidate_player_name=Omar Cooper; candidate_team=NYJ; name_score=100; position_match=true; blocker_reason=exact review candidate, but approved_by_human=false and CFBD remains review-only",2024 receiving|rushing: receiving: LONG=69; REC=28; TD=7 | rushing: CAR=2; LONG=16; TD=1 || 2025 receiving|rushing: receiving: LONG=58; REC=70; TD=13 | rushing: CAR=3; LONG=75; TD=1,none,APPROVE_REVIEW_ONLY,,,false,true,false,false
13268,Elijah Sarratt,WR,Indiana,BAL,,5088338,Elijah Sarratt,WR,Indiana,2024|2025,"cfbd_match_status=exact_match; identity_confidence=HIGH; candidate_source=unified_player_universe_review; candidate_player_id=13268; candidate_sleeper_id=13268; candidate_player_name=Elijah Sarratt; candidate_team=BAL; name_score=100; position_match=true; blocker_reason=exact review candidate, but approved_by_human=false and CFBD remains review-only",2024 receiving: receiving: LONG=84; REC=53; TD=8 || 2025 receiving: receiving: LONG=49; REC=64; TD=15,none,APPROVE_REVIEW_ONLY,,,false,true,false,false
12504,Kaleb Johnson,RB,Iowa,PIT,,4819231,Kaleb Johnson,RB,Iowa,2024,"cfbd_match_status=exact_match; identity_confidence=HIGH; candidate_source=unified_player_universe_review; candidate_player_id=12504; candidate_sleeper_id=12504; candidate_player_name=Kaleb Johnson; candidate_team=PIT; name_score=100; position_match=true; blocker_reason=exact review candidate, but approved_by_human=false and CFBD remains review-only",2024 receiving|rushing: receiving: LONG=72; REC=22; TD=2 | rushing: CAR=240; LONG=75; TD=21,none,APPROVE_REVIEW_ONLY,,,false,true,false,false
12536,Jaylin Noel,WR,Iowa State,HOU,,4586312,Jaylin Noel,WR,Iowa State,2024,"cfbd_match_status=exact_match; identity_confidence=HIGH; candidate_source=unified_player_universe_review; candidate_player_id=12536; candidate_sleeper_id=12536; candidate_player_name=Jaylin Noel; candidate_team=HOU; name_score=100; position_match=true; blocker_reason=exact review candidate, but approved_by_human=false and CFBD remains review-only",2024 passing|receiving|rushing: passing: ATT=2; COMPLETIONS=0; INT=0 | receiving: LONG=75; REC=81; TD=8 | rushing: CAR=9; LONG=12; TD=0,none,APPROVE_REVIEW_ONLY,,,false,true,false,false
12484,Jayden Higgins,WR,Iowa State,HOU,,4877706,Jayden Higgins,WR,Iowa State,2024,"cfbd_match_status=exact_match; identity_confidence=HIGH; candidate_source=unified_player_universe_review; candidate_player_id=12484; candidate_sleeper_id=12484; candidate_player_name=Jayden Higgins; candidate_team=HOU; name_score=100; position_match=true; blocker_reason=exact review candidate, but approved_by_human=false and CFBD remains review-only",2024 receiving: receiving: LONG=39; REC=87; TD=9,none,APPROVE_REVIEW_ONLY,,,false,true,false,false
12476,Devin Neal,RB,Kansas,NO,,4682652,Devin Neal,RB,Kansas,2024,"cfbd_match_status=exact_match; identity_confidence=HIGH; candidate_source=unified_player_universe_review; candidate_player_id=12476; candidate_sleeper_id=12476; candidate_player_name=Devin Neal; candidate_team=NO; name_score=100; position_match=true; blocker_reason=exact review candidate, but approved_by_human=false and CFBD remains review-only",2024 receiving|rushing: receiving: LONG=51; REC=24; TD=1 | rushing: CAR=219; LONG=54; TD=16,none,APPROVE_REVIEW_ONLY,,,false,true,false,false
00-0040179,DJ Giddens,RB,Kansas State,IND,,4874509,DJ Giddens,RB,Kansas State,2024,"cfbd_match_status=exact_match; identity_confidence=HIGH; candidate_source=unified_player_universe_review; candidate_player_id=00-0040179; candidate_sleeper_id=00-0040179; candidate_player_name=DJ Giddens; candidate_team=IND; name_score=100; position_match=true; blocker_reason=exact review candidate, but approved_by_human=false and CFBD remains review-only",2024 receiving|rushing: receiving: LONG=53; REC=21; TD=1 | rushing: CAR=205; LONG=66; TD=7,none,APPROVE_REVIEW_ONLY,,,false,true,false,false
28114,Chip Trayanum,RB,Kentucky,NEEDS_DATA,,4430893,Chip Trayanum,RB,Kentucky,2024|2025,cfbd_match_status=ambiguous; identity_confidence=MEDIUM; candidate_source=unified_player_universe_review; candidate_player_id=28114; candidate_sleeper_id=28114; candidate_player_name=Chip Trayanum; candidate_team=NEEDS_DATA; name_score=100; position_match=true; blocker_reason=same-name or multi-candidate ambiguity requires human review,2024 rushing: rushing: CAR=12; LONG=17; TD=0 || 2025 receiving|rushing: receiving: LONG=57; REC=21; TD=2 | rushing: CAR=182; LONG=75; TD=12,readiness_matrix_ambiguity_flag|cfbd_match_status_ambiguous,DEFER,,,false,true,false,false
,Chip Trayanum,RB,Kentucky,NEEDS_DATA,,4430893,Chip Trayanum,RB,Kentucky,2024|2025,cfbd_match_status=ambiguous; identity_confidence=MEDIUM; candidate_source=unified_player_universe_review; candidate_player_id=28114; candidate_sleeper_id=28114; candidate_player_name=Chip Trayanum; candidate_team=NEEDS_DATA; name_score=100; position_match=true; blocker_reason=same-name or multi-candidate ambiguity requires human review,2024 rushing: rushing: CAR=12; LONG=17; TD=0 || 2025 receiving|rushing: receiving: LONG=57; REC=21; TD=2 | rushing: CAR=182; LONG=75; TD=12,readiness_matrix_ambiguity_flag|cfbd_match_status_ambiguous,DEFER,,,false,true,false,false
13533,Barion Brown,WR,Kentucky,NO,,4698597,Barion Brown,WR,Kentucky,2024|2025,"cfbd_match_status=exact_match; identity_confidence=HIGH; candidate_source=unified_player_universe_review; candidate_player_id=13533; candidate_sleeper_id=13533; candidate_player_name=Barion Brown; candidate_team=NO; name_score=100; position_match=true; blocker_reason=exact review candidate, but approved_by_human=false and CFBD remains review-only",2024 receiving|rushing: receiving: LONG=63; REC=29; TD=3 | rushing: CAR=13; LONG=23; TD=1 || 2025 receiving|rushing: receiving: LONG=41; REC=53; TD=1 | rushing: CAR=3; LONG=15; TD=0,none,APPROVE_REVIEW_ONLY,,,false,true,false,false
8154,Brian Robinson,RB,Kentucky,ATL,,5079694,Brian Robinson,DL,Kentucky,2024|2025,cfbd_match_status=possible_candidate; identity_confidence=LOW; candidate_source=unified_player_universe_review; candidate_player_id=8154; candidate_sleeper_id=8154; candidate_player_name=Brian Robinson; candidate_team=ATL; name_score=95; position_match=false; blocker_reason=possible CFBD/NWR identity match requires human review,Not enough information,readiness_matrix_ambiguity_flag|possible_candidate_requires_review|position_mismatch_or_missing,DEFER,,,false,true,false,false
00-0040743,Tyler Shough,QB,Louisville,NO,,4360689,Tyler Shough,QB,Louisville,2024,"cfbd_match_status=exact_match; identity_confidence=HIGH; candidate_source=unified_player_universe_review; candidate_player_id=00-0040743; candidate_sleeper_id=00-0040743; candidate_player_name=Tyler Shough; candidate_team=NO; name_score=100; position_match=true; blocker_reason=exact review candidate, but approved_by_human=false and CFBD remains review-only",2024 passing|rushing: passing: ATT=389; COMPLETIONS=244; INT=6 | rushing: CAR=42; LONG=46; TD=1,none,APPROVE_REVIEW_ONLY,,,false,true,false,false
13826,Caullin Lacy,WR,Louisville,NYJ,,4430185,Caullin Lacy,WR,Louisville,2024|2025,"cfbd_match_status=exact_match; identity_confidence=HIGH; candidate_source=unified_player_universe_review; candidate_player_id=13826; candidate_sleeper_id=13826; candidate_player_name=Caullin Lacy; candidate_team=NYJ; name_score=100; position_match=true; blocker_reason=exact review candidate, but approved_by_human=false and CFBD remains review-only",2024 receiving|rushing: receiving: LONG=34; REC=18; TD=1 | rushing: CAR=5; LONG=9; TD=1 || 2025 passing|receiving|rushing: passing: ATT=1; COMPLETIONS=1; INT=0 | receiving: LONG=48; REC=60; TD=2 | rushing: CAR=15; LONG=11; TD=0,none,APPROVE_REVIEW_ONLY,,,false,true,false,false
12476,Devin Neal,RB,Louisville,NO,,4431292,Devin Neal,S,Louisville,2024|2025,cfbd_match_status=possible_candidate; identity_confidence=LOW; candidate_source=unified_player_universe_review; candidate_player_id=12476; candidate_sleeper_id=12476; candidate_player_name=Devin Neal; candidate_team=NO; name_score=95; position_match=false; blocker_reason=possible CFBD/NWR identity match requires human review,Not enough information,readiness_matrix_ambiguity_flag|possible_candidate_requires_review|position_mismatch_or_missing,DEFER,,,false,true,false,false
13311,Chris Bell,WR,Louisville,MIA,,4869961,Chris Bell,WR,Louisville,2024|2025,"cfbd_match_status=exact_match; identity_confidence=HIGH; candidate_source=unified_player_universe_review; candidate_player_id=13311; candidate_sleeper_id=13311; candidate_player_name=Chris Bell; candidate_team=MIA; name_score=100; position_match=true; blocker_reason=exact review candidate, but approved_by_human=false and CFBD remains review-only",2024 receiving|rushing: receiving: LONG=68; REC=43; TD=4 | rushing: CAR=2; LONG=47; TD=0 || 2025 receiving: receiving: LONG=64; REC=72; TD=6,none,APPROVE_REVIEW_ONLY,,,false,true,false,false
12498,Mason Taylor,TE,LSU,NYJ,,4808766,Mason Taylor,TE,LSU,2024,"cfbd_match_status=exact_match; identity_confidence=HIGH; candidate_source=unified_player_universe_review; candidate_player_id=12498; candidate_sleeper_id=12498; candidate_player_name=Mason Taylor; candidate_team=NYJ; name_score=100; position_match=true; blocker_reason=exact review candidate, but approved_by_human=false and CFBD remains review-only",2024 receiving: receiving: LONG=33; REC=55; TD=2,none,APPROVE_REVIEW_ONLY,,,false,true,false,false
13416,Roman Hemby,RB,Maryland,LV,,4688835,Roman Hemby,RB,Maryland,2024|2025,"cfbd_match_status=exact_match; identity_confidence=HIGH; candidate_source=unified_player_universe_review; candidate_player_id=13416; candidate_sleeper_id=13416; candidate_player_name=Roman Hemby; candidate_team=LV; name_score=100; position_match=true; blocker_reason=exact review candidate, but approved_by_human=false and CFBD remains review-only",2024 receiving|rushing: receiving: LONG=32; REC=40; TD=1 | rushing: CAR=134; LONG=75; TD=6 || 2025 receiving|rushing: receiving: LONG=26; REC=17; TD=0 | rushing: CAR=230; LONG=82; TD=7,none,APPROVE_REVIEW_ONLY,,,false,true,false,false
12521,Elijah Arroyo,TE,Miami,SEA,,4678006,Elijah Arroyo,TE,Miami,2024,"cfbd_match_status=exact_match; identity_confidence=HIGH; candidate_source=unified_player_universe_review; candidate_player_id=12521; candidate_sleeper_id=12521; candidate_player_name=Elijah Arroyo; candidate_team=SEA; name_score=100; position_match=true; blocker_reason=exact review candidate, but approved_by_human=false and CFBD remains review-only",2024 passing|receiving: passing: ATT=1; COMPLETIONS=1; INT=0 | receiving: LONG=74; REC=35; TD=7,none,APPROVE_REVIEW_ONLY,,,false,true,false,false
12522,Cam Ward,QB,Miami,TEN,,4688380,Cam Ward,QB,Miami,2024,"cfbd_match_status=exact_match; identity_confidence=HIGH; candidate_source=unified_player_universe_review; candidate_player_id=12522; candidate_sleeper_id=12522; candidate_player_name=Cam Ward; candidate_team=TEN; name_score=100; position_match=true; blocker_reason=exact review candidate, but approved_by_human=false and CFBD remains review-only",2024 passing|receiving|rushing: passing: ATT=454; COMPLETIONS=305; INT=7 | receiving: LONG=7; REC=1; TD=1 | rushing: CAR=60; LONG=24; TD=4,none,APPROVE_REVIEW_ONLY,,,false,true,false,false
12517,Colston Loveland,TE,Michigan,CHI,,4723086,Colston Loveland,TE,Michigan,2024,"cfbd_match_status=exact_match; identity_confidence=HIGH; candidate_source=unified_player_universe_review; candidate_player_id=12517; candidate_sleeper_id=12517; candidate_player_name=Colston Loveland; candidate_team=CHI; name_score=100; position_match=true; blocker_reason=exact review candidate, but approved_by_human=false and CFBD remains review-only",2024 receiving|rushing: receiving: LONG=36; REC=56; TD=5 | rushing: CAR=1; LONG=0; TD=0,none,APPROVE_REVIEW_ONLY,,,false,true,false,false
,Sieh Bangura,RB,Minnesota,NEEDS_DATA,,4431499,Sieh Bangura,RB,Minnesota,2024|2025,"cfbd_match_status=exact_match; identity_confidence=HIGH; candidate_source=unified_player_universe_review; candidate_player_name=Sieh Bangura; candidate_team=NEEDS_DATA; name_score=100; position_match=true; blocker_reason=exact review candidate, but approved_by_human=false and CFBD remains review-only",2024 rushing: rushing: CAR=4; LONG=6; TD=0 || 2025 receiving|rushing: receiving: LONG=11; REC=13; TD=0 | rushing: CAR=240; LONG=49; TD=15,none,APPROVE_REVIEW_ONLY,,,false,true,false,false
00-0036040,Juwan Johnson,TE,Minnesota,NO,,5144785,Julian Johnson,TE,Minnesota,2024|2025,cfbd_match_status=possible_candidate; identity_confidence=LOW; candidate_source=unified_player_universe_consolidated; candidate_player_id=00-0036040; candidate_sleeper_id=00-0036040; candidate_player_name=Juwan Johnson; candidate_team=NO; name_score=88; position_match=true; blocker_reason=possible CFBD/NWR identity match requires human review,2025 receiving: receiving: LONG=5; REC=1; TD=0,readiness_matrix_ambiguity_flag|possible_candidate_requires_review,DEFER,,,false,true,false,false
13338,Kevin Coleman,WR,Mississippi State,MIA,,4685307,Kevin Coleman Jr.,WR,Mississippi State,2024|2025,"cfbd_match_status=exact_match; identity_confidence=HIGH; candidate_source=unified_player_universe_review; candidate_player_id=13338; candidate_sleeper_id=13338; candidate_player_name=Kevin Coleman; candidate_team=MIA; name_score=100; position_match=true; blocker_reason=exact review candidate, but approved_by_human=false and CFBD remains review-only",2024 receiving|rushing: receiving: LONG=80; REC=69; TD=5 | rushing: CAR=4; LONG=9; TD=0 || 2025 receiving|rushing: receiving: LONG=50; REC=66; TD=1 | rushing: CAR=9; LONG=34; TD=0,none,APPROVE_REVIEW_ONLY,,,false,true,false,false
13338,Kevin Coleman,WR,Mississippi State,MIA,,5232648,Kevin Coleman Jr.,,Mississippi State,2024,cfbd_match_status=possible_candidate; identity_confidence=LOW; candidate_source=unified_player_universe_review; candidate_player_id=13338; candidate_sleeper_id=13338; candidate_player_name=Kevin Coleman; candidate_team=MIA; name_score=95; position_match=false; blocker_reason=possible CFBD/NWR identity match requires human review,Not enough information,readiness_matrix_ambiguity_flag|possible_candidate_requires_review|position_mismatch_or_missing,DEFER,,,false,true,false,false
13338,Kevin Coleman,WR,Mississippi State,MIA,,5235888,Kevin Coleman Jr.,,Mississippi State,2024,cfbd_match_status=possible_candidate; identity_confidence=LOW; candidate_source=unified_player_universe_review; candidate_player_id=13338; candidate_sleeper_id=13338; candidate_player_name=Kevin Coleman; candidate_team=MIA; name_score=95; position_match=false; blocker_reason=possible CFBD/NWR identity match requires human review,Not enough information,readiness_matrix_ambiguity_flag|possible_candidate_requires_review|position_mismatch_or_missing,DEFER,,,false,true,false,false
12519,Luther Burden,WR,Missouri,CHI,,4685278,Luther Burden III,WR,Missouri,2024,"cfbd_match_status=exact_match; identity_confidence=HIGH; candidate_source=unified_player_universe_review; candidate_player_id=12519; candidate_sleeper_id=12519; candidate_player_name=Luther Burden; candidate_team=CHI; name_score=100; position_match=true; blocker_reason=exact review candidate, but approved_by_human=false and CFBD remains review-only",2024 receiving|rushing: receiving: LONG=44; REC=60; TD=6 | rushing: CAR=10; LONG=61; TD=2,none,APPROVE_REVIEW_ONLY,,,false,true,false,false
13298,KC Concepcion,WR,NC State,CLE,,4870653,KC Concepcion,WR,NC State,2024|2025,"cfbd_match_status=exact_match; identity_confidence=HIGH; candidate_source=unified_player_universe_review; candidate_player_id=13298; candidate_sleeper_id=13298; candidate_player_name=KC Concepcion; candidate_team=CLE; name_score=100; position_match=true; blocker_reason=exact review candidate, but approved_by_human=false and CFBD remains review-only",2024 passing|receiving|rushing: passing: ATT=1; COMPLETIONS=1; INT=0 | receiving: LONG=42; REC=53; TD=6 | rushing: CAR=19; LONG=9; TD=2 || 2025 receiving|rushing: receiving: LONG=48; REC=61; TD=9 | rushing: CAR=10; LONG=16; TD=1,none,APPROVE_REVIEW_ONLY,,,false,true,false,false
13337,Emmett Johnson,RB,Nebraska,KC,,4832955,Emmett Johnson,RB,Nebraska,2024|2025,"cfbd_match_status=exact_match; identity_confidence=HIGH; candidate_source=unified_player_universe_review; candidate_player_id=13337; candidate_sleeper_id=13337; candidate_player_name=Emmett Johnson; candidate_team=KC; name_score=100; position_match=true; blocker_reason=exact review candidate, but approved_by_human=false and CFBD remains review-only",2024 receiving|rushing: receiving: LONG=29; REC=38; TD=2 | rushing: CAR=117; LONG=42; TD=1 || 2025 receiving|rushing: receiving: LONG=56; REC=46; TD=3 | rushing: CAR=251; LONG=70; TD=12,none,APPROVE_REVIEW_ONLY,,,false,true,false,false
13424,Seth McGowan,RB,New Mexico State,IND,,4686468,Seth McGowan,RB,New Mexico State,2024|2025,"cfbd_match_status=exact_match; identity_confidence=HIGH; candidate_source=unified_player_universe_review; candidate_player_id=13424; candidate_sleeper_id=13424; candidate_player_name=Seth McGowan; candidate_team=IND; name_score=100; position_match=true; blocker_reason=exact review candidate, but approved_by_human=false and CFBD remains review-only",2024 receiving|rushing: receiving: LONG=43; REC=23; TD=3 | rushing: CAR=153; LONG=38; TD=3 || 2025 receiving|rushing: receiving: LONG=17; REC=19; TD=0 | rushing: CAR=165; LONG=20; TD=12,none,APPROVE_REVIEW_ONLY,,,false,true,false,false
12507,Omarion Hampton,RB,North Carolina,LAC,,4685382,Omarion Hampton,RB,North Carolina,2024,"cfbd_match_status=exact_match; identity_confidence=HIGH; candidate_source=unified_player_universe_review; candidate_player_id=12507; candidate_sleeper_id=12507; candidate_player_name=Omarion Hampton; candidate_team=LAC; name_score=100; position_match=true; blocker_reason=exact review candidate, but approved_by_human=false and CFBD remains review-only",2024 receiving|rushing: receiving: LONG=49; REC=38; TD=2 | rushing: CAR=281; LONG=75; TD=15,none,APPROVE_REVIEW_ONLY,,,false,true,false,false
13286,Jadarian Price,RB,Notre Dame,SEA,,4685512,Jadarian Price,RB,Notre Dame,2024|2025,"cfbd_match_status=exact_match; identity_confidence=HIGH; candidate_source=unified_player_universe_review; candidate_player_id=13286; candidate_sleeper_id=13286; candidate_player_name=Jadarian Price; candidate_team=SEA; name_score=100; position_match=true; blocker_reason=exact review candidate, but approved_by_human=false and CFBD remains review-only",2024 receiving|rushing: receiving: LONG=8; REC=4; TD=0 | rushing: CAR=120; LONG=70; TD=7 || 2025 receiving|rushing: receiving: LONG=35; REC=6; TD=2 | rushing: CAR=113; LONG=58; TD=11,none,APPROVE_REVIEW_ONLY,,,false,true,false,false
13287,Jeremiyah Love,RB,Notre Dame,ARI,,4870808,Jeremiyah Love,RB,Notre Dame,2024|2025,"cfbd_match_status=exact_match; identity_confidence=HIGH; candidate_source=unified_player_universe_review; candidate_player_id=13287; candidate_sleeper_id=13287; candidate_player_name=Jeremiyah Love; candidate_team=ARI; name_score=100; position_match=true; blocker_reason=exact review candidate, but approved_by_human=false and CFBD remains review-only",2024 receiving|rushing: receiving: LONG=32; REC=28; TD=2 | rushing: CAR=163; LONG=98; TD=17 || 2025 receiving|rushing: receiving: LONG=36; REC=27; TD=3 | rushing: CAR=199; LONG=94; TD=18,none,APPROVE_REVIEW_ONLY,,,false,true,false,false
00-0039150,Bryce Young,QB,Notre Dame,CAR,,5112630,Bryce Young,DL,Notre Dame,2024|2025,cfbd_match_status=possible_candidate; identity_confidence=LOW; candidate_source=unified_player_universe_review; candidate_player_id=00-0039150; candidate_sleeper_id=00-0039150; candidate_player_name=Bryce Young; candidate_team=CAR; name_score=95; position_match=false; blocker_reason=possible CFBD/NWR identity match requires human review,Not enough information,readiness_matrix_ambiguity_flag|possible_candidate_requires_review|position_mismatch_or_missing,DEFER,,,false,true,false,false
9756,Jordan Addison,WR,Notre Dame,MIN,,5150424,Jordan Faison,WR,Notre Dame,2024|2025,cfbd_match_status=possible_candidate; identity_confidence=LOW; candidate_source=dynastyprocess_display_crosswalk; candidate_player_id=9756; candidate_sleeper_id=9756; candidate_player_name=Jordan Addison; candidate_team=MIN; name_score=88; position_match=true; blocker_reason=possible CFBD/NWR identity match requires human review,2024 receiving|rushing: receiving: LONG=44; REC=30; TD=1 | rushing: CAR=3; LONG=6; TD=0 || 2025 passing|receiving|rushing: passing: ATT=1; COMPLETIONS=1; INT=0 | receiving: LONG=54; REC=49; TD=4 | rushing: CAR=1; LONG=0; TD=0,readiness_matrix_ambiguity_flag|possible_candidate_requires_review,DEFER,,,false,true,false,false
12529,TreVeyon Henderson,RB,Ohio State,NE,,4432710,TreVeyon Henderson,RB,Ohio State,2024,"cfbd_match_status=exact_match; identity_confidence=HIGH; candidate_source=unified_player_universe_review; candidate_player_id=12529; candidate_sleeper_id=12529; candidate_player_name=TreVeyon Henderson; candidate_team=NE; name_score=100; position_match=true; blocker_reason=exact review candidate, but approved_by_human=false and CFBD remains review-only",2024 receiving|rushing: receiving: LONG=75; REC=27; TD=1 | rushing: CAR=144; LONG=66; TD=10,none,APPROVE_REVIEW_ONLY,,,false,true,false,false
12514,Emeka Egbuka,WR,Ohio State,TB,,4567750,Emeka Egbuka,WR,Ohio State,2024,"cfbd_match_status=exact_match; identity_confidence=HIGH; candidate_source=unified_player_universe_review; candidate_player_id=12514; candidate_sleeper_id=12514; candidate_player_name=Emeka Egbuka; candidate_team=TB; name_score=100; position_match=true; blocker_reason=exact review candidate, but approved_by_human=false and CFBD remains review-only",2024 receiving|rushing: receiving: LONG=68; REC=81; TD=10 | rushing: CAR=8; LONG=13; TD=0,none,APPROVE_REVIEW_ONLY,,,false,true,false,false
12512,Quinshon Judkins,RB,Ohio State,CLE,,4685702,Quinshon Judkins,RB,Ohio State,2024,"cfbd_match_status=exact_match; identity_confidence=HIGH; candidate_source=unified_player_universe_review; candidate_player_id=12512; candidate_sleeper_id=12512; candidate_player_name=Quinshon Judkins; candidate_team=CLE; name_score=100; position_match=true; blocker_reason=exact review candidate, but approved_by_human=false and CFBD remains review-only",2024 receiving|rushing: receiving: LONG=21; REC=22; TD=2 | rushing: CAR=194; LONG=86; TD=14,none,APPROVE_REVIEW_ONLY,,,false,true,false,false
13279,Carnell Tate,WR,Ohio State,TEN,,4871023,Carnell Tate,WR,Ohio State,2024|2025,"cfbd_match_status=exact_match; identity_confidence=HIGH; candidate_source=unified_player_universe_review; candidate_player_id=13279; candidate_sleeper_id=13279; candidate_player_name=Carnell Tate; candidate_team=TEN; name_score=100; position_match=true; blocker_reason=exact review candidate, but approved_by_human=false and CFBD remains review-only",2024 receiving|rushing: receiving: LONG=40; REC=52; TD=4 | rushing: CAR=0; LONG=6; TD=0 || 2025 receiving|rushing: receiving: LONG=57; REC=51; TD=9 | rushing: CAR=2; LONG=8; TD=0,none,APPROVE_REVIEW_ONLY,,,false,true,false,false
13333,Deion Burks,WR,Oklahoma,IND,,4683151,Deion Burks,WR,Oklahoma,2024|2025,"cfbd_match_status=exact_match; identity_confidence=HIGH; candidate_source=unified_player_universe_review; candidate_player_id=13333; candidate_sleeper_id=13333; candidate_player_name=Deion Burks; candidate_team=IND; name_score=100; position_match=true; blocker_reason=exact review candidate, but approved_by_human=false and CFBD remains review-only",2024 receiving|rushing: receiving: LONG=20; REC=31; TD=3 | rushing: CAR=5; LONG=11; TD=0 || 2025 receiving|rushing: receiving: LONG=45; REC=57; TD=4 | rushing: CAR=6; LONG=12; TD=0,none,APPROVE_REVIEW_ONLY,,,false,true,false,false
13380,Brenen Thompson,WR,Oklahoma,LAC,,4685553,Brenen Thompson,WR,Oklahoma,2024|2025,"cfbd_match_status=exact_match; identity_confidence=HIGH; candidate_source=unified_player_universe_review; candidate_player_id=13380; candidate_sleeper_id=13380; candidate_player_name=Brenen Thompson; candidate_team=LAC; name_score=100; position_match=true; blocker_reason=exact review candidate, but approved_by_human=false and CFBD remains review-only",2024 passing|receiving: passing: ATT=1; COMPLETIONS=0; INT=0 | receiving: LONG=54; REC=19; TD=2 || 2025 receiving|rushing: receiving: LONG=58; REC=57; TD=6 | rushing: CAR=4; LONG=10; TD=1,none,APPROVE_REVIEW_ONLY,,,false,true,false,false
12495,Ollie Gordon,RB,Oklahoma State,MIA,,4711533,Ollie Gordon II,RB,Oklahoma State,2024,"cfbd_match_status=exact_match; identity_confidence=HIGH; candidate_source=unified_player_universe_review; candidate_player_id=12495; candidate_sleeper_id=12495; candidate_player_name=Ollie Gordon; candidate_team=MIA; name_score=100; position_match=true; blocker_reason=exact review candidate, but approved_by_human=false and CFBD remains review-only",2024 passing|receiving|rushing: passing: ATT=1; COMPLETIONS=1; INT=0 | receiving: LONG=22; REC=30; TD=2 | rushing: CAR=189; LONG=68; TD=12,none,APPROVE_REVIEW_ONLY,,,false,true,false,false
12509,Tre' Harris,WR,Ole Miss,LAC,,4686612,Tre Harris,WR,Ole Miss,2024,"cfbd_match_status=exact_match; identity_confidence=HIGH; candidate_source=unified_player_universe_review; candidate_player_id=12509; candidate_sleeper_id=12509; candidate_player_name=Tre' Harris; candidate_team=LAC; name_score=100; position_match=true; blocker_reason=exact review candidate, but approved_by_human=false and CFBD remains review-only",2024 receiving: receiving: LONG=70; REC=61; TD=7,none,APPROVE_REVIEW_ONLY,,,false,true,false,false
12508,Jaxson Dart,QB,Ole Miss,NYG,,4689114,Jaxson Dart,QB,Ole Miss,2024,"cfbd_match_status=exact_match; identity_confidence=HIGH; candidate_source=unified_player_universe_review; candidate_player_id=12508; candidate_sleeper_id=12508; candidate_player_name=Jaxson Dart; candidate_team=NYG; name_score=100; position_match=true; blocker_reason=exact review candidate, but approved_by_human=false and CFBD remains review-only",2024 passing|rushing: passing: ATT=398; COMPLETIONS=276; INT=6 | rushing: CAR=124; LONG=35; TD=3,none,APPROVE_REVIEW_ONLY,,,false,true,false,false
5859,A.J. Brown,WR,Ole Miss,PHI,,5150430,AJ Brown Sr.,DB,Ole Miss,2024|2025,cfbd_match_status=possible_candidate; identity_confidence=LOW; candidate_source=unified_player_universe_review; candidate_player_id=5859; candidate_sleeper_id=5859; candidate_player_name=A.J. Brown; candidate_team=PHI; name_score=95; position_match=false; blocker_reason=possible CFBD/NWR identity match requires human review,Not enough information,readiness_matrix_ambiguity_flag|possible_candidate_requires_review|position_mismatch_or_missing,DEFER,,,false,true,false,false
00-0040737,Terrance Ferguson,TE,Oregon,LAR,,4570037,Terrance Ferguson,TE,Oregon,2024,"cfbd_match_status=exact_match; identity_confidence=HIGH; candidate_source=unified_player_universe_review; candidate_player_id=00-0040737; candidate_sleeper_id=00-0040737; candidate_player_name=Terrance Ferguson; candidate_team=LAR; name_score=100; position_match=true; blocker_reason=exact review candidate, but approved_by_human=false and CFBD remains review-only",2024 receiving: receiving: LONG=62; REC=43; TD=3,none,APPROVE_REVIEW_ONLY,,,false,true,false,false
00-0040237,Tez Johnson,WR,Oregon,TB,,4608810,Tez Johnson,WR,Oregon,2024,"cfbd_match_status=exact_match; identity_confidence=HIGH; candidate_source=unified_player_universe_review; candidate_player_id=00-0040237; candidate_sleeper_id=00-0040237; candidate_player_name=Tez Johnson; candidate_team=TB; name_score=100; position_match=true; blocker_reason=exact review candidate, but approved_by_human=false and CFBD remains review-only",2024 passing|receiving|rushing: passing: ATT=1; COMPLETIONS=0; INT=0 | receiving: LONG=52; REC=83; TD=10 | rushing: CAR=1; LONG=0; TD=0,none,APPROVE_REVIEW_ONLY,,,false,true,false,false
00-0040177,Jordan James,RB,Oregon,SF,,4685397,Jordan James,RB,Oregon,2024,"cfbd_match_status=exact_match; identity_confidence=HIGH; candidate_source=unified_player_universe_review; candidate_player_id=00-0040177; candidate_sleeper_id=00-0040177; candidate_player_name=Jordan James; candidate_team=SF; name_score=100; position_match=true; blocker_reason=exact review candidate, but approved_by_human=false and CFBD remains review-only",2024 receiving|rushing: receiving: LONG=26; REC=26; TD=0 | rushing: CAR=233; LONG=41; TD=15,none,APPROVE_REVIEW_ONLY,,,false,true,false,false
12518,Tyler Warren,TE,Penn State,IND,,4431459,Tyler Warren,TE,Penn State,2024,"cfbd_match_status=exact_match; identity_confidence=HIGH; candidate_source=unified_player_universe_review; candidate_player_id=12518; candidate_sleeper_id=12518; candidate_player_name=Tyler Warren; candidate_team=IND; name_score=100; position_match=true; blocker_reason=exact review candidate, but approved_by_human=false and CFBD remains review-only",2024 passing|receiving|rushing: passing: ATT=6; COMPLETIONS=3; INT=0 | receiving: LONG=38; REC=104; TD=8 | rushing: CAR=26; LONG=48; TD=4,none,APPROVE_REVIEW_ONLY,,,false,true,false,false
13405,Kaytron Allen,RB,Penn State,WAS,,4685246,Kaytron Allen,RB,Penn State,2024|2025,"cfbd_match_status=exact_match; identity_confidence=HIGH; candidate_source=unified_player_universe_review; candidate_player_id=13405; candidate_sleeper_id=13405; candidate_player_name=Kaytron Allen; candidate_team=WAS; name_score=100; position_match=true; blocker_reason=exact review candidate, but approved_by_human=false and CFBD remains review-only",2024 receiving|rushing: receiving: LONG=20; REC=18; TD=2 | rushing: CAR=220; LONG=32; TD=8 || 2025 receiving|rushing: receiving: LONG=11; REC=18; TD=0 | rushing: CAR=210; LONG=67; TD=15,none,APPROVE_REVIEW_ONLY,,,false,true,false,false
13288,Nicholas Singleton,RB,Penn State,TEN,,4685555,Nicholas Singleton,RB,Penn State,2024|2025,"cfbd_match_status=exact_match; identity_confidence=HIGH; candidate_source=unified_player_universe_review; candidate_player_id=13288; candidate_sleeper_id=13288; candidate_player_name=Nicholas Singleton; candidate_team=TEN; name_score=100; position_match=true; blocker_reason=exact review candidate, but approved_by_human=false and CFBD remains review-only",2024 receiving|rushing: receiving: LONG=27; REC=41; TD=5 | rushing: CAR=172; LONG=58; TD=12 || 2025 receiving|rushing: receiving: LONG=50; REC=24; TD=1 | rushing: CAR=123; LONG=59; TD=13,none,APPROVE_REVIEW_ONLY,,,false,true,false,false
00-0040590,Konata Mumpfield,WR,Pittsburgh,LAR,,4710855,Konata Mumpfield,WR,Pittsburgh,2024,"cfbd_match_status=exact_match; identity_confidence=HIGH; candidate_source=unified_player_universe_review; candidate_player_id=00-0040590; candidate_sleeper_id=00-0040590; candidate_player_name=Konata Mumpfield; candidate_team=LAR; name_score=100; position_match=true; blocker_reason=exact review candidate, but approved_by_human=false and CFBD remains review-only",2024 receiving: receiving: LONG=46; REC=52; TD=5,none,APPROVE_REVIEW_ONLY,,,false,true,false,false
11560,Caleb Williams,QB,Pittsburgh,CHI,,5154304,Caleb Williams,RB,Pittsburgh,2024|2025,cfbd_match_status=possible_candidate; identity_confidence=LOW; candidate_source=unified_player_universe_review; candidate_player_id=11560; candidate_sleeper_id=11560; candidate_player_name=Caleb Williams; candidate_team=CHI; name_score=95; position_match=false; blocker_reason=possible CFBD/NWR identity match requires human review,2025 receiving|rushing: receiving: LONG=0; REC=2; TD=0 | rushing: CAR=7; LONG=4; TD=0,readiness_matrix_ambiguity_flag|possible_candidate_requires_review|position_mismatch_or_missing,DEFER,,,false,true,false,false
12534,Kyle Monangai,RB,Rutgers,CHI,,4608686,Kyle Monangai,RB,Rutgers,2024,"cfbd_match_status=exact_match; identity_confidence=HIGH; candidate_source=unified_player_universe_review; candidate_player_id=12534; candidate_sleeper_id=12534; candidate_player_name=Kyle Monangai; candidate_team=CHI; name_score=100; position_match=true; blocker_reason=exact review candidate, but approved_by_human=false and CFBD remains review-only",2024 receiving|rushing: receiving: LONG=14; REC=14; TD=1 | rushing: CAR=256; LONG=62; TD=13,none,APPROVE_REVIEW_ONLY,,,false,true,false,false
12455,Brashard Smith,RB,SMU,KC,,4596602,Brashard Smith,RB,SMU,2024,"cfbd_match_status=exact_match; identity_confidence=HIGH; candidate_source=unified_player_universe_review; candidate_player_id=12455; candidate_sleeper_id=12455; candidate_player_name=Brashard Smith; candidate_team=KC; name_score=100; position_match=true; blocker_reason=exact review candidate, but approved_by_human=false and CFBD remains review-only",2024 receiving|rushing: receiving: LONG=33; REC=39; TD=4 | rushing: CAR=234; LONG=71; TD=14,none,APPROVE_REVIEW_ONLY,,,false,true,false,false
13325,Jordan Hudson,WR,SMU,DAL,,4685409,Jordan Hudson,WR,SMU,2024|2025,"cfbd_match_status=exact_match; identity_confidence=HIGH; candidate_source=unified_player_universe_review; candidate_player_id=13325; candidate_sleeper_id=13325; candidate_player_name=Jordan Hudson; candidate_team=DAL; name_score=100; position_match=true; blocker_reason=exact review candidate, but approved_by_human=false and CFBD remains review-only",2024 receiving|rushing: receiving: LONG=42; REC=39; TD=5 | rushing: CAR=1; LONG=8; TD=0 || 2025 receiving|rushing: receiving: LONG=70; REC=61; TD=6 | rushing: CAR=1; LONG=6; TD=0,none,APPROVE_REVIEW_ONLY,,,false,true,false,false
13436,Kentrel Bullock,RB,South Alabama,CIN,,4430992,Kentrel Bullock,RB,South Alabama,2024|2025,"cfbd_match_status=exact_match; identity_confidence=HIGH; candidate_source=unified_player_universe_review; candidate_player_id=13436; candidate_sleeper_id=13436; candidate_player_name=Kentrel Bullock; candidate_team=CIN; name_score=100; position_match=true; blocker_reason=exact review candidate, but approved_by_human=false and CFBD remains review-only",2024 receiving|rushing: receiving: LONG=28; REC=15; TD=1 | rushing: CAR=152; LONG=59; TD=7 || 2025 receiving|rushing: receiving: LONG=15; REC=14; TD=1 | rushing: CAR=218; LONG=64; TD=14,none,APPROVE_REVIEW_ONLY,,,false,true,false,false
,Devin Voisin,WR,South Alabama,NEEDS_DATA,,4570507,Devin Voisin,WR,South Alabama,2024|2025,"cfbd_match_status=exact_match; identity_confidence=HIGH; candidate_source=unified_player_universe_review; candidate_player_name=Devin Voisin; candidate_team=NEEDS_DATA; name_score=100; position_match=true; blocker_reason=exact review candidate, but approved_by_human=false and CFBD remains review-only",2024 receiving: receiving: LONG=28; REC=34; TD=0 || 2025 receiving: receiving: LONG=65; REC=67; TD=4,none,APPROVE_REVIEW_ONLY,,,false,true,false,false
00-0040466,Raheim Sanders,RB,South Carolina,CLE,,4601080,Raheim Sanders,RB,South Carolina,2024,"cfbd_match_status=exact_match; identity_confidence=HIGH; candidate_source=unified_player_universe_review; candidate_player_id=00-0040466; candidate_sleeper_id=00-0040466; candidate_player_name=Raheim Sanders; candidate_team=CLE; name_score=100; position_match=true; blocker_reason=exact review candidate, but approved_by_human=false and CFBD remains review-only",2024 receiving|rushing: receiving: LONG=43; REC=27; TD=2 | rushing: CAR=183; LONG=66; TD=11,none,APPROVE_REVIEW_ONLY,,,false,true,false,false
13322,Sam Roush,TE,Stanford,CHI,,4685504,Sam Roush,TE,Stanford,2024|2025,"cfbd_match_status=exact_match; identity_confidence=HIGH; candidate_source=unified_player_universe_review; candidate_player_id=13322; candidate_sleeper_id=13322; candidate_player_name=Sam Roush; candidate_team=CHI; name_score=100; position_match=true; blocker_reason=exact review candidate, but approved_by_human=false and CFBD remains review-only",2024 receiving: receiving: LONG=28; REC=40; TD=2 || 2025 receiving: receiving: LONG=69; REC=49; TD=2,none,APPROVE_REVIEW_ONLY,,,false,true,false,false
12499,Elic Ayomanor,WR,Stanford,TEN,,4883647,Elic Ayomanor,WR,Stanford,2024,"cfbd_match_status=exact_match; identity_confidence=HIGH; candidate_source=unified_player_universe_review; candidate_player_id=12499; candidate_sleeper_id=12499; candidate_player_name=Elic Ayomanor; candidate_team=TEN; name_score=100; position_match=true; blocker_reason=exact review candidate, but approved_by_human=false and CFBD remains review-only",2024 receiving: receiving: LONG=60; REC=63; TD=6,none,APPROVE_REVIEW_ONLY,,,false,true,false,false
13356,Trebor Pena,WR,Syracuse,JAC,,4575862,Trebor Pena,WR,Syracuse,2024|2025,"cfbd_match_status=exact_match; identity_confidence=HIGH; candidate_source=unified_player_universe_review; candidate_player_id=13356; candidate_sleeper_id=13356; candidate_player_name=Trebor Pena; candidate_team=JAC; name_score=100; position_match=true; blocker_reason=exact review candidate, but approved_by_human=false and CFBD remains review-only",2024 passing|receiving|rushing: passing: ATT=1; COMPLETIONS=0; INT=0 | receiving: LONG=50; REC=84; TD=9 | rushing: CAR=12; LONG=17; TD=1 || 2025 receiving|rushing: receiving: LONG=73; REC=49; TD=2 | rushing: CAR=11; LONG=16; TD=0,none,APPROVE_REVIEW_ONLY,,,false,true,false,false
12493,Oronde Gadsden,TE,Syracuse,LAC,,4595342,Oronde Gadsden II,TE,Syracuse,2024,"cfbd_match_status=exact_match; identity_confidence=HIGH; candidate_source=unified_player_universe_review; candidate_player_id=12493; candidate_sleeper_id=12493; candidate_player_name=Oronde Gadsden; candidate_team=LAC; name_score=100; position_match=true; blocker_reason=exact review candidate, but approved_by_human=false and CFBD remains review-only",2024 receiving|rushing: receiving: LONG=39; REC=72; TD=7 | rushing: CAR=1; LONG=12; TD=0,none,APPROVE_REVIEW_ONLY,,,false,true,false,false
12544,LeQuint Allen,RB,Syracuse,JAX,,4911851,LeQuint Allen,RB,Syracuse,2024,"cfbd_match_status=exact_match; identity_confidence=HIGH; candidate_source=unified_player_universe_review; candidate_player_id=12544; candidate_sleeper_id=12544; candidate_player_name=LeQuint Allen; candidate_team=JAX; name_score=100; position_match=true; blocker_reason=exact review candidate, but approved_by_human=false and CFBD remains review-only",2024 receiving|rushing: receiving: LONG=33; REC=64; TD=4 | rushing: CAR=228; LONG=30; TD=16,none,APPROVE_REVIEW_ONLY,,,false,true,false,false
12482,Savion Williams,WR,TCU,GB,,4431487,Savion Williams,WR,TCU,2024,"cfbd_match_status=exact_match; identity_confidence=HIGH; candidate_source=unified_player_universe_review; candidate_player_id=12482; candidate_sleeper_id=12482; candidate_player_name=Savion Williams; candidate_team=GB; name_score=100; position_match=true; blocker_reason=exact review candidate, but approved_by_human=false and CFBD remains review-only",2024 passing|receiving|rushing: passing: ATT=3; COMPLETIONS=3; INT=0 | receiving: LONG=75; REC=60; TD=6 | rushing: CAR=51; LONG=35; TD=6,none,APPROVE_REVIEW_ONLY,,,false,true,false,false
13354,Eric McAlister,WR,TCU,FA,,4602185,Eric McAlister,WR,TCU,2024|2025,"cfbd_match_status=exact_match; identity_confidence=HIGH; candidate_source=unified_player_universe_review; candidate_player_id=13354; candidate_sleeper_id=13354; candidate_player_name=Eric McAlister; candidate_team=FA; name_score=100; position_match=true; blocker_reason=exact review candidate, but approved_by_human=false and CFBD remains review-only",2024 receiving: receiving: LONG=84; REC=39; TD=5 || 2025 receiving: receiving: LONG=85; REC=72; TD=10,none,APPROVE_REVIEW_ONLY,,,false,true,false,false
00-0040729,Jack Bech,WR,TCU,LV,,4603186,Jack Bech,WR,TCU,2024,"cfbd_match_status=exact_match; identity_confidence=HIGH; candidate_source=unified_player_universe_review; candidate_player_id=00-0040729; candidate_sleeper_id=00-0040729; candidate_player_name=Jack Bech; candidate_team=LV; name_score=100; position_match=true; blocker_reason=exact review candidate, but approved_by_human=false and CFBD remains review-only",2024 receiving|rushing: receiving: LONG=52; REC=62; TD=9 | rushing: CAR=0; LONG=7; TD=0,none,APPROVE_REVIEW_ONLY,,,false,true,false,false
,Braylon James,WR,TCU,NEEDS_DATA,,4870809,Braylon James,WR,TCU,2024|2025,"cfbd_match_status=exact_match; identity_confidence=HIGH; candidate_source=unified_player_universe_review; candidate_player_name=Braylon James; candidate_team=NEEDS_DATA; name_score=100; position_match=true; blocker_reason=exact review candidate, but approved_by_human=false and CFBD remains review-only",2024 receiving: receiving: LONG=5; REC=3; TD=0,none,APPROVE_REVIEW_ONLY,,,false,true,false,false
12541,Dont'e Thornton,WR,Tennessee,LV,,4432775,Dont'e Thornton Jr.,WR,Tennessee,2024,"cfbd_match_status=exact_match; identity_confidence=HIGH; candidate_source=unified_player_universe_review; candidate_player_id=12541; candidate_sleeper_id=12541; candidate_player_name=Dont'e Thornton; candidate_team=LV; name_score=100; position_match=true; blocker_reason=exact review candidate, but approved_by_human=false and CFBD remains review-only",2024 receiving: receiving: LONG=86; REC=26; TD=6,none,APPROVE_REVIEW_ONLY,,,false,true,false,false
12469,Dylan Sampson,RB,Tennessee,CLE,,5081397,Dylan Sampson,RB,Tennessee,2024,"cfbd_match_status=exact_match; identity_confidence=HIGH; candidate_source=unified_player_universe_review; candidate_player_id=12469; candidate_sleeper_id=12469; candidate_player_name=Dylan Sampson; candidate_team=CLE; name_score=100; position_match=true; blocker_reason=exact review candidate, but approved_by_human=false and CFBD remains review-only",2024 receiving|rushing: receiving: LONG=21; REC=20; TD=0 | rushing: CAR=258; LONG=56; TD=22,none,APPROVE_REVIEW_ONLY,,,false,true,false,false
13353,Chris Brazzell,WR,Tennessee,CAR,,5091739,Chris Brazzell II,WR,Tennessee,2024|2025,"cfbd_match_status=exact_match; identity_confidence=HIGH; candidate_source=unified_player_universe_review; candidate_player_id=13353; candidate_sleeper_id=13353; candidate_player_name=Chris Brazzell; candidate_team=CAR; name_score=100; position_match=true; blocker_reason=exact review candidate, but approved_by_human=false and CFBD remains review-only",2024 receiving: receiving: LONG=53; REC=29; TD=2 || 2025 receiving: receiving: LONG=72; REC=62; TD=9,none,APPROVE_REVIEW_ONLY,,,false,true,false,false
12457,Jaydon Blue,RB,Texas,DAL,,4685279,Jaydon Blue,RB,Texas,2024,"cfbd_match_status=exact_match; identity_confidence=HIGH; candidate_source=unified_player_universe_review; candidate_player_id=12457; candidate_sleeper_id=12457; candidate_player_name=Jaydon Blue; candidate_team=DAL; name_score=100; position_match=true; blocker_reason=exact review candidate, but approved_by_human=false and CFBD remains review-only",2024 receiving|rushing: receiving: LONG=45; REC=42; TD=6 | rushing: CAR=134; LONG=77; TD=8,none,APPROVE_REVIEW_ONLY,,,false,true,false,false
12502,Gunnar Helm,TE,Texas,TEN,,4686728,Gunnar Helm,TE,Texas,2024,"cfbd_match_status=exact_match; identity_confidence=HIGH; candidate_source=unified_player_universe_review; candidate_player_id=12502; candidate_sleeper_id=12502; candidate_player_name=Gunnar Helm; candidate_team=TEN; name_score=100; position_match=true; blocker_reason=exact review candidate, but approved_by_human=false and CFBD remains review-only",2024 receiving: receiving: LONG=49; REC=60; TD=7,none,APPROVE_REVIEW_ONLY,,,false,true,false,false
12501,Matthew Golden,WR,Texas,GB,,4701936,Matthew Golden,WR,Texas,2024,"cfbd_match_status=exact_match; identity_confidence=HIGH; candidate_source=unified_player_universe_review; candidate_player_id=12501; candidate_sleeper_id=12501; candidate_player_name=Matthew Golden; candidate_team=GB; name_score=100; position_match=true; blocker_reason=exact review candidate, but approved_by_human=false and CFBD remains review-only",2024 passing|receiving: passing: ATT=2; COMPLETIONS=1; INT=0 | receiving: LONG=54; REC=58; TD=9,none,APPROVE_REVIEW_ONLY,,,false,true,false,false
12503,Isaiah Bond,WR,Texas,CLE,,4808839,Isaiah Bond,WR,Texas,2024,"cfbd_match_status=exact_match; identity_confidence=HIGH; candidate_source=unified_player_universe_review; candidate_player_id=12503; candidate_sleeper_id=12503; candidate_player_name=Isaiah Bond; candidate_team=CLE; name_score=100; position_match=true; blocker_reason=exact review candidate, but approved_by_human=false and CFBD remains review-only",2024 receiving|rushing: receiving: LONG=56; REC=34; TD=5 | rushing: CAR=4; LONG=44; TD=1,none,APPROVE_REVIEW_ONLY,,,false,true,false,false
00-0040208,Tahj Brooks,RB,Texas Tech,CIN,,4429299,Tahj Brooks,RB,Texas Tech,2024,"cfbd_match_status=exact_match; identity_confidence=HIGH; candidate_source=unified_player_universe_review; candidate_player_id=00-0040208; candidate_sleeper_id=00-0040208; candidate_player_name=Tahj Brooks; candidate_team=CIN; name_score=100; position_match=true; blocker_reason=exact review candidate, but approved_by_human=false and CFBD remains review-only",2024 passing|receiving|rushing: passing: ATT=3; COMPLETIONS=2; INT=0 | receiving: LONG=30; REC=27; TD=1 | rushing: CAR=286; LONG=40; TD=17,none,APPROVE_REVIEW_ONLY,,,false,true,false,false
5859,A.J. Brown,WR,UAB,PHI,,5082374,AJ Brown,S,UAB,2024|2025,cfbd_match_status=possible_candidate; identity_confidence=LOW; candidate_source=unified_player_universe_review; candidate_player_id=5859; candidate_sleeper_id=5859; candidate_player_name=A.J. Brown; candidate_team=PHI; name_score=95; position_match=false; blocker_reason=possible CFBD/NWR identity match requires human review,Not enough information,readiness_matrix_ambiguity_flag|possible_candidate_requires_review|position_mismatch_or_missing,DEFER,,,false,true,false,false
12489,RJ Harvey,RB,UCF,DEN,,4568490,RJ Harvey,RB,UCF,2024,"cfbd_match_status=exact_match; identity_confidence=HIGH; candidate_source=unified_player_universe_review; candidate_player_id=12489; candidate_sleeper_id=12489; candidate_player_name=RJ Harvey; candidate_team=DEN; name_score=100; position_match=true; blocker_reason=exact review candidate, but approved_by_human=false and CFBD remains review-only",2024 passing|receiving|rushing: passing: ATT=1; COMPLETIONS=1; INT=0 | receiving: LONG=75; REC=20; TD=3 | rushing: CAR=232; LONG=80; TD=22,none,APPROVE_REVIEW_ONLY,,,false,true,false,false
7607,Michael Carter,RB,UCF,TEN,,5152182,Michael Carter,P,UCF,2024,cfbd_match_status=possible_candidate; identity_confidence=LOW; candidate_source=unified_player_universe_review; candidate_player_id=7607; candidate_sleeper_id=7607; candidate_player_name=Michael Carter; candidate_team=TEN; name_score=95; position_match=false; blocker_reason=possible CFBD/NWR identity match requires human review,Not enough information,readiness_matrix_ambiguity_flag|possible_candidate_requires_review|position_mismatch_or_missing,DEFER,,,false,true,false,false
13402,Skyler Bell,WR,UConn,BUF,,4683153,Skyler Bell,WR,UConn,2024|2025,"cfbd_match_status=exact_match; identity_confidence=HIGH; candidate_source=unified_player_universe_review; candidate_player_id=13402; candidate_sleeper_id=13402; candidate_player_name=Skyler Bell; candidate_team=BUF; name_score=100; position_match=true; blocker_reason=exact review candidate, but approved_by_human=false and CFBD remains review-only",2024 receiving|rushing: receiving: LONG=70; REC=50; TD=5 | rushing: CAR=0; LONG=4; TD=0 || 2025 receiving|rushing: receiving: LONG=80; REC=101; TD=13 | rushing: CAR=2; LONG=0; TD=0,none,APPROVE_REVIEW_ONLY,,,false,true,false,false
13904,Jacob De Jesus,WR,UNLV,NEEDS_DATA,,5155179,Jacob De Jesus,WR,UNLV,2024|2025,"cfbd_match_status=exact_match; identity_confidence=HIGH; candidate_source=unified_player_universe_review; candidate_player_id=13904; candidate_sleeper_id=13904; candidate_player_name=Jacob De Jesus; candidate_team=NEEDS_DATA; name_score=100; position_match=true; blocker_reason=exact review candidate, but approved_by_human=false and CFBD remains review-only",2024 receiving|rushing: receiving: LONG=43; REC=36; TD=3 | rushing: CAR=18; LONG=43; TD=0 || 2025 passing|receiving|rushing: passing: ATT=2; COMPLETIONS=1; INT=0 | receiving: LONG=41; REC=107; TD=6 | rushing: CAR=7; LONG=8; TD=0,none,APPROVE_REVIEW_ONLY,,,false,true,false,false
12474,Woody Marks,RB,USC,HOU,,4429059,Woody Marks,RB,USC,2024,"cfbd_match_status=exact_match; identity_confidence=HIGH; candidate_source=unified_player_universe_review; candidate_player_id=12474; candidate_sleeper_id=12474; candidate_player_name=Woody Marks; candidate_team=HOU; name_score=100; position_match=true; blocker_reason=exact review candidate, but approved_by_human=false and CFBD remains review-only",2024 receiving|rushing: receiving: LONG=33; REC=47; TD=0 | rushing: CAR=198; LONG=65; TD=9,none,APPROVE_REVIEW_ONLY,,,false,true,false,false
13320,Zachariah Branch,WR,USC,ATL,,4870612,Zachariah Branch,WR,USC,2024|2025,"cfbd_match_status=exact_match; identity_confidence=HIGH; candidate_source=unified_player_universe_review; candidate_player_id=13320; candidate_sleeper_id=13320; candidate_player_name=Zachariah Branch; candidate_team=ATL; name_score=100; position_match=true; blocker_reason=exact review candidate, but approved_by_human=false and CFBD remains review-only",2024 receiving|rushing: receiving: LONG=42; REC=47; TD=1 | rushing: CAR=2; LONG=15; TD=0 || 2025 receiving|rushing: receiving: LONG=47; REC=81; TD=6 | rushing: CAR=4; LONG=10; TD=0,none,APPROVE_REVIEW_ONLY,,,false,true,false,false
13294,Makai Lemon,WR,USC,PHI,,4870795,Makai Lemon,WR,USC,2024|2025,"cfbd_match_status=exact_match; identity_confidence=HIGH; candidate_source=unified_player_universe_review; candidate_player_id=13294; candidate_sleeper_id=13294; candidate_player_name=Makai Lemon; candidate_team=PHI; name_score=100; position_match=true; blocker_reason=exact review candidate, but approved_by_human=false and CFBD remains review-only",2024 passing|receiving: passing: ATT=1; COMPLETIONS=1; INT=0 | receiving: LONG=70; REC=52; TD=3 || 2025 passing|receiving|rushing: passing: ATT=1; COMPLETIONS=1; INT=0 | receiving: LONG=74; REC=79; TD=11 | rushing: CAR=9; LONG=7; TD=2,none,APPROVE_REVIEW_ONLY,,,false,true,false,false
00-0040646,Jalen Royals,WR,Utah State,KC,,5082630,Jalen Royals,WR,Utah State,2024,"cfbd_match_status=exact_match; identity_confidence=HIGH; candidate_source=unified_player_universe_review; candidate_player_id=00-0040646; candidate_sleeper_id=00-0040646; candidate_player_name=Jalen Royals; candidate_team=KC; name_score=100; position_match=true; blocker_reason=exact review candidate, but approved_by_human=false and CFBD remains review-only",2024 receiving|rushing: receiving: LONG=75; REC=55; TD=6 | rushing: CAR=1; LONG=3; TD=0,none,APPROVE_REVIEW_ONLY,,,false,true,false,false
13418,Robert Henry Jr.,RB,UTSA,WAS,,5151317,Robert Henry Jr.,RB,UTSA,2024|2025,"cfbd_match_status=exact_match; identity_confidence=HIGH; candidate_source=unified_player_universe_review; candidate_player_id=13418; candidate_sleeper_id=13418; candidate_player_name=Robert Henry Jr.; candidate_team=WAS; name_score=100; position_match=true; blocker_reason=exact review candidate, but approved_by_human=false and CFBD remains review-only",2024 receiving|rushing: receiving: LONG=61; REC=21; TD=1 | rushing: CAR=130; LONG=88; TD=7 || 2025 receiving|rushing: receiving: LONG=74; REC=18; TD=2 | rushing: CAR=151; LONG=76; TD=9,none,APPROVE_REVIEW_ONLY,,,false,true,false,false
13349,Eli Stowers,TE,Vanderbilt,PHI,,4431574,Eli Stowers,TE,Vanderbilt,2024|2025,"cfbd_match_status=exact_match; identity_confidence=HIGH; candidate_source=unified_player_universe_review; candidate_player_id=13349; candidate_sleeper_id=13349; candidate_player_name=Eli Stowers; candidate_team=PHI; name_score=100; position_match=true; blocker_reason=exact review candidate, but approved_by_human=false and CFBD remains review-only",2024 passing|receiving|rushing: passing: ATT=2; COMPLETIONS=1; INT=0 | receiving: LONG=41; REC=49; TD=5 | rushing: CAR=6; LONG=9; TD=0 || 2025 receiving|rushing: receiving: LONG=67; REC=61; TD=4 | rushing: CAR=2; LONG=4; TD=0,none,APPROVE_REVIEW_ONLY,,,false,true,false,false
12509,Tre' Harris,WR,Virginia,LAC,,4912130,Trell Harris,WR,Virginia,2024|2025,cfbd_match_status=possible_candidate; identity_confidence=LOW; candidate_source=dynastyprocess_display_crosswalk; candidate_player_id=12509; candidate_sleeper_id=12509; candidate_player_name=Tre' Harris; candidate_team=LAC; name_score=90; position_match=true; blocker_reason=possible CFBD/NWR identity match requires human review,2024 receiving: receiving: LONG=45; REC=15; TD=2 || 2025 receiving: receiving: LONG=75; REC=59; TD=5,readiness_matrix_ambiguity_flag|possible_candidate_requires_review,DEFER,,,false,true,false,false
00-0040164,Jaylin Lane,WR,Virginia Tech,WAS,,4602667,Jaylin Lane,WR,Virginia Tech,2024,"cfbd_match_status=exact_match; identity_confidence=HIGH; candidate_source=unified_player_universe_review; candidate_player_id=00-0040164; candidate_sleeper_id=00-0040164; candidate_player_name=Jaylin Lane; candidate_team=WAS; name_score=100; position_match=true; blocker_reason=exact review candidate, but approved_by_human=false and CFBD remains review-only",2024 passing|receiving|rushing: passing: ATT=1; COMPLETIONS=1; INT=0 | receiving: LONG=66; REC=38; TD=2 | rushing: CAR=18; LONG=24; TD=2,none,APPROVE_REVIEW_ONLY,,,false,true,false,false
12490,Bhayshul Tuten,RB,Virginia Tech,JAX,,4882093,Bhayshul Tuten,RB,Virginia Tech,2024,"cfbd_match_status=exact_match; identity_confidence=HIGH; candidate_source=unified_player_universe_review; candidate_player_id=12490; candidate_sleeper_id=12490; candidate_player_name=Bhayshul Tuten; candidate_team=JAX; name_score=100; position_match=true; blocker_reason=exact review candidate, but approved_by_human=false and CFBD remains review-only",2024 receiving|rushing: receiving: LONG=22; REC=22; TD=2 | rushing: CAR=183; LONG=83; TD=15,none,APPROVE_REVIEW_ONLY,,,false,true,false,false
13347,Demond Claiborne,RB,Wake Forest,MIN,,4832846,Demond Claiborne,RB,Wake Forest,2024|2025,"cfbd_match_status=exact_match; identity_confidence=HIGH; candidate_source=unified_player_universe_review; candidate_player_id=13347; candidate_sleeper_id=13347; candidate_player_name=Demond Claiborne; candidate_team=MIN; name_score=100; position_match=true; blocker_reason=exact review candidate, but approved_by_human=false and CFBD remains review-only",2024 receiving|rushing: receiving: LONG=44; REC=23; TD=2 | rushing: CAR=228; LONG=60; TD=11 || 2025 receiving|rushing: receiving: LONG=21; REC=28; TD=0 | rushing: CAR=179; LONG=85; TD=10,none,APPROVE_REVIEW_ONLY,,,false,true,false,false
13345,Jonah Coleman,RB,Washington,DEN,,4702555,Jonah Coleman,RB,Washington,2024|2025,"cfbd_match_status=exact_match; identity_confidence=HIGH; candidate_source=unified_player_universe_review; candidate_player_id=13345; candidate_sleeper_id=13345; candidate_player_name=Jonah Coleman; candidate_team=DEN; name_score=100; position_match=true; blocker_reason=exact review candidate, but approved_by_human=false and CFBD remains review-only",2024 receiving|rushing: receiving: LONG=17; REC=23; TD=0 | rushing: CAR=193; LONG=64; TD=10 || 2025 receiving|rushing: receiving: LONG=45; REC=31; TD=2 | rushing: CAR=156; LONG=38; TD=15,none,APPROVE_REVIEW_ONLY,,,false,true,false,false
13346,Denzel Boston,WR,Washington,CLE,,4832800,Denzel Boston,WR,Washington,2024|2025,"cfbd_match_status=exact_match; identity_confidence=HIGH; candidate_source=unified_player_universe_review; candidate_player_id=13346; candidate_sleeper_id=13346; candidate_player_name=Denzel Boston; candidate_team=CLE; name_score=100; position_match=true; blocker_reason=exact review candidate, but approved_by_human=false and CFBD remains review-only",2024 receiving: receiving: LONG=51; REC=63; TD=9 || 2025 passing|receiving: passing: ATT=2; COMPLETIONS=2; INT=0 | receiving: LONG=78; REC=62; TD=11,none,APPROVE_REVIEW_ONLY,,,false,true,false,false
00-0040131,Kyle Williams,WR,Washington State,NE,,4613202,Kyle Williams,WR,Washington State,2024,"cfbd_match_status=exact_match; identity_confidence=HIGH; candidate_source=unified_player_universe_review; candidate_player_id=00-0040131; candidate_sleeper_id=00-0040131; candidate_player_name=Kyle Williams; candidate_team=NE; name_score=100; position_match=true; blocker_reason=exact review candidate, but approved_by_human=false and CFBD remains review-only",2024 receiving|rushing: receiving: LONG=66; REC=70; TD=14 | rushing: CAR=9; LONG=22; TD=0,none,APPROVE_REVIEW_ONLY,,,false,true,false,false
9494,Marvin Mims,WR,Western Kentucky,DEN,,5162646,Marvin Sims,WR,Western Kentucky,2024|2025,cfbd_match_status=possible_candidate; identity_confidence=LOW; candidate_source=dynastyprocess_display_crosswalk; candidate_player_id=9494; candidate_sleeper_id=9494; candidate_player_name=Marvin Mims; candidate_team=DEN; name_score=90; position_match=true; blocker_reason=possible CFBD/NWR identity match requires human review,2025 receiving|rushing: receiving: LONG=11; REC=2; TD=1 | rushing: CAR=1; LONG=14; TD=0,readiness_matrix_ambiguity_flag|possible_candidate_requires_review,DEFER,,,false,true,false,false
00-0038685,Chris Brooks,RB,Wisconsin,GB,,4917172,Chris Brooks Jr.,WR,Wisconsin,2024|2025,cfbd_match_status=possible_candidate; identity_confidence=LOW; candidate_source=unified_player_universe_review; candidate_player_id=00-0038685; candidate_sleeper_id=00-0038685; candidate_player_name=Chris Brooks; candidate_team=GB; name_score=95; position_match=false; blocker_reason=possible CFBD/NWR identity match requires human review,2024 receiving: receiving: LONG=27; REC=1; TD=0 || 2025 receiving: receiving: LONG=18; REC=11; TD=0,readiness_matrix_ambiguity_flag|possible_candidate_requires_review|position_mismatch_or_missing,DEFER,,,false,true,false,false
9224,Chase Brown,RB,Akron,CIN,,5087012,Chase Brown,DE,Akron,2025,cfbd_match_status=possible_candidate; identity_confidence=LOW; candidate_source=unified_player_universe_review; candidate_player_id=9224; candidate_sleeper_id=9224; candidate_player_name=Chase Brown; candidate_team=CIN; name_score=95; position_match=false; blocker_reason=possible CFBD/NWR identity match requires human review,Not enough information,readiness_matrix_ambiguity_flag|possible_candidate_requires_review|position_mismatch_or_missing,DEFER,,,false,true,false,false
13274,Germie Bernard,WR,Alabama,PIT,,4685261,Germie Bernard,WR,Alabama,2024|2025,"cfbd_match_status=exact_match; identity_confidence=HIGH; candidate_source=unified_player_universe_review; candidate_player_id=13274; candidate_sleeper_id=13274; candidate_player_name=Germie Bernard; candidate_team=PIT; name_score=100; position_match=true; blocker_reason=exact review candidate, but approved_by_human=false and CFBD remains review-only",2024 receiving|rushing: receiving: LONG=47; REC=50; TD=2 | rushing: CAR=4; LONG=13; TD=1 || 2025 passing|receiving|rushing: passing: ATT=2; COMPLETIONS=2; INT=0 | receiving: LONG=43; REC=64; TD=7 | rushing: CAR=18; LONG=25; TD=2,none,APPROVE_REVIEW_ONLY,,,false,true,false,false
6794,Justin Jefferson,WR,Alabama,MIN,,5150249,Justin Jefferson,LB,Alabama,2024|2025,cfbd_match_status=possible_candidate; identity_confidence=LOW; candidate_source=unified_player_universe_review; candidate_player_id=6794; candidate_sleeper_id=6794; candidate_player_name=Justin Jefferson; candidate_team=MIN; name_score=95; position_match=false; blocker_reason=possible CFBD/NWR identity match requires human review,Not enough information,readiness_matrix_ambiguity_flag|possible_candidate_requires_review|position_mismatch_or_missing,DEFER,,,false,true,false,false
13281,Jordyn Tyson,WR,Arizona State,NO,,4880281,Jordyn Tyson,WR,Arizona State,2024|2025,"cfbd_match_status=exact_match; identity_confidence=HIGH; candidate_source=unified_player_universe_review; candidate_player_id=13281; candidate_sleeper_id=13281; candidate_player_name=Jordyn Tyson; candidate_team=NO; name_score=100; position_match=true; blocker_reason=exact review candidate, but approved_by_human=false and CFBD remains review-only",2024 receiving|rushing: receiving: LONG=59; REC=75; TD=10 | rushing: CAR=1; LONG=1; TD=0 || 2025 passing|receiving|rushing: passing: ATT=1; COMPLETIONS=0; INT=0 | receiving: LONG=57; REC=61; TD=8 | rushing: CAR=2; LONG=3; TD=1,none,APPROVE_REVIEW_ONLY,,,false,true,false,false
13304,O'Mega Blake,WR,Charlotte,NEEDS_DATA,,4684173,O'Mega Blake,WR,Charlotte,2024|2025,"cfbd_match_status=exact_match; identity_confidence=HIGH; candidate_source=unified_player_universe_review; candidate_player_id=13304; candidate_sleeper_id=13304; candidate_player_name=O'Mega Blake; candidate_team=NEEDS_DATA; name_score=100; position_match=true; blocker_reason=exact review candidate, but approved_by_human=false and CFBD remains review-only",2024 receiving|rushing: receiving: LONG=75; REC=32; TD=9 | rushing: CAR=2; LONG=5; TD=0 || 2025 receiving: receiving: LONG=36; REC=57; TD=5,none,APPROVE_REVIEW_ONLY,,,false,true,false,false
00-0040131,Kyle Williams,WR,Arkansas State,NE,,5221050,Kyle Williams,CB,Arkansas State,2024|2025,cfbd_match_status=possible_candidate; identity_confidence=LOW; candidate_source=unified_player_universe_review; candidate_player_id=00-0040131; candidate_sleeper_id=00-0040131; candidate_player_name=Kyle Williams; candidate_team=NE; name_score=95; position_match=false; blocker_reason=possible CFBD/NWR identity match requires human review,Not enough information,readiness_matrix_ambiguity_flag|possible_candidate_requires_review|position_mismatch_or_missing,DEFER,,,false,true,false,false
11560,Caleb Williams,QB,Army,CHI,,5219412,Caleb Williams,S,Army,2024|2025,cfbd_match_status=possible_candidate; identity_confidence=LOW; candidate_source=unified_player_universe_review; candidate_player_id=11560; candidate_sleeper_id=11560; candidate_player_name=Caleb Williams; candidate_team=CHI; name_score=95; position_match=false; blocker_reason=possible CFBD/NWR identity match requires human review,Not enough information,readiness_matrix_ambiguity_flag|possible_candidate_requires_review|position_mismatch_or_missing,DEFER,,,false,true,false,false
13394,Josh Cameron,WR,Baylor,JAX,,4879194,Josh Cameron,WR,Baylor,2024|2025,cfbd_match_status=ambiguous; identity_confidence=MEDIUM; candidate_source=unified_player_universe_review; candidate_player_id=13394; candidate_sleeper_id=13394; candidate_player_name=Josh Cameron; candidate_team=JAX; name_score=100; position_match=true; blocker_reason=same-name or multi-candidate ambiguity requires human review,2024 receiving: receiving: LONG=47; REC=52; TD=10 || 2025 receiving: receiving: LONG=48; REC=69; TD=9,readiness_matrix_ambiguity_flag|cfbd_match_status_ambiguous,DEFER,,,false,true,false,false
,Josh Cameron,WR,Baylor,JAC,,4879194,Josh Cameron,WR,Baylor,2024|2025,cfbd_match_status=ambiguous; identity_confidence=MEDIUM; candidate_source=dynastyprocess_display_crosswalk; candidate_sleeper_id=nan; candidate_player_name=Josh Cameron; candidate_team=JAC; name_score=100; position_match=true; blocker_reason=same-name or multi-candidate ambiguity requires human review,2024 receiving: receiving: LONG=47; REC=52; TD=10 || 2025 receiving: receiving: LONG=48; REC=69; TD=9,readiness_matrix_ambiguity_flag|cfbd_match_status_ambiguous,DEFER,,,false,true,false,false
13541,Lewis Bond,WR,Boston College,HOU,,4683159,Lewis Bond,WR,Boston College,2024|2025,"cfbd_match_status=exact_match; identity_confidence=HIGH; candidate_source=unified_player_universe_review; candidate_player_id=13541; candidate_sleeper_id=13541; candidate_player_name=Lewis Bond; candidate_team=HOU; name_score=100; position_match=true; blocker_reason=exact review candidate, but approved_by_human=false and CFBD remains review-only",2024 receiving|rushing: receiving: LONG=49; REC=67; TD=3 | rushing: CAR=3; LONG=11; TD=0 || 2025 receiving|rushing: receiving: LONG=54; REC=89; TD=1 | rushing: CAR=4; LONG=7; TD=0,none,APPROVE_REVIEW_ONLY,,,false,true,false,false
13410,Chase Roberts,WR,BYU,LV,,4714388,Chase Roberts,WR,BYU,2024|2025,"cfbd_match_status=exact_match; identity_confidence=HIGH; candidate_source=unified_player_universe_review; candidate_player_id=13410; candidate_sleeper_id=13410; candidate_player_name=Chase Roberts; candidate_team=LV; name_score=100; position_match=true; blocker_reason=exact review candidate, but approved_by_human=false and CFBD remains review-only",2024 receiving|rushing: receiving: LONG=62; REC=50; TD=3 | rushing: CAR=6; LONG=7; TD=1 || 2025 receiving: receiving: LONG=85; REC=54; TD=6,none,APPROVE_REVIEW_ONLY,,,false,true,false,false
13904,Jacob De Jesus,WR,UNLV,NEEDS_DATA,,5155179,Jacob De Jesus,WR,UNLV,2024|2025,"cfbd_match_status=exact_match; identity_confidence=HIGH; candidate_source=unified_player_universe_review; candidate_player_id=13904; candidate_sleeper_id=13904; candidate_player_name=Jacob De Jesus; candidate_team=NEEDS_DATA; name_score=100; position_match=true; blocker_reason=exact review candidate, but approved_by_human=false and CFBD remains review-only",2024 receiving|rushing: receiving: LONG=43; REC=36; TD=3 | rushing: CAR=18; LONG=43; TD=0 || 2025 passing|receiving|rushing: passing: ATT=2; COMPLETIONS=1; INT=0 | receiving: LONG=41; REC=107; TD=6 | rushing: CAR=7; LONG=8; TD=0,none,APPROVE_REVIEW_ONLY,,,false,true,false,false
13302,Adam Randall,RB,Clemson,BAL,,4685526,Adam Randall,RB,Clemson,2024|2025,"cfbd_match_status=exact_match; identity_confidence=HIGH; candidate_source=unified_player_universe_review; candidate_player_id=13302; candidate_sleeper_id=13302; candidate_player_name=Adam Randall; candidate_team=BAL; name_score=100; position_match=true; blocker_reason=exact review candidate, but approved_by_human=false and CFBD remains review-only",2024 receiving|rushing: receiving: LONG=25; REC=16; TD=2 | rushing: CAR=4; LONG=41; TD=0 || 2025 receiving|rushing: receiving: LONG=35; REC=36; TD=3 | rushing: CAR=168; LONG=46; TD=10,none,APPROVE_REVIEW_ONLY,,,false,true,false,false
13301,Antonio Williams,WR,Clemson,WAS,,5081432,Antonio Williams,WR,Clemson,2024|2025,"cfbd_match_status=exact_match; identity_confidence=HIGH; candidate_source=unified_player_universe_review; candidate_player_id=13301; candidate_sleeper_id=13301; candidate_player_name=Antonio Williams; candidate_team=WAS; name_score=100; position_match=true; blocker_reason=exact review candidate, but approved_by_human=false and CFBD remains review-only",2024 passing|receiving|rushing: passing: ATT=2; COMPLETIONS=2; INT=0 | receiving: LONG=57; REC=74; TD=11 | rushing: CAR=7; LONG=36; TD=1 || 2025 passing|receiving|rushing: passing: ATT=1; COMPLETIONS=1; INT=0 | receiving: LONG=64; REC=55; TD=4 | rushing: CAR=13; LONG=24; TD=1,none,APPROVE_REVIEW_ONLY,,,false,true,false,false
5870,Daniel Jones,QB,Coastal Carolina,IND,,5146639,Daniel Jones,OL,Coastal Carolina,2024|2025,cfbd_match_status=possible_candidate; identity_confidence=LOW; candidate_source=unified_player_universe_review; candidate_player_id=5870; candidate_sleeper_id=5870; candidate_player_name=Daniel Jones; candidate_team=IND; name_score=95; position_match=false; blocker_reason=possible CFBD/NWR identity match requires human review,Not enough information,readiness_matrix_ambiguity_flag|possible_candidate_requires_review|position_mismatch_or_missing,DEFER,,,false,true,false,false
00-0035537,Ty Johnson,RB,East Carolina,BUF,,5226090,Ty Johnson,WR,East Carolina,2024|2025,cfbd_match_status=possible_candidate; identity_confidence=LOW; candidate_source=unified_player_universe_review; candidate_player_id=00-0035537; candidate_sleeper_id=00-0035537; candidate_player_name=Ty Johnson; candidate_team=BUF; name_score=95; position_match=false; blocker_reason=possible CFBD/NWR identity match requires human review,Not enough information,readiness_matrix_ambiguity_flag|possible_candidate_requires_review|position_mismatch_or_missing,DEFER,,,false,true,false,false
13291,Kejon Owens,RB,Florida International,MIN,,4431304,Kejon Owens,RB,Florida International,2024|2025,"cfbd_match_status=exact_match; identity_confidence=HIGH; candidate_source=unified_player_universe_review; candidate_player_id=13291; candidate_sleeper_id=13291; candidate_player_name=Kejon Owens; candidate_team=MIN; name_score=100; position_match=true; blocker_reason=exact review candidate, but approved_by_human=false and CFBD remains review-only",2024 receiving|rushing: receiving: LONG=29; REC=9; TD=0 | rushing: CAR=92; LONG=26; TD=5 || 2025 receiving|rushing: receiving: LONG=14; REC=18; TD=0 | rushing: CAR=213; LONG=84; TD=11,none,APPROVE_REVIEW_ONLY,,,false,true,false,false
7596,Elijah Moore,WR,Florida State,PHI,,5079539,Elijah Moore,WR,Florida State,2024|2025,"cfbd_match_status=exact_match; identity_confidence=HIGH; candidate_source=unified_player_universe_review; candidate_player_id=7596; candidate_sleeper_id=7596; candidate_player_name=Elijah Moore; candidate_team=PHI; name_score=100; position_match=true; blocker_reason=exact review candidate, but approved_by_human=false and CFBD remains review-only",2024 receiving: receiving: LONG=13; REC=2; TD=0 || 2025 receiving: receiving: LONG=19; REC=3; TD=0,none,APPROVE_REVIEW_ONLY,,,false,true,false,false
13320,Zachariah Branch,WR,USC,ATL,,4870612,Zachariah Branch,WR,USC,2024|2025,"cfbd_match_status=exact_match; identity_confidence=HIGH; candidate_source=unified_player_universe_review; candidate_player_id=13320; candidate_sleeper_id=13320; candidate_player_name=Zachariah Branch; candidate_team=ATL; name_score=100; position_match=true; blocker_reason=exact review candidate, but approved_by_human=false and CFBD remains review-only",2024 receiving|rushing: receiving: LONG=42; REC=47; TD=1 | rushing: CAR=2; LONG=15; TD=0 || 2025 receiving|rushing: receiving: LONG=47; REC=81; TD=6 | rushing: CAR=4; LONG=10; TD=0,none,APPROVE_REVIEW_ONLY,,,false,true,false,false
5859,A.J. Brown,WR,Ole Miss,PHI,,5150430,AJ Brown Sr.,DB,Ole Miss,2024|2025,cfbd_match_status=possible_candidate; identity_confidence=LOW; candidate_source=unified_player_universe_review; candidate_player_id=5859; candidate_sleeper_id=5859; candidate_player_name=A.J. Brown; candidate_team=PHI; name_score=95; position_match=false; blocker_reason=possible CFBD/NWR identity match requires human review,Not enough information,readiness_matrix_ambiguity_flag|possible_candidate_requires_review|position_mismatch_or_missing,DEFER,,,false,true,false,false
13946,Jamal Haynes,RB,Georgia Tech,CIN,,4611995,Jamal Haynes,RB,Georgia Tech,2024|2025,"cfbd_match_status=exact_match; identity_confidence=HIGH; candidate_source=unified_player_universe_review; candidate_player_id=13946; candidate_sleeper_id=13946; candidate_player_name=Jamal Haynes; candidate_team=CIN; name_score=100; position_match=true; blocker_reason=exact review candidate, but approved_by_human=false and CFBD remains review-only",2024 receiving|rushing: receiving: LONG=17; REC=27; TD=3 | rushing: CAR=168; LONG=68; TD=9 || 2025 receiving|rushing: receiving: LONG=34; REC=33; TD=0 | rushing: CAR=124; LONG=47; TD=5,none,APPROVE_REVIEW_ONLY,,,false,true,false,false
4983,DJ Moore,WR,Georgia Tech,BUF,,4840124,D.J. Moore,DB,Georgia Tech,2024|2025,cfbd_match_status=possible_candidate; identity_confidence=LOW; candidate_source=unified_player_universe_review; candidate_player_id=4983; candidate_sleeper_id=4983; candidate_player_name=DJ Moore; candidate_team=BUF; name_score=95; position_match=false; blocker_reason=possible CFBD/NWR identity match requires human review,Not enough information,readiness_matrix_ambiguity_flag|possible_candidate_requires_review|position_mismatch_or_missing,DEFER,,,false,true,false,false
13776,Hank Beatty,WR,Illinois,TEN,,4814930,Hank Beatty,WR,Illinois,2024|2025,"cfbd_match_status=exact_match; identity_confidence=HIGH; candidate_source=unified_player_universe_review; candidate_player_id=13776; candidate_sleeper_id=13776; candidate_player_name=Hank Beatty; candidate_team=TEN; name_score=100; position_match=true; blocker_reason=exact review candidate, but approved_by_human=false and CFBD remains review-only",2024 receiving|rushing: receiving: LONG=59; REC=20; TD=1 | rushing: CAR=1; LONG=11; TD=0 || 2025 passing|receiving|rushing: passing: ATT=3; COMPLETIONS=2; INT=0 | receiving: LONG=62; REC=70; TD=3 | rushing: CAR=4; LONG=25; TD=1,none,APPROVE_REVIEW_ONLY,,,false,true,false,false
13416,Roman Hemby,RB,Maryland,LV,,4688835,Roman Hemby,RB,Maryland,2024|2025,"cfbd_match_status=exact_match; identity_confidence=HIGH; candidate_source=unified_player_universe_review; candidate_player_id=13416; candidate_sleeper_id=13416; candidate_player_name=Roman Hemby; candidate_team=LV; name_score=100; position_match=true; blocker_reason=exact review candidate, but approved_by_human=false and CFBD remains review-only",2024 receiving|rushing: receiving: LONG=32; REC=40; TD=1 | rushing: CAR=134; LONG=75; TD=6 || 2025 receiving|rushing: receiving: LONG=26; REC=17; TD=0 | rushing: CAR=230; LONG=82; TD=7,none,APPROVE_REVIEW_ONLY,,,false,true,false,false
13414,Kaelon Black,RB,Indiana,SF,,4696044,Kaelon Black,RB,Indiana,2024|2025,"cfbd_match_status=exact_match; identity_confidence=HIGH; candidate_source=unified_player_universe_review; candidate_player_id=13414; candidate_sleeper_id=13414; candidate_player_name=Kaelon Black; candidate_team=SF; name_score=100; position_match=true; blocker_reason=exact review candidate, but approved_by_human=false and CFBD remains review-only",2024 receiving|rushing: receiving: LONG=8; REC=4; TD=0 | rushing: CAR=46; LONG=21; TD=2 || 2025 receiving|rushing: receiving: LONG=11; REC=4; TD=0 | rushing: CAR=187; LONG=40; TD=10,none,APPROVE_REVIEW_ONLY,,,false,true,false,false
13276,Omar Cooper,WR,Indiana,NYJ,,4723820,Omar Cooper Jr.,WR,Indiana,2024|2025,"cfbd_match_status=exact_match; identity_confidence=HIGH; candidate_source=unified_player_universe_review; candidate_player_id=13276; candidate_sleeper_id=13276; candidate_player_name=Omar Cooper; candidate_team=NYJ; name_score=100; position_match=true; blocker_reason=exact review candidate, but approved_by_human=false and CFBD remains review-only",2024 receiving|rushing: receiving: LONG=69; REC=28; TD=7 | rushing: CAR=2; LONG=16; TD=1 || 2025 receiving|rushing: receiving: LONG=58; REC=70; TD=13 | rushing: CAR=3; LONG=75; TD=1,none,APPROVE_REVIEW_ONLY,,,false,true,false,false
13268,Elijah Sarratt,WR,Indiana,BAL,,5088338,Elijah Sarratt,WR,Indiana,2024|2025,"cfbd_match_status=exact_match; identity_confidence=HIGH; candidate_source=unified_player_universe_review; candidate_player_id=13268; candidate_sleeper_id=13268; candidate_player_name=Elijah Sarratt; candidate_team=BAL; name_score=100; position_match=true; blocker_reason=exact review candidate, but approved_by_human=false and CFBD remains review-only",2024 receiving: receiving: LONG=84; REC=53; TD=8 || 2025 receiving: receiving: LONG=49; REC=64; TD=15,none,APPROVE_REVIEW_ONLY,,,false,true,false,false
13313,Emmanuel Henderson,WR,Alabama,SEA,,4685381,Emmanuel Henderson Jr.,WR,Alabama,2024|2025,"cfbd_match_status=exact_match; identity_confidence=HIGH; candidate_source=unified_player_universe_review; candidate_player_id=13313; candidate_sleeper_id=13313; candidate_player_name=Emmanuel Henderson; candidate_team=SEA; name_score=100; position_match=true; blocker_reason=exact review candidate, but approved_by_human=false and CFBD remains review-only",2024 receiving: receiving: LONG=34; REC=4; TD=0 || 2025 receiving|rushing: receiving: LONG=93; REC=45; TD=5 | rushing: CAR=4; LONG=9; TD=0,none,APPROVE_REVIEW_ONLY,,,false,true,false,false
13424,Seth McGowan,RB,New Mexico State,IND,,4686468,Seth McGowan,RB,New Mexico State,2024|2025,"cfbd_match_status=exact_match; identity_confidence=HIGH; candidate_source=unified_player_universe_review; candidate_player_id=13424; candidate_sleeper_id=13424; candidate_player_name=Seth McGowan; candidate_team=IND; name_score=100; position_match=true; blocker_reason=exact review candidate, but approved_by_human=false and CFBD remains review-only",2024 receiving|rushing: receiving: LONG=43; REC=23; TD=3 | rushing: CAR=153; LONG=38; TD=3 || 2025 receiving|rushing: receiving: LONG=17; REC=19; TD=0 | rushing: CAR=165; LONG=20; TD=12,none,APPROVE_REVIEW_ONLY,,,false,true,false,false
8154,Brian Robinson,RB,Kentucky,ATL,,5079694,Brian Robinson,DL,Kentucky,2024|2025,cfbd_match_status=possible_candidate; identity_confidence=LOW; candidate_source=unified_player_universe_review; candidate_player_id=8154; candidate_sleeper_id=8154; candidate_player_name=Brian Robinson; candidate_team=ATL; name_score=95; position_match=false; blocker_reason=possible CFBD/NWR identity match requires human review,Not enough information,readiness_matrix_ambiguity_flag|possible_candidate_requires_review|position_mismatch_or_missing,DEFER,,,false,true,false,false
13826,Caullin Lacy,WR,Louisville,NYJ,,4430185,Caullin Lacy,WR,Louisville,2024|2025,"cfbd_match_status=exact_match; identity_confidence=HIGH; candidate_source=unified_player_universe_review; candidate_player_id=13826; candidate_sleeper_id=13826; candidate_player_name=Caullin Lacy; candidate_team=NYJ; name_score=100; position_match=true; blocker_reason=exact review candidate, but approved_by_human=false and CFBD remains review-only",2024 receiving|rushing: receiving: LONG=34; REC=18; TD=1 | rushing: CAR=5; LONG=9; TD=1 || 2025 passing|receiving|rushing: passing: ATT=1; COMPLETIONS=1; INT=0 | receiving: LONG=48; REC=60; TD=2 | rushing: CAR=15; LONG=11; TD=0,none,APPROVE_REVIEW_ONLY,,,false,true,false,false
13311,Chris Bell,WR,Louisville,MIA,,4869961,Chris Bell,WR,Louisville,2024|2025,"cfbd_match_status=exact_match; identity_confidence=HIGH; candidate_source=unified_player_universe_review; candidate_player_id=13311; candidate_sleeper_id=13311; candidate_player_name=Chris Bell; candidate_team=MIA; name_score=100; position_match=true; blocker_reason=exact review candidate, but approved_by_human=false and CFBD remains review-only",2024 receiving|rushing: receiving: LONG=68; REC=43; TD=4 | rushing: CAR=2; LONG=47; TD=0 || 2025 receiving: receiving: LONG=64; REC=72; TD=6,none,APPROVE_REVIEW_ONLY,,,false,true,false,false
13533,Barion Brown,WR,Kentucky,NO,,4698597,Barion Brown,WR,Kentucky,2024|2025,"cfbd_match_status=exact_match; identity_confidence=HIGH; candidate_source=unified_player_universe_review; candidate_player_id=13533; candidate_sleeper_id=13533; candidate_player_name=Barion Brown; candidate_team=NO; name_score=100; position_match=true; blocker_reason=exact review candidate, but approved_by_human=false and CFBD remains review-only",2024 receiving|rushing: receiving: LONG=63; REC=29; TD=3 | rushing: CAR=13; LONG=23; TD=1 || 2025 receiving|rushing: receiving: LONG=41; REC=53; TD=1 | rushing: CAR=3; LONG=15; TD=0,none,APPROVE_REVIEW_ONLY,,,false,true,false,false
11610,Malik Washington,WR,Maryland,MIA,,5141695,Malik Washington,QB,Maryland,2025,cfbd_match_status=possible_candidate; identity_confidence=LOW; candidate_source=unified_player_universe_review; candidate_player_id=11610; candidate_sleeper_id=11610; candidate_player_name=Malik Washington; candidate_team=MIA; name_score=95; position_match=false; blocker_reason=possible CFBD/NWR identity match requires human review,2025 passing|rushing: passing: ATT=473; COMPLETIONS=273; INT=9 | rushing: CAR=55; LONG=73; TD=4,readiness_matrix_ambiguity_flag|possible_candidate_requires_review|position_mismatch_or_missing,DEFER,,,false,true,false,false
13409,Donaven Mcculley,WR,Indiana,MIA,,4596347,Donaven McCulley,WR,Indiana,2024|2025,"cfbd_match_status=exact_match; identity_confidence=HIGH; candidate_source=unified_player_universe_review; candidate_player_id=13409; candidate_sleeper_id=13409; candidate_player_name=Donaven Mcculley; candidate_team=MIA; name_score=100; position_match=true; blocker_reason=exact review candidate, but approved_by_human=false and CFBD remains review-only",2024 receiving: receiving: LONG=12; REC=2; TD=1 || 2025 passing|receiving|rushing: passing: ATT=1; COMPLETIONS=0; INT=0 | receiving: LONG=44; REC=39; TD=3 | rushing: CAR=2; LONG=11; TD=0,none,APPROVE_REVIEW_ONLY,,,false,true,false,false
00-0036040,Juwan Johnson,TE,Minnesota,NO,,5144785,Julian Johnson,TE,Minnesota,2024|2025,cfbd_match_status=possible_candidate; identity_confidence=LOW; candidate_source=unified_player_universe_consolidated; candidate_player_id=00-0036040; candidate_sleeper_id=00-0036040; candidate_player_name=Juwan Johnson; candidate_team=NO; name_score=88; position_match=true; blocker_reason=possible CFBD/NWR identity match requires human review,2025 receiving: receiving: LONG=5; REC=1; TD=0,readiness_matrix_ambiguity_flag|possible_candidate_requires_review,DEFER,,,false,true,false,false
13380,Brenen Thompson,WR,Oklahoma,LAC,,4685553,Brenen Thompson,WR,Oklahoma,2024|2025,"cfbd_match_status=exact_match; identity_confidence=HIGH; candidate_source=unified_player_universe_review; candidate_player_id=13380; candidate_sleeper_id=13380; candidate_player_name=Brenen Thompson; candidate_team=LAC; name_score=100; position_match=true; blocker_reason=exact review candidate, but approved_by_human=false and CFBD remains review-only",2024 passing|receiving: passing: ATT=1; COMPLETIONS=0; INT=0 | receiving: LONG=54; REC=19; TD=2 || 2025 receiving|rushing: receiving: LONG=58; REC=57; TD=6 | rushing: CAR=4; LONG=10; TD=1,none,APPROVE_REVIEW_ONLY,,,false,true,false,false
13338,Kevin Coleman,WR,Mississippi State,MIA,,4685307,Kevin Coleman Jr.,WR,Mississippi State,2024|2025,"cfbd_match_status=exact_match; identity_confidence=HIGH; candidate_source=unified_player_universe_review; candidate_player_id=13338; candidate_sleeper_id=13338; candidate_player_name=Kevin Coleman; candidate_team=MIA; name_score=100; position_match=true; blocker_reason=exact review candidate, but approved_by_human=false and CFBD remains review-only",2024 receiving|rushing: receiving: LONG=80; REC=69; TD=5 | rushing: CAR=4; LONG=9; TD=0 || 2025 receiving|rushing: receiving: LONG=50; REC=66; TD=1 | rushing: CAR=9; LONG=34; TD=0,none,APPROVE_REVIEW_ONLY,,,false,true,false,false
13337,Emmett Johnson,RB,Nebraska,KC,,4832955,Emmett Johnson,RB,Nebraska,2024|2025,"cfbd_match_status=exact_match; identity_confidence=HIGH; candidate_source=unified_player_universe_review; candidate_player_id=13337; candidate_sleeper_id=13337; candidate_player_name=Emmett Johnson; candidate_team=KC; name_score=100; position_match=true; blocker_reason=exact review candidate, but approved_by_human=false and CFBD remains review-only",2024 receiving|rushing: receiving: LONG=29; REC=38; TD=2 | rushing: CAR=117; LONG=42; TD=1 || 2025 receiving|rushing: receiving: LONG=56; REC=46; TD=3 | rushing: CAR=251; LONG=70; TD=12,none,APPROVE_REVIEW_ONLY,,,false,true,false,false
5859,A.J. Brown,WR,North Texas,PHI,,5295996,AJ Brown,DL,North Texas,2025,cfbd_match_status=possible_candidate; identity_confidence=LOW; candidate_source=unified_player_universe_review; candidate_player_id=5859; candidate_sleeper_id=5859; candidate_player_name=A.J. Brown; candidate_team=PHI; name_score=95; position_match=false; blocker_reason=possible CFBD/NWR identity match requires human review,Not enough information,readiness_matrix_ambiguity_flag|possible_candidate_requires_review|position_mismatch_or_missing,DEFER,,,false,true,false,false
7525,DeVonta Smith,WR,Alabama,PHI,,4594449,DeVonta Smith,CB,Alabama,2024|2025,cfbd_match_status=possible_candidate; identity_confidence=LOW; candidate_source=unified_player_universe_review; candidate_player_id=7525; candidate_sleeper_id=7525; candidate_player_name=DeVonta Smith; candidate_team=PHI; name_score=95; position_match=false; blocker_reason=possible CFBD/NWR identity match requires human review,Not enough information,readiness_matrix_ambiguity_flag|possible_candidate_requires_review|position_mismatch_or_missing,DEFER,,,false,true,false,false
13286,Jadarian Price,RB,Notre Dame,SEA,,4685512,Jadarian Price,RB,Notre Dame,2024|2025,"cfbd_match_status=exact_match; identity_confidence=HIGH; candidate_source=unified_player_universe_review; candidate_player_id=13286; candidate_sleeper_id=13286; candidate_player_name=Jadarian Price; candidate_team=SEA; name_score=100; position_match=true; blocker_reason=exact review candidate, but approved_by_human=false and CFBD remains review-only",2024 receiving|rushing: receiving: LONG=8; REC=4; TD=0 | rushing: CAR=120; LONG=70; TD=7 || 2025 receiving|rushing: receiving: LONG=35; REC=6; TD=2 | rushing: CAR=113; LONG=58; TD=11,none,APPROVE_REVIEW_ONLY,,,false,true,false,false
13287,Jeremiyah Love,RB,Notre Dame,ARI,,4870808,Jeremiyah Love,RB,Notre Dame,2024|2025,"cfbd_match_status=exact_match; identity_confidence=HIGH; candidate_source=unified_player_universe_review; candidate_player_id=13287; candidate_sleeper_id=13287; candidate_player_name=Jeremiyah Love; candidate_team=ARI; name_score=100; position_match=true; blocker_reason=exact review candidate, but approved_by_human=false and CFBD remains review-only",2024 receiving|rushing: receiving: LONG=32; REC=28; TD=2 | rushing: CAR=163; LONG=98; TD=17 || 2025 receiving|rushing: receiving: LONG=36; REC=27; TD=3 | rushing: CAR=199; LONG=94; TD=18,none,APPROVE_REVIEW_ONLY,,,false,true,false,false
00-0039150,Bryce Young,QB,Notre Dame,CAR,,5112630,Bryce Young,DL,Notre Dame,2024|2025,cfbd_match_status=possible_candidate; identity_confidence=LOW; candidate_source=unified_player_universe_review; candidate_player_id=00-0039150; candidate_sleeper_id=00-0039150; candidate_player_name=Bryce Young; candidate_team=CAR; name_score=95; position_match=false; blocker_reason=possible CFBD/NWR identity match requires human review,Not enough information,readiness_matrix_ambiguity_flag|possible_candidate_requires_review|position_mismatch_or_missing,DEFER,,,false,true,false,false
9756,Jordan Addison,WR,Notre Dame,MIN,,5150424,Jordan Faison,WR,Notre Dame,2024|2025,cfbd_match_status=possible_candidate; identity_confidence=LOW; candidate_source=dynastyprocess_display_crosswalk; candidate_player_id=9756; candidate_sleeper_id=9756; candidate_player_name=Jordan Addison; candidate_team=MIN; name_score=88; position_match=true; blocker_reason=possible CFBD/NWR identity match requires human review,2024 receiving|rushing: receiving: LONG=44; REC=30; TD=1 | rushing: CAR=3; LONG=6; TD=0 || 2025 passing|receiving|rushing: passing: ATT=1; COMPLETIONS=1; INT=0 | receiving: LONG=54; REC=49; TD=4 | rushing: CAR=1; LONG=0; TD=0,readiness_matrix_ambiguity_flag|possible_candidate_requires_review,DEFER,,,false,true,false,false
,Sieh Bangura,RB,Minnesota,NEEDS_DATA,,4431499,Sieh Bangura,RB,Minnesota,2024|2025,"cfbd_match_status=exact_match; identity_confidence=HIGH; candidate_source=unified_player_universe_review; candidate_player_name=Sieh Bangura; candidate_team=NEEDS_DATA; name_score=100; position_match=true; blocker_reason=exact review candidate, but approved_by_human=false and CFBD remains review-only",2024 rushing: rushing: CAR=4; LONG=6; TD=0 || 2025 receiving|rushing: receiving: LONG=11; REC=13; TD=0 | rushing: CAR=240; LONG=49; TD=15,none,APPROVE_REVIEW_ONLY,,,false,true,false,false
13279,Carnell Tate,WR,Ohio State,TEN,,4871023,Carnell Tate,WR,Ohio State,2024|2025,"cfbd_match_status=exact_match; identity_confidence=HIGH; candidate_source=unified_player_universe_review; candidate_player_id=13279; candidate_sleeper_id=13279; candidate_player_name=Carnell Tate; candidate_team=TEN; name_score=100; position_match=true; blocker_reason=exact review candidate, but approved_by_human=false and CFBD remains review-only",2024 receiving|rushing: receiving: LONG=40; REC=52; TD=4 | rushing: CAR=0; LONG=6; TD=0 || 2025 receiving|rushing: receiving: LONG=57; REC=51; TD=9 | rushing: CAR=2; LONG=8; TD=0,none,APPROVE_REVIEW_ONLY,,,false,true,false,false
13333,Deion Burks,WR,Oklahoma,IND,,4683151,Deion Burks,WR,Oklahoma,2024|2025,"cfbd_match_status=exact_match; identity_confidence=HIGH; candidate_source=unified_player_universe_review; candidate_player_id=13333; candidate_sleeper_id=13333; candidate_player_name=Deion Burks; candidate_team=IND; name_score=100; position_match=true; blocker_reason=exact review candidate, but approved_by_human=false and CFBD remains review-only",2024 receiving|rushing: receiving: LONG=20; REC=31; TD=3 | rushing: CAR=5; LONG=11; TD=0 || 2025 receiving|rushing: receiving: LONG=45; REC=57; TD=4 | rushing: CAR=6; LONG=12; TD=0,none,APPROVE_REVIEW_ONLY,,,false,true,false,false
13356,Trebor Pena,WR,Syracuse,JAC,,4575862,Trebor Pena,WR,Syracuse,2024|2025,"cfbd_match_status=exact_match; identity_confidence=HIGH; candidate_source=unified_player_universe_review; candidate_player_id=13356; candidate_sleeper_id=13356; candidate_player_name=Trebor Pena; candidate_team=JAC; name_score=100; position_match=true; blocker_reason=exact review candidate, but approved_by_human=false and CFBD remains review-only",2024 passing|receiving|rushing: passing: ATT=1; COMPLETIONS=0; INT=0 | receiving: LONG=50; REC=84; TD=9 | rushing: CAR=12; LONG=17; TD=1 || 2025 receiving|rushing: receiving: LONG=73; REC=49; TD=2 | rushing: CAR=11; LONG=16; TD=0,none,APPROVE_REVIEW_ONLY,,,false,true,false,false
13405,Kaytron Allen,RB,Penn State,WAS,,4685246,Kaytron Allen,RB,Penn State,2024|2025,"cfbd_match_status=exact_match; identity_confidence=HIGH; candidate_source=unified_player_universe_review; candidate_player_id=13405; candidate_sleeper_id=13405; candidate_player_name=Kaytron Allen; candidate_team=WAS; name_score=100; position_match=true; blocker_reason=exact review candidate, but approved_by_human=false and CFBD remains review-only",2024 receiving|rushing: receiving: LONG=20; REC=18; TD=2 | rushing: CAR=220; LONG=32; TD=8 || 2025 receiving|rushing: receiving: LONG=11; REC=18; TD=0 | rushing: CAR=210; LONG=67; TD=15,none,APPROVE_REVIEW_ONLY,,,false,true,false,false
13288,Nicholas Singleton,RB,Penn State,TEN,,4685555,Nicholas Singleton,RB,Penn State,2024|2025,"cfbd_match_status=exact_match; identity_confidence=HIGH; candidate_source=unified_player_universe_review; candidate_player_id=13288; candidate_sleeper_id=13288; candidate_player_name=Nicholas Singleton; candidate_team=TEN; name_score=100; position_match=true; blocker_reason=exact review candidate, but approved_by_human=false and CFBD remains review-only",2024 receiving|rushing: receiving: LONG=27; REC=41; TD=5 | rushing: CAR=172; LONG=58; TD=12 || 2025 receiving|rushing: receiving: LONG=50; REC=24; TD=1 | rushing: CAR=123; LONG=59; TD=13,none,APPROVE_REVIEW_ONLY,,,false,true,false,false
11560,Caleb Williams,QB,Pittsburgh,CHI,,5154304,Caleb Williams,RB,Pittsburgh,2024|2025,cfbd_match_status=possible_candidate; identity_confidence=LOW; candidate_source=unified_player_universe_review; candidate_player_id=11560; candidate_sleeper_id=11560; candidate_player_name=Caleb Williams; candidate_team=CHI; name_score=95; position_match=false; blocker_reason=possible CFBD/NWR identity match requires human review,2025 receiving|rushing: receiving: LONG=0; REC=2; TD=0 | rushing: CAR=7; LONG=4; TD=0,readiness_matrix_ambiguity_flag|possible_candidate_requires_review|position_mismatch_or_missing,DEFER,,,false,true,false,false
13325,Jordan Hudson,WR,SMU,DAL,,4685409,Jordan Hudson,WR,SMU,2024|2025,"cfbd_match_status=exact_match; identity_confidence=HIGH; candidate_source=unified_player_universe_review; candidate_player_id=13325; candidate_sleeper_id=13325; candidate_player_name=Jordan Hudson; candidate_team=DAL; name_score=100; position_match=true; blocker_reason=exact review candidate, but approved_by_human=false and CFBD remains review-only",2024 receiving|rushing: receiving: LONG=42; REC=39; TD=5 | rushing: CAR=1; LONG=8; TD=0 || 2025 receiving|rushing: receiving: LONG=70; REC=61; TD=6 | rushing: CAR=1; LONG=6; TD=0,none,APPROVE_REVIEW_ONLY,,,false,true,false,false
13436,Kentrel Bullock,RB,South Alabama,CIN,,4430992,Kentrel Bullock,RB,South Alabama,2024|2025,"cfbd_match_status=exact_match; identity_confidence=HIGH; candidate_source=unified_player_universe_review; candidate_player_id=13436; candidate_sleeper_id=13436; candidate_player_name=Kentrel Bullock; candidate_team=CIN; name_score=100; position_match=true; blocker_reason=exact review candidate, but approved_by_human=false and CFBD remains review-only",2024 receiving|rushing: receiving: LONG=28; REC=15; TD=1 | rushing: CAR=152; LONG=59; TD=7 || 2025 receiving|rushing: receiving: LONG=15; REC=14; TD=1 | rushing: CAR=218; LONG=64; TD=14,none,APPROVE_REVIEW_ONLY,,,false,true,false,false
,Devin Voisin,WR,South Alabama,NEEDS_DATA,,4570507,Devin Voisin,WR,South Alabama,2024|2025,"cfbd_match_status=exact_match; identity_confidence=HIGH; candidate_source=unified_player_universe_review; candidate_player_name=Devin Voisin; candidate_team=NEEDS_DATA; name_score=100; position_match=true; blocker_reason=exact review candidate, but approved_by_human=false and CFBD remains review-only",2024 receiving: receiving: LONG=28; REC=34; TD=0 || 2025 receiving: receiving: LONG=65; REC=67; TD=4,none,APPROVE_REVIEW_ONLY,,,false,true,false,false
11560,Caleb Williams,QB,South Carolina,CHI,,5142607,Caleb Williams,DT,South Carolina,2025,cfbd_match_status=possible_candidate; identity_confidence=LOW; candidate_source=unified_player_universe_review; candidate_player_id=11560; candidate_sleeper_id=11560; candidate_player_name=Caleb Williams; candidate_team=CHI; name_score=95; position_match=false; blocker_reason=possible CFBD/NWR identity match requires human review,Not enough information,readiness_matrix_ambiguity_flag|possible_candidate_requires_review|position_mismatch_or_missing,DEFER,,,false,true,false,false
13322,Sam Roush,TE,Stanford,CHI,,4685504,Sam Roush,TE,Stanford,2024|2025,"cfbd_match_status=exact_match; identity_confidence=HIGH; candidate_source=unified_player_universe_review; candidate_player_id=13322; candidate_sleeper_id=13322; candidate_player_name=Sam Roush; candidate_team=CHI; name_score=100; position_match=true; blocker_reason=exact review candidate, but approved_by_human=false and CFBD remains review-only",2024 receiving: receiving: LONG=28; REC=40; TD=2 || 2025 receiving: receiving: LONG=69; REC=49; TD=2,none,APPROVE_REVIEW_ONLY,,,false,true,false,false
13354,Eric McAlister,WR,TCU,FA,,4602185,Eric McAlister,WR,TCU,2024|2025,"cfbd_match_status=exact_match; identity_confidence=HIGH; candidate_source=unified_player_universe_review; candidate_player_id=13354; candidate_sleeper_id=13354; candidate_player_name=Eric McAlister; candidate_team=FA; name_score=100; position_match=true; blocker_reason=exact review candidate, but approved_by_human=false and CFBD remains review-only",2024 receiving: receiving: LONG=84; REC=39; TD=5 || 2025 receiving: receiving: LONG=85; REC=72; TD=10,none,APPROVE_REVIEW_ONLY,,,false,true,false,false
,Braylon James,WR,TCU,NEEDS_DATA,,4870809,Braylon James,WR,TCU,2024|2025,"cfbd_match_status=exact_match; identity_confidence=HIGH; candidate_source=unified_player_universe_review; candidate_player_name=Braylon James; candidate_team=NEEDS_DATA; name_score=100; position_match=true; blocker_reason=exact review candidate, but approved_by_human=false and CFBD remains review-only",2024 receiving: receiving: LONG=5; REC=3; TD=0,none,APPROVE_REVIEW_ONLY,,,false,true,false,false
13353,Chris Brazzell,WR,Tennessee,CAR,,5091739,Chris Brazzell II,WR,Tennessee,2024|2025,"cfbd_match_status=exact_match; identity_confidence=HIGH; candidate_source=unified_player_universe_review; candidate_player_id=13353; candidate_sleeper_id=13353; candidate_player_name=Chris Brazzell; candidate_team=CAR; name_score=100; position_match=true; blocker_reason=exact review candidate, but approved_by_human=false and CFBD remains review-only",2024 receiving: receiving: LONG=53; REC=29; TD=2 || 2025 receiving: receiving: LONG=72; REC=62; TD=9,none,APPROVE_REVIEW_ONLY,,,false,true,false,false
13298,KC Concepcion,WR,NC State,CLE,,4870653,KC Concepcion,WR,NC State,2024|2025,"cfbd_match_status=exact_match; identity_confidence=HIGH; candidate_source=unified_player_universe_review; candidate_player_id=13298; candidate_sleeper_id=13298; candidate_player_name=KC Concepcion; candidate_team=CLE; name_score=100; position_match=true; blocker_reason=exact review candidate, but approved_by_human=false and CFBD remains review-only",2024 passing|receiving|rushing: passing: ATT=1; COMPLETIONS=1; INT=0 | receiving: LONG=42; REC=53; TD=6 | rushing: CAR=19; LONG=9; TD=2 || 2025 receiving|rushing: receiving: LONG=48; REC=61; TD=9 | rushing: CAR=10; LONG=16; TD=1,none,APPROVE_REVIEW_ONLY,,,false,true,false,false
00-0038128,Malik Willis,QB,Texas State,MIA,,5157120,Malik Willis,CB,Texas State,2025,cfbd_match_status=possible_candidate; identity_confidence=LOW; candidate_source=unified_player_universe_review; candidate_player_id=00-0038128; candidate_sleeper_id=00-0038128; candidate_player_name=Malik Willis; candidate_team=MIA; name_score=95; position_match=false; blocker_reason=possible CFBD/NWR identity match requires human review,Not enough information,readiness_matrix_ambiguity_flag|possible_candidate_requires_review|position_mismatch_or_missing,DEFER,,,false,true,false,false
28114,Chip Trayanum,RB,Kentucky,NEEDS_DATA,,4430893,Chip Trayanum,RB,Kentucky,2024|2025,cfbd_match_status=ambiguous; identity_confidence=MEDIUM; candidate_source=unified_player_universe_review; candidate_player_id=28114; candidate_sleeper_id=28114; candidate_player_name=Chip Trayanum; candidate_team=NEEDS_DATA; name_score=100; position_match=true; blocker_reason=same-name or multi-candidate ambiguity requires human review,2024 rushing: rushing: CAR=12; LONG=17; TD=0 || 2025 receiving|rushing: receiving: LONG=57; REC=21; TD=2 | rushing: CAR=182; LONG=75; TD=12,readiness_matrix_ambiguity_flag|cfbd_match_status_ambiguous,DEFER,,,false,true,false,false
,Chip Trayanum,RB,Kentucky,NEEDS_DATA,,4430893,Chip Trayanum,RB,Kentucky,2024|2025,cfbd_match_status=ambiguous; identity_confidence=MEDIUM; candidate_source=unified_player_universe_review; candidate_player_id=28114; candidate_sleeper_id=28114; candidate_player_name=Chip Trayanum; candidate_team=NEEDS_DATA; name_score=100; position_match=true; blocker_reason=same-name or multi-candidate ambiguity requires human review,2024 rushing: rushing: CAR=12; LONG=17; TD=0 || 2025 receiving|rushing: receiving: LONG=57; REC=21; TD=2 | rushing: CAR=182; LONG=75; TD=12,readiness_matrix_ambiguity_flag|cfbd_match_status_ambiguous,DEFER,,,false,true,false,false
13725,Dominic Richardson,RB,Baylor,DAL,,4430689,Dominic Richardson,RB,Baylor,2024|2025,"cfbd_match_status=exact_match; identity_confidence=HIGH; candidate_source=unified_player_universe_review; candidate_player_id=13725; candidate_sleeper_id=13725; candidate_player_name=Dominic Richardson; candidate_team=DAL; name_score=100; position_match=true; blocker_reason=exact review candidate, but approved_by_human=false and CFBD remains review-only",2024 receiving|rushing: receiving: LONG=19; REC=1; TD=0 | rushing: CAR=31; LONG=10; TD=0 || 2025 receiving|rushing: receiving: LONG=22; REC=20; TD=0 | rushing: CAR=212; LONG=57; TD=5,none,APPROVE_REVIEW_ONLY,,,false,true,false,false
5859,A.J. Brown,WR,UAB,PHI,,5082374,AJ Brown,S,UAB,2024|2025,cfbd_match_status=possible_candidate; identity_confidence=LOW; candidate_source=unified_player_universe_review; candidate_player_id=5859; candidate_sleeper_id=5859; candidate_player_name=A.J. Brown; candidate_team=PHI; name_score=95; position_match=false; blocker_reason=possible CFBD/NWR identity match requires human review,Not enough information,readiness_matrix_ambiguity_flag|possible_candidate_requires_review|position_mismatch_or_missing,DEFER,,,false,true,false,false
13402,Skyler Bell,WR,UConn,BUF,,4683153,Skyler Bell,WR,UConn,2024|2025,"cfbd_match_status=exact_match; identity_confidence=HIGH; candidate_source=unified_player_universe_review; candidate_player_id=13402; candidate_sleeper_id=13402; candidate_player_name=Skyler Bell; candidate_team=BUF; name_score=100; position_match=true; blocker_reason=exact review candidate, but approved_by_human=false and CFBD remains review-only",2024 receiving|rushing: receiving: LONG=70; REC=50; TD=5 | rushing: CAR=0; LONG=4; TD=0 || 2025 receiving|rushing: receiving: LONG=80; REC=101; TD=13 | rushing: CAR=2; LONG=0; TD=0,none,APPROVE_REVIEW_ONLY,,,false,true,false,false
13294,Makai Lemon,WR,USC,PHI,,4870795,Makai Lemon,WR,USC,2024|2025,"cfbd_match_status=exact_match; identity_confidence=HIGH; candidate_source=unified_player_universe_review; candidate_player_id=13294; candidate_sleeper_id=13294; candidate_player_name=Makai Lemon; candidate_team=PHI; name_score=100; position_match=true; blocker_reason=exact review candidate, but approved_by_human=false and CFBD remains review-only",2024 passing|receiving: passing: ATT=1; COMPLETIONS=1; INT=0 | receiving: LONG=70; REC=52; TD=3 || 2025 passing|receiving|rushing: passing: ATT=1; COMPLETIONS=1; INT=0 | receiving: LONG=74; REC=79; TD=11 | rushing: CAR=9; LONG=7; TD=2,none,APPROVE_REVIEW_ONLY,,,false,true,false,false
13418,Robert Henry Jr.,RB,UTSA,WAS,,5151317,Robert Henry Jr.,RB,UTSA,2024|2025,"cfbd_match_status=exact_match; identity_confidence=HIGH; candidate_source=unified_player_universe_review; candidate_player_id=13418; candidate_sleeper_id=13418; candidate_player_name=Robert Henry Jr.; candidate_team=WAS; name_score=100; position_match=true; blocker_reason=exact review candidate, but approved_by_human=false and CFBD remains review-only",2024 receiving|rushing: receiving: LONG=61; REC=21; TD=1 | rushing: CAR=130; LONG=88; TD=7 || 2025 receiving|rushing: receiving: LONG=74; REC=18; TD=2 | rushing: CAR=151; LONG=76; TD=9,none,APPROVE_REVIEW_ONLY,,,false,true,false,false
13349,Eli Stowers,TE,Vanderbilt,PHI,,4431574,Eli Stowers,TE,Vanderbilt,2024|2025,"cfbd_match_status=exact_match; identity_confidence=HIGH; candidate_source=unified_player_universe_review; candidate_player_id=13349; candidate_sleeper_id=13349; candidate_player_name=Eli Stowers; candidate_team=PHI; name_score=100; position_match=true; blocker_reason=exact review candidate, but approved_by_human=false and CFBD remains review-only",2024 passing|receiving|rushing: passing: ATT=2; COMPLETIONS=1; INT=0 | receiving: LONG=41; REC=49; TD=5 | rushing: CAR=6; LONG=9; TD=0 || 2025 receiving|rushing: receiving: LONG=67; REC=61; TD=4 | rushing: CAR=2; LONG=4; TD=0,none,APPROVE_REVIEW_ONLY,,,false,true,false,false
12476,Devin Neal,RB,Louisville,NO,,4431292,Devin Neal,S,Louisville,2024|2025,cfbd_match_status=possible_candidate; identity_confidence=LOW; candidate_source=unified_player_universe_review; candidate_player_id=12476; candidate_sleeper_id=12476; candidate_player_name=Devin Neal; candidate_team=NO; name_score=95; position_match=false; blocker_reason=possible CFBD/NWR identity match requires human review,Not enough information,readiness_matrix_ambiguity_flag|possible_candidate_requires_review|position_mismatch_or_missing,DEFER,,,false,true,false,false
13348,J'Mari Taylor,RB,Virginia,JAX,,4713118,J'Mari Taylor,RB,Virginia,2025,cfbd_match_status=ambiguous; identity_confidence=MEDIUM; candidate_source=unified_player_universe_review; candidate_player_id=13348; candidate_sleeper_id=13348; candidate_player_name=J'Mari Taylor; candidate_team=JAX; name_score=100; position_match=true; blocker_reason=same-name or multi-candidate ambiguity requires human review,2025 passing|receiving|rushing: passing: ATT=1; COMPLETIONS=1; INT=0 | receiving: LONG=25; REC=43; TD=1 | rushing: CAR=222; LONG=78; TD=14,readiness_matrix_ambiguity_flag|cfbd_match_status_ambiguous,DEFER,,,false,true,false,false
,J'Mari Taylor,RB,Virginia,JAC,,4713118,J'Mari Taylor,RB,Virginia,2025,cfbd_match_status=ambiguous; identity_confidence=MEDIUM; candidate_source=dynastyprocess_display_crosswalk; candidate_sleeper_id=nan; candidate_player_name=J'Mari Taylor; candidate_team=JAC; name_score=100; position_match=true; blocker_reason=same-name or multi-candidate ambiguity requires human review,2025 passing|receiving|rushing: passing: ATT=1; COMPLETIONS=1; INT=0 | receiving: LONG=25; REC=43; TD=1 | rushing: CAR=222; LONG=78; TD=14,readiness_matrix_ambiguity_flag|cfbd_match_status_ambiguous,DEFER,,,false,true,false,false
12509,Tre' Harris,WR,Virginia,LAC,,4912130,Trell Harris,WR,Virginia,2024|2025,cfbd_match_status=possible_candidate; identity_confidence=LOW; candidate_source=dynastyprocess_display_crosswalk; candidate_player_id=12509; candidate_sleeper_id=12509; candidate_player_name=Tre' Harris; candidate_team=LAC; name_score=90; position_match=true; blocker_reason=possible CFBD/NWR identity match requires human review,2024 receiving: receiving: LONG=45; REC=15; TD=2 || 2025 receiving: receiving: LONG=75; REC=59; TD=5,readiness_matrix_ambiguity_flag|possible_candidate_requires_review,DEFER,,,false,true,false,false
13347,Demond Claiborne,RB,Wake Forest,MIN,,4832846,Demond Claiborne,RB,Wake Forest,2024|2025,"cfbd_match_status=exact_match; identity_confidence=HIGH; candidate_source=unified_player_universe_review; candidate_player_id=13347; candidate_sleeper_id=13347; candidate_player_name=Demond Claiborne; candidate_team=MIN; name_score=100; position_match=true; blocker_reason=exact review candidate, but approved_by_human=false and CFBD remains review-only",2024 receiving|rushing: receiving: LONG=44; REC=23; TD=2 | rushing: CAR=228; LONG=60; TD=11 || 2025 receiving|rushing: receiving: LONG=21; REC=28; TD=0 | rushing: CAR=179; LONG=85; TD=10,none,APPROVE_REVIEW_ONLY,,,false,true,false,false
13345,Jonah Coleman,RB,Washington,DEN,,4702555,Jonah Coleman,RB,Washington,2024|2025,"cfbd_match_status=exact_match; identity_confidence=HIGH; candidate_source=unified_player_universe_review; candidate_player_id=13345; candidate_sleeper_id=13345; candidate_player_name=Jonah Coleman; candidate_team=DEN; name_score=100; position_match=true; blocker_reason=exact review candidate, but approved_by_human=false and CFBD remains review-only",2024 receiving|rushing: receiving: LONG=17; REC=23; TD=0 | rushing: CAR=193; LONG=64; TD=10 || 2025 receiving|rushing: receiving: LONG=45; REC=31; TD=2 | rushing: CAR=156; LONG=38; TD=15,none,APPROVE_REVIEW_ONLY,,,false,true,false,false
13346,Denzel Boston,WR,Washington,CLE,,4832800,Denzel Boston,WR,Washington,2024|2025,"cfbd_match_status=exact_match; identity_confidence=HIGH; candidate_source=unified_player_universe_review; candidate_player_id=13346; candidate_sleeper_id=13346; candidate_player_name=Denzel Boston; candidate_team=CLE; name_score=100; position_match=true; blocker_reason=exact review candidate, but approved_by_human=false and CFBD remains review-only",2024 receiving: receiving: LONG=51; REC=63; TD=9 || 2025 passing|receiving: passing: ATT=2; COMPLETIONS=2; INT=0 | receiving: LONG=78; REC=62; TD=11,none,APPROVE_REVIEW_ONLY,,,false,true,false,false
9494,Marvin Mims,WR,Western Kentucky,DEN,,5162646,Marvin Sims,WR,Western Kentucky,2024|2025,cfbd_match_status=possible_candidate; identity_confidence=LOW; candidate_source=dynastyprocess_display_crosswalk; candidate_player_id=9494; candidate_sleeper_id=9494; candidate_player_name=Marvin Mims; candidate_team=DEN; name_score=90; position_match=true; blocker_reason=possible CFBD/NWR identity match requires human review,2025 receiving|rushing: receiving: LONG=11; REC=2; TD=1 | rushing: CAR=1; LONG=14; TD=0,readiness_matrix_ambiguity_flag|possible_candidate_requires_review,DEFER,,,false,true,false,false
00-0038685,Chris Brooks,RB,Wisconsin,GB,,4917172,Chris Brooks Jr.,WR,Wisconsin,2024|2025,cfbd_match_status=possible_candidate; identity_confidence=LOW; candidate_source=unified_player_universe_review; candidate_player_id=00-0038685; candidate_sleeper_id=00-0038685; candidate_player_name=Chris Brooks; candidate_team=GB; name_score=95; position_match=false; blocker_reason=possible CFBD/NWR identity match requires human review,2024 receiving: receiving: LONG=27; REC=1; TD=0 || 2025 receiving: receiving: LONG=18; REC=11; TD=0,readiness_matrix_ambiguity_flag|possible_candidate_requires_review|position_mismatch_or_missing,DEFER,,,false,true,false,false
