run_id,formula_id,cluster_id,base_formula,ingredient_set,ingredient_fields,positions,seasons,row_count,coverage_pct,missingness_pct,overall_spearman,position_spearman_qb,position_spearman_rb,position_spearman_wr,position_spearman_te,pyf_delta,current_best_delta,cluster_seed_delta,top12_precision,top24_precision,top36_precision,false_positive_impact,false_negative_impact,sparse_history_impact,low_games_impact,age_lifecycle_slice,role_slice,stability_by_season,leave_one_season_out,outlier_flags,use_decision,notes
GAUNTLET_081_DECLINE_SMALL_LATE_GUARD_THREE__PLUS_RECOPP_WOPR_FFOP_PCT025_025,GAUNTLET_081_DECLINE_SMALL_LATE_GUARD_THREE,C01,prior_decline_small_late_guard_three,nflverse_receiving_opportunity+prior_sidecars,recopp_rec_opp_wopr_pct|ffop_ffop_xfp_total_pct,QB|RB|TE|WR,2022|2023|2024|2025,1740,31.5%,68.5%,0.788,0.705,0.706,0.736,0.757,0.010,0.033,0.034,46.4%,69.0%,75.3%,candidate_fp=162;pyf_fp=167;delta=-5,candidate_fn=92;pyf_fn=97;delta=-5,rows=437;candidate_error=2.3%;pyf_error=2.5%,rows=437;candidate_error=2.3%;pyf_error=2.5%,older_late_rows=130;young_early_rows=857,high_role_rows=456;low_sparse_role_rows=543,2022:0.799;2023:0.785;2024:0.776;2025:0.789,direction_stable_seasons=4/4,partial_coverage_not_full_2013_2025_comparable,INTERACTION_ONLY,Bounded predeclared receiving opportunity combination; prior ffop/NGS sidecars retain partial-window caveats when used.
GAUNTLET_081_DECLINE_SMALL_LATE_GUARD_THREE__PLUS_RECOPP_WOPR_FFOP_PCT050_050,GAUNTLET_081_DECLINE_SMALL_LATE_GUARD_THREE,C01,prior_decline_small_late_guard_three,nflverse_receiving_opportunity+prior_sidecars,recopp_rec_opp_wopr_pct|ffop_ffop_xfp_total_pct,QB|RB|TE|WR,2022|2023|2024|2025,1740,31.5%,68.5%,0.789,0.705,0.709,0.738,0.758,0.011,0.034,0.034,47.4%,69.0%,75.3%,candidate_fp=161;pyf_fp=167;delta=-6,candidate_fn=91;pyf_fn=97;delta=-6,rows=437;candidate_error=2.3%;pyf_error=2.5%,rows=437;candidate_error=2.3%;pyf_error=2.5%,older_late_rows=130;young_early_rows=857,high_role_rows=456;low_sparse_role_rows=543,2022:0.799;2023:0.788;2024:0.776;2025:0.789,direction_stable_seasons=4/4,partial_coverage_not_full_2013_2025_comparable,INTERACTION_ONLY,Bounded predeclared receiving opportunity combination; prior ffop/NGS sidecars retain partial-window caveats when used.
GAUNTLET_081_DECLINE_SMALL_LATE_GUARD_THREE__PLUS_RECOPP_WOPR_FFOP_PCT050_025,GAUNTLET_081_DECLINE_SMALL_LATE_GUARD_THREE,C01,prior_decline_small_late_guard_three,nflverse_receiving_opportunity+prior_sidecars,recopp_rec_opp_wopr_pct|ffop_ffop_xfp_total_pct,QB|RB|TE|WR,2022|2023|2024|2025,1740,31.5%,68.5%,0.789,0.706,0.708,0.737,0.758,0.010,0.034,0.034,47.9%,69.0%,75.3%,candidate_fp=161;pyf_fp=167;delta=-6,candidate_fn=91;pyf_fn=97;delta=-6,rows=437;candidate_error=2.3%;pyf_error=2.5%,rows=437;candidate_error=2.3%;pyf_error=2.5%,older_late_rows=130;young_early_rows=857,high_role_rows=456;low_sparse_role_rows=543,2022:0.799;2023:0.787;2024:0.776;2025:0.789,direction_stable_seasons=4/4,partial_coverage_not_full_2013_2025_comparable,INTERACTION_ONLY,Bounded predeclared receiving opportunity combination; prior ffop/NGS sidecars retain partial-window caveats when used.
GAUNTLET_081_DECLINE_SMALL_LATE_GUARD_THREE__PLUS_RECOPP_WOPR_FFOP_PCT025_050,GAUNTLET_081_DECLINE_SMALL_LATE_GUARD_THREE,C01,prior_decline_small_late_guard_three,nflverse_receiving_opportunity+prior_sidecars,recopp_rec_opp_wopr_pct|ffop_ffop_xfp_total_pct,QB|RB|TE|WR,2022|2023|2024|2025,1740,31.5%,68.5%,0.788,0.704,0.706,0.737,0.758,0.010,0.033,0.034,46.4%,69.0%,75.3%,candidate_fp=161;pyf_fp=167;delta=-6,candidate_fn=91;pyf_fn=97;delta=-6,rows=437;candidate_error=2.3%;pyf_error=2.5%,rows=437;candidate_error=2.3%;pyf_error=2.5%,older_late_rows=130;young_early_rows=857,high_role_rows=456;low_sparse_role_rows=543,2022:0.798;2023:0.786;2024:0.776;2025:0.790,direction_stable_seasons=4/4,partial_coverage_not_full_2013_2025_comparable,INTERACTION_ONLY,Bounded predeclared receiving opportunity combination; prior ffop/NGS sidecars retain partial-window caveats when used.
GAUNTLET_081_DECLINE_SMALL_LATE_GUARD_THREE__PLUS_RECOPP_WOPR_NGS_PCT025_025,GAUNTLET_081_DECLINE_SMALL_LATE_GUARD_THREE,C01,prior_decline_small_late_guard_three,nflverse_receiving_opportunity+prior_sidecars,recopp_rec_opp_wopr_pct|ngs_ngs_position_signal_raw_pct,QB|RB|TE|WR,2022|2023|2024|2025,944,17.1%,82.9%,0.749,0.680,0.647,0.690,0.716,0.016,-0.006,-0.006,46.1%,68.6%,74.3%,candidate_fp=126;pyf_fp=130;delta=-4,candidate_fn=61;pyf_fn=65;delta=-4,rows=128;candidate_error=4.7%;pyf_error=5.5%,rows=128;candidate_error=4.7%;pyf_error=5.5%,older_late_rows=74;young_early_rows=431,high_role_rows=347;low_sparse_role_rows=135,2022:0.792;2023:0.725;2024:0.738;2025:0.626,direction_stable_seasons=3/4,partial_coverage_not_full_2013_2025_comparable,INTERACTION_ONLY,Bounded predeclared receiving opportunity combination; prior ffop/NGS sidecars retain partial-window caveats when used.
GAUNTLET_081_DECLINE_SMALL_LATE_GUARD_THREE__PLUS_RECOPP_WOPR_NGS_PCT050_050,GAUNTLET_081_DECLINE_SMALL_LATE_GUARD_THREE,C01,prior_decline_small_late_guard_three,nflverse_receiving_opportunity+prior_sidecars,recopp_rec_opp_wopr_pct|ngs_ngs_position_signal_raw_pct,QB|RB|TE|WR,2022|2023|2024|2025,944,17.1%,82.9%,0.751,0.681,0.651,0.691,0.716,0.018,-0.004,-0.004,46.7%,67.9%,74.5%,candidate_fp=127;pyf_fp=130;delta=-3,candidate_fn=62;pyf_fn=65;delta=-3,rows=128;candidate_error=4.7%;pyf_error=5.5%,rows=128;candidate_error=4.7%;pyf_error=5.5%,older_late_rows=74;young_early_rows=431,high_role_rows=347;low_sparse_role_rows=135,2022:0.794;2023:0.728;2024:0.738;2025:0.626,direction_stable_seasons=3/4,partial_coverage_not_full_2013_2025_comparable,INTERACTION_ONLY,Bounded predeclared receiving opportunity combination; prior ffop/NGS sidecars retain partial-window caveats when used.
GAUNTLET_081_DECLINE_SMALL_LATE_GUARD_THREE__PLUS_RECOPP_WOPR_NGS_PCT050_025,GAUNTLET_081_DECLINE_SMALL_LATE_GUARD_THREE,C01,prior_decline_small_late_guard_three,nflverse_receiving_opportunity+prior_sidecars,recopp_rec_opp_wopr_pct|ngs_ngs_position_signal_raw_pct,QB|RB|TE|WR,2022|2023|2024|2025,944,17.1%,82.9%,0.750,0.683,0.648,0.690,0.717,0.017,-0.005,-0.005,46.7%,68.6%,74.3%,candidate_fp=127;pyf_fp=130;delta=-3,candidate_fn=62;pyf_fn=65;delta=-3,rows=128;candidate_error=4.7%;pyf_error=5.5%,rows=128;candidate_error=4.7%;pyf_error=5.5%,older_late_rows=74;young_early_rows=431,high_role_rows=347;low_sparse_role_rows=135,2022:0.793;2023:0.727;2024:0.737;2025:0.626,direction_stable_seasons=3/4,partial_coverage_not_full_2013_2025_comparable,INTERACTION_ONLY,Bounded predeclared receiving opportunity combination; prior ffop/NGS sidecars retain partial-window caveats when used.
GAUNTLET_081_DECLINE_SMALL_LATE_GUARD_THREE__PLUS_RECOPP_WOPR_NGS_PCT025_050,GAUNTLET_081_DECLINE_SMALL_LATE_GUARD_THREE,C01,prior_decline_small_late_guard_three,nflverse_receiving_opportunity+prior_sidecars,recopp_rec_opp_wopr_pct|ngs_ngs_position_signal_raw_pct,QB|RB|TE|WR,2022|2023|2024|2025,944,17.1%,82.9%,0.750,0.681,0.650,0.691,0.715,0.017,-0.005,-0.005,46.7%,67.9%,74.3%,candidate_fp=127;pyf_fp=130;delta=-3,candidate_fn=62;pyf_fn=65;delta=-3,rows=128;candidate_error=4.7%;pyf_error=5.5%,rows=128;candidate_error=4.7%;pyf_error=5.5%,older_late_rows=74;young_early_rows=431,high_role_rows=347;low_sparse_role_rows=135,2022:0.795;2023:0.726;2024:0.737;2025:0.626,direction_stable_seasons=3/4,partial_coverage_not_full_2013_2025_comparable,INTERACTION_ONLY,Bounded predeclared receiving opportunity combination; prior ffop/NGS sidecars retain partial-window caveats when used.
GAUNTLET_081_DECLINE_SMALL_LATE_GUARD_THREE__PLUS_RECOPP_WOPR_EPA_PCT025_025,GAUNTLET_081_DECLINE_SMALL_LATE_GUARD_THREE,C01,prior_decline_small_late_guard_three,nflverse_receiving_opportunity+prior_sidecars,recopp_rec_opp_wopr_pct|epa_epa_total_raw_pct,QB|RB|TE|WR,2013|2014|2015|2016|2017|2018|2019|2020|2021|2022|2023|2024|2025,5360,97.1%,2.9%,0.747,0.737,0.642,0.693,0.709,0.015,-0.008,-0.007,50.0%,67.1%,71.5%,candidate_fp=548;pyf_fp=573;delta=-25,candidate_fn=328;pyf_fn=353;delta=-25,rows=1321;candidate_error=3.3%;pyf_error=3.6%,rows=1321;candidate_error=3.3%;pyf_error=3.6%,older_late_rows=464;young_early_rows=2748,high_role_rows=1405;low_sparse_role_rows=1685,2013:0.693;2014:0.731;2015:0.681;2016:0.684;2017:0.735;2018:0.729;2019:0.741;2020:0.740;2021:0.759;2022:0.802;2023:0.787;2024:0.778;2025:0.789,direction_stable_seasons=12/13,partial_coverage_not_full_2013_2025_comparable,ADDITIVE_CANDIDATE,Bounded predeclared receiving opportunity combination; prior ffop/NGS sidecars retain partial-window caveats when used.
GAUNTLET_081_DECLINE_SMALL_LATE_GUARD_THREE__PLUS_RECOPP_WOPR_EPA_PCT050_050,GAUNTLET_081_DECLINE_SMALL_LATE_GUARD_THREE,C01,prior_decline_small_late_guard_three,nflverse_receiving_opportunity+prior_sidecars,recopp_rec_opp_wopr_pct|epa_epa_total_raw_pct,QB|RB|TE|WR,2013|2014|2015|2016|2017|2018|2019|2020|2021|2022|2023|2024|2025,5360,97.1%,2.9%,0.748,0.737,0.643,0.694,0.708,0.015,-0.007,-0.007,50.3%,67.5%,71.5%,candidate_fp=550;pyf_fp=573;delta=-23,candidate_fn=330;pyf_fn=353;delta=-23,rows=1321;candidate_error=3.3%;pyf_error=3.6%,rows=1321;candidate_error=3.3%;pyf_error=3.6%,older_late_rows=464;young_early_rows=2748,high_role_rows=1405;low_sparse_role_rows=1685,2013:0.694;2014:0.732;2015:0.680;2016:0.685;2017:0.736;2018:0.730;2019:0.741;2020:0.741;2021:0.760;2022:0.803;2023:0.786;2024:0.780;2025:0.789,direction_stable_seasons=12/13,partial_coverage_not_full_2013_2025_comparable,ADDITIVE_CANDIDATE,Bounded predeclared receiving opportunity combination; prior ffop/NGS sidecars retain partial-window caveats when used.
GAUNTLET_081_DECLINE_SMALL_LATE_GUARD_THREE__PLUS_RECOPP_WOPR_EPA_PCT050_025,GAUNTLET_081_DECLINE_SMALL_LATE_GUARD_THREE,C01,prior_decline_small_late_guard_three,nflverse_receiving_opportunity+prior_sidecars,recopp_rec_opp_wopr_pct|epa_epa_total_raw_pct,QB|RB|TE|WR,2013|2014|2015|2016|2017|2018|2019|2020|2021|2022|2023|2024|2025,5360,97.1%,2.9%,0.747,0.737,0.641,0.693,0.709,0.015,-0.008,-0.007,49.7%,67.5%,71.7%,candidate_fp=548;pyf_fp=573;delta=-25,candidate_fn=328;pyf_fn=353;delta=-25,rows=1321;candidate_error=3.3%;pyf_error=3.6%,rows=1321;candidate_error=3.3%;pyf_error=3.6%,older_late_rows=464;young_early_rows=2748,high_role_rows=1405;low_sparse_role_rows=1685,2013:0.693;2014:0.731;2015:0.681;2016:0.685;2017:0.735;2018:0.729;2019:0.740;2020:0.739;2021:0.759;2022:0.802;2023:0.787;2024:0.778;2025:0.790,direction_stable_seasons=12/13,partial_coverage_not_full_2013_2025_comparable,ADDITIVE_CANDIDATE,Bounded predeclared receiving opportunity combination; prior ffop/NGS sidecars retain partial-window caveats when used.
GAUNTLET_081_DECLINE_SMALL_LATE_GUARD_THREE__PLUS_RECOPP_WOPR_EPA_PCT025_050,GAUNTLET_081_DECLINE_SMALL_LATE_GUARD_THREE,C01,prior_decline_small_late_guard_three,nflverse_receiving_opportunity+prior_sidecars,recopp_rec_opp_wopr_pct|epa_epa_total_raw_pct,QB|RB|TE|WR,2013|2014|2015|2016|2017|2018|2019|2020|2021|2022|2023|2024|2025,5360,97.1%,2.9%,0.748,0.738,0.644,0.693,0.708,0.015,-0.007,-0.007,50.2%,67.3%,71.7%,candidate_fp=549;pyf_fp=573;delta=-24,candidate_fn=329;pyf_fn=353;delta=-24,rows=1321;candidate_error=3.3%;pyf_error=3.6%,rows=1321;candidate_error=3.3%;pyf_error=3.6%,older_late_rows=464;young_early_rows=2748,high_role_rows=1405;low_sparse_role_rows=1685,2013:0.693;2014:0.733;2015:0.681;2016:0.684;2017:0.735;2018:0.731;2019:0.741;2020:0.742;2021:0.760;2022:0.803;2023:0.787;2024:0.779;2025:0.789,direction_stable_seasons=12/13,partial_coverage_not_full_2013_2025_comparable,ADDITIVE_CANDIDATE,Bounded predeclared receiving opportunity combination; prior ffop/NGS sidecars retain partial-window caveats when used.
GAUNTLET_081_DECLINE_SMALL_LATE_GUARD_THREE__PLUS_RECOPP_WOPR_FFOP_NGS_PCT025_050_025,GAUNTLET_081_DECLINE_SMALL_LATE_GUARD_THREE,C01,prior_decline_small_late_guard_three,nflverse_receiving_opportunity+prior_sidecars,recopp_rec_opp_wopr_pct|ffop_ffop_xfp_total_pct|ngs_ngs_position_signal_raw_pct,QB|RB|TE|WR,2022|2023|2024|2025,943,17.1%,82.9%,0.749,0.680,0.646,0.690,0.714,0.016,-0.006,-0.006,46.1%,68.6%,74.3%,candidate_fp=126;pyf_fp=130;delta=-4,candidate_fn=61;pyf_fn=65;delta=-4,rows=128;candidate_error=4.7%;pyf_error=5.5%,rows=128;candidate_error=4.7%;pyf_error=5.5%,older_late_rows=74;young_early_rows=431,high_role_rows=347;low_sparse_role_rows=135,2022:0.791;2023:0.725;2024:0.737;2025:0.626,direction_stable_seasons=3/4,partial_coverage_not_full_2013_2025_comparable,INTERACTION_ONLY,Bounded predeclared receiving opportunity combination; prior ffop/NGS sidecars retain partial-window caveats when used.
GAUNTLET_081_DECLINE_SMALL_LATE_GUARD_THREE__PLUS_RECOPP_WOPR_FFOP_NGS_PCT050_025_025,GAUNTLET_081_DECLINE_SMALL_LATE_GUARD_THREE,C01,prior_decline_small_late_guard_three,nflverse_receiving_opportunity+prior_sidecars,recopp_rec_opp_wopr_pct|ffop_ffop_xfp_total_pct|ngs_ngs_position_signal_raw_pct,QB|RB|TE|WR,2022|2023|2024|2025,943,17.1%,82.9%,0.750,0.684,0.650,0.691,0.715,0.018,-0.005,-0.004,47.4%,68.2%,74.3%,candidate_fp=125;pyf_fp=130;delta=-5,candidate_fn=60;pyf_fn=65;delta=-5,rows=128;candidate_error=4.7%;pyf_error=5.5%,rows=128;candidate_error=4.7%;pyf_error=5.5%,older_late_rows=74;young_early_rows=431,high_role_rows=347;low_sparse_role_rows=135,2022:0.793;2023:0.728;2024:0.738;2025:0.626,direction_stable_seasons=3/4,partial_coverage_not_full_2013_2025_comparable,INTERACTION_ONLY,Bounded predeclared receiving opportunity combination; prior ffop/NGS sidecars retain partial-window caveats when used.
GAUNTLET_081_DECLINE_SMALL_LATE_GUARD_THREE__PLUS_RECOPP_WOPR_EPA_FFOP_PCT025_025_050,GAUNTLET_081_DECLINE_SMALL_LATE_GUARD_THREE,C01,prior_decline_small_late_guard_three,nflverse_receiving_opportunity+prior_sidecars,recopp_rec_opp_wopr_pct|epa_epa_total_raw_pct|ffop_ffop_xfp_total_pct,QB|RB|TE|WR,2022|2023|2024|2025,1736,31.5%,68.5%,0.789,0.701,0.709,0.737,0.758,0.011,0.034,0.035,46.9%,69.0%,75.3%,candidate_fp=163;pyf_fp=167;delta=-4,candidate_fn=93;pyf_fn=97;delta=-4,rows=433;candidate_error=2.3%;pyf_error=2.5%,rows=433;candidate_error=2.3%;pyf_error=2.5%,older_late_rows=129;young_early_rows=857,high_role_rows=456;low_sparse_role_rows=539,2022:0.800;2023:0.787;2024:0.777;2025:0.790,direction_stable_seasons=4/4,partial_coverage_not_full_2013_2025_comparable,INTERACTION_ONLY,Bounded predeclared receiving opportunity combination; prior ffop/NGS sidecars retain partial-window caveats when used.
GAUNTLET_081_DECLINE_SMALL_LATE_GUARD_THREE__PLUS_RECOPP_WOPR_EPA_FFOP_PCT050_025_025,GAUNTLET_081_DECLINE_SMALL_LATE_GUARD_THREE,C01,prior_decline_small_late_guard_three,nflverse_receiving_opportunity+prior_sidecars,recopp_rec_opp_wopr_pct|epa_epa_total_raw_pct|ffop_ffop_xfp_total_pct,QB|RB|TE|WR,2022|2023|2024|2025,1736,31.5%,68.5%,0.789,0.703,0.709,0.737,0.757,0.010,0.034,0.035,47.9%,69.0%,75.2%,candidate_fp=161;pyf_fp=167;delta=-6,candidate_fn=91;pyf_fn=97;delta=-6,rows=433;candidate_error=2.3%;pyf_error=2.5%,rows=433;candidate_error=2.3%;pyf_error=2.5%,older_late_rows=129;young_early_rows=857,high_role_rows=456;low_sparse_role_rows=539,2022:0.801;2023:0.786;2024:0.778;2025:0.790,direction_stable_seasons=4/4,partial_coverage_not_full_2013_2025_comparable,INTERACTION_ONLY,Bounded predeclared receiving opportunity combination; prior ffop/NGS sidecars retain partial-window caveats when used.
GAUNTLET_082_DECLINE_SMALL_HIGH_VOLUME_LATE_GUARD__PLUS_RECOPP_WOPR_FFOP_PCT025_025,GAUNTLET_082_DECLINE_SMALL_HIGH_VOLUME_LATE_GUARD,C01,prior_decline_small_high_volume_late_guard,nflverse_receiving_opportunity+prior_sidecars,recopp_rec_opp_wopr_pct|ffop_ffop_xfp_total_pct,QB|RB|TE|WR,2022|2023|2024|2025,1740,31.5%,68.5%,0.788,0.707,0.706,0.736,0.757,0.010,0.033,0.033,46.9%,69.0%,75.5%,candidate_fp=162;pyf_fp=167;delta=-5,candidate_fn=92;pyf_fn=97;delta=-5,rows=437;candidate_error=2.3%;pyf_error=2.5%,rows=437;candidate_error=2.3%;pyf_error=2.5%,older_late_rows=130;young_early_rows=857,high_role_rows=456;low_sparse_role_rows=543,2022:0.799;2023:0.785;2024:0.776;2025:0.789,direction_stable_seasons=4/4,partial_coverage_not_full_2013_2025_comparable,INTERACTION_ONLY,Bounded predeclared receiving opportunity combination; prior ffop/NGS sidecars retain partial-window caveats when used.
GAUNTLET_082_DECLINE_SMALL_HIGH_VOLUME_LATE_GUARD__PLUS_RECOPP_WOPR_FFOP_PCT050_050,GAUNTLET_082_DECLINE_SMALL_HIGH_VOLUME_LATE_GUARD,C01,prior_decline_small_high_volume_late_guard,nflverse_receiving_opportunity+prior_sidecars,recopp_rec_opp_wopr_pct|ffop_ffop_xfp_total_pct,QB|RB|TE|WR,2022|2023|2024|2025,1740,31.5%,68.5%,0.789,0.706,0.708,0.738,0.757,0.010,0.034,0.034,47.4%,69.0%,75.3%,candidate_fp=161;pyf_fp=167;delta=-6,candidate_fn=91;pyf_fn=97;delta=-6,rows=437;candidate_error=2.3%;pyf_error=2.5%,rows=437;candidate_error=2.3%;pyf_error=2.5%,older_late_rows=130;young_early_rows=857,high_role_rows=456;low_sparse_role_rows=543,2022:0.799;2023:0.788;2024:0.776;2025:0.789,direction_stable_seasons=4/4,partial_coverage_not_full_2013_2025_comparable,INTERACTION_ONLY,Bounded predeclared receiving opportunity combination; prior ffop/NGS sidecars retain partial-window caveats when used.
GAUNTLET_082_DECLINE_SMALL_HIGH_VOLUME_LATE_GUARD__PLUS_RECOPP_WOPR_FFOP_PCT050_025,GAUNTLET_082_DECLINE_SMALL_HIGH_VOLUME_LATE_GUARD,C01,prior_decline_small_high_volume_late_guard,nflverse_receiving_opportunity+prior_sidecars,recopp_rec_opp_wopr_pct|ffop_ffop_xfp_total_pct,QB|RB|TE|WR,2022|2023|2024|2025,1740,31.5%,68.5%,0.789,0.707,0.708,0.737,0.757,0.010,0.034,0.034,47.9%,69.0%,75.3%,candidate_fp=160;pyf_fp=167;delta=-7,candidate_fn=90;pyf_fn=97;delta=-7,rows=437;candidate_error=2.3%;pyf_error=2.5%,rows=437;candidate_error=2.3%;pyf_error=2.5%,older_late_rows=130;young_early_rows=857,high_role_rows=456;low_sparse_role_rows=543,2022:0.799;2023:0.786;2024:0.776;2025:0.789,direction_stable_seasons=4/4,partial_coverage_not_full_2013_2025_comparable,INTERACTION_ONLY,Bounded predeclared receiving opportunity combination; prior ffop/NGS sidecars retain partial-window caveats when used.
GAUNTLET_082_DECLINE_SMALL_HIGH_VOLUME_LATE_GUARD__PLUS_RECOPP_WOPR_FFOP_PCT025_050,GAUNTLET_082_DECLINE_SMALL_HIGH_VOLUME_LATE_GUARD,C01,prior_decline_small_high_volume_late_guard,nflverse_receiving_opportunity+prior_sidecars,recopp_rec_opp_wopr_pct|ffop_ffop_xfp_total_pct,QB|RB|TE|WR,2022|2023|2024|2025,1740,31.5%,68.5%,0.788,0.705,0.706,0.737,0.757,0.010,0.033,0.034,46.9%,69.0%,75.3%,candidate_fp=161;pyf_fp=167;delta=-6,candidate_fn=91;pyf_fn=97;delta=-6,rows=437;candidate_error=2.3%;pyf_error=2.5%,rows=437;candidate_error=2.3%;pyf_error=2.5%,older_late_rows=130;young_early_rows=857,high_role_rows=456;low_sparse_role_rows=543,2022:0.799;2023:0.785;2024:0.776;2025:0.789,direction_stable_seasons=4/4,partial_coverage_not_full_2013_2025_comparable,INTERACTION_ONLY,Bounded predeclared receiving opportunity combination; prior ffop/NGS sidecars retain partial-window caveats when used.
GAUNTLET_082_DECLINE_SMALL_HIGH_VOLUME_LATE_GUARD__PLUS_RECOPP_WOPR_NGS_PCT025_025,GAUNTLET_082_DECLINE_SMALL_HIGH_VOLUME_LATE_GUARD,C01,prior_decline_small_high_volume_late_guard,nflverse_receiving_opportunity+prior_sidecars,recopp_rec_opp_wopr_pct|ngs_ngs_position_signal_raw_pct,QB|RB|TE|WR,2022|2023|2024|2025,944,17.1%,82.9%,0.749,0.681,0.647,0.690,0.715,0.016,-0.006,-0.006,46.1%,68.6%,74.3%,candidate_fp=126;pyf_fp=130;delta=-4,candidate_fn=61;pyf_fn=65;delta=-4,rows=128;candidate_error=4.7%;pyf_error=5.5%,rows=128;candidate_error=4.7%;pyf_error=5.5%,older_late_rows=74;young_early_rows=431,high_role_rows=347;low_sparse_role_rows=135,2022:0.792;2023:0.724;2024:0.738;2025:0.626,direction_stable_seasons=3/4,partial_coverage_not_full_2013_2025_comparable,INTERACTION_ONLY,Bounded predeclared receiving opportunity combination; prior ffop/NGS sidecars retain partial-window caveats when used.
GAUNTLET_082_DECLINE_SMALL_HIGH_VOLUME_LATE_GUARD__PLUS_RECOPP_WOPR_NGS_PCT050_050,GAUNTLET_082_DECLINE_SMALL_HIGH_VOLUME_LATE_GUARD,C01,prior_decline_small_high_volume_late_guard,nflverse_receiving_opportunity+prior_sidecars,recopp_rec_opp_wopr_pct|ngs_ngs_position_signal_raw_pct,QB|RB|TE|WR,2022|2023|2024|2025,944,17.1%,82.9%,0.751,0.682,0.651,0.692,0.715,0.018,-0.004,-0.004,47.4%,67.9%,74.5%,candidate_fp=126;pyf_fp=130;delta=-4,candidate_fn=61;pyf_fn=65;delta=-4,rows=128;candidate_error=4.7%;pyf_error=5.5%,rows=128;candidate_error=4.7%;pyf_error=5.5%,older_late_rows=74;young_early_rows=431,high_role_rows=347;low_sparse_role_rows=135,2022:0.795;2023:0.728;2024:0.738;2025:0.626,direction_stable_seasons=3/4,partial_coverage_not_full_2013_2025_comparable,INTERACTION_ONLY,Bounded predeclared receiving opportunity combination; prior ffop/NGS sidecars retain partial-window caveats when used.
GAUNTLET_082_DECLINE_SMALL_HIGH_VOLUME_LATE_GUARD__PLUS_RECOPP_WOPR_NGS_PCT050_025,GAUNTLET_082_DECLINE_SMALL_HIGH_VOLUME_LATE_GUARD,C01,prior_decline_small_high_volume_late_guard,nflverse_receiving_opportunity+prior_sidecars,recopp_rec_opp_wopr_pct|ngs_ngs_position_signal_raw_pct,QB|RB|TE|WR,2022|2023|2024|2025,944,17.1%,82.9%,0.750,0.684,0.648,0.691,0.716,0.017,-0.005,-0.005,47.4%,68.6%,74.3%,candidate_fp=126;pyf_fp=130;delta=-4,candidate_fn=61;pyf_fn=65;delta=-4,rows=128;candidate_error=4.7%;pyf_error=5.5%,rows=128;candidate_error=4.7%;pyf_error=5.5%,older_late_rows=74;young_early_rows=431,high_role_rows=347;low_sparse_role_rows=135,2022:0.793;2023:0.726;2024:0.738;2025:0.626,direction_stable_seasons=3/4,partial_coverage_not_full_2013_2025_comparable,INTERACTION_ONLY,Bounded predeclared receiving opportunity combination; prior ffop/NGS sidecars retain partial-window caveats when used.
GAUNTLET_082_DECLINE_SMALL_HIGH_VOLUME_LATE_GUARD__PLUS_RECOPP_WOPR_NGS_PCT025_050,GAUNTLET_082_DECLINE_SMALL_HIGH_VOLUME_LATE_GUARD,C01,prior_decline_small_high_volume_late_guard,nflverse_receiving_opportunity+prior_sidecars,recopp_rec_opp_wopr_pct|ngs_ngs_position_signal_raw_pct,QB|RB|TE|WR,2022|2023|2024|2025,944,17.1%,82.9%,0.750,0.680,0.650,0.691,0.714,0.017,-0.005,-0.004,46.7%,67.9%,74.3%,candidate_fp=127;pyf_fp=130;delta=-3,candidate_fn=62;pyf_fn=65;delta=-3,rows=128;candidate_error=4.7%;pyf_error=5.5%,rows=128;candidate_error=4.7%;pyf_error=5.5%,older_late_rows=74;young_early_rows=431,high_role_rows=347;low_sparse_role_rows=135,2022:0.795;2023:0.726;2024:0.737;2025:0.626,direction_stable_seasons=3/4,partial_coverage_not_full_2013_2025_comparable,INTERACTION_ONLY,Bounded predeclared receiving opportunity combination; prior ffop/NGS sidecars retain partial-window caveats when used.
GAUNTLET_082_DECLINE_SMALL_HIGH_VOLUME_LATE_GUARD__PLUS_RECOPP_WOPR_EPA_PCT025_025,GAUNTLET_082_DECLINE_SMALL_HIGH_VOLUME_LATE_GUARD,C01,prior_decline_small_high_volume_late_guard,nflverse_receiving_opportunity+prior_sidecars,recopp_rec_opp_wopr_pct|epa_epa_total_raw_pct,QB|RB|TE|WR,2013|2014|2015|2016|2017|2018|2019|2020|2021|2022|2023|2024|2025,5360,97.1%,2.9%,0.747,0.737,0.642,0.693,0.709,0.015,-0.008,-0.007,50.3%,67.3%,71.5%,candidate_fp=548;pyf_fp=573;delta=-25,candidate_fn=328;pyf_fn=353;delta=-25,rows=1321;candidate_error=3.3%;pyf_error=3.6%,rows=1321;candidate_error=3.3%;pyf_error=3.6%,older_late_rows=464;young_early_rows=2748,high_role_rows=1405;low_sparse_role_rows=1685,2013:0.693;2014:0.731;2015:0.682;2016:0.684;2017:0.735;2018:0.730;2019:0.741;2020:0.741;2021:0.759;2022:0.802;2023:0.786;2024:0.778;2025:0.789,direction_stable_seasons=12/13,partial_coverage_not_full_2013_2025_comparable,ADDITIVE_CANDIDATE,Bounded predeclared receiving opportunity combination; prior ffop/NGS sidecars retain partial-window caveats when used.
GAUNTLET_082_DECLINE_SMALL_HIGH_VOLUME_LATE_GUARD__PLUS_RECOPP_WOPR_EPA_PCT050_050,GAUNTLET_082_DECLINE_SMALL_HIGH_VOLUME_LATE_GUARD,C01,prior_decline_small_high_volume_late_guard,nflverse_receiving_opportunity+prior_sidecars,recopp_rec_opp_wopr_pct|epa_epa_total_raw_pct,QB|RB|TE|WR,2013|2014|2015|2016|2017|2018|2019|2020|2021|2022|2023|2024|2025,5360,97.1%,2.9%,0.748,0.739,0.643,0.694,0.708,0.016,-0.007,-0.007,50.5%,67.7%,71.5%,candidate_fp=548;pyf_fp=573;delta=-25,candidate_fn=328;pyf_fn=353;delta=-25,rows=1321;candidate_error=3.3%;pyf_error=3.6%,rows=1321;candidate_error=3.3%;pyf_error=3.6%,older_late_rows=464;young_early_rows=2748,high_role_rows=1405;low_sparse_role_rows=1685,2013:0.694;2014:0.733;2015:0.681;2016:0.684;2017:0.736;2018:0.730;2019:0.741;2020:0.743;2021:0.759;2022:0.803;2023:0.787;2024:0.780;2025:0.789,direction_stable_seasons=12/13,partial_coverage_not_full_2013_2025_comparable,ADDITIVE_CANDIDATE,Bounded predeclared receiving opportunity combination; prior ffop/NGS sidecars retain partial-window caveats when used.
GAUNTLET_082_DECLINE_SMALL_HIGH_VOLUME_LATE_GUARD__PLUS_RECOPP_WOPR_EPA_PCT050_025,GAUNTLET_082_DECLINE_SMALL_HIGH_VOLUME_LATE_GUARD,C01,prior_decline_small_high_volume_late_guard,nflverse_receiving_opportunity+prior_sidecars,recopp_rec_opp_wopr_pct|epa_epa_total_raw_pct,QB|RB|TE|WR,2013|2014|2015|2016|2017|2018|2019|2020|2021|2022|2023|2024|2025,5360,97.1%,2.9%,0.747,0.738,0.641,0.693,0.709,0.015,-0.008,-0.007,50.0%,67.7%,71.7%,candidate_fp=549;pyf_fp=573;delta=-24,candidate_fn=329;pyf_fn=353;delta=-24,rows=1321;candidate_error=3.3%;pyf_error=3.6%,rows=1321;candidate_error=3.3%;pyf_error=3.6%,older_late_rows=464;young_early_rows=2748,high_role_rows=1405;low_sparse_role_rows=1685,2013:0.694;2014:0.731;2015:0.682;2016:0.684;2017:0.735;2018:0.730;2019:0.740;2020:0.741;2021:0.759;2022:0.802;2023:0.786;2024:0.778;2025:0.789,direction_stable_seasons=12/13,partial_coverage_not_full_2013_2025_comparable,ADDITIVE_CANDIDATE,Bounded predeclared receiving opportunity combination; prior ffop/NGS sidecars retain partial-window caveats when used.
GAUNTLET_082_DECLINE_SMALL_HIGH_VOLUME_LATE_GUARD__PLUS_RECOPP_WOPR_EPA_PCT025_050,GAUNTLET_082_DECLINE_SMALL_HIGH_VOLUME_LATE_GUARD,C01,prior_decline_small_high_volume_late_guard,nflverse_receiving_opportunity+prior_sidecars,recopp_rec_opp_wopr_pct|epa_epa_total_raw_pct,QB|RB|TE|WR,2013|2014|2015|2016|2017|2018|2019|2020|2021|2022|2023|2024|2025,5360,97.1%,2.9%,0.748,0.739,0.644,0.693,0.708,0.015,-0.007,-0.007,50.2%,67.6%,71.6%,candidate_fp=548;pyf_fp=573;delta=-25,candidate_fn=328;pyf_fn=353;delta=-25,rows=1321;candidate_error=3.3%;pyf_error=3.6%,rows=1321;candidate_error=3.3%;pyf_error=3.6%,older_late_rows=464;young_early_rows=2748,high_role_rows=1405;low_sparse_role_rows=1685,2013:0.693;2014:0.733;2015:0.681;2016:0.684;2017:0.736;2018:0.731;2019:0.741;2020:0.743;2021:0.759;2022:0.803;2023:0.787;2024:0.779;2025:0.789,direction_stable_seasons=12/13,partial_coverage_not_full_2013_2025_comparable,ADDITIVE_CANDIDATE,Bounded predeclared receiving opportunity combination; prior ffop/NGS sidecars retain partial-window caveats when used.
GAUNTLET_082_DECLINE_SMALL_HIGH_VOLUME_LATE_GUARD__PLUS_RECOPP_WOPR_FFOP_NGS_PCT025_050_025,GAUNTLET_082_DECLINE_SMALL_HIGH_VOLUME_LATE_GUARD,C01,prior_decline_small_high_volume_late_guard,nflverse_receiving_opportunity+prior_sidecars,recopp_rec_opp_wopr_pct|ffop_ffop_xfp_total_pct|ngs_ngs_position_signal_raw_pct,QB|RB|TE|WR,2022|2023|2024|2025,943,17.1%,82.9%,0.749,0.681,0.647,0.691,0.713,0.017,-0.006,-0.005,46.1%,68.6%,74.3%,candidate_fp=126;pyf_fp=130;delta=-4,candidate_fn=61;pyf_fn=65;delta=-4,rows=128;candidate_error=4.7%;pyf_error=5.5%,rows=128;candidate_error=4.7%;pyf_error=5.5%,older_late_rows=74;young_early_rows=431,high_role_rows=347;low_sparse_role_rows=135,2022:0.792;2023:0.726;2024:0.737;2025:0.626,direction_stable_seasons=3/4,partial_coverage_not_full_2013_2025_comparable,INTERACTION_ONLY,Bounded predeclared receiving opportunity combination; prior ffop/NGS sidecars retain partial-window caveats when used.
GAUNTLET_082_DECLINE_SMALL_HIGH_VOLUME_LATE_GUARD__PLUS_RECOPP_WOPR_FFOP_NGS_PCT050_025_025,GAUNTLET_082_DECLINE_SMALL_HIGH_VOLUME_LATE_GUARD,C01,prior_decline_small_high_volume_late_guard,nflverse_receiving_opportunity+prior_sidecars,recopp_rec_opp_wopr_pct|ffop_ffop_xfp_total_pct|ngs_ngs_position_signal_raw_pct,QB|RB|TE|WR,2022|2023|2024|2025,943,17.1%,82.9%,0.751,0.685,0.650,0.692,0.714,0.018,-0.004,-0.004,48.0%,68.2%,74.3%,candidate_fp=125;pyf_fp=130;delta=-5,candidate_fn=60;pyf_fn=65;delta=-5,rows=128;candidate_error=4.7%;pyf_error=5.5%,rows=128;candidate_error=4.7%;pyf_error=5.5%,older_late_rows=74;young_early_rows=431,high_role_rows=347;low_sparse_role_rows=135,2022:0.793;2023:0.728;2024:0.738;2025:0.626,direction_stable_seasons=3/4,partial_coverage_not_full_2013_2025_comparable,INTERACTION_ONLY,Bounded predeclared receiving opportunity combination; prior ffop/NGS sidecars retain partial-window caveats when used.
GAUNTLET_082_DECLINE_SMALL_HIGH_VOLUME_LATE_GUARD__PLUS_RECOPP_WOPR_EPA_FFOP_PCT025_025_050,GAUNTLET_082_DECLINE_SMALL_HIGH_VOLUME_LATE_GUARD,C01,prior_decline_small_high_volume_late_guard,nflverse_receiving_opportunity+prior_sidecars,recopp_rec_opp_wopr_pct|epa_epa_total_raw_pct|ffop_ffop_xfp_total_pct,QB|RB|TE|WR,2022|2023|2024|2025,1736,31.5%,68.5%,0.789,0.702,0.709,0.737,0.757,0.010,0.034,0.035,47.4%,69.0%,75.3%,candidate_fp=163;pyf_fp=167;delta=-4,candidate_fn=93;pyf_fn=97;delta=-4,rows=433;candidate_error=2.3%;pyf_error=2.5%,rows=433;candidate_error=2.3%;pyf_error=2.5%,older_late_rows=129;young_early_rows=857,high_role_rows=456;low_sparse_role_rows=539,2022:0.801;2023:0.787;2024:0.777;2025:0.789,direction_stable_seasons=4/4,partial_coverage_not_full_2013_2025_comparable,INTERACTION_ONLY,Bounded predeclared receiving opportunity combination; prior ffop/NGS sidecars retain partial-window caveats when used.
GAUNTLET_082_DECLINE_SMALL_HIGH_VOLUME_LATE_GUARD__PLUS_RECOPP_WOPR_EPA_FFOP_PCT050_025_025,GAUNTLET_082_DECLINE_SMALL_HIGH_VOLUME_LATE_GUARD,C01,prior_decline_small_high_volume_late_guard,nflverse_receiving_opportunity+prior_sidecars,recopp_rec_opp_wopr_pct|epa_epa_total_raw_pct|ffop_ffop_xfp_total_pct,QB|RB|TE|WR,2022|2023|2024|2025,1736,31.5%,68.5%,0.789,0.704,0.709,0.737,0.757,0.010,0.034,0.035,48.4%,69.0%,75.2%,candidate_fp=160;pyf_fp=167;delta=-7,candidate_fn=90;pyf_fn=97;delta=-7,rows=433;candidate_error=2.3%;pyf_error=2.5%,rows=433;candidate_error=2.3%;pyf_error=2.5%,older_late_rows=129;young_early_rows=857,high_role_rows=456;low_sparse_role_rows=539,2022:0.801;2023:0.786;2024:0.777;2025:0.789,direction_stable_seasons=4/4,partial_coverage_not_full_2013_2025_comparable,INTERACTION_ONLY,Bounded predeclared receiving opportunity combination; prior ffop/NGS sidecars retain partial-window caveats when used.
GAUNTLET_083_DECLINE_DECLINE_COMBO_GUARD__PLUS_RECOPP_WOPR_FFOP_PCT025_025,GAUNTLET_083_DECLINE_DECLINE_COMBO_GUARD,C01,prior_decline_decline_combo_guard,nflverse_receiving_opportunity+prior_sidecars,recopp_rec_opp_wopr_pct|ffop_ffop_xfp_total_pct,QB|RB|TE|WR,2022|2023|2024|2025,1740,31.5%,68.5%,0.789,0.707,0.709,0.737,0.756,0.010,0.034,0.034,47.4%,69.0%,75.2%,candidate_fp=162;pyf_fp=167;delta=-5,candidate_fn=92;pyf_fn=97;delta=-5,rows=437;candidate_error=2.1%;pyf_error=2.5%,rows=437;candidate_error=2.1%;pyf_error=2.5%,older_late_rows=130;young_early_rows=857,high_role_rows=456;low_sparse_role_rows=543,2022:0.799;2023:0.789;2024:0.775;2025:0.791,direction_stable_seasons=4/4,partial_coverage_not_full_2013_2025_comparable,INTERACTION_ONLY,Bounded predeclared receiving opportunity combination; prior ffop/NGS sidecars retain partial-window caveats when used.
GAUNTLET_083_DECLINE_DECLINE_COMBO_GUARD__PLUS_RECOPP_WOPR_FFOP_PCT050_050,GAUNTLET_083_DECLINE_DECLINE_COMBO_GUARD,C01,prior_decline_decline_combo_guard,nflverse_receiving_opportunity+prior_sidecars,recopp_rec_opp_wopr_pct|ffop_ffop_xfp_total_pct,QB|RB|TE|WR,2022|2023|2024|2025,1740,31.5%,68.5%,0.789,0.706,0.709,0.738,0.757,0.011,0.034,0.035,47.4%,68.8%,75.3%,candidate_fp=161;pyf_fp=167;delta=-6,candidate_fn=91;pyf_fn=97;delta=-6,rows=437;candidate_error=2.3%;pyf_error=2.5%,rows=437;candidate_error=2.3%;pyf_error=2.5%,older_late_rows=130;young_early_rows=857,high_role_rows=456;low_sparse_role_rows=543,2022:0.799;2023:0.790;2024:0.775;2025:0.791,direction_stable_seasons=4/4,partial_coverage_not_full_2013_2025_comparable,INTERACTION_ONLY,Bounded predeclared receiving opportunity combination; prior ffop/NGS sidecars retain partial-window caveats when used.
GAUNTLET_083_DECLINE_DECLINE_COMBO_GUARD__PLUS_RECOPP_WOPR_FFOP_PCT050_025,GAUNTLET_083_DECLINE_DECLINE_COMBO_GUARD,C01,prior_decline_decline_combo_guard,nflverse_receiving_opportunity+prior_sidecars,recopp_rec_opp_wopr_pct|ffop_ffop_xfp_total_pct,QB|RB|TE|WR,2022|2023|2024|2025,1740,31.5%,68.5%,0.789,0.707,0.710,0.737,0.757,0.011,0.034,0.035,47.9%,68.8%,75.3%,candidate_fp=161;pyf_fp=167;delta=-6,candidate_fn=91;pyf_fn=97;delta=-6,rows=437;candidate_error=2.1%;pyf_error=2.5%,rows=437;candidate_error=2.1%;pyf_error=2.5%,older_late_rows=130;young_early_rows=857,high_role_rows=456;low_sparse_role_rows=543,2022:0.799;2023:0.790;2024:0.775;2025:0.791,direction_stable_seasons=4/4,partial_coverage_not_full_2013_2025_comparable,INTERACTION_ONLY,Bounded predeclared receiving opportunity combination; prior ffop/NGS sidecars retain partial-window caveats when used.
GAUNTLET_083_DECLINE_DECLINE_COMBO_GUARD__PLUS_RECOPP_WOPR_FFOP_PCT025_050,GAUNTLET_083_DECLINE_DECLINE_COMBO_GUARD,C01,prior_decline_decline_combo_guard,nflverse_receiving_opportunity+prior_sidecars,recopp_rec_opp_wopr_pct|ffop_ffop_xfp_total_pct,QB|RB|TE|WR,2022|2023|2024|2025,1740,31.5%,68.5%,0.789,0.705,0.708,0.737,0.756,0.010,0.034,0.034,46.9%,68.8%,75.3%,candidate_fp=161;pyf_fp=167;delta=-6,candidate_fn=91;pyf_fn=97;delta=-6,rows=437;candidate_error=2.1%;pyf_error=2.5%,rows=437;candidate_error=2.1%;pyf_error=2.5%,older_late_rows=130;young_early_rows=857,high_role_rows=456;low_sparse_role_rows=543,2022:0.798;2023:0.789;2024:0.774;2025:0.790,direction_stable_seasons=4/4,partial_coverage_not_full_2013_2025_comparable,INTERACTION_ONLY,Bounded predeclared receiving opportunity combination; prior ffop/NGS sidecars retain partial-window caveats when used.
GAUNTLET_083_DECLINE_DECLINE_COMBO_GUARD__PLUS_RECOPP_WOPR_NGS_PCT025_025,GAUNTLET_083_DECLINE_DECLINE_COMBO_GUARD,C01,prior_decline_decline_combo_guard,nflverse_receiving_opportunity+prior_sidecars,recopp_rec_opp_wopr_pct|ngs_ngs_position_signal_raw_pct,QB|RB|TE|WR,2022|2023|2024|2025,944,17.1%,82.9%,0.750,0.683,0.648,0.692,0.715,0.018,-0.005,-0.004,47.4%,68.6%,74.1%,candidate_fp=126;pyf_fp=130;delta=-4,candidate_fn=61;pyf_fn=65;delta=-4,rows=128;candidate_error=4.7%;pyf_error=5.5%,rows=128;candidate_error=4.7%;pyf_error=5.5%,older_late_rows=74;young_early_rows=431,high_role_rows=347;low_sparse_role_rows=135,2022:0.794;2023:0.729;2024:0.736;2025:0.626,direction_stable_seasons=3/4,partial_coverage_not_full_2013_2025_comparable,INTERACTION_ONLY,Bounded predeclared receiving opportunity combination; prior ffop/NGS sidecars retain partial-window caveats when used.
GAUNTLET_083_DECLINE_DECLINE_COMBO_GUARD__PLUS_RECOPP_WOPR_NGS_PCT050_050,GAUNTLET_083_DECLINE_DECLINE_COMBO_GUARD,C01,prior_decline_decline_combo_guard,nflverse_receiving_opportunity+prior_sidecars,recopp_rec_opp_wopr_pct|ngs_ngs_position_signal_raw_pct,QB|RB|TE|WR,2022|2023|2024|2025,944,17.1%,82.9%,0.752,0.686,0.652,0.693,0.713,0.020,-0.003,-0.003,48.0%,68.2%,74.5%,candidate_fp=125;pyf_fp=130;delta=-5,candidate_fn=60;pyf_fn=65;delta=-5,rows=128;candidate_error=4.7%;pyf_error=5.5%,rows=128;candidate_error=4.7%;pyf_error=5.5%,older_late_rows=74;young_early_rows=431,high_role_rows=347;low_sparse_role_rows=135,2022:0.795;2023:0.732;2024:0.738;2025:0.626,direction_stable_seasons=3/4,partial_coverage_not_full_2013_2025_comparable,INTERACTION_ONLY,Bounded predeclared receiving opportunity combination; prior ffop/NGS sidecars retain partial-window caveats when used.
GAUNTLET_083_DECLINE_DECLINE_COMBO_GUARD__PLUS_RECOPP_WOPR_NGS_PCT050_025,GAUNTLET_083_DECLINE_DECLINE_COMBO_GUARD,C01,prior_decline_decline_combo_guard,nflverse_receiving_opportunity+prior_sidecars,recopp_rec_opp_wopr_pct|ngs_ngs_position_signal_raw_pct,QB|RB|TE|WR,2022|2023|2024|2025,944,17.1%,82.9%,0.752,0.687,0.650,0.693,0.715,0.019,-0.003,-0.003,47.4%,68.6%,74.3%,candidate_fp=126;pyf_fp=130;delta=-4,candidate_fn=61;pyf_fn=65;delta=-4,rows=128;candidate_error=4.7%;pyf_error=5.5%,rows=128;candidate_error=4.7%;pyf_error=5.5%,older_late_rows=74;young_early_rows=431,high_role_rows=347;low_sparse_role_rows=135,2022:0.794;2023:0.731;2024:0.737;2025:0.626,direction_stable_seasons=3/4,partial_coverage_not_full_2013_2025_comparable,INTERACTION_ONLY,Bounded predeclared receiving opportunity combination; prior ffop/NGS sidecars retain partial-window caveats when used.
GAUNTLET_083_DECLINE_DECLINE_COMBO_GUARD__PLUS_RECOPP_WOPR_NGS_PCT025_050,GAUNTLET_083_DECLINE_DECLINE_COMBO_GUARD,C01,prior_decline_decline_combo_guard,nflverse_receiving_opportunity+prior_sidecars,recopp_rec_opp_wopr_pct|ngs_ngs_position_signal_raw_pct,QB|RB|TE|WR,2022|2023|2024|2025,944,17.1%,82.9%,0.751,0.683,0.650,0.693,0.714,0.019,-0.004,-0.003,48.0%,68.2%,74.5%,candidate_fp=125;pyf_fp=130;delta=-5,candidate_fn=60;pyf_fn=65;delta=-5,rows=128;candidate_error=4.7%;pyf_error=5.5%,rows=128;candidate_error=4.7%;pyf_error=5.5%,older_late_rows=74;young_early_rows=431,high_role_rows=347;low_sparse_role_rows=135,2022:0.795;2023:0.730;2024:0.737;2025:0.626,direction_stable_seasons=3/4,partial_coverage_not_full_2013_2025_comparable,INTERACTION_ONLY,Bounded predeclared receiving opportunity combination; prior ffop/NGS sidecars retain partial-window caveats when used.
GAUNTLET_083_DECLINE_DECLINE_COMBO_GUARD__PLUS_RECOPP_WOPR_EPA_PCT025_025,GAUNTLET_083_DECLINE_DECLINE_COMBO_GUARD,C01,prior_decline_decline_combo_guard,nflverse_receiving_opportunity+prior_sidecars,recopp_rec_opp_wopr_pct|epa_epa_total_raw_pct,QB|RB|TE|WR,2013|2014|2015|2016|2017|2018|2019|2020|2021|2022|2023|2024|2025,5360,97.1%,2.9%,0.747,0.736,0.640,0.694,0.708,0.015,-0.008,-0.008,49.5%,67.4%,71.2%,candidate_fp=552;pyf_fp=573;delta=-21,candidate_fn=332;pyf_fn=353;delta=-21,rows=1321;candidate_error=3.3%;pyf_error=3.6%,rows=1321;candidate_error=3.3%;pyf_error=3.6%,older_late_rows=464;young_early_rows=2748,high_role_rows=1405;low_sparse_role_rows=1685,2013:0.693;2014:0.732;2015:0.681;2016:0.682;2017:0.740;2018:0.730;2019:0.740;2020:0.739;2021:0.755;2022:0.802;2023:0.789;2024:0.777;2025:0.789,direction_stable_seasons=11/13,partial_coverage_not_full_2013_2025_comparable,ADDITIVE_CANDIDATE,Bounded predeclared receiving opportunity combination; prior ffop/NGS sidecars retain partial-window caveats when used.
GAUNTLET_083_DECLINE_DECLINE_COMBO_GUARD__PLUS_RECOPP_WOPR_EPA_PCT050_050,GAUNTLET_083_DECLINE_DECLINE_COMBO_GUARD,C01,prior_decline_decline_combo_guard,nflverse_receiving_opportunity+prior_sidecars,recopp_rec_opp_wopr_pct|epa_epa_total_raw_pct,QB|RB|TE|WR,2013|2014|2015|2016|2017|2018|2019|2020|2021|2022|2023|2024|2025,5360,97.1%,2.9%,0.748,0.738,0.640,0.695,0.708,0.015,-0.007,-0.007,49.8%,67.9%,71.3%,candidate_fp=551;pyf_fp=573;delta=-22,candidate_fn=331;pyf_fn=353;delta=-22,rows=1321;candidate_error=3.3%;pyf_error=3.6%,rows=1321;candidate_error=3.3%;pyf_error=3.6%,older_late_rows=464;young_early_rows=2748,high_role_rows=1405;low_sparse_role_rows=1685,2013:0.694;2014:0.733;2015:0.679;2016:0.684;2017:0.741;2018:0.730;2019:0.741;2020:0.741;2021:0.755;2022:0.803;2023:0.790;2024:0.777;2025:0.789,direction_stable_seasons=12/13,partial_coverage_not_full_2013_2025_comparable,ADDITIVE_CANDIDATE,Bounded predeclared receiving opportunity combination; prior ffop/NGS sidecars retain partial-window caveats when used.
GAUNTLET_083_DECLINE_DECLINE_COMBO_GUARD__PLUS_RECOPP_WOPR_EPA_PCT050_025,GAUNTLET_083_DECLINE_DECLINE_COMBO_GUARD,C01,prior_decline_decline_combo_guard,nflverse_receiving_opportunity+prior_sidecars,recopp_rec_opp_wopr_pct|epa_epa_total_raw_pct,QB|RB|TE|WR,2013|2014|2015|2016|2017|2018|2019|2020|2021|2022|2023|2024|2025,5360,97.1%,2.9%,0.747,0.738,0.640,0.694,0.708,0.015,-0.008,-0.008,49.7%,67.6%,71.2%,candidate_fp=552;pyf_fp=573;delta=-21,candidate_fn=332;pyf_fn=353;delta=-21,rows=1321;candidate_error=3.3%;pyf_error=3.6%,rows=1321;candidate_error=3.3%;pyf_error=3.6%,older_late_rows=464;young_early_rows=2748,high_role_rows=1405;low_sparse_role_rows=1685,2013:0.694;2014:0.731;2015:0.680;2016:0.683;2017:0.740;2018:0.730;2019:0.740;2020:0.739;2021:0.755;2022:0.802;2023:0.790;2024:0.777;2025:0.790,direction_stable_seasons=12/13,partial_coverage_not_full_2013_2025_comparable,ADDITIVE_CANDIDATE,Bounded predeclared receiving opportunity combination; prior ffop/NGS sidecars retain partial-window caveats when used.
GAUNTLET_083_DECLINE_DECLINE_COMBO_GUARD__PLUS_RECOPP_WOPR_EPA_PCT025_050,GAUNTLET_083_DECLINE_DECLINE_COMBO_GUARD,C01,prior_decline_decline_combo_guard,nflverse_receiving_opportunity+prior_sidecars,recopp_rec_opp_wopr_pct|epa_epa_total_raw_pct,QB|RB|TE|WR,2013|2014|2015|2016|2017|2018|2019|2020|2021|2022|2023|2024|2025,5360,97.1%,2.9%,0.748,0.737,0.641,0.695,0.708,0.015,-0.007,-0.007,49.8%,67.9%,71.1%,candidate_fp=550;pyf_fp=573;delta=-23,candidate_fn=330;pyf_fn=353;delta=-23,rows=1321;candidate_error=3.3%;pyf_error=3.6%,rows=1321;candidate_error=3.3%;pyf_error=3.6%,older_late_rows=464;young_early_rows=2748,high_role_rows=1405;low_sparse_role_rows=1685,2013:0.693;2014:0.733;2015:0.680;2016:0.683;2017:0.741;2018:0.731;2019:0.741;2020:0.741;2021:0.756;2022:0.802;2023:0.789;2024:0.777;2025:0.789,direction_stable_seasons=12/13,partial_coverage_not_full_2013_2025_comparable,ADDITIVE_CANDIDATE,Bounded predeclared receiving opportunity combination; prior ffop/NGS sidecars retain partial-window caveats when used.
GAUNTLET_083_DECLINE_DECLINE_COMBO_GUARD__PLUS_RECOPP_WOPR_FFOP_NGS_PCT025_050_025,GAUNTLET_083_DECLINE_DECLINE_COMBO_GUARD,C01,prior_decline_decline_combo_guard,nflverse_receiving_opportunity+prior_sidecars,recopp_rec_opp_wopr_pct|ffop_ffop_xfp_total_pct|ngs_ngs_position_signal_raw_pct,QB|RB|TE|WR,2022|2023|2024|2025,943,17.1%,82.9%,0.751,0.683,0.648,0.693,0.715,0.018,-0.004,-0.004,47.4%,68.6%,74.1%,candidate_fp=126;pyf_fp=130;delta=-4,candidate_fn=61;pyf_fn=65;delta=-4,rows=128;candidate_error=4.7%;pyf_error=5.5%,rows=128;candidate_error=4.7%;pyf_error=5.5%,older_late_rows=74;young_early_rows=431,high_role_rows=347;low_sparse_role_rows=135,2022:0.793;2023:0.731;2024:0.737;2025:0.626,direction_stable_seasons=3/4,partial_coverage_not_full_2013_2025_comparable,INTERACTION_ONLY,Bounded predeclared receiving opportunity combination; prior ffop/NGS sidecars retain partial-window caveats when used.
GAUNTLET_083_DECLINE_DECLINE_COMBO_GUARD__PLUS_RECOPP_WOPR_FFOP_NGS_PCT050_025_025,GAUNTLET_083_DECLINE_DECLINE_COMBO_GUARD,C01,prior_decline_decline_combo_guard,nflverse_receiving_opportunity+prior_sidecars,recopp_rec_opp_wopr_pct|ffop_ffop_xfp_total_pct|ngs_ngs_position_signal_raw_pct,QB|RB|TE|WR,2022|2023|2024|2025,943,17.1%,82.9%,0.752,0.686,0.649,0.693,0.715,0.019,-0.003,-0.003,47.4%,68.6%,74.3%,candidate_fp=125;pyf_fp=130;delta=-5,candidate_fn=60;pyf_fn=65;delta=-5,rows=128;candidate_error=4.7%;pyf_error=5.5%,rows=128;candidate_error=4.7%;pyf_error=5.5%,older_late_rows=74;young_early_rows=431,high_role_rows=347;low_sparse_role_rows=135,2022:0.794;2023:0.732;2024:0.737;2025:0.626,direction_stable_seasons=3/4,partial_coverage_not_full_2013_2025_comparable,INTERACTION_ONLY,Bounded predeclared receiving opportunity combination; prior ffop/NGS sidecars retain partial-window caveats when used.
GAUNTLET_083_DECLINE_DECLINE_COMBO_GUARD__PLUS_RECOPP_WOPR_EPA_FFOP_PCT025_025_050,GAUNTLET_083_DECLINE_DECLINE_COMBO_GUARD,C01,prior_decline_decline_combo_guard,nflverse_receiving_opportunity+prior_sidecars,recopp_rec_opp_wopr_pct|epa_epa_total_raw_pct|ffop_ffop_xfp_total_pct,QB|RB|TE|WR,2022|2023|2024|2025,1736,31.5%,68.5%,0.790,0.701,0.710,0.738,0.756,0.011,0.035,0.035,47.4%,69.3%,75.3%,candidate_fp=162;pyf_fp=167;delta=-5,candidate_fn=92;pyf_fn=97;delta=-5,rows=433;candidate_error=2.1%;pyf_error=2.5%,rows=433;candidate_error=2.1%;pyf_error=2.5%,older_late_rows=129;young_early_rows=857,high_role_rows=456;low_sparse_role_rows=539,2022:0.800;2023:0.790;2024:0.776;2025:0.790,direction_stable_seasons=4/4,partial_coverage_not_full_2013_2025_comparable,INTERACTION_ONLY,Bounded predeclared receiving opportunity combination; prior ffop/NGS sidecars retain partial-window caveats when used.
GAUNTLET_083_DECLINE_DECLINE_COMBO_GUARD__PLUS_RECOPP_WOPR_EPA_FFOP_PCT050_025_025,GAUNTLET_083_DECLINE_DECLINE_COMBO_GUARD,C01,prior_decline_decline_combo_guard,nflverse_receiving_opportunity+prior_sidecars,recopp_rec_opp_wopr_pct|epa_epa_total_raw_pct|ffop_ffop_xfp_total_pct,QB|RB|TE|WR,2022|2023|2024|2025,1736,31.5%,68.5%,0.790,0.703,0.711,0.738,0.756,0.011,0.035,0.035,48.4%,69.3%,75.3%,candidate_fp=162;pyf_fp=167;delta=-5,candidate_fn=92;pyf_fn=97;delta=-5,rows=433;candidate_error=2.1%;pyf_error=2.5%,rows=433;candidate_error=2.1%;pyf_error=2.5%,older_late_rows=129;young_early_rows=857,high_role_rows=456;low_sparse_role_rows=539,2022:0.801;2023:0.790;2024:0.776;2025:0.790,direction_stable_seasons=4/4,partial_coverage_not_full_2013_2025_comparable,INTERACTION_ONLY,Bounded predeclared receiving opportunity combination; prior ffop/NGS sidecars retain partial-window caveats when used.
GAUNTLET_103_HYBRID_WR_TE_THREE_65_ROLE_AGE__PLUS_RECOPP_WOPR_FFOP_PCT025_025,GAUNTLET_103_HYBRID_WR_TE_THREE_65_ROLE_AGE,C02,hybrid_wr_te_three_65_role_age,nflverse_receiving_opportunity+prior_sidecars,recopp_rec_opp_wopr_pct|ffop_ffop_xfp_total_pct,TE|WR,2022|2023|2024|2025,1056,31.7%,68.3%,0.781,,,0.737,0.756,0.006,0.026,0.032,43.8%,66.7%,73.6%,candidate_fp=92;pyf_fp=89;delta=3,candidate_fn=51;pyf_fn=48;delta=3,rows=226;candidate_error=1.8%;pyf_error=1.8%,rows=226;candidate_error=1.8%;pyf_error=1.8%,older_late_rows=62;young_early_rows=533,high_role_rows=278;low_sparse_role_rows=295,2022:0.785;2023:0.815;2024:0.756;2025:0.770,direction_stable_seasons=4/4,partial_coverage_not_full_2013_2025_comparable,INTERACTION_ONLY,Bounded predeclared receiving opportunity combination; prior ffop/NGS sidecars retain partial-window caveats when used.
GAUNTLET_103_HYBRID_WR_TE_THREE_65_ROLE_AGE__PLUS_RECOPP_WOPR_FFOP_PCT050_050,GAUNTLET_103_HYBRID_WR_TE_THREE_65_ROLE_AGE,C02,hybrid_wr_te_three_65_role_age,nflverse_receiving_opportunity+prior_sidecars,recopp_rec_opp_wopr_pct|ffop_ffop_xfp_total_pct,TE|WR,2022|2023|2024|2025,1056,31.7%,68.3%,0.781,,,0.737,0.757,0.006,0.026,0.033,42.7%,66.1%,73.6%,candidate_fp=91;pyf_fp=89;delta=2,candidate_fn=50;pyf_fn=48;delta=2,rows=226;candidate_error=1.8%;pyf_error=1.8%,rows=226;candidate_error=1.8%;pyf_error=1.8%,older_late_rows=62;young_early_rows=533,high_role_rows=278;low_sparse_role_rows=295,2022:0.786;2023:0.816;2024:0.756;2025:0.770,direction_stable_seasons=4/4,partial_coverage_not_full_2013_2025_comparable,INTERACTION_ONLY,Bounded predeclared receiving opportunity combination; prior ffop/NGS sidecars retain partial-window caveats when used.
GAUNTLET_103_HYBRID_WR_TE_THREE_65_ROLE_AGE__PLUS_RECOPP_WOPR_FFOP_PCT050_025,GAUNTLET_103_HYBRID_WR_TE_THREE_65_ROLE_AGE,C02,hybrid_wr_te_three_65_role_age,nflverse_receiving_opportunity+prior_sidecars,recopp_rec_opp_wopr_pct|ffop_ffop_xfp_total_pct,TE|WR,2022|2023|2024|2025,1056,31.7%,68.3%,0.781,,,0.737,0.757,0.006,0.026,0.033,43.8%,66.1%,73.6%,candidate_fp=92;pyf_fp=89;delta=3,candidate_fn=51;pyf_fn=48;delta=3,rows=226;candidate_error=1.8%;pyf_error=1.8%,rows=226;candidate_error=1.8%;pyf_error=1.8%,older_late_rows=62;young_early_rows=533,high_role_rows=278;low_sparse_role_rows=295,2022:0.785;2023:0.815;2024:0.757;2025:0.771,direction_stable_seasons=4/4,partial_coverage_not_full_2013_2025_comparable,INTERACTION_ONLY,Bounded predeclared receiving opportunity combination; prior ffop/NGS sidecars retain partial-window caveats when used.
GAUNTLET_103_HYBRID_WR_TE_THREE_65_ROLE_AGE__PLUS_RECOPP_WOPR_FFOP_PCT025_050,GAUNTLET_103_HYBRID_WR_TE_THREE_65_ROLE_AGE,C02,hybrid_wr_te_three_65_role_age,nflverse_receiving_opportunity+prior_sidecars,recopp_rec_opp_wopr_pct|ffop_ffop_xfp_total_pct,TE|WR,2022|2023|2024|2025,1056,31.7%,68.3%,0.781,,,0.737,0.757,0.006,0.026,0.033,43.8%,66.1%,73.6%,candidate_fp=92;pyf_fp=89;delta=3,candidate_fn=51;pyf_fn=48;delta=3,rows=226;candidate_error=1.8%;pyf_error=1.8%,rows=226;candidate_error=1.8%;pyf_error=1.8%,older_late_rows=62;young_early_rows=533,high_role_rows=278;low_sparse_role_rows=295,2022:0.785;2023:0.816;2024:0.756;2025:0.770,direction_stable_seasons=4/4,partial_coverage_not_full_2013_2025_comparable,INTERACTION_ONLY,Bounded predeclared receiving opportunity combination; prior ffop/NGS sidecars retain partial-window caveats when used.
GAUNTLET_103_HYBRID_WR_TE_THREE_65_ROLE_AGE__PLUS_RECOPP_WOPR_NGS_PCT025_025,GAUNTLET_103_HYBRID_WR_TE_THREE_65_ROLE_AGE,C02,hybrid_wr_te_three_65_role_age,nflverse_receiving_opportunity+prior_sidecars,recopp_rec_opp_wopr_pct|ngs_ngs_position_signal_raw_pct,TE|WR,2022|2023|2024|2025,554,16.6%,83.4%,0.758,,,0.692,0.714,0.015,0.003,0.010,47.4%,67.6%,73.2%,candidate_fp=69;pyf_fp=69;delta=0,candidate_fn=32;pyf_fn=32;delta=0,rows=42;candidate_error=7.1%;pyf_error=7.1%,rows=42;candidate_error=7.1%;pyf_error=7.1%,older_late_rows=34;young_early_rows=259,high_role_rows=209;low_sparse_role_rows=47,2022:0.773;2023:0.791;2024:0.732;2025:0.738,direction_stable_seasons=4/4,partial_coverage_not_full_2013_2025_comparable,INTERACTION_ONLY,Bounded predeclared receiving opportunity combination; prior ffop/NGS sidecars retain partial-window caveats when used.
GAUNTLET_103_HYBRID_WR_TE_THREE_65_ROLE_AGE__PLUS_RECOPP_WOPR_NGS_PCT050_050,GAUNTLET_103_HYBRID_WR_TE_THREE_65_ROLE_AGE,C02,hybrid_wr_te_three_65_role_age,nflverse_receiving_opportunity+prior_sidecars,recopp_rec_opp_wopr_pct|ngs_ngs_position_signal_raw_pct,TE|WR,2022|2023|2024|2025,554,16.6%,83.4%,0.759,,,0.693,0.712,0.016,0.004,0.010,48.7%,66.9%,74.5%,candidate_fp=68;pyf_fp=69;delta=-1,candidate_fn=31;pyf_fn=32;delta=-1,rows=42;candidate_error=7.1%;pyf_error=7.1%,rows=42;candidate_error=7.1%;pyf_error=7.1%,older_late_rows=34;young_early_rows=259,high_role_rows=209;low_sparse_role_rows=47,2022:0.773;2023:0.792;2024:0.734;2025:0.738,direction_stable_seasons=4/4,partial_coverage_not_full_2013_2025_comparable,INTERACTION_ONLY,Bounded predeclared receiving opportunity combination; prior ffop/NGS sidecars retain partial-window caveats when used.
GAUNTLET_103_HYBRID_WR_TE_THREE_65_ROLE_AGE__PLUS_RECOPP_WOPR_NGS_PCT050_025,GAUNTLET_103_HYBRID_WR_TE_THREE_65_ROLE_AGE,C02,hybrid_wr_te_three_65_role_age,nflverse_receiving_opportunity+prior_sidecars,recopp_rec_opp_wopr_pct|ngs_ngs_position_signal_raw_pct,TE|WR,2022|2023|2024|2025,554,16.6%,83.4%,0.759,,,0.692,0.713,0.016,0.004,0.010,47.4%,67.6%,73.6%,candidate_fp=69;pyf_fp=69;delta=0,candidate_fn=32;pyf_fn=32;delta=0,rows=42;candidate_error=7.1%;pyf_error=7.1%,rows=42;candidate_error=7.1%;pyf_error=7.1%,older_late_rows=34;young_early_rows=259,high_role_rows=209;low_sparse_role_rows=47,2022:0.773;2023:0.792;2024:0.733;2025:0.738,direction_stable_seasons=4/4,partial_coverage_not_full_2013_2025_comparable,INTERACTION_ONLY,Bounded predeclared receiving opportunity combination; prior ffop/NGS sidecars retain partial-window caveats when used.
GAUNTLET_103_HYBRID_WR_TE_THREE_65_ROLE_AGE__PLUS_RECOPP_WOPR_NGS_PCT025_050,GAUNTLET_103_HYBRID_WR_TE_THREE_65_ROLE_AGE,C02,hybrid_wr_te_three_65_role_age,nflverse_receiving_opportunity+prior_sidecars,recopp_rec_opp_wopr_pct|ngs_ngs_position_signal_raw_pct,TE|WR,2022|2023|2024|2025,554,16.6%,83.4%,0.759,,,0.692,0.713,0.016,0.004,0.010,48.7%,66.9%,74.5%,candidate_fp=68;pyf_fp=69;delta=-1,candidate_fn=31;pyf_fn=32;delta=-1,rows=42;candidate_error=7.1%;pyf_error=7.1%,rows=42;candidate_error=7.1%;pyf_error=7.1%,older_late_rows=34;young_early_rows=259,high_role_rows=209;low_sparse_role_rows=47,2022:0.774;2023:0.791;2024:0.732;2025:0.738,direction_stable_seasons=4/4,partial_coverage_not_full_2013_2025_comparable,INTERACTION_ONLY,Bounded predeclared receiving opportunity combination; prior ffop/NGS sidecars retain partial-window caveats when used.
GAUNTLET_103_HYBRID_WR_TE_THREE_65_ROLE_AGE__PLUS_RECOPP_WOPR_EPA_PCT025_025,GAUNTLET_103_HYBRID_WR_TE_THREE_65_ROLE_AGE,C02,hybrid_wr_te_three_65_role_age,nflverse_receiving_opportunity+prior_sidecars,recopp_rec_opp_wopr_pct|epa_epa_total_raw_pct,TE|WR,2013|2014|2015|2016|2017|2018|2019|2020|2021|2022|2023|2024|2025,3228,96.8%,3.2%,0.741,,,0.694,0.709,0.014,-0.014,-0.008,47.8%,64.7%,68.3%,candidate_fp=299;pyf_fp=311;delta=-12,candidate_fn=181;pyf_fn=193;delta=-12,rows=692;candidate_error=2.0%;pyf_error=2.5%,rows=692;candidate_error=2.0%;pyf_error=2.5%,older_late_rows=207;young_early_rows=1680,high_role_rows=850;low_sparse_role_rows=921,2013:0.664;2014:0.753;2015:0.716;2016:0.694;2017:0.717;2018:0.714;2019:0.703;2020:0.740;2021:0.733;2022:0.786;2023:0.814;2024:0.757;2025:0.768,direction_stable_seasons=12/13,partial_coverage_not_full_2013_2025_comparable,ADDITIVE_CANDIDATE,Bounded predeclared receiving opportunity combination; prior ffop/NGS sidecars retain partial-window caveats when used.
GAUNTLET_103_HYBRID_WR_TE_THREE_65_ROLE_AGE__PLUS_RECOPP_WOPR_EPA_PCT050_050,GAUNTLET_103_HYBRID_WR_TE_THREE_65_ROLE_AGE,C02,hybrid_wr_te_three_65_role_age,nflverse_receiving_opportunity+prior_sidecars,recopp_rec_opp_wopr_pct|epa_epa_total_raw_pct,TE|WR,2013|2014|2015|2016|2017|2018|2019|2020|2021|2022|2023|2024|2025,3228,96.8%,3.2%,0.741,,,0.695,0.709,0.014,-0.014,-0.007,48.1%,64.7%,68.1%,candidate_fp=296;pyf_fp=311;delta=-15,candidate_fn=178;pyf_fn=193;delta=-15,rows=692;candidate_error=2.0%;pyf_error=2.5%,rows=692;candidate_error=2.0%;pyf_error=2.5%,older_late_rows=207;young_early_rows=1680,high_role_rows=850;low_sparse_role_rows=921,2013:0.663;2014:0.753;2015:0.715;2016:0.695;2017:0.719;2018:0.715;2019:0.705;2020:0.743;2021:0.733;2022:0.787;2023:0.813;2024:0.757;2025:0.768,direction_stable_seasons=12/13,partial_coverage_not_full_2013_2025_comparable,ADDITIVE_CANDIDATE,Bounded predeclared receiving opportunity combination; prior ffop/NGS sidecars retain partial-window caveats when used.
GAUNTLET_103_HYBRID_WR_TE_THREE_65_ROLE_AGE__PLUS_RECOPP_WOPR_EPA_PCT050_025,GAUNTLET_103_HYBRID_WR_TE_THREE_65_ROLE_AGE,C02,hybrid_wr_te_three_65_role_age,nflverse_receiving_opportunity+prior_sidecars,recopp_rec_opp_wopr_pct|epa_epa_total_raw_pct,TE|WR,2013|2014|2015|2016|2017|2018|2019|2020|2021|2022|2023|2024|2025,3228,96.8%,3.2%,0.741,,,0.694,0.708,0.014,-0.014,-0.008,47.8%,64.9%,68.3%,candidate_fp=299;pyf_fp=311;delta=-12,candidate_fn=181;pyf_fn=193;delta=-12,rows=692;candidate_error=2.0%;pyf_error=2.5%,rows=692;candidate_error=2.0%;pyf_error=2.5%,older_late_rows=207;young_early_rows=1680,high_role_rows=850;low_sparse_role_rows=921,2013:0.664;2014:0.752;2015:0.716;2016:0.694;2017:0.717;2018:0.714;2019:0.702;2020:0.741;2021:0.733;2022:0.785;2023:0.814;2024:0.757;2025:0.769,direction_stable_seasons=12/13,partial_coverage_not_full_2013_2025_comparable,ADDITIVE_CANDIDATE,Bounded predeclared receiving opportunity combination; prior ffop/NGS sidecars retain partial-window caveats when used.
GAUNTLET_103_HYBRID_WR_TE_THREE_65_ROLE_AGE__PLUS_RECOPP_WOPR_EPA_PCT025_050,GAUNTLET_103_HYBRID_WR_TE_THREE_65_ROLE_AGE,C02,hybrid_wr_te_three_65_role_age,nflverse_receiving_opportunity+prior_sidecars,recopp_rec_opp_wopr_pct|epa_epa_total_raw_pct,TE|WR,2013|2014|2015|2016|2017|2018|2019|2020|2021|2022|2023|2024|2025,3228,96.8%,3.2%,0.741,,,0.694,0.708,0.014,-0.014,-0.007,48.1%,64.7%,68.1%,candidate_fp=298;pyf_fp=311;delta=-13,candidate_fn=180;pyf_fn=193;delta=-13,rows=692;candidate_error=2.2%;pyf_error=2.5%,rows=692;candidate_error=2.2%;pyf_error=2.5%,older_late_rows=207;young_early_rows=1680,high_role_rows=850;low_sparse_role_rows=921,2013:0.664;2014:0.753;2015:0.714;2016:0.694;2017:0.719;2018:0.716;2019:0.704;2020:0.742;2021:0.732;2022:0.786;2023:0.812;2024:0.757;2025:0.769,direction_stable_seasons=12/13,partial_coverage_not_full_2013_2025_comparable,ADDITIVE_CANDIDATE,Bounded predeclared receiving opportunity combination; prior ffop/NGS sidecars retain partial-window caveats when used.
GAUNTLET_103_HYBRID_WR_TE_THREE_65_ROLE_AGE__PLUS_RECOPP_WOPR_FFOP_NGS_PCT025_050_025,GAUNTLET_103_HYBRID_WR_TE_THREE_65_ROLE_AGE,C02,hybrid_wr_te_three_65_role_age,nflverse_receiving_opportunity+prior_sidecars,recopp_rec_opp_wopr_pct|ffop_ffop_xfp_total_pct|ngs_ngs_position_signal_raw_pct,TE|WR,2022|2023|2024|2025,554,16.6%,83.4%,0.759,,,0.693,0.713,0.016,0.004,0.010,48.7%,67.6%,73.2%,candidate_fp=68;pyf_fp=69;delta=-1,candidate_fn=31;pyf_fn=32;delta=-1,rows=42;candidate_error=7.1%;pyf_error=7.1%,rows=42;candidate_error=7.1%;pyf_error=7.1%,older_late_rows=34;young_early_rows=259,high_role_rows=209;low_sparse_role_rows=47,2022:0.773;2023:0.792;2024:0.732;2025:0.738,direction_stable_seasons=4/4,partial_coverage_not_full_2013_2025_comparable,INTERACTION_ONLY,Bounded predeclared receiving opportunity combination; prior ffop/NGS sidecars retain partial-window caveats when used.
GAUNTLET_103_HYBRID_WR_TE_THREE_65_ROLE_AGE__PLUS_RECOPP_WOPR_FFOP_NGS_PCT050_025_025,GAUNTLET_103_HYBRID_WR_TE_THREE_65_ROLE_AGE,C02,hybrid_wr_te_three_65_role_age,nflverse_receiving_opportunity+prior_sidecars,recopp_rec_opp_wopr_pct|ffop_ffop_xfp_total_pct|ngs_ngs_position_signal_raw_pct,TE|WR,2022|2023|2024|2025,554,16.6%,83.4%,0.759,,,0.692,0.714,0.016,0.004,0.010,48.7%,67.6%,73.6%,candidate_fp=68;pyf_fp=69;delta=-1,candidate_fn=31;pyf_fn=32;delta=-1,rows=42;candidate_error=7.1%;pyf_error=7.1%,rows=42;candidate_error=7.1%;pyf_error=7.1%,older_late_rows=34;young_early_rows=259,high_role_rows=209;low_sparse_role_rows=47,2022:0.773;2023:0.792;2024:0.733;2025:0.738,direction_stable_seasons=4/4,partial_coverage_not_full_2013_2025_comparable,INTERACTION_ONLY,Bounded predeclared receiving opportunity combination; prior ffop/NGS sidecars retain partial-window caveats when used.
GAUNTLET_103_HYBRID_WR_TE_THREE_65_ROLE_AGE__PLUS_RECOPP_WOPR_EPA_FFOP_PCT025_025_050,GAUNTLET_103_HYBRID_WR_TE_THREE_65_ROLE_AGE,C02,hybrid_wr_te_three_65_role_age,nflverse_receiving_opportunity+prior_sidecars,recopp_rec_opp_wopr_pct|epa_epa_total_raw_pct|ffop_ffop_xfp_total_pct,TE|WR,2022|2023|2024|2025,1056,31.7%,68.3%,0.782,,,0.738,0.756,0.006,0.027,0.033,43.8%,67.7%,74.0%,candidate_fp=91;pyf_fp=89;delta=2,candidate_fn=50;pyf_fn=48;delta=2,rows=226;candidate_error=1.8%;pyf_error=1.8%,rows=226;candidate_error=1.8%;pyf_error=1.8%,older_late_rows=62;young_early_rows=533,high_role_rows=278;low_sparse_role_rows=295,2022:0.786;2023:0.815;2024:0.757;2025:0.770,direction_stable_seasons=4/4,partial_coverage_not_full_2013_2025_comparable,INTERACTION_ONLY,Bounded predeclared receiving opportunity combination; prior ffop/NGS sidecars retain partial-window caveats when used.
GAUNTLET_103_HYBRID_WR_TE_THREE_65_ROLE_AGE__PLUS_RECOPP_WOPR_EPA_FFOP_PCT050_025_025,GAUNTLET_103_HYBRID_WR_TE_THREE_65_ROLE_AGE,C02,hybrid_wr_te_three_65_role_age,nflverse_receiving_opportunity+prior_sidecars,recopp_rec_opp_wopr_pct|epa_epa_total_raw_pct|ffop_ffop_xfp_total_pct,TE|WR,2022|2023|2024|2025,1056,31.7%,68.3%,0.781,,,0.737,0.756,0.006,0.026,0.033,43.8%,67.7%,74.0%,candidate_fp=91;pyf_fp=89;delta=2,candidate_fn=50;pyf_fn=48;delta=2,rows=226;candidate_error=1.8%;pyf_error=1.8%,rows=226;candidate_error=1.8%;pyf_error=1.8%,older_late_rows=62;young_early_rows=533,high_role_rows=278;low_sparse_role_rows=295,2022:0.786;2023:0.815;2024:0.757;2025:0.770,direction_stable_seasons=4/4,partial_coverage_not_full_2013_2025_comparable,INTERACTION_ONLY,Bounded predeclared receiving opportunity combination; prior ffop/NGS sidecars retain partial-window caveats when used.
GAUNTLET_094_ROLE_WR_TE_TARGET_ROLE_REPORT__PLUS_RECOPP_WOPR_FFOP_PCT025_025,GAUNTLET_094_ROLE_WR_TE_TARGET_ROLE_REPORT,C02,role_archetype_wr_te_target_role_report,nflverse_receiving_opportunity+prior_sidecars,recopp_rec_opp_wopr_pct|ffop_ffop_xfp_total_pct,TE|WR,2022|2023|2024|2025,1056,31.7%,68.3%,0.780,,,0.736,0.757,0.005,0.025,0.032,44.8%,67.2%,74.7%,candidate_fp=91;pyf_fp=89;delta=2,candidate_fn=50;pyf_fn=48;delta=2,rows=226;candidate_error=1.8%;pyf_error=1.8%,rows=226;candidate_error=1.8%;pyf_error=1.8%,older_late_rows=62;young_early_rows=533,high_role_rows=278;low_sparse_role_rows=295,2022:0.785;2023:0.811;2024:0.757;2025:0.769,direction_stable_seasons=4/4,partial_coverage_not_full_2013_2025_comparable,INTERACTION_ONLY,Bounded predeclared receiving opportunity combination; prior ffop/NGS sidecars retain partial-window caveats when used.
GAUNTLET_094_ROLE_WR_TE_TARGET_ROLE_REPORT__PLUS_RECOPP_WOPR_FFOP_PCT050_050,GAUNTLET_094_ROLE_WR_TE_TARGET_ROLE_REPORT,C02,role_archetype_wr_te_target_role_report,nflverse_receiving_opportunity+prior_sidecars,recopp_rec_opp_wopr_pct|ffop_ffop_xfp_total_pct,TE|WR,2022|2023|2024|2025,1056,31.7%,68.3%,0.781,,,0.737,0.757,0.006,0.026,0.033,43.8%,67.2%,74.0%,candidate_fp=91;pyf_fp=89;delta=2,candidate_fn=50;pyf_fn=48;delta=2,rows=226;candidate_error=1.8%;pyf_error=1.8%,rows=226;candidate_error=1.8%;pyf_error=1.8%,older_late_rows=62;young_early_rows=533,high_role_rows=278;low_sparse_role_rows=295,2022:0.785;2023:0.814;2024:0.758;2025:0.770,direction_stable_seasons=4/4,partial_coverage_not_full_2013_2025_comparable,INTERACTION_ONLY,Bounded predeclared receiving opportunity combination; prior ffop/NGS sidecars retain partial-window caveats when used.
GAUNTLET_094_ROLE_WR_TE_TARGET_ROLE_REPORT__PLUS_RECOPP_WOPR_FFOP_PCT050_025,GAUNTLET_094_ROLE_WR_TE_TARGET_ROLE_REPORT,C02,role_archetype_wr_te_target_role_report,nflverse_receiving_opportunity+prior_sidecars,recopp_rec_opp_wopr_pct|ffop_ffop_xfp_total_pct,TE|WR,2022|2023|2024|2025,1056,31.7%,68.3%,0.781,,,0.737,0.757,0.005,0.026,0.033,44.8%,67.2%,74.3%,candidate_fp=91;pyf_fp=89;delta=2,candidate_fn=50;pyf_fn=48;delta=2,rows=226;candidate_error=1.8%;pyf_error=1.8%,rows=226;candidate_error=1.8%;pyf_error=1.8%,older_late_rows=62;young_early_rows=533,high_role_rows=278;low_sparse_role_rows=295,2022:0.784;2023:0.812;2024:0.759;2025:0.770,direction_stable_seasons=4/4,partial_coverage_not_full_2013_2025_comparable,INTERACTION_ONLY,Bounded predeclared receiving opportunity combination; prior ffop/NGS sidecars retain partial-window caveats when used.
GAUNTLET_094_ROLE_WR_TE_TARGET_ROLE_REPORT__PLUS_RECOPP_WOPR_FFOP_PCT025_050,GAUNTLET_094_ROLE_WR_TE_TARGET_ROLE_REPORT,C02,role_archetype_wr_te_target_role_report,nflverse_receiving_opportunity+prior_sidecars,recopp_rec_opp_wopr_pct|ffop_ffop_xfp_total_pct,TE|WR,2022|2023|2024|2025,1056,31.7%,68.3%,0.781,,,0.737,0.757,0.006,0.026,0.033,44.8%,67.2%,74.3%,candidate_fp=91;pyf_fp=89;delta=2,candidate_fn=50;pyf_fn=48;delta=2,rows=226;candidate_error=1.8%;pyf_error=1.8%,rows=226;candidate_error=1.8%;pyf_error=1.8%,older_late_rows=62;young_early_rows=533,high_role_rows=278;low_sparse_role_rows=295,2022:0.785;2023:0.813;2024:0.758;2025:0.770,direction_stable_seasons=4/4,partial_coverage_not_full_2013_2025_comparable,INTERACTION_ONLY,Bounded predeclared receiving opportunity combination; prior ffop/NGS sidecars retain partial-window caveats when used.
GAUNTLET_094_ROLE_WR_TE_TARGET_ROLE_REPORT__PLUS_RECOPP_WOPR_NGS_PCT025_025,GAUNTLET_094_ROLE_WR_TE_TARGET_ROLE_REPORT,C02,role_archetype_wr_te_target_role_report,nflverse_receiving_opportunity+prior_sidecars,recopp_rec_opp_wopr_pct|ngs_ngs_position_signal_raw_pct,TE|WR,2022|2023|2024|2025,554,16.6%,83.4%,0.757,,,0.689,0.715,0.014,0.002,0.009,47.4%,67.6%,73.6%,candidate_fp=69;pyf_fp=69;delta=0,candidate_fn=32;pyf_fn=32;delta=0,rows=42;candidate_error=7.1%;pyf_error=7.1%,rows=42;candidate_error=7.1%;pyf_error=7.1%,older_late_rows=34;young_early_rows=259,high_role_rows=209;low_sparse_role_rows=47,2022:0.771;2023:0.786;2024:0.735;2025:0.738,direction_stable_seasons=4/4,partial_coverage_not_full_2013_2025_comparable,INTERACTION_ONLY,Bounded predeclared receiving opportunity combination; prior ffop/NGS sidecars retain partial-window caveats when used.
GAUNTLET_094_ROLE_WR_TE_TARGET_ROLE_REPORT__PLUS_RECOPP_WOPR_NGS_PCT050_050,GAUNTLET_094_ROLE_WR_TE_TARGET_ROLE_REPORT,C02,role_archetype_wr_te_target_role_report,nflverse_receiving_opportunity+prior_sidecars,recopp_rec_opp_wopr_pct|ngs_ngs_position_signal_raw_pct,TE|WR,2022|2023|2024|2025,554,16.6%,83.4%,0.758,,,0.691,0.715,0.016,0.003,0.010,47.4%,66.2%,74.1%,candidate_fp=69;pyf_fp=69;delta=0,candidate_fn=32;pyf_fn=32;delta=0,rows=42;candidate_error=7.1%;pyf_error=7.1%,rows=42;candidate_error=7.1%;pyf_error=7.1%,older_late_rows=34;young_early_rows=259,high_role_rows=209;low_sparse_role_rows=47,2022:0.772;2023:0.788;2024:0.735;2025:0.738,direction_stable_seasons=4/4,partial_coverage_not_full_2013_2025_comparable,INTERACTION_ONLY,Bounded predeclared receiving opportunity combination; prior ffop/NGS sidecars retain partial-window caveats when used.
GAUNTLET_094_ROLE_WR_TE_TARGET_ROLE_REPORT__PLUS_RECOPP_WOPR_NGS_PCT050_025,GAUNTLET_094_ROLE_WR_TE_TARGET_ROLE_REPORT,C02,role_archetype_wr_te_target_role_report,nflverse_receiving_opportunity+prior_sidecars,recopp_rec_opp_wopr_pct|ngs_ngs_position_signal_raw_pct,TE|WR,2022|2023|2024|2025,554,16.6%,83.4%,0.757,,,0.690,0.716,0.015,0.002,0.009,47.4%,67.6%,73.6%,candidate_fp=69;pyf_fp=69;delta=0,candidate_fn=32;pyf_fn=32;delta=0,rows=42;candidate_error=7.1%;pyf_error=7.1%,rows=42;candidate_error=7.1%;pyf_error=7.1%,older_late_rows=34;young_early_rows=259,high_role_rows=209;low_sparse_role_rows=47,2022:0.771;2023:0.787;2024:0.735;2025:0.738,direction_stable_seasons=4/4,partial_coverage_not_full_2013_2025_comparable,INTERACTION_ONLY,Bounded predeclared receiving opportunity combination; prior ffop/NGS sidecars retain partial-window caveats when used.
GAUNTLET_094_ROLE_WR_TE_TARGET_ROLE_REPORT__PLUS_RECOPP_WOPR_NGS_PCT025_050,GAUNTLET_094_ROLE_WR_TE_TARGET_ROLE_REPORT,C02,role_archetype_wr_te_target_role_report,nflverse_receiving_opportunity+prior_sidecars,recopp_rec_opp_wopr_pct|ngs_ngs_position_signal_raw_pct,TE|WR,2022|2023|2024|2025,554,16.6%,83.4%,0.758,,,0.691,0.714,0.015,0.003,0.009,47.4%,66.2%,74.1%,candidate_fp=69;pyf_fp=69;delta=0,candidate_fn=32;pyf_fn=32;delta=0,rows=42;candidate_error=7.1%;pyf_error=7.1%,rows=42;candidate_error=7.1%;pyf_error=7.1%,older_late_rows=34;young_early_rows=259,high_role_rows=209;low_sparse_role_rows=47,2022:0.773;2023:0.788;2024:0.733;2025:0.738,direction_stable_seasons=4/4,partial_coverage_not_full_2013_2025_comparable,INTERACTION_ONLY,Bounded predeclared receiving opportunity combination; prior ffop/NGS sidecars retain partial-window caveats when used.
GAUNTLET_094_ROLE_WR_TE_TARGET_ROLE_REPORT__PLUS_RECOPP_WOPR_EPA_PCT025_025,GAUNTLET_094_ROLE_WR_TE_TARGET_ROLE_REPORT,C02,role_archetype_wr_te_target_role_report,nflverse_receiving_opportunity+prior_sidecars,recopp_rec_opp_wopr_pct|epa_epa_total_raw_pct,TE|WR,2013|2014|2015|2016|2017|2018|2019|2020|2021|2022|2023|2024|2025,3228,96.8%,3.2%,0.740,,,0.693,0.709,0.013,-0.015,-0.008,48.4%,64.9%,68.7%,candidate_fp=299;pyf_fp=311;delta=-12,candidate_fn=181;pyf_fn=193;delta=-12,rows=692;candidate_error=2.2%;pyf_error=2.5%,rows=692;candidate_error=2.2%;pyf_error=2.5%,older_late_rows=207;young_early_rows=1680,high_role_rows=850;low_sparse_role_rows=921,2013:0.664;2014:0.750;2015:0.714;2016:0.695;2017:0.713;2018:0.715;2019:0.699;2020:0.744;2021:0.734;2022:0.785;2023:0.809;2024:0.759;2025:0.768,direction_stable_seasons=12/13,partial_coverage_not_full_2013_2025_comparable,ADDITIVE_CANDIDATE,Bounded predeclared receiving opportunity combination; prior ffop/NGS sidecars retain partial-window caveats when used.
GAUNTLET_094_ROLE_WR_TE_TARGET_ROLE_REPORT__PLUS_RECOPP_WOPR_EPA_PCT050_050,GAUNTLET_094_ROLE_WR_TE_TARGET_ROLE_REPORT,C02,role_archetype_wr_te_target_role_report,nflverse_receiving_opportunity+prior_sidecars,recopp_rec_opp_wopr_pct|epa_epa_total_raw_pct,TE|WR,2013|2014|2015|2016|2017|2018|2019|2020|2021|2022|2023|2024|2025,3228,96.8%,3.2%,0.741,,,0.694,0.708,0.014,-0.014,-0.007,48.1%,64.4%,68.4%,candidate_fp=301;pyf_fp=311;delta=-10,candidate_fn=183;pyf_fn=193;delta=-10,rows=692;candidate_error=2.2%;pyf_error=2.5%,rows=692;candidate_error=2.2%;pyf_error=2.5%,older_late_rows=207;young_early_rows=1680,high_role_rows=850;low_sparse_role_rows=921,2013:0.663;2014:0.749;2015:0.714;2016:0.696;2017:0.715;2018:0.716;2019:0.701;2020:0.745;2021:0.734;2022:0.786;2023:0.810;2024:0.761;2025:0.769,direction_stable_seasons=12/13,partial_coverage_not_full_2013_2025_comparable,ADDITIVE_CANDIDATE,Bounded predeclared receiving opportunity combination; prior ffop/NGS sidecars retain partial-window caveats when used.
GAUNTLET_094_ROLE_WR_TE_TARGET_ROLE_REPORT__PLUS_RECOPP_WOPR_EPA_PCT050_025,GAUNTLET_094_ROLE_WR_TE_TARGET_ROLE_REPORT,C02,role_archetype_wr_te_target_role_report,nflverse_receiving_opportunity+prior_sidecars,recopp_rec_opp_wopr_pct|epa_epa_total_raw_pct,TE|WR,2013|2014|2015|2016|2017|2018|2019|2020|2021|2022|2023|2024|2025,3228,96.8%,3.2%,0.741,,,0.693,0.709,0.013,-0.014,-0.008,48.4%,65.2%,68.8%,candidate_fp=299;pyf_fp=311;delta=-12,candidate_fn=181;pyf_fn=193;delta=-12,rows=692;candidate_error=2.2%;pyf_error=2.5%,rows=692;candidate_error=2.2%;pyf_error=2.5%,older_late_rows=207;young_early_rows=1680,high_role_rows=850;low_sparse_role_rows=921,2013:0.664;2014:0.748;2015:0.715;2016:0.696;2017:0.713;2018:0.715;2019:0.699;2020:0.744;2021:0.735;2022:0.785;2023:0.810;2024:0.759;2025:0.769,direction_stable_seasons=12/13,partial_coverage_not_full_2013_2025_comparable,ADDITIVE_CANDIDATE,Bounded predeclared receiving opportunity combination; prior ffop/NGS sidecars retain partial-window caveats when used.
GAUNTLET_094_ROLE_WR_TE_TARGET_ROLE_REPORT__PLUS_RECOPP_WOPR_EPA_PCT025_050,GAUNTLET_094_ROLE_WR_TE_TARGET_ROLE_REPORT,C02,role_archetype_wr_te_target_role_report,nflverse_receiving_opportunity+prior_sidecars,recopp_rec_opp_wopr_pct|epa_epa_total_raw_pct,TE|WR,2013|2014|2015|2016|2017|2018|2019|2020|2021|2022|2023|2024|2025,3228,96.8%,3.2%,0.741,,,0.693,0.708,0.013,-0.014,-0.008,48.4%,64.4%,68.4%,candidate_fp=301;pyf_fp=311;delta=-10,candidate_fn=183;pyf_fn=193;delta=-10,rows=692;candidate_error=2.2%;pyf_error=2.5%,rows=692;candidate_error=2.2%;pyf_error=2.5%,older_late_rows=207;young_early_rows=1680,high_role_rows=850;low_sparse_role_rows=921,2013:0.664;2014:0.750;2015:0.712;2016:0.695;2017:0.715;2018:0.715;2019:0.701;2020:0.745;2021:0.734;2022:0.786;2023:0.808;2024:0.760;2025:0.768,direction_stable_seasons=12/13,partial_coverage_not_full_2013_2025_comparable,ADDITIVE_CANDIDATE,Bounded predeclared receiving opportunity combination; prior ffop/NGS sidecars retain partial-window caveats when used.
GAUNTLET_094_ROLE_WR_TE_TARGET_ROLE_REPORT__PLUS_RECOPP_WOPR_FFOP_NGS_PCT025_050_025,GAUNTLET_094_ROLE_WR_TE_TARGET_ROLE_REPORT,C02,role_archetype_wr_te_target_role_report,nflverse_receiving_opportunity+prior_sidecars,recopp_rec_opp_wopr_pct|ffop_ffop_xfp_total_pct|ngs_ngs_position_signal_raw_pct,TE|WR,2022|2023|2024|2025,554,16.6%,83.4%,0.757,,,0.691,0.713,0.015,0.002,0.009,47.4%,67.6%,73.2%,candidate_fp=69;pyf_fp=69;delta=0,candidate_fn=32;pyf_fn=32;delta=0,rows=42;candidate_error=7.1%;pyf_error=7.1%,rows=42;candidate_error=7.1%;pyf_error=7.1%,older_late_rows=34;young_early_rows=259,high_role_rows=209;low_sparse_role_rows=47,2022:0.771;2023:0.789;2024:0.733;2025:0.738,direction_stable_seasons=4/4,partial_coverage_not_full_2013_2025_comparable,INTERACTION_ONLY,Bounded predeclared receiving opportunity combination; prior ffop/NGS sidecars retain partial-window caveats when used.
GAUNTLET_094_ROLE_WR_TE_TARGET_ROLE_REPORT__PLUS_RECOPP_WOPR_FFOP_NGS_PCT050_025_025,GAUNTLET_094_ROLE_WR_TE_TARGET_ROLE_REPORT,C02,role_archetype_wr_te_target_role_report,nflverse_receiving_opportunity+prior_sidecars,recopp_rec_opp_wopr_pct|ffop_ffop_xfp_total_pct|ngs_ngs_position_signal_raw_pct,TE|WR,2022|2023|2024|2025,554,16.6%,83.4%,0.758,,,0.691,0.714,0.015,0.003,0.009,47.4%,66.9%,73.2%,candidate_fp=69;pyf_fp=69;delta=0,candidate_fn=32;pyf_fn=32;delta=0,rows=42;candidate_error=7.1%;pyf_error=7.1%,rows=42;candidate_error=7.1%;pyf_error=7.1%,older_late_rows=34;young_early_rows=259,high_role_rows=209;low_sparse_role_rows=47,2022:0.771;2023:0.788;2024:0.735;2025:0.738,direction_stable_seasons=4/4,partial_coverage_not_full_2013_2025_comparable,INTERACTION_ONLY,Bounded predeclared receiving opportunity combination; prior ffop/NGS sidecars retain partial-window caveats when used.
GAUNTLET_094_ROLE_WR_TE_TARGET_ROLE_REPORT__PLUS_RECOPP_WOPR_EPA_FFOP_PCT025_025_050,GAUNTLET_094_ROLE_WR_TE_TARGET_ROLE_REPORT,C02,role_archetype_wr_te_target_role_report,nflverse_receiving_opportunity+prior_sidecars,recopp_rec_opp_wopr_pct|epa_epa_total_raw_pct|ffop_ffop_xfp_total_pct,TE|WR,2022|2023|2024|2025,1056,31.7%,68.3%,0.781,,,0.737,0.757,0.006,0.026,0.033,44.8%,67.2%,74.0%,candidate_fp=91;pyf_fp=89;delta=2,candidate_fn=50;pyf_fn=48;delta=2,rows=226;candidate_error=1.8%;pyf_error=1.8%,rows=226;candidate_error=1.8%;pyf_error=1.8%,older_late_rows=62;young_early_rows=533,high_role_rows=278;low_sparse_role_rows=295,2022:0.785;2023:0.812;2024:0.759;2025:0.770,direction_stable_seasons=4/4,partial_coverage_not_full_2013_2025_comparable,INTERACTION_ONLY,Bounded predeclared receiving opportunity combination; prior ffop/NGS sidecars retain partial-window caveats when used.
GAUNTLET_094_ROLE_WR_TE_TARGET_ROLE_REPORT__PLUS_RECOPP_WOPR_EPA_FFOP_PCT050_025_025,GAUNTLET_094_ROLE_WR_TE_TARGET_ROLE_REPORT,C02,role_archetype_wr_te_target_role_report,nflverse_receiving_opportunity+prior_sidecars,recopp_rec_opp_wopr_pct|epa_epa_total_raw_pct|ffop_ffop_xfp_total_pct,TE|WR,2022|2023|2024|2025,1056,31.7%,68.3%,0.781,,,0.737,0.757,0.005,0.026,0.033,44.8%,67.2%,74.0%,candidate_fp=90;pyf_fp=89;delta=1,candidate_fn=49;pyf_fn=48;delta=1,rows=226;candidate_error=1.8%;pyf_error=1.8%,rows=226;candidate_error=1.8%;pyf_error=1.8%,older_late_rows=62;young_early_rows=533,high_role_rows=278;low_sparse_role_rows=295,2022:0.786;2023:0.811;2024:0.758;2025:0.770,direction_stable_seasons=4/4,partial_coverage_not_full_2013_2025_comparable,INTERACTION_ONLY,Bounded predeclared receiving opportunity combination; prior ffop/NGS sidecars retain partial-window caveats when used.
GAUNTLET_039_QB_THREE_55_30_15__PLUS_RECOPP_WOPR_FFOP_PCT025_025,GAUNTLET_039_QB_THREE_55_30_15,C03,QB_only_three_year_0.55_0.30_0.15,nflverse_receiving_opportunity+prior_sidecars,recopp_rec_opp_wopr_pct|ffop_ffop_xfp_total_pct,QB,2022|2023|2024|2025,256,34.0%,66.0%,0.710,0.710,,,,0.035,-0.045,-0.026,52.1%,77.1%,81.2%,candidate_fp=17;pyf_fp=19;delta=-2,candidate_fn=22;pyf_fn=24;delta=-2,rows=120;candidate_error=1.7%;pyf_error=1.7%,rows=120;candidate_error=1.7%;pyf_error=1.7%,older_late_rows=57;young_early_rows=81,high_role_rows=65;low_sparse_role_rows=122,2022:0.787;2023:0.597;2024:0.694;2025:0.741,direction_stable_seasons=3/4,partial_coverage_not_full_2013_2025_comparable,INTERACTION_ONLY,Bounded predeclared receiving opportunity combination; prior ffop/NGS sidecars retain partial-window caveats when used.
GAUNTLET_039_QB_THREE_55_30_15__PLUS_RECOPP_WOPR_FFOP_PCT050_050,GAUNTLET_039_QB_THREE_55_30_15,C03,QB_only_three_year_0.55_0.30_0.15,nflverse_receiving_opportunity+prior_sidecars,recopp_rec_opp_wopr_pct|ffop_ffop_xfp_total_pct,QB,2022|2023|2024|2025,256,34.0%,66.0%,0.711,0.711,,,,0.037,-0.044,-0.025,52.1%,76.0%,81.2%,candidate_fp=17;pyf_fp=19;delta=-2,candidate_fn=22;pyf_fn=24;delta=-2,rows=120;candidate_error=1.7%;pyf_error=1.7%,rows=120;candidate_error=1.7%;pyf_error=1.7%,older_late_rows=57;young_early_rows=81,high_role_rows=65;low_sparse_role_rows=122,2022:0.789;2023:0.605;2024:0.688;2025:0.744,direction_stable_seasons=3/4,partial_coverage_not_full_2013_2025_comparable,INTERACTION_ONLY,Bounded predeclared receiving opportunity combination; prior ffop/NGS sidecars retain partial-window caveats when used.
GAUNTLET_039_QB_THREE_55_30_15__PLUS_RECOPP_WOPR_FFOP_PCT050_025,GAUNTLET_039_QB_THREE_55_30_15,C03,QB_only_three_year_0.55_0.30_0.15,nflverse_receiving_opportunity+prior_sidecars,recopp_rec_opp_wopr_pct|ffop_ffop_xfp_total_pct,QB,2022|2023|2024|2025,256,34.0%,66.0%,0.712,0.712,,,,0.038,-0.043,-0.024,52.1%,76.0%,81.2%,candidate_fp=17;pyf_fp=19;delta=-2,candidate_fn=22;pyf_fn=24;delta=-2,rows=120;candidate_error=1.7%;pyf_error=1.7%,rows=120;candidate_error=1.7%;pyf_error=1.7%,older_late_rows=57;young_early_rows=81,high_role_rows=65;low_sparse_role_rows=122,2022:0.790;2023:0.602;2024:0.692;2025:0.745,direction_stable_seasons=3/4,partial_coverage_not_full_2013_2025_comparable,INTERACTION_ONLY,Bounded predeclared receiving opportunity combination; prior ffop/NGS sidecars retain partial-window caveats when used.
GAUNTLET_039_QB_THREE_55_30_15__PLUS_RECOPP_WOPR_FFOP_PCT025_050,GAUNTLET_039_QB_THREE_55_30_15,C03,QB_only_three_year_0.55_0.30_0.15,nflverse_receiving_opportunity+prior_sidecars,recopp_rec_opp_wopr_pct|ffop_ffop_xfp_total_pct,QB,2022|2023|2024|2025,256,34.0%,66.0%,0.709,0.709,,,,0.034,-0.046,-0.027,52.1%,77.1%,81.2%,candidate_fp=17;pyf_fp=19;delta=-2,candidate_fn=22;pyf_fn=24;delta=-2,rows=120;candidate_error=1.7%;pyf_error=1.7%,rows=120;candidate_error=1.7%;pyf_error=1.7%,older_late_rows=57;young_early_rows=81,high_role_rows=65;low_sparse_role_rows=122,2022:0.787;2023:0.597;2024:0.688;2025:0.742,direction_stable_seasons=3/4,partial_coverage_not_full_2013_2025_comparable,INTERACTION_ONLY,Bounded predeclared receiving opportunity combination; prior ffop/NGS sidecars retain partial-window caveats when used.
GAUNTLET_039_QB_THREE_55_30_15__PLUS_RECOPP_WOPR_NGS_PCT025_025,GAUNTLET_039_QB_THREE_55_30_15,C03,QB_only_three_year_0.55_0.30_0.15,nflverse_receiving_opportunity+prior_sidecars,recopp_rec_opp_wopr_pct|ngs_ngs_position_signal_raw_pct,QB,2022|2023|2024|2025,163,21.6%,78.4%,0.682,0.682,,,,0.029,-0.073,-0.054,47.4%,75.7%,79.1%,candidate_fp=15;pyf_fp=15;delta=0,candidate_fn=16;pyf_fn=16;delta=0,rows=61;candidate_error=1.6%;pyf_error=1.6%,rows=61;candidate_error=1.6%;pyf_error=1.6%,older_late_rows=33;young_early_rows=52,high_role_rows=51;low_sparse_role_rows=62,2022:0.756;2023:0.576;2024:0.689;2025:-1.000,direction_stable_seasons=2/4,partial_coverage_not_full_2013_2025_comparable,INTERACTION_ONLY,Bounded predeclared receiving opportunity combination; prior ffop/NGS sidecars retain partial-window caveats when used.
GAUNTLET_039_QB_THREE_55_30_15__PLUS_RECOPP_WOPR_NGS_PCT050_050,GAUNTLET_039_QB_THREE_55_30_15,C03,QB_only_three_year_0.55_0.30_0.15,nflverse_receiving_opportunity+prior_sidecars,recopp_rec_opp_wopr_pct|ngs_ngs_position_signal_raw_pct,QB,2022|2023|2024|2025,163,21.6%,78.4%,0.686,0.686,,,,0.033,-0.069,-0.050,50.0%,75.7%,79.1%,candidate_fp=15;pyf_fp=15;delta=0,candidate_fn=16;pyf_fn=16;delta=0,rows=61;candidate_error=1.6%;pyf_error=1.6%,rows=61;candidate_error=1.6%;pyf_error=1.6%,older_late_rows=33;young_early_rows=52,high_role_rows=51;low_sparse_role_rows=62,2022:0.768;2023:0.585;2024:0.681;2025:1.000,direction_stable_seasons=3/4,partial_coverage_not_full_2013_2025_comparable,INTERACTION_ONLY,Bounded predeclared receiving opportunity combination; prior ffop/NGS sidecars retain partial-window caveats when used.
GAUNTLET_039_QB_THREE_55_30_15__PLUS_RECOPP_WOPR_NGS_PCT050_025,GAUNTLET_039_QB_THREE_55_30_15,C03,QB_only_three_year_0.55_0.30_0.15,nflverse_receiving_opportunity+prior_sidecars,recopp_rec_opp_wopr_pct|ngs_ngs_position_signal_raw_pct,QB,2022|2023|2024|2025,163,21.6%,78.4%,0.687,0.687,,,,0.034,-0.068,-0.049,50.0%,75.7%,79.1%,candidate_fp=15;pyf_fp=15;delta=0,candidate_fn=16;pyf_fn=16;delta=0,rows=61;candidate_error=1.6%;pyf_error=1.6%,rows=61;candidate_error=1.6%;pyf_error=1.6%,older_late_rows=33;young_early_rows=52,high_role_rows=51;low_sparse_role_rows=62,2022:0.765;2023:0.582;2024:0.688;2025:-1.000,direction_stable_seasons=2/4,partial_coverage_not_full_2013_2025_comparable,INTERACTION_ONLY,Bounded predeclared receiving opportunity combination; prior ffop/NGS sidecars retain partial-window caveats when used.
GAUNTLET_039_QB_THREE_55_30_15__PLUS_RECOPP_WOPR_NGS_PCT025_050,GAUNTLET_039_QB_THREE_55_30_15,C03,QB_only_three_year_0.55_0.30_0.15,nflverse_receiving_opportunity+prior_sidecars,recopp_rec_opp_wopr_pct|ngs_ngs_position_signal_raw_pct,QB,2022|2023|2024|2025,163,21.6%,78.4%,0.683,0.683,,,,0.030,-0.072,-0.053,47.4%,75.7%,79.1%,candidate_fp=15;pyf_fp=15;delta=0,candidate_fn=16;pyf_fn=16;delta=0,rows=61;candidate_error=1.6%;pyf_error=1.6%,rows=61;candidate_error=1.6%;pyf_error=1.6%,older_late_rows=33;young_early_rows=52,high_role_rows=51;low_sparse_role_rows=62,2022:0.766;2023:0.575;2024:0.682;2025:1.000,direction_stable_seasons=3/4,partial_coverage_not_full_2013_2025_comparable,INTERACTION_ONLY,Bounded predeclared receiving opportunity combination; prior ffop/NGS sidecars retain partial-window caveats when used.
GAUNTLET_039_QB_THREE_55_30_15__PLUS_RECOPP_WOPR_EPA_PCT025_025,GAUNTLET_039_QB_THREE_55_30_15,C03,QB_only_three_year_0.55_0.30_0.15,nflverse_receiving_opportunity+prior_sidecars,recopp_rec_opp_wopr_pct|epa_epa_total_raw_pct,QB,2013|2014|2015|2016|2017|2018|2019|2020|2021|2022|2023|2024|2025,743,98.5%,1.5%,0.736,0.736,,,,0.025,-0.019,0.001,57.1%,80.8%,82.7%,candidate_fp=53;pyf_fp=55;delta=-2,candidate_fn=72;pyf_fn=74;delta=-2,rows=317;candidate_error=3.5%;pyf_error=3.5%,rows=317;candidate_error=3.5%;pyf_error=3.5%,older_late_rows=208;young_early_rows=251,high_role_rows=194;low_sparse_role_rows=325,2013:0.783;2014:0.796;2015:0.694;2016:0.798;2017:0.791;2018:0.697;2019:0.575;2020:0.755;2021:0.746;2022:0.788;2023:0.605;2024:0.685;2025:0.740,direction_stable_seasons=11/13,partial_coverage_not_full_2013_2025_comparable,ADDITIVE_CANDIDATE,Bounded predeclared receiving opportunity combination; prior ffop/NGS sidecars retain partial-window caveats when used.
GAUNTLET_039_QB_THREE_55_30_15__PLUS_RECOPP_WOPR_EPA_PCT050_050,GAUNTLET_039_QB_THREE_55_30_15,C03,QB_only_three_year_0.55_0.30_0.15,nflverse_receiving_opportunity+prior_sidecars,recopp_rec_opp_wopr_pct|epa_epa_total_raw_pct,QB,2013|2014|2015|2016|2017|2018|2019|2020|2021|2022|2023|2024|2025,743,98.5%,1.5%,0.739,0.739,,,,0.027,-0.016,0.003,57.1%,81.7%,83.3%,candidate_fp=52;pyf_fp=55;delta=-3,candidate_fn=71;pyf_fn=74;delta=-3,rows=317;candidate_error=3.5%;pyf_error=3.5%,rows=317;candidate_error=3.5%;pyf_error=3.5%,older_late_rows=208;young_early_rows=251,high_role_rows=194;low_sparse_role_rows=325,2013:0.786;2014:0.795;2015:0.700;2016:0.802;2017:0.791;2018:0.708;2019:0.589;2020:0.752;2021:0.746;2022:0.787;2023:0.611;2024:0.685;2025:0.741,direction_stable_seasons=11/13,partial_coverage_not_full_2013_2025_comparable,ADDITIVE_CANDIDATE,Bounded predeclared receiving opportunity combination; prior ffop/NGS sidecars retain partial-window caveats when used.
GAUNTLET_039_QB_THREE_55_30_15__PLUS_RECOPP_WOPR_EPA_PCT050_025,GAUNTLET_039_QB_THREE_55_30_15,C03,QB_only_three_year_0.55_0.30_0.15,nflverse_receiving_opportunity+prior_sidecars,recopp_rec_opp_wopr_pct|epa_epa_total_raw_pct,QB,2013|2014|2015|2016|2017|2018|2019|2020|2021|2022|2023|2024|2025,743,98.5%,1.5%,0.738,0.738,,,,0.026,-0.017,0.002,57.1%,81.1%,82.9%,candidate_fp=52;pyf_fp=55;delta=-3,candidate_fn=71;pyf_fn=74;delta=-3,rows=317;candidate_error=3.5%;pyf_error=3.5%,rows=317;candidate_error=3.5%;pyf_error=3.5%,older_late_rows=208;young_early_rows=251,high_role_rows=194;low_sparse_role_rows=325,2013:0.785;2014:0.796;2015:0.695;2016:0.800;2017:0.791;2018:0.706;2019:0.582;2020:0.749;2021:0.744;2022:0.791;2023:0.609;2024:0.685;2025:0.742,direction_stable_seasons=11/13,partial_coverage_not_full_2013_2025_comparable,ADDITIVE_CANDIDATE,Bounded predeclared receiving opportunity combination; prior ffop/NGS sidecars retain partial-window caveats when used.
GAUNTLET_039_QB_THREE_55_30_15__PLUS_RECOPP_WOPR_EPA_PCT025_050,GAUNTLET_039_QB_THREE_55_30_15,C03,QB_only_three_year_0.55_0.30_0.15,nflverse_receiving_opportunity+prior_sidecars,recopp_rec_opp_wopr_pct|epa_epa_total_raw_pct,QB,2013|2014|2015|2016|2017|2018|2019|2020|2021|2022|2023|2024|2025,743,98.5%,1.5%,0.737,0.737,,,,0.026,-0.018,0.002,56.4%,81.1%,82.7%,candidate_fp=53;pyf_fp=55;delta=-2,candidate_fn=72;pyf_fn=74;delta=-2,rows=317;candidate_error=3.5%;pyf_error=3.5%,rows=317;candidate_error=3.5%;pyf_error=3.5%,older_late_rows=208;young_early_rows=251,high_role_rows=194;low_sparse_role_rows=325,2013:0.786;2014:0.798;2015:0.699;2016:0.802;2017:0.787;2018:0.707;2019:0.580;2020:0.757;2021:0.746;2022:0.787;2023:0.605;2024:0.684;2025:0.738,direction_stable_seasons=11/13,partial_coverage_not_full_2013_2025_comparable,ADDITIVE_CANDIDATE,Bounded predeclared receiving opportunity combination; prior ffop/NGS sidecars retain partial-window caveats when used.
GAUNTLET_039_QB_THREE_55_30_15__PLUS_RECOPP_WOPR_FFOP_NGS_PCT025_050_025,GAUNTLET_039_QB_THREE_55_30_15,C03,QB_only_three_year_0.55_0.30_0.15,nflverse_receiving_opportunity+prior_sidecars,recopp_rec_opp_wopr_pct|ffop_ffop_xfp_total_pct|ngs_ngs_position_signal_raw_pct,QB,2022|2023|2024|2025,163,21.6%,78.4%,0.680,0.680,,,,0.027,-0.075,-0.056,47.4%,75.7%,79.1%,candidate_fp=15;pyf_fp=15;delta=0,candidate_fn=16;pyf_fn=16;delta=0,rows=61;candidate_error=1.6%;pyf_error=1.6%,rows=61;candidate_error=1.6%;pyf_error=1.6%,older_late_rows=33;young_early_rows=52,high_role_rows=51;low_sparse_role_rows=62,2022:0.756;2023:0.578;2024:0.681;2025:-1.000,direction_stable_seasons=2/4,partial_coverage_not_full_2013_2025_comparable,INTERACTION_ONLY,Bounded predeclared receiving opportunity combination; prior ffop/NGS sidecars retain partial-window caveats when used.
GAUNTLET_039_QB_THREE_55_30_15__PLUS_RECOPP_WOPR_FFOP_NGS_PCT050_025_025,GAUNTLET_039_QB_THREE_55_30_15,C03,QB_only_three_year_0.55_0.30_0.15,nflverse_receiving_opportunity+prior_sidecars,recopp_rec_opp_wopr_pct|ffop_ffop_xfp_total_pct|ngs_ngs_position_signal_raw_pct,QB,2022|2023|2024|2025,163,21.6%,78.4%,0.686,0.686,,,,0.034,-0.069,-0.050,47.4%,75.7%,79.1%,candidate_fp=15;pyf_fp=15;delta=0,candidate_fn=16;pyf_fn=16;delta=0,rows=61;candidate_error=1.6%;pyf_error=1.6%,rows=61;candidate_error=1.6%;pyf_error=1.6%,older_late_rows=33;young_early_rows=52,high_role_rows=51;low_sparse_role_rows=62,2022:0.766;2023:0.584;2024:0.684;2025:-1.000,direction_stable_seasons=2/4,partial_coverage_not_full_2013_2025_comparable,INTERACTION_ONLY,Bounded predeclared receiving opportunity combination; prior ffop/NGS sidecars retain partial-window caveats when used.
GAUNTLET_039_QB_THREE_55_30_15__PLUS_RECOPP_WOPR_EPA_FFOP_PCT025_025_050,GAUNTLET_039_QB_THREE_55_30_15,C03,QB_only_three_year_0.55_0.30_0.15,nflverse_receiving_opportunity+prior_sidecars,recopp_rec_opp_wopr_pct|epa_epa_total_raw_pct|ffop_ffop_xfp_total_pct,QB,2022|2023|2024|2025,252,33.4%,66.6%,0.707,0.707,,,,0.037,-0.048,-0.029,52.1%,76.0%,81.2%,candidate_fp=17;pyf_fp=19;delta=-2,candidate_fn=22;pyf_fn=24;delta=-2,rows=116;candidate_error=1.7%;pyf_error=1.7%,rows=116;candidate_error=1.7%;pyf_error=1.7%,older_late_rows=56;young_early_rows=81,high_role_rows=65;low_sparse_role_rows=118,2022:0.789;2023:0.604;2024:0.680;2025:0.742,direction_stable_seasons=3/4,partial_coverage_not_full_2013_2025_comparable,INTERACTION_ONLY,Bounded predeclared receiving opportunity combination; prior ffop/NGS sidecars retain partial-window caveats when used.
GAUNTLET_039_QB_THREE_55_30_15__PLUS_RECOPP_WOPR_EPA_FFOP_PCT050_025_025,GAUNTLET_039_QB_THREE_55_30_15,C03,QB_only_three_year_0.55_0.30_0.15,nflverse_receiving_opportunity+prior_sidecars,recopp_rec_opp_wopr_pct|epa_epa_total_raw_pct|ffop_ffop_xfp_total_pct,QB,2022|2023|2024|2025,252,33.4%,66.6%,0.708,0.708,,,,0.038,-0.047,-0.027,52.1%,76.0%,81.9%,candidate_fp=17;pyf_fp=19;delta=-2,candidate_fn=22;pyf_fn=24;delta=-2,rows=116;candidate_error=1.7%;pyf_error=1.7%,rows=116;candidate_error=1.7%;pyf_error=1.7%,older_late_rows=56;young_early_rows=81,high_role_rows=65;low_sparse_role_rows=118,2022:0.788;2023:0.610;2024:0.680;2025:0.742,direction_stable_seasons=3/4,partial_coverage_not_full_2013_2025_comparable,INTERACTION_ONLY,Bounded predeclared receiving opportunity combination; prior ffop/NGS sidecars retain partial-window caveats when used.
GAUNTLET_101_HYBRID_QB_THREE_55_AGE_ROLE__PLUS_RECOPP_WOPR_FFOP_PCT025_025,GAUNTLET_101_HYBRID_QB_THREE_55_AGE_ROLE,C03,hybrid_qb_three_55_age_role,nflverse_receiving_opportunity+prior_sidecars,recopp_rec_opp_wopr_pct|ffop_ffop_xfp_total_pct,QB,2022|2023|2024|2025,256,34.0%,66.0%,0.709,0.709,,,,0.035,-0.046,-0.027,52.1%,77.1%,81.2%,candidate_fp=17;pyf_fp=19;delta=-2,candidate_fn=22;pyf_fn=24;delta=-2,rows=120;candidate_error=1.7%;pyf_error=1.7%,rows=120;candidate_error=1.7%;pyf_error=1.7%,older_late_rows=57;young_early_rows=81,high_role_rows=65;low_sparse_role_rows=122,2022:0.788;2023:0.594;2024:0.695;2025:0.739,direction_stable_seasons=3/4,partial_coverage_not_full_2013_2025_comparable,INTERACTION_ONLY,Bounded predeclared receiving opportunity combination; prior ffop/NGS sidecars retain partial-window caveats when used.
GAUNTLET_101_HYBRID_QB_THREE_55_AGE_ROLE__PLUS_RECOPP_WOPR_FFOP_PCT050_050,GAUNTLET_101_HYBRID_QB_THREE_55_AGE_ROLE,C03,hybrid_qb_three_55_age_role,nflverse_receiving_opportunity+prior_sidecars,recopp_rec_opp_wopr_pct|ffop_ffop_xfp_total_pct,QB,2022|2023|2024|2025,256,34.0%,66.0%,0.710,0.710,,,,0.035,-0.045,-0.027,52.1%,76.0%,81.2%,candidate_fp=17;pyf_fp=19;delta=-2,candidate_fn=22;pyf_fn=24;delta=-2,rows=120;candidate_error=1.7%;pyf_error=1.7%,rows=120;candidate_error=1.7%;pyf_error=1.7%,older_late_rows=57;young_early_rows=81,high_role_rows=65;low_sparse_role_rows=122,2022:0.789;2023:0.605;2024:0.688;2025:0.735,direction_stable_seasons=3/4,partial_coverage_not_full_2013_2025_comparable,INTERACTION_ONLY,Bounded predeclared receiving opportunity combination; prior ffop/NGS sidecars retain partial-window caveats when used.
GAUNTLET_101_HYBRID_QB_THREE_55_AGE_ROLE__PLUS_RECOPP_WOPR_FFOP_PCT050_025,GAUNTLET_101_HYBRID_QB_THREE_55_AGE_ROLE,C03,hybrid_qb_three_55_age_role,nflverse_receiving_opportunity+prior_sidecars,recopp_rec_opp_wopr_pct|ffop_ffop_xfp_total_pct,QB,2022|2023|2024|2025,256,34.0%,66.0%,0.710,0.710,,,,0.036,-0.045,-0.026,52.1%,76.0%,81.2%,candidate_fp=17;pyf_fp=19;delta=-2,candidate_fn=22;pyf_fn=24;delta=-2,rows=120;candidate_error=1.7%;pyf_error=1.7%,rows=120;candidate_error=1.7%;pyf_error=1.7%,older_late_rows=57;young_early_rows=81,high_role_rows=65;low_sparse_role_rows=122,2022:0.790;2023:0.603;2024:0.692;2025:0.736,direction_stable_seasons=3/4,partial_coverage_not_full_2013_2025_comparable,INTERACTION_ONLY,Bounded predeclared receiving opportunity combination; prior ffop/NGS sidecars retain partial-window caveats when used.
GAUNTLET_101_HYBRID_QB_THREE_55_AGE_ROLE__PLUS_RECOPP_WOPR_FFOP_PCT025_050,GAUNTLET_101_HYBRID_QB_THREE_55_AGE_ROLE,C03,hybrid_qb_three_55_age_role,nflverse_receiving_opportunity+prior_sidecars,recopp_rec_opp_wopr_pct|ffop_ffop_xfp_total_pct,QB,2022|2023|2024|2025,256,34.0%,66.0%,0.708,0.708,,,,0.033,-0.047,-0.029,52.1%,77.1%,81.2%,candidate_fp=17;pyf_fp=19;delta=-2,candidate_fn=22;pyf_fn=24;delta=-2,rows=120;candidate_error=1.7%;pyf_error=1.7%,rows=120;candidate_error=1.7%;pyf_error=1.7%,older_late_rows=57;young_early_rows=81,high_role_rows=65;low_sparse_role_rows=122,2022:0.787;2023:0.595;2024:0.689;2025:0.740,direction_stable_seasons=3/4,partial_coverage_not_full_2013_2025_comparable,INTERACTION_ONLY,Bounded predeclared receiving opportunity combination; prior ffop/NGS sidecars retain partial-window caveats when used.
GAUNTLET_101_HYBRID_QB_THREE_55_AGE_ROLE__PLUS_RECOPP_WOPR_NGS_PCT025_025,GAUNTLET_101_HYBRID_QB_THREE_55_AGE_ROLE,C03,hybrid_qb_three_55_age_role,nflverse_receiving_opportunity+prior_sidecars,recopp_rec_opp_wopr_pct|ngs_ngs_position_signal_raw_pct,QB,2022|2023|2024|2025,163,21.6%,78.4%,0.683,0.683,,,,0.030,-0.072,-0.054,47.4%,75.7%,79.1%,candidate_fp=15;pyf_fp=15;delta=0,candidate_fn=16;pyf_fn=16;delta=0,rows=61;candidate_error=1.6%;pyf_error=1.6%,rows=61;candidate_error=1.6%;pyf_error=1.6%,older_late_rows=33;young_early_rows=52,high_role_rows=51;low_sparse_role_rows=62,2022:0.758;2023:0.574;2024:0.692;2025:-1.000,direction_stable_seasons=2/4,partial_coverage_not_full_2013_2025_comparable,INTERACTION_ONLY,Bounded predeclared receiving opportunity combination; prior ffop/NGS sidecars retain partial-window caveats when used.
GAUNTLET_101_HYBRID_QB_THREE_55_AGE_ROLE__PLUS_RECOPP_WOPR_NGS_PCT050_050,GAUNTLET_101_HYBRID_QB_THREE_55_AGE_ROLE,C03,hybrid_qb_three_55_age_role,nflverse_receiving_opportunity+prior_sidecars,recopp_rec_opp_wopr_pct|ngs_ngs_position_signal_raw_pct,QB,2022|2023|2024|2025,163,21.6%,78.4%,0.688,0.688,,,,0.035,-0.067,-0.048,50.0%,75.7%,79.1%,candidate_fp=15;pyf_fp=15;delta=0,candidate_fn=16;pyf_fn=16;delta=0,rows=61;candidate_error=1.6%;pyf_error=1.6%,rows=61;candidate_error=1.6%;pyf_error=1.6%,older_late_rows=33;young_early_rows=52,high_role_rows=51;low_sparse_role_rows=62,2022:0.768;2023:0.583;2024:0.688;2025:1.000,direction_stable_seasons=3/4,partial_coverage_not_full_2013_2025_comparable,INTERACTION_ONLY,Bounded predeclared receiving opportunity combination; prior ffop/NGS sidecars retain partial-window caveats when used.
GAUNTLET_101_HYBRID_QB_THREE_55_AGE_ROLE__PLUS_RECOPP_WOPR_NGS_PCT050_025,GAUNTLET_101_HYBRID_QB_THREE_55_AGE_ROLE,C03,hybrid_qb_three_55_age_role,nflverse_receiving_opportunity+prior_sidecars,recopp_rec_opp_wopr_pct|ngs_ngs_position_signal_raw_pct,QB,2022|2023|2024|2025,163,21.6%,78.4%,0.688,0.688,,,,0.035,-0.067,-0.049,50.0%,75.7%,79.1%,candidate_fp=15;pyf_fp=15;delta=0,candidate_fn=16;pyf_fn=16;delta=0,rows=61;candidate_error=1.6%;pyf_error=1.6%,rows=61;candidate_error=1.6%;pyf_error=1.6%,older_late_rows=33;young_early_rows=52,high_role_rows=51;low_sparse_role_rows=62,2022:0.764;2023:0.582;2024:0.692;2025:-1.000,direction_stable_seasons=2/4,partial_coverage_not_full_2013_2025_comparable,INTERACTION_ONLY,Bounded predeclared receiving opportunity combination; prior ffop/NGS sidecars retain partial-window caveats when used.
GAUNTLET_101_HYBRID_QB_THREE_55_AGE_ROLE__PLUS_RECOPP_WOPR_NGS_PCT025_050,GAUNTLET_101_HYBRID_QB_THREE_55_AGE_ROLE,C03,hybrid_qb_three_55_age_role,nflverse_receiving_opportunity+prior_sidecars,recopp_rec_opp_wopr_pct|ngs_ngs_position_signal_raw_pct,QB,2022|2023|2024|2025,163,21.6%,78.4%,0.682,0.682,,,,0.029,-0.073,-0.055,47.4%,75.7%,79.1%,candidate_fp=15;pyf_fp=15;delta=0,candidate_fn=16;pyf_fn=16;delta=0,rows=61;candidate_error=1.6%;pyf_error=1.6%,rows=61;candidate_error=1.6%;pyf_error=1.6%,older_late_rows=33;young_early_rows=52,high_role_rows=51;low_sparse_role_rows=62,2022:0.763;2023:0.575;2024:0.683;2025:1.000,direction_stable_seasons=3/4,partial_coverage_not_full_2013_2025_comparable,INTERACTION_ONLY,Bounded predeclared receiving opportunity combination; prior ffop/NGS sidecars retain partial-window caveats when used.
GAUNTLET_101_HYBRID_QB_THREE_55_AGE_ROLE__PLUS_RECOPP_WOPR_EPA_PCT025_025,GAUNTLET_101_HYBRID_QB_THREE_55_AGE_ROLE,C03,hybrid_qb_three_55_age_role,nflverse_receiving_opportunity+prior_sidecars,recopp_rec_opp_wopr_pct|epa_epa_total_raw_pct,QB,2013|2014|2015|2016|2017|2018|2019|2020|2021|2022|2023|2024|2025,743,98.5%,1.5%,0.737,0.737,,,,0.025,-0.018,0.000,57.1%,80.8%,82.9%,candidate_fp=52;pyf_fp=55;delta=-3,candidate_fn=71;pyf_fn=74;delta=-3,rows=317;candidate_error=3.5%;pyf_error=3.5%,rows=317;candidate_error=3.5%;pyf_error=3.5%,older_late_rows=208;young_early_rows=251,high_role_rows=194;low_sparse_role_rows=325,2013:0.783;2014:0.795;2015:0.694;2016:0.805;2017:0.791;2018:0.699;2019:0.583;2020:0.751;2021:0.750;2022:0.789;2023:0.604;2024:0.683;2025:0.738,direction_stable_seasons=11/13,partial_coverage_not_full_2013_2025_comparable,ADDITIVE_CANDIDATE,Bounded predeclared receiving opportunity combination; prior ffop/NGS sidecars retain partial-window caveats when used.
GAUNTLET_101_HYBRID_QB_THREE_55_AGE_ROLE__PLUS_RECOPP_WOPR_EPA_PCT050_050,GAUNTLET_101_HYBRID_QB_THREE_55_AGE_ROLE,C03,hybrid_qb_three_55_age_role,nflverse_receiving_opportunity+prior_sidecars,recopp_rec_opp_wopr_pct|epa_epa_total_raw_pct,QB,2013|2014|2015|2016|2017|2018|2019|2020|2021|2022|2023|2024|2025,743,98.5%,1.5%,0.740,0.740,,,,0.028,-0.015,0.003,57.1%,81.4%,83.3%,candidate_fp=52;pyf_fp=55;delta=-3,candidate_fn=71;pyf_fn=74;delta=-3,rows=317;candidate_error=3.5%;pyf_error=3.5%,rows=317;candidate_error=3.5%;pyf_error=3.5%,older_late_rows=208;young_early_rows=251,high_role_rows=194;low_sparse_role_rows=325,2013:0.786;2014:0.795;2015:0.699;2016:0.811;2017:0.791;2018:0.710;2019:0.599;2020:0.748;2021:0.752;2022:0.788;2023:0.610;2024:0.686;2025:0.736,direction_stable_seasons=11/13,partial_coverage_not_full_2013_2025_comparable,ADDITIVE_CANDIDATE,Bounded predeclared receiving opportunity combination; prior ffop/NGS sidecars retain partial-window caveats when used.
GAUNTLET_101_HYBRID_QB_THREE_55_AGE_ROLE__PLUS_RECOPP_WOPR_EPA_PCT050_025,GAUNTLET_101_HYBRID_QB_THREE_55_AGE_ROLE,C03,hybrid_qb_three_55_age_role,nflverse_receiving_opportunity+prior_sidecars,recopp_rec_opp_wopr_pct|epa_epa_total_raw_pct,QB,2013|2014|2015|2016|2017|2018|2019|2020|2021|2022|2023|2024|2025,743,98.5%,1.5%,0.738,0.738,,,,0.026,-0.017,0.002,57.1%,80.8%,82.7%,candidate_fp=52;pyf_fp=55;delta=-3,candidate_fn=71;pyf_fn=74;delta=-3,rows=317;candidate_error=3.5%;pyf_error=3.5%,rows=317;candidate_error=3.5%;pyf_error=3.5%,older_late_rows=208;young_early_rows=251,high_role_rows=194;low_sparse_role_rows=325,2013:0.786;2014:0.794;2015:0.695;2016:0.811;2017:0.791;2018:0.705;2019:0.587;2020:0.744;2021:0.749;2022:0.792;2023:0.606;2024:0.690;2025:0.735,direction_stable_seasons=11/13,partial_coverage_not_full_2013_2025_comparable,ADDITIVE_CANDIDATE,Bounded predeclared receiving opportunity combination; prior ffop/NGS sidecars retain partial-window caveats when used.
GAUNTLET_101_HYBRID_QB_THREE_55_AGE_ROLE__PLUS_RECOPP_WOPR_EPA_PCT025_050,GAUNTLET_101_HYBRID_QB_THREE_55_AGE_ROLE,C03,hybrid_qb_three_55_age_role,nflverse_receiving_opportunity+prior_sidecars,recopp_rec_opp_wopr_pct|epa_epa_total_raw_pct,QB,2013|2014|2015|2016|2017|2018|2019|2020|2021|2022|2023|2024|2025,743,98.5%,1.5%,0.739,0.739,,,,0.027,-0.016,0.002,57.1%,80.8%,82.9%,candidate_fp=52;pyf_fp=55;delta=-3,candidate_fn=71;pyf_fn=74;delta=-3,rows=317;candidate_error=3.5%;pyf_error=3.5%,rows=317;candidate_error=3.5%;pyf_error=3.5%,older_late_rows=208;young_early_rows=251,high_role_rows=194;low_sparse_role_rows=325,2013:0.786;2014:0.798;2015:0.696;2016:0.808;2017:0.787;2018:0.709;2019:0.591;2020:0.754;2021:0.750;2022:0.787;2023:0.605;2024:0.686;2025:0.740,direction_stable_seasons=11/13,partial_coverage_not_full_2013_2025_comparable,ADDITIVE_CANDIDATE,Bounded predeclared receiving opportunity combination; prior ffop/NGS sidecars retain partial-window caveats when used.
GAUNTLET_101_HYBRID_QB_THREE_55_AGE_ROLE__PLUS_RECOPP_WOPR_FFOP_NGS_PCT025_050_025,GAUNTLET_101_HYBRID_QB_THREE_55_AGE_ROLE,C03,hybrid_qb_three_55_age_role,nflverse_receiving_opportunity+prior_sidecars,recopp_rec_opp_wopr_pct|ffop_ffop_xfp_total_pct|ngs_ngs_position_signal_raw_pct,QB,2022|2023|2024|2025,163,21.6%,78.4%,0.682,0.682,,,,0.029,-0.073,-0.055,47.4%,75.7%,79.1%,candidate_fp=15;pyf_fp=15;delta=0,candidate_fn=16;pyf_fn=16;delta=0,rows=61;candidate_error=1.6%;pyf_error=1.6%,rows=61;candidate_error=1.6%;pyf_error=1.6%,older_late_rows=33;young_early_rows=52,high_role_rows=51;low_sparse_role_rows=62,2022:0.754;2023:0.577;2024:0.687;2025:-1.000,direction_stable_seasons=2/4,partial_coverage_not_full_2013_2025_comparable,INTERACTION_ONLY,Bounded predeclared receiving opportunity combination; prior ffop/NGS sidecars retain partial-window caveats when used.
GAUNTLET_101_HYBRID_QB_THREE_55_AGE_ROLE__PLUS_RECOPP_WOPR_FFOP_NGS_PCT050_025_025,GAUNTLET_101_HYBRID_QB_THREE_55_AGE_ROLE,C03,hybrid_qb_three_55_age_role,nflverse_receiving_opportunity+prior_sidecars,recopp_rec_opp_wopr_pct|ffop_ffop_xfp_total_pct|ngs_ngs_position_signal_raw_pct,QB,2022|2023|2024|2025,163,21.6%,78.4%,0.688,0.688,,,,0.035,-0.067,-0.049,47.4%,75.7%,79.1%,candidate_fp=15;pyf_fp=15;delta=0,candidate_fn=16;pyf_fn=16;delta=0,rows=61;candidate_error=1.6%;pyf_error=1.6%,rows=61;candidate_error=1.6%;pyf_error=1.6%,older_late_rows=33;young_early_rows=52,high_role_rows=51;low_sparse_role_rows=62,2022:0.764;2023:0.583;2024:0.690;2025:-1.000,direction_stable_seasons=2/4,partial_coverage_not_full_2013_2025_comparable,INTERACTION_ONLY,Bounded predeclared receiving opportunity combination; prior ffop/NGS sidecars retain partial-window caveats when used.
GAUNTLET_101_HYBRID_QB_THREE_55_AGE_ROLE__PLUS_RECOPP_WOPR_EPA_FFOP_PCT025_025_050,GAUNTLET_101_HYBRID_QB_THREE_55_AGE_ROLE,C03,hybrid_qb_three_55_age_role,nflverse_receiving_opportunity+prior_sidecars,recopp_rec_opp_wopr_pct|epa_epa_total_raw_pct|ffop_ffop_xfp_total_pct,QB,2022|2023|2024|2025,252,33.4%,66.6%,0.706,0.706,,,,0.036,-0.049,-0.030,52.1%,76.0%,81.2%,candidate_fp=17;pyf_fp=19;delta=-2,candidate_fn=22;pyf_fn=24;delta=-2,rows=116;candidate_error=1.7%;pyf_error=1.7%,rows=116;candidate_error=1.7%;pyf_error=1.7%,older_late_rows=56;young_early_rows=81,high_role_rows=65;low_sparse_role_rows=118,2022:0.790;2023:0.602;2024:0.681;2025:0.739,direction_stable_seasons=3/4,partial_coverage_not_full_2013_2025_comparable,INTERACTION_ONLY,Bounded predeclared receiving opportunity combination; prior ffop/NGS sidecars retain partial-window caveats when used.
GAUNTLET_101_HYBRID_QB_THREE_55_AGE_ROLE__PLUS_RECOPP_WOPR_EPA_FFOP_PCT050_025_025,GAUNTLET_101_HYBRID_QB_THREE_55_AGE_ROLE,C03,hybrid_qb_three_55_age_role,nflverse_receiving_opportunity+prior_sidecars,recopp_rec_opp_wopr_pct|epa_epa_total_raw_pct|ffop_ffop_xfp_total_pct,QB,2022|2023|2024|2025,252,33.4%,66.6%,0.707,0.707,,,,0.037,-0.048,-0.029,52.1%,76.0%,81.2%,candidate_fp=17;pyf_fp=19;delta=-2,candidate_fn=22;pyf_fn=24;delta=-2,rows=116;candidate_error=1.7%;pyf_error=1.7%,rows=116;candidate_error=1.7%;pyf_error=1.7%,older_late_rows=56;young_early_rows=81,high_role_rows=65;low_sparse_role_rows=118,2022:0.789;2023:0.610;2024:0.683;2025:0.735,direction_stable_seasons=3/4,partial_coverage_not_full_2013_2025_comparable,INTERACTION_ONLY,Bounded predeclared receiving opportunity combination; prior ffop/NGS sidecars retain partial-window caveats when used.
GAUNTLET_038_QB_THREE_60_30_10__PLUS_RECOPP_WOPR_FFOP_PCT025_025,GAUNTLET_038_QB_THREE_60_30_10,C03,QB_only_three_year_0.60_0.30_0.10,nflverse_receiving_opportunity+prior_sidecars,recopp_rec_opp_wopr_pct|ffop_ffop_xfp_total_pct,QB,2022|2023|2024|2025,256,34.0%,66.0%,0.707,0.707,,,,0.033,-0.048,-0.027,50.0%,76.0%,79.9%,candidate_fp=17;pyf_fp=19;delta=-2,candidate_fn=22;pyf_fn=24;delta=-2,rows=120;candidate_error=1.7%;pyf_error=1.7%,rows=120;candidate_error=1.7%;pyf_error=1.7%,older_late_rows=57;young_early_rows=81,high_role_rows=65;low_sparse_role_rows=122,2022:0.782;2023:0.599;2024:0.689;2025:0.740,direction_stable_seasons=3/4,partial_coverage_not_full_2013_2025_comparable,INTERACTION_ONLY,Bounded predeclared receiving opportunity combination; prior ffop/NGS sidecars retain partial-window caveats when used.
GAUNTLET_038_QB_THREE_60_30_10__PLUS_RECOPP_WOPR_FFOP_PCT050_050,GAUNTLET_038_QB_THREE_60_30_10,C03,QB_only_three_year_0.60_0.30_0.10,nflverse_receiving_opportunity+prior_sidecars,recopp_rec_opp_wopr_pct|ffop_ffop_xfp_total_pct,QB,2022|2023|2024|2025,256,34.0%,66.0%,0.703,0.703,,,,0.028,-0.052,-0.032,50.0%,77.1%,79.9%,candidate_fp=17;pyf_fp=19;delta=-2,candidate_fn=22;pyf_fn=24;delta=-2,rows=120;candidate_error=1.7%;pyf_error=1.7%,rows=120;candidate_error=1.7%;pyf_error=1.7%,older_late_rows=57;young_early_rows=81,high_role_rows=65;low_sparse_role_rows=122,2022:0.786;2023:0.599;2024:0.674;2025:0.731,direction_stable_seasons=3/4,partial_coverage_not_full_2013_2025_comparable,INTERACTION_ONLY,Bounded predeclared receiving opportunity combination; prior ffop/NGS sidecars retain partial-window caveats when used.
GAUNTLET_038_QB_THREE_60_30_10__PLUS_RECOPP_WOPR_FFOP_PCT050_025,GAUNTLET_038_QB_THREE_60_30_10,C03,QB_only_three_year_0.60_0.30_0.10,nflverse_receiving_opportunity+prior_sidecars,recopp_rec_opp_wopr_pct|ffop_ffop_xfp_total_pct,QB,2022|2023|2024|2025,256,34.0%,66.0%,0.704,0.704,,,,0.030,-0.051,-0.031,52.1%,77.1%,79.9%,candidate_fp=17;pyf_fp=19;delta=-2,candidate_fn=22;pyf_fn=24;delta=-2,rows=120;candidate_error=1.7%;pyf_error=1.7%,rows=120;candidate_error=1.7%;pyf_error=1.7%,older_late_rows=57;young_early_rows=81,high_role_rows=65;low_sparse_role_rows=122,2022:0.786;2023:0.602;2024:0.677;2025:0.731,direction_stable_seasons=3/4,partial_coverage_not_full_2013_2025_comparable,INTERACTION_ONLY,Bounded predeclared receiving opportunity combination; prior ffop/NGS sidecars retain partial-window caveats when used.
GAUNTLET_038_QB_THREE_60_30_10__PLUS_RECOPP_WOPR_FFOP_PCT025_050,GAUNTLET_038_QB_THREE_60_30_10,C03,QB_only_three_year_0.60_0.30_0.10,nflverse_receiving_opportunity+prior_sidecars,recopp_rec_opp_wopr_pct|ffop_ffop_xfp_total_pct,QB,2022|2023|2024|2025,256,34.0%,66.0%,0.706,0.706,,,,0.032,-0.049,-0.028,50.0%,76.0%,79.9%,candidate_fp=17;pyf_fp=19;delta=-2,candidate_fn=22;pyf_fn=24;delta=-2,rows=120;candidate_error=1.7%;pyf_error=1.7%,rows=120;candidate_error=1.7%;pyf_error=1.7%,older_late_rows=57;young_early_rows=81,high_role_rows=65;low_sparse_role_rows=122,2022:0.782;2023:0.598;2024:0.686;2025:0.740,direction_stable_seasons=3/4,partial_coverage_not_full_2013_2025_comparable,INTERACTION_ONLY,Bounded predeclared receiving opportunity combination; prior ffop/NGS sidecars retain partial-window caveats when used.
GAUNTLET_038_QB_THREE_60_30_10__PLUS_RECOPP_WOPR_NGS_PCT025_025,GAUNTLET_038_QB_THREE_60_30_10,C03,QB_only_three_year_0.60_0.30_0.10,nflverse_receiving_opportunity+prior_sidecars,recopp_rec_opp_wopr_pct|ngs_ngs_position_signal_raw_pct,QB,2022|2023|2024|2025,163,21.6%,78.4%,0.680,0.680,,,,0.028,-0.075,-0.054,44.7%,75.7%,80.0%,candidate_fp=15;pyf_fp=15;delta=0,candidate_fn=16;pyf_fn=16;delta=0,rows=61;candidate_error=1.6%;pyf_error=1.6%,rows=61;candidate_error=1.6%;pyf_error=1.6%,older_late_rows=33;young_early_rows=52,high_role_rows=51;low_sparse_role_rows=62,2022:0.756;2023:0.577;2024:0.684;2025:-1.000,direction_stable_seasons=2/4,partial_coverage_not_full_2013_2025_comparable,INTERACTION_ONLY,Bounded predeclared receiving opportunity combination; prior ffop/NGS sidecars retain partial-window caveats when used.
GAUNTLET_038_QB_THREE_60_30_10__PLUS_RECOPP_WOPR_NGS_PCT050_050,GAUNTLET_038_QB_THREE_60_30_10,C03,QB_only_three_year_0.60_0.30_0.10,nflverse_receiving_opportunity+prior_sidecars,recopp_rec_opp_wopr_pct|ngs_ngs_position_signal_raw_pct,QB,2022|2023|2024|2025,163,21.6%,78.4%,0.678,0.678,,,,0.025,-0.077,-0.057,47.4%,75.7%,79.1%,candidate_fp=15;pyf_fp=15;delta=0,candidate_fn=16;pyf_fn=16;delta=0,rows=61;candidate_error=1.6%;pyf_error=1.6%,rows=61;candidate_error=1.6%;pyf_error=1.6%,older_late_rows=33;young_early_rows=52,high_role_rows=51;low_sparse_role_rows=62,2022:0.761;2023:0.575;2024:0.674;2025:-1.000,direction_stable_seasons=2/4,partial_coverage_not_full_2013_2025_comparable,INTERACTION_ONLY,Bounded predeclared receiving opportunity combination; prior ffop/NGS sidecars retain partial-window caveats when used.
GAUNTLET_038_QB_THREE_60_30_10__PLUS_RECOPP_WOPR_NGS_PCT050_025,GAUNTLET_038_QB_THREE_60_30_10,C03,QB_only_three_year_0.60_0.30_0.10,nflverse_receiving_opportunity+prior_sidecars,recopp_rec_opp_wopr_pct|ngs_ngs_position_signal_raw_pct,QB,2022|2023|2024|2025,163,21.6%,78.4%,0.681,0.681,,,,0.029,-0.074,-0.053,47.4%,75.7%,80.0%,candidate_fp=15;pyf_fp=15;delta=0,candidate_fn=16;pyf_fn=16;delta=0,rows=61;candidate_error=1.6%;pyf_error=1.6%,rows=61;candidate_error=1.6%;pyf_error=1.6%,older_late_rows=33;young_early_rows=52,high_role_rows=51;low_sparse_role_rows=62,2022:0.761;2023:0.580;2024:0.680;2025:-1.000,direction_stable_seasons=2/4,partial_coverage_not_full_2013_2025_comparable,INTERACTION_ONLY,Bounded predeclared receiving opportunity combination; prior ffop/NGS sidecars retain partial-window caveats when used.
GAUNTLET_038_QB_THREE_60_30_10__PLUS_RECOPP_WOPR_NGS_PCT025_050,GAUNTLET_038_QB_THREE_60_30_10,C03,QB_only_three_year_0.60_0.30_0.10,nflverse_receiving_opportunity+prior_sidecars,recopp_rec_opp_wopr_pct|ngs_ngs_position_signal_raw_pct,QB,2022|2023|2024|2025,163,21.6%,78.4%,0.678,0.678,,,,0.026,-0.077,-0.056,47.4%,75.7%,79.1%,candidate_fp=15;pyf_fp=15;delta=0,candidate_fn=16;pyf_fn=16;delta=0,rows=61;candidate_error=1.6%;pyf_error=1.6%,rows=61;candidate_error=1.6%;pyf_error=1.6%,older_late_rows=33;young_early_rows=52,high_role_rows=51;low_sparse_role_rows=62,2022:0.761;2023:0.573;2024:0.677;2025:-1.000,direction_stable_seasons=2/4,partial_coverage_not_full_2013_2025_comparable,INTERACTION_ONLY,Bounded predeclared receiving opportunity combination; prior ffop/NGS sidecars retain partial-window caveats when used.
GAUNTLET_038_QB_THREE_60_30_10__PLUS_RECOPP_WOPR_EPA_PCT025_025,GAUNTLET_038_QB_THREE_60_30_10,C03,QB_only_three_year_0.60_0.30_0.10,nflverse_receiving_opportunity+prior_sidecars,recopp_rec_opp_wopr_pct|epa_epa_total_raw_pct,QB,2013|2014|2015|2016|2017|2018|2019|2020|2021|2022|2023|2024|2025,743,98.5%,1.5%,0.735,0.735,,,,0.023,-0.020,0.001,56.4%,80.4%,82.7%,candidate_fp=50;pyf_fp=55;delta=-5,candidate_fn=69;pyf_fn=74;delta=-5,rows=317;candidate_error=3.5%;pyf_error=3.5%,rows=317;candidate_error=3.5%;pyf_error=3.5%,older_late_rows=208;young_early_rows=251,high_role_rows=194;low_sparse_role_rows=325,2013:0.783;2014:0.796;2015:0.690;2016:0.813;2017:0.795;2018:0.694;2019:0.577;2020:0.757;2021:0.744;2022:0.784;2023:0.604;2024:0.676;2025:0.736,direction_stable_seasons=11/13,partial_coverage_not_full_2013_2025_comparable,ADDITIVE_CANDIDATE,Bounded predeclared receiving opportunity combination; prior ffop/NGS sidecars retain partial-window caveats when used.
GAUNTLET_038_QB_THREE_60_30_10__PLUS_RECOPP_WOPR_EPA_PCT050_050,GAUNTLET_038_QB_THREE_60_30_10,C03,QB_only_three_year_0.60_0.30_0.10,nflverse_receiving_opportunity+prior_sidecars,recopp_rec_opp_wopr_pct|epa_epa_total_raw_pct,QB,2013|2014|2015|2016|2017|2018|2019|2020|2021|2022|2023|2024|2025,743,98.5%,1.5%,0.736,0.736,,,,0.024,-0.019,0.001,57.7%,81.4%,82.5%,candidate_fp=51;pyf_fp=55;delta=-4,candidate_fn=70;pyf_fn=74;delta=-4,rows=317;candidate_error=3.5%;pyf_error=3.5%,rows=317;candidate_error=3.5%;pyf_error=3.5%,older_late_rows=208;young_early_rows=251,high_role_rows=194;low_sparse_role_rows=325,2013:0.786;2014:0.799;2015:0.692;2016:0.817;2017:0.792;2018:0.705;2019:0.592;2020:0.748;2021:0.745;2022:0.781;2023:0.606;2024:0.675;2025:0.731,direction_stable_seasons=11/13,partial_coverage_not_full_2013_2025_comparable,ADDITIVE_CANDIDATE,Bounded predeclared receiving opportunity combination; prior ffop/NGS sidecars retain partial-window caveats when used.
GAUNTLET_038_QB_THREE_60_30_10__PLUS_RECOPP_WOPR_EPA_PCT050_025,GAUNTLET_038_QB_THREE_60_30_10,C03,QB_only_three_year_0.60_0.30_0.10,nflverse_receiving_opportunity+prior_sidecars,recopp_rec_opp_wopr_pct|epa_epa_total_raw_pct,QB,2013|2014|2015|2016|2017|2018|2019|2020|2021|2022|2023|2024|2025,743,98.5%,1.5%,0.736,0.736,,,,0.024,-0.019,0.001,56.4%,80.8%,82.3%,candidate_fp=51;pyf_fp=55;delta=-4,candidate_fn=70;pyf_fn=74;delta=-4,rows=317;candidate_error=3.5%;pyf_error=3.5%,rows=317;candidate_error=3.5%;pyf_error=3.5%,older_late_rows=208;young_early_rows=251,high_role_rows=194;low_sparse_role_rows=325,2013:0.785;2014:0.798;2015:0.692;2016:0.814;2017:0.797;2018:0.703;2019:0.587;2020:0.747;2021:0.741;2022:0.784;2023:0.607;2024:0.677;2025:0.730,direction_stable_seasons=11/13,partial_coverage_not_full_2013_2025_comparable,ADDITIVE_CANDIDATE,Bounded predeclared receiving opportunity combination; prior ffop/NGS sidecars retain partial-window caveats when used.
GAUNTLET_038_QB_THREE_60_30_10__PLUS_RECOPP_WOPR_EPA_PCT025_050,GAUNTLET_038_QB_THREE_60_30_10,C03,QB_only_three_year_0.60_0.30_0.10,nflverse_receiving_opportunity+prior_sidecars,recopp_rec_opp_wopr_pct|epa_epa_total_raw_pct,QB,2013|2014|2015|2016|2017|2018|2019|2020|2021|2022|2023|2024|2025,743,98.5%,1.5%,0.736,0.736,,,,0.024,-0.019,0.001,56.4%,80.8%,82.3%,candidate_fp=51;pyf_fp=55;delta=-4,candidate_fn=70;pyf_fn=74;delta=-4,rows=317;candidate_error=3.5%;pyf_error=3.5%,rows=317;candidate_error=3.5%;pyf_error=3.5%,older_late_rows=208;young_early_rows=251,high_role_rows=194;low_sparse_role_rows=325,2013:0.786;2014:0.798;2015:0.696;2016:0.815;2017:0.791;2018:0.704;2019:0.582;2020:0.758;2021:0.744;2022:0.779;2023:0.602;2024:0.672;2025:0.737,direction_stable_seasons=11/13,partial_coverage_not_full_2013_2025_comparable,ADDITIVE_CANDIDATE,Bounded predeclared receiving opportunity combination; prior ffop/NGS sidecars retain partial-window caveats when used.
GAUNTLET_038_QB_THREE_60_30_10__PLUS_RECOPP_WOPR_FFOP_NGS_PCT025_050_025,GAUNTLET_038_QB_THREE_60_30_10,C03,QB_only_three_year_0.60_0.30_0.10,nflverse_receiving_opportunity+prior_sidecars,recopp_rec_opp_wopr_pct|ffop_ffop_xfp_total_pct|ngs_ngs_position_signal_raw_pct,QB,2022|2023|2024|2025,163,21.6%,78.4%,0.679,0.679,,,,0.026,-0.076,-0.056,44.7%,75.7%,80.0%,candidate_fp=15;pyf_fp=15;delta=0,candidate_fn=16;pyf_fn=16;delta=0,rows=61;candidate_error=1.6%;pyf_error=1.6%,rows=61;candidate_error=1.6%;pyf_error=1.6%,older_late_rows=33;young_early_rows=52,high_role_rows=51;low_sparse_role_rows=62,2022:0.753;2023:0.579;2024:0.679;2025:-1.000,direction_stable_seasons=2/4,partial_coverage_not_full_2013_2025_comparable,INTERACTION_ONLY,Bounded predeclared receiving opportunity combination; prior ffop/NGS sidecars retain partial-window caveats when used.
GAUNTLET_038_QB_THREE_60_30_10__PLUS_RECOPP_WOPR_FFOP_NGS_PCT050_025_025,GAUNTLET_038_QB_THREE_60_30_10,C03,QB_only_three_year_0.60_0.30_0.10,nflverse_receiving_opportunity+prior_sidecars,recopp_rec_opp_wopr_pct|ffop_ffop_xfp_total_pct|ngs_ngs_position_signal_raw_pct,QB,2022|2023|2024|2025,163,21.6%,78.4%,0.680,0.680,,,,0.028,-0.075,-0.054,47.4%,75.7%,80.0%,candidate_fp=15;pyf_fp=15;delta=0,candidate_fn=16;pyf_fn=16;delta=0,rows=61;candidate_error=1.6%;pyf_error=1.6%,rows=61;candidate_error=1.6%;pyf_error=1.6%,older_late_rows=33;young_early_rows=52,high_role_rows=51;low_sparse_role_rows=62,2022:0.761;2023:0.580;2024:0.676;2025:-1.000,direction_stable_seasons=2/4,partial_coverage_not_full_2013_2025_comparable,INTERACTION_ONLY,Bounded predeclared receiving opportunity combination; prior ffop/NGS sidecars retain partial-window caveats when used.
GAUNTLET_038_QB_THREE_60_30_10__PLUS_RECOPP_WOPR_EPA_FFOP_PCT025_025_050,GAUNTLET_038_QB_THREE_60_30_10,C03,QB_only_three_year_0.60_0.30_0.10,nflverse_receiving_opportunity+prior_sidecars,recopp_rec_opp_wopr_pct|epa_epa_total_raw_pct|ffop_ffop_xfp_total_pct,QB,2022|2023|2024|2025,252,33.4%,66.6%,0.701,0.701,,,,0.031,-0.054,-0.033,50.0%,76.0%,79.9%,candidate_fp=17;pyf_fp=19;delta=-2,candidate_fn=22;pyf_fn=24;delta=-2,rows=116;candidate_error=1.7%;pyf_error=1.7%,rows=116;candidate_error=1.7%;pyf_error=1.7%,older_late_rows=56;young_early_rows=81,high_role_rows=65;low_sparse_role_rows=118,2022:0.782;2023:0.599;2024:0.675;2025:0.737,direction_stable_seasons=3/4,partial_coverage_not_full_2013_2025_comparable,INTERACTION_ONLY,Bounded predeclared receiving opportunity combination; prior ffop/NGS sidecars retain partial-window caveats when used.
GAUNTLET_038_QB_THREE_60_30_10__PLUS_RECOPP_WOPR_EPA_FFOP_PCT050_025_025,GAUNTLET_038_QB_THREE_60_30_10,C03,QB_only_three_year_0.60_0.30_0.10,nflverse_receiving_opportunity+prior_sidecars,recopp_rec_opp_wopr_pct|epa_epa_total_raw_pct|ffop_ffop_xfp_total_pct,QB,2022|2023|2024|2025,252,33.4%,66.6%,0.702,0.702,,,,0.031,-0.053,-0.033,50.0%,76.0%,79.9%,candidate_fp=17;pyf_fp=19;delta=-2,candidate_fn=22;pyf_fn=24;delta=-2,rows=116;candidate_error=1.7%;pyf_error=1.7%,rows=116;candidate_error=1.7%;pyf_error=1.7%,older_late_rows=56;young_early_rows=81,high_role_rows=65;low_sparse_role_rows=118,2022:0.784;2023:0.605;2024:0.674;2025:0.731,direction_stable_seasons=3/4,partial_coverage_not_full_2013_2025_comparable,INTERACTION_ONLY,Bounded predeclared receiving opportunity combination; prior ffop/NGS sidecars retain partial-window caveats when used.
GAUNTLET_003_PRIOR_YEAR_PPG_BASELINE__PLUS_RECOPP_WOPR_FFOP_PCT025_025,GAUNTLET_003_PRIOR_YEAR_PPG_BASELINE,C04,score=pyf_prior_nwr_ppg,nflverse_receiving_opportunity+prior_sidecars,recopp_rec_opp_wopr_pct|ffop_ffop_xfp_total_pct,QB|RB|TE|WR,2022|2023|2024|2025,1740,31.5%,68.5%,0.762,0.594,0.688,0.715,0.701,-0.016,0.007,0.030,46.9%,63.5%,71.4%,candidate_fp=173;pyf_fp=167;delta=6,candidate_fn=103;pyf_fn=97;delta=6,rows=437;candidate_error=5.3%;pyf_error=2.5%,rows=437;candidate_error=5.3%;pyf_error=2.5%,older_late_rows=130;young_early_rows=857,high_role_rows=456;low_sparse_role_rows=543,2022:0.771;2023:0.764;2024:0.745;2025:0.766,direction_stable_seasons=4/4,partial_coverage_not_full_2013_2025_comparable,DESCRIPTIVE_ONLY,Bounded predeclared receiving opportunity combination; prior ffop/NGS sidecars retain partial-window caveats when used.
GAUNTLET_003_PRIOR_YEAR_PPG_BASELINE__PLUS_RECOPP_WOPR_FFOP_PCT050_050,GAUNTLET_003_PRIOR_YEAR_PPG_BASELINE,C04,score=pyf_prior_nwr_ppg,nflverse_receiving_opportunity+prior_sidecars,recopp_rec_opp_wopr_pct|ffop_ffop_xfp_total_pct,QB|RB|TE|WR,2022|2023|2024|2025,1740,31.5%,68.5%,0.767,0.599,0.690,0.720,0.709,-0.012,0.012,0.034,46.9%,64.3%,71.5%,candidate_fp=172;pyf_fp=167;delta=5,candidate_fn=102;pyf_fn=97;delta=5,rows=437;candidate_error=4.3%;pyf_error=2.5%,rows=437;candidate_error=4.3%;pyf_error=2.5%,older_late_rows=130;young_early_rows=857,high_role_rows=456;low_sparse_role_rows=543,2022:0.775;2023:0.770;2024:0.749;2025:0.770,direction_stable_seasons=4/4,partial_coverage_not_full_2013_2025_comparable,DESCRIPTIVE_ONLY,Bounded predeclared receiving opportunity combination; prior ffop/NGS sidecars retain partial-window caveats when used.
GAUNTLET_003_PRIOR_YEAR_PPG_BASELINE__PLUS_RECOPP_WOPR_FFOP_PCT050_025,GAUNTLET_003_PRIOR_YEAR_PPG_BASELINE,C04,score=pyf_prior_nwr_ppg,nflverse_receiving_opportunity+prior_sidecars,recopp_rec_opp_wopr_pct|ffop_ffop_xfp_total_pct,QB|RB|TE|WR,2022|2023|2024|2025,1740,31.5%,68.5%,0.765,0.597,0.689,0.718,0.705,-0.014,0.010,0.032,46.4%,64.1%,71.5%,candidate_fp=172;pyf_fp=167;delta=5,candidate_fn=102;pyf_fn=97;delta=5,rows=437;candidate_error=4.8%;pyf_error=2.5%,rows=437;candidate_error=4.8%;pyf_error=2.5%,older_late_rows=130;young_early_rows=857,high_role_rows=456;low_sparse_role_rows=543,2022:0.774;2023:0.767;2024:0.748;2025:0.768,direction_stable_seasons=4/4,partial_coverage_not_full_2013_2025_comparable,DESCRIPTIVE_ONLY,Bounded predeclared receiving opportunity combination; prior ffop/NGS sidecars retain partial-window caveats when used.
GAUNTLET_003_PRIOR_YEAR_PPG_BASELINE__PLUS_RECOPP_WOPR_FFOP_PCT025_050,GAUNTLET_003_PRIOR_YEAR_PPG_BASELINE,C04,score=pyf_prior_nwr_ppg,nflverse_receiving_opportunity+prior_sidecars,recopp_rec_opp_wopr_pct|ffop_ffop_xfp_total_pct,QB|RB|TE|WR,2022|2023|2024|2025,1740,31.5%,68.5%,0.765,0.599,0.689,0.718,0.704,-0.014,0.010,0.032,46.9%,64.1%,71.4%,candidate_fp=173;pyf_fp=167;delta=6,candidate_fn=103;pyf_fn=97;delta=6,rows=437;candidate_error=4.6%;pyf_error=2.5%,rows=437;candidate_error=4.6%;pyf_error=2.5%,older_late_rows=130;young_early_rows=857,high_role_rows=456;low_sparse_role_rows=543,2022:0.773;2023:0.767;2024:0.748;2025:0.768,direction_stable_seasons=4/4,partial_coverage_not_full_2013_2025_comparable,DESCRIPTIVE_ONLY,Bounded predeclared receiving opportunity combination; prior ffop/NGS sidecars retain partial-window caveats when used.
GAUNTLET_003_PRIOR_YEAR_PPG_BASELINE__PLUS_RECOPP_WOPR_NGS_PCT025_025,GAUNTLET_003_PRIOR_YEAR_PPG_BASELINE,C04,score=pyf_prior_nwr_ppg,nflverse_receiving_opportunity+prior_sidecars,recopp_rec_opp_wopr_pct|ngs_ngs_position_signal_raw_pct,QB|RB|TE|WR,2022|2023|2024|2025,944,17.1%,82.9%,0.710,0.577,0.620,0.668,0.623,-0.022,-0.045,-0.022,46.7%,63.2%,70.7%,candidate_fp=133;pyf_fp=130;delta=3,candidate_fn=68;pyf_fn=65;delta=3,rows=128;candidate_error=11.7%;pyf_error=5.5%,rows=128;candidate_error=11.7%;pyf_error=5.5%,older_late_rows=74;young_early_rows=431,high_role_rows=347;low_sparse_role_rows=135,2022:0.754;2023:0.695;2024:0.689;2025:0.365,direction_stable_seasons=3/4,partial_coverage_not_full_2013_2025_comparable,DESCRIPTIVE_ONLY,Bounded predeclared receiving opportunity combination; prior ffop/NGS sidecars retain partial-window caveats when used.
GAUNTLET_003_PRIOR_YEAR_PPG_BASELINE__PLUS_RECOPP_WOPR_NGS_PCT050_050,GAUNTLET_003_PRIOR_YEAR_PPG_BASELINE,C04,score=pyf_prior_nwr_ppg,nflverse_receiving_opportunity+prior_sidecars,recopp_rec_opp_wopr_pct|ngs_ngs_position_signal_raw_pct,QB|RB|TE|WR,2022|2023|2024|2025,944,17.1%,82.9%,0.716,0.582,0.629,0.673,0.629,-0.017,-0.039,-0.017,46.7%,64.2%,70.9%,candidate_fp=134;pyf_fp=130;delta=4,candidate_fn=69;pyf_fn=65;delta=4,rows=128;candidate_error=11.7%;pyf_error=5.5%,rows=128;candidate_error=11.7%;pyf_error=5.5%,older_late_rows=74;young_early_rows=431,high_role_rows=347;low_sparse_role_rows=135,2022:0.760;2023:0.702;2024:0.693;2025:0.365,direction_stable_seasons=3/4,partial_coverage_not_full_2013_2025_comparable,DESCRIPTIVE_ONLY,Bounded predeclared receiving opportunity combination; prior ffop/NGS sidecars retain partial-window caveats when used.
GAUNTLET_003_PRIOR_YEAR_PPG_BASELINE__PLUS_RECOPP_WOPR_NGS_PCT050_025,GAUNTLET_003_PRIOR_YEAR_PPG_BASELINE,C04,score=pyf_prior_nwr_ppg,nflverse_receiving_opportunity+prior_sidecars,recopp_rec_opp_wopr_pct|ngs_ngs_position_signal_raw_pct,QB|RB|TE|WR,2022|2023|2024|2025,944,17.1%,82.9%,0.713,0.580,0.623,0.671,0.625,-0.020,-0.042,-0.020,46.7%,63.5%,70.7%,candidate_fp=133;pyf_fp=130;delta=3,candidate_fn=68;pyf_fn=65;delta=3,rows=128;candidate_error=11.7%;pyf_error=5.5%,rows=128;candidate_error=11.7%;pyf_error=5.5%,older_late_rows=74;young_early_rows=431,high_role_rows=347;low_sparse_role_rows=135,2022:0.755;2023:0.699;2024:0.690;2025:0.365,direction_stable_seasons=3/4,partial_coverage_not_full_2013_2025_comparable,DESCRIPTIVE_ONLY,Bounded predeclared receiving opportunity combination; prior ffop/NGS sidecars retain partial-window caveats when used.
GAUNTLET_003_PRIOR_YEAR_PPG_BASELINE__PLUS_RECOPP_WOPR_NGS_PCT025_050,GAUNTLET_003_PRIOR_YEAR_PPG_BASELINE,C04,score=pyf_prior_nwr_ppg,nflverse_receiving_opportunity+prior_sidecars,recopp_rec_opp_wopr_pct|ngs_ngs_position_signal_raw_pct,QB|RB|TE|WR,2022|2023|2024|2025,944,17.1%,82.9%,0.712,0.577,0.625,0.669,0.627,-0.020,-0.043,-0.020,46.7%,64.2%,70.9%,candidate_fp=134;pyf_fp=130;delta=4,candidate_fn=69;pyf_fn=65;delta=4,rows=128;candidate_error=11.7%;pyf_error=5.5%,rows=128;candidate_error=11.7%;pyf_error=5.5%,older_late_rows=74;young_early_rows=431,high_role_rows=347;low_sparse_role_rows=135,2022:0.755;2023:0.698;2024:0.692;2025:0.365,direction_stable_seasons=3/4,partial_coverage_not_full_2013_2025_comparable,DESCRIPTIVE_ONLY,Bounded predeclared receiving opportunity combination; prior ffop/NGS sidecars retain partial-window caveats when used.
GAUNTLET_003_PRIOR_YEAR_PPG_BASELINE__PLUS_RECOPP_WOPR_EPA_PCT025_025,GAUNTLET_003_PRIOR_YEAR_PPG_BASELINE,C04,score=pyf_prior_nwr_ppg,nflverse_receiving_opportunity+prior_sidecars,recopp_rec_opp_wopr_pct|epa_epa_total_raw_pct,QB|RB|TE|WR,2013|2014|2015|2016|2017|2018|2019|2020|2021|2022|2023|2024|2025,5360,97.1%,2.9%,0.725,0.666,0.614,0.675,0.670,-0.008,-0.030,-0.008,48.9%,63.9%,69.6%,candidate_fp=576;pyf_fp=573;delta=3,candidate_fn=356;pyf_fn=353;delta=3,rows=1321;candidate_error=6.7%;pyf_error=3.6%,rows=1321;candidate_error=6.7%;pyf_error=3.6%,older_late_rows=464;young_early_rows=2748,high_role_rows=1405;low_sparse_role_rows=1685,2013:0.719;2014:0.716;2015:0.660;2016:0.652;2017:0.716;2018:0.728;2019:0.717;2020:0.695;2021:0.727;2022:0.772;2023:0.763;2024:0.746;2025:0.764,direction_stable_seasons=11/13,partial_coverage_not_full_2013_2025_comparable,GUARDRAIL_CONTEXT,Bounded predeclared receiving opportunity combination; prior ffop/NGS sidecars retain partial-window caveats when used.
GAUNTLET_003_PRIOR_YEAR_PPG_BASELINE__PLUS_RECOPP_WOPR_EPA_PCT050_050,GAUNTLET_003_PRIOR_YEAR_PPG_BASELINE,C04,score=pyf_prior_nwr_ppg,nflverse_receiving_opportunity+prior_sidecars,recopp_rec_opp_wopr_pct|epa_epa_total_raw_pct,QB|RB|TE|WR,2013|2014|2015|2016|2017|2018|2019|2020|2021|2022|2023|2024|2025,5360,97.1%,2.9%,0.727,0.668,0.615,0.677,0.672,-0.006,-0.028,-0.006,49.7%,64.5%,69.7%,candidate_fp=575;pyf_fp=573;delta=2,candidate_fn=355;pyf_fn=353;delta=2,rows=1321;candidate_error=6.4%;pyf_error=3.6%,rows=1321;candidate_error=6.4%;pyf_error=3.6%,older_late_rows=464;young_early_rows=2748,high_role_rows=1405;low_sparse_role_rows=1685,2013:0.718;2014:0.718;2015:0.659;2016:0.654;2017:0.717;2018:0.729;2019:0.718;2020:0.697;2021:0.730;2022:0.774;2023:0.768;2024:0.748;2025:0.767,direction_stable_seasons=11/13,partial_coverage_not_full_2013_2025_comparable,GUARDRAIL_CONTEXT,Bounded predeclared receiving opportunity combination; prior ffop/NGS sidecars retain partial-window caveats when used.
GAUNTLET_003_PRIOR_YEAR_PPG_BASELINE__PLUS_RECOPP_WOPR_EPA_PCT050_025,GAUNTLET_003_PRIOR_YEAR_PPG_BASELINE,C04,score=pyf_prior_nwr_ppg,nflverse_receiving_opportunity+prior_sidecars,recopp_rec_opp_wopr_pct|epa_epa_total_raw_pct,QB|RB|TE|WR,2013|2014|2015|2016|2017|2018|2019|2020|2021|2022|2023|2024|2025,5360,97.1%,2.9%,0.726,0.667,0.614,0.676,0.672,-0.006,-0.029,-0.006,49.2%,64.3%,69.6%,candidate_fp=572;pyf_fp=573;delta=-1,candidate_fn=352;pyf_fn=353;delta=-1,rows=1321;candidate_error=6.4%;pyf_error=3.6%,rows=1321;candidate_error=6.4%;pyf_error=3.6%,older_late_rows=464;young_early_rows=2748,high_role_rows=1405;low_sparse_role_rows=1685,2013:0.719;2014:0.718;2015:0.659;2016:0.655;2017:0.717;2018:0.729;2019:0.718;2020:0.696;2021:0.728;2022:0.774;2023:0.766;2024:0.747;2025:0.767,direction_stable_seasons=11/13,partial_coverage_not_full_2013_2025_comparable,GUARDRAIL_CONTEXT,Bounded predeclared receiving opportunity combination; prior ffop/NGS sidecars retain partial-window caveats when used.
GAUNTLET_003_PRIOR_YEAR_PPG_BASELINE__PLUS_RECOPP_WOPR_EPA_PCT025_050,GAUNTLET_003_PRIOR_YEAR_PPG_BASELINE,C04,score=pyf_prior_nwr_ppg,nflverse_receiving_opportunity+prior_sidecars,recopp_rec_opp_wopr_pct|epa_epa_total_raw_pct,QB|RB|TE|WR,2013|2014|2015|2016|2017|2018|2019|2020|2021|2022|2023|2024|2025,5360,97.1%,2.9%,0.725,0.668,0.614,0.675,0.669,-0.007,-0.030,-0.007,49.0%,64.4%,69.7%,candidate_fp=577;pyf_fp=573;delta=4,candidate_fn=357;pyf_fn=353;delta=4,rows=1321;candidate_error=6.7%;pyf_error=3.6%,rows=1321;candidate_error=6.7%;pyf_error=3.6%,older_late_rows=464;young_early_rows=2748,high_role_rows=1405;low_sparse_role_rows=1685,2013:0.718;2014:0.717;2015:0.658;2016:0.652;2017:0.716;2018:0.729;2019:0.718;2020:0.696;2021:0.728;2022:0.773;2023:0.765;2024:0.746;2025:0.764,direction_stable_seasons=11/13,partial_coverage_not_full_2013_2025_comparable,GUARDRAIL_CONTEXT,Bounded predeclared receiving opportunity combination; prior ffop/NGS sidecars retain partial-window caveats when used.
GAUNTLET_003_PRIOR_YEAR_PPG_BASELINE__PLUS_RECOPP_WOPR_FFOP_NGS_PCT025_050_025,GAUNTLET_003_PRIOR_YEAR_PPG_BASELINE,C04,score=pyf_prior_nwr_ppg,nflverse_receiving_opportunity+prior_sidecars,recopp_rec_opp_wopr_pct|ffop_ffop_xfp_total_pct|ngs_ngs_position_signal_raw_pct,QB|RB|TE|WR,2022|2023|2024|2025,943,17.1%,82.9%,0.716,0.588,0.625,0.674,0.631,-0.017,-0.039,-0.017,48.0%,63.9%,71.1%,candidate_fp=133;pyf_fp=130;delta=3,candidate_fn=68;pyf_fn=65;delta=3,rows=128;candidate_error=10.9%;pyf_error=5.5%,rows=128;candidate_error=10.9%;pyf_error=5.5%,older_late_rows=74;young_early_rows=431,high_role_rows=347;low_sparse_role_rows=135,2022:0.758;2023:0.702;2024:0.694;2025:0.365,direction_stable_seasons=3/4,partial_coverage_not_full_2013_2025_comparable,DESCRIPTIVE_ONLY,Bounded predeclared receiving opportunity combination; prior ffop/NGS sidecars retain partial-window caveats when used.
GAUNTLET_003_PRIOR_YEAR_PPG_BASELINE__PLUS_RECOPP_WOPR_FFOP_NGS_PCT050_025_025,GAUNTLET_003_PRIOR_YEAR_PPG_BASELINE,C04,score=pyf_prior_nwr_ppg,nflverse_receiving_opportunity+prior_sidecars,recopp_rec_opp_wopr_pct|ffop_ffop_xfp_total_pct|ngs_ngs_position_signal_raw_pct,QB|RB|TE|WR,2022|2023|2024|2025,943,17.1%,82.9%,0.715,0.583,0.625,0.673,0.629,-0.018,-0.040,-0.018,46.7%,63.9%,70.9%,candidate_fp=133;pyf_fp=130;delta=3,candidate_fn=68;pyf_fn=65;delta=3,rows=128;candidate_error=11.7%;pyf_error=5.5%,rows=128;candidate_error=11.7%;pyf_error=5.5%,older_late_rows=74;young_early_rows=431,high_role_rows=347;low_sparse_role_rows=135,2022:0.758;2023:0.702;2024:0.692;2025:0.365,direction_stable_seasons=3/4,partial_coverage_not_full_2013_2025_comparable,DESCRIPTIVE_ONLY,Bounded predeclared receiving opportunity combination; prior ffop/NGS sidecars retain partial-window caveats when used.
GAUNTLET_003_PRIOR_YEAR_PPG_BASELINE__PLUS_RECOPP_WOPR_EPA_FFOP_PCT025_025_050,GAUNTLET_003_PRIOR_YEAR_PPG_BASELINE,C04,score=pyf_prior_nwr_ppg,nflverse_receiving_opportunity+prior_sidecars,recopp_rec_opp_wopr_pct|epa_epa_total_raw_pct|ffop_ffop_xfp_total_pct,QB|RB|TE|WR,2022|2023|2024|2025,1736,31.5%,68.5%,0.765,0.595,0.688,0.719,0.704,-0.014,0.010,0.033,46.9%,64.1%,71.7%,candidate_fp=173;pyf_fp=167;delta=6,candidate_fn=103;pyf_fn=97;delta=6,rows=433;candidate_error=4.4%;pyf_error=2.5%,rows=433;candidate_error=4.4%;pyf_error=2.5%,older_late_rows=129;young_early_rows=857,high_role_rows=456;low_sparse_role_rows=539,2022:0.775;2023:0.767;2024:0.748;2025:0.769,direction_stable_seasons=4/4,partial_coverage_not_full_2013_2025_comparable,DESCRIPTIVE_ONLY,Bounded predeclared receiving opportunity combination; prior ffop/NGS sidecars retain partial-window caveats when used.
GAUNTLET_003_PRIOR_YEAR_PPG_BASELINE__PLUS_RECOPP_WOPR_EPA_FFOP_PCT050_025_025,GAUNTLET_003_PRIOR_YEAR_PPG_BASELINE,C04,score=pyf_prior_nwr_ppg,nflverse_receiving_opportunity+prior_sidecars,recopp_rec_opp_wopr_pct|epa_epa_total_raw_pct|ffop_ffop_xfp_total_pct,QB|RB|TE|WR,2022|2023|2024|2025,1736,31.5%,68.5%,0.765,0.595,0.689,0.718,0.704,-0.013,0.010,0.033,46.9%,64.3%,72.0%,candidate_fp=171;pyf_fp=167;delta=4,candidate_fn=101;pyf_fn=97;delta=4,rows=433;candidate_error=4.6%;pyf_error=2.5%,rows=433;candidate_error=4.6%;pyf_error=2.5%,older_late_rows=129;young_early_rows=857,high_role_rows=456;low_sparse_role_rows=539,2022:0.775;2023:0.767;2024:0.748;2025:0.769,direction_stable_seasons=4/4,partial_coverage_not_full_2013_2025_comparable,DESCRIPTIVE_ONLY,Bounded predeclared receiving opportunity combination; prior ffop/NGS sidecars retain partial-window caveats when used.
GAUNTLET_057_TE_THREE_75_20_5__PLUS_RECOPP_WOPR_FFOP_PCT025_025,GAUNTLET_057_TE_THREE_75_20_5,C05,TE_only_three_year_0.75_0.20_0.05,nflverse_receiving_opportunity+prior_sidecars,recopp_rec_opp_wopr_pct|ffop_ffop_xfp_total_pct,TE,2022|2023|2024|2025,378,31.2%,68.8%,0.756,,,,0.756,0.015,0.001,0.037,47.9%,74.0%,74.3%,candidate_fp=26;pyf_fp=24;delta=2,candidate_fn=20;pyf_fn=18;delta=2,rows=95;candidate_error=1.1%;pyf_error=1.1%,rows=95;candidate_error=1.1%;pyf_error=1.1%,older_late_rows=22;young_early_rows=187,high_role_rows=102;low_sparse_role_rows=114,2022:0.743;2023:0.759;2024:0.706;2025:0.801,direction_stable_seasons=4/4,partial_coverage_not_full_2013_2025_comparable,INTERACTION_ONLY,Bounded predeclared receiving opportunity combination; prior ffop/NGS sidecars retain partial-window caveats when used.
GAUNTLET_057_TE_THREE_75_20_5__PLUS_RECOPP_WOPR_FFOP_PCT050_050,GAUNTLET_057_TE_THREE_75_20_5,C05,TE_only_three_year_0.75_0.20_0.05,nflverse_receiving_opportunity+prior_sidecars,recopp_rec_opp_wopr_pct|ffop_ffop_xfp_total_pct,TE,2022|2023|2024|2025,378,31.2%,68.8%,0.757,,,,0.757,0.016,0.002,0.039,47.9%,74.0%,74.3%,candidate_fp=26;pyf_fp=24;delta=2,candidate_fn=20;pyf_fn=18;delta=2,rows=95;candidate_error=1.1%;pyf_error=1.1%,rows=95;candidate_error=1.1%;pyf_error=1.1%,older_late_rows=22;young_early_rows=187,high_role_rows=102;low_sparse_role_rows=114,2022:0.743;2023:0.761;2024:0.707;2025:0.803,direction_stable_seasons=4/4,partial_coverage_not_full_2013_2025_comparable,INTERACTION_ONLY,Bounded predeclared receiving opportunity combination; prior ffop/NGS sidecars retain partial-window caveats when used.
GAUNTLET_057_TE_THREE_75_20_5__PLUS_RECOPP_WOPR_FFOP_PCT050_025,GAUNTLET_057_TE_THREE_75_20_5,C05,TE_only_three_year_0.75_0.20_0.05,nflverse_receiving_opportunity+prior_sidecars,recopp_rec_opp_wopr_pct|ffop_ffop_xfp_total_pct,TE,2022|2023|2024|2025,378,31.2%,68.8%,0.757,,,,0.757,0.016,0.002,0.038,47.9%,74.0%,74.3%,candidate_fp=26;pyf_fp=24;delta=2,candidate_fn=20;pyf_fn=18;delta=2,rows=95;candidate_error=1.1%;pyf_error=1.1%,rows=95;candidate_error=1.1%;pyf_error=1.1%,older_late_rows=22;young_early_rows=187,high_role_rows=102;low_sparse_role_rows=114,2022:0.744;2023:0.760;2024:0.707;2025:0.803,direction_stable_seasons=4/4,partial_coverage_not_full_2013_2025_comparable,INTERACTION_ONLY,Bounded predeclared receiving opportunity combination; prior ffop/NGS sidecars retain partial-window caveats when used.
GAUNTLET_057_TE_THREE_75_20_5__PLUS_RECOPP_WOPR_FFOP_PCT025_050,GAUNTLET_057_TE_THREE_75_20_5,C05,TE_only_three_year_0.75_0.20_0.05,nflverse_receiving_opportunity+prior_sidecars,recopp_rec_opp_wopr_pct|ffop_ffop_xfp_total_pct,TE,2022|2023|2024|2025,378,31.2%,68.8%,0.757,,,,0.757,0.016,0.002,0.038,47.9%,74.0%,74.3%,candidate_fp=26;pyf_fp=24;delta=2,candidate_fn=20;pyf_fn=18;delta=2,rows=95;candidate_error=1.1%;pyf_error=1.1%,rows=95;candidate_error=1.1%;pyf_error=1.1%,older_late_rows=22;young_early_rows=187,high_role_rows=102;low_sparse_role_rows=114,2022:0.744;2023:0.759;2024:0.707;2025:0.803,direction_stable_seasons=4/4,partial_coverage_not_full_2013_2025_comparable,INTERACTION_ONLY,Bounded predeclared receiving opportunity combination; prior ffop/NGS sidecars retain partial-window caveats when used.
GAUNTLET_057_TE_THREE_75_20_5__PLUS_RECOPP_WOPR_NGS_PCT025_025,GAUNTLET_057_TE_THREE_75_20_5,C05,TE_only_three_year_0.75_0.20_0.05,nflverse_receiving_opportunity+prior_sidecars,recopp_rec_opp_wopr_pct|ngs_ngs_position_signal_raw_pct,TE,2022|2023|2024|2025,168,13.9%,86.1%,0.709,,,,0.709,0.034,-0.046,-0.010,48.6%,72.6%,71.6%,candidate_fp=20;pyf_fp=19;delta=1,candidate_fn=14;pyf_fn=13;delta=1,rows=13;candidate_error=7.7%;pyf_error=7.7%,rows=13;candidate_error=7.7%;pyf_error=7.7%,older_late_rows=9;young_early_rows=73,high_role_rows=76;low_sparse_role_rows=13,2022:0.773;2023:0.690;2024:0.684,direction_stable_seasons=3/3,partial_coverage_not_full_2013_2025_comparable,INTERACTION_ONLY,Bounded predeclared receiving opportunity combination; prior ffop/NGS sidecars retain partial-window caveats when used.
GAUNTLET_057_TE_THREE_75_20_5__PLUS_RECOPP_WOPR_NGS_PCT050_050,GAUNTLET_057_TE_THREE_75_20_5,C05,TE_only_three_year_0.75_0.20_0.05,nflverse_receiving_opportunity+prior_sidecars,recopp_rec_opp_wopr_pct|ngs_ngs_position_signal_raw_pct,TE,2022|2023|2024|2025,168,13.9%,86.1%,0.712,,,,0.712,0.037,-0.043,-0.007,48.6%,72.6%,72.5%,candidate_fp=20;pyf_fp=19;delta=1,candidate_fn=14;pyf_fn=13;delta=1,rows=13;candidate_error=7.7%;pyf_error=7.7%,rows=13;candidate_error=7.7%;pyf_error=7.7%,older_late_rows=9;young_early_rows=73,high_role_rows=76;low_sparse_role_rows=13,2022:0.769;2023:0.694;2024:0.692,direction_stable_seasons=3/3,partial_coverage_not_full_2013_2025_comparable,INTERACTION_ONLY,Bounded predeclared receiving opportunity combination; prior ffop/NGS sidecars retain partial-window caveats when used.
GAUNTLET_057_TE_THREE_75_20_5__PLUS_RECOPP_WOPR_NGS_PCT050_025,GAUNTLET_057_TE_THREE_75_20_5,C05,TE_only_three_year_0.75_0.20_0.05,nflverse_receiving_opportunity+prior_sidecars,recopp_rec_opp_wopr_pct|ngs_ngs_position_signal_raw_pct,TE,2022|2023|2024|2025,168,13.9%,86.1%,0.711,,,,0.711,0.036,-0.044,-0.008,48.6%,72.6%,71.6%,candidate_fp=20;pyf_fp=19;delta=1,candidate_fn=14;pyf_fn=13;delta=1,rows=13;candidate_error=7.7%;pyf_error=7.7%,rows=13;candidate_error=7.7%;pyf_error=7.7%,older_late_rows=9;young_early_rows=73,high_role_rows=76;low_sparse_role_rows=13,2022:0.773;2023:0.693;2024:0.688,direction_stable_seasons=3/3,partial_coverage_not_full_2013_2025_comparable,INTERACTION_ONLY,Bounded predeclared receiving opportunity combination; prior ffop/NGS sidecars retain partial-window caveats when used.
GAUNTLET_057_TE_THREE_75_20_5__PLUS_RECOPP_WOPR_NGS_PCT025_050,GAUNTLET_057_TE_THREE_75_20_5,C05,TE_only_three_year_0.75_0.20_0.05,nflverse_receiving_opportunity+prior_sidecars,recopp_rec_opp_wopr_pct|ngs_ngs_position_signal_raw_pct,TE,2022|2023|2024|2025,168,13.9%,86.1%,0.711,,,,0.711,0.037,-0.044,-0.008,48.6%,72.6%,72.5%,candidate_fp=20;pyf_fp=19;delta=1,candidate_fn=14;pyf_fn=13;delta=1,rows=13;candidate_error=7.7%;pyf_error=7.7%,rows=13;candidate_error=7.7%;pyf_error=7.7%,older_late_rows=9;young_early_rows=73,high_role_rows=76;low_sparse_role_rows=13,2022:0.769;2023:0.692;2024:0.692,direction_stable_seasons=3/3,partial_coverage_not_full_2013_2025_comparable,INTERACTION_ONLY,Bounded predeclared receiving opportunity combination; prior ffop/NGS sidecars retain partial-window caveats when used.
GAUNTLET_057_TE_THREE_75_20_5__PLUS_RECOPP_WOPR_EPA_PCT025_025,GAUNTLET_057_TE_THREE_75_20_5,C05,TE_only_three_year_0.75_0.20_0.05,nflverse_receiving_opportunity+prior_sidecars,recopp_rec_opp_wopr_pct|epa_epa_total_raw_pct,TE,2013|2014|2015|2016|2017|2018|2019|2020|2021|2022|2023|2024|2025,1174,96.9%,3.1%,0.708,,,,0.708,0.018,-0.047,-0.011,51.3%,70.8%,72.0%,candidate_fp=79;pyf_fp=81;delta=-2,candidate_fn=66;pyf_fn=68;delta=-2,rows=305;candidate_error=1.0%;pyf_error=1.3%,rows=305;candidate_error=1.0%;pyf_error=1.3%,older_late_rows=86;young_early_rows=574,high_role_rows=312;low_sparse_role_rows=367,2013:0.728;2014:0.736;2015:0.632;2016:0.731;2017:0.680;2018:0.634;2019:0.581;2020:0.626;2021:0.744;2022:0.753;2023:0.757;2024:0.709;2025:0.798,direction_stable_seasons=9/13,partial_coverage_not_full_2013_2025_comparable,ADDITIVE_CANDIDATE,Bounded predeclared receiving opportunity combination; prior ffop/NGS sidecars retain partial-window caveats when used.
GAUNTLET_057_TE_THREE_75_20_5__PLUS_RECOPP_WOPR_EPA_PCT050_050,GAUNTLET_057_TE_THREE_75_20_5,C05,TE_only_three_year_0.75_0.20_0.05,nflverse_receiving_opportunity+prior_sidecars,recopp_rec_opp_wopr_pct|epa_epa_total_raw_pct,TE,2013|2014|2015|2016|2017|2018|2019|2020|2021|2022|2023|2024|2025,1174,96.9%,3.1%,0.707,,,,0.707,0.016,-0.048,-0.012,51.9%,70.5%,71.4%,candidate_fp=78;pyf_fp=81;delta=-3,candidate_fn=65;pyf_fn=68;delta=-3,rows=305;candidate_error=1.0%;pyf_error=1.3%,rows=305;candidate_error=1.0%;pyf_error=1.3%,older_late_rows=86;young_early_rows=574,high_role_rows=312;low_sparse_role_rows=367,2013:0.726;2014:0.731;2015:0.630;2016:0.727;2017:0.679;2018:0.637;2019:0.579;2020:0.626;2021:0.743;2022:0.752;2023:0.757;2024:0.707;2025:0.794,direction_stable_seasons=9/13,partial_coverage_not_full_2013_2025_comparable,ADDITIVE_CANDIDATE,Bounded predeclared receiving opportunity combination; prior ffop/NGS sidecars retain partial-window caveats when used.
GAUNTLET_057_TE_THREE_75_20_5__PLUS_RECOPP_WOPR_EPA_PCT050_025,GAUNTLET_057_TE_THREE_75_20_5,C05,TE_only_three_year_0.75_0.20_0.05,nflverse_receiving_opportunity+prior_sidecars,recopp_rec_opp_wopr_pct|epa_epa_total_raw_pct,TE,2013|2014|2015|2016|2017|2018|2019|2020|2021|2022|2023|2024|2025,1174,96.9%,3.1%,0.708,,,,0.708,0.017,-0.047,-0.011,51.3%,70.8%,71.8%,candidate_fp=79;pyf_fp=81;delta=-2,candidate_fn=66;pyf_fn=68;delta=-2,rows=305;candidate_error=1.0%;pyf_error=1.3%,rows=305;candidate_error=1.0%;pyf_error=1.3%,older_late_rows=86;young_early_rows=574,high_role_rows=312;low_sparse_role_rows=367,2013:0.728;2014:0.733;2015:0.632;2016:0.731;2017:0.679;2018:0.634;2019:0.580;2020:0.626;2021:0.743;2022:0.753;2023:0.757;2024:0.709;2025:0.799,direction_stable_seasons=9/13,partial_coverage_not_full_2013_2025_comparable,ADDITIVE_CANDIDATE,Bounded predeclared receiving opportunity combination; prior ffop/NGS sidecars retain partial-window caveats when used.
GAUNTLET_057_TE_THREE_75_20_5__PLUS_RECOPP_WOPR_EPA_PCT025_050,GAUNTLET_057_TE_THREE_75_20_5,C05,TE_only_three_year_0.75_0.20_0.05,nflverse_receiving_opportunity+prior_sidecars,recopp_rec_opp_wopr_pct|epa_epa_total_raw_pct,TE,2013|2014|2015|2016|2017|2018|2019|2020|2021|2022|2023|2024|2025,1174,96.9%,3.1%,0.707,,,,0.707,0.016,-0.048,-0.012,51.9%,70.8%,71.2%,candidate_fp=78;pyf_fp=81;delta=-3,candidate_fn=65;pyf_fn=68;delta=-3,rows=305;candidate_error=1.0%;pyf_error=1.3%,rows=305;candidate_error=1.0%;pyf_error=1.3%,older_late_rows=86;young_early_rows=574,high_role_rows=312;low_sparse_role_rows=367,2013:0.726;2014:0.733;2015:0.629;2016:0.727;2017:0.678;2018:0.638;2019:0.580;2020:0.627;2021:0.741;2022:0.750;2023:0.756;2024:0.708;2025:0.794,direction_stable_seasons=9/13,partial_coverage_not_full_2013_2025_comparable,ADDITIVE_CANDIDATE,Bounded predeclared receiving opportunity combination; prior ffop/NGS sidecars retain partial-window caveats when used.
GAUNTLET_057_TE_THREE_75_20_5__PLUS_RECOPP_WOPR_FFOP_NGS_PCT025_050_025,GAUNTLET_057_TE_THREE_75_20_5,C05,TE_only_three_year_0.75_0.20_0.05,nflverse_receiving_opportunity+prior_sidecars,recopp_rec_opp_wopr_pct|ffop_ffop_xfp_total_pct|ngs_ngs_position_signal_raw_pct,TE,2022|2023|2024|2025,168,13.9%,86.1%,0.709,,,,0.709,0.035,-0.046,-0.009,48.6%,72.6%,71.6%,candidate_fp=20;pyf_fp=19;delta=1,candidate_fn=14;pyf_fn=13;delta=1,rows=13;candidate_error=7.7%;pyf_error=7.7%,rows=13;candidate_error=7.7%;pyf_error=7.7%,older_late_rows=9;young_early_rows=73,high_role_rows=76;low_sparse_role_rows=13,2022:0.771;2023:0.691;2024:0.687,direction_stable_seasons=3/3,partial_coverage_not_full_2013_2025_comparable,INTERACTION_ONLY,Bounded predeclared receiving opportunity combination; prior ffop/NGS sidecars retain partial-window caveats when used.
GAUNTLET_057_TE_THREE_75_20_5__PLUS_RECOPP_WOPR_FFOP_NGS_PCT050_025_025,GAUNTLET_057_TE_THREE_75_20_5,C05,TE_only_three_year_0.75_0.20_0.05,nflverse_receiving_opportunity+prior_sidecars,recopp_rec_opp_wopr_pct|ffop_ffop_xfp_total_pct|ngs_ngs_position_signal_raw_pct,TE,2022|2023|2024|2025,168,13.9%,86.1%,0.710,,,,0.710,0.036,-0.045,-0.009,48.6%,72.6%,71.6%,candidate_fp=20;pyf_fp=19;delta=1,candidate_fn=14;pyf_fn=13;delta=1,rows=13;candidate_error=7.7%;pyf_error=7.7%,rows=13;candidate_error=7.7%;pyf_error=7.7%,older_late_rows=9;young_early_rows=73,high_role_rows=76;low_sparse_role_rows=13,2022:0.770;2023:0.692;2024:0.689,direction_stable_seasons=3/3,partial_coverage_not_full_2013_2025_comparable,INTERACTION_ONLY,Bounded predeclared receiving opportunity combination; prior ffop/NGS sidecars retain partial-window caveats when used.
GAUNTLET_057_TE_THREE_75_20_5__PLUS_RECOPP_WOPR_EPA_FFOP_PCT025_025_050,GAUNTLET_057_TE_THREE_75_20_5,C05,TE_only_three_year_0.75_0.20_0.05,nflverse_receiving_opportunity+prior_sidecars,recopp_rec_opp_wopr_pct|epa_epa_total_raw_pct|ffop_ffop_xfp_total_pct,TE,2022|2023|2024|2025,378,31.2%,68.8%,0.755,,,,0.755,0.014,0.000,0.037,47.9%,74.0%,74.3%,candidate_fp=26;pyf_fp=24;delta=2,candidate_fn=20;pyf_fn=18;delta=2,rows=95;candidate_error=1.1%;pyf_error=1.1%,rows=95;candidate_error=1.1%;pyf_error=1.1%,older_late_rows=22;young_early_rows=187,high_role_rows=102;low_sparse_role_rows=114,2022:0.742;2023:0.757;2024:0.705;2025:0.802,direction_stable_seasons=4/4,partial_coverage_not_full_2013_2025_comparable,INTERACTION_ONLY,Bounded predeclared receiving opportunity combination; prior ffop/NGS sidecars retain partial-window caveats when used.
GAUNTLET_057_TE_THREE_75_20_5__PLUS_RECOPP_WOPR_EPA_FFOP_PCT050_025_025,GAUNTLET_057_TE_THREE_75_20_5,C05,TE_only_three_year_0.75_0.20_0.05,nflverse_receiving_opportunity+prior_sidecars,recopp_rec_opp_wopr_pct|epa_epa_total_raw_pct|ffop_ffop_xfp_total_pct,TE,2022|2023|2024|2025,378,31.2%,68.8%,0.755,,,,0.755,0.014,0.000,0.036,47.9%,74.0%,74.3%,candidate_fp=26;pyf_fp=24;delta=2,candidate_fn=20;pyf_fn=18;delta=2,rows=95;candidate_error=1.1%;pyf_error=1.1%,rows=95;candidate_error=1.1%;pyf_error=1.1%,older_late_rows=22;young_early_rows=187,high_role_rows=102;low_sparse_role_rows=114,2022:0.742;2023:0.757;2024:0.705;2025:0.801,direction_stable_seasons=4/4,partial_coverage_not_full_2013_2025_comparable,INTERACTION_ONLY,Bounded predeclared receiving opportunity combination; prior ffop/NGS sidecars retain partial-window caveats when used.
GAUNTLET_058_TE_THREE_70_20_10__PLUS_RECOPP_WOPR_FFOP_PCT025_025,GAUNTLET_058_TE_THREE_70_20_10,C05,TE_only_three_year_0.70_0.20_0.10,nflverse_receiving_opportunity+prior_sidecars,recopp_rec_opp_wopr_pct|ffop_ffop_xfp_total_pct,TE,2022|2023|2024|2025,378,31.2%,68.8%,0.757,,,,0.757,0.016,0.002,0.038,47.9%,74.0%,75.7%,candidate_fp=26;pyf_fp=24;delta=2,candidate_fn=20;pyf_fn=18;delta=2,rows=95;candidate_error=1.1%;pyf_error=1.1%,rows=95;candidate_error=1.1%;pyf_error=1.1%,older_late_rows=22;young_early_rows=187,high_role_rows=102;low_sparse_role_rows=114,2022:0.739;2023:0.764;2024:0.705;2025:0.804,direction_stable_seasons=4/4,partial_coverage_not_full_2013_2025_comparable,INTERACTION_ONLY,Bounded predeclared receiving opportunity combination; prior ffop/NGS sidecars retain partial-window caveats when used.
GAUNTLET_058_TE_THREE_70_20_10__PLUS_RECOPP_WOPR_FFOP_PCT050_050,GAUNTLET_058_TE_THREE_70_20_10,C05,TE_only_three_year_0.70_0.20_0.10,nflverse_receiving_opportunity+prior_sidecars,recopp_rec_opp_wopr_pct|ffop_ffop_xfp_total_pct,TE,2022|2023|2024|2025,378,31.2%,68.8%,0.757,,,,0.757,0.015,0.002,0.038,50.0%,75.0%,75.7%,candidate_fp=25;pyf_fp=24;delta=1,candidate_fn=19;pyf_fn=18;delta=1,rows=95;candidate_error=1.1%;pyf_error=1.1%,rows=95;candidate_error=1.1%;pyf_error=1.1%,older_late_rows=22;young_early_rows=187,high_role_rows=102;low_sparse_role_rows=114,2022:0.738;2023:0.766;2024:0.704;2025:0.804,direction_stable_seasons=4/4,partial_coverage_not_full_2013_2025_comparable,INTERACTION_ONLY,Bounded predeclared receiving opportunity combination; prior ffop/NGS sidecars retain partial-window caveats when used.
GAUNTLET_058_TE_THREE_70_20_10__PLUS_RECOPP_WOPR_FFOP_PCT050_025,GAUNTLET_058_TE_THREE_70_20_10,C05,TE_only_three_year_0.70_0.20_0.10,nflverse_receiving_opportunity+prior_sidecars,recopp_rec_opp_wopr_pct|ffop_ffop_xfp_total_pct,TE,2022|2023|2024|2025,378,31.2%,68.8%,0.757,,,,0.757,0.015,0.002,0.038,47.9%,75.0%,75.7%,candidate_fp=26;pyf_fp=24;delta=2,candidate_fn=20;pyf_fn=18;delta=2,rows=95;candidate_error=1.1%;pyf_error=1.1%,rows=95;candidate_error=1.1%;pyf_error=1.1%,older_late_rows=22;young_early_rows=187,high_role_rows=102;low_sparse_role_rows=114,2022:0.739;2023:0.765;2024:0.705;2025:0.804,direction_stable_seasons=4/4,partial_coverage_not_full_2013_2025_comparable,INTERACTION_ONLY,Bounded predeclared receiving opportunity combination; prior ffop/NGS sidecars retain partial-window caveats when used.
GAUNTLET_058_TE_THREE_70_20_10__PLUS_RECOPP_WOPR_FFOP_PCT025_050,GAUNTLET_058_TE_THREE_70_20_10,C05,TE_only_three_year_0.70_0.20_0.10,nflverse_receiving_opportunity+prior_sidecars,recopp_rec_opp_wopr_pct|ffop_ffop_xfp_total_pct,TE,2022|2023|2024|2025,378,31.2%,68.8%,0.757,,,,0.757,0.015,0.002,0.038,47.9%,74.0%,75.7%,candidate_fp=26;pyf_fp=24;delta=2,candidate_fn=20;pyf_fn=18;delta=2,rows=95;candidate_error=1.1%;pyf_error=1.1%,rows=95;candidate_error=1.1%;pyf_error=1.1%,older_late_rows=22;young_early_rows=187,high_role_rows=102;low_sparse_role_rows=114,2022:0.739;2023:0.764;2024:0.705;2025:0.803,direction_stable_seasons=4/4,partial_coverage_not_full_2013_2025_comparable,INTERACTION_ONLY,Bounded predeclared receiving opportunity combination; prior ffop/NGS sidecars retain partial-window caveats when used.
GAUNTLET_058_TE_THREE_70_20_10__PLUS_RECOPP_WOPR_NGS_PCT025_025,GAUNTLET_058_TE_THREE_70_20_10,C05,TE_only_three_year_0.70_0.20_0.10,nflverse_receiving_opportunity+prior_sidecars,recopp_rec_opp_wopr_pct|ngs_ngs_position_signal_raw_pct,TE,2022|2023|2024|2025,168,13.9%,86.1%,0.712,,,,0.712,0.038,-0.043,-0.007,48.6%,74.0%,72.5%,candidate_fp=20;pyf_fp=19;delta=1,candidate_fn=14;pyf_fn=13;delta=1,rows=13;candidate_error=7.7%;pyf_error=7.7%,rows=13;candidate_error=7.7%;pyf_error=7.7%,older_late_rows=9;young_early_rows=73,high_role_rows=76;low_sparse_role_rows=13,2022:0.766;2023:0.702;2024:0.688,direction_stable_seasons=3/3,partial_coverage_not_full_2013_2025_comparable,INTERACTION_ONLY,Bounded predeclared receiving opportunity combination; prior ffop/NGS sidecars retain partial-window caveats when used.
GAUNTLET_058_TE_THREE_70_20_10__PLUS_RECOPP_WOPR_NGS_PCT050_050,GAUNTLET_058_TE_THREE_70_20_10,C05,TE_only_three_year_0.70_0.20_0.10,nflverse_receiving_opportunity+prior_sidecars,recopp_rec_opp_wopr_pct|ngs_ngs_position_signal_raw_pct,TE,2022|2023|2024|2025,168,13.9%,86.1%,0.713,,,,0.713,0.039,-0.042,-0.006,48.6%,74.0%,73.4%,candidate_fp=20;pyf_fp=19;delta=1,candidate_fn=14;pyf_fn=13;delta=1,rows=13;candidate_error=7.7%;pyf_error=7.7%,rows=13;candidate_error=7.7%;pyf_error=7.7%,older_late_rows=9;young_early_rows=73,high_role_rows=76;low_sparse_role_rows=13,2022:0.769;2023:0.704;2024:0.686,direction_stable_seasons=3/3,partial_coverage_not_full_2013_2025_comparable,INTERACTION_ONLY,Bounded predeclared receiving opportunity combination; prior ffop/NGS sidecars retain partial-window caveats when used.
GAUNTLET_058_TE_THREE_70_20_10__PLUS_RECOPP_WOPR_NGS_PCT050_025,GAUNTLET_058_TE_THREE_70_20_10,C05,TE_only_three_year_0.70_0.20_0.10,nflverse_receiving_opportunity+prior_sidecars,recopp_rec_opp_wopr_pct|ngs_ngs_position_signal_raw_pct,TE,2022|2023|2024|2025,168,13.9%,86.1%,0.714,,,,0.714,0.039,-0.041,-0.005,48.6%,74.0%,72.5%,candidate_fp=20;pyf_fp=19;delta=1,candidate_fn=14;pyf_fn=13;delta=1,rows=13;candidate_error=7.7%;pyf_error=7.7%,rows=13;candidate_error=7.7%;pyf_error=7.7%,older_late_rows=9;young_early_rows=73,high_role_rows=76;low_sparse_role_rows=13,2022:0.768;2023:0.705;2024:0.687,direction_stable_seasons=3/3,partial_coverage_not_full_2013_2025_comparable,INTERACTION_ONLY,Bounded predeclared receiving opportunity combination; prior ffop/NGS sidecars retain partial-window caveats when used.
GAUNTLET_058_TE_THREE_70_20_10__PLUS_RECOPP_WOPR_NGS_PCT025_050,GAUNTLET_058_TE_THREE_70_20_10,C05,TE_only_three_year_0.70_0.20_0.10,nflverse_receiving_opportunity+prior_sidecars,recopp_rec_opp_wopr_pct|ngs_ngs_position_signal_raw_pct,TE,2022|2023|2024|2025,168,13.9%,86.1%,0.713,,,,0.713,0.039,-0.042,-0.006,48.6%,74.0%,73.4%,candidate_fp=20;pyf_fp=19;delta=1,candidate_fn=14;pyf_fn=13;delta=1,rows=13;candidate_error=7.7%;pyf_error=7.7%,rows=13;candidate_error=7.7%;pyf_error=7.7%,older_late_rows=9;young_early_rows=73,high_role_rows=76;low_sparse_role_rows=13,2022:0.769;2023:0.703;2024:0.687,direction_stable_seasons=3/3,partial_coverage_not_full_2013_2025_comparable,INTERACTION_ONLY,Bounded predeclared receiving opportunity combination; prior ffop/NGS sidecars retain partial-window caveats when used.
GAUNTLET_058_TE_THREE_70_20_10__PLUS_RECOPP_WOPR_EPA_PCT025_025,GAUNTLET_058_TE_THREE_70_20_10,C05,TE_only_three_year_0.70_0.20_0.10,nflverse_receiving_opportunity+prior_sidecars,recopp_rec_opp_wopr_pct|epa_epa_total_raw_pct,TE,2013|2014|2015|2016|2017|2018|2019|2020|2021|2022|2023|2024|2025,1174,96.9%,3.1%,0.709,,,,0.709,0.018,-0.046,-0.010,51.9%,70.8%,71.8%,candidate_fp=78;pyf_fp=81;delta=-3,candidate_fn=65;pyf_fn=68;delta=-3,rows=305;candidate_error=1.0%;pyf_error=1.3%,rows=305;candidate_error=1.0%;pyf_error=1.3%,older_late_rows=86;young_early_rows=574,high_role_rows=312;low_sparse_role_rows=367,2013:0.728;2014:0.738;2015:0.642;2016:0.726;2017:0.680;2018:0.631;2019:0.580;2020:0.623;2021:0.747;2022:0.750;2023:0.764;2024:0.708;2025:0.800,direction_stable_seasons=10/13,partial_coverage_not_full_2013_2025_comparable,ADDITIVE_CANDIDATE,Bounded predeclared receiving opportunity combination; prior ffop/NGS sidecars retain partial-window caveats when used.
GAUNTLET_058_TE_THREE_70_20_10__PLUS_RECOPP_WOPR_EPA_PCT050_050,GAUNTLET_058_TE_THREE_70_20_10,C05,TE_only_three_year_0.70_0.20_0.10,nflverse_receiving_opportunity+prior_sidecars,recopp_rec_opp_wopr_pct|epa_epa_total_raw_pct,TE,2013|2014|2015|2016|2017|2018|2019|2020|2021|2022|2023|2024|2025,1174,96.9%,3.1%,0.708,,,,0.708,0.017,-0.047,-0.011,52.6%,70.8%,71.8%,candidate_fp=77;pyf_fp=81;delta=-4,candidate_fn=64;pyf_fn=68;delta=-4,rows=305;candidate_error=1.0%;pyf_error=1.3%,rows=305;candidate_error=1.0%;pyf_error=1.3%,older_late_rows=86;young_early_rows=574,high_role_rows=312;low_sparse_role_rows=367,2013:0.726;2014:0.736;2015:0.640;2016:0.722;2017:0.681;2018:0.632;2019:0.580;2020:0.621;2021:0.747;2022:0.749;2023:0.764;2024:0.705;2025:0.797,direction_stable_seasons=9/13,partial_coverage_not_full_2013_2025_comparable,ADDITIVE_CANDIDATE,Bounded predeclared receiving opportunity combination; prior ffop/NGS sidecars retain partial-window caveats when used.
GAUNTLET_058_TE_THREE_70_20_10__PLUS_RECOPP_WOPR_EPA_PCT050_025,GAUNTLET_058_TE_THREE_70_20_10,C05,TE_only_three_year_0.70_0.20_0.10,nflverse_receiving_opportunity+prior_sidecars,recopp_rec_opp_wopr_pct|epa_epa_total_raw_pct,TE,2013|2014|2015|2016|2017|2018|2019|2020|2021|2022|2023|2024|2025,1174,96.9%,3.1%,0.709,,,,0.709,0.018,-0.046,-0.010,51.9%,70.8%,72.0%,candidate_fp=78;pyf_fp=81;delta=-3,candidate_fn=65;pyf_fn=68;delta=-3,rows=305;candidate_error=1.0%;pyf_error=1.3%,rows=305;candidate_error=1.0%;pyf_error=1.3%,older_late_rows=86;young_early_rows=574,high_role_rows=312;low_sparse_role_rows=367,2013:0.728;2014:0.735;2015:0.641;2016:0.725;2017:0.679;2018:0.631;2019:0.581;2020:0.622;2021:0.746;2022:0.752;2023:0.764;2024:0.708;2025:0.800,direction_stable_seasons=10/13,partial_coverage_not_full_2013_2025_comparable,ADDITIVE_CANDIDATE,Bounded predeclared receiving opportunity combination; prior ffop/NGS sidecars retain partial-window caveats when used.
GAUNTLET_058_TE_THREE_70_20_10__PLUS_RECOPP_WOPR_EPA_PCT025_050,GAUNTLET_058_TE_THREE_70_20_10,C05,TE_only_three_year_0.70_0.20_0.10,nflverse_receiving_opportunity+prior_sidecars,recopp_rec_opp_wopr_pct|epa_epa_total_raw_pct,TE,2013|2014|2015|2016|2017|2018|2019|2020|2021|2022|2023|2024|2025,1174,96.9%,3.1%,0.708,,,,0.708,0.017,-0.047,-0.011,52.6%,70.8%,71.4%,candidate_fp=77;pyf_fp=81;delta=-4,candidate_fn=64;pyf_fn=68;delta=-4,rows=305;candidate_error=1.0%;pyf_error=1.3%,rows=305;candidate_error=1.0%;pyf_error=1.3%,older_late_rows=86;young_early_rows=574,high_role_rows=312;low_sparse_role_rows=367,2013:0.726;2014:0.736;2015:0.639;2016:0.723;2017:0.682;2018:0.632;2019:0.583;2020:0.620;2021:0.748;2022:0.749;2023:0.762;2024:0.706;2025:0.799,direction_stable_seasons=9/13,partial_coverage_not_full_2013_2025_comparable,ADDITIVE_CANDIDATE,Bounded predeclared receiving opportunity combination; prior ffop/NGS sidecars retain partial-window caveats when used.
GAUNTLET_058_TE_THREE_70_20_10__PLUS_RECOPP_WOPR_FFOP_NGS_PCT025_050_025,GAUNTLET_058_TE_THREE_70_20_10,C05,TE_only_three_year_0.70_0.20_0.10,nflverse_receiving_opportunity+prior_sidecars,recopp_rec_opp_wopr_pct|ffop_ffop_xfp_total_pct|ngs_ngs_position_signal_raw_pct,TE,2022|2023|2024|2025,168,13.9%,86.1%,0.713,,,,0.713,0.039,-0.042,-0.006,48.6%,74.0%,72.5%,candidate_fp=20;pyf_fp=19;delta=1,candidate_fn=14;pyf_fn=13;delta=1,rows=13;candidate_error=7.7%;pyf_error=7.7%,rows=13;candidate_error=7.7%;pyf_error=7.7%,older_late_rows=9;young_early_rows=73,high_role_rows=76;low_sparse_role_rows=13,2022:0.769;2023:0.701;2024:0.688,direction_stable_seasons=3/3,partial_coverage_not_full_2013_2025_comparable,INTERACTION_ONLY,Bounded predeclared receiving opportunity combination; prior ffop/NGS sidecars retain partial-window caveats when used.
GAUNTLET_058_TE_THREE_70_20_10__PLUS_RECOPP_WOPR_FFOP_NGS_PCT050_025_025,GAUNTLET_058_TE_THREE_70_20_10,C05,TE_only_three_year_0.70_0.20_0.10,nflverse_receiving_opportunity+prior_sidecars,recopp_rec_opp_wopr_pct|ffop_ffop_xfp_total_pct|ngs_ngs_position_signal_raw_pct,TE,2022|2023|2024|2025,168,13.9%,86.1%,0.713,,,,0.713,0.039,-0.042,-0.006,48.6%,74.0%,72.5%,candidate_fp=20;pyf_fp=19;delta=1,candidate_fn=14;pyf_fn=13;delta=1,rows=13;candidate_error=7.7%;pyf_error=7.7%,rows=13;candidate_error=7.7%;pyf_error=7.7%,older_late_rows=9;young_early_rows=73,high_role_rows=76;low_sparse_role_rows=13,2022:0.769;2023:0.703;2024:0.688,direction_stable_seasons=3/3,partial_coverage_not_full_2013_2025_comparable,INTERACTION_ONLY,Bounded predeclared receiving opportunity combination; prior ffop/NGS sidecars retain partial-window caveats when used.
GAUNTLET_058_TE_THREE_70_20_10__PLUS_RECOPP_WOPR_EPA_FFOP_PCT025_025_050,GAUNTLET_058_TE_THREE_70_20_10,C05,TE_only_three_year_0.70_0.20_0.10,nflverse_receiving_opportunity+prior_sidecars,recopp_rec_opp_wopr_pct|epa_epa_total_raw_pct|ffop_ffop_xfp_total_pct,TE,2022|2023|2024|2025,378,31.2%,68.8%,0.756,,,,0.756,0.015,0.001,0.037,50.0%,74.0%,75.7%,candidate_fp=25;pyf_fp=24;delta=1,candidate_fn=19;pyf_fn=18;delta=1,rows=95;candidate_error=1.1%;pyf_error=1.1%,rows=95;candidate_error=1.1%;pyf_error=1.1%,older_late_rows=22;young_early_rows=187,high_role_rows=102;low_sparse_role_rows=114,2022:0.740;2023:0.763;2024:0.704;2025:0.802,direction_stable_seasons=4/4,partial_coverage_not_full_2013_2025_comparable,INTERACTION_ONLY,Bounded predeclared receiving opportunity combination; prior ffop/NGS sidecars retain partial-window caveats when used.
GAUNTLET_058_TE_THREE_70_20_10__PLUS_RECOPP_WOPR_EPA_FFOP_PCT050_025_025,GAUNTLET_058_TE_THREE_70_20_10,C05,TE_only_three_year_0.70_0.20_0.10,nflverse_receiving_opportunity+prior_sidecars,recopp_rec_opp_wopr_pct|epa_epa_total_raw_pct|ffop_ffop_xfp_total_pct,TE,2022|2023|2024|2025,378,31.2%,68.8%,0.756,,,,0.756,0.014,0.001,0.037,50.0%,74.0%,75.7%,candidate_fp=25;pyf_fp=24;delta=1,candidate_fn=19;pyf_fn=18;delta=1,rows=95;candidate_error=1.1%;pyf_error=1.1%,rows=95;candidate_error=1.1%;pyf_error=1.1%,older_late_rows=22;young_early_rows=187,high_role_rows=102;low_sparse_role_rows=114,2022:0.739;2023:0.764;2024:0.703;2025:0.802,direction_stable_seasons=4/4,partial_coverage_not_full_2013_2025_comparable,INTERACTION_ONLY,Bounded predeclared receiving opportunity combination; prior ffop/NGS sidecars retain partial-window caveats when used.
GAUNTLET_059_TE_THREE_65_25_10__PLUS_RECOPP_WOPR_FFOP_PCT025_025,GAUNTLET_059_TE_THREE_65_25_10,C05,TE_only_three_year_0.65_0.25_0.10,nflverse_receiving_opportunity+prior_sidecars,recopp_rec_opp_wopr_pct|ffop_ffop_xfp_total_pct,TE,2022|2023|2024|2025,378,31.2%,68.8%,0.756,,,,0.756,0.015,0.001,0.038,43.8%,72.9%,75.7%,candidate_fp=28;pyf_fp=24;delta=4,candidate_fn=22;pyf_fn=18;delta=4,rows=95;candidate_error=1.1%;pyf_error=1.1%,rows=95;candidate_error=1.1%;pyf_error=1.1%,older_late_rows=22;young_early_rows=187,high_role_rows=102;low_sparse_role_rows=114,2022:0.739;2023:0.763;2024:0.701;2025:0.806,direction_stable_seasons=4/4,partial_coverage_not_full_2013_2025_comparable,INTERACTION_ONLY,Bounded predeclared receiving opportunity combination; prior ffop/NGS sidecars retain partial-window caveats when used.
GAUNTLET_059_TE_THREE_65_25_10__PLUS_RECOPP_WOPR_FFOP_PCT050_050,GAUNTLET_059_TE_THREE_65_25_10,C05,TE_only_three_year_0.65_0.25_0.10,nflverse_receiving_opportunity+prior_sidecars,recopp_rec_opp_wopr_pct|ffop_ffop_xfp_total_pct,TE,2022|2023|2024|2025,378,31.2%,68.8%,0.757,,,,0.757,0.016,0.002,0.039,43.8%,72.9%,75.7%,candidate_fp=28;pyf_fp=24;delta=4,candidate_fn=22;pyf_fn=18;delta=4,rows=95;candidate_error=1.1%;pyf_error=1.1%,rows=95;candidate_error=1.1%;pyf_error=1.1%,older_late_rows=22;young_early_rows=187,high_role_rows=102;low_sparse_role_rows=114,2022:0.740;2023:0.762;2024:0.703;2025:0.807,direction_stable_seasons=4/4,partial_coverage_not_full_2013_2025_comparable,INTERACTION_ONLY,Bounded predeclared receiving opportunity combination; prior ffop/NGS sidecars retain partial-window caveats when used.
GAUNTLET_059_TE_THREE_65_25_10__PLUS_RECOPP_WOPR_FFOP_PCT050_025,GAUNTLET_059_TE_THREE_65_25_10,C05,TE_only_three_year_0.65_0.25_0.10,nflverse_receiving_opportunity+prior_sidecars,recopp_rec_opp_wopr_pct|ffop_ffop_xfp_total_pct,TE,2022|2023|2024|2025,378,31.2%,68.8%,0.757,,,,0.757,0.016,0.002,0.039,43.8%,72.9%,75.7%,candidate_fp=28;pyf_fp=24;delta=4,candidate_fn=22;pyf_fn=18;delta=4,rows=95;candidate_error=1.1%;pyf_error=1.1%,rows=95;candidate_error=1.1%;pyf_error=1.1%,older_late_rows=22;young_early_rows=187,high_role_rows=102;low_sparse_role_rows=114,2022:0.739;2023:0.764;2024:0.702;2025:0.807,direction_stable_seasons=4/4,partial_coverage_not_full_2013_2025_comparable,INTERACTION_ONLY,Bounded predeclared receiving opportunity combination; prior ffop/NGS sidecars retain partial-window caveats when used.
GAUNTLET_059_TE_THREE_65_25_10__PLUS_RECOPP_WOPR_FFOP_PCT025_050,GAUNTLET_059_TE_THREE_65_25_10,C05,TE_only_three_year_0.65_0.25_0.10,nflverse_receiving_opportunity+prior_sidecars,recopp_rec_opp_wopr_pct|ffop_ffop_xfp_total_pct,TE,2022|2023|2024|2025,378,31.2%,68.8%,0.756,,,,0.756,0.015,0.001,0.038,43.8%,72.9%,75.7%,candidate_fp=28;pyf_fp=24;delta=4,candidate_fn=22;pyf_fn=18;delta=4,rows=95;candidate_error=1.1%;pyf_error=1.1%,rows=95;candidate_error=1.1%;pyf_error=1.1%,older_late_rows=22;young_early_rows=187,high_role_rows=102;low_sparse_role_rows=114,2022:0.739;2023:0.762;2024:0.702;2025:0.806,direction_stable_seasons=4/4,partial_coverage_not_full_2013_2025_comparable,INTERACTION_ONLY,Bounded predeclared receiving opportunity combination; prior ffop/NGS sidecars retain partial-window caveats when used.
GAUNTLET_059_TE_THREE_65_25_10__PLUS_RECOPP_WOPR_NGS_PCT025_025,GAUNTLET_059_TE_THREE_65_25_10,C05,TE_only_three_year_0.65_0.25_0.10,nflverse_receiving_opportunity+prior_sidecars,recopp_rec_opp_wopr_pct|ngs_ngs_position_signal_raw_pct,TE,2022|2023|2024|2025,168,13.9%,86.1%,0.715,,,,0.715,0.040,-0.040,-0.004,45.9%,72.6%,73.4%,candidate_fp=21;pyf_fp=19;delta=2,candidate_fn=15;pyf_fn=13;delta=2,rows=13;candidate_error=7.7%;pyf_error=7.7%,rows=13;candidate_error=7.7%;pyf_error=7.7%,older_late_rows=9;young_early_rows=73,high_role_rows=76;low_sparse_role_rows=13,2022:0.772;2023:0.698;2024:0.693,direction_stable_seasons=3/3,partial_coverage_not_full_2013_2025_comparable,INTERACTION_ONLY,Bounded predeclared receiving opportunity combination; prior ffop/NGS sidecars retain partial-window caveats when used.
GAUNTLET_059_TE_THREE_65_25_10__PLUS_RECOPP_WOPR_NGS_PCT050_050,GAUNTLET_059_TE_THREE_65_25_10,C05,TE_only_three_year_0.65_0.25_0.10,nflverse_receiving_opportunity+prior_sidecars,recopp_rec_opp_wopr_pct|ngs_ngs_position_signal_raw_pct,TE,2022|2023|2024|2025,168,13.9%,86.1%,0.712,,,,0.712,0.038,-0.043,-0.006,48.6%,72.6%,74.3%,candidate_fp=20;pyf_fp=19;delta=1,candidate_fn=14;pyf_fn=13;delta=1,rows=13;candidate_error=7.7%;pyf_error=7.7%,rows=13;candidate_error=7.7%;pyf_error=7.7%,older_late_rows=9;young_early_rows=73,high_role_rows=76;low_sparse_role_rows=13,2022:0.771;2023:0.694;2024:0.690,direction_stable_seasons=3/3,partial_coverage_not_full_2013_2025_comparable,INTERACTION_ONLY,Bounded predeclared receiving opportunity combination; prior ffop/NGS sidecars retain partial-window caveats when used.
GAUNTLET_059_TE_THREE_65_25_10__PLUS_RECOPP_WOPR_NGS_PCT050_025,GAUNTLET_059_TE_THREE_65_25_10,C05,TE_only_three_year_0.65_0.25_0.10,nflverse_receiving_opportunity+prior_sidecars,recopp_rec_opp_wopr_pct|ngs_ngs_position_signal_raw_pct,TE,2022|2023|2024|2025,168,13.9%,86.1%,0.714,,,,0.714,0.040,-0.041,-0.004,45.9%,72.6%,72.5%,candidate_fp=21;pyf_fp=19;delta=2,candidate_fn=15;pyf_fn=13;delta=2,rows=13;candidate_error=7.7%;pyf_error=7.7%,rows=13;candidate_error=7.7%;pyf_error=7.7%,older_late_rows=9;young_early_rows=73,high_role_rows=76;low_sparse_role_rows=13,2022:0.773;2023:0.698;2024:0.691,direction_stable_seasons=3/3,partial_coverage_not_full_2013_2025_comparable,INTERACTION_ONLY,Bounded predeclared receiving opportunity combination; prior ffop/NGS sidecars retain partial-window caveats when used.
GAUNTLET_059_TE_THREE_65_25_10__PLUS_RECOPP_WOPR_NGS_PCT025_050,GAUNTLET_059_TE_THREE_65_25_10,C05,TE_only_three_year_0.65_0.25_0.10,nflverse_receiving_opportunity+prior_sidecars,recopp_rec_opp_wopr_pct|ngs_ngs_position_signal_raw_pct,TE,2022|2023|2024|2025,168,13.9%,86.1%,0.713,,,,0.713,0.039,-0.042,-0.005,48.6%,72.6%,74.3%,candidate_fp=20;pyf_fp=19;delta=1,candidate_fn=14;pyf_fn=13;delta=1,rows=13;candidate_error=7.7%;pyf_error=7.7%,rows=13;candidate_error=7.7%;pyf_error=7.7%,older_late_rows=9;young_early_rows=73,high_role_rows=76;low_sparse_role_rows=13,2022:0.770;2023:0.695;2024:0.694,direction_stable_seasons=3/3,partial_coverage_not_full_2013_2025_comparable,INTERACTION_ONLY,Bounded predeclared receiving opportunity combination; prior ffop/NGS sidecars retain partial-window caveats when used.
GAUNTLET_059_TE_THREE_65_25_10__PLUS_RECOPP_WOPR_EPA_PCT025_025,GAUNTLET_059_TE_THREE_65_25_10,C05,TE_only_three_year_0.65_0.25_0.10,nflverse_receiving_opportunity+prior_sidecars,recopp_rec_opp_wopr_pct|epa_epa_total_raw_pct,TE,2013|2014|2015|2016|2017|2018|2019|2020|2021|2022|2023|2024|2025,1174,96.9%,3.1%,0.708,,,,0.708,0.018,-0.047,-0.010,50.6%,71.2%,71.6%,candidate_fp=80;pyf_fp=81;delta=-1,candidate_fn=67;pyf_fn=68;delta=-1,rows=305;candidate_error=1.0%;pyf_error=1.3%,rows=305;candidate_error=1.0%;pyf_error=1.3%,older_late_rows=86;young_early_rows=574,high_role_rows=312;low_sparse_role_rows=367,2013:0.728;2014:0.734;2015:0.646;2016:0.722;2017:0.681;2018:0.627;2019:0.580;2020:0.621;2021:0.747;2022:0.750;2023:0.763;2024:0.707;2025:0.801,direction_stable_seasons=10/13,partial_coverage_not_full_2013_2025_comparable,ADDITIVE_CANDIDATE,Bounded predeclared receiving opportunity combination; prior ffop/NGS sidecars retain partial-window caveats when used.
GAUNTLET_059_TE_THREE_65_25_10__PLUS_RECOPP_WOPR_EPA_PCT050_050,GAUNTLET_059_TE_THREE_65_25_10,C05,TE_only_three_year_0.65_0.25_0.10,nflverse_receiving_opportunity+prior_sidecars,recopp_rec_opp_wopr_pct|epa_epa_total_raw_pct,TE,2013|2014|2015|2016|2017|2018|2019|2020|2021|2022|2023|2024|2025,1174,96.9%,3.1%,0.708,,,,0.708,0.018,-0.047,-0.010,51.9%,70.8%,71.6%,candidate_fp=78;pyf_fp=81;delta=-3,candidate_fn=65;pyf_fn=68;delta=-3,rows=305;candidate_error=1.0%;pyf_error=1.3%,rows=305;candidate_error=1.0%;pyf_error=1.3%,older_late_rows=86;young_early_rows=574,high_role_rows=312;low_sparse_role_rows=367,2013:0.726;2014:0.733;2015:0.644;2016:0.722;2017:0.681;2018:0.630;2019:0.581;2020:0.621;2021:0.749;2022:0.748;2023:0.763;2024:0.706;2025:0.801,direction_stable_seasons=10/13,partial_coverage_not_full_2013_2025_comparable,ADDITIVE_CANDIDATE,Bounded predeclared receiving opportunity combination; prior ffop/NGS sidecars retain partial-window caveats when used.
GAUNTLET_059_TE_THREE_65_25_10__PLUS_RECOPP_WOPR_EPA_PCT050_025,GAUNTLET_059_TE_THREE_65_25_10,C05,TE_only_three_year_0.65_0.25_0.10,nflverse_receiving_opportunity+prior_sidecars,recopp_rec_opp_wopr_pct|epa_epa_total_raw_pct,TE,2013|2014|2015|2016|2017|2018|2019|2020|2021|2022|2023|2024|2025,1174,96.9%,3.1%,0.708,,,,0.708,0.018,-0.047,-0.010,50.6%,71.2%,71.8%,candidate_fp=80;pyf_fp=81;delta=-1,candidate_fn=67;pyf_fn=68;delta=-1,rows=305;candidate_error=1.0%;pyf_error=1.3%,rows=305;candidate_error=1.0%;pyf_error=1.3%,older_late_rows=86;young_early_rows=574,high_role_rows=312;low_sparse_role_rows=367,2013:0.728;2014:0.732;2015:0.646;2016:0.722;2017:0.680;2018:0.627;2019:0.579;2020:0.621;2021:0.746;2022:0.750;2023:0.762;2024:0.706;2025:0.802,direction_stable_seasons=10/13,partial_coverage_not_full_2013_2025_comparable,ADDITIVE_CANDIDATE,Bounded predeclared receiving opportunity combination; prior ffop/NGS sidecars retain partial-window caveats when used.
GAUNTLET_059_TE_THREE_65_25_10__PLUS_RECOPP_WOPR_EPA_PCT025_050,GAUNTLET_059_TE_THREE_65_25_10,C05,TE_only_three_year_0.65_0.25_0.10,nflverse_receiving_opportunity+prior_sidecars,recopp_rec_opp_wopr_pct|epa_epa_total_raw_pct,TE,2013|2014|2015|2016|2017|2018|2019|2020|2021|2022|2023|2024|2025,1174,96.9%,3.1%,0.708,,,,0.708,0.017,-0.047,-0.011,51.3%,70.8%,71.4%,candidate_fp=79;pyf_fp=81;delta=-2,candidate_fn=66;pyf_fn=68;delta=-2,rows=305;candidate_error=1.0%;pyf_error=1.3%,rows=305;candidate_error=1.0%;pyf_error=1.3%,older_late_rows=86;young_early_rows=574,high_role_rows=312;low_sparse_role_rows=367,2013:0.726;2014:0.734;2015:0.643;2016:0.723;2017:0.680;2018:0.632;2019:0.581;2020:0.620;2021:0.747;2022:0.747;2023:0.762;2024:0.706;2025:0.801,direction_stable_seasons=10/13,partial_coverage_not_full_2013_2025_comparable,ADDITIVE_CANDIDATE,Bounded predeclared receiving opportunity combination; prior ffop/NGS sidecars retain partial-window caveats when used.
GAUNTLET_059_TE_THREE_65_25_10__PLUS_RECOPP_WOPR_FFOP_NGS_PCT025_050_025,GAUNTLET_059_TE_THREE_65_25_10,C05,TE_only_three_year_0.65_0.25_0.10,nflverse_receiving_opportunity+prior_sidecars,recopp_rec_opp_wopr_pct|ffop_ffop_xfp_total_pct|ngs_ngs_position_signal_raw_pct,TE,2022|2023|2024|2025,168,13.9%,86.1%,0.714,,,,0.714,0.040,-0.041,-0.004,48.6%,72.6%,72.5%,candidate_fp=20;pyf_fp=19;delta=1,candidate_fn=14;pyf_fn=13;delta=1,rows=13;candidate_error=7.7%;pyf_error=7.7%,rows=13;candidate_error=7.7%;pyf_error=7.7%,older_late_rows=9;young_early_rows=73,high_role_rows=76;low_sparse_role_rows=13,2022:0.771;2023:0.696;2024:0.695,direction_stable_seasons=3/3,partial_coverage_not_full_2013_2025_comparable,INTERACTION_ONLY,Bounded predeclared receiving opportunity combination; prior ffop/NGS sidecars retain partial-window caveats when used.
GAUNTLET_059_TE_THREE_65_25_10__PLUS_RECOPP_WOPR_FFOP_NGS_PCT050_025_025,GAUNTLET_059_TE_THREE_65_25_10,C05,TE_only_three_year_0.65_0.25_0.10,nflverse_receiving_opportunity+prior_sidecars,recopp_rec_opp_wopr_pct|ffop_ffop_xfp_total_pct|ngs_ngs_position_signal_raw_pct,TE,2022|2023|2024|2025,168,13.9%,86.1%,0.714,,,,0.714,0.040,-0.041,-0.004,48.6%,72.6%,72.5%,candidate_fp=20;pyf_fp=19;delta=1,candidate_fn=14;pyf_fn=13;delta=1,rows=13;candidate_error=7.7%;pyf_error=7.7%,rows=13;candidate_error=7.7%;pyf_error=7.7%,older_late_rows=9;young_early_rows=73,high_role_rows=76;low_sparse_role_rows=13,2022:0.771;2023:0.698;2024:0.694,direction_stable_seasons=3/3,partial_coverage_not_full_2013_2025_comparable,INTERACTION_ONLY,Bounded predeclared receiving opportunity combination; prior ffop/NGS sidecars retain partial-window caveats when used.
GAUNTLET_059_TE_THREE_65_25_10__PLUS_RECOPP_WOPR_EPA_FFOP_PCT025_025_050,GAUNTLET_059_TE_THREE_65_25_10,C05,TE_only_three_year_0.65_0.25_0.10,nflverse_receiving_opportunity+prior_sidecars,recopp_rec_opp_wopr_pct|epa_epa_total_raw_pct|ffop_ffop_xfp_total_pct,TE,2022|2023|2024|2025,378,31.2%,68.8%,0.757,,,,0.757,0.015,0.002,0.038,43.8%,74.0%,75.7%,candidate_fp=28;pyf_fp=24;delta=4,candidate_fn=22;pyf_fn=18;delta=4,rows=95;candidate_error=1.1%;pyf_error=1.1%,rows=95;candidate_error=1.1%;pyf_error=1.1%,older_late_rows=22;young_early_rows=187,high_role_rows=102;low_sparse_role_rows=114,2022:0.739;2023:0.764;2024:0.702;2025:0.806,direction_stable_seasons=4/4,partial_coverage_not_full_2013_2025_comparable,INTERACTION_ONLY,Bounded predeclared receiving opportunity combination; prior ffop/NGS sidecars retain partial-window caveats when used.
GAUNTLET_059_TE_THREE_65_25_10__PLUS_RECOPP_WOPR_EPA_FFOP_PCT050_025_025,GAUNTLET_059_TE_THREE_65_25_10,C05,TE_only_three_year_0.65_0.25_0.10,nflverse_receiving_opportunity+prior_sidecars,recopp_rec_opp_wopr_pct|epa_epa_total_raw_pct|ffop_ffop_xfp_total_pct,TE,2022|2023|2024|2025,378,31.2%,68.8%,0.756,,,,0.756,0.015,0.001,0.038,43.8%,74.0%,75.7%,candidate_fp=28;pyf_fp=24;delta=4,candidate_fn=22;pyf_fn=18;delta=4,rows=95;candidate_error=1.1%;pyf_error=1.1%,rows=95;candidate_error=1.1%;pyf_error=1.1%,older_late_rows=22;young_early_rows=187,high_role_rows=102;low_sparse_role_rows=114,2022:0.739;2023:0.762;2024:0.702;2025:0.806,direction_stable_seasons=4/4,partial_coverage_not_full_2013_2025_comparable,INTERACTION_ONLY,Bounded predeclared receiving opportunity combination; prior ffop/NGS sidecars retain partial-window caveats when used.
GAUNTLET_051_WR_THREE_65_25_10__PLUS_RECOPP_WOPR_FFOP_PCT025_025,GAUNTLET_051_WR_THREE_65_25_10,C06,WR_only_three_year_0.65_0.25_0.10,nflverse_receiving_opportunity+prior_sidecars,recopp_rec_opp_wopr_pct|ffop_ffop_xfp_total_pct,WR,2022|2023|2024|2025,678,31.9%,68.1%,0.737,,,0.737,,0.004,-0.018,0.034,43.8%,60.4%,71.5%,candidate_fp=64;pyf_fp=65;delta=-1,candidate_fn=29;pyf_fn=30;delta=-1,rows=131;candidate_error=2.3%;pyf_error=2.3%,rows=131;candidate_error=2.3%;pyf_error=2.3%,older_late_rows=40;young_early_rows=346,high_role_rows=176;low_sparse_role_rows=181,2022:0.732;2023:0.782;2024:0.724;2025:0.711,direction_stable_seasons=4/4,partial_coverage_not_full_2013_2025_comparable,INTERACTION_ONLY,Bounded predeclared receiving opportunity combination; prior ffop/NGS sidecars retain partial-window caveats when used.
GAUNTLET_051_WR_THREE_65_25_10__PLUS_RECOPP_WOPR_FFOP_PCT050_050,GAUNTLET_051_WR_THREE_65_25_10,C06,WR_only_three_year_0.65_0.25_0.10,nflverse_receiving_opportunity+prior_sidecars,recopp_rec_opp_wopr_pct|ffop_ffop_xfp_total_pct,WR,2022|2023|2024|2025,678,31.9%,68.1%,0.737,,,0.737,,0.005,-0.018,0.035,41.7%,59.4%,71.5%,candidate_fp=63;pyf_fp=65;delta=-2,candidate_fn=28;pyf_fn=30;delta=-2,rows=131;candidate_error=2.3%;pyf_error=2.3%,rows=131;candidate_error=2.3%;pyf_error=2.3%,older_late_rows=40;young_early_rows=346,high_role_rows=176;low_sparse_role_rows=181,2022:0.733;2023:0.784;2024:0.724;2025:0.711,direction_stable_seasons=4/4,partial_coverage_not_full_2013_2025_comparable,INTERACTION_ONLY,Bounded predeclared receiving opportunity combination; prior ffop/NGS sidecars retain partial-window caveats when used.
GAUNTLET_051_WR_THREE_65_25_10__PLUS_RECOPP_WOPR_FFOP_PCT050_025,GAUNTLET_051_WR_THREE_65_25_10,C06,WR_only_three_year_0.65_0.25_0.10,nflverse_receiving_opportunity+prior_sidecars,recopp_rec_opp_wopr_pct|ffop_ffop_xfp_total_pct,WR,2022|2023|2024|2025,678,31.9%,68.1%,0.737,,,0.737,,0.005,-0.018,0.035,43.8%,59.4%,71.5%,candidate_fp=64;pyf_fp=65;delta=-1,candidate_fn=29;pyf_fn=30;delta=-1,rows=131;candidate_error=2.3%;pyf_error=2.3%,rows=131;candidate_error=2.3%;pyf_error=2.3%,older_late_rows=40;young_early_rows=346,high_role_rows=176;low_sparse_role_rows=181,2022:0.733;2023:0.783;2024:0.724;2025:0.711,direction_stable_seasons=4/4,partial_coverage_not_full_2013_2025_comparable,INTERACTION_ONLY,Bounded predeclared receiving opportunity combination; prior ffop/NGS sidecars retain partial-window caveats when used.
GAUNTLET_051_WR_THREE_65_25_10__PLUS_RECOPP_WOPR_FFOP_PCT025_050,GAUNTLET_051_WR_THREE_65_25_10,C06,WR_only_three_year_0.65_0.25_0.10,nflverse_receiving_opportunity+prior_sidecars,recopp_rec_opp_wopr_pct|ffop_ffop_xfp_total_pct,WR,2022|2023|2024|2025,678,31.9%,68.1%,0.737,,,0.737,,0.005,-0.018,0.035,43.8%,59.4%,71.5%,candidate_fp=64;pyf_fp=65;delta=-1,candidate_fn=29;pyf_fn=30;delta=-1,rows=131;candidate_error=2.3%;pyf_error=2.3%,rows=131;candidate_error=2.3%;pyf_error=2.3%,older_late_rows=40;young_early_rows=346,high_role_rows=176;low_sparse_role_rows=181,2022:0.732;2023:0.784;2024:0.724;2025:0.711,direction_stable_seasons=4/4,partial_coverage_not_full_2013_2025_comparable,INTERACTION_ONLY,Bounded predeclared receiving opportunity combination; prior ffop/NGS sidecars retain partial-window caveats when used.
GAUNTLET_051_WR_THREE_65_25_10__PLUS_RECOPP_WOPR_NGS_PCT025_025,GAUNTLET_051_WR_THREE_65_25_10,C06,WR_only_three_year_0.65_0.25_0.10,nflverse_receiving_opportunity+prior_sidecars,recopp_rec_opp_wopr_pct|ngs_ngs_position_signal_raw_pct,WR,2022|2023|2024|2025,386,18.2%,81.8%,0.691,,,0.691,,0.007,-0.064,-0.011,48.7%,62.7%,73.0%,candidate_fp=48;pyf_fp=50;delta=-2,candidate_fn=17;pyf_fn=19;delta=-2,rows=29;candidate_error=6.9%;pyf_error=6.9%,rows=29;candidate_error=6.9%;pyf_error=6.9%,older_late_rows=25;young_early_rows=186,high_role_rows=133;low_sparse_role_rows=34,2022:0.674;2023:0.734;2024:0.683;2025:0.500,direction_stable_seasons=3/4,partial_coverage_not_full_2013_2025_comparable,INTERACTION_ONLY,Bounded predeclared receiving opportunity combination; prior ffop/NGS sidecars retain partial-window caveats when used.
GAUNTLET_051_WR_THREE_65_25_10__PLUS_RECOPP_WOPR_NGS_PCT050_050,GAUNTLET_051_WR_THREE_65_25_10,C06,WR_only_three_year_0.65_0.25_0.10,nflverse_receiving_opportunity+prior_sidecars,recopp_rec_opp_wopr_pct|ngs_ngs_position_signal_raw_pct,WR,2022|2023|2024|2025,386,18.2%,81.8%,0.692,,,0.692,,0.008,-0.063,-0.010,48.7%,61.3%,74.8%,candidate_fp=48;pyf_fp=50;delta=-2,candidate_fn=17;pyf_fn=19;delta=-2,rows=29;candidate_error=6.9%;pyf_error=6.9%,rows=29;candidate_error=6.9%;pyf_error=6.9%,older_late_rows=25;young_early_rows=186,high_role_rows=133;low_sparse_role_rows=34,2022:0.674;2023:0.735;2024:0.685;2025:0.500,direction_stable_seasons=3/4,partial_coverage_not_full_2013_2025_comparable,INTERACTION_ONLY,Bounded predeclared receiving opportunity combination; prior ffop/NGS sidecars retain partial-window caveats when used.
GAUNTLET_051_WR_THREE_65_25_10__PLUS_RECOPP_WOPR_NGS_PCT050_025,GAUNTLET_051_WR_THREE_65_25_10,C06,WR_only_three_year_0.65_0.25_0.10,nflverse_receiving_opportunity+prior_sidecars,recopp_rec_opp_wopr_pct|ngs_ngs_position_signal_raw_pct,WR,2022|2023|2024|2025,386,18.2%,81.8%,0.692,,,0.692,,0.008,-0.063,-0.011,48.7%,62.7%,74.8%,candidate_fp=48;pyf_fp=50;delta=-2,candidate_fn=17;pyf_fn=19;delta=-2,rows=29;candidate_error=6.9%;pyf_error=6.9%,rows=29;candidate_error=6.9%;pyf_error=6.9%,older_late_rows=25;young_early_rows=186,high_role_rows=133;low_sparse_role_rows=34,2022:0.674;2023:0.735;2024:0.684;2025:0.500,direction_stable_seasons=3/4,partial_coverage_not_full_2013_2025_comparable,INTERACTION_ONLY,Bounded predeclared receiving opportunity combination; prior ffop/NGS sidecars retain partial-window caveats when used.
GAUNTLET_051_WR_THREE_65_25_10__PLUS_RECOPP_WOPR_NGS_PCT025_050,GAUNTLET_051_WR_THREE_65_25_10,C06,WR_only_three_year_0.65_0.25_0.10,nflverse_receiving_opportunity+prior_sidecars,recopp_rec_opp_wopr_pct|ngs_ngs_position_signal_raw_pct,WR,2022|2023|2024|2025,386,18.2%,81.8%,0.691,,,0.691,,0.007,-0.064,-0.011,48.7%,61.3%,74.8%,candidate_fp=48;pyf_fp=50;delta=-2,candidate_fn=17;pyf_fn=19;delta=-2,rows=29;candidate_error=6.9%;pyf_error=6.9%,rows=29;candidate_error=6.9%;pyf_error=6.9%,older_late_rows=25;young_early_rows=186,high_role_rows=133;low_sparse_role_rows=34,2022:0.675;2023:0.734;2024:0.683;2025:0.500,direction_stable_seasons=3/4,partial_coverage_not_full_2013_2025_comparable,INTERACTION_ONLY,Bounded predeclared receiving opportunity combination; prior ffop/NGS sidecars retain partial-window caveats when used.
GAUNTLET_051_WR_THREE_65_25_10__PLUS_RECOPP_WOPR_EPA_PCT025_025,GAUNTLET_051_WR_THREE_65_25_10,C06,WR_only_three_year_0.65_0.25_0.10,nflverse_receiving_opportunity+prior_sidecars,recopp_rec_opp_wopr_pct|epa_epa_total_raw_pct,WR,2013|2014|2015|2016|2017|2018|2019|2020|2021|2022|2023|2024|2025,2054,96.7%,3.3%,0.694,,,0.694,,0.013,-0.061,-0.009,44.9%,58.3%,65.0%,candidate_fp=219;pyf_fp=230;delta=-11,candidate_fn=114;pyf_fn=125;delta=-11,rows=387;candidate_error=2.8%;pyf_error=3.4%,rows=387;candidate_error=2.8%;pyf_error=3.4%,older_late_rows=121;young_early_rows=1106,high_role_rows=538;low_sparse_role_rows=554,2013:0.588;2014:0.689;2015:0.686;2016:0.615;2017:0.657;2018:0.662;2019:0.651;2020:0.712;2021:0.664;2022:0.733;2023:0.778;2024:0.724;2025:0.709,direction_stable_seasons=11/13,partial_coverage_not_full_2013_2025_comparable,ADDITIVE_CANDIDATE,Bounded predeclared receiving opportunity combination; prior ffop/NGS sidecars retain partial-window caveats when used.
GAUNTLET_051_WR_THREE_65_25_10__PLUS_RECOPP_WOPR_EPA_PCT050_050,GAUNTLET_051_WR_THREE_65_25_10,C06,WR_only_three_year_0.65_0.25_0.10,nflverse_receiving_opportunity+prior_sidecars,recopp_rec_opp_wopr_pct|epa_epa_total_raw_pct,WR,2013|2014|2015|2016|2017|2018|2019|2020|2021|2022|2023|2024|2025,2054,96.7%,3.3%,0.694,,,0.694,,0.014,-0.061,-0.008,44.2%,58.7%,64.5%,candidate_fp=218;pyf_fp=230;delta=-12,candidate_fn=113;pyf_fn=125;delta=-12,rows=387;candidate_error=2.8%;pyf_error=3.4%,rows=387;candidate_error=2.8%;pyf_error=3.4%,older_late_rows=121;young_early_rows=1106,high_role_rows=538;low_sparse_role_rows=554,2013:0.588;2014:0.687;2015:0.686;2016:0.617;2017:0.659;2018:0.663;2019:0.652;2020:0.716;2021:0.664;2022:0.735;2023:0.778;2024:0.726;2025:0.709,direction_stable_seasons=11/13,partial_coverage_not_full_2013_2025_comparable,ADDITIVE_CANDIDATE,Bounded predeclared receiving opportunity combination; prior ffop/NGS sidecars retain partial-window caveats when used.
GAUNTLET_051_WR_THREE_65_25_10__PLUS_RECOPP_WOPR_EPA_PCT050_025,GAUNTLET_051_WR_THREE_65_25_10,C06,WR_only_three_year_0.65_0.25_0.10,nflverse_receiving_opportunity+prior_sidecars,recopp_rec_opp_wopr_pct|epa_epa_total_raw_pct,WR,2013|2014|2015|2016|2017|2018|2019|2020|2021|2022|2023|2024|2025,2054,96.7%,3.3%,0.694,,,0.694,,0.013,-0.061,-0.009,44.9%,58.7%,64.7%,candidate_fp=219;pyf_fp=230;delta=-11,candidate_fn=114;pyf_fn=125;delta=-11,rows=387;candidate_error=2.8%;pyf_error=3.4%,rows=387;candidate_error=2.8%;pyf_error=3.4%,older_late_rows=121;young_early_rows=1106,high_role_rows=538;low_sparse_role_rows=554,2013:0.588;2014:0.687;2015:0.686;2016:0.617;2017:0.656;2018:0.664;2019:0.650;2020:0.713;2021:0.664;2022:0.732;2023:0.779;2024:0.724;2025:0.710,direction_stable_seasons=11/13,partial_coverage_not_full_2013_2025_comparable,ADDITIVE_CANDIDATE,Bounded predeclared receiving opportunity combination; prior ffop/NGS sidecars retain partial-window caveats when used.
GAUNTLET_051_WR_THREE_65_25_10__PLUS_RECOPP_WOPR_EPA_PCT025_050,GAUNTLET_051_WR_THREE_65_25_10,C06,WR_only_three_year_0.65_0.25_0.10,nflverse_receiving_opportunity+prior_sidecars,recopp_rec_opp_wopr_pct|epa_epa_total_raw_pct,WR,2013|2014|2015|2016|2017|2018|2019|2020|2021|2022|2023|2024|2025,2054,96.7%,3.3%,0.694,,,0.694,,0.014,-0.061,-0.008,44.9%,58.7%,64.7%,candidate_fp=219;pyf_fp=230;delta=-11,candidate_fn=114;pyf_fn=125;delta=-11,rows=387;candidate_error=3.1%;pyf_error=3.4%,rows=387;candidate_error=3.1%;pyf_error=3.4%,older_late_rows=121;young_early_rows=1106,high_role_rows=538;low_sparse_role_rows=554,2013:0.588;2014:0.688;2015:0.684;2016:0.615;2017:0.660;2018:0.664;2019:0.652;2020:0.716;2021:0.664;2022:0.735;2023:0.777;2024:0.726;2025:0.710,direction_stable_seasons=11/13,partial_coverage_not_full_2013_2025_comparable,ADDITIVE_CANDIDATE,Bounded predeclared receiving opportunity combination; prior ffop/NGS sidecars retain partial-window caveats when used.
GAUNTLET_051_WR_THREE_65_25_10__PLUS_RECOPP_WOPR_FFOP_NGS_PCT025_050_025,GAUNTLET_051_WR_THREE_65_25_10,C06,WR_only_three_year_0.65_0.25_0.10,nflverse_receiving_opportunity+prior_sidecars,recopp_rec_opp_wopr_pct|ffop_ffop_xfp_total_pct|ngs_ngs_position_signal_raw_pct,WR,2022|2023|2024|2025,386,18.2%,81.8%,0.692,,,0.692,,0.008,-0.063,-0.010,48.7%,62.7%,73.9%,candidate_fp=48;pyf_fp=50;delta=-2,candidate_fn=17;pyf_fn=19;delta=-2,rows=29;candidate_error=6.9%;pyf_error=6.9%,rows=29;candidate_error=6.9%;pyf_error=6.9%,older_late_rows=25;young_early_rows=186,high_role_rows=133;low_sparse_role_rows=34,2022:0.675;2023:0.736;2024:0.683;2025:0.500,direction_stable_seasons=3/4,partial_coverage_not_full_2013_2025_comparable,INTERACTION_ONLY,Bounded predeclared receiving opportunity combination; prior ffop/NGS sidecars retain partial-window caveats when used.
GAUNTLET_051_WR_THREE_65_25_10__PLUS_RECOPP_WOPR_FFOP_NGS_PCT050_025_025,GAUNTLET_051_WR_THREE_65_25_10,C06,WR_only_three_year_0.65_0.25_0.10,nflverse_receiving_opportunity+prior_sidecars,recopp_rec_opp_wopr_pct|ffop_ffop_xfp_total_pct|ngs_ngs_position_signal_raw_pct,WR,2022|2023|2024|2025,386,18.2%,81.8%,0.692,,,0.692,,0.008,-0.063,-0.010,48.7%,62.7%,74.8%,candidate_fp=48;pyf_fp=50;delta=-2,candidate_fn=17;pyf_fn=19;delta=-2,rows=29;candidate_error=6.9%;pyf_error=6.9%,rows=29;candidate_error=6.9%;pyf_error=6.9%,older_late_rows=25;young_early_rows=186,high_role_rows=133;low_sparse_role_rows=34,2022:0.674;2023:0.736;2024:0.683;2025:0.500,direction_stable_seasons=3/4,partial_coverage_not_full_2013_2025_comparable,INTERACTION_ONLY,Bounded predeclared receiving opportunity combination; prior ffop/NGS sidecars retain partial-window caveats when used.
GAUNTLET_051_WR_THREE_65_25_10__PLUS_RECOPP_WOPR_EPA_FFOP_PCT025_025_050,GAUNTLET_051_WR_THREE_65_25_10,C06,WR_only_three_year_0.65_0.25_0.10,nflverse_receiving_opportunity+prior_sidecars,recopp_rec_opp_wopr_pct|epa_epa_total_raw_pct|ffop_ffop_xfp_total_pct,WR,2022|2023|2024|2025,678,31.9%,68.1%,0.737,,,0.737,,0.005,-0.018,0.035,43.8%,61.5%,72.2%,candidate_fp=63;pyf_fp=65;delta=-2,candidate_fn=28;pyf_fn=30;delta=-2,rows=131;candidate_error=2.3%;pyf_error=2.3%,rows=131;candidate_error=2.3%;pyf_error=2.3%,older_late_rows=40;young_early_rows=346,high_role_rows=176;low_sparse_role_rows=181,2022:0.734;2023:0.784;2024:0.725;2025:0.710,direction_stable_seasons=4/4,partial_coverage_not_full_2013_2025_comparable,INTERACTION_ONLY,Bounded predeclared receiving opportunity combination; prior ffop/NGS sidecars retain partial-window caveats when used.
GAUNTLET_051_WR_THREE_65_25_10__PLUS_RECOPP_WOPR_EPA_FFOP_PCT050_025_025,GAUNTLET_051_WR_THREE_65_25_10,C06,WR_only_three_year_0.65_0.25_0.10,nflverse_receiving_opportunity+prior_sidecars,recopp_rec_opp_wopr_pct|epa_epa_total_raw_pct|ffop_ffop_xfp_total_pct,WR,2022|2023|2024|2025,678,31.9%,68.1%,0.737,,,0.737,,0.005,-0.018,0.034,43.8%,61.5%,72.2%,candidate_fp=63;pyf_fp=65;delta=-2,candidate_fn=28;pyf_fn=30;delta=-2,rows=131;candidate_error=2.3%;pyf_error=2.3%,rows=131;candidate_error=2.3%;pyf_error=2.3%,older_late_rows=40;young_early_rows=346,high_role_rows=176;low_sparse_role_rows=181,2022:0.734;2023:0.783;2024:0.724;2025:0.710,direction_stable_seasons=4/4,partial_coverage_not_full_2013_2025_comparable,INTERACTION_ONLY,Bounded predeclared receiving opportunity combination; prior ffop/NGS sidecars retain partial-window caveats when used.
GAUNTLET_048_WR_TWO_75_25__PLUS_RECOPP_WOPR_FFOP_PCT025_025,GAUNTLET_048_WR_TWO_75_25,C06,WR_only_two_year_0.75_0.25,nflverse_receiving_opportunity+prior_sidecars,recopp_rec_opp_wopr_pct|ffop_ffop_xfp_total_pct,WR,2022|2023|2024|2025,678,31.9%,68.1%,0.740,,,0.740,,0.008,-0.015,0.038,41.7%,61.5%,71.5%,candidate_fp=64;pyf_fp=65;delta=-1,candidate_fn=29;pyf_fn=30;delta=-1,rows=131;candidate_error=2.3%;pyf_error=2.3%,rows=131;candidate_error=2.3%;pyf_error=2.3%,older_late_rows=40;young_early_rows=346,high_role_rows=176;low_sparse_role_rows=181,2022:0.739;2023:0.787;2024:0.723;2025:0.714,direction_stable_seasons=4/4,partial_coverage_not_full_2013_2025_comparable,INTERACTION_ONLY,Bounded predeclared receiving opportunity combination; prior ffop/NGS sidecars retain partial-window caveats when used.
GAUNTLET_048_WR_TWO_75_25__PLUS_RECOPP_WOPR_FFOP_PCT050_050,GAUNTLET_048_WR_TWO_75_25,C06,WR_only_two_year_0.75_0.25,nflverse_receiving_opportunity+prior_sidecars,recopp_rec_opp_wopr_pct|ffop_ffop_xfp_total_pct,WR,2022|2023|2024|2025,678,31.9%,68.1%,0.740,,,0.740,,0.008,-0.015,0.038,41.7%,61.5%,72.9%,candidate_fp=64;pyf_fp=65;delta=-1,candidate_fn=29;pyf_fn=30;delta=-1,rows=131;candidate_error=2.3%;pyf_error=2.3%,rows=131;candidate_error=2.3%;pyf_error=2.3%,older_late_rows=40;young_early_rows=346,high_role_rows=176;low_sparse_role_rows=181,2022:0.740;2023:0.787;2024:0.723;2025:0.714,direction_stable_seasons=4/4,partial_coverage_not_full_2013_2025_comparable,INTERACTION_ONLY,Bounded predeclared receiving opportunity combination; prior ffop/NGS sidecars retain partial-window caveats when used.
GAUNTLET_048_WR_TWO_75_25__PLUS_RECOPP_WOPR_FFOP_PCT050_025,GAUNTLET_048_WR_TWO_75_25,C06,WR_only_two_year_0.75_0.25,nflverse_receiving_opportunity+prior_sidecars,recopp_rec_opp_wopr_pct|ffop_ffop_xfp_total_pct,WR,2022|2023|2024|2025,678,31.9%,68.1%,0.740,,,0.740,,0.008,-0.015,0.038,41.7%,61.5%,72.9%,candidate_fp=64;pyf_fp=65;delta=-1,candidate_fn=29;pyf_fn=30;delta=-1,rows=131;candidate_error=2.3%;pyf_error=2.3%,rows=131;candidate_error=2.3%;pyf_error=2.3%,older_late_rows=40;young_early_rows=346,high_role_rows=176;low_sparse_role_rows=181,2022:0.739;2023:0.786;2024:0.723;2025:0.714,direction_stable_seasons=4/4,partial_coverage_not_full_2013_2025_comparable,INTERACTION_ONLY,Bounded predeclared receiving opportunity combination; prior ffop/NGS sidecars retain partial-window caveats when used.
GAUNTLET_048_WR_TWO_75_25__PLUS_RECOPP_WOPR_FFOP_PCT025_050,GAUNTLET_048_WR_TWO_75_25,C06,WR_only_two_year_0.75_0.25,nflverse_receiving_opportunity+prior_sidecars,recopp_rec_opp_wopr_pct|ffop_ffop_xfp_total_pct,WR,2022|2023|2024|2025,678,31.9%,68.1%,0.740,,,0.740,,0.008,-0.015,0.038,43.8%,61.5%,72.9%,candidate_fp=64;pyf_fp=65;delta=-1,candidate_fn=29;pyf_fn=30;delta=-1,rows=131;candidate_error=2.3%;pyf_error=2.3%,rows=131;candidate_error=2.3%;pyf_error=2.3%,older_late_rows=40;young_early_rows=346,high_role_rows=176;low_sparse_role_rows=181,2022:0.740;2023:0.787;2024:0.723;2025:0.714,direction_stable_seasons=4/4,partial_coverage_not_full_2013_2025_comparable,INTERACTION_ONLY,Bounded predeclared receiving opportunity combination; prior ffop/NGS sidecars retain partial-window caveats when used.
GAUNTLET_048_WR_TWO_75_25__PLUS_RECOPP_WOPR_NGS_PCT025_025,GAUNTLET_048_WR_TWO_75_25,C06,WR_only_two_year_0.75_0.25,nflverse_receiving_opportunity+prior_sidecars,recopp_rec_opp_wopr_pct|ngs_ngs_position_signal_raw_pct,WR,2022|2023|2024|2025,386,18.2%,81.8%,0.693,,,0.693,,0.009,-0.062,-0.009,48.7%,64.0%,74.8%,candidate_fp=49;pyf_fp=50;delta=-1,candidate_fn=18;pyf_fn=19;delta=-1,rows=29;candidate_error=6.9%;pyf_error=6.9%,rows=29;candidate_error=6.9%;pyf_error=6.9%,older_late_rows=25;young_early_rows=186,high_role_rows=133;low_sparse_role_rows=34,2022:0.677;2023:0.738;2024:0.682;2025:0.500,direction_stable_seasons=3/4,partial_coverage_not_full_2013_2025_comparable,INTERACTION_ONLY,Bounded predeclared receiving opportunity combination; prior ffop/NGS sidecars retain partial-window caveats when used.
GAUNTLET_048_WR_TWO_75_25__PLUS_RECOPP_WOPR_NGS_PCT050_050,GAUNTLET_048_WR_TWO_75_25,C06,WR_only_two_year_0.75_0.25,nflverse_receiving_opportunity+prior_sidecars,recopp_rec_opp_wopr_pct|ngs_ngs_position_signal_raw_pct,WR,2022|2023|2024|2025,386,18.2%,81.8%,0.695,,,0.695,,0.010,-0.060,-0.008,46.2%,61.3%,74.8%,candidate_fp=49;pyf_fp=50;delta=-1,candidate_fn=18;pyf_fn=19;delta=-1,rows=29;candidate_error=6.9%;pyf_error=6.9%,rows=29;candidate_error=6.9%;pyf_error=6.9%,older_late_rows=25;young_early_rows=186,high_role_rows=133;low_sparse_role_rows=34,2022:0.678;2023:0.736;2024:0.686;2025:0.500,direction_stable_seasons=3/4,partial_coverage_not_full_2013_2025_comparable,INTERACTION_ONLY,Bounded predeclared receiving opportunity combination; prior ffop/NGS sidecars retain partial-window caveats when used.
GAUNTLET_048_WR_TWO_75_25__PLUS_RECOPP_WOPR_NGS_PCT050_025,GAUNTLET_048_WR_TWO_75_25,C06,WR_only_two_year_0.75_0.25,nflverse_receiving_opportunity+prior_sidecars,recopp_rec_opp_wopr_pct|ngs_ngs_position_signal_raw_pct,WR,2022|2023|2024|2025,386,18.2%,81.8%,0.693,,,0.693,,0.009,-0.062,-0.009,46.2%,64.0%,74.8%,candidate_fp=49;pyf_fp=50;delta=-1,candidate_fn=18;pyf_fn=19;delta=-1,rows=29;candidate_error=6.9%;pyf_error=6.9%,rows=29;candidate_error=6.9%;pyf_error=6.9%,older_late_rows=25;young_early_rows=186,high_role_rows=133;low_sparse_role_rows=34,2022:0.678;2023:0.736;2024:0.683;2025:0.500,direction_stable_seasons=3/4,partial_coverage_not_full_2013_2025_comparable,INTERACTION_ONLY,Bounded predeclared receiving opportunity combination; prior ffop/NGS sidecars retain partial-window caveats when used.
GAUNTLET_048_WR_TWO_75_25__PLUS_RECOPP_WOPR_NGS_PCT025_050,GAUNTLET_048_WR_TWO_75_25,C06,WR_only_two_year_0.75_0.25,nflverse_receiving_opportunity+prior_sidecars,recopp_rec_opp_wopr_pct|ngs_ngs_position_signal_raw_pct,WR,2022|2023|2024|2025,386,18.2%,81.8%,0.694,,,0.694,,0.010,-0.061,-0.008,46.2%,62.7%,74.8%,candidate_fp=49;pyf_fp=50;delta=-1,candidate_fn=18;pyf_fn=19;delta=-1,rows=29;candidate_error=6.9%;pyf_error=6.9%,rows=29;candidate_error=6.9%;pyf_error=6.9%,older_late_rows=25;young_early_rows=186,high_role_rows=133;low_sparse_role_rows=34,2022:0.679;2023:0.737;2024:0.685;2025:0.500,direction_stable_seasons=3/4,partial_coverage_not_full_2013_2025_comparable,INTERACTION_ONLY,Bounded predeclared receiving opportunity combination; prior ffop/NGS sidecars retain partial-window caveats when used.
GAUNTLET_048_WR_TWO_75_25__PLUS_RECOPP_WOPR_EPA_PCT025_025,GAUNTLET_048_WR_TWO_75_25,C06,WR_only_two_year_0.75_0.25,nflverse_receiving_opportunity+prior_sidecars,recopp_rec_opp_wopr_pct|epa_epa_total_raw_pct,WR,2013|2014|2015|2016|2017|2018|2019|2020|2021|2022|2023|2024|2025,2054,96.7%,3.3%,0.693,,,0.693,,0.012,-0.062,-0.009,47.4%,58.7%,64.5%,candidate_fp=223;pyf_fp=230;delta=-7,candidate_fn=118;pyf_fn=125;delta=-7,rows=387;candidate_error=3.4%;pyf_error=3.4%,rows=387;candidate_error=3.4%;pyf_error=3.4%,older_late_rows=121;young_early_rows=1106,high_role_rows=538;low_sparse_role_rows=554,2013:0.588;2014:0.673;2015:0.687;2016:0.613;2017:0.652;2018:0.659;2019:0.641;2020:0.718;2021:0.661;2022:0.740;2023:0.784;2024:0.723;2025:0.713,direction_stable_seasons=11/13,partial_coverage_not_full_2013_2025_comparable,ADDITIVE_CANDIDATE,Bounded predeclared receiving opportunity combination; prior ffop/NGS sidecars retain partial-window caveats when used.
GAUNTLET_048_WR_TWO_75_25__PLUS_RECOPP_WOPR_EPA_PCT050_050,GAUNTLET_048_WR_TWO_75_25,C06,WR_only_two_year_0.75_0.25,nflverse_receiving_opportunity+prior_sidecars,recopp_rec_opp_wopr_pct|epa_epa_total_raw_pct,WR,2013|2014|2015|2016|2017|2018|2019|2020|2021|2022|2023|2024|2025,2054,96.7%,3.3%,0.693,,,0.693,,0.013,-0.062,-0.009,48.1%,59.0%,64.7%,candidate_fp=224;pyf_fp=230;delta=-6,candidate_fn=119;pyf_fn=125;delta=-6,rows=387;candidate_error=3.6%;pyf_error=3.4%,rows=387;candidate_error=3.6%;pyf_error=3.4%,older_late_rows=121;young_early_rows=1106,high_role_rows=538;low_sparse_role_rows=554,2013:0.588;2014:0.672;2015:0.686;2016:0.612;2017:0.654;2018:0.657;2019:0.644;2020:0.719;2021:0.662;2022:0.741;2023:0.783;2024:0.725;2025:0.711,direction_stable_seasons=11/13,partial_coverage_not_full_2013_2025_comparable,ADDITIVE_CANDIDATE,Bounded predeclared receiving opportunity combination; prior ffop/NGS sidecars retain partial-window caveats when used.
GAUNTLET_048_WR_TWO_75_25__PLUS_RECOPP_WOPR_EPA_PCT050_025,GAUNTLET_048_WR_TWO_75_25,C06,WR_only_two_year_0.75_0.25,nflverse_receiving_opportunity+prior_sidecars,recopp_rec_opp_wopr_pct|epa_epa_total_raw_pct,WR,2013|2014|2015|2016|2017|2018|2019|2020|2021|2022|2023|2024|2025,2054,96.7%,3.3%,0.693,,,0.693,,0.012,-0.062,-0.009,46.8%,58.7%,65.0%,candidate_fp=224;pyf_fp=230;delta=-6,candidate_fn=119;pyf_fn=125;delta=-6,rows=387;candidate_error=3.6%;pyf_error=3.4%,rows=387;candidate_error=3.6%;pyf_error=3.4%,older_late_rows=121;young_early_rows=1106,high_role_rows=538;low_sparse_role_rows=554,2013:0.588;2014:0.673;2015:0.686;2016:0.614;2017:0.652;2018:0.659;2019:0.643;2020:0.718;2021:0.662;2022:0.739;2023:0.784;2024:0.724;2025:0.712,direction_stable_seasons=11/13,partial_coverage_not_full_2013_2025_comparable,ADDITIVE_CANDIDATE,Bounded predeclared receiving opportunity combination; prior ffop/NGS sidecars retain partial-window caveats when used.
GAUNTLET_048_WR_TWO_75_25__PLUS_RECOPP_WOPR_EPA_PCT025_050,GAUNTLET_048_WR_TWO_75_25,C06,WR_only_two_year_0.75_0.25,nflverse_receiving_opportunity+prior_sidecars,recopp_rec_opp_wopr_pct|epa_epa_total_raw_pct,WR,2013|2014|2015|2016|2017|2018|2019|2020|2021|2022|2023|2024|2025,2054,96.7%,3.3%,0.694,,,0.694,,0.013,-0.061,-0.009,48.1%,59.6%,64.5%,candidate_fp=224;pyf_fp=230;delta=-6,candidate_fn=119;pyf_fn=125;delta=-6,rows=387;candidate_error=3.4%;pyf_error=3.4%,rows=387;candidate_error=3.4%;pyf_error=3.4%,older_late_rows=121;young_early_rows=1106,high_role_rows=538;low_sparse_role_rows=554,2013:0.588;2014:0.673;2015:0.686;2016:0.613;2017:0.654;2018:0.658;2019:0.644;2020:0.719;2021:0.662;2022:0.739;2023:0.785;2024:0.725;2025:0.712,direction_stable_seasons=11/13,partial_coverage_not_full_2013_2025_comparable,ADDITIVE_CANDIDATE,Bounded predeclared receiving opportunity combination; prior ffop/NGS sidecars retain partial-window caveats when used.
GAUNTLET_048_WR_TWO_75_25__PLUS_RECOPP_WOPR_FFOP_NGS_PCT025_050_025,GAUNTLET_048_WR_TWO_75_25,C06,WR_only_two_year_0.75_0.25,nflverse_receiving_opportunity+prior_sidecars,recopp_rec_opp_wopr_pct|ffop_ffop_xfp_total_pct|ngs_ngs_position_signal_raw_pct,WR,2022|2023|2024|2025,386,18.2%,81.8%,0.693,,,0.693,,0.009,-0.062,-0.009,46.2%,64.0%,74.8%,candidate_fp=49;pyf_fp=50;delta=-1,candidate_fn=18;pyf_fn=19;delta=-1,rows=29;candidate_error=6.9%;pyf_error=6.9%,rows=29;candidate_error=6.9%;pyf_error=6.9%,older_late_rows=25;young_early_rows=186,high_role_rows=133;low_sparse_role_rows=34,2022:0.677;2023:0.738;2024:0.682;2025:0.500,direction_stable_seasons=3/4,partial_coverage_not_full_2013_2025_comparable,INTERACTION_ONLY,Bounded predeclared receiving opportunity combination; prior ffop/NGS sidecars retain partial-window caveats when used.
GAUNTLET_048_WR_TWO_75_25__PLUS_RECOPP_WOPR_FFOP_NGS_PCT050_025_025,GAUNTLET_048_WR_TWO_75_25,C06,WR_only_two_year_0.75_0.25,nflverse_receiving_opportunity+prior_sidecars,recopp_rec_opp_wopr_pct|ffop_ffop_xfp_total_pct|ngs_ngs_position_signal_raw_pct,WR,2022|2023|2024|2025,386,18.2%,81.8%,0.693,,,0.693,,0.009,-0.062,-0.009,46.2%,64.0%,75.7%,candidate_fp=49;pyf_fp=50;delta=-1,candidate_fn=18;pyf_fn=19;delta=-1,rows=29;candidate_error=6.9%;pyf_error=6.9%,rows=29;candidate_error=6.9%;pyf_error=6.9%,older_late_rows=25;young_early_rows=186,high_role_rows=133;low_sparse_role_rows=34,2022:0.677;2023:0.737;2024:0.683;2025:0.500,direction_stable_seasons=3/4,partial_coverage_not_full_2013_2025_comparable,INTERACTION_ONLY,Bounded predeclared receiving opportunity combination; prior ffop/NGS sidecars retain partial-window caveats when used.
GAUNTLET_048_WR_TWO_75_25__PLUS_RECOPP_WOPR_EPA_FFOP_PCT025_025_050,GAUNTLET_048_WR_TWO_75_25,C06,WR_only_two_year_0.75_0.25,nflverse_receiving_opportunity+prior_sidecars,recopp_rec_opp_wopr_pct|epa_epa_total_raw_pct|ffop_ffop_xfp_total_pct,WR,2022|2023|2024|2025,678,31.9%,68.1%,0.740,,,0.740,,0.007,-0.015,0.038,41.7%,61.5%,71.5%,candidate_fp=63;pyf_fp=65;delta=-2,candidate_fn=28;pyf_fn=30;delta=-2,rows=131;candidate_error=2.3%;pyf_error=2.3%,rows=131;candidate_error=2.3%;pyf_error=2.3%,older_late_rows=40;young_early_rows=346,high_role_rows=176;low_sparse_role_rows=181,2022:0.740;2023:0.786;2024:0.724;2025:0.712,direction_stable_seasons=4/4,partial_coverage_not_full_2013_2025_comparable,INTERACTION_ONLY,Bounded predeclared receiving opportunity combination; prior ffop/NGS sidecars retain partial-window caveats when used.
GAUNTLET_048_WR_TWO_75_25__PLUS_RECOPP_WOPR_EPA_FFOP_PCT050_025_025,GAUNTLET_048_WR_TWO_75_25,C06,WR_only_two_year_0.75_0.25,nflverse_receiving_opportunity+prior_sidecars,recopp_rec_opp_wopr_pct|epa_epa_total_raw_pct|ffop_ffop_xfp_total_pct,WR,2022|2023|2024|2025,678,31.9%,68.1%,0.740,,,0.740,,0.008,-0.015,0.038,41.7%,61.5%,72.9%,candidate_fp=62;pyf_fp=65;delta=-3,candidate_fn=27;pyf_fn=30;delta=-3,rows=131;candidate_error=2.3%;pyf_error=2.3%,rows=131;candidate_error=2.3%;pyf_error=2.3%,older_late_rows=40;young_early_rows=346,high_role_rows=176;low_sparse_role_rows=181,2022:0.739;2023:0.786;2024:0.724;2025:0.712,direction_stable_seasons=4/4,partial_coverage_not_full_2013_2025_comparable,INTERACTION_ONLY,Bounded predeclared receiving opportunity combination; prior ffop/NGS sidecars retain partial-window caveats when used.
GAUNTLET_049_WR_TWO_70_30__PLUS_RECOPP_WOPR_FFOP_PCT025_025,GAUNTLET_049_WR_TWO_70_30,C06,WR_only_two_year_0.70_0.30,nflverse_receiving_opportunity+prior_sidecars,recopp_rec_opp_wopr_pct|ffop_ffop_xfp_total_pct,WR,2022|2023|2024|2025,678,31.9%,68.1%,0.739,,,0.739,,0.007,-0.016,0.037,41.7%,61.5%,72.2%,candidate_fp=64;pyf_fp=65;delta=-1,candidate_fn=29;pyf_fn=30;delta=-1,rows=131;candidate_error=2.3%;pyf_error=2.3%,rows=131;candidate_error=2.3%;pyf_error=2.3%,older_late_rows=40;young_early_rows=346,high_role_rows=176;low_sparse_role_rows=181,2022:0.738;2023:0.785;2024:0.722;2025:0.713,direction_stable_seasons=4/4,partial_coverage_not_full_2013_2025_comparable,INTERACTION_ONLY,Bounded predeclared receiving opportunity combination; prior ffop/NGS sidecars retain partial-window caveats when used.
GAUNTLET_049_WR_TWO_70_30__PLUS_RECOPP_WOPR_FFOP_PCT050_050,GAUNTLET_049_WR_TWO_70_30,C06,WR_only_two_year_0.70_0.30,nflverse_receiving_opportunity+prior_sidecars,recopp_rec_opp_wopr_pct|ffop_ffop_xfp_total_pct,WR,2022|2023|2024|2025,678,31.9%,68.1%,0.740,,,0.740,,0.008,-0.015,0.038,39.6%,61.5%,72.9%,candidate_fp=64;pyf_fp=65;delta=-1,candidate_fn=29;pyf_fn=30;delta=-1,rows=131;candidate_error=2.3%;pyf_error=2.3%,rows=131;candidate_error=2.3%;pyf_error=2.3%,older_late_rows=40;young_early_rows=346,high_role_rows=176;low_sparse_role_rows=181,2022:0.738;2023:0.786;2024:0.723;2025:0.714,direction_stable_seasons=4/4,partial_coverage_not_full_2013_2025_comparable,INTERACTION_ONLY,Bounded predeclared receiving opportunity combination; prior ffop/NGS sidecars retain partial-window caveats when used.
GAUNTLET_049_WR_TWO_70_30__PLUS_RECOPP_WOPR_FFOP_PCT050_025,GAUNTLET_049_WR_TWO_70_30,C06,WR_only_two_year_0.70_0.30,nflverse_receiving_opportunity+prior_sidecars,recopp_rec_opp_wopr_pct|ffop_ffop_xfp_total_pct,WR,2022|2023|2024|2025,678,31.9%,68.1%,0.740,,,0.740,,0.008,-0.015,0.038,41.7%,61.5%,72.9%,candidate_fp=64;pyf_fp=65;delta=-1,candidate_fn=29;pyf_fn=30;delta=-1,rows=131;candidate_error=2.3%;pyf_error=2.3%,rows=131;candidate_error=2.3%;pyf_error=2.3%,older_late_rows=40;young_early_rows=346,high_role_rows=176;low_sparse_role_rows=181,2022:0.738;2023:0.786;2024:0.724;2025:0.714,direction_stable_seasons=4/4,partial_coverage_not_full_2013_2025_comparable,INTERACTION_ONLY,Bounded predeclared receiving opportunity combination; prior ffop/NGS sidecars retain partial-window caveats when used.
GAUNTLET_049_WR_TWO_70_30__PLUS_RECOPP_WOPR_FFOP_PCT025_050,GAUNTLET_049_WR_TWO_70_30,C06,WR_only_two_year_0.70_0.30,nflverse_receiving_opportunity+prior_sidecars,recopp_rec_opp_wopr_pct|ffop_ffop_xfp_total_pct,WR,2022|2023|2024|2025,678,31.9%,68.1%,0.740,,,0.740,,0.008,-0.015,0.038,41.7%,61.5%,72.9%,candidate_fp=64;pyf_fp=65;delta=-1,candidate_fn=29;pyf_fn=30;delta=-1,rows=131;candidate_error=2.3%;pyf_error=2.3%,rows=131;candidate_error=2.3%;pyf_error=2.3%,older_late_rows=40;young_early_rows=346,high_role_rows=176;low_sparse_role_rows=181,2022:0.739;2023:0.785;2024:0.724;2025:0.714,direction_stable_seasons=4/4,partial_coverage_not_full_2013_2025_comparable,INTERACTION_ONLY,Bounded predeclared receiving opportunity combination; prior ffop/NGS sidecars retain partial-window caveats when used.
GAUNTLET_049_WR_TWO_70_30__PLUS_RECOPP_WOPR_NGS_PCT025_025,GAUNTLET_049_WR_TWO_70_30,C06,WR_only_two_year_0.70_0.30,nflverse_receiving_opportunity+prior_sidecars,recopp_rec_opp_wopr_pct|ngs_ngs_position_signal_raw_pct,WR,2022|2023|2024|2025,386,18.2%,81.8%,0.692,,,0.692,,0.008,-0.063,-0.010,48.7%,65.3%,74.8%,candidate_fp=49;pyf_fp=50;delta=-1,candidate_fn=18;pyf_fn=19;delta=-1,rows=29;candidate_error=6.9%;pyf_error=6.9%,rows=29;candidate_error=6.9%;pyf_error=6.9%,older_late_rows=25;young_early_rows=186,high_role_rows=133;low_sparse_role_rows=34,2022:0.678;2023:0.737;2024:0.680;2025:0.500,direction_stable_seasons=3/4,partial_coverage_not_full_2013_2025_comparable,INTERACTION_ONLY,Bounded predeclared receiving opportunity combination; prior ffop/NGS sidecars retain partial-window caveats when used.
GAUNTLET_049_WR_TWO_70_30__PLUS_RECOPP_WOPR_NGS_PCT050_050,GAUNTLET_049_WR_TWO_70_30,C06,WR_only_two_year_0.70_0.30,nflverse_receiving_opportunity+prior_sidecars,recopp_rec_opp_wopr_pct|ngs_ngs_position_signal_raw_pct,WR,2022|2023|2024|2025,386,18.2%,81.8%,0.694,,,0.694,,0.010,-0.061,-0.008,46.2%,62.7%,74.8%,candidate_fp=48;pyf_fp=50;delta=-2,candidate_fn=17;pyf_fn=19;delta=-2,rows=29;candidate_error=6.9%;pyf_error=6.9%,rows=29;candidate_error=6.9%;pyf_error=6.9%,older_late_rows=25;young_early_rows=186,high_role_rows=133;low_sparse_role_rows=34,2022:0.682;2023:0.737;2024:0.682;2025:0.500,direction_stable_seasons=3/4,partial_coverage_not_full_2013_2025_comparable,INTERACTION_ONLY,Bounded predeclared receiving opportunity combination; prior ffop/NGS sidecars retain partial-window caveats when used.
GAUNTLET_049_WR_TWO_70_30__PLUS_RECOPP_WOPR_NGS_PCT050_025,GAUNTLET_049_WR_TWO_70_30,C06,WR_only_two_year_0.70_0.30,nflverse_receiving_opportunity+prior_sidecars,recopp_rec_opp_wopr_pct|ngs_ngs_position_signal_raw_pct,WR,2022|2023|2024|2025,386,18.2%,81.8%,0.692,,,0.692,,0.008,-0.063,-0.010,46.2%,65.3%,74.8%,candidate_fp=49;pyf_fp=50;delta=-1,candidate_fn=18;pyf_fn=19;delta=-1,rows=29;candidate_error=6.9%;pyf_error=6.9%,rows=29;candidate_error=6.9%;pyf_error=6.9%,older_late_rows=25;young_early_rows=186,high_role_rows=133;low_sparse_role_rows=34,2022:0.678;2023:0.736;2024:0.680;2025:0.500,direction_stable_seasons=3/4,partial_coverage_not_full_2013_2025_comparable,INTERACTION_ONLY,Bounded predeclared receiving opportunity combination; prior ffop/NGS sidecars retain partial-window caveats when used.
GAUNTLET_049_WR_TWO_70_30__PLUS_RECOPP_WOPR_NGS_PCT025_050,GAUNTLET_049_WR_TWO_70_30,C06,WR_only_two_year_0.70_0.30,nflverse_receiving_opportunity+prior_sidecars,recopp_rec_opp_wopr_pct|ngs_ngs_position_signal_raw_pct,WR,2022|2023|2024|2025,386,18.2%,81.8%,0.693,,,0.693,,0.009,-0.062,-0.009,46.2%,62.7%,74.8%,candidate_fp=48;pyf_fp=50;delta=-2,candidate_fn=17;pyf_fn=19;delta=-2,rows=29;candidate_error=6.9%;pyf_error=6.9%,rows=29;candidate_error=6.9%;pyf_error=6.9%,older_late_rows=25;young_early_rows=186,high_role_rows=133;low_sparse_role_rows=34,2022:0.682;2023:0.736;2024:0.680;2025:0.500,direction_stable_seasons=3/4,partial_coverage_not_full_2013_2025_comparable,INTERACTION_ONLY,Bounded predeclared receiving opportunity combination; prior ffop/NGS sidecars retain partial-window caveats when used.
GAUNTLET_049_WR_TWO_70_30__PLUS_RECOPP_WOPR_EPA_PCT025_025,GAUNTLET_049_WR_TWO_70_30,C06,WR_only_two_year_0.70_0.30,nflverse_receiving_opportunity+prior_sidecars,recopp_rec_opp_wopr_pct|epa_epa_total_raw_pct,WR,2013|2014|2015|2016|2017|2018|2019|2020|2021|2022|2023|2024|2025,2054,96.7%,3.3%,0.693,,,0.693,,0.012,-0.062,-0.009,47.4%,58.3%,65.0%,candidate_fp=225;pyf_fp=230;delta=-5,candidate_fn=120;pyf_fn=125;delta=-5,rows=387;candidate_error=3.1%;pyf_error=3.4%,rows=387;candidate_error=3.1%;pyf_error=3.4%,older_late_rows=121;young_early_rows=1106,high_role_rows=538;low_sparse_role_rows=554,2013:0.588;2014:0.682;2015:0.685;2016:0.617;2017:0.650;2018:0.665;2019:0.638;2020:0.718;2021:0.660;2022:0.738;2023:0.783;2024:0.722;2025:0.713,direction_stable_seasons=11/13,partial_coverage_not_full_2013_2025_comparable,ADDITIVE_CANDIDATE,Bounded predeclared receiving opportunity combination; prior ffop/NGS sidecars retain partial-window caveats when used.
GAUNTLET_049_WR_TWO_70_30__PLUS_RECOPP_WOPR_EPA_PCT050_050,GAUNTLET_049_WR_TWO_70_30,C06,WR_only_two_year_0.70_0.30,nflverse_receiving_opportunity+prior_sidecars,recopp_rec_opp_wopr_pct|epa_epa_total_raw_pct,WR,2013|2014|2015|2016|2017|2018|2019|2020|2021|2022|2023|2024|2025,2054,96.7%,3.3%,0.694,,,0.694,,0.013,-0.061,-0.008,46.8%,58.7%,65.0%,candidate_fp=225;pyf_fp=230;delta=-5,candidate_fn=120;pyf_fn=125;delta=-5,rows=387;candidate_error=3.4%;pyf_error=3.4%,rows=387;candidate_error=3.4%;pyf_error=3.4%,older_late_rows=121;young_early_rows=1106,high_role_rows=538;low_sparse_role_rows=554,2013:0.588;2014:0.680;2015:0.685;2016:0.618;2017:0.653;2018:0.662;2019:0.643;2020:0.719;2021:0.660;2022:0.739;2023:0.783;2024:0.725;2025:0.712,direction_stable_seasons=11/13,partial_coverage_not_full_2013_2025_comparable,ADDITIVE_CANDIDATE,Bounded predeclared receiving opportunity combination; prior ffop/NGS sidecars retain partial-window caveats when used.
GAUNTLET_049_WR_TWO_70_30__PLUS_RECOPP_WOPR_EPA_PCT050_025,GAUNTLET_049_WR_TWO_70_30,C06,WR_only_two_year_0.70_0.30,nflverse_receiving_opportunity+prior_sidecars,recopp_rec_opp_wopr_pct|epa_epa_total_raw_pct,WR,2013|2014|2015|2016|2017|2018|2019|2020|2021|2022|2023|2024|2025,2054,96.7%,3.3%,0.693,,,0.693,,0.012,-0.062,-0.009,47.4%,58.0%,65.2%,candidate_fp=225;pyf_fp=230;delta=-5,candidate_fn=120;pyf_fn=125;delta=-5,rows=387;candidate_error=3.4%;pyf_error=3.4%,rows=387;candidate_error=3.4%;pyf_error=3.4%,older_late_rows=121;young_early_rows=1106,high_role_rows=538;low_sparse_role_rows=554,2013:0.588;2014:0.679;2015:0.685;2016:0.618;2017:0.650;2018:0.663;2019:0.639;2020:0.719;2021:0.660;2022:0.738;2023:0.782;2024:0.723;2025:0.713,direction_stable_seasons=11/13,partial_coverage_not_full_2013_2025_comparable,ADDITIVE_CANDIDATE,Bounded predeclared receiving opportunity combination; prior ffop/NGS sidecars retain partial-window caveats when used.
GAUNTLET_049_WR_TWO_70_30__PLUS_RECOPP_WOPR_EPA_PCT025_050,GAUNTLET_049_WR_TWO_70_30,C06,WR_only_two_year_0.70_0.30,nflverse_receiving_opportunity+prior_sidecars,recopp_rec_opp_wopr_pct|epa_epa_total_raw_pct,WR,2013|2014|2015|2016|2017|2018|2019|2020|2021|2022|2023|2024|2025,2054,96.7%,3.3%,0.694,,,0.694,,0.013,-0.061,-0.008,46.8%,58.7%,65.4%,candidate_fp=225;pyf_fp=230;delta=-5,candidate_fn=120;pyf_fn=125;delta=-5,rows=387;candidate_error=3.4%;pyf_error=3.4%,rows=387;candidate_error=3.4%;pyf_error=3.4%,older_late_rows=121;young_early_rows=1106,high_role_rows=538;low_sparse_role_rows=554,2013:0.588;2014:0.681;2015:0.685;2016:0.617;2017:0.652;2018:0.662;2019:0.641;2020:0.719;2021:0.660;2022:0.738;2023:0.783;2024:0.726;2025:0.713,direction_stable_seasons=11/13,partial_coverage_not_full_2013_2025_comparable,ADDITIVE_CANDIDATE,Bounded predeclared receiving opportunity combination; prior ffop/NGS sidecars retain partial-window caveats when used.
GAUNTLET_049_WR_TWO_70_30__PLUS_RECOPP_WOPR_FFOP_NGS_PCT025_050_025,GAUNTLET_049_WR_TWO_70_30,C06,WR_only_two_year_0.70_0.30,nflverse_receiving_opportunity+prior_sidecars,recopp_rec_opp_wopr_pct|ffop_ffop_xfp_total_pct|ngs_ngs_position_signal_raw_pct,WR,2022|2023|2024|2025,386,18.2%,81.8%,0.692,,,0.692,,0.008,-0.063,-0.010,46.2%,65.3%,74.8%,candidate_fp=49;pyf_fp=50;delta=-1,candidate_fn=18;pyf_fn=19;delta=-1,rows=29;candidate_error=6.9%;pyf_error=6.9%,rows=29;candidate_error=6.9%;pyf_error=6.9%,older_late_rows=25;young_early_rows=186,high_role_rows=133;low_sparse_role_rows=34,2022:0.678;2023:0.735;2024:0.679;2025:0.500,direction_stable_seasons=3/4,partial_coverage_not_full_2013_2025_comparable,INTERACTION_ONLY,Bounded predeclared receiving opportunity combination; prior ffop/NGS sidecars retain partial-window caveats when used.
GAUNTLET_049_WR_TWO_70_30__PLUS_RECOPP_WOPR_FFOP_NGS_PCT050_025_025,GAUNTLET_049_WR_TWO_70_30,C06,WR_only_two_year_0.70_0.30,nflverse_receiving_opportunity+prior_sidecars,recopp_rec_opp_wopr_pct|ffop_ffop_xfp_total_pct|ngs_ngs_position_signal_raw_pct,WR,2022|2023|2024|2025,386,18.2%,81.8%,0.692,,,0.692,,0.008,-0.063,-0.010,46.2%,65.3%,74.8%,candidate_fp=49;pyf_fp=50;delta=-1,candidate_fn=18;pyf_fn=19;delta=-1,rows=29;candidate_error=6.9%;pyf_error=6.9%,rows=29;candidate_error=6.9%;pyf_error=6.9%,older_late_rows=25;young_early_rows=186,high_role_rows=133;low_sparse_role_rows=34,2022:0.679;2023:0.735;2024:0.680;2025:0.500,direction_stable_seasons=3/4,partial_coverage_not_full_2013_2025_comparable,INTERACTION_ONLY,Bounded predeclared receiving opportunity combination; prior ffop/NGS sidecars retain partial-window caveats when used.
GAUNTLET_049_WR_TWO_70_30__PLUS_RECOPP_WOPR_EPA_FFOP_PCT025_025_050,GAUNTLET_049_WR_TWO_70_30,C06,WR_only_two_year_0.70_0.30,nflverse_receiving_opportunity+prior_sidecars,recopp_rec_opp_wopr_pct|epa_epa_total_raw_pct|ffop_ffop_xfp_total_pct,WR,2022|2023|2024|2025,678,31.9%,68.1%,0.740,,,0.740,,0.007,-0.015,0.038,41.7%,61.5%,72.2%,candidate_fp=64;pyf_fp=65;delta=-1,candidate_fn=29;pyf_fn=30;delta=-1,rows=131;candidate_error=2.3%;pyf_error=2.3%,rows=131;candidate_error=2.3%;pyf_error=2.3%,older_late_rows=40;young_early_rows=346,high_role_rows=176;low_sparse_role_rows=181,2022:0.739;2023:0.785;2024:0.724;2025:0.712,direction_stable_seasons=4/4,partial_coverage_not_full_2013_2025_comparable,INTERACTION_ONLY,Bounded predeclared receiving opportunity combination; prior ffop/NGS sidecars retain partial-window caveats when used.
GAUNTLET_049_WR_TWO_70_30__PLUS_RECOPP_WOPR_EPA_FFOP_PCT050_025_025,GAUNTLET_049_WR_TWO_70_30,C06,WR_only_two_year_0.70_0.30,nflverse_receiving_opportunity+prior_sidecars,recopp_rec_opp_wopr_pct|epa_epa_total_raw_pct|ffop_ffop_xfp_total_pct,WR,2022|2023|2024|2025,678,31.9%,68.1%,0.739,,,0.739,,0.007,-0.016,0.037,41.7%,61.5%,72.9%,candidate_fp=64;pyf_fp=65;delta=-1,candidate_fn=29;pyf_fn=30;delta=-1,rows=131;candidate_error=2.3%;pyf_error=2.3%,rows=131;candidate_error=2.3%;pyf_error=2.3%,older_late_rows=40;young_early_rows=346,high_role_rows=176;low_sparse_role_rows=181,2022:0.739;2023:0.785;2024:0.724;2025:0.712,direction_stable_seasons=4/4,partial_coverage_not_full_2013_2025_comparable,INTERACTION_ONLY,Bounded predeclared receiving opportunity combination; prior ffop/NGS sidecars retain partial-window caveats when used.
GAUNTLET_093_ROLE_RB_TOUCH_ROLE_REPORT__PLUS_RECOPP_WOPR_FFOP_PCT025_025,GAUNTLET_093_ROLE_RB_TOUCH_ROLE_REPORT,C07,role_archetype_rb_touch_role_report,nflverse_receiving_opportunity+prior_sidecars,recopp_rec_opp_wopr_pct|ffop_ffop_xfp_total_pct,RB,2022|2023|2024|2025,428,30.0%,70.0%,0.706,,0.706,,,0.018,-0.049,0.055,45.8%,64.6%,72.2%,candidate_fp=54;pyf_fp=59;delta=-5,candidate_fn=20;pyf_fn=25;delta=-5,rows=91;candidate_error=3.3%;pyf_error=5.5%,rows=91;candidate_error=3.3%;pyf_error=5.5%,older_late_rows=11;young_early_rows=243,high_role_rows=113;low_sparse_role_rows=126,2022:0.720;2023:0.631;2024:0.749;2025:0.721,direction_stable_seasons=3/4,partial_coverage_not_full_2013_2025_comparable,INTERACTION_ONLY,Bounded predeclared receiving opportunity combination; prior ffop/NGS sidecars retain partial-window caveats when used.
GAUNTLET_093_ROLE_RB_TOUCH_ROLE_REPORT__PLUS_RECOPP_WOPR_FFOP_PCT050_050,GAUNTLET_093_ROLE_RB_TOUCH_ROLE_REPORT,C07,role_archetype_rb_touch_role_report,nflverse_receiving_opportunity+prior_sidecars,recopp_rec_opp_wopr_pct|ffop_ffop_xfp_total_pct,RB,2022|2023|2024|2025,428,30.0%,70.0%,0.708,,0.708,,,0.020,-0.047,0.057,45.8%,64.6%,72.9%,candidate_fp=53;pyf_fp=59;delta=-6,candidate_fn=19;pyf_fn=25;delta=-6,rows=91;candidate_error=3.3%;pyf_error=5.5%,rows=91;candidate_error=3.3%;pyf_error=5.5%,older_late_rows=11;young_early_rows=243,high_role_rows=113;low_sparse_role_rows=126,2022:0.722;2023:0.636;2024:0.750;2025:0.721,direction_stable_seasons=3/4,partial_coverage_not_full_2013_2025_comparable,INTERACTION_ONLY,Bounded predeclared receiving opportunity combination; prior ffop/NGS sidecars retain partial-window caveats when used.
GAUNTLET_093_ROLE_RB_TOUCH_ROLE_REPORT__PLUS_RECOPP_WOPR_FFOP_PCT050_025,GAUNTLET_093_ROLE_RB_TOUCH_ROLE_REPORT,C07,role_archetype_rb_touch_role_report,nflverse_receiving_opportunity+prior_sidecars,recopp_rec_opp_wopr_pct|ffop_ffop_xfp_total_pct,RB,2022|2023|2024|2025,428,30.0%,70.0%,0.708,,0.708,,,0.020,-0.047,0.057,45.8%,64.6%,72.2%,candidate_fp=53;pyf_fp=59;delta=-6,candidate_fn=19;pyf_fn=25;delta=-6,rows=91;candidate_error=3.3%;pyf_error=5.5%,rows=91;candidate_error=3.3%;pyf_error=5.5%,older_late_rows=11;young_early_rows=243,high_role_rows=113;low_sparse_role_rows=126,2022:0.722;2023:0.633;2024:0.749;2025:0.722,direction_stable_seasons=3/4,partial_coverage_not_full_2013_2025_comparable,INTERACTION_ONLY,Bounded predeclared receiving opportunity combination; prior ffop/NGS sidecars retain partial-window caveats when used.
GAUNTLET_093_ROLE_RB_TOUCH_ROLE_REPORT__PLUS_RECOPP_WOPR_FFOP_PCT025_050,GAUNTLET_093_ROLE_RB_TOUCH_ROLE_REPORT,C07,role_archetype_rb_touch_role_report,nflverse_receiving_opportunity+prior_sidecars,recopp_rec_opp_wopr_pct|ffop_ffop_xfp_total_pct,RB,2022|2023|2024|2025,428,30.0%,70.0%,0.706,,0.706,,,0.018,-0.049,0.055,45.8%,64.6%,72.2%,candidate_fp=53;pyf_fp=59;delta=-6,candidate_fn=19;pyf_fn=25;delta=-6,rows=91;candidate_error=3.3%;pyf_error=5.5%,rows=91;candidate_error=3.3%;pyf_error=5.5%,older_late_rows=11;young_early_rows=243,high_role_rows=113;low_sparse_role_rows=126,2022:0.720;2023:0.631;2024:0.749;2025:0.721,direction_stable_seasons=3/4,partial_coverage_not_full_2013_2025_comparable,INTERACTION_ONLY,Bounded predeclared receiving opportunity combination; prior ffop/NGS sidecars retain partial-window caveats when used.
GAUNTLET_093_ROLE_RB_TOUCH_ROLE_REPORT__PLUS_RECOPP_WOPR_NGS_PCT025_025,GAUNTLET_093_ROLE_RB_TOUCH_ROLE_REPORT,C07,role_archetype_rb_touch_role_report,nflverse_receiving_opportunity+prior_sidecars,recopp_rec_opp_wopr_pct|ngs_ngs_position_signal_raw_pct,RB,2022|2023|2024|2025,227,15.9%,84.1%,0.646,,0.646,,,0.011,-0.109,-0.005,42.1%,63.5%,69.1%,candidate_fp=42;pyf_fp=46;delta=-4,candidate_fn=13;pyf_fn=17;delta=-4,rows=25;candidate_error=8.0%;pyf_error=12.0%,rows=25;candidate_error=8.0%;pyf_error=12.0%,older_late_rows=7;young_early_rows=120,high_role_rows=87;low_sparse_role_rows=26,2022:0.734;2023:0.498;2024:0.698;2025:1.000,direction_stable_seasons=3/4,partial_coverage_not_full_2013_2025_comparable,INTERACTION_ONLY,Bounded predeclared receiving opportunity combination; prior ffop/NGS sidecars retain partial-window caveats when used.
GAUNTLET_093_ROLE_RB_TOUCH_ROLE_REPORT__PLUS_RECOPP_WOPR_NGS_PCT050_050,GAUNTLET_093_ROLE_RB_TOUCH_ROLE_REPORT,C07,role_archetype_rb_touch_role_report,nflverse_receiving_opportunity+prior_sidecars,recopp_rec_opp_wopr_pct|ngs_ngs_position_signal_raw_pct,RB,2022|2023|2024|2025,227,15.9%,84.1%,0.650,,0.650,,,0.015,-0.105,-0.001,42.1%,63.5%,70.9%,candidate_fp=43;pyf_fp=46;delta=-3,candidate_fn=14;pyf_fn=17;delta=-3,rows=25;candidate_error=8.0%;pyf_error=12.0%,rows=25;candidate_error=8.0%;pyf_error=12.0%,older_late_rows=7;young_early_rows=120,high_role_rows=87;low_sparse_role_rows=26,2022:0.735;2023:0.507;2024:0.701;2025:1.000,direction_stable_seasons=3/4,partial_coverage_not_full_2013_2025_comparable,INTERACTION_ONLY,Bounded predeclared receiving opportunity combination; prior ffop/NGS sidecars retain partial-window caveats when used.
GAUNTLET_093_ROLE_RB_TOUCH_ROLE_REPORT__PLUS_RECOPP_WOPR_NGS_PCT050_025,GAUNTLET_093_ROLE_RB_TOUCH_ROLE_REPORT,C07,role_archetype_rb_touch_role_report,nflverse_receiving_opportunity+prior_sidecars,recopp_rec_opp_wopr_pct|ngs_ngs_position_signal_raw_pct,RB,2022|2023|2024|2025,227,15.9%,84.1%,0.647,,0.647,,,0.012,-0.108,-0.004,42.1%,63.5%,69.1%,candidate_fp=43;pyf_fp=46;delta=-3,candidate_fn=14;pyf_fn=17;delta=-3,rows=25;candidate_error=8.0%;pyf_error=12.0%,rows=25;candidate_error=8.0%;pyf_error=12.0%,older_late_rows=7;young_early_rows=120,high_role_rows=87;low_sparse_role_rows=26,2022:0.733;2023:0.502;2024:0.698;2025:1.000,direction_stable_seasons=3/4,partial_coverage_not_full_2013_2025_comparable,INTERACTION_ONLY,Bounded predeclared receiving opportunity combination; prior ffop/NGS sidecars retain partial-window caveats when used.
GAUNTLET_093_ROLE_RB_TOUCH_ROLE_REPORT__PLUS_RECOPP_WOPR_NGS_PCT025_050,GAUNTLET_093_ROLE_RB_TOUCH_ROLE_REPORT,C07,role_archetype_rb_touch_role_report,nflverse_receiving_opportunity+prior_sidecars,recopp_rec_opp_wopr_pct|ngs_ngs_position_signal_raw_pct,RB,2022|2023|2024|2025,227,15.9%,84.1%,0.649,,0.649,,,0.014,-0.106,-0.002,44.7%,63.5%,70.0%,candidate_fp=43;pyf_fp=46;delta=-3,candidate_fn=14;pyf_fn=17;delta=-3,rows=25;candidate_error=8.0%;pyf_error=12.0%,rows=25;candidate_error=8.0%;pyf_error=12.0%,older_late_rows=7;young_early_rows=120,high_role_rows=87;low_sparse_role_rows=26,2022:0.736;2023:0.504;2024:0.700;2025:1.000,direction_stable_seasons=3/4,partial_coverage_not_full_2013_2025_comparable,INTERACTION_ONLY,Bounded predeclared receiving opportunity combination; prior ffop/NGS sidecars retain partial-window caveats when used.
GAUNTLET_093_ROLE_RB_TOUCH_ROLE_REPORT__PLUS_RECOPP_WOPR_EPA_PCT025_025,GAUNTLET_093_ROLE_RB_TOUCH_ROLE_REPORT,C07,role_archetype_rb_touch_role_report,nflverse_receiving_opportunity+prior_sidecars,recopp_rec_opp_wopr_pct|epa_epa_total_raw_pct,RB,2013|2014|2015|2016|2017|2018|2019|2020|2021|2022|2023|2024|2025,1389,97.2%,2.8%,0.641,,0.641,,,0.021,-0.114,-0.009,45.5%,58.0%,65.8%,candidate_fp=199;pyf_fp=207;delta=-8,candidate_fn=78;pyf_fn=86;delta=-8,rows=312;candidate_error=5.8%;pyf_error=6.4%,rows=312;candidate_error=5.8%;pyf_error=6.4%,older_late_rows=49;young_early_rows=817,high_role_rows=361;low_sparse_role_rows=439,2013:0.604;2014:0.516;2015:0.482;2016:0.510;2017:0.658;2018:0.628;2019:0.724;2020:0.593;2021:0.700;2022:0.724;2023:0.644;2024:0.752;2025:0.722,direction_stable_seasons=10/13,partial_coverage_not_full_2013_2025_comparable,ADDITIVE_CANDIDATE,Bounded predeclared receiving opportunity combination; prior ffop/NGS sidecars retain partial-window caveats when used.
GAUNTLET_093_ROLE_RB_TOUCH_ROLE_REPORT__PLUS_RECOPP_WOPR_EPA_PCT050_050,GAUNTLET_093_ROLE_RB_TOUCH_ROLE_REPORT,C07,role_archetype_rb_touch_role_report,nflverse_receiving_opportunity+prior_sidecars,recopp_rec_opp_wopr_pct|epa_epa_total_raw_pct,RB,2013|2014|2015|2016|2017|2018|2019|2020|2021|2022|2023|2024|2025,1389,97.2%,2.8%,0.643,,0.643,,,0.022,-0.112,-0.008,46.2%,59.6%,66.5%,candidate_fp=199;pyf_fp=207;delta=-8,candidate_fn=78;pyf_fn=86;delta=-8,rows=312;candidate_error=5.4%;pyf_error=6.4%,rows=312;candidate_error=5.4%;pyf_error=6.4%,older_late_rows=49;young_early_rows=817,high_role_rows=361;low_sparse_role_rows=439,2013:0.606;2014:0.519;2015:0.481;2016:0.511;2017:0.658;2018:0.627;2019:0.723;2020:0.595;2021:0.703;2022:0.729;2023:0.645;2024:0.755;2025:0.721,direction_stable_seasons=10/13,partial_coverage_not_full_2013_2025_comparable,ADDITIVE_CANDIDATE,Bounded predeclared receiving opportunity combination; prior ffop/NGS sidecars retain partial-window caveats when used.
GAUNTLET_093_ROLE_RB_TOUCH_ROLE_REPORT__PLUS_RECOPP_WOPR_EPA_PCT050_025,GAUNTLET_093_ROLE_RB_TOUCH_ROLE_REPORT,C07,role_archetype_rb_touch_role_report,nflverse_receiving_opportunity+prior_sidecars,recopp_rec_opp_wopr_pct|epa_epa_total_raw_pct,RB,2013|2014|2015|2016|2017|2018|2019|2020|2021|2022|2023|2024|2025,1389,97.2%,2.8%,0.641,,0.641,,,0.020,-0.114,-0.010,43.6%,58.3%,66.2%,candidate_fp=198;pyf_fp=207;delta=-9,candidate_fn=77;pyf_fn=86;delta=-9,rows=312;candidate_error=5.4%;pyf_error=6.4%,rows=312;candidate_error=5.4%;pyf_error=6.4%,older_late_rows=49;young_early_rows=817,high_role_rows=361;low_sparse_role_rows=439,2013:0.604;2014:0.516;2015:0.482;2016:0.509;2017:0.657;2018:0.627;2019:0.721;2020:0.591;2021:0.700;2022:0.723;2023:0.643;2024:0.752;2025:0.720,direction_stable_seasons=10/13,partial_coverage_not_full_2013_2025_comparable,ADDITIVE_CANDIDATE,Bounded predeclared receiving opportunity combination; prior ffop/NGS sidecars retain partial-window caveats when used.
GAUNTLET_093_ROLE_RB_TOUCH_ROLE_REPORT__PLUS_RECOPP_WOPR_EPA_PCT025_050,GAUNTLET_093_ROLE_RB_TOUCH_ROLE_REPORT,C07,role_archetype_rb_touch_role_report,nflverse_receiving_opportunity+prior_sidecars,recopp_rec_opp_wopr_pct|epa_epa_total_raw_pct,RB,2013|2014|2015|2016|2017|2018|2019|2020|2021|2022|2023|2024|2025,1389,97.2%,2.8%,0.644,,0.644,,,0.023,-0.111,-0.007,46.2%,59.6%,66.7%,candidate_fp=199;pyf_fp=207;delta=-8,candidate_fn=78;pyf_fn=86;delta=-8,rows=312;candidate_error=5.4%;pyf_error=6.4%,rows=312;candidate_error=5.4%;pyf_error=6.4%,older_late_rows=49;young_early_rows=817,high_role_rows=361;low_sparse_role_rows=439,2013:0.605;2014:0.519;2015:0.486;2016:0.511;2017:0.657;2018:0.628;2019:0.724;2020:0.596;2021:0.705;2022:0.727;2023:0.648;2024:0.754;2025:0.721,direction_stable_seasons=10/13,partial_coverage_not_full_2013_2025_comparable,ADDITIVE_CANDIDATE,Bounded predeclared receiving opportunity combination; prior ffop/NGS sidecars retain partial-window caveats when used.
GAUNTLET_093_ROLE_RB_TOUCH_ROLE_REPORT__PLUS_RECOPP_WOPR_FFOP_NGS_PCT025_050_025,GAUNTLET_093_ROLE_RB_TOUCH_ROLE_REPORT,C07,role_archetype_rb_touch_role_report,nflverse_receiving_opportunity+prior_sidecars,recopp_rec_opp_wopr_pct|ffop_ffop_xfp_total_pct|ngs_ngs_position_signal_raw_pct,RB,2022|2023|2024|2025,226,15.8%,84.2%,0.646,,0.646,,,0.012,-0.109,-0.005,42.1%,63.5%,70.0%,candidate_fp=42;pyf_fp=46;delta=-4,candidate_fn=13;pyf_fn=17;delta=-4,rows=25;candidate_error=8.0%;pyf_error=12.0%,rows=25;candidate_error=8.0%;pyf_error=12.0%,older_late_rows=7;young_early_rows=120,high_role_rows=87;low_sparse_role_rows=26,2022:0.732;2023:0.495;2024:0.700;2025:1.000,direction_stable_seasons=3/4,partial_coverage_not_full_2013_2025_comparable,INTERACTION_ONLY,Bounded predeclared receiving opportunity combination; prior ffop/NGS sidecars retain partial-window caveats when used.
GAUNTLET_093_ROLE_RB_TOUCH_ROLE_REPORT__PLUS_RECOPP_WOPR_FFOP_NGS_PCT050_025_025,GAUNTLET_093_ROLE_RB_TOUCH_ROLE_REPORT,C07,role_archetype_rb_touch_role_report,nflverse_receiving_opportunity+prior_sidecars,recopp_rec_opp_wopr_pct|ffop_ffop_xfp_total_pct|ngs_ngs_position_signal_raw_pct,RB,2022|2023|2024|2025,226,15.8%,84.2%,0.649,,0.649,,,0.015,-0.106,-0.002,42.1%,63.5%,70.0%,candidate_fp=42;pyf_fp=46;delta=-4,candidate_fn=13;pyf_fn=17;delta=-4,rows=25;candidate_error=8.0%;pyf_error=12.0%,rows=25;candidate_error=8.0%;pyf_error=12.0%,older_late_rows=7;young_early_rows=120,high_role_rows=87;low_sparse_role_rows=26,2022:0.734;2023:0.502;2024:0.700;2025:1.000,direction_stable_seasons=3/4,partial_coverage_not_full_2013_2025_comparable,INTERACTION_ONLY,Bounded predeclared receiving opportunity combination; prior ffop/NGS sidecars retain partial-window caveats when used.
GAUNTLET_093_ROLE_RB_TOUCH_ROLE_REPORT__PLUS_RECOPP_WOPR_EPA_FFOP_PCT025_025_050,GAUNTLET_093_ROLE_RB_TOUCH_ROLE_REPORT,C07,role_archetype_rb_touch_role_report,nflverse_receiving_opportunity+prior_sidecars,recopp_rec_opp_wopr_pct|epa_epa_total_raw_pct|ffop_ffop_xfp_total_pct,RB,2022|2023|2024|2025,428,30.0%,70.0%,0.708,,0.708,,,0.020,-0.047,0.057,45.8%,64.6%,72.9%,candidate_fp=55;pyf_fp=59;delta=-4,candidate_fn=21;pyf_fn=25;delta=-4,rows=91;candidate_error=3.3%;pyf_error=5.5%,rows=91;candidate_error=3.3%;pyf_error=5.5%,older_late_rows=11;young_early_rows=243,high_role_rows=113;low_sparse_role_rows=126,2022:0.721;2023:0.636;2024:0.752;2025:0.721,direction_stable_seasons=3/4,partial_coverage_not_full_2013_2025_comparable,INTERACTION_ONLY,Bounded predeclared receiving opportunity combination; prior ffop/NGS sidecars retain partial-window caveats when used.
GAUNTLET_093_ROLE_RB_TOUCH_ROLE_REPORT__PLUS_RECOPP_WOPR_EPA_FFOP_PCT050_025_025,GAUNTLET_093_ROLE_RB_TOUCH_ROLE_REPORT,C07,role_archetype_rb_touch_role_report,nflverse_receiving_opportunity+prior_sidecars,recopp_rec_opp_wopr_pct|epa_epa_total_raw_pct|ffop_ffop_xfp_total_pct,RB,2022|2023|2024|2025,428,30.0%,70.0%,0.709,,0.709,,,0.021,-0.046,0.058,45.8%,64.6%,72.9%,candidate_fp=53;pyf_fp=59;delta=-6,candidate_fn=19;pyf_fn=25;delta=-6,rows=91;candidate_error=3.3%;pyf_error=5.5%,rows=91;candidate_error=3.3%;pyf_error=5.5%,older_late_rows=11;young_early_rows=243,high_role_rows=113;low_sparse_role_rows=126,2022:0.722;2023:0.635;2024:0.754;2025:0.722,direction_stable_seasons=3/4,partial_coverage_not_full_2013_2025_comparable,INTERACTION_ONLY,Bounded predeclared receiving opportunity combination; prior ffop/NGS sidecars retain partial-window caveats when used.
GAUNTLET_102_HYBRID_RB_THREE_60_ROLE_AGE__PLUS_RECOPP_WOPR_FFOP_PCT025_025,GAUNTLET_102_HYBRID_RB_THREE_60_ROLE_AGE,C07,hybrid_rb_three_60_role_age,nflverse_receiving_opportunity+prior_sidecars,recopp_rec_opp_wopr_pct|ffop_ffop_xfp_total_pct,RB,2022|2023|2024|2025,428,30.0%,70.0%,0.706,,0.706,,,0.019,-0.049,0.055,45.8%,64.6%,72.2%,candidate_fp=54;pyf_fp=59;delta=-5,candidate_fn=20;pyf_fn=25;delta=-5,rows=91;candidate_error=3.3%;pyf_error=5.5%,rows=91;candidate_error=3.3%;pyf_error=5.5%,older_late_rows=11;young_early_rows=243,high_role_rows=113;low_sparse_role_rows=126,2022:0.720;2023:0.631;2024:0.750;2025:0.721,direction_stable_seasons=3/4,partial_coverage_not_full_2013_2025_comparable,INTERACTION_ONLY,Bounded predeclared receiving opportunity combination; prior ffop/NGS sidecars retain partial-window caveats when used.
GAUNTLET_102_HYBRID_RB_THREE_60_ROLE_AGE__PLUS_RECOPP_WOPR_FFOP_PCT050_050,GAUNTLET_102_HYBRID_RB_THREE_60_ROLE_AGE,C07,hybrid_rb_three_60_role_age,nflverse_receiving_opportunity+prior_sidecars,recopp_rec_opp_wopr_pct|ffop_ffop_xfp_total_pct,RB,2022|2023|2024|2025,428,30.0%,70.0%,0.708,,0.708,,,0.020,-0.047,0.057,45.8%,64.6%,72.9%,candidate_fp=53;pyf_fp=59;delta=-6,candidate_fn=19;pyf_fn=25;delta=-6,rows=91;candidate_error=3.3%;pyf_error=5.5%,rows=91;candidate_error=3.3%;pyf_error=5.5%,older_late_rows=11;young_early_rows=243,high_role_rows=113;low_sparse_role_rows=126,2022:0.722;2023:0.636;2024:0.751;2025:0.721,direction_stable_seasons=3/4,partial_coverage_not_full_2013_2025_comparable,INTERACTION_ONLY,Bounded predeclared receiving opportunity combination; prior ffop/NGS sidecars retain partial-window caveats when used.
GAUNTLET_102_HYBRID_RB_THREE_60_ROLE_AGE__PLUS_RECOPP_WOPR_FFOP_PCT050_025,GAUNTLET_102_HYBRID_RB_THREE_60_ROLE_AGE,C07,hybrid_rb_three_60_role_age,nflverse_receiving_opportunity+prior_sidecars,recopp_rec_opp_wopr_pct|ffop_ffop_xfp_total_pct,RB,2022|2023|2024|2025,428,30.0%,70.0%,0.708,,0.708,,,0.020,-0.047,0.056,45.8%,64.6%,72.2%,candidate_fp=53;pyf_fp=59;delta=-6,candidate_fn=19;pyf_fn=25;delta=-6,rows=91;candidate_error=3.3%;pyf_error=5.5%,rows=91;candidate_error=3.3%;pyf_error=5.5%,older_late_rows=11;young_early_rows=243,high_role_rows=113;low_sparse_role_rows=126,2022:0.722;2023:0.633;2024:0.750;2025:0.722,direction_stable_seasons=3/4,partial_coverage_not_full_2013_2025_comparable,INTERACTION_ONLY,Bounded predeclared receiving opportunity combination; prior ffop/NGS sidecars retain partial-window caveats when used.
GAUNTLET_102_HYBRID_RB_THREE_60_ROLE_AGE__PLUS_RECOPP_WOPR_FFOP_PCT025_050,GAUNTLET_102_HYBRID_RB_THREE_60_ROLE_AGE,C07,hybrid_rb_three_60_role_age,nflverse_receiving_opportunity+prior_sidecars,recopp_rec_opp_wopr_pct|ffop_ffop_xfp_total_pct,RB,2022|2023|2024|2025,428,30.0%,70.0%,0.706,,0.706,,,0.018,-0.049,0.055,45.8%,64.6%,72.2%,candidate_fp=53;pyf_fp=59;delta=-6,candidate_fn=19;pyf_fn=25;delta=-6,rows=91;candidate_error=3.3%;pyf_error=5.5%,rows=91;candidate_error=3.3%;pyf_error=5.5%,older_late_rows=11;young_early_rows=243,high_role_rows=113;low_sparse_role_rows=126,2022:0.720;2023:0.631;2024:0.750;2025:0.721,direction_stable_seasons=3/4,partial_coverage_not_full_2013_2025_comparable,INTERACTION_ONLY,Bounded predeclared receiving opportunity combination; prior ffop/NGS sidecars retain partial-window caveats when used.
GAUNTLET_102_HYBRID_RB_THREE_60_ROLE_AGE__PLUS_RECOPP_WOPR_NGS_PCT025_025,GAUNTLET_102_HYBRID_RB_THREE_60_ROLE_AGE,C07,hybrid_rb_three_60_role_age,nflverse_receiving_opportunity+prior_sidecars,recopp_rec_opp_wopr_pct|ngs_ngs_position_signal_raw_pct,RB,2022|2023|2024|2025,227,15.9%,84.1%,0.647,,0.647,,,0.012,-0.108,-0.004,42.1%,63.5%,69.1%,candidate_fp=42;pyf_fp=46;delta=-4,candidate_fn=13;pyf_fn=17;delta=-4,rows=25;candidate_error=8.0%;pyf_error=12.0%,rows=25;candidate_error=8.0%;pyf_error=12.0%,older_late_rows=7;young_early_rows=120,high_role_rows=87;low_sparse_role_rows=26,2022:0.734;2023:0.498;2024:0.701;2025:1.000,direction_stable_seasons=3/4,partial_coverage_not_full_2013_2025_comparable,INTERACTION_ONLY,Bounded predeclared receiving opportunity combination; prior ffop/NGS sidecars retain partial-window caveats when used.
GAUNTLET_102_HYBRID_RB_THREE_60_ROLE_AGE__PLUS_RECOPP_WOPR_NGS_PCT050_050,GAUNTLET_102_HYBRID_RB_THREE_60_ROLE_AGE,C07,hybrid_rb_three_60_role_age,nflverse_receiving_opportunity+prior_sidecars,recopp_rec_opp_wopr_pct|ngs_ngs_position_signal_raw_pct,RB,2022|2023|2024|2025,227,15.9%,84.1%,0.651,,0.651,,,0.016,-0.104,-0.000,42.1%,63.5%,70.9%,candidate_fp=43;pyf_fp=46;delta=-3,candidate_fn=14;pyf_fn=17;delta=-3,rows=25;candidate_error=8.0%;pyf_error=12.0%,rows=25;candidate_error=8.0%;pyf_error=12.0%,older_late_rows=7;young_early_rows=120,high_role_rows=87;low_sparse_role_rows=26,2022:0.735;2023:0.507;2024:0.704;2025:1.000,direction_stable_seasons=3/4,partial_coverage_not_full_2013_2025_comparable,INTERACTION_ONLY,Bounded predeclared receiving opportunity combination; prior ffop/NGS sidecars retain partial-window caveats when used.
GAUNTLET_102_HYBRID_RB_THREE_60_ROLE_AGE__PLUS_RECOPP_WOPR_NGS_PCT050_025,GAUNTLET_102_HYBRID_RB_THREE_60_ROLE_AGE,C07,hybrid_rb_three_60_role_age,nflverse_receiving_opportunity+prior_sidecars,recopp_rec_opp_wopr_pct|ngs_ngs_position_signal_raw_pct,RB,2022|2023|2024|2025,227,15.9%,84.1%,0.648,,0.648,,,0.013,-0.107,-0.003,42.1%,63.5%,69.1%,candidate_fp=43;pyf_fp=46;delta=-3,candidate_fn=14;pyf_fn=17;delta=-3,rows=25;candidate_error=8.0%;pyf_error=12.0%,rows=25;candidate_error=8.0%;pyf_error=12.0%,older_late_rows=7;young_early_rows=120,high_role_rows=87;low_sparse_role_rows=26,2022:0.733;2023:0.502;2024:0.701;2025:1.000,direction_stable_seasons=3/4,partial_coverage_not_full_2013_2025_comparable,INTERACTION_ONLY,Bounded predeclared receiving opportunity combination; prior ffop/NGS sidecars retain partial-window caveats when used.
GAUNTLET_102_HYBRID_RB_THREE_60_ROLE_AGE__PLUS_RECOPP_WOPR_NGS_PCT025_050,GAUNTLET_102_HYBRID_RB_THREE_60_ROLE_AGE,C07,hybrid_rb_three_60_role_age,nflverse_receiving_opportunity+prior_sidecars,recopp_rec_opp_wopr_pct|ngs_ngs_position_signal_raw_pct,RB,2022|2023|2024|2025,227,15.9%,84.1%,0.650,,0.650,,,0.015,-0.105,-0.001,44.7%,63.5%,70.0%,candidate_fp=43;pyf_fp=46;delta=-3,candidate_fn=14;pyf_fn=17;delta=-3,rows=25;candidate_error=8.0%;pyf_error=12.0%,rows=25;candidate_error=8.0%;pyf_error=12.0%,older_late_rows=7;young_early_rows=120,high_role_rows=87;low_sparse_role_rows=26,2022:0.735;2023:0.504;2024:0.704;2025:1.000,direction_stable_seasons=3/4,partial_coverage_not_full_2013_2025_comparable,INTERACTION_ONLY,Bounded predeclared receiving opportunity combination; prior ffop/NGS sidecars retain partial-window caveats when used.
GAUNTLET_102_HYBRID_RB_THREE_60_ROLE_AGE__PLUS_RECOPP_WOPR_EPA_PCT025_025,GAUNTLET_102_HYBRID_RB_THREE_60_ROLE_AGE,C07,hybrid_rb_three_60_role_age,nflverse_receiving_opportunity+prior_sidecars,recopp_rec_opp_wopr_pct|epa_epa_total_raw_pct,RB,2013|2014|2015|2016|2017|2018|2019|2020|2021|2022|2023|2024|2025,1389,97.2%,2.8%,0.642,,0.642,,,0.021,-0.113,-0.010,46.2%,58.3%,65.8%,candidate_fp=199;pyf_fp=207;delta=-8,candidate_fn=78;pyf_fn=86;delta=-8,rows=312;candidate_error=5.8%;pyf_error=6.4%,rows=312;candidate_error=5.8%;pyf_error=6.4%,older_late_rows=49;young_early_rows=817,high_role_rows=361;low_sparse_role_rows=439,2013:0.604;2014:0.515;2015:0.485;2016:0.509;2017:0.658;2018:0.630;2019:0.724;2020:0.593;2021:0.701;2022:0.723;2023:0.644;2024:0.753;2025:0.722,direction_stable_seasons=10/13,partial_coverage_not_full_2013_2025_comparable,ADDITIVE_CANDIDATE,Bounded predeclared receiving opportunity combination; prior ffop/NGS sidecars retain partial-window caveats when used.
GAUNTLET_102_HYBRID_RB_THREE_60_ROLE_AGE__PLUS_RECOPP_WOPR_EPA_PCT050_050,GAUNTLET_102_HYBRID_RB_THREE_60_ROLE_AGE,C07,hybrid_rb_three_60_role_age,nflverse_receiving_opportunity+prior_sidecars,recopp_rec_opp_wopr_pct|epa_epa_total_raw_pct,RB,2013|2014|2015|2016|2017|2018|2019|2020|2021|2022|2023|2024|2025,1389,97.2%,2.8%,0.643,,0.643,,,0.022,-0.112,-0.008,46.8%,59.9%,66.5%,candidate_fp=199;pyf_fp=207;delta=-8,candidate_fn=78;pyf_fn=86;delta=-8,rows=312;candidate_error=5.4%;pyf_error=6.4%,rows=312;candidate_error=5.4%;pyf_error=6.4%,older_late_rows=49;young_early_rows=817,high_role_rows=361;low_sparse_role_rows=439,2013:0.607;2014:0.519;2015:0.483;2016:0.510;2017:0.658;2018:0.630;2019:0.722;2020:0.595;2021:0.703;2022:0.728;2023:0.645;2024:0.757;2025:0.721,direction_stable_seasons=10/13,partial_coverage_not_full_2013_2025_comparable,ADDITIVE_CANDIDATE,Bounded predeclared receiving opportunity combination; prior ffop/NGS sidecars retain partial-window caveats when used.
GAUNTLET_102_HYBRID_RB_THREE_60_ROLE_AGE__PLUS_RECOPP_WOPR_EPA_PCT050_025,GAUNTLET_102_HYBRID_RB_THREE_60_ROLE_AGE,C07,hybrid_rb_three_60_role_age,nflverse_receiving_opportunity+prior_sidecars,recopp_rec_opp_wopr_pct|epa_epa_total_raw_pct,RB,2013|2014|2015|2016|2017|2018|2019|2020|2021|2022|2023|2024|2025,1389,97.2%,2.8%,0.641,,0.641,,,0.020,-0.114,-0.010,44.2%,58.7%,66.2%,candidate_fp=199;pyf_fp=207;delta=-8,candidate_fn=78;pyf_fn=86;delta=-8,rows=312;candidate_error=5.4%;pyf_error=6.4%,rows=312;candidate_error=5.4%;pyf_error=6.4%,older_late_rows=49;young_early_rows=817,high_role_rows=361;low_sparse_role_rows=439,2013:0.606;2014:0.516;2015:0.485;2016:0.509;2017:0.657;2018:0.630;2019:0.720;2020:0.591;2021:0.700;2022:0.723;2023:0.643;2024:0.753;2025:0.720,direction_stable_seasons=10/13,partial_coverage_not_full_2013_2025_comparable,ADDITIVE_CANDIDATE,Bounded predeclared receiving opportunity combination; prior ffop/NGS sidecars retain partial-window caveats when used.
GAUNTLET_102_HYBRID_RB_THREE_60_ROLE_AGE__PLUS_RECOPP_WOPR_EPA_PCT025_050,GAUNTLET_102_HYBRID_RB_THREE_60_ROLE_AGE,C07,hybrid_rb_three_60_role_age,nflverse_receiving_opportunity+prior_sidecars,recopp_rec_opp_wopr_pct|epa_epa_total_raw_pct,RB,2013|2014|2015|2016|2017|2018|2019|2020|2021|2022|2023|2024|2025,1389,97.2%,2.8%,0.644,,0.644,,,0.023,-0.111,-0.007,45.5%,59.9%,66.7%,candidate_fp=198;pyf_fp=207;delta=-9,candidate_fn=77;pyf_fn=86;delta=-9,rows=312;candidate_error=5.4%;pyf_error=6.4%,rows=312;candidate_error=5.4%;pyf_error=6.4%,older_late_rows=49;young_early_rows=817,high_role_rows=361;low_sparse_role_rows=439,2013:0.607;2014:0.519;2015:0.488;2016:0.510;2017:0.656;2018:0.632;2019:0.723;2020:0.596;2021:0.705;2022:0.727;2023:0.648;2024:0.756;2025:0.721,direction_stable_seasons=10/13,partial_coverage_not_full_2013_2025_comparable,ADDITIVE_CANDIDATE,Bounded predeclared receiving opportunity combination; prior ffop/NGS sidecars retain partial-window caveats when used.
GAUNTLET_102_HYBRID_RB_THREE_60_ROLE_AGE__PLUS_RECOPP_WOPR_FFOP_NGS_PCT025_050_025,GAUNTLET_102_HYBRID_RB_THREE_60_ROLE_AGE,C07,hybrid_rb_three_60_role_age,nflverse_receiving_opportunity+prior_sidecars,recopp_rec_opp_wopr_pct|ffop_ffop_xfp_total_pct|ngs_ngs_position_signal_raw_pct,RB,2022|2023|2024|2025,226,15.8%,84.2%,0.647,,0.647,,,0.013,-0.108,-0.004,42.1%,63.5%,70.0%,candidate_fp=42;pyf_fp=46;delta=-4,candidate_fn=13;pyf_fn=17;delta=-4,rows=25;candidate_error=8.0%;pyf_error=12.0%,rows=25;candidate_error=8.0%;pyf_error=12.0%,older_late_rows=7;young_early_rows=120,high_role_rows=87;low_sparse_role_rows=26,2022:0.733;2023:0.495;2024:0.703;2025:1.000,direction_stable_seasons=3/4,partial_coverage_not_full_2013_2025_comparable,INTERACTION_ONLY,Bounded predeclared receiving opportunity combination; prior ffop/NGS sidecars retain partial-window caveats when used.
GAUNTLET_102_HYBRID_RB_THREE_60_ROLE_AGE__PLUS_RECOPP_WOPR_FFOP_NGS_PCT050_025_025,GAUNTLET_102_HYBRID_RB_THREE_60_ROLE_AGE,C07,hybrid_rb_three_60_role_age,nflverse_receiving_opportunity+prior_sidecars,recopp_rec_opp_wopr_pct|ffop_ffop_xfp_total_pct|ngs_ngs_position_signal_raw_pct,RB,2022|2023|2024|2025,226,15.8%,84.2%,0.650,,0.650,,,0.016,-0.105,-0.002,42.1%,63.5%,70.0%,candidate_fp=42;pyf_fp=46;delta=-4,candidate_fn=13;pyf_fn=17;delta=-4,rows=25;candidate_error=8.0%;pyf_error=12.0%,rows=25;candidate_error=8.0%;pyf_error=12.0%,older_late_rows=7;young_early_rows=120,high_role_rows=87;low_sparse_role_rows=26,2022:0.735;2023:0.502;2024:0.702;2025:1.000,direction_stable_seasons=3/4,partial_coverage_not_full_2013_2025_comparable,INTERACTION_ONLY,Bounded predeclared receiving opportunity combination; prior ffop/NGS sidecars retain partial-window caveats when used.
GAUNTLET_102_HYBRID_RB_THREE_60_ROLE_AGE__PLUS_RECOPP_WOPR_EPA_FFOP_PCT025_025_050,GAUNTLET_102_HYBRID_RB_THREE_60_ROLE_AGE,C07,hybrid_rb_three_60_role_age,nflverse_receiving_opportunity+prior_sidecars,recopp_rec_opp_wopr_pct|epa_epa_total_raw_pct|ffop_ffop_xfp_total_pct,RB,2022|2023|2024|2025,428,30.0%,70.0%,0.709,,0.709,,,0.021,-0.046,0.057,45.8%,64.6%,72.9%,candidate_fp=55;pyf_fp=59;delta=-4,candidate_fn=21;pyf_fn=25;delta=-4,rows=91;candidate_error=3.3%;pyf_error=5.5%,rows=91;candidate_error=3.3%;pyf_error=5.5%,older_late_rows=11;young_early_rows=243,high_role_rows=113;low_sparse_role_rows=126,2022:0.721;2023:0.636;2024:0.753;2025:0.721,direction_stable_seasons=3/4,partial_coverage_not_full_2013_2025_comparable,INTERACTION_ONLY,Bounded predeclared receiving opportunity combination; prior ffop/NGS sidecars retain partial-window caveats when used.
GAUNTLET_102_HYBRID_RB_THREE_60_ROLE_AGE__PLUS_RECOPP_WOPR_EPA_FFOP_PCT050_025_025,GAUNTLET_102_HYBRID_RB_THREE_60_ROLE_AGE,C07,hybrid_rb_three_60_role_age,nflverse_receiving_opportunity+prior_sidecars,recopp_rec_opp_wopr_pct|epa_epa_total_raw_pct|ffop_ffop_xfp_total_pct,RB,2022|2023|2024|2025,428,30.0%,70.0%,0.709,,0.709,,,0.021,-0.046,0.058,45.8%,64.6%,72.9%,candidate_fp=53;pyf_fp=59;delta=-6,candidate_fn=19;pyf_fn=25;delta=-6,rows=91;candidate_error=3.3%;pyf_error=5.5%,rows=91;candidate_error=3.3%;pyf_error=5.5%,older_late_rows=11;young_early_rows=243,high_role_rows=113;low_sparse_role_rows=126,2022:0.722;2023:0.635;2024:0.754;2025:0.722,direction_stable_seasons=3/4,partial_coverage_not_full_2013_2025_comparable,INTERACTION_ONLY,Bounded predeclared receiving opportunity combination; prior ffop/NGS sidecars retain partial-window caveats when used.
GAUNTLET_044_RB_THREE_70_20_10__PLUS_RECOPP_WOPR_FFOP_PCT025_025,GAUNTLET_044_RB_THREE_70_20_10,C07,RB_only_three_year_0.70_0.20_0.10,nflverse_receiving_opportunity+prior_sidecars,recopp_rec_opp_wopr_pct|ffop_ffop_xfp_total_pct,RB,2022|2023|2024|2025,428,30.0%,70.0%,0.710,,0.710,,,0.022,-0.045,0.060,45.8%,65.6%,75.0%,candidate_fp=55;pyf_fp=59;delta=-4,candidate_fn=21;pyf_fn=25;delta=-4,rows=91;candidate_error=4.4%;pyf_error=5.5%,rows=91;candidate_error=4.4%;pyf_error=5.5%,older_late_rows=11;young_early_rows=243,high_role_rows=113;low_sparse_role_rows=126,2022:0.722;2023:0.638;2024:0.753;2025:0.726,direction_stable_seasons=3/4,partial_coverage_not_full_2013_2025_comparable,INTERACTION_ONLY,Bounded predeclared receiving opportunity combination; prior ffop/NGS sidecars retain partial-window caveats when used.
GAUNTLET_044_RB_THREE_70_20_10__PLUS_RECOPP_WOPR_FFOP_PCT050_050,GAUNTLET_044_RB_THREE_70_20_10,C07,RB_only_three_year_0.70_0.20_0.10,nflverse_receiving_opportunity+prior_sidecars,recopp_rec_opp_wopr_pct|ffop_ffop_xfp_total_pct,RB,2022|2023|2024|2025,428,30.0%,70.0%,0.709,,0.709,,,0.022,-0.046,0.060,45.8%,65.6%,74.3%,candidate_fp=55;pyf_fp=59;delta=-4,candidate_fn=21;pyf_fn=25;delta=-4,rows=91;candidate_error=4.4%;pyf_error=5.5%,rows=91;candidate_error=4.4%;pyf_error=5.5%,older_late_rows=11;young_early_rows=243,high_role_rows=113;low_sparse_role_rows=126,2022:0.721;2023:0.637;2024:0.753;2025:0.724,direction_stable_seasons=3/4,partial_coverage_not_full_2013_2025_comparable,INTERACTION_ONLY,Bounded predeclared receiving opportunity combination; prior ffop/NGS sidecars retain partial-window caveats when used.
GAUNTLET_044_RB_THREE_70_20_10__PLUS_RECOPP_WOPR_FFOP_PCT050_025,GAUNTLET_044_RB_THREE_70_20_10,C07,RB_only_three_year_0.70_0.20_0.10,nflverse_receiving_opportunity+prior_sidecars,recopp_rec_opp_wopr_pct|ffop_ffop_xfp_total_pct,RB,2022|2023|2024|2025,428,30.0%,70.0%,0.710,,0.710,,,0.022,-0.045,0.060,45.8%,65.6%,74.3%,candidate_fp=55;pyf_fp=59;delta=-4,candidate_fn=21;pyf_fn=25;delta=-4,rows=91;candidate_error=4.4%;pyf_error=5.5%,rows=91;candidate_error=4.4%;pyf_error=5.5%,older_late_rows=11;young_early_rows=243,high_role_rows=113;low_sparse_role_rows=126,2022:0.721;2023:0.639;2024:0.753;2025:0.725,direction_stable_seasons=4/4,partial_coverage_not_full_2013_2025_comparable,INTERACTION_ONLY,Bounded predeclared receiving opportunity combination; prior ffop/NGS sidecars retain partial-window caveats when used.
GAUNTLET_044_RB_THREE_70_20_10__PLUS_RECOPP_WOPR_FFOP_PCT025_050,GAUNTLET_044_RB_THREE_70_20_10,C07,RB_only_three_year_0.70_0.20_0.10,nflverse_receiving_opportunity+prior_sidecars,recopp_rec_opp_wopr_pct|ffop_ffop_xfp_total_pct,RB,2022|2023|2024|2025,428,30.0%,70.0%,0.710,,0.710,,,0.022,-0.045,0.060,43.8%,65.6%,74.3%,candidate_fp=55;pyf_fp=59;delta=-4,candidate_fn=21;pyf_fn=25;delta=-4,rows=91;candidate_error=4.4%;pyf_error=5.5%,rows=91;candidate_error=4.4%;pyf_error=5.5%,older_late_rows=11;young_early_rows=243,high_role_rows=113;low_sparse_role_rows=126,2022:0.722;2023:0.638;2024:0.752;2025:0.724,direction_stable_seasons=4/4,partial_coverage_not_full_2013_2025_comparable,INTERACTION_ONLY,Bounded predeclared receiving opportunity combination; prior ffop/NGS sidecars retain partial-window caveats when used.
GAUNTLET_044_RB_THREE_70_20_10__PLUS_RECOPP_WOPR_NGS_PCT025_025,GAUNTLET_044_RB_THREE_70_20_10,C07,RB_only_three_year_0.70_0.20_0.10,nflverse_receiving_opportunity+prior_sidecars,recopp_rec_opp_wopr_pct|ngs_ngs_position_signal_raw_pct,RB,2022|2023|2024|2025,227,15.9%,84.1%,0.652,,0.652,,,0.016,-0.103,0.002,44.7%,63.5%,71.8%,candidate_fp=42;pyf_fp=46;delta=-4,candidate_fn=13;pyf_fn=17;delta=-4,rows=25;candidate_error=8.0%;pyf_error=12.0%,rows=25;candidate_error=8.0%;pyf_error=12.0%,older_late_rows=7;young_early_rows=120,high_role_rows=87;low_sparse_role_rows=26,2022:0.735;2023:0.508;2024:0.703;2025:1.000,direction_stable_seasons=3/4,partial_coverage_not_full_2013_2025_comparable,INTERACTION_ONLY,Bounded predeclared receiving opportunity combination; prior ffop/NGS sidecars retain partial-window caveats when used.
GAUNTLET_044_RB_THREE_70_20_10__PLUS_RECOPP_WOPR_NGS_PCT050_050,GAUNTLET_044_RB_THREE_70_20_10,C07,RB_only_three_year_0.70_0.20_0.10,nflverse_receiving_opportunity+prior_sidecars,recopp_rec_opp_wopr_pct|ngs_ngs_position_signal_raw_pct,RB,2022|2023|2024|2025,227,15.9%,84.1%,0.655,,0.655,,,0.020,-0.100,0.005,42.1%,63.5%,70.9%,candidate_fp=42;pyf_fp=46;delta=-4,candidate_fn=13;pyf_fn=17;delta=-4,rows=25;candidate_error=8.0%;pyf_error=12.0%,rows=25;candidate_error=8.0%;pyf_error=12.0%,older_late_rows=7;young_early_rows=120,high_role_rows=87;low_sparse_role_rows=26,2022:0.735;2023:0.513;2024:0.708;2025:1.000,direction_stable_seasons=3/4,partial_coverage_not_full_2013_2025_comparable,INTERACTION_ONLY,Bounded predeclared receiving opportunity combination; prior ffop/NGS sidecars retain partial-window caveats when used.
GAUNTLET_044_RB_THREE_70_20_10__PLUS_RECOPP_WOPR_NGS_PCT050_025,GAUNTLET_044_RB_THREE_70_20_10,C07,RB_only_three_year_0.70_0.20_0.10,nflverse_receiving_opportunity+prior_sidecars,recopp_rec_opp_wopr_pct|ngs_ngs_position_signal_raw_pct,RB,2022|2023|2024|2025,227,15.9%,84.1%,0.653,,0.653,,,0.017,-0.102,0.003,42.1%,63.5%,71.8%,candidate_fp=42;pyf_fp=46;delta=-4,candidate_fn=13;pyf_fn=17;delta=-4,rows=25;candidate_error=8.0%;pyf_error=12.0%,rows=25;candidate_error=8.0%;pyf_error=12.0%,older_late_rows=7;young_early_rows=120,high_role_rows=87;low_sparse_role_rows=26,2022:0.735;2023:0.509;2024:0.706;2025:1.000,direction_stable_seasons=3/4,partial_coverage_not_full_2013_2025_comparable,INTERACTION_ONLY,Bounded predeclared receiving opportunity combination; prior ffop/NGS sidecars retain partial-window caveats when used.
GAUNTLET_044_RB_THREE_70_20_10__PLUS_RECOPP_WOPR_NGS_PCT025_050,GAUNTLET_044_RB_THREE_70_20_10,C07,RB_only_three_year_0.70_0.20_0.10,nflverse_receiving_opportunity+prior_sidecars,recopp_rec_opp_wopr_pct|ngs_ngs_position_signal_raw_pct,RB,2022|2023|2024|2025,227,15.9%,84.1%,0.653,,0.653,,,0.018,-0.102,0.003,42.1%,63.5%,70.9%,candidate_fp=42;pyf_fp=46;delta=-4,candidate_fn=13;pyf_fn=17;delta=-4,rows=25;candidate_error=8.0%;pyf_error=12.0%,rows=25;candidate_error=8.0%;pyf_error=12.0%,older_late_rows=7;young_early_rows=120,high_role_rows=87;low_sparse_role_rows=26,2022:0.733;2023:0.512;2024:0.706;2025:1.000,direction_stable_seasons=3/4,partial_coverage_not_full_2013_2025_comparable,INTERACTION_ONLY,Bounded predeclared receiving opportunity combination; prior ffop/NGS sidecars retain partial-window caveats when used.
GAUNTLET_044_RB_THREE_70_20_10__PLUS_RECOPP_WOPR_EPA_PCT025_025,GAUNTLET_044_RB_THREE_70_20_10,C07,RB_only_three_year_0.70_0.20_0.10,nflverse_receiving_opportunity+prior_sidecars,recopp_rec_opp_wopr_pct|epa_epa_total_raw_pct,RB,2013|2014|2015|2016|2017|2018|2019|2020|2021|2022|2023|2024|2025,1389,97.2%,2.8%,0.639,,0.639,,,0.018,-0.116,-0.011,44.9%,58.7%,66.2%,candidate_fp=203;pyf_fp=207;delta=-4,candidate_fn=82;pyf_fn=86;delta=-4,rows=312;candidate_error=6.4%;pyf_error=6.4%,rows=312;candidate_error=6.4%;pyf_error=6.4%,older_late_rows=49;young_early_rows=817,high_role_rows=361;low_sparse_role_rows=439,2013:0.604;2014:0.515;2015:0.470;2016:0.514;2017:0.664;2018:0.624;2019:0.710;2020:0.587;2021:0.688;2022:0.725;2023:0.650;2024:0.754;2025:0.724,direction_stable_seasons=10/13,partial_coverage_not_full_2013_2025_comparable,ADDITIVE_CANDIDATE,Bounded predeclared receiving opportunity combination; prior ffop/NGS sidecars retain partial-window caveats when used.
GAUNTLET_044_RB_THREE_70_20_10__PLUS_RECOPP_WOPR_EPA_PCT050_050,GAUNTLET_044_RB_THREE_70_20_10,C07,RB_only_three_year_0.70_0.20_0.10,nflverse_receiving_opportunity+prior_sidecars,recopp_rec_opp_wopr_pct|epa_epa_total_raw_pct,RB,2013|2014|2015|2016|2017|2018|2019|2020|2021|2022|2023|2024|2025,1389,97.2%,2.8%,0.640,,0.640,,,0.019,-0.115,-0.010,44.9%,59.9%,66.0%,candidate_fp=200;pyf_fp=207;delta=-7,candidate_fn=79;pyf_fn=86;delta=-7,rows=312;candidate_error=6.4%;pyf_error=6.4%,rows=312;candidate_error=6.4%;pyf_error=6.4%,older_late_rows=49;young_early_rows=817,high_role_rows=361;low_sparse_role_rows=439,2013:0.606;2014:0.518;2015:0.467;2016:0.512;2017:0.665;2018:0.624;2019:0.711;2020:0.589;2021:0.690;2022:0.725;2023:0.657;2024:0.755;2025:0.721,direction_stable_seasons=10/13,partial_coverage_not_full_2013_2025_comparable,ADDITIVE_CANDIDATE,Bounded predeclared receiving opportunity combination; prior ffop/NGS sidecars retain partial-window caveats when used.
GAUNTLET_044_RB_THREE_70_20_10__PLUS_RECOPP_WOPR_EPA_PCT050_025,GAUNTLET_044_RB_THREE_70_20_10,C07,RB_only_three_year_0.70_0.20_0.10,nflverse_receiving_opportunity+prior_sidecars,recopp_rec_opp_wopr_pct|epa_epa_total_raw_pct,RB,2013|2014|2015|2016|2017|2018|2019|2020|2021|2022|2023|2024|2025,1389,97.2%,2.8%,0.639,,0.639,,,0.018,-0.116,-0.011,44.9%,59.0%,66.5%,candidate_fp=203;pyf_fp=207;delta=-4,candidate_fn=82;pyf_fn=86;delta=-4,rows=312;candidate_error=6.4%;pyf_error=6.4%,rows=312;candidate_error=6.4%;pyf_error=6.4%,older_late_rows=49;young_early_rows=817,high_role_rows=361;low_sparse_role_rows=439,2013:0.604;2014:0.517;2015:0.470;2016:0.514;2017:0.662;2018:0.624;2019:0.710;2020:0.586;2021:0.687;2022:0.723;2023:0.650;2024:0.755;2025:0.724,direction_stable_seasons=10/13,partial_coverage_not_full_2013_2025_comparable,ADDITIVE_CANDIDATE,Bounded predeclared receiving opportunity combination; prior ffop/NGS sidecars retain partial-window caveats when used.
GAUNTLET_044_RB_THREE_70_20_10__PLUS_RECOPP_WOPR_EPA_PCT025_050,GAUNTLET_044_RB_THREE_70_20_10,C07,RB_only_three_year_0.70_0.20_0.10,nflverse_receiving_opportunity+prior_sidecars,recopp_rec_opp_wopr_pct|epa_epa_total_raw_pct,RB,2013|2014|2015|2016|2017|2018|2019|2020|2021|2022|2023|2024|2025,1389,97.2%,2.8%,0.640,,0.640,,,0.019,-0.115,-0.010,44.9%,59.9%,66.0%,candidate_fp=200;pyf_fp=207;delta=-7,candidate_fn=79;pyf_fn=86;delta=-7,rows=312;candidate_error=6.4%;pyf_error=6.4%,rows=312;candidate_error=6.4%;pyf_error=6.4%,older_late_rows=49;young_early_rows=817,high_role_rows=361;low_sparse_role_rows=439,2013:0.605;2014:0.517;2015:0.469;2016:0.516;2017:0.663;2018:0.625;2019:0.710;2020:0.589;2021:0.690;2022:0.727;2023:0.654;2024:0.755;2025:0.720,direction_stable_seasons=10/13,partial_coverage_not_full_2013_2025_comparable,ADDITIVE_CANDIDATE,Bounded predeclared receiving opportunity combination; prior ffop/NGS sidecars retain partial-window caveats when used.
GAUNTLET_044_RB_THREE_70_20_10__PLUS_RECOPP_WOPR_FFOP_NGS_PCT025_050_025,GAUNTLET_044_RB_THREE_70_20_10,C07,RB_only_three_year_0.70_0.20_0.10,nflverse_receiving_opportunity+prior_sidecars,recopp_rec_opp_wopr_pct|ffop_ffop_xfp_total_pct|ngs_ngs_position_signal_raw_pct,RB,2022|2023|2024|2025,226,15.8%,84.2%,0.651,,0.651,,,0.017,-0.104,0.001,42.1%,63.5%,70.9%,candidate_fp=42;pyf_fp=46;delta=-4,candidate_fn=13;pyf_fn=17;delta=-4,rows=25;candidate_error=8.0%;pyf_error=12.0%,rows=25;candidate_error=8.0%;pyf_error=12.0%,older_late_rows=7;young_early_rows=120,high_role_rows=87;low_sparse_role_rows=26,2022:0.734;2023:0.505;2024:0.705;2025:1.000,direction_stable_seasons=3/4,partial_coverage_not_full_2013_2025_comparable,INTERACTION_ONLY,Bounded predeclared receiving opportunity combination; prior ffop/NGS sidecars retain partial-window caveats when used.
GAUNTLET_044_RB_THREE_70_20_10__PLUS_RECOPP_WOPR_FFOP_NGS_PCT050_025_025,GAUNTLET_044_RB_THREE_70_20_10,C07,RB_only_three_year_0.70_0.20_0.10,nflverse_receiving_opportunity+prior_sidecars,recopp_rec_opp_wopr_pct|ffop_ffop_xfp_total_pct|ngs_ngs_position_signal_raw_pct,RB,2022|2023|2024|2025,226,15.8%,84.2%,0.652,,0.652,,,0.018,-0.103,0.002,42.1%,63.5%,70.9%,candidate_fp=42;pyf_fp=46;delta=-4,candidate_fn=13;pyf_fn=17;delta=-4,rows=25;candidate_error=8.0%;pyf_error=12.0%,rows=25;candidate_error=8.0%;pyf_error=12.0%,older_late_rows=7;young_early_rows=120,high_role_rows=87;low_sparse_role_rows=26,2022:0.734;2023:0.506;2024:0.705;2025:1.000,direction_stable_seasons=3/4,partial_coverage_not_full_2013_2025_comparable,INTERACTION_ONLY,Bounded predeclared receiving opportunity combination; prior ffop/NGS sidecars retain partial-window caveats when used.
GAUNTLET_044_RB_THREE_70_20_10__PLUS_RECOPP_WOPR_EPA_FFOP_PCT025_025_050,GAUNTLET_044_RB_THREE_70_20_10,C07,RB_only_three_year_0.70_0.20_0.10,nflverse_receiving_opportunity+prior_sidecars,recopp_rec_opp_wopr_pct|epa_epa_total_raw_pct|ffop_ffop_xfp_total_pct,RB,2022|2023|2024|2025,428,30.0%,70.0%,0.711,,0.711,,,0.023,-0.044,0.061,45.8%,65.6%,74.3%,candidate_fp=55;pyf_fp=59;delta=-4,candidate_fn=21;pyf_fn=25;delta=-4,rows=91;candidate_error=4.4%;pyf_error=5.5%,rows=91;candidate_error=4.4%;pyf_error=5.5%,older_late_rows=11;young_early_rows=243,high_role_rows=113;low_sparse_role_rows=126,2022:0.722;2023:0.641;2024:0.754;2025:0.724,direction_stable_seasons=4/4,partial_coverage_not_full_2013_2025_comparable,INTERACTION_ONLY,Bounded predeclared receiving opportunity combination; prior ffop/NGS sidecars retain partial-window caveats when used.
GAUNTLET_044_RB_THREE_70_20_10__PLUS_RECOPP_WOPR_EPA_FFOP_PCT050_025_025,GAUNTLET_044_RB_THREE_70_20_10,C07,RB_only_three_year_0.70_0.20_0.10,nflverse_receiving_opportunity+prior_sidecars,recopp_rec_opp_wopr_pct|epa_epa_total_raw_pct|ffop_ffop_xfp_total_pct,RB,2022|2023|2024|2025,428,30.0%,70.0%,0.711,,0.711,,,0.023,-0.044,0.061,45.8%,64.6%,74.3%,candidate_fp=55;pyf_fp=59;delta=-4,candidate_fn=21;pyf_fn=25;delta=-4,rows=91;candidate_error=4.4%;pyf_error=5.5%,rows=91;candidate_error=4.4%;pyf_error=5.5%,older_late_rows=11;young_early_rows=243,high_role_rows=113;low_sparse_role_rows=126,2022:0.721;2023:0.642;2024:0.755;2025:0.724,direction_stable_seasons=4/4,partial_coverage_not_full_2013_2025_comparable,INTERACTION_ONLY,Bounded predeclared receiving opportunity combination; prior ffop/NGS sidecars retain partial-window caveats when used.
REFINE_007_OVERALL_THREE_65_25_10_LATE_20__PLUS_RECOPP_WOPR_FFOP_PCT025_025,REFINE_007_OVERALL_THREE_65_25_10_LATE_20,C01_REFINED_CURRENT_BEST,overall_three_65_25_10_late_20,nflverse_receiving_opportunity+prior_sidecars,recopp_rec_opp_wopr_pct|ffop_ffop_xfp_total_pct,QB|RB|TE|WR,2022|2023|2024|2025,1740,31.5%,68.5%,0.789,0.704,0.709,0.737,0.756,0.010,0.034,0.034,46.9%,69.0%,75.2%,candidate_fp=163;pyf_fp=167;delta=-4,candidate_fn=93;pyf_fn=97;delta=-4,rows=437;candidate_error=2.1%;pyf_error=2.5%,rows=437;candidate_error=2.1%;pyf_error=2.5%,older_late_rows=130;young_early_rows=857,high_role_rows=456;low_sparse_role_rows=543,2022:0.798;2023:0.788;2024:0.775;2025:0.790,direction_stable_seasons=4/4,partial_coverage_not_full_2013_2025_comparable,INTERACTION_ONLY,Bounded predeclared receiving opportunity combination; prior ffop/NGS sidecars retain partial-window caveats when used.
REFINE_007_OVERALL_THREE_65_25_10_LATE_20__PLUS_RECOPP_WOPR_FFOP_PCT050_050,REFINE_007_OVERALL_THREE_65_25_10_LATE_20,C01_REFINED_CURRENT_BEST,overall_three_65_25_10_late_20,nflverse_receiving_opportunity+prior_sidecars,recopp_rec_opp_wopr_pct|ffop_ffop_xfp_total_pct,QB|RB|TE|WR,2022|2023|2024|2025,1740,31.5%,68.5%,0.789,0.704,0.709,0.738,0.757,0.011,0.034,0.035,46.9%,68.8%,75.3%,candidate_fp=162;pyf_fp=167;delta=-5,candidate_fn=92;pyf_fn=97;delta=-5,rows=437;candidate_error=2.3%;pyf_error=2.5%,rows=437;candidate_error=2.3%;pyf_error=2.5%,older_late_rows=130;young_early_rows=857,high_role_rows=456;low_sparse_role_rows=543,2022:0.798;2023:0.790;2024:0.775;2025:0.790,direction_stable_seasons=4/4,partial_coverage_not_full_2013_2025_comparable,INTERACTION_ONLY,Bounded predeclared receiving opportunity combination; prior ffop/NGS sidecars retain partial-window caveats when used.
REFINE_007_OVERALL_THREE_65_25_10_LATE_20__PLUS_RECOPP_WOPR_FFOP_PCT050_025,REFINE_007_OVERALL_THREE_65_25_10_LATE_20,C01_REFINED_CURRENT_BEST,overall_three_65_25_10_late_20,nflverse_receiving_opportunity+prior_sidecars,recopp_rec_opp_wopr_pct|ffop_ffop_xfp_total_pct,QB|RB|TE|WR,2022|2023|2024|2025,1740,31.5%,68.5%,0.789,0.706,0.710,0.737,0.757,0.011,0.034,0.035,47.4%,68.8%,75.3%,candidate_fp=162;pyf_fp=167;delta=-5,candidate_fn=92;pyf_fn=97;delta=-5,rows=437;candidate_error=2.1%;pyf_error=2.5%,rows=437;candidate_error=2.1%;pyf_error=2.5%,older_late_rows=130;young_early_rows=857,high_role_rows=456;low_sparse_role_rows=543,2022:0.799;2023:0.790;2024:0.775;2025:0.790,direction_stable_seasons=4/4,partial_coverage_not_full_2013_2025_comparable,INTERACTION_ONLY,Bounded predeclared receiving opportunity combination; prior ffop/NGS sidecars retain partial-window caveats when used.
REFINE_007_OVERALL_THREE_65_25_10_LATE_20__PLUS_RECOPP_WOPR_FFOP_PCT025_050,REFINE_007_OVERALL_THREE_65_25_10_LATE_20,C01_REFINED_CURRENT_BEST,overall_three_65_25_10_late_20,nflverse_receiving_opportunity+prior_sidecars,recopp_rec_opp_wopr_pct|ffop_ffop_xfp_total_pct,QB|RB|TE|WR,2022|2023|2024|2025,1740,31.5%,68.5%,0.789,0.704,0.708,0.737,0.756,0.010,0.034,0.034,46.9%,68.8%,75.3%,candidate_fp=162;pyf_fp=167;delta=-5,candidate_fn=92;pyf_fn=97;delta=-5,rows=437;candidate_error=2.1%;pyf_error=2.5%,rows=437;candidate_error=2.1%;pyf_error=2.5%,older_late_rows=130;young_early_rows=857,high_role_rows=456;low_sparse_role_rows=543,2022:0.798;2023:0.789;2024:0.774;2025:0.790,direction_stable_seasons=4/4,partial_coverage_not_full_2013_2025_comparable,INTERACTION_ONLY,Bounded predeclared receiving opportunity combination; prior ffop/NGS sidecars retain partial-window caveats when used.
REFINE_007_OVERALL_THREE_65_25_10_LATE_20__PLUS_RECOPP_WOPR_NGS_PCT025_025,REFINE_007_OVERALL_THREE_65_25_10_LATE_20,C01_REFINED_CURRENT_BEST,overall_three_65_25_10_late_20,nflverse_receiving_opportunity+prior_sidecars,recopp_rec_opp_wopr_pct|ngs_ngs_position_signal_raw_pct,QB|RB|TE|WR,2022|2023|2024|2025,944,17.1%,82.9%,0.750,0.679,0.648,0.692,0.715,0.017,-0.005,-0.004,46.7%,68.6%,74.1%,candidate_fp=126;pyf_fp=130;delta=-4,candidate_fn=61;pyf_fn=65;delta=-4,rows=128;candidate_error=4.7%;pyf_error=5.5%,rows=128;candidate_error=4.7%;pyf_error=5.5%,older_late_rows=74;young_early_rows=431,high_role_rows=347;low_sparse_role_rows=135,2022:0.793;2023:0.729;2024:0.736;2025:0.626,direction_stable_seasons=3/4,partial_coverage_not_full_2013_2025_comparable,INTERACTION_ONLY,Bounded predeclared receiving opportunity combination; prior ffop/NGS sidecars retain partial-window caveats when used.
REFINE_007_OVERALL_THREE_65_25_10_LATE_20__PLUS_RECOPP_WOPR_NGS_PCT050_050,REFINE_007_OVERALL_THREE_65_25_10_LATE_20,C01_REFINED_CURRENT_BEST,overall_three_65_25_10_late_20,nflverse_receiving_opportunity+prior_sidecars,recopp_rec_opp_wopr_pct|ngs_ngs_position_signal_raw_pct,QB|RB|TE|WR,2022|2023|2024|2025,944,17.1%,82.9%,0.752,0.682,0.652,0.693,0.712,0.019,-0.003,-0.003,47.4%,68.2%,74.5%,candidate_fp=124;pyf_fp=130;delta=-6,candidate_fn=59;pyf_fn=65;delta=-6,rows=128;candidate_error=4.7%;pyf_error=5.5%,rows=128;candidate_error=4.7%;pyf_error=5.5%,older_late_rows=74;young_early_rows=431,high_role_rows=347;low_sparse_role_rows=135,2022:0.795;2023:0.732;2024:0.737;2025:0.626,direction_stable_seasons=3/4,partial_coverage_not_full_2013_2025_comparable,INTERACTION_ONLY,Bounded predeclared receiving opportunity combination; prior ffop/NGS sidecars retain partial-window caveats when used.
REFINE_007_OVERALL_THREE_65_25_10_LATE_20__PLUS_RECOPP_WOPR_NGS_PCT050_025,REFINE_007_OVERALL_THREE_65_25_10_LATE_20,C01_REFINED_CURRENT_BEST,overall_three_65_25_10_late_20,nflverse_receiving_opportunity+prior_sidecars,recopp_rec_opp_wopr_pct|ngs_ngs_position_signal_raw_pct,QB|RB|TE|WR,2022|2023|2024|2025,944,17.1%,82.9%,0.751,0.683,0.650,0.693,0.714,0.018,-0.004,-0.003,47.4%,68.6%,74.3%,candidate_fp=126;pyf_fp=130;delta=-4,candidate_fn=61;pyf_fn=65;delta=-4,rows=128;candidate_error=4.7%;pyf_error=5.5%,rows=128;candidate_error=4.7%;pyf_error=5.5%,older_late_rows=74;young_early_rows=431,high_role_rows=347;low_sparse_role_rows=135,2022:0.794;2023:0.731;2024:0.737;2025:0.626,direction_stable_seasons=3/4,partial_coverage_not_full_2013_2025_comparable,INTERACTION_ONLY,Bounded predeclared receiving opportunity combination; prior ffop/NGS sidecars retain partial-window caveats when used.
REFINE_007_OVERALL_THREE_65_25_10_LATE_20__PLUS_RECOPP_WOPR_NGS_PCT025_050,REFINE_007_OVERALL_THREE_65_25_10_LATE_20,C01_REFINED_CURRENT_BEST,overall_three_65_25_10_late_20,nflverse_receiving_opportunity+prior_sidecars,recopp_rec_opp_wopr_pct|ngs_ngs_position_signal_raw_pct,QB|RB|TE|WR,2022|2023|2024|2025,944,17.1%,82.9%,0.751,0.679,0.650,0.693,0.713,0.018,-0.004,-0.004,47.4%,68.2%,74.5%,candidate_fp=125;pyf_fp=130;delta=-5,candidate_fn=60;pyf_fn=65;delta=-5,rows=128;candidate_error=4.7%;pyf_error=5.5%,rows=128;candidate_error=4.7%;pyf_error=5.5%,older_late_rows=74;young_early_rows=431,high_role_rows=347;low_sparse_role_rows=135,2022:0.794;2023:0.730;2024:0.737;2025:0.626,direction_stable_seasons=3/4,partial_coverage_not_full_2013_2025_comparable,INTERACTION_ONLY,Bounded predeclared receiving opportunity combination; prior ffop/NGS sidecars retain partial-window caveats when used.
REFINE_007_OVERALL_THREE_65_25_10_LATE_20__PLUS_RECOPP_WOPR_EPA_PCT025_025,REFINE_007_OVERALL_THREE_65_25_10_LATE_20,C01_REFINED_CURRENT_BEST,overall_three_65_25_10_late_20,nflverse_receiving_opportunity+prior_sidecars,recopp_rec_opp_wopr_pct|epa_epa_total_raw_pct,QB|RB|TE|WR,2013|2014|2015|2016|2017|2018|2019|2020|2021|2022|2023|2024|2025,5360,97.1%,2.9%,0.747,0.736,0.639,0.694,0.708,0.014,-0.008,-0.008,50.0%,67.1%,71.2%,candidate_fp=549;pyf_fp=573;delta=-24,candidate_fn=329;pyf_fn=353;delta=-24,rows=1321;candidate_error=3.3%;pyf_error=3.6%,rows=1321;candidate_error=3.3%;pyf_error=3.6%,older_late_rows=464;young_early_rows=2748,high_role_rows=1405;low_sparse_role_rows=1685,2013:0.693;2014:0.732;2015:0.681;2016:0.682;2017:0.739;2018:0.729;2019:0.740;2020:0.738;2021:0.755;2022:0.802;2023:0.790;2024:0.777;2025:0.789,direction_stable_seasons=11/13,partial_coverage_not_full_2013_2025_comparable,ADDITIVE_CANDIDATE,Bounded predeclared receiving opportunity combination; prior ffop/NGS sidecars retain partial-window caveats when used.
REFINE_007_OVERALL_THREE_65_25_10_LATE_20__PLUS_RECOPP_WOPR_EPA_PCT050_050,REFINE_007_OVERALL_THREE_65_25_10_LATE_20,C01_REFINED_CURRENT_BEST,overall_three_65_25_10_late_20,nflverse_receiving_opportunity+prior_sidecars,recopp_rec_opp_wopr_pct|epa_epa_total_raw_pct,QB|RB|TE|WR,2013|2014|2015|2016|2017|2018|2019|2020|2021|2022|2023|2024|2025,5360,97.1%,2.9%,0.747,0.737,0.640,0.695,0.708,0.015,-0.008,-0.007,49.5%,67.8%,71.2%,candidate_fp=548;pyf_fp=573;delta=-25,candidate_fn=328;pyf_fn=353;delta=-25,rows=1321;candidate_error=3.3%;pyf_error=3.6%,rows=1321;candidate_error=3.3%;pyf_error=3.6%,older_late_rows=464;young_early_rows=2748,high_role_rows=1405;low_sparse_role_rows=1685,2013:0.694;2014:0.733;2015:0.679;2016:0.683;2017:0.740;2018:0.730;2019:0.741;2020:0.740;2021:0.755;2022:0.803;2023:0.790;2024:0.777;2025:0.789,direction_stable_seasons=12/13,partial_coverage_not_full_2013_2025_comparable,ADDITIVE_CANDIDATE,Bounded predeclared receiving opportunity combination; prior ffop/NGS sidecars retain partial-window caveats when used.
REFINE_007_OVERALL_THREE_65_25_10_LATE_20__PLUS_RECOPP_WOPR_EPA_PCT050_025,REFINE_007_OVERALL_THREE_65_25_10_LATE_20,C01_REFINED_CURRENT_BEST,overall_three_65_25_10_late_20,nflverse_receiving_opportunity+prior_sidecars,recopp_rec_opp_wopr_pct|epa_epa_total_raw_pct,QB|RB|TE|WR,2013|2014|2015|2016|2017|2018|2019|2020|2021|2022|2023|2024|2025,5360,97.1%,2.9%,0.747,0.737,0.639,0.694,0.708,0.014,-0.008,-0.008,49.7%,67.4%,71.2%,candidate_fp=549;pyf_fp=573;delta=-24,candidate_fn=329;pyf_fn=353;delta=-24,rows=1321;candidate_error=3.3%;pyf_error=3.6%,rows=1321;candidate_error=3.3%;pyf_error=3.6%,older_late_rows=464;young_early_rows=2748,high_role_rows=1405;low_sparse_role_rows=1685,2013:0.693;2014:0.732;2015:0.680;2016:0.683;2017:0.739;2018:0.729;2019:0.739;2020:0.738;2021:0.755;2022:0.801;2023:0.790;2024:0.777;2025:0.789,direction_stable_seasons=12/13,partial_coverage_not_full_2013_2025_comparable,ADDITIVE_CANDIDATE,Bounded predeclared receiving opportunity combination; prior ffop/NGS sidecars retain partial-window caveats when used.
REFINE_007_OVERALL_THREE_65_25_10_LATE_20__PLUS_RECOPP_WOPR_EPA_PCT025_050,REFINE_007_OVERALL_THREE_65_25_10_LATE_20,C01_REFINED_CURRENT_BEST,overall_three_65_25_10_late_20,nflverse_receiving_opportunity+prior_sidecars,recopp_rec_opp_wopr_pct|epa_epa_total_raw_pct,QB|RB|TE|WR,2013|2014|2015|2016|2017|2018|2019|2020|2021|2022|2023|2024|2025,5360,97.1%,2.9%,0.747,0.736,0.640,0.695,0.708,0.015,-0.008,-0.007,49.7%,67.6%,71.0%,candidate_fp=548;pyf_fp=573;delta=-25,candidate_fn=328;pyf_fn=353;delta=-25,rows=1321;candidate_error=3.3%;pyf_error=3.6%,rows=1321;candidate_error=3.3%;pyf_error=3.6%,older_late_rows=464;young_early_rows=2748,high_role_rows=1405;low_sparse_role_rows=1685,2013:0.693;2014:0.733;2015:0.681;2016:0.683;2017:0.741;2018:0.731;2019:0.741;2020:0.740;2021:0.755;2022:0.802;2023:0.789;2024:0.777;2025:0.789,direction_stable_seasons=12/13,partial_coverage_not_full_2013_2025_comparable,ADDITIVE_CANDIDATE,Bounded predeclared receiving opportunity combination; prior ffop/NGS sidecars retain partial-window caveats when used.
REFINE_007_OVERALL_THREE_65_25_10_LATE_20__PLUS_RECOPP_WOPR_FFOP_NGS_PCT025_050_025,REFINE_007_OVERALL_THREE_65_25_10_LATE_20,C01_REFINED_CURRENT_BEST,overall_three_65_25_10_late_20,nflverse_receiving_opportunity+prior_sidecars,recopp_rec_opp_wopr_pct|ffop_ffop_xfp_total_pct|ngs_ngs_position_signal_raw_pct,QB|RB|TE|WR,2022|2023|2024|2025,943,17.1%,82.9%,0.751,0.679,0.647,0.693,0.714,0.018,-0.004,-0.004,46.7%,68.6%,74.1%,candidate_fp=125;pyf_fp=130;delta=-5,candidate_fn=60;pyf_fn=65;delta=-5,rows=128;candidate_error=4.7%;pyf_error=5.5%,rows=128;candidate_error=4.7%;pyf_error=5.5%,older_late_rows=74;young_early_rows=431,high_role_rows=347;low_sparse_role_rows=135,2022:0.792;2023:0.730;2024:0.737;2025:0.626,direction_stable_seasons=3/4,partial_coverage_not_full_2013_2025_comparable,INTERACTION_ONLY,Bounded predeclared receiving opportunity combination; prior ffop/NGS sidecars retain partial-window caveats when used.
REFINE_007_OVERALL_THREE_65_25_10_LATE_20__PLUS_RECOPP_WOPR_FFOP_NGS_PCT050_025_025,REFINE_007_OVERALL_THREE_65_25_10_LATE_20,C01_REFINED_CURRENT_BEST,overall_three_65_25_10_late_20,nflverse_receiving_opportunity+prior_sidecars,recopp_rec_opp_wopr_pct|ffop_ffop_xfp_total_pct|ngs_ngs_position_signal_raw_pct,QB|RB|TE|WR,2022|2023|2024|2025,943,17.1%,82.9%,0.751,0.683,0.649,0.693,0.714,0.019,-0.004,-0.003,47.4%,68.6%,74.3%,candidate_fp=125;pyf_fp=130;delta=-5,candidate_fn=60;pyf_fn=65;delta=-5,rows=128;candidate_error=4.7%;pyf_error=5.5%,rows=128;candidate_error=4.7%;pyf_error=5.5%,older_late_rows=74;young_early_rows=431,high_role_rows=347;low_sparse_role_rows=135,2022:0.793;2023:0.731;2024:0.737;2025:0.626,direction_stable_seasons=3/4,partial_coverage_not_full_2013_2025_comparable,INTERACTION_ONLY,Bounded predeclared receiving opportunity combination; prior ffop/NGS sidecars retain partial-window caveats when used.
REFINE_007_OVERALL_THREE_65_25_10_LATE_20__PLUS_RECOPP_WOPR_EPA_FFOP_PCT025_025_050,REFINE_007_OVERALL_THREE_65_25_10_LATE_20,C01_REFINED_CURRENT_BEST,overall_three_65_25_10_late_20,nflverse_receiving_opportunity+prior_sidecars,recopp_rec_opp_wopr_pct|epa_epa_total_raw_pct|ffop_ffop_xfp_total_pct,QB|RB|TE|WR,2022|2023|2024|2025,1736,31.5%,68.5%,0.790,0.701,0.710,0.738,0.756,0.011,0.035,0.035,47.4%,69.3%,75.3%,candidate_fp=162;pyf_fp=167;delta=-5,candidate_fn=92;pyf_fn=97;delta=-5,rows=433;candidate_error=2.1%;pyf_error=2.5%,rows=433;candidate_error=2.1%;pyf_error=2.5%,older_late_rows=129;young_early_rows=857,high_role_rows=456;low_sparse_role_rows=539,2022:0.800;2023:0.790;2024:0.776;2025:0.790,direction_stable_seasons=4/4,partial_coverage_not_full_2013_2025_comparable,INTERACTION_ONLY,Bounded predeclared receiving opportunity combination; prior ffop/NGS sidecars retain partial-window caveats when used.
REFINE_007_OVERALL_THREE_65_25_10_LATE_20__PLUS_RECOPP_WOPR_EPA_FFOP_PCT050_025_025,REFINE_007_OVERALL_THREE_65_25_10_LATE_20,C01_REFINED_CURRENT_BEST,overall_three_65_25_10_late_20,nflverse_receiving_opportunity+prior_sidecars,recopp_rec_opp_wopr_pct|epa_epa_total_raw_pct|ffop_ffop_xfp_total_pct,QB|RB|TE|WR,2022|2023|2024|2025,1736,31.5%,68.5%,0.790,0.701,0.711,0.738,0.756,0.011,0.035,0.035,47.9%,69.3%,75.3%,candidate_fp=162;pyf_fp=167;delta=-5,candidate_fn=92;pyf_fn=97;delta=-5,rows=433;candidate_error=2.1%;pyf_error=2.5%,rows=433;candidate_error=2.1%;pyf_error=2.5%,older_late_rows=129;young_early_rows=857,high_role_rows=456;low_sparse_role_rows=539,2022:0.801;2023:0.790;2024:0.776;2025:0.789,direction_stable_seasons=4/4,partial_coverage_not_full_2013_2025_comparable,INTERACTION_ONLY,Bounded predeclared receiving opportunity combination; prior ffop/NGS sidecars retain partial-window caveats when used.
