admission_status,overall_rank,position_rank,player_id,player_name,position,team,projected_points,replacement_points,replacement_adjusted_value,starter_gap,confidence,tier,profile_id,profile_name,source_status,evidence_status,source_as_of,rookie,authority_label,model_family
RESEARCH_ONLY_GOVERNANCE_PENDING,1,1,00-0033280,Christian McCaffrey,RB,SF,416.6000,92.9000,323.7000,251.6800,MEDIUM,1,preset:12_TEAM_SUPERFLEX_PPR,12-team Superflex PPR,GOVERNANCE_PENDING,MODEL_VALIDATED_REVIEW_ONLY,2026-08-08,False,REDRAFT V1 - REVIEW,R2_FLEX_AWARE_REPLACEMENT
RESEARCH_ONLY_GOVERNANCE_PENDING,2,1,00-0039075,Puka Nacua,WR,LA,375.0000,94.8000,280.2000,208.6000,MEDIUM,2,preset:12_TEAM_SUPERFLEX_PPR,12-team Superflex PPR,GOVERNANCE_PENDING,MODEL_VALIDATED_REVIEW_ONLY,2026-08-08,False,REDRAFT V1 - REVIEW,R2_FLEX_AWARE_REPLACEMENT
RESEARCH_ONLY_GOVERNANCE_PENDING,3,1,00-0034857,Josh Allen,QB,BUF,362.6200,84.9000,277.7200,190.7200,LOW,2,preset:12_TEAM_SUPERFLEX_PPR,12-team Superflex PPR,GOVERNANCE_PENDING,MODEL_VALIDATED_REVIEW_ONLY,2026-08-08,False,REDRAFT V1 - REVIEW,R2_FLEX_AWARE_REPLACEMENT
RESEARCH_ONLY_GOVERNANCE_PENDING,4,2,00-0038542,Bijan Robinson,RB,ATL,368.8000,92.9000,275.9000,203.8800,MEDIUM,2,preset:12_TEAM_SUPERFLEX_PPR,12-team Superflex PPR,GOVERNANCE_PENDING,MODEL_VALIDATED_REVIEW_ONLY,2026-08-08,False,REDRAFT V1 - REVIEW,R2_FLEX_AWARE_REPLACEMENT
RESEARCH_ONLY_GOVERNANCE_PENDING,5,3,00-0039139,Jahmyr Gibbs,RB,DET,366.9000,92.9000,274.0000,201.9800,MEDIUM,2,preset:12_TEAM_SUPERFLEX_PPR,12-team Superflex PPR,GOVERNANCE_PENDING,MODEL_VALIDATED_REVIEW_ONLY,2026-08-08,False,REDRAFT V1 - REVIEW,R2_FLEX_AWARE_REPLACEMENT
RESEARCH_ONLY_GOVERNANCE_PENDING,6,4,00-0036223,Jonathan Taylor,RB,IND,360.3000,92.9000,267.4000,195.3800,LOW,3,preset:12_TEAM_SUPERFLEX_PPR,12-team Superflex PPR,GOVERNANCE_PENDING,MODEL_VALIDATED_REVIEW_ONLY,2026-08-08,False,REDRAFT V1 - REVIEW,R2_FLEX_AWARE_REPLACEMENT
RESEARCH_ONLY_GOVERNANCE_PENDING,7,2,00-0026498,Matthew Stafford,QB,LA,350.3800,84.9000,265.4800,178.4800,LOW,3,preset:12_TEAM_SUPERFLEX_PPR,12-team Superflex PPR,GOVERNANCE_PENDING,MODEL_VALIDATED_REVIEW_ONLY,2026-08-08,False,REDRAFT V1 - REVIEW,R2_FLEX_AWARE_REPLACEMENT
RESEARCH_ONLY_GOVERNANCE_PENDING,8,2,00-0038543,Jaxon Smith-Njigba,WR,SEA,359.9000,94.8000,265.1000,193.5000,MEDIUM,3,preset:12_TEAM_SUPERFLEX_PPR,12-team Superflex PPR,GOVERNANCE_PENDING,MODEL_VALIDATED_REVIEW_ONLY,2026-08-08,False,REDRAFT V1 - REVIEW,R2_FLEX_AWARE_REPLACEMENT
RESEARCH_ONLY_GOVERNANCE_PENDING,9,3,00-0039851,Drake Maye,QB,NE,347.9600,84.9000,263.0600,176.0600,LOW,3,preset:12_TEAM_SUPERFLEX_PPR,12-team Superflex PPR,GOVERNANCE_PENDING,MODEL_VALIDATED_REVIEW_ONLY,2026-08-08,False,REDRAFT V1 - REVIEW,R2_FLEX_AWARE_REPLACEMENT
RESEARCH_ONLY_GOVERNANCE_PENDING,10,4,00-0036971,Trevor Lawrence,QB,JAX,336.1800,84.9000,251.2800,164.2800,LOW,4,preset:12_TEAM_SUPERFLEX_PPR,12-team Superflex PPR,GOVERNANCE_PENDING,MODEL_VALIDATED_REVIEW_ONLY,2026-08-08,False,REDRAFT V1 - REVIEW,R2_FLEX_AWARE_REPLACEMENT
RESEARCH_ONLY_GOVERNANCE_PENDING,11,5,00-0039918,Caleb Williams,QB,CHI,316.1800,84.9000,231.2800,144.2800,LOW,5,preset:12_TEAM_SUPERFLEX_PPR,12-team Superflex PPR,GOVERNANCE_PENDING,MODEL_VALIDATED_REVIEW_ONLY,2026-08-08,False,REDRAFT V1 - REVIEW,R2_FLEX_AWARE_REPLACEMENT
RESEARCH_ONLY_GOVERNANCE_PENDING,12,5,00-0039040,De'Von Achane,RB,MIA,322.8000,92.9000,229.9000,157.8800,LOW,5,preset:12_TEAM_SUPERFLEX_PPR,12-team Superflex PPR,GOVERNANCE_PENDING,MODEL_VALIDATED_REVIEW_ONLY,2026-08-08,False,REDRAFT V1 - REVIEW,R2_FLEX_AWARE_REPLACEMENT
RESEARCH_ONLY_GOVERNANCE_PENDING,13,3,00-0036963,Amon-Ra St. Brown,WR,DET,324.0000,94.8000,229.2000,157.6000,MEDIUM,5,preset:12_TEAM_SUPERFLEX_PPR,12-team Superflex PPR,GOVERNANCE_PENDING,MODEL_VALIDATED_REVIEW_ONLY,2026-08-08,False,REDRAFT V1 - REVIEW,R2_FLEX_AWARE_REPLACEMENT
RESEARCH_ONLY_GOVERNANCE_PENDING,14,6,00-0033077,Dak Prescott,QB,DAL,307.7800,84.9000,222.8800,135.8800,LOW,6,preset:12_TEAM_SUPERFLEX_PPR,12-team Superflex PPR,GOVERNANCE_PENDING,MODEL_VALIDATED_REVIEW_ONLY,2026-08-08,False,REDRAFT V1 - REVIEW,R2_FLEX_AWARE_REPLACEMENT
RESEARCH_ONLY_GOVERNANCE_PENDING,15,4,00-0036900,Ja'Marr Chase,WR,CIN,313.6000,94.8000,218.8000,147.2000,MEDIUM,6,preset:12_TEAM_SUPERFLEX_PPR,12-team Superflex PPR,GOVERNANCE_PENDING,MODEL_VALIDATED_REVIEW_ONLY,2026-08-08,False,REDRAFT V1 - REVIEW,R2_FLEX_AWARE_REPLACEMENT
RESEARCH_ONLY_GOVERNANCE_PENDING,16,7,00-0036389,Jalen Hurts,QB,PHI,299.0600,84.9000,214.1600,127.1600,LOW,6,preset:12_TEAM_SUPERFLEX_PPR,12-team Superflex PPR,GOVERNANCE_PENDING,MODEL_VALIDATED_REVIEW_ONLY,2026-08-08,False,REDRAFT V1 - REVIEW,R2_FLEX_AWARE_REPLACEMENT
RESEARCH_ONLY_GOVERNANCE_PENDING,17,8,00-0033106,Jared Goff,QB,DET,297.0600,84.9000,212.1600,125.1600,LOW,6,preset:12_TEAM_SUPERFLEX_PPR,12-team Superflex PPR,GOVERNANCE_PENDING,MODEL_VALIDATED_REVIEW_ONLY,2026-08-08,False,REDRAFT V1 - REVIEW,R2_FLEX_AWARE_REPLACEMENT
RESEARCH_ONLY_GOVERNANCE_PENDING,18,9,00-0039732,Bo Nix,QB,DEN,296.8400,84.9000,211.9400,124.9400,LOW,6,preset:12_TEAM_SUPERFLEX_PPR,12-team Superflex PPR,GOVERNANCE_PENDING,MODEL_VALIDATED_REVIEW_ONLY,2026-08-08,False,REDRAFT V1 - REVIEW,R2_FLEX_AWARE_REPLACEMENT
RESEARCH_ONLY_GOVERNANCE_PENDING,19,6,00-0037248,James Cook,RB,BUF,302.2000,92.9000,209.3000,137.2800,LOW,6,preset:12_TEAM_SUPERFLEX_PPR,12-team Superflex PPR,GOVERNANCE_PENDING,MODEL_VALIDATED_REVIEW_ONLY,2026-08-08,False,REDRAFT V1 - REVIEW,R2_FLEX_AWARE_REPLACEMENT
RESEARCH_ONLY_GOVERNANCE_PENDING,20,1,00-0037744,Trey McBride,TE,AZ,315.9000,112.8000,203.1000,150.8000,MEDIUM,7,preset:12_TEAM_SUPERFLEX_PPR,12-team Superflex PPR,GOVERNANCE_PENDING,MODEL_VALIDATED_REVIEW_ONLY,2026-08-08,False,REDRAFT V1 - REVIEW,R2_FLEX_AWARE_REPLACEMENT
RESEARCH_ONLY_GOVERNANCE_PENDING,21,10,00-0036355,Justin Herbert,QB,LAC,284.8800,84.9000,199.9800,112.9800,LOW,7,preset:12_TEAM_SUPERFLEX_PPR,12-team Superflex PPR,GOVERNANCE_PENDING,MODEL_VALIDATED_REVIEW_ONLY,2026-08-08,False,REDRAFT V1 - REVIEW,R2_FLEX_AWARE_REPLACEMENT
RESEARCH_ONLY_GOVERNANCE_PENDING,22,11,00-0033873,Patrick Mahomes,QB,KC,281.6800,84.9000,196.7800,109.7800,LOW,7,preset:12_TEAM_SUPERFLEX_PPR,12-team Superflex PPR,GOVERNANCE_PENDING,MODEL_VALIDATED_REVIEW_ONLY,2026-08-08,False,REDRAFT V1 - REVIEW,R2_FLEX_AWARE_REPLACEMENT
RESEARCH_ONLY_GOVERNANCE_PENDING,23,5,00-0037247,George Pickens,WR,DAL,289.9000,94.8000,195.1000,123.5000,LOW,7,preset:12_TEAM_SUPERFLEX_PPR,12-team Superflex PPR,GOVERNANCE_PENDING,MODEL_VALIDATED_REVIEW_ONLY,2026-08-08,False,REDRAFT V1 - REVIEW,R2_FLEX_AWARE_REPLACEMENT
RESEARCH_ONLY_GOVERNANCE_PENDING,24,7,00-0038597,Chase Brown,RB,CIN,280.6000,92.9000,187.7000,115.6800,LOW,8,preset:12_TEAM_SUPERFLEX_PPR,12-team Superflex PPR,GOVERNANCE_PENDING,MODEL_VALIDATED_REVIEW_ONLY,2026-08-08,False,REDRAFT V1 - REVIEW,R2_FLEX_AWARE_REPLACEMENT
RESEARCH_ONLY_GOVERNANCE_PENDING,25,8,00-0032764,Derrick Henry,RB,BAL,279.5000,92.9000,186.6000,114.5800,LOW,8,preset:12_TEAM_SUPERFLEX_PPR,12-team Superflex PPR,GOVERNANCE_PENDING,MODEL_VALIDATED_REVIEW_ONLY,2026-08-08,False,REDRAFT V1 - REVIEW,R2_FLEX_AWARE_REPLACEMENT
RESEARCH_ONLY_GOVERNANCE_PENDING,26,12,00-0034855,Baker Mayfield,QB,TB,267.9200,84.9000,183.0200,96.0200,LOW,8,preset:12_TEAM_SUPERFLEX_PPR,12-team Superflex PPR,GOVERNANCE_PENDING,MODEL_VALIDATED_REVIEW_ONLY,2026-08-08,False,REDRAFT V1 - REVIEW,R2_FLEX_AWARE_REPLACEMENT
RESEARCH_ONLY_GOVERNANCE_PENDING,27,6,00-0037239,Chris Olave,WR,NO,268.0000,94.8000,173.2000,101.6000,LOW,9,preset:12_TEAM_SUPERFLEX_PPR,12-team Superflex PPR,GOVERNANCE_PENDING,MODEL_VALIDATED_REVIEW_ONLY,2026-08-08,False,REDRAFT V1 - REVIEW,R2_FLEX_AWARE_REPLACEMENT
RESEARCH_ONLY_GOVERNANCE_PENDING,28,9,00-0037840,Kyren Williams,RB,LA,263.3000,92.9000,170.4000,98.3800,LOW,9,preset:12_TEAM_SUPERFLEX_PPR,12-team Superflex PPR,GOVERNANCE_PENDING,MODEL_VALIDATED_REVIEW_ONLY,2026-08-08,False,REDRAFT V1 - REVIEW,R2_FLEX_AWARE_REPLACEMENT
RESEARCH_ONLY_GOVERNANCE_PENDING,29,10,00-0036973,Travis Etienne,RB,NO,253.9000,92.9000,161.0000,88.9800,LOW,10,preset:12_TEAM_SUPERFLEX_PPR,12-team Superflex PPR,GOVERNANCE_PENDING,MODEL_VALIDATED_REVIEW_ONLY,2026-08-08,False,REDRAFT V1 - REVIEW,R2_FLEX_AWARE_REPLACEMENT
RESEARCH_ONLY_GOVERNANCE_PENDING,30,13,00-0040691,Jaxson Dart,QB,NYG,239.5800,84.9000,154.6800,67.6800,LOW,11,preset:12_TEAM_SUPERFLEX_PPR,12-team Superflex PPR,GOVERNANCE_PENDING,MODEL_VALIDATED_REVIEW_ONLY,2026-08-08,False,REDRAFT V1 - REVIEW,R2_FLEX_AWARE_REPLACEMENT
RESEARCH_ONLY_GOVERNANCE_PENDING,31,11,00-0040122,Ashton Jeanty,RB,LV,245.1000,92.9000,152.2000,80.1800,LOW,11,preset:12_TEAM_SUPERFLEX_PPR,12-team Superflex PPR,GOVERNANCE_PENDING,MODEL_VALIDATED_REVIEW_ONLY,2026-08-08,False,REDRAFT V1 - REVIEW,R2_FLEX_AWARE_REPLACEMENT
RESEARCH_ONLY_GOVERNANCE_PENDING,32,12,00-0036997,Javonte Williams,RB,DAL,242.8000,92.9000,149.9000,77.8800,LOW,11,preset:12_TEAM_SUPERFLEX_PPR,12-team Superflex PPR,GOVERNANCE_PENDING,MODEL_VALIDATED_REVIEW_ONLY,2026-08-08,False,REDRAFT V1 - REVIEW,R2_FLEX_AWARE_REPLACEMENT
RESEARCH_ONLY_GOVERNANCE_PENDING,33,7,00-0039064,Zay Flowers,WR,BAL,243.3000,94.8000,148.5000,76.9000,LOW,11,preset:12_TEAM_SUPERFLEX_PPR,12-team Superflex PPR,GOVERNANCE_PENDING,MODEL_VALIDATED_REVIEW_ONLY,2026-08-08,False,REDRAFT V1 - REVIEW,R2_FLEX_AWARE_REPLACEMENT
RESEARCH_ONLY_GOVERNANCE_PENDING,34,14,00-0034869,Sam Darnold,QB,SEA,231.4200,84.9000,146.5200,59.5200,LOW,11,preset:12_TEAM_SUPERFLEX_PPR,12-team Superflex PPR,GOVERNANCE_PENDING,MODEL_VALIDATED_REVIEW_ONLY,2026-08-08,False,REDRAFT V1 - REVIEW,R2_FLEX_AWARE_REPLACEMENT
RESEARCH_ONLY_GOVERNANCE_PENDING,35,15,00-0036264,Jordan Love,QB,GB,231.1400,84.9000,146.2400,59.2400,LOW,11,preset:12_TEAM_SUPERFLEX_PPR,12-team Superflex PPR,GOVERNANCE_PENDING,MODEL_VALIDATED_REVIEW_ONLY,2026-08-08,False,REDRAFT V1 - REVIEW,R2_FLEX_AWARE_REPLACEMENT
RESEARCH_ONLY_GOVERNANCE_PENDING,36,13,00-0035700,Josh Jacobs,RB,GB,237.1000,92.9000,144.2000,72.1800,LOW,11,preset:12_TEAM_SUPERFLEX_PPR,12-team Superflex PPR,GOVERNANCE_PENDING,MODEL_VALIDATED_REVIEW_ONLY,2026-08-08,False,REDRAFT V1 - REVIEW,R2_FLEX_AWARE_REPLACEMENT
RESEARCH_ONLY_GOVERNANCE_PENDING,37,16,00-0033119,Jacoby Brissett,QB,AZ,225.4400,84.9000,140.5400,53.5400,LOW,11,preset:12_TEAM_SUPERFLEX_PPR,12-team Superflex PPR,GOVERNANCE_PENDING,MODEL_VALIDATED_REVIEW_ONLY,2026-08-08,False,REDRAFT V1 - REVIEW,R2_FLEX_AWARE_REPLACEMENT
RESEARCH_ONLY_GOVERNANCE_PENDING,38,17,00-0023459,Aaron Rodgers,QB,PIT,225.0800,84.9000,140.1800,53.1800,LOW,11,preset:12_TEAM_SUPERFLEX_PPR,12-team Superflex PPR,GOVERNANCE_PENDING,MODEL_VALIDATED_REVIEW_ONLY,2026-08-08,False,REDRAFT V1 - REVIEW,R2_FLEX_AWARE_REPLACEMENT
RESEARCH_ONLY_GOVERNANCE_PENDING,39,18,00-0035710,Daniel Jones,QB,IND,224.4400,84.9000,139.5400,52.5400,LOW,11,preset:12_TEAM_SUPERFLEX_PPR,12-team Superflex PPR,GOVERNANCE_PENDING,MODEL_VALIDATED_REVIEW_ONLY,2026-08-08,False,REDRAFT V1 - REVIEW,R2_FLEX_AWARE_REPLACEMENT
RESEARCH_ONLY_GOVERNANCE_PENDING,40,14,00-0034844,Saquon Barkley,RB,PHI,230.3000,92.9000,137.4000,65.3800,LOW,11,preset:12_TEAM_SUPERFLEX_PPR,12-team Superflex PPR,GOVERNANCE_PENDING,MODEL_VALIDATED_REVIEW_ONLY,2026-08-08,False,REDRAFT V1 - REVIEW,R2_FLEX_AWARE_REPLACEMENT
RESEARCH_ONLY_GOVERNANCE_PENDING,41,15,00-0036275,D'Andre Swift,RB,CHI,228.6000,92.9000,135.7000,63.6800,LOW,11,preset:12_TEAM_SUPERFLEX_PPR,12-team Superflex PPR,GOVERNANCE_PENDING,MODEL_VALIDATED_REVIEW_ONLY,2026-08-08,False,REDRAFT V1 - REVIEW,R2_FLEX_AWARE_REPLACEMENT
RESEARCH_ONLY_GOVERNANCE_PENDING,42,19,00-0039150,Bryce Young,QB,CAR,216.0400,84.9000,131.1400,44.1400,LOW,11,preset:12_TEAM_SUPERFLEX_PPR,12-team Superflex PPR,GOVERNANCE_PENDING,MODEL_VALIDATED_REVIEW_ONLY,2026-08-08,False,REDRAFT V1 - REVIEW,R2_FLEX_AWARE_REPLACEMENT
RESEARCH_ONLY_GOVERNANCE_PENDING,43,8,00-0036554,Nico Collins,WR,HOU,224.2000,94.8000,129.4000,57.8000,LOW,11,preset:12_TEAM_SUPERFLEX_PPR,12-team Superflex PPR,GOVERNANCE_PENDING,MODEL_VALIDATED_REVIEW_ONLY,2026-08-08,False,REDRAFT V1 - REVIEW,R2_FLEX_AWARE_REPLACEMENT
RESEARCH_ONLY_GOVERNANCE_PENDING,44,16,00-0036919,Kenny Gainwell,RB,TB,221.3000,92.9000,128.4000,56.3800,LOW,11,preset:12_TEAM_SUPERFLEX_PPR,12-team Superflex PPR,GOVERNANCE_PENDING,MODEL_VALIDATED_REVIEW_ONLY,2026-08-08,False,REDRAFT V1 - REVIEW,R2_FLEX_AWARE_REPLACEMENT
RESEARCH_ONLY_GOVERNANCE_PENDING,45,9,00-0031381,Davante Adams,WR,LA,222.9000,94.8000,128.1000,56.5000,LOW,11,preset:12_TEAM_SUPERFLEX_PPR,12-team Superflex PPR,GOVERNANCE_PENDING,MODEL_VALIDATED_REVIEW_ONLY,2026-08-08,False,REDRAFT V1 - REVIEW,R2_FLEX_AWARE_REPLACEMENT
RESEARCH_ONLY_GOVERNANCE_PENDING,46,20,00-0034796,Lamar Jackson,QB,BAL,212.8600,84.9000,127.9600,40.9600,LOW,11,preset:12_TEAM_SUPERFLEX_PPR,12-team Superflex PPR,GOVERNANCE_PENDING,MODEL_VALIDATED_REVIEW_ONLY,2026-08-08,False,REDRAFT V1 - REVIEW,R2_FLEX_AWARE_REPLACEMENT
RESEARCH_ONLY_GOVERNANCE_PENDING,47,10,00-0038559,Michael Wilson,WR,AZ,220.6000,94.8000,125.8000,54.2000,LOW,11,preset:12_TEAM_SUPERFLEX_PPR,12-team Superflex PPR,GOVERNANCE_PENDING,MODEL_VALIDATED_REVIEW_ONLY,2026-08-08,False,REDRAFT V1 - REVIEW,R2_FLEX_AWARE_REPLACEMENT
RESEARCH_ONLY_GOVERNANCE_PENDING,48,11,00-0035676,A.J. Brown,WR,NE,220.3000,94.8000,125.5000,53.9000,LOW,11,preset:12_TEAM_SUPERFLEX_PPR,12-team Superflex PPR,GOVERNANCE_PENDING,MODEL_VALIDATED_REVIEW_ONLY,2026-08-08,False,REDRAFT V1 - REVIEW,R2_FLEX_AWARE_REPLACEMENT
RESEARCH_ONLY_GOVERNANCE_PENDING,49,12,00-0037240,Jameson Williams,WR,DET,219.9000,94.8000,125.1000,53.5000,LOW,11,preset:12_TEAM_SUPERFLEX_PPR,12-team Superflex PPR,GOVERNANCE_PENDING,MODEL_VALIDATED_REVIEW_ONLY,2026-08-08,False,REDRAFT V1 - REVIEW,R2_FLEX_AWARE_REPLACEMENT
RESEARCH_ONLY_GOVERNANCE_PENDING,50,17,00-0037228,Jaylen Warren,RB,PIT,217.1000,92.9000,124.2000,52.1800,LOW,11,preset:12_TEAM_SUPERFLEX_PPR,12-team Superflex PPR,GOVERNANCE_PENDING,MODEL_VALIDATED_REVIEW_ONLY,2026-08-08,False,REDRAFT V1 - REVIEW,R2_FLEX_AWARE_REPLACEMENT
RESEARCH_ONLY_GOVERNANCE_PENDING,51,21,00-0039163,C.J. Stroud,QB,HOU,208.5400,84.9000,123.6400,36.6400,LOW,11,preset:12_TEAM_SUPERFLEX_PPR,12-team Superflex PPR,GOVERNANCE_PENDING,MODEL_VALIDATED_REVIEW_ONLY,2026-08-08,False,REDRAFT V1 - REVIEW,R2_FLEX_AWARE_REPLACEMENT
RESEARCH_ONLY_GOVERNANCE_PENDING,52,18,00-0036139,Rico Dowdle,RB,PIT,216.3000,92.9000,123.4000,51.3800,LOW,11,preset:12_TEAM_SUPERFLEX_PPR,12-team Superflex PPR,GOVERNANCE_PENDING,MODEL_VALIDATED_REVIEW_ONLY,2026-08-08,False,REDRAFT V1 - REVIEW,R2_FLEX_AWARE_REPLACEMENT
RESEARCH_ONLY_GOVERNANCE_PENDING,53,13,00-0038117,Wan'Dale Robinson,WR,TEN,217.9000,94.8000,123.1000,51.5000,LOW,11,preset:12_TEAM_SUPERFLEX_PPR,12-team Superflex PPR,GOVERNANCE_PENDING,MODEL_VALIDATED_REVIEW_ONLY,2026-08-08,False,REDRAFT V1 - REVIEW,R2_FLEX_AWARE_REPLACEMENT
RESEARCH_ONLY_GOVERNANCE_PENDING,54,14,00-0034348,Courtland Sutton,WR,DEN,217.7000,94.8000,122.9000,51.3000,LOW,11,preset:12_TEAM_SUPERFLEX_PPR,12-team Superflex PPR,GOVERNANCE_PENDING,MODEL_VALIDATED_REVIEW_ONLY,2026-08-08,False,REDRAFT V1 - REVIEW,R2_FLEX_AWARE_REPLACEMENT
RESEARCH_ONLY_GOVERNANCE_PENDING,55,15,00-0040124,Tetairoa McMillan,WR,CAR,211.4000,94.8000,116.6000,45.0000,LOW,12,preset:12_TEAM_SUPERFLEX_PPR,12-team Superflex PPR,GOVERNANCE_PENDING,MODEL_VALIDATED_REVIEW_ONLY,2026-08-08,False,REDRAFT V1 - REVIEW,R2_FLEX_AWARE_REPLACEMENT
RESEARCH_ONLY_GOVERNANCE_PENDING,56,16,00-0036410,Tee Higgins,WR,CIN,209.6000,94.8000,114.8000,43.2000,LOW,12,preset:12_TEAM_SUPERFLEX_PPR,12-team Superflex PPR,GOVERNANCE_PENDING,MODEL_VALIDATED_REVIEW_ONLY,2026-08-08,False,REDRAFT V1 - REVIEW,R2_FLEX_AWARE_REPLACEMENT
RESEARCH_ONLY_GOVERNANCE_PENDING,57,19,00-0038120,Breece Hall,RB,NYJ,207.6600,92.9000,114.7600,42.7400,LOW,12,preset:12_TEAM_SUPERFLEX_PPR,12-team Superflex PPR,GOVERNANCE_PENDING,MODEL_VALIDATED_REVIEW_ONLY,2026-08-08,False,REDRAFT V1 - REVIEW,R2_FLEX_AWARE_REPLACEMENT
RESEARCH_ONLY_GOVERNANCE_PENDING,58,20,00-0040730,RJ Harvey,RB,DEN,206.6000,92.9000,113.7000,41.6800,LOW,12,preset:12_TEAM_SUPERFLEX_PPR,12-team Superflex PPR,GOVERNANCE_PENDING,MODEL_VALIDATED_REVIEW_ONLY,2026-08-08,False,REDRAFT V1 - REVIEW,R2_FLEX_AWARE_REPLACEMENT
RESEARCH_ONLY_GOVERNANCE_PENDING,59,21,00-0040734,TreVeyon Henderson,RB,NE,206.2000,92.9000,113.3000,41.2800,LOW,12,preset:12_TEAM_SUPERFLEX_PPR,12-team Superflex PPR,GOVERNANCE_PENDING,MODEL_VALIDATED_REVIEW_ONLY,2026-08-08,False,REDRAFT V1 - REVIEW,R2_FLEX_AWARE_REPLACEMENT
RESEARCH_ONLY_GOVERNANCE_PENDING,60,17,00-0036912,DeVonta Smith,WR,PHI,201.8000,94.8000,107.0000,35.4000,LOW,13,preset:12_TEAM_SUPERFLEX_PPR,12-team Superflex PPR,GOVERNANCE_PENDING,MODEL_VALIDATED_REVIEW_ONLY,2026-08-08,False,REDRAFT V1 - REVIEW,R2_FLEX_AWARE_REPLACEMENT
RESEARCH_ONLY_GOVERNANCE_PENDING,61,18,00-0036322,Justin Jefferson,WR,MIN,201.5000,94.8000,106.7000,35.1000,LOW,13,preset:12_TEAM_SUPERFLEX_PPR,12-team Superflex PPR,GOVERNANCE_PENDING,MODEL_VALIDATED_REVIEW_ONLY,2026-08-08,False,REDRAFT V1 - REVIEW,R2_FLEX_AWARE_REPLACEMENT
RESEARCH_ONLY_GOVERNANCE_PENDING,62,19,00-0036358,CeeDee Lamb,WR,DAL,200.9000,94.8000,106.1000,34.5000,LOW,13,preset:12_TEAM_SUPERFLEX_PPR,12-team Superflex PPR,GOVERNANCE_PENDING,MODEL_VALIDATED_REVIEW_ONLY,2026-08-08,False,REDRAFT V1 - REVIEW,R2_FLEX_AWARE_REPLACEMENT
RESEARCH_ONLY_GOVERNANCE_PENDING,63,20,00-0036252,Michael Pittman,WR,PIT,200.4000,94.8000,105.6000,34.0000,LOW,13,preset:12_TEAM_SUPERFLEX_PPR,12-team Superflex PPR,GOVERNANCE_PENDING,MODEL_VALIDATED_REVIEW_ONLY,2026-08-08,False,REDRAFT V1 - REVIEW,R2_FLEX_AWARE_REPLACEMENT
RESEARCH_ONLY_GOVERNANCE_PENDING,64,21,00-0037238,Drake London,WR,ATL,199.9000,94.8000,105.1000,33.5000,LOW,13,preset:12_TEAM_SUPERFLEX_PPR,12-team Superflex PPR,GOVERNANCE_PENDING,MODEL_VALIDATED_REVIEW_ONLY,2026-08-08,False,REDRAFT V1 - REVIEW,R2_FLEX_AWARE_REPLACEMENT
RESEARCH_ONLY_GOVERNANCE_PENDING,65,22,00-0040676,Cam Ward,QB,TEN,186.6600,84.9000,101.7600,14.7600,LOW,13,preset:12_TEAM_SUPERFLEX_PPR,12-team Superflex PPR,GOVERNANCE_PENDING,MODEL_VALIDATED_REVIEW_ONLY,2026-08-08,False,REDRAFT V1 - REVIEW,R2_FLEX_AWARE_REPLACEMENT
RESEARCH_ONLY_GOVERNANCE_PENDING,66,22,00-0036613,Jaylen Waddle,WR,DEN,194.1200,94.8000,99.3200,27.7200,LOW,13,preset:12_TEAM_SUPERFLEX_PPR,12-team Superflex PPR,GOVERNANCE_PENDING,MODEL_VALIDATED_REVIEW_ONLY,2026-08-08,False,REDRAFT V1 - REVIEW,R2_FLEX_AWARE_REPLACEMENT
RESEARCH_ONLY_GOVERNANCE_PENDING,67,22,00-0038134,Kenneth Walker III,RB,KC,191.9000,92.9000,99.0000,26.9800,LOW,13,preset:12_TEAM_SUPERFLEX_PPR,12-team Superflex PPR,GOVERNANCE_PENDING,MODEL_VALIDATED_REVIEW_ONLY,2026-08-08,False,REDRAFT V1 - REVIEW,R2_FLEX_AWARE_REPLACEMENT
RESEARCH_ONLY_GOVERNANCE_PENDING,68,23,00-0040129,Emeka Egbuka,WR,TB,193.7000,94.8000,98.9000,27.3000,LOW,13,preset:12_TEAM_SUPERFLEX_PPR,12-team Superflex PPR,GOVERNANCE_PENDING,MODEL_VALIDATED_REVIEW_ONLY,2026-08-08,False,REDRAFT V1 - REVIEW,R2_FLEX_AWARE_REPLACEMENT
RESEARCH_ONLY_GOVERNANCE_PENDING,69,2,00-0036970,Kyle Pitts,TE,ATL,210.8000,112.8000,98.0000,45.7000,MEDIUM,13,preset:12_TEAM_SUPERFLEX_PPR,12-team Superflex PPR,GOVERNANCE_PENDING,MODEL_VALIDATED_REVIEW_ONLY,2026-08-08,False,REDRAFT V1 - REVIEW,R2_FLEX_AWARE_REPLACEMENT
RESEARCH_ONLY_GOVERNANCE_PENDING,70,23,00-0035261,Tony Pollard,RB,TEN,185.8000,92.9000,92.9000,20.8800,LOW,14,preset:12_TEAM_SUPERFLEX_PPR,12-team Superflex PPR,GOVERNANCE_PENDING,MODEL_VALIDATED_REVIEW_ONLY,2026-08-08,False,REDRAFT V1 - REVIEW,R2_FLEX_AWARE_REPLACEMENT
RESEARCH_ONLY_GOVERNANCE_PENDING,71,24,00-0035640,DK Metcalf,WR,PIT,187.2000,94.8000,92.4000,20.8000,LOW,14,preset:12_TEAM_SUPERFLEX_PPR,12-team Superflex PPR,GOVERNANCE_PENDING,MODEL_VALIDATED_REVIEW_ONLY,2026-08-08,False,REDRAFT V1 - REVIEW,R2_FLEX_AWARE_REPLACEMENT
RESEARCH_ONLY_GOVERNANCE_PENDING,72,23,00-0037834,Brock Purdy,QB,SF,175.3800,84.9000,90.4800,3.4800,LOW,14,preset:12_TEAM_SUPERFLEX_PPR,12-team Superflex PPR,GOVERNANCE_PENDING,MODEL_VALIDATED_REVIEW_ONLY,2026-08-08,False,REDRAFT V1 - REVIEW,R2_FLEX_AWARE_REPLACEMENT
RESEARCH_ONLY_GOVERNANCE_PENDING,73,25,00-0038606,Parker Washington,WR,JAX,184.7000,94.8000,89.9000,18.3000,LOW,14,preset:12_TEAM_SUPERFLEX_PPR,12-team Superflex PPR,GOVERNANCE_PENDING,MODEL_VALIDATED_REVIEW_ONLY,2026-08-08,False,REDRAFT V1 - REVIEW,R2_FLEX_AWARE_REPLACEMENT
RESEARCH_ONLY_GOVERNANCE_PENDING,74,26,00-0037664,Alec Pierce,WR,IND,183.3000,94.8000,88.5000,16.9000,LOW,14,preset:12_TEAM_SUPERFLEX_PPR,12-team Superflex PPR,GOVERNANCE_PENDING,MODEL_VALIDATED_REVIEW_ONLY,2026-08-08,False,REDRAFT V1 - REVIEW,R2_FLEX_AWARE_REPLACEMENT
RESEARCH_ONLY_GOVERNANCE_PENDING,75,24,00-0030565,Geno Smith,QB,NYJ,171.9000,84.9000,87.0000,0.0000,LOW,14,preset:12_TEAM_SUPERFLEX_PPR,12-team Superflex PPR,GOVERNANCE_PENDING,MODEL_VALIDATED_REVIEW_ONLY,2026-08-08,False,REDRAFT V1 - REVIEW,R2_FLEX_AWARE_REPLACEMENT
RESEARCH_ONLY_GOVERNANCE_PENDING,76,24,00-0039165,Zach Charbonnet,RB,SEA,179.4000,92.9000,86.5000,14.4800,LOW,14,preset:12_TEAM_SUPERFLEX_PPR,12-team Superflex PPR,GOVERNANCE_PENDING,MODEL_VALIDATED_REVIEW_ONLY,2026-08-08,False,REDRAFT V1 - REVIEW,R2_FLEX_AWARE_REPLACEMENT
RESEARCH_ONLY_GOVERNANCE_PENDING,77,27,00-0039915,Ladd McConkey,WR,LAC,180.9000,94.8000,86.1000,14.5000,LOW,14,preset:12_TEAM_SUPERFLEX_PPR,12-team Superflex PPR,GOVERNANCE_PENDING,MODEL_VALIDATED_REVIEW_ONLY,2026-08-08,False,REDRAFT V1 - REVIEW,R2_FLEX_AWARE_REPLACEMENT
RESEARCH_ONLY_GOVERNANCE_PENDING,78,25,00-0036875,Rhamondre Stevenson,RB,NE,174.8000,92.9000,81.9000,9.8800,LOW,14,preset:12_TEAM_SUPERFLEX_PPR,12-team Superflex PPR,GOVERNANCE_PENDING,MODEL_VALIDATED_REVIEW_ONLY,2026-08-08,False,REDRAFT V1 - REVIEW,R2_FLEX_AWARE_REPLACEMENT
RESEARCH_ONLY_GOVERNANCE_PENDING,79,28,00-0034960,Jakobi Meyers,WR,JAX,175.8000,94.8000,81.0000,9.4000,LOW,14,preset:12_TEAM_SUPERFLEX_PPR,12-team Superflex PPR,GOVERNANCE_PENDING,MODEL_VALIDATED_REVIEW_ONLY,2026-08-08,False,REDRAFT V1 - REVIEW,R2_FLEX_AWARE_REPLACEMENT
RESEARCH_ONLY_GOVERNANCE_PENDING,80,3,00-0030506,Travis Kelce,TE,KC,191.2000,112.8000,78.4000,26.1000,LOW,14,preset:12_TEAM_SUPERFLEX_PPR,12-team Superflex PPR,GOVERNANCE_PENDING,MODEL_VALIDATED_REVIEW_ONLY,2026-08-08,False,REDRAFT V1 - REVIEW,R2_FLEX_AWARE_REPLACEMENT
RESEARCH_ONLY_GOVERNANCE_PENDING,81,29,00-0036259,Jauan Jennings,WR,MIN,171.3000,94.8000,76.5000,4.9000,LOW,14,preset:12_TEAM_SUPERFLEX_PPR,12-team Superflex PPR,GOVERNANCE_PENDING,MODEL_VALIDATED_REVIEW_ONLY,2026-08-08,False,REDRAFT V1 - REVIEW,R2_FLEX_AWARE_REPLACEMENT
RESEARCH_ONLY_GOVERNANCE_PENDING,82,30,00-0038544,Quentin Johnston,WR,LAC,171.2000,94.8000,76.4000,4.8000,LOW,14,preset:12_TEAM_SUPERFLEX_PPR,12-team Superflex PPR,GOVERNANCE_PENDING,MODEL_VALIDATED_REVIEW_ONLY,2026-08-08,False,REDRAFT V1 - REVIEW,R2_FLEX_AWARE_REPLACEMENT
RESEARCH_ONLY_GOVERNANCE_PENDING,83,31,00-0039868,Troy Franklin,WR,DEN,171.1000,94.8000,76.3000,4.7000,LOW,14,preset:12_TEAM_SUPERFLEX_PPR,12-team Superflex PPR,GOVERNANCE_PENDING,MODEL_VALIDATED_REVIEW_ONLY,2026-08-08,False,REDRAFT V1 - REVIEW,R2_FLEX_AWARE_REPLACEMENT
RESEARCH_ONLY_GOVERNANCE_PENDING,84,4,00-0040128,Tyler Warren,TE,IND,188.5000,112.8000,75.7000,23.4000,LOW,14,preset:12_TEAM_SUPERFLEX_PPR,12-team Superflex PPR,GOVERNANCE_PENDING,MODEL_VALIDATED_REVIEW_ONLY,2026-08-08,False,REDRAFT V1 - REVIEW,R2_FLEX_AWARE_REPLACEMENT
RESEARCH_ONLY_GOVERNANCE_PENDING,85,32,00-0034827,DJ Moore,WR,BUF,170.1800,94.8000,75.3800,3.7800,LOW,14,preset:12_TEAM_SUPERFLEX_PPR,12-team Superflex PPR,GOVERNANCE_PENDING,MODEL_VALIDATED_REVIEW_ONLY,2026-08-08,False,REDRAFT V1 - REVIEW,R2_FLEX_AWARE_REPLACEMENT
RESEARCH_ONLY_GOVERNANCE_PENDING,86,26,00-0040784,Quinshon Judkins,RB,CLE,167.8000,92.9000,74.9000,2.8800,LOW,14,preset:12_TEAM_SUPERFLEX_PPR,12-team Superflex PPR,GOVERNANCE_PENDING,MODEL_VALIDATED_REVIEW_ONLY,2026-08-08,False,REDRAFT V1 - REVIEW,R2_FLEX_AWARE_REPLACEMENT
RESEARCH_ONLY_GOVERNANCE_PENDING,87,25,00-0036212,Tua Tagovailoa,QB,ATL,158.7000,84.9000,73.8000,-13.2000,LOW,14,preset:12_TEAM_SUPERFLEX_PPR,12-team Superflex PPR,GOVERNANCE_PENDING,MODEL_VALIDATED_REVIEW_ONLY,2026-08-08,False,REDRAFT V1 - REVIEW,R2_FLEX_AWARE_REPLACEMENT
RESEARCH_ONLY_GOVERNANCE_PENDING,88,5,00-0040663,Harold Fannin Jr.,TE,CLE,186.4000,112.8000,73.6000,21.3000,LOW,14,preset:12_TEAM_SUPERFLEX_PPR,12-team Superflex PPR,GOVERNANCE_PENDING,MODEL_VALIDATED_REVIEW_ONLY,2026-08-08,False,REDRAFT V1 - REVIEW,R2_FLEX_AWARE_REPLACEMENT
RESEARCH_ONLY_GOVERNANCE_PENDING,89,6,00-0038041,Jake Ferguson,TE,DAL,186.1000,112.8000,73.3000,21.0000,LOW,14,preset:12_TEAM_SUPERFLEX_PPR,12-team Superflex PPR,GOVERNANCE_PENDING,MODEL_VALIDATED_REVIEW_ONLY,2026-08-08,False,REDRAFT V1 - REVIEW,R2_FLEX_AWARE_REPLACEMENT
RESEARCH_ONLY_GOVERNANCE_PENDING,90,7,00-0034351,Dallas Goedert,TE,PHI,185.1000,112.8000,72.3000,20.0000,LOW,14,preset:12_TEAM_SUPERFLEX_PPR,12-team Superflex PPR,GOVERNANCE_PENDING,MODEL_VALIDATED_REVIEW_ONLY,2026-08-08,False,REDRAFT V1 - REVIEW,R2_FLEX_AWARE_REPLACEMENT
RESEARCH_ONLY_GOVERNANCE_PENDING,91,27,00-0035685,David Montgomery,RB,HOU,164.9200,92.9000,72.0200,0.0000,LOW,14,preset:12_TEAM_SUPERFLEX_PPR,12-team Superflex PPR,GOVERNANCE_PENDING,MODEL_VALIDATED_REVIEW_ONLY,2026-08-08,False,REDRAFT V1 - REVIEW,R2_FLEX_AWARE_REPLACEMENT
RESEARCH_ONLY_GOVERNANCE_PENDING,92,33,00-0037261,Khalil Shakir,WR,BUF,166.4000,94.8000,71.6000,0.0000,LOW,14,preset:12_TEAM_SUPERFLEX_PPR,12-team Superflex PPR,GOVERNANCE_PENDING,MODEL_VALIDATED_REVIEW_ONLY,2026-08-08,False,REDRAFT V1 - REVIEW,R2_FLEX_AWARE_REPLACEMENT
RESEARCH_ONLY_GOVERNANCE_PENDING,93,26,00-0040743,Tyler Shough,QB,NO,155.9600,84.9000,71.0600,-15.9400,LOW,14,preset:12_TEAM_SUPERFLEX_PPR,12-team Superflex PPR,GOVERNANCE_PENDING,MODEL_VALIDATED_REVIEW_ONLY,2026-08-08,False,REDRAFT V1 - REVIEW,R2_FLEX_AWARE_REPLACEMENT
RESEARCH_ONLY_GOVERNANCE_PENDING,94,34,00-0037816,Romeo Doubs,WR,NE,163.4000,94.8000,68.6000,-3.0000,LOW,14,preset:12_TEAM_SUPERFLEX_PPR,12-team Superflex PPR,GOVERNANCE_PENDING,MODEL_VALIDATED_REVIEW_ONLY,2026-08-08,False,REDRAFT V1 - REVIEW,R2_FLEX_AWARE_REPLACEMENT
RESEARCH_ONLY_GOVERNANCE_PENDING,95,28,00-0039384,Tyrone Tracy Jr.,RB,NYG,160.8000,92.9000,67.9000,-4.1200,LOW,14,preset:12_TEAM_SUPERFLEX_PPR,12-team Superflex PPR,GOVERNANCE_PENDING,MODEL_VALIDATED_REVIEW_ONLY,2026-08-08,False,REDRAFT V1 - REVIEW,R2_FLEX_AWARE_REPLACEMENT
RESEARCH_ONLY_GOVERNANCE_PENDING,96,8,00-0036040,Juwan Johnson,TE,NO,179.9000,112.8000,67.1000,14.8000,LOW,14,preset:12_TEAM_SUPERFLEX_PPR,12-team Superflex PPR,GOVERNANCE_PENDING,MODEL_VALIDATED_REVIEW_ONLY,2026-08-08,False,REDRAFT V1 - REVIEW,R2_FLEX_AWARE_REPLACEMENT
RESEARCH_ONLY_GOVERNANCE_PENDING,97,35,00-0038563,Tre Tucker,WR,LV,161.7000,94.8000,66.9000,-4.7000,LOW,14,preset:12_TEAM_SUPERFLEX_PPR,12-team Superflex PPR,GOVERNANCE_PENDING,MODEL_VALIDATED_REVIEW_ONLY,2026-08-08,False,REDRAFT V1 - REVIEW,R2_FLEX_AWARE_REPLACEMENT
RESEARCH_ONLY_GOVERNANCE_PENDING,98,9,00-0033090,Hunter Henry,TE,NE,178.8000,112.8000,66.0000,13.7000,LOW,14,preset:12_TEAM_SUPERFLEX_PPR,12-team Superflex PPR,GOVERNANCE_PENDING,MODEL_VALIDATED_REVIEW_ONLY,2026-08-08,False,REDRAFT V1 - REVIEW,R2_FLEX_AWARE_REPLACEMENT
RESEARCH_ONLY_GOVERNANCE_PENDING,99,10,00-0034383,Dalton Schultz,TE,HOU,177.7000,112.8000,64.9000,12.6000,LOW,14,preset:12_TEAM_SUPERFLEX_PPR,12-team Superflex PPR,GOVERNANCE_PENDING,MODEL_VALIDATED_REVIEW_ONLY,2026-08-08,False,REDRAFT V1 - REVIEW,R2_FLEX_AWARE_REPLACEMENT
RESEARCH_ONLY_GOVERNANCE_PENDING,100,36,00-0037545,Rashid Shaheed,WR,SEA,156.6000,94.8000,61.8000,-9.8000,LOW,14,preset:12_TEAM_SUPERFLEX_PPR,12-team Superflex PPR,GOVERNANCE_PENDING,MODEL_VALIDATED_REVIEW_ONLY,2026-08-08,False,REDRAFT V1 - REVIEW,R2_FLEX_AWARE_REPLACEMENT
RESEARCH_ONLY_GOVERNANCE_PENDING,101,11,00-0039338,Brock Bowers,TE,LV,174.2000,112.8000,61.4000,9.1000,LOW,14,preset:12_TEAM_SUPERFLEX_PPR,12-team Superflex PPR,GOVERNANCE_PENDING,MODEL_VALIDATED_REVIEW_ONLY,2026-08-08,False,REDRAFT V1 - REVIEW,R2_FLEX_AWARE_REPLACEMENT
RESEARCH_ONLY_GOVERNANCE_PENDING,102,27,00-0026158,Joe Flacco,QB,CIN,142.6600,84.9000,57.7600,-29.2400,LOW,14,preset:12_TEAM_SUPERFLEX_PPR,12-team Superflex PPR,GOVERNANCE_PENDING,MODEL_VALIDATED_REVIEW_ONLY,2026-08-08,False,REDRAFT V1 - REVIEW,R2_FLEX_AWARE_REPLACEMENT
RESEARCH_ONLY_GOVERNANCE_PENDING,103,37,00-0039067,Rashee Rice,WR,KC,148.1000,94.8000,53.3000,-18.3000,LOW,14,preset:12_TEAM_SUPERFLEX_PPR,12-team Superflex PPR,GOVERNANCE_PENDING,MODEL_VALIDATED_REVIEW_ONLY,2026-08-08,False,REDRAFT V1 - REVIEW,R2_FLEX_AWARE_REPLACEMENT
RESEARCH_ONLY_GOVERNANCE_PENDING,104,12,00-0040126,Colston Loveland,TE,CHI,165.1000,112.8000,52.3000,0.0000,LOW,14,preset:12_TEAM_SUPERFLEX_PPR,12-team Superflex PPR,GOVERNANCE_PENDING,MODEL_VALIDATED_REVIEW_ONLY,2026-08-08,False,REDRAFT V1 - REVIEW,R2_FLEX_AWARE_REPLACEMENT
RESEARCH_ONLY_GOVERNANCE_PENDING,105,29,00-0040583,Woody Marks,RB,HOU,145.1000,92.9000,52.2000,-19.8200,LOW,14,preset:12_TEAM_SUPERFLEX_PPR,12-team Superflex PPR,GOVERNANCE_PENDING,MODEL_VALIDATED_REVIEW_ONLY,2026-08-08,False,REDRAFT V1 - REVIEW,R2_FLEX_AWARE_REPLACEMENT
RESEARCH_ONLY_GOVERNANCE_PENDING,106,38,00-0039919,Rome Odunze,WR,CHI,146.1000,94.8000,51.3000,-20.3000,LOW,14,preset:12_TEAM_SUPERFLEX_PPR,12-team Superflex PPR,GOVERNANCE_PENDING,MODEL_VALIDATED_REVIEW_ONLY,2026-08-08,False,REDRAFT V1 - REVIEW,R2_FLEX_AWARE_REPLACEMENT
RESEARCH_ONLY_GOVERNANCE_PENDING,107,30,00-0037256,Rachaad White,RB,WAS,143.0000,92.9000,50.1000,-21.9200,LOW,14,preset:12_TEAM_SUPERFLEX_PPR,12-team Superflex PPR,GOVERNANCE_PENDING,MODEL_VALIDATED_REVIEW_ONLY,2026-08-08,False,REDRAFT V1 - REVIEW,R2_FLEX_AWARE_REPLACEMENT
RESEARCH_ONLY_GOVERNANCE_PENDING,108,31,00-0040236,Kyle Monangai,RB,CHI,142.7000,92.9000,49.8000,-22.2200,LOW,14,preset:12_TEAM_SUPERFLEX_PPR,12-team Superflex PPR,GOVERNANCE_PENDING,MODEL_VALIDATED_REVIEW_ONLY,2026-08-08,False,REDRAFT V1 - REVIEW,R2_FLEX_AWARE_REPLACEMENT
RESEARCH_ONLY_GOVERNANCE_PENDING,109,28,00-0036442,Joe Burrow,QB,CIN,134.4600,84.9000,49.5600,-37.4400,LOW,14,preset:12_TEAM_SUPERFLEX_PPR,12-team Superflex PPR,GOVERNANCE_PENDING,MODEL_VALIDATED_REVIEW_ONLY,2026-08-08,False,REDRAFT V1 - REVIEW,R2_FLEX_AWARE_REPLACEMENT
RESEARCH_ONLY_GOVERNANCE_PENDING,110,13,00-0033288,George Kittle,TE,SF,161.5000,112.8000,48.7000,-3.6000,LOW,14,preset:12_TEAM_SUPERFLEX_PPR,12-team Superflex PPR,GOVERNANCE_PENDING,MODEL_VALIDATED_REVIEW_ONLY,2026-08-08,False,REDRAFT V1 - REVIEW,R2_FLEX_AWARE_REPLACEMENT
RESEARCH_ONLY_GOVERNANCE_PENDING,111,29,00-0036945,Justin Fields,QB,KC,132.6600,84.9000,47.7600,-39.2400,LOW,14,preset:12_TEAM_SUPERFLEX_PPR,12-team Superflex PPR,GOVERNANCE_PENDING,MODEL_VALIDATED_REVIEW_ONLY,2026-08-08,False,REDRAFT V1 - REVIEW,R2_FLEX_AWARE_REPLACEMENT
RESEARCH_ONLY_GOVERNANCE_PENDING,112,32,00-0040242,Jacory Croskey-Merritt,RB,WAS,140.3000,92.9000,47.4000,-24.6200,LOW,14,preset:12_TEAM_SUPERFLEX_PPR,12-team Superflex PPR,GOVERNANCE_PENDING,MODEL_VALIDATED_REVIEW_ONLY,2026-08-08,False,REDRAFT V1 - REVIEW,R2_FLEX_AWARE_REPLACEMENT
RESEARCH_ONLY_GOVERNANCE_PENDING,113,33,00-0039361,Bucky Irving,RB,TB,138.5000,92.9000,45.6000,-26.4200,LOW,14,preset:12_TEAM_SUPERFLEX_PPR,12-team Superflex PPR,GOVERNANCE_PENDING,MODEL_VALIDATED_REVIEW_ONLY,2026-08-08,False,REDRAFT V1 - REVIEW,R2_FLEX_AWARE_REPLACEMENT
RESEARCH_ONLY_GOVERNANCE_PENDING,114,39,00-0039893,Brian Thomas Jr.,WR,JAX,138.8000,94.8000,44.0000,-27.6000,LOW,14,preset:12_TEAM_SUPERFLEX_PPR,12-team Superflex PPR,GOVERNANCE_PENDING,MODEL_VALIDATED_REVIEW_ONLY,2026-08-08,False,REDRAFT V1 - REVIEW,R2_FLEX_AWARE_REPLACEMENT
RESEARCH_ONLY_GOVERNANCE_PENDING,115,30,00-0036972,Mac Jones,QB,SF,128.0400,84.9000,43.1400,-43.8600,LOW,14,preset:12_TEAM_SUPERFLEX_PPR,12-team Superflex PPR,GOVERNANCE_PENDING,MODEL_VALIDATED_REVIEW_ONLY,2026-08-08,False,REDRAFT V1 - REVIEW,R2_FLEX_AWARE_REPLACEMENT
RESEARCH_ONLY_GOVERNANCE_PENDING,116,40,00-0035662,Marquise Brown,WR,PHI,137.7000,94.8000,42.9000,-28.7000,LOW,14,preset:12_TEAM_SUPERFLEX_PPR,12-team Superflex PPR,GOVERNANCE_PENDING,MODEL_VALIDATED_REVIEW_ONLY,2026-08-08,False,REDRAFT V1 - REVIEW,R2_FLEX_AWARE_REPLACEMENT
RESEARCH_ONLY_GOVERNANCE_PENDING,117,34,00-0040666,Omarion Hampton,RB,LAC,135.7000,92.9000,42.8000,-29.2200,LOW,14,preset:12_TEAM_SUPERFLEX_PPR,12-team Superflex PPR,GOVERNANCE_PENDING,MODEL_VALIDATED_REVIEW_ONLY,2026-08-08,False,REDRAFT V1 - REVIEW,R2_FLEX_AWARE_REPLACEMENT
RESEARCH_ONLY_GOVERNANCE_PENDING,118,41,00-0038997,Josh Downs,WR,IND,136.4000,94.8000,41.6000,-30.0000,LOW,14,preset:12_TEAM_SUPERFLEX_PPR,12-team Superflex PPR,GOVERNANCE_PENDING,MODEL_VALIDATED_REVIEW_ONLY,2026-08-08,False,REDRAFT V1 - REVIEW,R2_FLEX_AWARE_REPLACEMENT
RESEARCH_ONLY_GOVERNANCE_PENDING,119,42,00-0038994,Jordan Addison,WR,MIN,135.1000,94.8000,40.3000,-31.3000,LOW,14,preset:12_TEAM_SUPERFLEX_PPR,12-team Superflex PPR,GOVERNANCE_PENDING,MODEL_VALIDATED_REVIEW_ONLY,2026-08-08,False,REDRAFT V1 - REVIEW,R2_FLEX_AWARE_REPLACEMENT
RESEARCH_ONLY_GOVERNANCE_PENDING,120,31,00-0032268,Marcus Mariota,QB,WAS,123.5000,84.9000,38.6000,-48.4000,LOW,14,preset:12_TEAM_SUPERFLEX_PPR,12-team Superflex PPR,GOVERNANCE_PENDING,MODEL_VALIDATED_REVIEW_ONLY,2026-08-08,False,REDRAFT V1 - REVIEW,R2_FLEX_AWARE_REPLACEMENT
RESEARCH_ONLY_GOVERNANCE_PENDING,121,32,00-0039923,J.J. McCarthy,QB,MIN,123.3800,84.9000,38.4800,-48.5200,LOW,14,preset:12_TEAM_SUPERFLEX_PPR,12-team Superflex PPR,GOVERNANCE_PENDING,MODEL_VALIDATED_REVIEW_ONLY,2026-08-08,False,REDRAFT V1 - REVIEW,R2_FLEX_AWARE_REPLACEMENT
RESEARCH_ONLY_GOVERNANCE_PENDING,122,43,00-0038124,Christian Watson,WR,GB,132.4000,94.8000,37.6000,-34.0000,LOW,14,preset:12_TEAM_SUPERFLEX_PPR,12-team Superflex PPR,GOVERNANCE_PENDING,MODEL_VALIDATED_REVIEW_ONLY,2026-08-08,False,REDRAFT V1 - REVIEW,R2_FLEX_AWARE_REPLACEMENT
RESEARCH_ONLY_GOVERNANCE_PENDING,123,35,00-0037525,Jordan Mason,RB,MIN,128.9000,92.9000,36.0000,-36.0200,LOW,14,preset:12_TEAM_SUPERFLEX_PPR,12-team Superflex PPR,GOVERNANCE_PENDING,MODEL_VALIDATED_REVIEW_ONLY,2026-08-08,False,REDRAFT V1 - REVIEW,R2_FLEX_AWARE_REPLACEMENT
RESEARCH_ONLY_GOVERNANCE_PENDING,124,44,00-0040130,Jayden Higgins,WR,HOU,129.5000,94.8000,34.7000,-36.9000,LOW,14,preset:12_TEAM_SUPERFLEX_PPR,12-team Superflex PPR,GOVERNANCE_PENDING,MODEL_VALIDATED_REVIEW_ONLY,2026-08-08,False,REDRAFT V1 - REVIEW,R2_FLEX_AWARE_REPLACEMENT
RESEARCH_ONLY_GOVERNANCE_PENDING,125,14,00-0039793,AJ Barner,TE,SEA,147.3000,112.8000,34.5000,-17.8000,LOW,14,preset:12_TEAM_SUPERFLEX_PPR,12-team Superflex PPR,GOVERNANCE_PENDING,MODEL_VALIDATED_REVIEW_ONLY,2026-08-08,False,REDRAFT V1 - REVIEW,R2_FLEX_AWARE_REPLACEMENT
RESEARCH_ONLY_GOVERNANCE_PENDING,126,33,00-0039917,Michael Penix Jr.,QB,ATL,118.2800,84.9000,33.3800,-53.6200,LOW,14,preset:12_TEAM_SUPERFLEX_PPR,12-team Superflex PPR,GOVERNANCE_PENDING,MODEL_VALIDATED_REVIEW_ONLY,2026-08-08,False,REDRAFT V1 - REVIEW,R2_FLEX_AWARE_REPLACEMENT
RESEARCH_ONLY_GOVERNANCE_PENDING,127,45,00-0040735,Luther Burden III,WR,CHI,127.9000,94.8000,33.1000,-38.5000,LOW,14,preset:12_TEAM_SUPERFLEX_PPR,12-team Superflex PPR,GOVERNANCE_PENDING,MODEL_VALIDATED_REVIEW_ONLY,2026-08-08,False,REDRAFT V1 - REVIEW,R2_FLEX_AWARE_REPLACEMENT
RESEARCH_ONLY_GOVERNANCE_PENDING,128,36,00-0040715,Cam Skattebo,RB,NYG,125.7000,92.9000,32.8000,-39.2200,LOW,14,preset:12_TEAM_SUPERFLEX_PPR,12-team Superflex PPR,GOVERNANCE_PENDING,MODEL_VALIDATED_REVIEW_ONLY,2026-08-08,False,REDRAFT V1 - REVIEW,R2_FLEX_AWARE_REPLACEMENT
RESEARCH_ONLY_GOVERNANCE_PENDING,129,37,00-0036555,Chuba Hubbard,RB,CAR,125.4000,92.9000,32.5000,-39.5200,LOW,14,preset:12_TEAM_SUPERFLEX_PPR,12-team Superflex PPR,GOVERNANCE_PENDING,MODEL_VALIDATED_REVIEW_ONLY,2026-08-08,False,REDRAFT V1 - REVIEW,R2_FLEX_AWARE_REPLACEMENT
RESEARCH_ONLY_GOVERNANCE_PENDING,130,46,00-0040705,Chimere Dike,WR,TEN,126.1000,94.8000,31.3000,-40.3000,LOW,14,preset:12_TEAM_SUPERFLEX_PPR,12-team Superflex PPR,GOVERNANCE_PENDING,MODEL_VALIDATED_REVIEW_ONLY,2026-08-08,False,REDRAFT V1 - REVIEW,R2_FLEX_AWARE_REPLACEMENT
RESEARCH_ONLY_GOVERNANCE_PENDING,131,47,00-0039849,Marvin Harrison Jr.,WR,AZ,125.8000,94.8000,31.0000,-40.6000,LOW,14,preset:12_TEAM_SUPERFLEX_PPR,12-team Superflex PPR,GOVERNANCE_PENDING,MODEL_VALIDATED_REVIEW_ONLY,2026-08-08,False,REDRAFT V1 - REVIEW,R2_FLEX_AWARE_REPLACEMENT
RESEARCH_ONLY_GOVERNANCE_PENDING,132,38,00-0037263,Tyler Allgeier,RB,AZ,123.0000,92.9000,30.1000,-41.9200,LOW,14,preset:12_TEAM_SUPERFLEX_PPR,12-team Superflex PPR,GOVERNANCE_PENDING,MODEL_VALIDATED_REVIEW_ONLY,2026-08-08,False,REDRAFT V1 - REVIEW,R2_FLEX_AWARE_REPLACEMENT
RESEARCH_ONLY_GOVERNANCE_PENDING,133,48,00-0038608,Kayshon Boutte,WR,NE,124.1000,94.8000,29.3000,-42.3000,LOW,14,preset:12_TEAM_SUPERFLEX_PPR,12-team Superflex PPR,GOVERNANCE_PENDING,MODEL_VALIDATED_REVIEW_ONLY,2026-08-08,False,REDRAFT V1 - REVIEW,R2_FLEX_AWARE_REPLACEMENT
RESEARCH_ONLY_GOVERNANCE_PENDING,134,39,00-0039738,Blake Corum,RB,LA,122.2000,92.9000,29.3000,-42.7200,LOW,14,preset:12_TEAM_SUPERFLEX_PPR,12-team Superflex PPR,GOVERNANCE_PENDING,MODEL_VALIDATED_REVIEW_ONLY,2026-08-08,False,REDRAFT V1 - REVIEW,R2_FLEX_AWARE_REPLACEMENT
RESEARCH_ONLY_GOVERNANCE_PENDING,135,34,00-0039910,Jayden Daniels,QB,WAS,112.2800,84.9000,27.3800,-59.6200,LOW,14,preset:12_TEAM_SUPERFLEX_PPR,12-team Superflex PPR,GOVERNANCE_PENDING,MODEL_VALIDATED_REVIEW_ONLY,2026-08-08,False,REDRAFT V1 - REVIEW,R2_FLEX_AWARE_REPLACEMENT
RESEARCH_ONLY_GOVERNANCE_PENDING,136,49,00-0036407,Jerry Jeudy,WR,CLE,120.7000,94.8000,25.9000,-45.7000,LOW,14,preset:12_TEAM_SUPERFLEX_PPR,12-team Superflex PPR,GOVERNANCE_PENDING,MODEL_VALIDATED_REVIEW_ONLY,2026-08-08,False,REDRAFT V1 - REVIEW,R2_FLEX_AWARE_REPLACEMENT
RESEARCH_ONLY_GOVERNANCE_PENDING,137,40,00-0033293,Aaron Jones,RB,MIN,118.7000,92.9000,25.8000,-46.2200,LOW,14,preset:12_TEAM_SUPERFLEX_PPR,12-team Superflex PPR,GOVERNANCE_PENDING,MODEL_VALIDATED_REVIEW_ONLY,2026-08-08,False,REDRAFT V1 - REVIEW,R2_FLEX_AWARE_REPLACEMENT
RESEARCH_ONLY_GOVERNANCE_PENDING,138,41,00-0039391,Kimani Vidal,RB,LAC,117.9000,92.9000,25.0000,-47.0200,LOW,14,preset:12_TEAM_SUPERFLEX_PPR,12-team Superflex PPR,GOVERNANCE_PENDING,MODEL_VALIDATED_REVIEW_ONLY,2026-08-08,False,REDRAFT V1 - REVIEW,R2_FLEX_AWARE_REPLACEMENT
RESEARCH_ONLY_GOVERNANCE_PENDING,139,42,00-0036158,J.K. Dobbins,RB,DEN,115.9000,92.9000,23.0000,-49.0200,LOW,14,preset:12_TEAM_SUPERFLEX_PPR,12-team Superflex PPR,GOVERNANCE_PENDING,MODEL_VALIDATED_REVIEW_ONLY,2026-08-08,False,REDRAFT V1 - REVIEW,R2_FLEX_AWARE_REPLACEMENT
RESEARCH_ONLY_GOVERNANCE_PENDING,140,50,00-0039880,Malik Washington,WR,MIA,116.7000,94.8000,21.9000,-49.7000,LOW,14,preset:12_TEAM_SUPERFLEX_PPR,12-team Superflex PPR,GOVERNANCE_PENDING,MODEL_VALIDATED_REVIEW_ONLY,2026-08-08,False,REDRAFT V1 - REVIEW,R2_FLEX_AWARE_REPLACEMENT
RESEARCH_ONLY_GOVERNANCE_PENDING,141,51,00-0040170,Elic Ayomanor,WR,TEN,116.5000,94.8000,21.7000,-49.9000,LOW,14,preset:12_TEAM_SUPERFLEX_PPR,12-team Superflex PPR,GOVERNANCE_PENDING,MODEL_VALIDATED_REVIEW_ONLY,2026-08-08,False,REDRAFT V1 - REVIEW,R2_FLEX_AWARE_REPLACEMENT
RESEARCH_ONLY_GOVERNANCE_PENDING,142,52,00-0033908,Cooper Kupp,WR,SEA,114.3000,94.8000,19.5000,-52.1000,LOW,14,preset:12_TEAM_SUPERFLEX_PPR,12-team Superflex PPR,GOVERNANCE_PENDING,MODEL_VALIDATED_REVIEW_ONLY,2026-08-08,False,REDRAFT V1 - REVIEW,R2_FLEX_AWARE_REPLACEMENT
RESEARCH_ONLY_GOVERNANCE_PENDING,143,53,00-0035659,Terry McLaurin,WR,WAS,114.2000,94.8000,19.4000,-52.2000,LOW,14,preset:12_TEAM_SUPERFLEX_PPR,12-team Superflex PPR,GOVERNANCE_PENDING,MODEL_VALIDATED_REVIEW_ONLY,2026-08-08,False,REDRAFT V1 - REVIEW,R2_FLEX_AWARE_REPLACEMENT
RESEARCH_ONLY_GOVERNANCE_PENDING,144,54,00-0039410,Ryan Flournoy,WR,DAL,114.0000,94.8000,19.2000,-52.4000,LOW,14,preset:12_TEAM_SUPERFLEX_PPR,12-team Superflex PPR,GOVERNANCE_PENDING,MODEL_VALIDATED_REVIEW_ONLY,2026-08-08,False,REDRAFT V1 - REVIEW,R2_FLEX_AWARE_REPLACEMENT
RESEARCH_ONLY_GOVERNANCE_PENDING,145,43,00-0039032,Tyjae Spears,RB,TEN,111.7000,92.9000,18.8000,-53.2200,LOW,14,preset:12_TEAM_SUPERFLEX_PPR,12-team Superflex PPR,GOVERNANCE_PENDING,MODEL_VALIDATED_REVIEW_ONLY,2026-08-08,False,REDRAFT V1 - REVIEW,R2_FLEX_AWARE_REPLACEMENT
RESEARCH_ONLY_GOVERNANCE_PENDING,146,35,00-0029604,Kirk Cousins,QB,LV,103.5400,84.9000,18.6400,-68.3600,LOW,14,preset:12_TEAM_SUPERFLEX_PPR,12-team Superflex PPR,GOVERNANCE_PENDING,MODEL_VALIDATED_REVIEW_ONLY,2026-08-08,False,REDRAFT V1 - REVIEW,R2_FLEX_AWARE_REPLACEMENT
RESEARCH_ONLY_GOVERNANCE_PENDING,147,15,00-0040189,Oronde Gadsden II,TE,LAC,131.4000,112.8000,18.6000,-33.7000,LOW,14,preset:12_TEAM_SUPERFLEX_PPR,12-team Superflex PPR,GOVERNANCE_PENDING,MODEL_VALIDATED_REVIEW_ONLY,2026-08-08,False,REDRAFT V1 - REVIEW,R2_FLEX_AWARE_REPLACEMENT
RESEARCH_ONLY_GOVERNANCE_PENDING,148,55,00-0033555,Mack Hollins,WR,NE,113.4000,94.8000,18.6000,-53.0000,LOW,14,preset:12_TEAM_SUPERFLEX_PPR,12-team Superflex PPR,GOVERNANCE_PENDING,MODEL_VALIDATED_REVIEW_ONLY,2026-08-08,False,REDRAFT V1 - REVIEW,R2_FLEX_AWARE_REPLACEMENT
RESEARCH_ONLY_GOVERNANCE_PENDING,149,16,00-0034753,Mark Andrews,TE,BAL,131.0000,112.8000,18.2000,-34.1000,LOW,14,preset:12_TEAM_SUPERFLEX_PPR,12-team Superflex PPR,GOVERNANCE_PENDING,MODEL_VALIDATED_REVIEW_ONLY,2026-08-08,False,REDRAFT V1 - REVIEW,R2_FLEX_AWARE_REPLACEMENT
RESEARCH_ONLY_GOVERNANCE_PENDING,150,17,00-0036244,Colby Parkinson,TE,LA,129.8000,112.8000,17.0000,-35.3000,LOW,14,preset:12_TEAM_SUPERFLEX_PPR,12-team Superflex PPR,GOVERNANCE_PENDING,MODEL_VALIDATED_REVIEW_ONLY,2026-08-08,False,REDRAFT V1 - REVIEW,R2_FLEX_AWARE_REPLACEMENT
RESEARCH_ONLY_GOVERNANCE_PENDING,151,56,00-0039894,Xavier Worthy,WR,KC,109.9000,94.8000,15.1000,-56.5000,LOW,14,preset:12_TEAM_SUPERFLEX_PPR,12-team Superflex PPR,GOVERNANCE_PENDING,MODEL_VALIDATED_REVIEW_ONLY,2026-08-08,False,REDRAFT V1 - REVIEW,R2_FLEX_AWARE_REPLACEMENT
RESEARCH_ONLY_GOVERNANCE_PENDING,152,18,00-0039847,Theo Johnson,TE,NYG,127.8000,112.8000,15.0000,-37.3000,LOW,14,preset:12_TEAM_SUPERFLEX_PPR,12-team Superflex PPR,GOVERNANCE_PENDING,MODEL_VALIDATED_REVIEW_ONLY,2026-08-08,False,REDRAFT V1 - REVIEW,R2_FLEX_AWARE_REPLACEMENT
RESEARCH_ONLY_GOVERNANCE_PENDING,153,36,00-0039376,Spencer Rattler,QB,NO,99.1400,84.9000,14.2400,-72.7600,LOW,14,preset:12_TEAM_SUPERFLEX_PPR,12-team Superflex PPR,GOVERNANCE_PENDING,MODEL_VALIDATED_REVIEW_ONLY,2026-08-08,False,REDRAFT V1 - REVIEW,R2_FLEX_AWARE_REPLACEMENT
RESEARCH_ONLY_GOVERNANCE_PENDING,154,44,00-0035250,Devin Singletary,RB,NYG,106.8000,92.9000,13.9000,-58.1200,LOW,14,preset:12_TEAM_SUPERFLEX_PPR,12-team Superflex PPR,GOVERNANCE_PENDING,MODEL_VALIDATED_REVIEW_ONLY,2026-08-08,False,REDRAFT V1 - REVIEW,R2_FLEX_AWARE_REPLACEMENT
RESEARCH_ONLY_GOVERNANCE_PENDING,155,19,00-0038933,Dalton Kincaid,TE,BUF,126.1000,112.8000,13.3000,-39.0000,LOW,14,preset:12_TEAM_SUPERFLEX_PPR,12-team Superflex PPR,GOVERNANCE_PENDING,MODEL_VALIDATED_REVIEW_ONLY,2026-08-08,False,REDRAFT V1 - REVIEW,R2_FLEX_AWARE_REPLACEMENT
RESEARCH_ONLY_GOVERNANCE_PENDING,156,20,00-0037809,Chig Okonkwo,TE,WAS,124.0000,112.8000,11.2000,-41.1000,LOW,14,preset:12_TEAM_SUPERFLEX_PPR,12-team Superflex PPR,GOVERNANCE_PENDING,MODEL_VALIDATED_REVIEW_ONLY,2026-08-08,False,REDRAFT V1 - REVIEW,R2_FLEX_AWARE_REPLACEMENT
RESEARCH_ONLY_GOVERNANCE_PENDING,157,21,00-0038129,Cade Otton,TE,TB,122.2000,112.8000,9.4000,-42.9000,LOW,14,preset:12_TEAM_SUPERFLEX_PPR,12-team Superflex PPR,GOVERNANCE_PENDING,MODEL_VALIDATED_REVIEW_ONLY,2026-08-08,False,REDRAFT V1 - REVIEW,R2_FLEX_AWARE_REPLACEMENT
RESEARCH_ONLY_GOVERNANCE_PENDING,158,45,00-0033906,Alvin Kamara,RB,NO,100.7000,92.9000,7.8000,-64.2200,LOW,14,preset:12_TEAM_SUPERFLEX_PPR,12-team Superflex PPR,GOVERNANCE_PENDING,MODEL_VALIDATED_REVIEW_ONLY,2026-08-08,False,REDRAFT V1 - REVIEW,R2_FLEX_AWARE_REPLACEMENT
RESEARCH_ONLY_GOVERNANCE_PENDING,159,46,00-0035537,Ty Johnson,RB,BUF,100.3000,92.9000,7.4000,-64.6200,LOW,14,preset:12_TEAM_SUPERFLEX_PPR,12-team Superflex PPR,GOVERNANCE_PENDING,MODEL_VALIDATED_REVIEW_ONLY,2026-08-08,False,REDRAFT V1 - REVIEW,R2_FLEX_AWARE_REPLACEMENT
RESEARCH_ONLY_GOVERNANCE_PENDING,160,47,00-0036924,Michael Carter,RB,TEN,99.0000,92.9000,6.1000,-65.9200,LOW,14,preset:12_TEAM_SUPERFLEX_PPR,12-team Superflex PPR,GOVERNANCE_PENDING,MODEL_VALIDATED_REVIEW_ONLY,2026-08-08,False,REDRAFT V1 - REVIEW,R2_FLEX_AWARE_REPLACEMENT
RESEARCH_ONLY_GOVERNANCE_PENDING,161,57,00-0039901,Keon Coleman,WR,BUF,100.4000,94.8000,5.6000,-66.0000,LOW,14,preset:12_TEAM_SUPERFLEX_PPR,12-team Superflex PPR,GOVERNANCE_PENDING,MODEL_VALIDATED_REVIEW_ONLY,2026-08-08,False,REDRAFT V1 - REVIEW,R2_FLEX_AWARE_REPLACEMENT
RESEARCH_ONLY_GOVERNANCE_PENDING,162,22,00-0038935,Brenton Strange,TE,JAX,118.0000,112.8000,5.2000,-47.1000,LOW,14,preset:12_TEAM_SUPERFLEX_PPR,12-team Superflex PPR,GOVERNANCE_PENDING,MODEL_VALIDATED_REVIEW_ONLY,2026-08-08,False,REDRAFT V1 - REVIEW,R2_FLEX_AWARE_REPLACEMENT
RESEARCH_ONLY_GOVERNANCE_PENDING,163,58,00-0037740,Garrett Wilson,WR,NYJ,99.5000,94.8000,4.7000,-66.9000,LOW,14,preset:12_TEAM_SUPERFLEX_PPR,12-team Superflex PPR,GOVERNANCE_PENDING,MODEL_VALIDATED_REVIEW_ONLY,2026-08-08,False,REDRAFT V1 - REVIEW,R2_FLEX_AWARE_REPLACEMENT
RESEARCH_ONLY_GOVERNANCE_PENDING,164,23,00-0038996,Tucker Kraft,TE,GB,117.2000,112.8000,4.4000,-47.9000,LOW,14,preset:12_TEAM_SUPERFLEX_PPR,12-team Superflex PPR,GOVERNANCE_PENDING,MODEL_VALIDATED_REVIEW_ONLY,2026-08-08,False,REDRAFT V1 - REVIEW,R2_FLEX_AWARE_REPLACEMENT
RESEARCH_ONLY_GOVERNANCE_PENDING,165,59,00-0037291,Jalen Nailor,WR,LV,98.7000,94.8000,3.9000,-67.7000,LOW,14,preset:12_TEAM_SUPERFLEX_PPR,12-team Superflex PPR,GOVERNANCE_PENDING,MODEL_VALIDATED_REVIEW_ONLY,2026-08-08,False,REDRAFT V1 - REVIEW,R2_FLEX_AWARE_REPLACEMENT
RESEARCH_ONLY_GOVERNANCE_PENDING,166,60,00-0038618,Xavier Hutchinson,WR,HOU,98.0000,94.8000,3.2000,-68.4000,LOW,14,preset:12_TEAM_SUPERFLEX_PPR,12-team Superflex PPR,GOVERNANCE_PENDING,MODEL_VALIDATED_REVIEW_ONLY,2026-08-08,False,REDRAFT V1 - REVIEW,R2_FLEX_AWARE_REPLACEMENT
RESEARCH_ONLY_GOVERNANCE_PENDING,167,61,00-0038621,DeMario Douglas,WR,NE,95.8000,94.8000,1.0000,-70.6000,LOW,14,preset:12_TEAM_SUPERFLEX_PPR,12-team Superflex PPR,GOVERNANCE_PENDING,MODEL_VALIDATED_REVIEW_ONLY,2026-08-08,False,REDRAFT V1 - REVIEW,R2_FLEX_AWARE_REPLACEMENT
RESEARCH_ONLY_GOVERNANCE_PENDING,168,24,00-0036894,Pat Freiermuth,TE,PIT,113.6000,112.8000,0.8000,-51.5000,LOW,14,preset:12_TEAM_SUPERFLEX_PPR,12-team Superflex PPR,GOVERNANCE_PENDING,MODEL_VALIDATED_REVIEW_ONLY,2026-08-08,False,REDRAFT V1 - REVIEW,R2_FLEX_AWARE_REPLACEMENT
RESEARCH_ONLY_GOVERNANCE_PENDING,169,25,00-0035229,T.J. Hockenson,TE,MIN,112.8000,112.8000,0.0000,-52.3000,LOW,14,preset:12_TEAM_SUPERFLEX_PPR,12-team Superflex PPR,GOVERNANCE_PENDING,MODEL_VALIDATED_REVIEW_ONLY,2026-08-08,False,REDRAFT V1 - REVIEW,R2_FLEX_AWARE_REPLACEMENT
RESEARCH_ONLY_GOVERNANCE_PENDING,170,62,00-0035535,Darius Slayton,WR,NYG,94.8000,94.8000,0.0000,-71.6000,LOW,14,preset:12_TEAM_SUPERFLEX_PPR,12-team Superflex PPR,GOVERNANCE_PENDING,MODEL_VALIDATED_REVIEW_ONLY,2026-08-08,False,REDRAFT V1 - REVIEW,R2_FLEX_AWARE_REPLACEMENT
RESEARCH_ONLY_GOVERNANCE_PENDING,171,48,00-0037157,Bam Knight,RB,AZ,92.9000,92.9000,0.0000,-72.0200,LOW,14,preset:12_TEAM_SUPERFLEX_PPR,12-team Superflex PPR,GOVERNANCE_PENDING,MODEL_VALIDATED_REVIEW_ONLY,2026-08-08,False,REDRAFT V1 - REVIEW,R2_FLEX_AWARE_REPLACEMENT
RESEARCH_ONLY_GOVERNANCE_PENDING,172,37,00-0040668,Shedeur Sanders,QB,CLE,84.9000,84.9000,0.0000,-87.0000,LOW,14,preset:12_TEAM_SUPERFLEX_PPR,12-team Superflex PPR,GOVERNANCE_PENDING,MODEL_VALIDATED_REVIEW_ONLY,2026-08-08,False,REDRAFT V1 - REVIEW,R2_FLEX_AWARE_REPLACEMENT
RESEARCH_ONLY_GOVERNANCE_PENDING,173,49,00-0038797,Emanuel Wilson,RB,SEA,92.5000,92.9000,-0.4000,-72.4200,LOW,14,preset:12_TEAM_SUPERFLEX_PPR,12-team Superflex PPR,GOVERNANCE_PENDING,MODEL_VALIDATED_REVIEW_ONLY,2026-08-08,False,REDRAFT V1 - REVIEW,R2_FLEX_AWARE_REPLACEMENT
RESEARCH_ONLY_GOVERNANCE_PENDING,174,50,00-0038611,Chris Rodriguez Jr.,RB,JAX,92.0000,92.9000,-0.9000,-72.9200,LOW,14,preset:12_TEAM_SUPERFLEX_PPR,12-team Superflex PPR,GOVERNANCE_PENDING,MODEL_VALIDATED_REVIEW_ONLY,2026-08-08,False,REDRAFT V1 - REVIEW,R2_FLEX_AWARE_REPLACEMENT
RESEARCH_ONLY_GOVERNANCE_PENDING,175,51,00-0038951,Sean Tucker,RB,TB,91.4000,92.9000,-1.5000,-73.5200,LOW,14,preset:12_TEAM_SUPERFLEX_PPR,12-team Superflex PPR,GOVERNANCE_PENDING,MODEL_VALIDATED_REVIEW_ONLY,2026-08-08,False,REDRAFT V1 - REVIEW,R2_FLEX_AWARE_REPLACEMENT
RESEARCH_ONLY_GOVERNANCE_PENDING,176,63,00-0038976,Marvin Mims Jr.,WR,DEN,93.0000,94.8000,-1.8000,-73.4000,LOW,14,preset:12_TEAM_SUPERFLEX_PPR,12-team Superflex PPR,GOVERNANCE_PENDING,MODEL_VALIDATED_REVIEW_ONLY,2026-08-08,False,REDRAFT V1 - REVIEW,R2_FLEX_AWARE_REPLACEMENT
RESEARCH_ONLY_GOVERNANCE_PENDING,177,64,00-0040237,Tez Johnson,WR,TB,92.4000,94.8000,-2.4000,-74.0000,LOW,14,preset:12_TEAM_SUPERFLEX_PPR,12-team Superflex PPR,GOVERNANCE_PENDING,MODEL_VALIDATED_REVIEW_ONLY,2026-08-08,False,REDRAFT V1 - REVIEW,R2_FLEX_AWARE_REPLACEMENT
RESEARCH_ONLY_GOVERNANCE_PENDING,178,65,00-0033307,Kendrick Bourne,WR,AZ,92.1000,94.8000,-2.7000,-74.3000,LOW,14,preset:12_TEAM_SUPERFLEX_PPR,12-team Superflex PPR,GOVERNANCE_PENDING,MODEL_VALIDATED_REVIEW_ONLY,2026-08-08,False,REDRAFT V1 - REVIEW,R2_FLEX_AWARE_REPLACEMENT
RESEARCH_ONLY_GOVERNANCE_PENDING,179,52,00-0040719,Bhayshul Tuten,RB,JAX,88.6000,92.9000,-4.3000,-76.3200,LOW,14,preset:12_TEAM_SUPERFLEX_PPR,12-team Superflex PPR,GOVERNANCE_PENDING,MODEL_VALIDATED_REVIEW_ONLY,2026-08-08,False,REDRAFT V1 - REVIEW,R2_FLEX_AWARE_REPLACEMENT
RESEARCH_ONLY_GOVERNANCE_PENDING,180,66,00-0038619,Andrei Iosivas,WR,CIN,89.9000,94.8000,-4.9000,-76.5000,LOW,14,preset:12_TEAM_SUPERFLEX_PPR,12-team Superflex PPR,GOVERNANCE_PENDING,MODEL_VALIDATED_REVIEW_ONLY,2026-08-08,False,REDRAFT V1 - REVIEW,R2_FLEX_AWARE_REPLACEMENT
RESEARCH_ONLY_GOVERNANCE_PENDING,181,53,00-0040162,Dylan Sampson,RB,CLE,87.6000,92.9000,-5.3000,-77.3200,LOW,14,preset:12_TEAM_SUPERFLEX_PPR,12-team Superflex PPR,GOVERNANCE_PENDING,MODEL_VALIDATED_REVIEW_ONLY,2026-08-08,False,REDRAFT V1 - REVIEW,R2_FLEX_AWARE_REPLACEMENT
RESEARCH_ONLY_GOVERNANCE_PENDING,182,67,00-0039342,Xavier Legette,WR,CAR,89.3000,94.8000,-5.5000,-77.1000,LOW,14,preset:12_TEAM_SUPERFLEX_PPR,12-team Superflex PPR,GOVERNANCE_PENDING,MODEL_VALIDATED_REVIEW_ONLY,2026-08-08,False,REDRAFT V1 - REVIEW,R2_FLEX_AWARE_REPLACEMENT
RESEARCH_ONLY_GOVERNANCE_PENDING,183,54,00-0037197,Isiah Pacheco,RB,DET,87.3000,92.9000,-5.6000,-77.6200,LOW,14,preset:12_TEAM_SUPERFLEX_PPR,12-team Superflex PPR,GOVERNANCE_PENDING,MODEL_VALIDATED_REVIEW_ONLY,2026-08-08,False,REDRAFT V1 - REVIEW,R2_FLEX_AWARE_REPLACEMENT
RESEARCH_ONLY_GOVERNANCE_PENDING,184,26,00-0039065,Sam LaPorta,TE,DET,106.9000,112.8000,-5.9000,-58.2000,LOW,14,preset:12_TEAM_SUPERFLEX_PPR,12-team Superflex PPR,GOVERNANCE_PENDING,MODEL_VALIDATED_REVIEW_ONLY,2026-08-08,False,REDRAFT V1 - REVIEW,R2_FLEX_AWARE_REPLACEMENT
RESEARCH_ONLY_GOVERNANCE_PENDING,185,68,00-0039916,Ricky Pearsall,WR,SF,88.6000,94.8000,-6.2000,-77.8000,LOW,14,preset:12_TEAM_SUPERFLEX_PPR,12-team Superflex PPR,GOVERNANCE_PENDING,MODEL_VALIDATED_REVIEW_ONLY,2026-08-08,False,REDRAFT V1 - REVIEW,R2_FLEX_AWARE_REPLACEMENT
RESEARCH_ONLY_GOVERNANCE_PENDING,186,69,00-0039491,Jalen Coker,WR,CAR,88.4000,94.8000,-6.4000,-78.0000,LOW,14,preset:12_TEAM_SUPERFLEX_PPR,12-team Superflex PPR,GOVERNANCE_PENDING,MODEL_VALIDATED_REVIEW_ONLY,2026-08-08,False,REDRAFT V1 - REVIEW,R2_FLEX_AWARE_REPLACEMENT
RESEARCH_ONLY_GOVERNANCE_PENDING,187,70,00-0039890,Adonai Mitchell,WR,NYJ,87.9000,94.8000,-6.9000,-78.5000,LOW,14,preset:12_TEAM_SUPERFLEX_PPR,12-team Superflex PPR,GOVERNANCE_PENDING,MODEL_VALIDATED_REVIEW_ONLY,2026-08-08,False,REDRAFT V1 - REVIEW,R2_FLEX_AWARE_REPLACEMENT
RESEARCH_ONLY_GOVERNANCE_PENDING,188,38,00-0035228,Kyler Murray,QB,MIN,77.7800,84.9000,-7.1200,-94.1200,LOW,14,preset:12_TEAM_SUPERFLEX_PPR,12-team Superflex PPR,GOVERNANCE_PENDING,MODEL_VALIDATED_REVIEW_ONLY,2026-08-08,False,REDRAFT V1 - REVIEW,R2_FLEX_AWARE_REPLACEMENT
RESEARCH_ONLY_GOVERNANCE_PENDING,189,71,00-0037837,Calvin Austin III,WR,NYG,86.2000,94.8000,-8.6000,-80.2000,LOW,14,preset:12_TEAM_SUPERFLEX_PPR,12-team Superflex PPR,GOVERNANCE_PENDING,MODEL_VALIDATED_REVIEW_ONLY,2026-08-08,False,REDRAFT V1 - REVIEW,R2_FLEX_AWARE_REPLACEMENT
RESEARCH_ONLY_GOVERNANCE_PENDING,190,27,00-0033881,Evan Engram,TE,DEN,102.8000,112.8000,-10.0000,-62.3000,LOW,14,preset:12_TEAM_SUPERFLEX_PPR,12-team Superflex PPR,GOVERNANCE_PENDING,MODEL_VALIDATED_REVIEW_ONLY,2026-08-08,False,REDRAFT V1 - REVIEW,R2_FLEX_AWARE_REPLACEMENT
RESEARCH_ONLY_GOVERNANCE_PENDING,191,72,00-0031408,Mike Evans,WR,SF,84.8000,94.8000,-10.0000,-81.6000,LOW,14,preset:12_TEAM_SUPERFLEX_PPR,12-team Superflex PPR,GOVERNANCE_PENDING,MODEL_VALIDATED_REVIEW_ONLY,2026-08-08,False,REDRAFT V1 - REVIEW,R2_FLEX_AWARE_REPLACEMENT
RESEARCH_ONLY_GOVERNANCE_PENDING,192,73,00-0035208,Olamide Zaccheaus,WR,ATL,84.8000,94.8000,-10.0000,-81.6000,LOW,14,preset:12_TEAM_SUPERFLEX_PPR,12-team Superflex PPR,GOVERNANCE_PENDING,MODEL_VALIDATED_REVIEW_ONLY,2026-08-08,False,REDRAFT V1 - REVIEW,R2_FLEX_AWARE_REPLACEMENT
RESEARCH_ONLY_GOVERNANCE_PENDING,193,74,00-0037801,KaVontae Turpin,WR,DAL,84.5000,94.8000,-10.3000,-81.9000,LOW,14,preset:12_TEAM_SUPERFLEX_PPR,12-team Superflex PPR,GOVERNANCE_PENDING,MODEL_VALIDATED_REVIEW_ONLY,2026-08-08,False,REDRAFT V1 - REVIEW,R2_FLEX_AWARE_REPLACEMENT
RESEARCH_ONLY_GOVERNANCE_PENDING,194,28,00-0035689,Dawson Knox,TE,BUF,101.7000,112.8000,-11.1000,-63.4000,LOW,14,preset:12_TEAM_SUPERFLEX_PPR,12-team Superflex PPR,GOVERNANCE_PENDING,MODEL_VALIDATED_REVIEW_ONLY,2026-08-08,False,REDRAFT V1 - REVIEW,R2_FLEX_AWARE_REPLACEMENT
RESEARCH_ONLY_GOVERNANCE_PENDING,195,75,00-0036309,Darnell Mooney,WR,NYG,82.3000,94.8000,-12.5000,-84.1000,LOW,14,preset:12_TEAM_SUPERFLEX_PPR,12-team Superflex PPR,GOVERNANCE_PENDING,MODEL_VALIDATED_REVIEW_ONLY,2026-08-08,False,REDRAFT V1 - REVIEW,R2_FLEX_AWARE_REPLACEMENT
RESEARCH_ONLY_GOVERNANCE_PENDING,196,76,00-0033921,Chris Godwin Jr.,WR,TB,81.0000,94.8000,-13.8000,-85.4000,LOW,14,preset:12_TEAM_SUPERFLEX_PPR,12-team Superflex PPR,GOVERNANCE_PENDING,MODEL_VALIDATED_REVIEW_ONLY,2026-08-08,False,REDRAFT V1 - REVIEW,R2_FLEX_AWARE_REPLACEMENT
RESEARCH_ONLY_GOVERNANCE_PENDING,197,77,00-0038104,Tyquan Thornton,WR,KC,80.8000,94.8000,-14.0000,-85.6000,LOW,14,preset:12_TEAM_SUPERFLEX_PPR,12-team Superflex PPR,GOVERNANCE_PENDING,MODEL_VALIDATED_REVIEW_ONLY,2026-08-08,False,REDRAFT V1 - REVIEW,R2_FLEX_AWARE_REPLACEMENT
RESEARCH_ONLY_GOVERNANCE_PENDING,198,39,00-0040704,Dillon Gabriel,QB,CLE,70.0800,84.9000,-14.8200,-101.8200,LOW,14,preset:12_TEAM_SUPERFLEX_PPR,12-team Superflex PPR,GOVERNANCE_PENDING,MODEL_VALIDATED_REVIEW_ONLY,2026-08-08,False,REDRAFT V1 - REVIEW,R2_FLEX_AWARE_REPLACEMENT
RESEARCH_ONLY_GOVERNANCE_PENDING,199,55,00-0033526,Samaje Perine,RB,CIN,77.9000,92.9000,-15.0000,-87.0200,LOW,14,preset:12_TEAM_SUPERFLEX_PPR,12-team Superflex PPR,GOVERNANCE_PENDING,MODEL_VALIDATED_REVIEW_ONLY,2026-08-08,False,REDRAFT V1 - REVIEW,R2_FLEX_AWARE_REPLACEMENT
RESEARCH_ONLY_GOVERNANCE_PENDING,200,40,00-0032950,Carson Wentz,QB,MIN,68.3400,84.9000,-16.5600,-103.5600,LOW,14,preset:12_TEAM_SUPERFLEX_PPR,12-team Superflex PPR,GOVERNANCE_PENDING,MODEL_VALIDATED_REVIEW_ONLY,2026-08-08,False,REDRAFT V1 - REVIEW,R2_FLEX_AWARE_REPLACEMENT
RESEARCH_ONLY_GOVERNANCE_PENDING,201,41,00-0036898,Davis Mills,QB,HOU,66.6000,84.9000,-18.3000,-105.3000,LOW,14,preset:12_TEAM_SUPERFLEX_PPR,12-team Superflex PPR,GOVERNANCE_PENDING,MODEL_VALIDATED_REVIEW_ONLY,2026-08-08,False,REDRAFT V1 - REVIEW,R2_FLEX_AWARE_REPLACEMENT
RESEARCH_ONLY_GOVERNANCE_PENDING,202,78,00-0040669,Isaac TeSlaa,WR,DET,75.9000,94.8000,-18.9000,-90.5000,LOW,14,preset:12_TEAM_SUPERFLEX_PPR,12-team Superflex PPR,GOVERNANCE_PENDING,MODEL_VALIDATED_REVIEW_ONLY,2026-08-08,False,REDRAFT V1 - REVIEW,R2_FLEX_AWARE_REPLACEMENT
RESEARCH_ONLY_GOVERNANCE_PENDING,203,79,00-0038393,Dontayvion Wicks,WR,PHI,75.8000,94.8000,-19.0000,-90.6000,LOW,14,preset:12_TEAM_SUPERFLEX_PPR,12-team Superflex PPR,GOVERNANCE_PENDING,MODEL_VALIDATED_REVIEW_ONLY,2026-08-08,False,REDRAFT V1 - REVIEW,R2_FLEX_AWARE_REPLACEMENT
RESEARCH_ONLY_GOVERNANCE_PENDING,204,29,00-0037112,Jake Tonges,TE,SF,93.3000,112.8000,-19.5000,-71.8000,LOW,14,preset:12_TEAM_SUPERFLEX_PPR,12-team Superflex PPR,GOVERNANCE_PENDING,MODEL_VALIDATED_REVIEW_ONLY,2026-08-08,False,REDRAFT V1 - REVIEW,R2_FLEX_AWARE_REPLACEMENT
RESEARCH_ONLY_GOVERNANCE_PENDING,205,80,00-0035500,Greg Dortch,WR,DET,75.1000,94.8000,-19.7000,-91.3000,LOW,14,preset:12_TEAM_SUPERFLEX_PPR,12-team Superflex PPR,GOVERNANCE_PENDING,MODEL_VALIDATED_REVIEW_ONLY,2026-08-08,False,REDRAFT V1 - REVIEW,R2_FLEX_AWARE_REPLACEMENT
RESEARCH_ONLY_GOVERNANCE_PENDING,206,81,00-0040134,Pat Bryant,WR,DEN,74.8000,94.8000,-20.0000,-91.6000,LOW,14,preset:12_TEAM_SUPERFLEX_PPR,12-team Superflex PPR,GOVERNANCE_PENDING,MODEL_VALIDATED_REVIEW_ONLY,2026-08-08,False,REDRAFT V1 - REVIEW,R2_FLEX_AWARE_REPLACEMENT
RESEARCH_ONLY_GOVERNANCE_PENDING,207,30,00-0040584,Gunnar Helm,TE,TEN,91.7000,112.8000,-21.1000,-73.4000,LOW,14,preset:12_TEAM_SUPERFLEX_PPR,12-team Superflex PPR,GOVERNANCE_PENDING,MODEL_VALIDATED_REVIEW_ONLY,2026-08-08,False,REDRAFT V1 - REVIEW,R2_FLEX_AWARE_REPLACEMENT
RESEARCH_ONLY_GOVERNANCE_PENDING,208,82,00-0033857,JuJu Smith-Schuster,WR,NYG,73.5000,94.8000,-21.3000,-92.9000,LOW,14,preset:12_TEAM_SUPERFLEX_PPR,12-team Superflex PPR,GOVERNANCE_PENDING,MODEL_VALIDATED_REVIEW_ONLY,2026-08-08,False,REDRAFT V1 - REVIEW,R2_FLEX_AWARE_REPLACEMENT
RESEARCH_ONLY_GOVERNANCE_PENDING,209,56,00-0033955,Jeremy McNichols,RB,WAS,70.7000,92.9000,-22.2000,-94.2200,LOW,14,preset:12_TEAM_SUPERFLEX_PPR,12-team Superflex PPR,GOVERNANCE_PENDING,MODEL_VALIDATED_REVIEW_ONLY,2026-08-08,False,REDRAFT V1 - REVIEW,R2_FLEX_AWARE_REPLACEMENT
RESEARCH_ONLY_GOVERNANCE_PENDING,210,83,00-0037614,John Metchie III,WR,CAR,71.9000,94.8000,-22.9000,-94.5000,LOW,14,preset:12_TEAM_SUPERFLEX_PPR,12-team Superflex PPR,GOVERNANCE_PENDING,MODEL_VALIDATED_REVIEW_ONLY,2026-08-08,False,REDRAFT V1 - REVIEW,R2_FLEX_AWARE_REPLACEMENT
RESEARCH_ONLY_GOVERNANCE_PENDING,211,57,00-0039798,Isaiah Davis,RB,NYJ,69.2000,92.9000,-23.7000,-95.7200,LOW,14,preset:12_TEAM_SUPERFLEX_PPR,12-team Superflex PPR,GOVERNANCE_PENDING,MODEL_VALIDATED_REVIEW_ONLY,2026-08-08,False,REDRAFT V1 - REVIEW,R2_FLEX_AWARE_REPLACEMENT
RESEARCH_ONLY_GOVERNANCE_PENDING,212,84,00-0036415,Van Jefferson,WR,WAS,70.0000,94.8000,-24.8000,-96.4000,LOW,14,preset:12_TEAM_SUPERFLEX_PPR,12-team Superflex PPR,GOVERNANCE_PENDING,MODEL_VALIDATED_REVIEW_ONLY,2026-08-08,False,REDRAFT V1 - REVIEW,R2_FLEX_AWARE_REPLACEMENT
RESEARCH_ONLY_GOVERNANCE_PENDING,213,85,00-0040667,Matthew Golden,WR,GB,70.0000,94.8000,-24.8000,-96.4000,LOW,14,preset:12_TEAM_SUPERFLEX_PPR,12-team Superflex PPR,GOVERNANCE_PENDING,MODEL_VALIDATED_REVIEW_ONLY,2026-08-08,False,REDRAFT V1 - REVIEW,R2_FLEX_AWARE_REPLACEMENT
RESEARCH_ONLY_GOVERNANCE_PENDING,214,86,00-0040727,Tre Harris,WR,LAC,69.4000,94.8000,-25.4000,-97.0000,LOW,14,preset:12_TEAM_SUPERFLEX_PPR,12-team Superflex PPR,GOVERNANCE_PENDING,MODEL_VALIDATED_REVIEW_ONLY,2026-08-08,False,REDRAFT V1 - REVIEW,R2_FLEX_AWARE_REPLACEMENT
RESEARCH_ONLY_GOVERNANCE_PENDING,215,42,00-0028118,Tyrod Taylor,QB,GB,59.4600,84.9000,-25.4400,-112.4400,LOW,14,preset:12_TEAM_SUPERFLEX_PPR,12-team Superflex PPR,GOVERNANCE_PENDING,MODEL_VALIDATED_REVIEW_ONLY,2026-08-08,False,REDRAFT V1 - REVIEW,R2_FLEX_AWARE_REPLACEMENT
RESEARCH_ONLY_GOVERNANCE_PENDING,216,31,00-0040736,Mason Taylor,TE,NYJ,86.9000,112.8000,-25.9000,-78.2000,LOW,14,preset:12_TEAM_SUPERFLEX_PPR,12-team Superflex PPR,GOVERNANCE_PENDING,MODEL_VALIDATED_REVIEW_ONLY,2026-08-08,False,REDRAFT V1 - REVIEW,R2_FLEX_AWARE_REPLACEMENT
RESEARCH_ONLY_GOVERNANCE_PENDING,217,87,00-0040138,Jaylin Noel,WR,HOU,68.4000,94.8000,-26.4000,-98.0000,LOW,14,preset:12_TEAM_SUPERFLEX_PPR,12-team Superflex PPR,GOVERNANCE_PENDING,MODEL_VALIDATED_REVIEW_ONLY,2026-08-08,False,REDRAFT V1 - REVIEW,R2_FLEX_AWARE_REPLACEMENT
RESEARCH_ONLY_GOVERNANCE_PENDING,218,32,00-0033885,David Njoku,TE,LAC,86.3000,112.8000,-26.5000,-78.8000,LOW,14,preset:12_TEAM_SUPERFLEX_PPR,12-team Superflex PPR,GOVERNANCE_PENDING,MODEL_VALIDATED_REVIEW_ONLY,2026-08-08,False,REDRAFT V1 - REVIEW,R2_FLEX_AWARE_REPLACEMENT
RESEARCH_ONLY_GOVERNANCE_PENDING,219,58,00-0034975,Justice Hill,RB,BAL,65.2000,92.9000,-27.7000,-99.7200,LOW,14,preset:12_TEAM_SUPERFLEX_PPR,12-team Superflex PPR,GOVERNANCE_PENDING,MODEL_VALIDATED_REVIEW_ONLY,2026-08-08,False,REDRAFT V1 - REVIEW,R2_FLEX_AWARE_REPLACEMENT
RESEARCH_ONLY_GOVERNANCE_PENDING,220,88,00-0032464,Kalif Raymond,WR,CHI,66.8000,94.8000,-28.0000,-99.6000,LOW,14,preset:12_TEAM_SUPERFLEX_PPR,12-team Superflex PPR,GOVERNANCE_PENDING,MODEL_VALIDATED_REVIEW_ONLY,2026-08-08,False,REDRAFT V1 - REVIEW,R2_FLEX_AWARE_REPLACEMENT
RESEARCH_ONLY_GOVERNANCE_PENDING,221,89,00-0039424,Devaughn Vele,WR,NO,66.3000,94.8000,-28.5000,-100.1000,LOW,14,preset:12_TEAM_SUPERFLEX_PPR,12-team Superflex PPR,GOVERNANCE_PENDING,MODEL_VALIDATED_REVIEW_ONLY,2026-08-08,False,REDRAFT V1 - REVIEW,R2_FLEX_AWARE_REPLACEMENT
RESEARCH_ONLY_GOVERNANCE_PENDING,222,59,00-0039875,Ray Davis,RB,BUF,64.1000,92.9000,-28.8000,-100.8200,LOW,14,preset:12_TEAM_SUPERFLEX_PPR,12-team Superflex PPR,GOVERNANCE_PENDING,MODEL_VALIDATED_REVIEW_ONLY,2026-08-08,False,REDRAFT V1 - REVIEW,R2_FLEX_AWARE_REPLACEMENT
RESEARCH_ONLY_GOVERNANCE_PENDING,223,60,00-0040078,Brashard Smith,RB,KC,63.3000,92.9000,-29.6000,-101.6200,LOW,14,preset:12_TEAM_SUPERFLEX_PPR,12-team Superflex PPR,GOVERNANCE_PENDING,MODEL_VALIDATED_REVIEW_ONLY,2026-08-08,False,REDRAFT V1 - REVIEW,R2_FLEX_AWARE_REPLACEMENT
RESEARCH_ONLY_GOVERNANCE_PENDING,224,90,00-0040648,Tory Horton,WR,SEA,65.1000,94.8000,-29.7000,-101.3000,LOW,14,preset:12_TEAM_SUPERFLEX_PPR,12-team Superflex PPR,GOVERNANCE_PENDING,MODEL_VALIDATED_REVIEW_ONLY,2026-08-08,False,REDRAFT V1 - REVIEW,R2_FLEX_AWARE_REPLACEMENT
RESEARCH_ONLY_GOVERNANCE_PENDING,225,61,00-0037746,Brian Robinson,RB,ATL,62.5000,92.9000,-30.4000,-102.4200,LOW,14,preset:12_TEAM_SUPERFLEX_PPR,12-team Superflex PPR,GOVERNANCE_PENDING,MODEL_VALIDATED_REVIEW_ONLY,2026-08-08,False,REDRAFT V1 - REVIEW,R2_FLEX_AWARE_REPLACEMENT
RESEARCH_ONLY_GOVERNANCE_PENDING,226,62,00-0040202,Devin Neal,RB,NO,60.0000,92.9000,-32.9000,-104.9200,LOW,14,preset:12_TEAM_SUPERFLEX_PPR,12-team Superflex PPR,GOVERNANCE_PENDING,MODEL_VALIDATED_REVIEW_ONLY,2026-08-08,False,REDRAFT V1 - REVIEW,R2_FLEX_AWARE_REPLACEMENT
RESEARCH_ONLY_GOVERNANCE_PENDING,227,43,00-0038128,Malik Willis,QB,MIA,51.1800,84.9000,-33.7200,-120.7200,LOW,14,preset:12_TEAM_SUPERFLEX_PPR,12-team Superflex PPR,GOVERNANCE_PENDING,MODEL_VALIDATED_REVIEW_ONLY,2026-08-08,False,REDRAFT V1 - REVIEW,R2_FLEX_AWARE_REPLACEMENT
RESEARCH_ONLY_GOVERNANCE_PENDING,228,63,00-0038705,Emari Demercado,RB,KC,58.3000,92.9000,-34.6000,-106.6200,LOW,14,preset:12_TEAM_SUPERFLEX_PPR,12-team Superflex PPR,GOVERNANCE_PENDING,MODEL_VALIDATED_REVIEW_ONLY,2026-08-08,False,REDRAFT V1 - REVIEW,R2_FLEX_AWARE_REPLACEMENT
RESEARCH_ONLY_GOVERNANCE_PENDING,229,91,00-0038979,Cedric Tillman,WR,CLE,60.0000,94.8000,-34.8000,-106.4000,LOW,14,preset:12_TEAM_SUPERFLEX_PPR,12-team Superflex PPR,GOVERNANCE_PENDING,MODEL_VALIDATED_REVIEW_ONLY,2026-08-08,False,REDRAFT V1 - REVIEW,R2_FLEX_AWARE_REPLACEMENT
RESEARCH_ONLY_GOVERNANCE_PENDING,230,33,00-0036290,Cole Kmet,TE,CHI,76.7000,112.8000,-36.1000,-88.4000,LOW,14,preset:12_TEAM_SUPERFLEX_PPR,12-team Superflex PPR,GOVERNANCE_PENDING,MODEL_VALIDATED_REVIEW_ONLY,2026-08-08,False,REDRAFT V1 - REVIEW,R2_FLEX_AWARE_REPLACEMENT
RESEARCH_ONLY_GOVERNANCE_PENDING,231,92,00-0039451,Isaiah Williams,WR,NYJ,58.7000,94.8000,-36.1000,-107.7000,LOW,14,preset:12_TEAM_SUPERFLEX_PPR,12-team Superflex PPR,GOVERNANCE_PENDING,MODEL_VALIDATED_REVIEW_ONLY,2026-08-08,False,REDRAFT V1 - REVIEW,R2_FLEX_AWARE_REPLACEMENT
RESEARCH_ONLY_GOVERNANCE_PENDING,232,44,00-0035100,Jake Browning,QB,TB,48.7400,84.9000,-36.1600,-123.1600,LOW,14,preset:12_TEAM_SUPERFLEX_PPR,12-team Superflex PPR,GOVERNANCE_PENDING,MODEL_VALIDATED_REVIEW_ONLY,2026-08-08,False,REDRAFT V1 - REVIEW,R2_FLEX_AWARE_REPLACEMENT
RESEARCH_ONLY_GOVERNANCE_PENDING,233,93,00-0034775,Christian Kirk,WR,SF,57.9000,94.8000,-36.9000,-108.5000,LOW,14,preset:12_TEAM_SUPERFLEX_PPR,12-team Superflex PPR,GOVERNANCE_PENDING,MODEL_VALIDATED_REVIEW_ONLY,2026-08-08,False,REDRAFT V1 - REVIEW,R2_FLEX_AWARE_REPLACEMENT
RESEARCH_ONLY_GOVERNANCE_PENDING,234,64,00-0038454,Keaton Mitchell,RB,LAC,55.4000,92.9000,-37.5000,-109.5200,LOW,14,preset:12_TEAM_SUPERFLEX_PPR,12-team Superflex PPR,GOVERNANCE_PENDING,MODEL_VALIDATED_REVIEW_ONLY,2026-08-08,False,REDRAFT V1 - REVIEW,R2_FLEX_AWARE_REPLACEMENT
RESEARCH_ONLY_GOVERNANCE_PENDING,235,94,00-0039337,Malik Nabers,WR,NYG,57.1000,94.8000,-37.7000,-109.3000,LOW,14,preset:12_TEAM_SUPERFLEX_PPR,12-team Superflex PPR,GOVERNANCE_PENDING,MODEL_VALIDATED_REVIEW_ONLY,2026-08-08,False,REDRAFT V1 - REVIEW,R2_FLEX_AWARE_REPLACEMENT
RESEARCH_ONLY_GOVERNANCE_PENDING,236,34,00-0035644,Noah Fant,TE,NO,74.8000,112.8000,-38.0000,-90.3000,LOW,14,preset:12_TEAM_SUPERFLEX_PPR,12-team Superflex PPR,GOVERNANCE_PENDING,MODEL_VALIDATED_REVIEW_ONLY,2026-08-08,False,REDRAFT V1 - REVIEW,R2_FLEX_AWARE_REPLACEMENT
RESEARCH_ONLY_GOVERNANCE_PENDING,237,95,00-0032775,Demarcus Robinson,WR,SF,56.2000,94.8000,-38.6000,-110.2000,LOW,14,preset:12_TEAM_SUPERFLEX_PPR,12-team Superflex PPR,GOVERNANCE_PENDING,MODEL_VALIDATED_REVIEW_ONLY,2026-08-08,False,REDRAFT V1 - REVIEW,R2_FLEX_AWARE_REPLACEMENT
RESEARCH_ONLY_GOVERNANCE_PENDING,238,65,00-0040198,Ollie Gordon II,RB,MIA,54.1000,92.9000,-38.8000,-110.8200,LOW,14,preset:12_TEAM_SUPERFLEX_PPR,12-team Superflex PPR,GOVERNANCE_PENDING,MODEL_VALIDATED_REVIEW_ONLY,2026-08-08,False,REDRAFT V1 - REVIEW,R2_FLEX_AWARE_REPLACEMENT
RESEARCH_ONLY_GOVERNANCE_PENDING,239,35,00-0039066,Michael Mayer,TE,LV,73.8000,112.8000,-39.0000,-91.3000,LOW,14,preset:12_TEAM_SUPERFLEX_PPR,12-team Superflex PPR,GOVERNANCE_PENDING,MODEL_VALIDATED_REVIEW_ONLY,2026-08-08,False,REDRAFT V1 - REVIEW,R2_FLEX_AWARE_REPLACEMENT
RESEARCH_ONLY_GOVERNANCE_PENDING,240,66,00-0038555,Tank Bigsby,RB,PHI,53.8000,92.9000,-39.1000,-111.1200,LOW,14,preset:12_TEAM_SUPERFLEX_PPR,12-team Superflex PPR,GOVERNANCE_PENDING,MODEL_VALIDATED_REVIEW_ONLY,2026-08-08,False,REDRAFT V1 - REVIEW,R2_FLEX_AWARE_REPLACEMENT
RESEARCH_ONLY_GOVERNANCE_PENDING,241,96,00-0040782,Isaiah Bond,WR,CLE,54.7000,94.8000,-40.1000,-111.7000,LOW,14,preset:12_TEAM_SUPERFLEX_PPR,12-team Superflex PPR,GOVERNANCE_PENDING,MODEL_VALIDATED_REVIEW_ONLY,2026-08-08,False,REDRAFT V1 - REVIEW,R2_FLEX_AWARE_REPLACEMENT
RESEARCH_ONLY_GOVERNANCE_PENDING,242,36,00-0038558,Darnell Washington,TE,PIT,71.4000,112.8000,-41.4000,-93.7000,LOW,14,preset:12_TEAM_SUPERFLEX_PPR,12-team Superflex PPR,GOVERNANCE_PENDING,MODEL_VALIDATED_REVIEW_ONLY,2026-08-08,False,REDRAFT V1 - REVIEW,R2_FLEX_AWARE_REPLACEMENT
RESEARCH_ONLY_GOVERNANCE_PENDING,243,97,00-0036550,Rashod Bateman,WR,BAL,53.4000,94.8000,-41.4000,-113.0000,LOW,14,preset:12_TEAM_SUPERFLEX_PPR,12-team Superflex PPR,GOVERNANCE_PENDING,MODEL_VALIDATED_REVIEW_ONLY,2026-08-08,False,REDRAFT V1 - REVIEW,R2_FLEX_AWARE_REPLACEMENT
RESEARCH_ONLY_GOVERNANCE_PENDING,244,45,00-0031503,Jameis Winston,QB,NYG,43.2800,84.9000,-41.6200,-128.6200,LOW,14,preset:12_TEAM_SUPERFLEX_PPR,12-team Superflex PPR,GOVERNANCE_PENDING,MODEL_VALIDATED_REVIEW_ONLY,2026-08-08,False,REDRAFT V1 - REVIEW,R2_FLEX_AWARE_REPLACEMENT
RESEARCH_ONLY_GOVERNANCE_PENDING,245,37,00-0033110,Tyler Higbee,TE,LA,71.1000,112.8000,-41.7000,-94.0000,LOW,14,preset:12_TEAM_SUPERFLEX_PPR,12-team Superflex PPR,GOVERNANCE_PENDING,MODEL_VALIDATED_REVIEW_ONLY,2026-08-08,False,REDRAFT V1 - REVIEW,R2_FLEX_AWARE_REPLACEMENT
RESEARCH_ONLY_GOVERNANCE_PENDING,246,38,00-0034829,Mike Gesicki,TE,CIN,70.7000,112.8000,-42.1000,-94.4000,LOW,14,preset:12_TEAM_SUPERFLEX_PPR,12-team Superflex PPR,GOVERNANCE_PENDING,MODEL_VALIDATED_REVIEW_ONLY,2026-08-08,False,REDRAFT V1 - REVIEW,R2_FLEX_AWARE_REPLACEMENT
RESEARCH_ONLY_GOVERNANCE_PENDING,247,98,00-0036988,Josh Palmer,WR,BUF,52.3000,94.8000,-42.5000,-114.1000,LOW,14,preset:12_TEAM_SUPERFLEX_PPR,12-team Superflex PPR,GOVERNANCE_PENDING,MODEL_VALIDATED_REVIEW_ONLY,2026-08-08,False,REDRAFT V1 - REVIEW,R2_FLEX_AWARE_REPLACEMENT
RESEARCH_ONLY_GOVERNANCE_PENDING,248,99,00-0033375,Tim Patrick,WR,NYJ,51.7000,94.8000,-43.1000,-114.7000,LOW,14,preset:12_TEAM_SUPERFLEX_PPR,12-team Superflex PPR,GOVERNANCE_PENDING,MODEL_VALIDATED_REVIEW_ONLY,2026-08-08,False,REDRAFT V1 - REVIEW,R2_FLEX_AWARE_REPLACEMENT
RESEARCH_ONLY_GOVERNANCE_PENDING,249,100,00-0037741,Jahan Dotson,WR,ATL,50.2000,94.8000,-44.6000,-116.2000,LOW,14,preset:12_TEAM_SUPERFLEX_PPR,12-team Superflex PPR,GOVERNANCE_PENDING,MODEL_VALIDATED_REVIEW_ONLY,2026-08-08,False,REDRAFT V1 - REVIEW,R2_FLEX_AWARE_REPLACEMENT
RESEARCH_ONLY_GOVERNANCE_PENDING,250,67,00-0039874,Jaylen Wright,RB,MIA,48.2000,92.9000,-44.7000,-116.7200,LOW,14,preset:12_TEAM_SUPERFLEX_PPR,12-team Superflex PPR,GOVERNANCE_PENDING,MODEL_VALIDATED_REVIEW_ONLY,2026-08-08,False,REDRAFT V1 - REVIEW,R2_FLEX_AWARE_REPLACEMENT
RESEARCH_ONLY_GOVERNANCE_PENDING,251,46,00-0035993,Tyler Huntley,QB,BAL,40.1400,84.9000,-44.7600,-131.7600,LOW,14,preset:12_TEAM_SUPERFLEX_PPR,12-team Superflex PPR,GOVERNANCE_PENDING,MODEL_VALIDATED_REVIEW_ONLY,2026-08-08,False,REDRAFT V1 - REVIEW,R2_FLEX_AWARE_REPLACEMENT
RESEARCH_ONLY_GOVERNANCE_PENDING,252,68,00-0039373,Audric Estimé,RB,NO,48.1000,92.9000,-44.8000,-116.8200,LOW,14,preset:12_TEAM_SUPERFLEX_PPR,12-team Superflex PPR,GOVERNANCE_PENDING,MODEL_VALIDATED_REVIEW_ONLY,2026-08-08,False,REDRAFT V1 - REVIEW,R2_FLEX_AWARE_REPLACEMENT
RESEARCH_ONLY_GOVERNANCE_PENDING,253,101,00-0036626,Dyami Brown,WR,WAS,49.7000,94.8000,-45.1000,-116.7000,LOW,14,preset:12_TEAM_SUPERFLEX_PPR,12-team Superflex PPR,GOVERNANCE_PENDING,MODEL_VALIDATED_REVIEW_ONLY,2026-08-08,False,REDRAFT V1 - REVIEW,R2_FLEX_AWARE_REPLACEMENT
RESEARCH_ONLY_GOVERNANCE_PENDING,254,102,00-0039355,Luke McCaffrey,WR,WAS,49.3000,94.8000,-45.5000,-117.1000,LOW,14,preset:12_TEAM_SUPERFLEX_PPR,12-team Superflex PPR,GOVERNANCE_PENDING,MODEL_VALIDATED_REVIEW_ONLY,2026-08-08,False,REDRAFT V1 - REVIEW,R2_FLEX_AWARE_REPLACEMENT
RESEARCH_ONLY_GOVERNANCE_PENDING,255,103,00-0040131,Kyle Williams,WR,NE,49.2000,94.8000,-45.6000,-117.2000,LOW,14,preset:12_TEAM_SUPERFLEX_PPR,12-team Superflex PPR,GOVERNANCE_PENDING,MODEL_VALIDATED_REVIEW_ONLY,2026-08-08,False,REDRAFT V1 - REVIEW,R2_FLEX_AWARE_REPLACEMENT
RESEARCH_ONLY_GOVERNANCE_PENDING,256,104,00-0040164,Jaylin Lane,WR,WAS,49.2000,94.8000,-45.6000,-117.2000,LOW,14,preset:12_TEAM_SUPERFLEX_PPR,12-team Superflex PPR,GOVERNANCE_PENDING,MODEL_VALIDATED_REVIEW_ONLY,2026-08-08,False,REDRAFT V1 - REVIEW,R2_FLEX_AWARE_REPLACEMENT
RESEARCH_ONLY_GOVERNANCE_PENDING,257,105,00-0035359,David Sills,WR,TB,49.1000,94.8000,-45.7000,-117.3000,LOW,14,preset:12_TEAM_SUPERFLEX_PPR,12-team Superflex PPR,GOVERNANCE_PENDING,MODEL_VALIDATED_REVIEW_ONLY,2026-08-08,False,REDRAFT V1 - REVIEW,R2_FLEX_AWARE_REPLACEMENT
RESEARCH_ONLY_GOVERNANCE_PENDING,258,106,00-0039146,Jayden Reed,WR,GB,48.5000,94.8000,-46.3000,-117.9000,LOW,14,preset:12_TEAM_SUPERFLEX_PPR,12-team Superflex PPR,GOVERNANCE_PENDING,MODEL_VALIDATED_REVIEW_ONLY,2026-08-08,False,REDRAFT V1 - REVIEW,R2_FLEX_AWARE_REPLACEMENT
RESEARCH_ONLY_GOVERNANCE_PENDING,259,107,00-0038359,Xavier Smith,WR,LA,48.3000,94.8000,-46.5000,-118.1000,LOW,14,preset:12_TEAM_SUPERFLEX_PPR,12-team Superflex PPR,GOVERNANCE_PENDING,MODEL_VALIDATED_REVIEW_ONLY,2026-08-08,False,REDRAFT V1 - REVIEW,R2_FLEX_AWARE_REPLACEMENT
RESEARCH_ONLY_GOVERNANCE_PENDING,260,108,00-0034837,Calvin Ridley,WR,TEN,47.3000,94.8000,-47.5000,-119.1000,LOW,14,preset:12_TEAM_SUPERFLEX_PPR,12-team Superflex PPR,GOVERNANCE_PENDING,MODEL_VALIDATED_REVIEW_ONLY,2026-08-08,False,REDRAFT V1 - REVIEW,R2_FLEX_AWARE_REPLACEMENT
RESEARCH_ONLY_GOVERNANCE_PENDING,261,39,00-0037005,Tommy Tremble,TE,CAR,63.9000,112.8000,-48.9000,-101.2000,LOW,14,preset:12_TEAM_SUPERFLEX_PPR,12-team Superflex PPR,GOVERNANCE_PENDING,MODEL_VALIDATED_REVIEW_ONLY,2026-08-08,False,REDRAFT V1 - REVIEW,R2_FLEX_AWARE_REPLACEMENT
RESEARCH_ONLY_GOVERNANCE_PENDING,262,109,00-0038679,Tyrell Shavers,WR,BUF,45.5000,94.8000,-49.3000,-120.9000,LOW,14,preset:12_TEAM_SUPERFLEX_PPR,12-team Superflex PPR,GOVERNANCE_PENDING,MODEL_VALIDATED_REVIEW_ONLY,2026-08-08,False,REDRAFT V1 - REVIEW,R2_FLEX_AWARE_REPLACEMENT
RESEARCH_ONLY_GOVERNANCE_PENDING,263,69,00-0037267,Jerome Ford,RB,WAS,43.6000,92.9000,-49.3000,-121.3200,LOW,14,preset:12_TEAM_SUPERFLEX_PPR,12-team Superflex PPR,GOVERNANCE_PENDING,MODEL_VALIDATED_REVIEW_ONLY,2026-08-08,False,REDRAFT V1 - REVIEW,R2_FLEX_AWARE_REPLACEMENT
RESEARCH_ONLY_GOVERNANCE_PENDING,264,40,00-0037252,Greg Dulcich,TE,MIA,62.8000,112.8000,-50.0000,-102.3000,LOW,14,preset:12_TEAM_SUPERFLEX_PPR,12-team Superflex PPR,GOVERNANCE_PENDING,MODEL_VALIDATED_REVIEW_ONLY,2026-08-08,False,REDRAFT V1 - REVIEW,R2_FLEX_AWARE_REPLACEMENT
RESEARCH_ONLY_GOVERNANCE_PENDING,265,41,00-0039074,Davis Allen,TE,LA,62.8000,112.8000,-50.0000,-102.3000,LOW,14,preset:12_TEAM_SUPERFLEX_PPR,12-team Superflex PPR,GOVERNANCE_PENDING,MODEL_VALIDATED_REVIEW_ONLY,2026-08-08,False,REDRAFT V1 - REVIEW,R2_FLEX_AWARE_REPLACEMENT
RESEARCH_ONLY_GOVERNANCE_PENDING,266,110,00-0037666,Jalen Tolbert,WR,MIA,44.3000,94.8000,-50.5000,-122.1000,LOW,14,preset:12_TEAM_SUPERFLEX_PPR,12-team Superflex PPR,GOVERNANCE_PENDING,MODEL_VALIDATED_REVIEW_ONLY,2026-08-08,False,REDRAFT V1 - REVIEW,R2_FLEX_AWARE_REPLACEMENT
RESEARCH_ONLY_GOVERNANCE_PENDING,267,42,00-0037838,Isaiah Likely,TE,NYG,61.7000,112.8000,-51.1000,-103.4000,LOW,14,preset:12_TEAM_SUPERFLEX_PPR,12-team Superflex PPR,GOVERNANCE_PENDING,MODEL_VALIDATED_REVIEW_ONLY,2026-08-08,False,REDRAFT V1 - REVIEW,R2_FLEX_AWARE_REPLACEMENT
RESEARCH_ONLY_GOVERNANCE_PENDING,268,47,00-0040234,Quinn Ewers,QB,MIA,33.1800,84.9000,-51.7200,-138.7200,LOW,14,preset:12_TEAM_SUPERFLEX_PPR,12-team Superflex PPR,GOVERNANCE_PENDING,MODEL_VALIDATED_REVIEW_ONLY,2026-08-08,False,REDRAFT V1 - REVIEW,R2_FLEX_AWARE_REPLACEMENT
RESEARCH_ONLY_GOVERNANCE_PENDING,269,70,00-0037563,Malik Davis,RB,DAL,40.6000,92.9000,-52.3000,-124.3200,LOW,14,preset:12_TEAM_SUPERFLEX_PPR,12-team Superflex PPR,GOVERNANCE_PENDING,MODEL_VALIDATED_REVIEW_ONLY,2026-08-08,False,REDRAFT V1 - REVIEW,R2_FLEX_AWARE_REPLACEMENT
RESEARCH_ONLY_GOVERNANCE_PENDING,270,111,00-0040729,Jack Bech,WR,LV,42.4000,94.8000,-52.4000,-124.0000,LOW,14,preset:12_TEAM_SUPERFLEX_PPR,12-team Superflex PPR,GOVERNANCE_PENDING,MODEL_VALIDATED_REVIEW_ONLY,2026-08-08,False,REDRAFT V1 - REVIEW,R2_FLEX_AWARE_REPLACEMENT
RESEARCH_ONLY_GOVERNANCE_PENDING,271,43,00-0038115,Daniel Bellinger,TE,TEN,59.6000,112.8000,-53.2000,-105.5000,LOW,14,preset:12_TEAM_SUPERFLEX_PPR,12-team Superflex PPR,GOVERNANCE_PENDING,MODEL_VALIDATED_REVIEW_ONLY,2026-08-08,False,REDRAFT V1 - REVIEW,R2_FLEX_AWARE_REPLACEMENT
RESEARCH_ONLY_GOVERNANCE_PENDING,272,44,00-0032392,Austin Hooper,TE,ATL,59.3000,112.8000,-53.5000,-105.8000,LOW,14,preset:12_TEAM_SUPERFLEX_PPR,12-team Superflex PPR,GOVERNANCE_PENDING,MODEL_VALIDATED_REVIEW_ONLY,2026-08-08,False,REDRAFT V1 - REVIEW,R2_FLEX_AWARE_REPLACEMENT
RESEARCH_ONLY_GOVERNANCE_PENDING,273,71,00-0038440,Zavier Scott,RB,MIN,39.2000,92.9000,-53.7000,-125.7200,LOW,14,preset:12_TEAM_SUPERFLEX_PPR,12-team Superflex PPR,GOVERNANCE_PENDING,MODEL_VALIDATED_REVIEW_ONLY,2026-08-08,False,REDRAFT V1 - REVIEW,R2_FLEX_AWARE_REPLACEMENT
RESEARCH_ONLY_GOVERNANCE_PENDING,274,45,00-0039041,Elijah Higgins,TE,AZ,58.1000,112.8000,-54.7000,-107.0000,LOW,14,preset:12_TEAM_SUPERFLEX_PPR,12-team Superflex PPR,GOVERNANCE_PENDING,MODEL_VALIDATED_REVIEW_ONLY,2026-08-08,False,REDRAFT V1 - REVIEW,R2_FLEX_AWARE_REPLACEMENT
RESEARCH_ONLY_GOVERNANCE_PENDING,275,48,00-0033869,Mitchell Trubisky,QB,TEN,29.1200,84.9000,-55.7800,-142.7800,LOW,14,preset:12_TEAM_SUPERFLEX_PPR,12-team Superflex PPR,GOVERNANCE_PENDING,MODEL_VALIDATED_REVIEW_ONLY,2026-08-08,False,REDRAFT V1 - REVIEW,R2_FLEX_AWARE_REPLACEMENT
RESEARCH_ONLY_GOVERNANCE_PENDING,276,72,00-0038738,Hunter Luepke,RB,DAL,37.0000,92.9000,-55.9000,-127.9200,LOW,14,preset:12_TEAM_SUPERFLEX_PPR,12-team Superflex PPR,GOVERNANCE_PENDING,MODEL_VALIDATED_REVIEW_ONLY,2026-08-08,False,REDRAFT V1 - REVIEW,R2_FLEX_AWARE_REPLACEMENT
RESEARCH_ONLY_GOVERNANCE_PENDING,277,49,00-0040206,Riley Leonard,QB,IND,29.0000,84.9000,-55.9000,-142.9000,LOW,14,preset:12_TEAM_SUPERFLEX_PPR,12-team Superflex PPR,GOVERNANCE_PENDING,MODEL_VALIDATED_REVIEW_ONLY,2026-08-08,False,REDRAFT V1 - REVIEW,R2_FLEX_AWARE_REPLACEMENT
RESEARCH_ONLY_GOVERNANCE_PENDING,278,112,00-0032398,Chris Moore,WR,BAL,38.6000,94.8000,-56.2000,-127.8000,LOW,14,preset:12_TEAM_SUPERFLEX_PPR,12-team Superflex PPR,GOVERNANCE_PENDING,MODEL_VALIDATED_REVIEW_ONLY,2026-08-08,False,REDRAFT V1 - REVIEW,R2_FLEX_AWARE_REPLACEMENT
RESEARCH_ONLY_GOVERNANCE_PENDING,279,113,00-0039739,Roman Wilson,WR,PIT,38.6000,94.8000,-56.2000,-127.8000,LOW,14,preset:12_TEAM_SUPERFLEX_PPR,12-team Superflex PPR,GOVERNANCE_PENDING,MODEL_VALIDATED_REVIEW_ONLY,2026-08-08,False,REDRAFT V1 - REVIEW,R2_FLEX_AWARE_REPLACEMENT
RESEARCH_ONLY_GOVERNANCE_PENDING,280,73,00-0032104,Ameer Abdullah,RB,JAX,35.9000,92.9000,-57.0000,-129.0200,LOW,14,preset:12_TEAM_SUPERFLEX_PPR,12-team Superflex PPR,GOVERNANCE_PENDING,MODEL_VALIDATED_REVIEW_ONLY,2026-08-08,False,REDRAFT V1 - REVIEW,R2_FLEX_AWARE_REPLACEMENT
RESEARCH_ONLY_GOVERNANCE_PENDING,281,114,00-0036427,Tyler Johnson,WR,DAL,37.7000,94.8000,-57.1000,-128.7000,LOW,14,preset:12_TEAM_SUPERFLEX_PPR,12-team Superflex PPR,GOVERNANCE_PENDING,MODEL_VALIDATED_REVIEW_ONLY,2026-08-08,False,REDRAFT V1 - REVIEW,R2_FLEX_AWARE_REPLACEMENT
RESEARCH_ONLY_GOVERNANCE_PENDING,282,115,00-0039792,Devontez Walker,WR,BAL,37.6000,94.8000,-57.2000,-128.8000,LOW,14,preset:12_TEAM_SUPERFLEX_PPR,12-team Superflex PPR,GOVERNANCE_PENDING,MODEL_VALIDATED_REVIEW_ONLY,2026-08-08,False,REDRAFT V1 - REVIEW,R2_FLEX_AWARE_REPLACEMENT
RESEARCH_ONLY_GOVERNANCE_PENDING,283,74,00-0037085,Tyler Badie,RB,DEN,35.4000,92.9000,-57.5000,-129.5200,LOW,14,preset:12_TEAM_SUPERFLEX_PPR,12-team Superflex PPR,GOVERNANCE_PENDING,MODEL_VALIDATED_REVIEW_ONLY,2026-08-08,False,REDRAFT V1 - REVIEW,R2_FLEX_AWARE_REPLACEMENT
RESEARCH_ONLY_GOVERNANCE_PENDING,284,75,00-0039921,Trey Benson,RB,AZ,35.4000,92.9000,-57.5000,-129.5200,LOW,14,preset:12_TEAM_SUPERFLEX_PPR,12-team Superflex PPR,GOVERNANCE_PENDING,MODEL_VALIDATED_REVIEW_ONLY,2026-08-08,False,REDRAFT V1 - REVIEW,R2_FLEX_AWARE_REPLACEMENT
RESEARCH_ONLY_GOVERNANCE_PENDING,285,46,00-0035249,Josh Oliver,TE,MIN,55.0000,112.8000,-57.8000,-110.1000,LOW,14,preset:12_TEAM_SUPERFLEX_PPR,12-team Superflex PPR,GOVERNANCE_PENDING,MODEL_VALIDATED_REVIEW_ONLY,2026-08-08,False,REDRAFT V1 - REVIEW,R2_FLEX_AWARE_REPLACEMENT
RESEARCH_ONLY_GOVERNANCE_PENDING,286,50,00-0040398,Brady Cook,QB,NYJ,26.4600,84.9000,-58.4400,-145.4400,LOW,14,preset:12_TEAM_SUPERFLEX_PPR,12-team Superflex PPR,GOVERNANCE_PENDING,MODEL_VALIDATED_REVIEW_ONLY,2026-08-08,False,REDRAFT V1 - REVIEW,R2_FLEX_AWARE_REPLACEMENT
RESEARCH_ONLY_GOVERNANCE_PENDING,287,116,00-0039751,Jordan Whittington,WR,LA,36.3000,94.8000,-58.5000,-130.1000,LOW,14,preset:12_TEAM_SUPERFLEX_PPR,12-team Superflex PPR,GOVERNANCE_PENDING,MODEL_VALIDATED_REVIEW_ONLY,2026-08-08,False,REDRAFT V1 - REVIEW,R2_FLEX_AWARE_REPLACEMENT
RESEARCH_ONLY_GOVERNANCE_PENDING,288,47,00-0039356,Ja'Tavion Sanders,TE,CAR,54.0000,112.8000,-58.8000,-111.1000,LOW,14,preset:12_TEAM_SUPERFLEX_PPR,12-team Superflex PPR,GOVERNANCE_PENDING,MODEL_VALIDATED_REVIEW_ONLY,2026-08-08,False,REDRAFT V1 - REVIEW,R2_FLEX_AWARE_REPLACEMENT
RESEARCH_ONLY_GOVERNANCE_PENDING,289,76,00-0033553,James Conner,RB,AZ,33.3000,92.9000,-59.6000,-131.6200,LOW,14,preset:12_TEAM_SUPERFLEX_PPR,12-team Superflex PPR,GOVERNANCE_PENDING,MODEL_VALIDATED_REVIEW_ONLY,2026-08-08,False,REDRAFT V1 - REVIEW,R2_FLEX_AWARE_REPLACEMENT
RESEARCH_ONLY_GOVERNANCE_PENDING,290,77,00-0038551,Kendre Miller,RB,NO,33.3000,92.9000,-59.6000,-131.6200,LOW,14,preset:12_TEAM_SUPERFLEX_PPR,12-team Superflex PPR,GOVERNANCE_PENDING,MODEL_VALIDATED_REVIEW_ONLY,2026-08-08,False,REDRAFT V1 - REVIEW,R2_FLEX_AWARE_REPLACEMENT
RESEARCH_ONLY_GOVERNANCE_PENDING,291,48,00-0040194,Jackson Hawes,TE,BUF,52.7000,112.8000,-60.1000,-112.4000,LOW,14,preset:12_TEAM_SUPERFLEX_PPR,12-team Superflex PPR,GOVERNANCE_PENDING,MODEL_VALIDATED_REVIEW_ONLY,2026-08-08,False,REDRAFT V1 - REVIEW,R2_FLEX_AWARE_REPLACEMENT
RESEARCH_ONLY_GOVERNANCE_PENDING,292,117,00-0035406,Lil'Jordan Humphrey,WR,DEN,34.6000,94.8000,-60.2000,-131.8000,LOW,14,preset:12_TEAM_SUPERFLEX_PPR,12-team Superflex PPR,GOVERNANCE_PENDING,MODEL_VALIDATED_REVIEW_ONLY,2026-08-08,False,REDRAFT V1 - REVIEW,R2_FLEX_AWARE_REPLACEMENT
RESEARCH_ONLY_GOVERNANCE_PENDING,293,78,00-0038685,Chris Brooks,RB,GB,32.7000,92.9000,-60.2000,-132.2200,LOW,14,preset:12_TEAM_SUPERFLEX_PPR,12-team Superflex PPR,GOVERNANCE_PENDING,MODEL_VALIDATED_REVIEW_ONLY,2026-08-08,False,REDRAFT V1 - REVIEW,R2_FLEX_AWARE_REPLACEMENT
RESEARCH_ONLY_GOVERNANCE_PENDING,294,51,00-0026300,Josh Johnson,QB,CIN,24.3800,84.9000,-60.5200,-147.5200,LOW,14,preset:12_TEAM_SUPERFLEX_PPR,12-team Superflex PPR,GOVERNANCE_PENDING,MODEL_VALIDATED_REVIEW_ONLY,2026-08-08,False,REDRAFT V1 - REVIEW,R2_FLEX_AWARE_REPLACEMENT
RESEARCH_ONLY_GOVERNANCE_PENDING,295,49,00-0040737,Terrance Ferguson,TE,LA,52.1000,112.8000,-60.7000,-113.0000,LOW,14,preset:12_TEAM_SUPERFLEX_PPR,12-team Superflex PPR,GOVERNANCE_PENDING,MODEL_VALIDATED_REVIEW_ONLY,2026-08-08,False,REDRAFT V1 - REVIEW,R2_FLEX_AWARE_REPLACEMENT
RESEARCH_ONLY_GOVERNANCE_PENDING,296,118,00-0035645,Gunner Olszewski,WR,NYG,33.8200,94.8000,-60.9800,-132.5800,LOW,14,preset:12_TEAM_SUPERFLEX_PPR,12-team Superflex PPR,GOVERNANCE_PENDING,MODEL_VALIDATED_REVIEW_ONLY,2026-08-08,False,REDRAFT V1 - REVIEW,R2_FLEX_AWARE_REPLACEMENT
RESEARCH_ONLY_GOVERNANCE_PENDING,297,79,00-0038794,Jaleel McLaughlin,RB,DEN,31.4000,92.9000,-61.5000,-133.5200,LOW,14,preset:12_TEAM_SUPERFLEX_PPR,12-team Superflex PPR,GOVERNANCE_PENDING,MODEL_VALIDATED_REVIEW_ONLY,2026-08-08,False,REDRAFT V1 - REVIEW,R2_FLEX_AWARE_REPLACEMENT
RESEARCH_ONLY_GOVERNANCE_PENDING,298,119,00-0037231,Kevin Austin Jr.,WR,NO,33.0000,94.8000,-61.8000,-133.4000,LOW,14,preset:12_TEAM_SUPERFLEX_PPR,12-team Superflex PPR,GOVERNANCE_PENDING,MODEL_VALIDATED_REVIEW_ONLY,2026-08-08,False,REDRAFT V1 - REVIEW,R2_FLEX_AWARE_REPLACEMENT
RESEARCH_ONLY_GOVERNANCE_PENDING,299,120,00-0034272,Marquez Valdes-Scantling,WR,DAL,32.0000,94.8000,-62.8000,-134.4000,LOW,14,preset:12_TEAM_SUPERFLEX_PPR,12-team Superflex PPR,GOVERNANCE_PENDING,MODEL_VALIDATED_REVIEW_ONLY,2026-08-08,False,REDRAFT V1 - REVIEW,R2_FLEX_AWARE_REPLACEMENT
RESEARCH_ONLY_GOVERNANCE_PENDING,300,121,00-0038839,Mitchell Tinsley,WR,CIN,31.6000,94.8000,-63.2000,-134.8000,LOW,14,preset:12_TEAM_SUPERFLEX_PPR,12-team Superflex PPR,GOVERNANCE_PENDING,MODEL_VALIDATED_REVIEW_ONLY,2026-08-08,False,REDRAFT V1 - REVIEW,R2_FLEX_AWARE_REPLACEMENT
RESEARCH_ONLY_GOVERNANCE_PENDING,301,122,00-0039920,Malachi Corley,WR,CLE,31.6000,94.8000,-63.2000,-134.8000,LOW,14,preset:12_TEAM_SUPERFLEX_PPR,12-team Superflex PPR,GOVERNANCE_PENDING,MODEL_VALIDATED_REVIEW_ONLY,2026-08-08,False,REDRAFT V1 - REVIEW,R2_FLEX_AWARE_REPLACEMENT
RESEARCH_ONLY_GOVERNANCE_PENDING,302,80,00-0039405,Jawhar Jordan,RB,HOU,29.7000,92.9000,-63.2000,-135.2200,LOW,14,preset:12_TEAM_SUPERFLEX_PPR,12-team Superflex PPR,GOVERNANCE_PENDING,MODEL_VALIDATED_REVIEW_ONLY,2026-08-08,False,REDRAFT V1 - REVIEW,R2_FLEX_AWARE_REPLACEMENT
RESEARCH_ONLY_GOVERNANCE_PENDING,303,50,00-0039144,Luke Musgrave,TE,GB,49.2000,112.8000,-63.6000,-115.9000,LOW,14,preset:12_TEAM_SUPERFLEX_PPR,12-team Superflex PPR,GOVERNANCE_PENDING,MODEL_VALIDATED_REVIEW_ONLY,2026-08-08,False,REDRAFT V1 - REVIEW,R2_FLEX_AWARE_REPLACEMENT
RESEARCH_ONLY_GOVERNANCE_PENDING,304,123,00-0036849,Tutu Atwell,WR,MIA,31.2000,94.8000,-63.6000,-135.2000,LOW,14,preset:12_TEAM_SUPERFLEX_PPR,12-team Superflex PPR,GOVERNANCE_PENDING,MODEL_VALIDATED_REVIEW_ONLY,2026-08-08,False,REDRAFT V1 - REVIEW,R2_FLEX_AWARE_REPLACEMENT
RESEARCH_ONLY_GOVERNANCE_PENDING,305,51,00-0040187,Mitchell Evans,TE,CAR,48.2000,112.8000,-64.6000,-116.9000,LOW,14,preset:12_TEAM_SUPERFLEX_PPR,12-team Superflex PPR,GOVERNANCE_PENDING,MODEL_VALIDATED_REVIEW_ONLY,2026-08-08,False,REDRAFT V1 - REVIEW,R2_FLEX_AWARE_REPLACEMENT
RESEARCH_ONLY_GOVERNANCE_PENDING,306,124,00-0038840,Brycen Tremayne,WR,CAR,30.0000,94.8000,-64.8000,-136.4000,LOW,14,preset:12_TEAM_SUPERFLEX_PPR,12-team Superflex PPR,GOVERNANCE_PENDING,MODEL_VALIDATED_REVIEW_ONLY,2026-08-08,False,REDRAFT V1 - REVIEW,R2_FLEX_AWARE_REPLACEMENT
RESEARCH_ONLY_GOVERNANCE_PENDING,307,125,00-0039855,Jalen McMillan,WR,TB,29.9000,94.8000,-64.9000,-136.5000,LOW,14,preset:12_TEAM_SUPERFLEX_PPR,12-team Superflex PPR,GOVERNANCE_PENDING,MODEL_VALIDATED_REVIEW_ONLY,2026-08-08,False,REDRAFT V1 - REVIEW,R2_FLEX_AWARE_REPLACEMENT
RESEARCH_ONLY_GOVERNANCE_PENDING,308,52,00-0034613,Tanner Hudson,TE,CIN,47.8000,112.8000,-65.0000,-117.3000,LOW,14,preset:12_TEAM_SUPERFLEX_PPR,12-team Superflex PPR,GOVERNANCE_PENDING,MODEL_VALIDATED_REVIEW_ONLY,2026-08-08,False,REDRAFT V1 - REVIEW,R2_FLEX_AWARE_REPLACEMENT
RESEARCH_ONLY_GOVERNANCE_PENDING,309,126,00-0037742,Treylon Burks,WR,WAS,29.0000,94.8000,-65.8000,-137.4000,LOW,14,preset:12_TEAM_SUPERFLEX_PPR,12-team Superflex PPR,GOVERNANCE_PENDING,MODEL_VALIDATED_REVIEW_ONLY,2026-08-08,False,REDRAFT V1 - REVIEW,R2_FLEX_AWARE_REPLACEMENT
RESEARCH_ONLY_GOVERNANCE_PENDING,310,53,00-0037805,Jeremy Ruckert,TE,NYJ,46.9000,112.8000,-65.9000,-118.2000,LOW,14,preset:12_TEAM_SUPERFLEX_PPR,12-team Superflex PPR,GOVERNANCE_PENDING,MODEL_VALIDATED_REVIEW_ONLY,2026-08-08,False,REDRAFT V1 - REVIEW,R2_FLEX_AWARE_REPLACEMENT
RESEARCH_ONLY_GOVERNANCE_PENDING,311,127,00-0040218,Jimmy Horn Jr.,WR,CAR,28.7000,94.8000,-66.1000,-137.7000,LOW,14,preset:12_TEAM_SUPERFLEX_PPR,12-team Superflex PPR,GOVERNANCE_PENDING,MODEL_VALIDATED_REVIEW_ONLY,2026-08-08,False,REDRAFT V1 - REVIEW,R2_FLEX_AWARE_REPLACEMENT
RESEARCH_ONLY_GOVERNANCE_PENDING,312,128,00-0036980,Elijah Moore,WR,PHI,28.6000,94.8000,-66.2000,-137.8000,LOW,14,preset:12_TEAM_SUPERFLEX_PPR,12-team Superflex PPR,GOVERNANCE_PENDING,MODEL_VALIDATED_REVIEW_ONLY,2026-08-08,False,REDRAFT V1 - REVIEW,R2_FLEX_AWARE_REPLACEMENT
RESEARCH_ONLY_GOVERNANCE_PENDING,313,81,00-0036755,Jaret Patterson,RB,LAC,25.7000,92.9000,-67.2000,-139.2200,LOW,14,preset:12_TEAM_SUPERFLEX_PPR,12-team Superflex PPR,GOVERNANCE_PENDING,MODEL_VALIDATED_REVIEW_ONLY,2026-08-08,False,REDRAFT V1 - REVIEW,R2_FLEX_AWARE_REPLACEMENT
RESEARCH_ONLY_GOVERNANCE_PENDING,314,54,00-0036422,Adam Trautman,TE,DEN,45.5000,112.8000,-67.3000,-119.6000,LOW,14,preset:12_TEAM_SUPERFLEX_PPR,12-team Superflex PPR,GOVERNANCE_PENDING,MODEL_VALIDATED_REVIEW_ONLY,2026-08-08,False,REDRAFT V1 - REVIEW,R2_FLEX_AWARE_REPLACEMENT
RESEARCH_ONLY_GOVERNANCE_PENDING,315,129,00-0036165,Isaiah Hodgins,WR,NYG,27.5000,94.8000,-67.3000,-138.9000,LOW,14,preset:12_TEAM_SUPERFLEX_PPR,12-team Superflex PPR,GOVERNANCE_PENDING,MODEL_VALIDATED_REVIEW_ONLY,2026-08-08,False,REDRAFT V1 - REVIEW,R2_FLEX_AWARE_REPLACEMENT
RESEARCH_ONLY_GOVERNANCE_PENDING,316,130,00-0040277,Jahdae Walker,WR,CHI,26.7000,94.8000,-68.1000,-139.7000,LOW,14,preset:12_TEAM_SUPERFLEX_PPR,12-team Superflex PPR,GOVERNANCE_PENDING,MODEL_VALIDATED_REVIEW_ONLY,2026-08-08,False,REDRAFT V1 - REVIEW,R2_FLEX_AWARE_REPLACEMENT
RESEARCH_ONLY_GOVERNANCE_PENDING,317,82,00-0040238,LeQuint Allen Jr.,RB,JAX,24.8000,92.9000,-68.1000,-140.1200,LOW,14,preset:12_TEAM_SUPERFLEX_PPR,12-team Superflex PPR,GOVERNANCE_PENDING,MODEL_VALIDATED_REVIEW_ONLY,2026-08-08,False,REDRAFT V1 - REVIEW,R2_FLEX_AWARE_REPLACEMENT
RESEARCH_ONLY_GOVERNANCE_PENDING,318,83,00-0039796,Rasheen Ali,RB,BAL,24.2000,92.9000,-68.7000,-140.7200,LOW,14,preset:12_TEAM_SUPERFLEX_PPR,12-team Superflex PPR,GOVERNANCE_PENDING,MODEL_VALIDATED_REVIEW_ONLY,2026-08-08,False,REDRAFT V1 - REVIEW,R2_FLEX_AWARE_REPLACEMENT
RESEARCH_ONLY_GOVERNANCE_PENDING,319,131,00-0040311,Theo Wease Jr.,WR,MIA,25.9000,94.8000,-68.9000,-140.5000,LOW,14,preset:12_TEAM_SUPERFLEX_PPR,12-team Superflex PPR,GOVERNANCE_PENDING,MODEL_VALIDATED_REVIEW_ONLY,2026-08-08,False,REDRAFT V1 - REVIEW,R2_FLEX_AWARE_REPLACEMENT
RESEARCH_ONLY_GOVERNANCE_PENDING,320,132,00-0040009,Savion Williams,WR,GB,25.5000,94.8000,-69.3000,-140.9000,LOW,14,preset:12_TEAM_SUPERFLEX_PPR,12-team Superflex PPR,GOVERNANCE_PENDING,MODEL_VALIDATED_REVIEW_ONLY,2026-08-08,False,REDRAFT V1 - REVIEW,R2_FLEX_AWARE_REPLACEMENT
RESEARCH_ONLY_GOVERNANCE_PENDING,321,133,00-0040590,Konata Mumpfield,WR,LA,25.2000,94.8000,-69.6000,-141.2000,LOW,14,preset:12_TEAM_SUPERFLEX_PPR,12-team Superflex PPR,GOVERNANCE_PENDING,MODEL_VALIDATED_REVIEW_ONLY,2026-08-08,False,REDRAFT V1 - REVIEW,R2_FLEX_AWARE_REPLACEMENT
RESEARCH_ONLY_GOVERNANCE_PENDING,322,52,00-0034771,Mason Rudolph,QB,PIT,15.0000,84.9000,-69.9000,-156.9000,LOW,14,preset:12_TEAM_SUPERFLEX_PPR,12-team Superflex PPR,GOVERNANCE_PENDING,MODEL_VALIDATED_REVIEW_ONLY,2026-08-08,False,REDRAFT V1 - REVIEW,R2_FLEX_AWARE_REPLACEMENT
RESEARCH_ONLY_GOVERNANCE_PENDING,323,53,00-0038400,Tanner McKee,QB,PHI,13.7600,84.9000,-71.1400,-158.1400,LOW,14,preset:12_TEAM_SUPERFLEX_PPR,12-team Superflex PPR,GOVERNANCE_PENDING,MODEL_VALIDATED_REVIEW_ONLY,2026-08-08,False,REDRAFT V1 - REVIEW,R2_FLEX_AWARE_REPLACEMENT
RESEARCH_ONLY_GOVERNANCE_PENDING,324,134,00-0040581,Dont'e Thornton Jr.,WR,LV,23.5000,94.8000,-71.3000,-142.9000,LOW,14,preset:12_TEAM_SUPERFLEX_PPR,12-team Superflex PPR,GOVERNANCE_PENDING,MODEL_VALIDATED_REVIEW_ONLY,2026-08-08,False,REDRAFT V1 - REVIEW,R2_FLEX_AWARE_REPLACEMENT
RESEARCH_ONLY_GOVERNANCE_PENDING,325,54,00-0037012,Trey Lance,QB,LAC,13.5400,84.9000,-71.3600,-158.3600,LOW,14,preset:12_TEAM_SUPERFLEX_PPR,12-team Superflex PPR,GOVERNANCE_PENDING,MODEL_VALIDATED_REVIEW_ONLY,2026-08-08,False,REDRAFT V1 - REVIEW,R2_FLEX_AWARE_REPLACEMENT
RESEARCH_ONLY_GOVERNANCE_PENDING,326,84,00-0039299,George Holani,RB,SEA,20.8000,92.9000,-72.1000,-144.1200,LOW,14,preset:12_TEAM_SUPERFLEX_PPR,12-team Superflex PPR,GOVERNANCE_PENDING,MODEL_VALIDATED_REVIEW_ONLY,2026-08-08,False,REDRAFT V1 - REVIEW,R2_FLEX_AWARE_REPLACEMENT
RESEARCH_ONLY_GOVERNANCE_PENDING,327,85,00-0040586,Jaydon Blue,RB,DAL,20.4000,92.9000,-72.5000,-144.5200,LOW,14,preset:12_TEAM_SUPERFLEX_PPR,12-team Superflex PPR,GOVERNANCE_PENDING,MODEL_VALIDATED_REVIEW_ONLY,2026-08-08,False,REDRAFT V1 - REVIEW,R2_FLEX_AWARE_REPLACEMENT
RESEARCH_ONLY_GOVERNANCE_PENDING,328,86,00-0040466,Raheim Sanders,RB,CLE,20.3000,92.9000,-72.6000,-144.6200,LOW,14,preset:12_TEAM_SUPERFLEX_PPR,12-team Superflex PPR,GOVERNANCE_PENDING,MODEL_VALIDATED_REVIEW_ONLY,2026-08-08,False,REDRAFT V1 - REVIEW,R2_FLEX_AWARE_REPLACEMENT
RESEARCH_ONLY_GOVERNANCE_PENDING,329,55,00-0037324,Chris Oladokun,QB,KC,11.2000,84.9000,-73.7000,-160.7000,LOW,14,preset:12_TEAM_SUPERFLEX_PPR,12-team Superflex PPR,GOVERNANCE_PENDING,MODEL_VALIDATED_REVIEW_ONLY,2026-08-08,False,REDRAFT V1 - REVIEW,R2_FLEX_AWARE_REPLACEMENT
RESEARCH_ONLY_GOVERNANCE_PENDING,330,55,00-0036637,Noah Gray,TE,KC,38.8000,112.8000,-74.0000,-126.3000,LOW,14,preset:12_TEAM_SUPERFLEX_PPR,12-team Superflex PPR,GOVERNANCE_PENDING,MODEL_VALIDATED_REVIEW_ONLY,2026-08-08,False,REDRAFT V1 - REVIEW,R2_FLEX_AWARE_REPLACEMENT
RESEARCH_ONLY_GOVERNANCE_PENDING,331,135,00-0039379,Jamari Thrash,WR,CLE,20.7000,94.8000,-74.1000,-145.7000,LOW,14,preset:12_TEAM_SUPERFLEX_PPR,12-team Superflex PPR,GOVERNANCE_PENDING,MODEL_VALIDATED_REVIEW_ONLY,2026-08-08,False,REDRAFT V1 - REVIEW,R2_FLEX_AWARE_REPLACEMENT
RESEARCH_ONLY_GOVERNANCE_PENDING,332,136,00-0039623,Mason Tipton,WR,NO,20.4000,94.8000,-74.4000,-146.0000,LOW,14,preset:12_TEAM_SUPERFLEX_PPR,12-team Superflex PPR,GOVERNANCE_PENDING,MODEL_VALIDATED_REVIEW_ONLY,2026-08-08,False,REDRAFT V1 - REVIEW,R2_FLEX_AWARE_REPLACEMENT
RESEARCH_ONLY_GOVERNANCE_PENDING,333,56,00-0039398,Joe Milton III,QB,DAL,10.3200,84.9000,-74.5800,-161.5800,LOW,14,preset:12_TEAM_SUPERFLEX_PPR,12-team Superflex PPR,GOVERNANCE_PENDING,MODEL_VALIDATED_REVIEW_ONLY,2026-08-08,False,REDRAFT V1 - REVIEW,R2_FLEX_AWARE_REPLACEMENT
RESEARCH_ONLY_GOVERNANCE_PENDING,334,137,00-0035021,Ashton Dulin,WR,IND,20.0000,94.8000,-74.8000,-146.4000,LOW,14,preset:12_TEAM_SUPERFLEX_PPR,12-team Superflex PPR,GOVERNANCE_PENDING,MODEL_VALIDATED_REVIEW_ONLY,2026-08-08,False,REDRAFT V1 - REVIEW,R2_FLEX_AWARE_REPLACEMENT
RESEARCH_ONLY_GOVERNANCE_PENDING,335,138,00-0036182,Nick Westbrook-Ikhine,WR,IND,19.9000,94.8000,-74.9000,-146.5000,LOW,14,preset:12_TEAM_SUPERFLEX_PPR,12-team Superflex PPR,GOVERNANCE_PENDING,MODEL_VALIDATED_REVIEW_ONLY,2026-08-08,False,REDRAFT V1 - REVIEW,R2_FLEX_AWARE_REPLACEMENT
RESEARCH_ONLY_GOVERNANCE_PENDING,336,57,00-0027973,Andy Dalton,QB,PHI,9.5200,84.9000,-75.3800,-162.3800,LOW,14,preset:12_TEAM_SUPERFLEX_PPR,12-team Superflex PPR,GOVERNANCE_PENDING,MODEL_VALIDATED_REVIEW_ONLY,2026-08-08,False,REDRAFT V1 - REVIEW,R2_FLEX_AWARE_REPLACEMENT
RESEARCH_ONLY_GOVERNANCE_PENDING,337,87,00-0039746,Will Shipley,RB,PHI,17.5000,92.9000,-75.4000,-147.4200,LOW,14,preset:12_TEAM_SUPERFLEX_PPR,12-team Superflex PPR,GOVERNANCE_PENDING,MODEL_VALIDATED_REVIEW_ONLY,2026-08-08,False,REDRAFT V1 - REVIEW,R2_FLEX_AWARE_REPLACEMENT
RESEARCH_ONLY_GOVERNANCE_PENDING,338,56,00-0040739,Elijah Arroyo,TE,SEA,36.9000,112.8000,-75.9000,-128.2000,LOW,14,preset:12_TEAM_SUPERFLEX_PPR,12-team Superflex PPR,GOVERNANCE_PENDING,MODEL_VALIDATED_REVIEW_ONLY,2026-08-08,False,REDRAFT V1 - REVIEW,R2_FLEX_AWARE_REPLACEMENT
RESEARCH_ONLY_GOVERNANCE_PENDING,339,57,00-0036754,Brock Wright,TE,DET,36.8000,112.8000,-76.0000,-128.3000,LOW,14,preset:12_TEAM_SUPERFLEX_PPR,12-team Superflex PPR,GOVERNANCE_PENDING,MODEL_VALIDATED_REVIEW_ONLY,2026-08-08,False,REDRAFT V1 - REVIEW,R2_FLEX_AWARE_REPLACEMENT
RESEARCH_ONLY_GOVERNANCE_PENDING,340,58,00-0038046,Charlie Kolar,TE,LAC,36.2000,112.8000,-76.6000,-128.9000,LOW,14,preset:12_TEAM_SUPERFLEX_PPR,12-team Superflex PPR,GOVERNANCE_PENDING,MODEL_VALIDATED_REVIEW_ONLY,2026-08-08,False,REDRAFT V1 - REVIEW,R2_FLEX_AWARE_REPLACEMENT
RESEARCH_ONLY_GOVERNANCE_PENDING,341,139,00-0040024,Darius Cooper,WR,PHI,18.2000,94.8000,-76.6000,-148.2000,LOW,14,preset:12_TEAM_SUPERFLEX_PPR,12-team Superflex PPR,GOVERNANCE_PENDING,MODEL_VALIDATED_REVIEW_ONLY,2026-08-08,False,REDRAFT V1 - REVIEW,R2_FLEX_AWARE_REPLACEMENT
RESEARCH_ONLY_GOVERNANCE_PENDING,342,140,00-0035891,Cody White,WR,SEA,18.0000,94.8000,-76.8000,-148.4000,LOW,14,preset:12_TEAM_SUPERFLEX_PPR,12-team Superflex PPR,GOVERNANCE_PENDING,MODEL_VALIDATED_REVIEW_ONLY,2026-08-08,False,REDRAFT V1 - REVIEW,R2_FLEX_AWARE_REPLACEMENT
RESEARCH_ONLY_GOVERNANCE_PENDING,343,141,00-0039589,Kameron Johnson,WR,TB,17.7000,94.8000,-77.1000,-148.7000,LOW,14,preset:12_TEAM_SUPERFLEX_PPR,12-team Superflex PPR,GOVERNANCE_PENDING,MODEL_VALIDATED_REVIEW_ONLY,2026-08-08,False,REDRAFT V1 - REVIEW,R2_FLEX_AWARE_REPLACEMENT
RESEARCH_ONLY_GOVERNANCE_PENDING,344,58,00-0038102,Kenny Pickett,QB,CAR,7.7200,84.9000,-77.1800,-164.1800,LOW,14,preset:12_TEAM_SUPERFLEX_PPR,12-team Superflex PPR,GOVERNANCE_PENDING,MODEL_VALIDATED_REVIEW_ONLY,2026-08-08,False,REDRAFT V1 - REVIEW,R2_FLEX_AWARE_REPLACEMENT
RESEARCH_ONLY_GOVERNANCE_PENDING,345,88,00-0039794,Braelon Allen,RB,NYJ,15.3000,92.9000,-77.6000,-149.6200,LOW,14,preset:12_TEAM_SUPERFLEX_PPR,12-team Superflex PPR,GOVERNANCE_PENDING,MODEL_VALIDATED_REVIEW_ONLY,2026-08-08,False,REDRAFT V1 - REVIEW,R2_FLEX_AWARE_REPLACEMENT
RESEARCH_ONLY_GOVERNANCE_PENDING,346,89,00-0039757,Terrell Jennings,RB,NE,15.2000,92.9000,-77.7000,-149.7200,LOW,14,preset:12_TEAM_SUPERFLEX_PPR,12-team Superflex PPR,GOVERNANCE_PENDING,MODEL_VALIDATED_REVIEW_ONLY,2026-08-08,False,REDRAFT V1 - REVIEW,R2_FLEX_AWARE_REPLACEMENT
RESEARCH_ONLY_GOVERNANCE_PENDING,347,142,00-0036862,Ben Skowronek,WR,PIT,16.9000,94.8000,-77.9000,-149.5000,LOW,14,preset:12_TEAM_SUPERFLEX_PPR,12-team Superflex PPR,GOVERNANCE_PENDING,MODEL_VALIDATED_REVIEW_ONLY,2026-08-08,False,REDRAFT V1 - REVIEW,R2_FLEX_AWARE_REPLACEMENT
RESEARCH_ONLY_GOVERNANCE_PENDING,348,143,00-0040563,Efton Chism III,WR,NE,16.5000,94.8000,-78.3000,-149.9000,LOW,14,preset:12_TEAM_SUPERFLEX_PPR,12-team Superflex PPR,GOVERNANCE_PENDING,MODEL_VALIDATED_REVIEW_ONLY,2026-08-08,False,REDRAFT V1 - REVIEW,R2_FLEX_AWARE_REPLACEMENT
RESEARCH_ONLY_GOVERNANCE_PENDING,349,144,00-0040184,KeAndre Lambert-Smith,WR,LAC,16.1000,94.8000,-78.7000,-150.3000,LOW,14,preset:12_TEAM_SUPERFLEX_PPR,12-team Superflex PPR,GOVERNANCE_PENDING,MODEL_VALIDATED_REVIEW_ONLY,2026-08-08,False,REDRAFT V1 - REVIEW,R2_FLEX_AWARE_REPLACEMENT
RESEARCH_ONLY_GOVERNANCE_PENDING,350,145,00-0038891,Shedrick Jackson,WR,LV,15.9000,94.8000,-78.9000,-150.5000,LOW,14,preset:12_TEAM_SUPERFLEX_PPR,12-team Superflex PPR,GOVERNANCE_PENDING,MODEL_VALIDATED_REVIEW_ONLY,2026-08-08,False,REDRAFT V1 - REVIEW,R2_FLEX_AWARE_REPLACEMENT
RESEARCH_ONLY_GOVERNANCE_PENDING,351,146,00-0035298,Scott Miller,WR,CHI,15.2000,94.8000,-79.6000,-151.2000,LOW,14,preset:12_TEAM_SUPERFLEX_PPR,12-team Superflex PPR,GOVERNANCE_PENDING,MODEL_VALIDATED_REVIEW_ONLY,2026-08-08,False,REDRAFT V1 - REVIEW,R2_FLEX_AWARE_REPLACEMENT
RESEARCH_ONLY_GOVERNANCE_PENDING,352,147,00-0038090,Skyy Moore,WR,GB,14.8000,94.8000,-80.0000,-151.6000,LOW,14,preset:12_TEAM_SUPERFLEX_PPR,12-team Superflex PPR,GOVERNANCE_PENDING,MODEL_VALIDATED_REVIEW_ONLY,2026-08-08,False,REDRAFT V1 - REVIEW,R2_FLEX_AWARE_REPLACEMENT
RESEARCH_ONLY_GOVERNANCE_PENDING,353,59,00-0038579,Aidan O'Connell,QB,LV,4.7800,84.9000,-80.1200,-167.1200,LOW,14,preset:12_TEAM_SUPERFLEX_PPR,12-team Superflex PPR,GOVERNANCE_PENDING,MODEL_VALIDATED_REVIEW_ONLY,2026-08-08,False,REDRAFT V1 - REVIEW,R2_FLEX_AWARE_REPLACEMENT
RESEARCH_ONLY_GOVERNANCE_PENDING,354,59,00-0037004,Hunter Long,TE,JAX,32.5000,112.8000,-80.3000,-132.6000,LOW,14,preset:12_TEAM_SUPERFLEX_PPR,12-team Superflex PPR,GOVERNANCE_PENDING,MODEL_VALIDATED_REVIEW_ONLY,2026-08-08,False,REDRAFT V1 - REVIEW,R2_FLEX_AWARE_REPLACEMENT
RESEARCH_ONLY_GOVERNANCE_PENDING,355,148,00-0036630,Tylan Wallace,WR,CLE,14.5000,94.8000,-80.3000,-151.9000,LOW,14,preset:12_TEAM_SUPERFLEX_PPR,12-team Superflex PPR,GOVERNANCE_PENDING,MODEL_VALIDATED_REVIEW_ONLY,2026-08-08,False,REDRAFT V1 - REVIEW,R2_FLEX_AWARE_REPLACEMENT
RESEARCH_ONLY_GOVERNANCE_PENDING,356,60,00-0040494,Max Brosmer,QB,MIN,4.2200,84.9000,-80.6800,-167.6800,LOW,14,preset:12_TEAM_SUPERFLEX_PPR,12-team Superflex PPR,GOVERNANCE_PENDING,MODEL_VALIDATED_REVIEW_ONLY,2026-08-08,False,REDRAFT V1 - REVIEW,R2_FLEX_AWARE_REPLACEMENT
RESEARCH_ONLY_GOVERNANCE_PENDING,357,60,00-0035631,Drew Sample,TE,CIN,31.9000,112.8000,-80.9000,-133.2000,LOW,14,preset:12_TEAM_SUPERFLEX_PPR,12-team Superflex PPR,GOVERNANCE_PENDING,MODEL_VALIDATED_REVIEW_ONLY,2026-08-08,False,REDRAFT V1 - REVIEW,R2_FLEX_AWARE_REPLACEMENT
RESEARCH_ONLY_GOVERNANCE_PENDING,358,61,00-0036679,Shane Buechele,QB,BUF,3.9200,84.9000,-80.9800,-167.9800,LOW,14,preset:12_TEAM_SUPERFLEX_PPR,12-team Superflex PPR,GOVERNANCE_PENDING,MODEL_VALIDATED_REVIEW_ONLY,2026-08-08,False,REDRAFT V1 - REVIEW,R2_FLEX_AWARE_REPLACEMENT
RESEARCH_ONLY_GOVERNANCE_PENDING,359,149,00-0039521,Xavier Weaver,WR,AZ,13.7000,94.8000,-81.1000,-152.7000,LOW,14,preset:12_TEAM_SUPERFLEX_PPR,12-team Superflex PPR,GOVERNANCE_PENDING,MODEL_VALIDATED_REVIEW_ONLY,2026-08-08,False,REDRAFT V1 - REVIEW,R2_FLEX_AWARE_REPLACEMENT
RESEARCH_ONLY_GOVERNANCE_PENDING,360,90,00-0040644,Trevor Etienne,RB,CAR,11.7000,92.9000,-81.2000,-153.2200,LOW,14,preset:12_TEAM_SUPERFLEX_PPR,12-team Superflex PPR,GOVERNANCE_PENDING,MODEL_VALIDATED_REVIEW_ONLY,2026-08-08,False,REDRAFT V1 - REVIEW,R2_FLEX_AWARE_REPLACEMENT
RESEARCH_ONLY_GOVERNANCE_PENDING,361,150,00-0040582,Arian Smith,WR,NYJ,13.5000,94.8000,-81.3000,-152.9000,LOW,14,preset:12_TEAM_SUPERFLEX_PPR,12-team Superflex PPR,GOVERNANCE_PENDING,MODEL_VALIDATED_REVIEW_ONLY,2026-08-08,False,REDRAFT V1 - REVIEW,R2_FLEX_AWARE_REPLACEMENT
RESEARCH_ONLY_GOVERNANCE_PENDING,362,151,00-0036959,Michael Bandy,WR,DEN,13.0000,94.8000,-81.8000,-153.4000,LOW,14,preset:12_TEAM_SUPERFLEX_PPR,12-team Superflex PPR,GOVERNANCE_PENDING,MODEL_VALIDATED_REVIEW_ONLY,2026-08-08,False,REDRAFT V1 - REVIEW,R2_FLEX_AWARE_REPLACEMENT
RESEARCH_ONLY_GOVERNANCE_PENDING,363,91,00-0036842,Kene Nwangwu,RB,NYJ,10.9000,92.9000,-82.0000,-154.0200,LOW,14,preset:12_TEAM_SUPERFLEX_PPR,12-team Superflex PPR,GOVERNANCE_PENDING,MODEL_VALIDATED_REVIEW_ONLY,2026-08-08,False,REDRAFT V1 - REVIEW,R2_FLEX_AWARE_REPLACEMENT
RESEARCH_ONLY_GOVERNANCE_PENDING,364,92,00-0040021,Phil Mafah,RB,DAL,10.9000,92.9000,-82.0000,-154.0200,LOW,14,preset:12_TEAM_SUPERFLEX_PPR,12-team Superflex PPR,GOVERNANCE_PENDING,MODEL_VALIDATED_REVIEW_ONLY,2026-08-08,False,REDRAFT V1 - REVIEW,R2_FLEX_AWARE_REPLACEMENT
RESEARCH_ONLY_GOVERNANCE_PENDING,365,62,00-0031237,Teddy Bridgewater,QB,DET,2.8800,84.9000,-82.0200,-169.0200,LOW,14,preset:12_TEAM_SUPERFLEX_PPR,12-team Superflex PPR,GOVERNANCE_PENDING,MODEL_VALIDATED_REVIEW_ONLY,2026-08-08,False,REDRAFT V1 - REVIEW,R2_FLEX_AWARE_REPLACEMENT
RESEARCH_ONLY_GOVERNANCE_PENDING,366,61,00-0033217,Mo Alie-Cox,TE,IND,30.7000,112.8000,-82.1000,-134.4000,LOW,14,preset:12_TEAM_SUPERFLEX_PPR,12-team Superflex PPR,GOVERNANCE_PENDING,MODEL_VALIDATED_REVIEW_ONLY,2026-08-08,False,REDRAFT V1 - REVIEW,R2_FLEX_AWARE_REPLACEMENT
RESEARCH_ONLY_GOVERNANCE_PENDING,367,63,00-0038416,Tyson Bagent,QB,CHI,2.5800,84.9000,-82.3200,-169.3200,LOW,14,preset:12_TEAM_SUPERFLEX_PPR,12-team Superflex PPR,GOVERNANCE_PENDING,MODEL_VALIDATED_REVIEW_ONLY,2026-08-08,False,REDRAFT V1 - REVIEW,R2_FLEX_AWARE_REPLACEMENT
RESEARCH_ONLY_GOVERNANCE_PENDING,368,152,00-0040259,Gage Larvadain,WR,CLE,12.4000,94.8000,-82.4000,-154.0000,LOW,14,preset:12_TEAM_SUPERFLEX_PPR,12-team Superflex PPR,GOVERNANCE_PENDING,MODEL_VALIDATED_REVIEW_ONLY,2026-08-08,False,REDRAFT V1 - REVIEW,R2_FLEX_AWARE_REPLACEMENT
RESEARCH_ONLY_GOVERNANCE_PENDING,369,64,00-0039164,Anthony Richardson,QB,IND,2.1600,84.9000,-82.7400,-169.7400,LOW,14,preset:12_TEAM_SUPERFLEX_PPR,12-team Superflex PPR,GOVERNANCE_PENDING,MODEL_VALIDATED_REVIEW_ONLY,2026-08-08,False,REDRAFT V1 - REVIEW,R2_FLEX_AWARE_REPLACEMENT
RESEARCH_ONLY_GOVERNANCE_PENDING,370,93,00-0037329,Brittain Brown,RB,CHI,9.7000,92.9000,-83.2000,-155.2200,LOW,14,preset:12_TEAM_SUPERFLEX_PPR,12-team Superflex PPR,GOVERNANCE_PENDING,MODEL_VALIDATED_REVIEW_ONLY,2026-08-08,False,REDRAFT V1 - REVIEW,R2_FLEX_AWARE_REPLACEMENT
RESEARCH_ONLY_GOVERNANCE_PENDING,371,62,00-0036887,Luke Farrell,TE,SF,29.5000,112.8000,-83.3000,-135.6000,LOW,14,preset:12_TEAM_SUPERFLEX_PPR,12-team Superflex PPR,GOVERNANCE_PENDING,MODEL_VALIDATED_REVIEW_ONLY,2026-08-08,False,REDRAFT V1 - REVIEW,R2_FLEX_AWARE_REPLACEMENT
RESEARCH_ONLY_GOVERNANCE_PENDING,372,94,00-0040179,DJ Giddens,RB,IND,9.6000,92.9000,-83.3000,-155.3200,LOW,14,preset:12_TEAM_SUPERFLEX_PPR,12-team Superflex PPR,GOVERNANCE_PENDING,MODEL_VALIDATED_REVIEW_ONLY,2026-08-08,False,REDRAFT V1 - REVIEW,R2_FLEX_AWARE_REPLACEMENT
RESEARCH_ONLY_GOVERNANCE_PENDING,373,153,00-0038824,Ryan Miller,WR,NYG,11.4000,94.8000,-83.4000,-155.0000,LOW,14,preset:12_TEAM_SUPERFLEX_PPR,12-team Superflex PPR,GOVERNANCE_PENDING,MODEL_VALIDATED_REVIEW_ONLY,2026-08-08,False,REDRAFT V1 - REVIEW,R2_FLEX_AWARE_REPLACEMENT
RESEARCH_ONLY_GOVERNANCE_PENDING,374,65,00-0037013,Zach Wilson,QB,NO,1.3800,84.9000,-83.5200,-170.5200,LOW,14,preset:12_TEAM_SUPERFLEX_PPR,12-team Superflex PPR,GOVERNANCE_PENDING,MODEL_VALIDATED_REVIEW_ONLY,2026-08-08,False,REDRAFT V1 - REVIEW,R2_FLEX_AWARE_REPLACEMENT
RESEARCH_ONLY_GOVERNANCE_PENDING,375,154,00-0038953,Dylan Drummond,WR,ATL,11.2000,94.8000,-83.6000,-155.2000,LOW,14,preset:12_TEAM_SUPERFLEX_PPR,12-team Superflex PPR,GOVERNANCE_PENDING,MODEL_VALIDATED_REVIEW_ONLY,2026-08-08,False,REDRAFT V1 - REVIEW,R2_FLEX_AWARE_REPLACEMENT
RESEARCH_ONLY_GOVERNANCE_PENDING,376,95,00-0040556,Corey Kiner,RB,AZ,9.3000,92.9000,-83.6000,-155.6200,LOW,14,preset:12_TEAM_SUPERFLEX_PPR,12-team Superflex PPR,GOVERNANCE_PENDING,MODEL_VALIDATED_REVIEW_ONLY,2026-08-08,False,REDRAFT V1 - REVIEW,R2_FLEX_AWARE_REPLACEMENT
RESEARCH_ONLY_GOVERNANCE_PENDING,377,63,00-0038720,Julian Hill,TE,NE,29.0000,112.8000,-83.8000,-136.1000,LOW,14,preset:12_TEAM_SUPERFLEX_PPR,12-team Superflex PPR,GOVERNANCE_PENDING,MODEL_VALIDATED_REVIEW_ONLY,2026-08-08,False,REDRAFT V1 - REVIEW,R2_FLEX_AWARE_REPLACEMENT
RESEARCH_ONLY_GOVERNANCE_PENDING,378,96,00-0036265,AJ Dillon,RB,CAR,9.1000,92.9000,-83.8000,-155.8200,LOW,14,preset:12_TEAM_SUPERFLEX_PPR,12-team Superflex PPR,GOVERNANCE_PENDING,MODEL_VALIDATED_REVIEW_ONLY,2026-08-08,False,REDRAFT V1 - REVIEW,R2_FLEX_AWARE_REPLACEMENT
RESEARCH_ONLY_GOVERNANCE_PENDING,379,66,00-0032434,Brandon Allen,QB,NYG,0.8800,84.9000,-84.0200,-171.0200,LOW,14,preset:12_TEAM_SUPERFLEX_PPR,12-team Superflex PPR,GOVERNANCE_PENDING,MODEL_VALIDATED_REVIEW_ONLY,2026-08-08,False,REDRAFT V1 - REVIEW,R2_FLEX_AWARE_REPLACEMENT
RESEARCH_ONLY_GOVERNANCE_PENDING,380,97,00-0037276,Ty Chandler,RB,NO,8.8000,92.9000,-84.1000,-156.1200,LOW,14,preset:12_TEAM_SUPERFLEX_PPR,12-team Superflex PPR,GOVERNANCE_PENDING,MODEL_VALIDATED_REVIEW_ONLY,2026-08-08,False,REDRAFT V1 - REVIEW,R2_FLEX_AWARE_REPLACEMENT
RESEARCH_ONLY_GOVERNANCE_PENDING,381,98,00-0040142,Kaleb Johnson,RB,PIT,8.8000,92.9000,-84.1000,-156.1200,LOW,14,preset:12_TEAM_SUPERFLEX_PPR,12-team Superflex PPR,GOVERNANCE_PENDING,MODEL_VALIDATED_REVIEW_ONLY,2026-08-08,False,REDRAFT V1 - REVIEW,R2_FLEX_AWARE_REPLACEMENT
RESEARCH_ONLY_GOVERNANCE_PENDING,382,64,00-0039912,Ben Sinnott,TE,WAS,28.4000,112.8000,-84.4000,-136.7000,LOW,14,preset:12_TEAM_SUPERFLEX_PPR,12-team Superflex PPR,GOVERNANCE_PENDING,MODEL_VALIDATED_REVIEW_ONLY,2026-08-08,False,REDRAFT V1 - REVIEW,R2_FLEX_AWARE_REPLACEMENT
RESEARCH_ONLY_GOVERNANCE_PENDING,383,155,00-0038647,Ronnie Bell,WR,NO,10.3000,94.8000,-84.5000,-156.1000,LOW,14,preset:12_TEAM_SUPERFLEX_PPR,12-team Superflex PPR,GOVERNANCE_PENDING,MODEL_VALIDATED_REVIEW_ONLY,2026-08-08,False,REDRAFT V1 - REVIEW,R2_FLEX_AWARE_REPLACEMENT
RESEARCH_ONLY_GOVERNANCE_PENDING,384,67,00-0035704,Drew Lock,QB,SEA,0.1000,84.9000,-84.8000,-171.8000,LOW,14,preset:12_TEAM_SUPERFLEX_PPR,12-team Superflex PPR,GOVERNANCE_PENDING,MODEL_VALIDATED_REVIEW_ONLY,2026-08-08,False,REDRAFT V1 - REVIEW,R2_FLEX_AWARE_REPLACEMENT
RESEARCH_ONLY_GOVERNANCE_PENDING,385,68,00-0033319,Nick Mullens,QB,JAX,-0.0400,84.9000,-84.9400,-171.9400,MEDIUM,14,preset:12_TEAM_SUPERFLEX_PPR,12-team Superflex PPR,GOVERNANCE_PENDING,MODEL_VALIDATED_REVIEW_ONLY,2026-08-08,False,REDRAFT V1 - REVIEW,R2_FLEX_AWARE_REPLACEMENT
RESEARCH_ONLY_GOVERNANCE_PENDING,386,69,00-0039577,Kedon Slovis,QB,AZ,-0.0800,84.9000,-84.9800,-171.9800,MEDIUM,14,preset:12_TEAM_SUPERFLEX_PPR,12-team Superflex PPR,GOVERNANCE_PENDING,MODEL_VALIDATED_REVIEW_ONLY,2026-08-08,False,REDRAFT V1 - REVIEW,R2_FLEX_AWARE_REPLACEMENT
RESEARCH_ONLY_GOVERNANCE_PENDING,387,70,00-0035264,Jarrett Stidham,QB,DEN,-0.1000,84.9000,-85.0000,-172.0000,MEDIUM,14,preset:12_TEAM_SUPERFLEX_PPR,12-team Superflex PPR,GOVERNANCE_PENDING,MODEL_VALIDATED_REVIEW_ONLY,2026-08-08,False,REDRAFT V1 - REVIEW,R2_FLEX_AWARE_REPLACEMENT
RESEARCH_ONLY_GOVERNANCE_PENDING,388,71,00-0038658,Adrian Martinez,QB,SF,-0.1000,84.9000,-85.0000,-172.0000,MEDIUM,14,preset:12_TEAM_SUPERFLEX_PPR,12-team Superflex PPR,GOVERNANCE_PENDING,MODEL_VALIDATED_REVIEW_ONLY,2026-08-08,False,REDRAFT V1 - REVIEW,R2_FLEX_AWARE_REPLACEMENT
RESEARCH_ONLY_GOVERNANCE_PENDING,389,156,00-0034419,Braxton Berrios,WR,NYG,9.7000,94.8000,-85.1000,-156.7000,LOW,14,preset:12_TEAM_SUPERFLEX_PPR,12-team Superflex PPR,GOVERNANCE_PENDING,MODEL_VALIDATED_REVIEW_ONLY,2026-08-08,False,REDRAFT V1 - REVIEW,R2_FLEX_AWARE_REPLACEMENT
RESEARCH_ONLY_GOVERNANCE_PENDING,390,99,00-0039603,British Brooks,RB,HOU,7.8000,92.9000,-85.1000,-157.1200,LOW,14,preset:12_TEAM_SUPERFLEX_PPR,12-team Superflex PPR,GOVERNANCE_PENDING,MODEL_VALIDATED_REVIEW_ONLY,2026-08-08,False,REDRAFT V1 - REVIEW,R2_FLEX_AWARE_REPLACEMENT
RESEARCH_ONLY_GOVERNANCE_PENDING,391,72,00-0034577,Kyle Allen,QB,BUF,-0.3000,84.9000,-85.2000,-172.2000,MEDIUM,14,preset:12_TEAM_SUPERFLEX_PPR,12-team Superflex PPR,GOVERNANCE_PENDING,MODEL_VALIDATED_REVIEW_ONLY,2026-08-08,False,REDRAFT V1 - REVIEW,R2_FLEX_AWARE_REPLACEMENT
RESEARCH_ONLY_GOVERNANCE_PENDING,392,73,00-0035289,Gardner Minshew,QB,AZ,-0.3200,84.9000,-85.2200,-172.2200,MEDIUM,14,preset:12_TEAM_SUPERFLEX_PPR,12-team Superflex PPR,GOVERNANCE_PENDING,MODEL_VALIDATED_REVIEW_ONLY,2026-08-08,False,REDRAFT V1 - REVIEW,R2_FLEX_AWARE_REPLACEMENT
RESEARCH_ONLY_GOVERNANCE_PENDING,393,157,00-0034418,Cedrick Wilson Jr.,WR,DET,9.4000,94.8000,-85.4000,-157.0000,LOW,14,preset:12_TEAM_SUPERFLEX_PPR,12-team Superflex PPR,GOVERNANCE_PENDING,MODEL_VALIDATED_REVIEW_ONLY,2026-08-08,False,REDRAFT V1 - REVIEW,R2_FLEX_AWARE_REPLACEMENT
RESEARCH_ONLY_GOVERNANCE_PENDING,394,65,00-0036628,John Bates,TE,WAS,27.3000,112.8000,-85.5000,-137.8000,LOW,14,preset:12_TEAM_SUPERFLEX_PPR,12-team Superflex PPR,GOVERNANCE_PENDING,MODEL_VALIDATED_REVIEW_ONLY,2026-08-08,False,REDRAFT V1 - REVIEW,R2_FLEX_AWARE_REPLACEMENT
RESEARCH_ONLY_GOVERNANCE_PENDING,395,66,00-0038547,Luke Schoonmaker,TE,DAL,27.2000,112.8000,-85.6000,-137.9000,LOW,14,preset:12_TEAM_SUPERFLEX_PPR,12-team Superflex PPR,GOVERNANCE_PENDING,MODEL_VALIDATED_REVIEW_ONLY,2026-08-08,False,REDRAFT V1 - REVIEW,R2_FLEX_AWARE_REPLACEMENT
RESEARCH_ONLY_GOVERNANCE_PENDING,396,158,00-0038938,Jalin Hyatt,WR,NYG,8.5000,94.8000,-86.3000,-157.9000,LOW,14,preset:12_TEAM_SUPERFLEX_PPR,12-team Superflex PPR,GOVERNANCE_PENDING,MODEL_VALIDATED_REVIEW_ONLY,2026-08-08,False,REDRAFT V1 - REVIEW,R2_FLEX_AWARE_REPLACEMENT
RESEARCH_ONLY_GOVERNANCE_PENDING,397,100,00-0038397,Evan Hull,RB,HOU,6.4000,92.9000,-86.5000,-158.5200,LOW,14,preset:12_TEAM_SUPERFLEX_PPR,12-team Superflex PPR,GOVERNANCE_PENDING,MODEL_VALIDATED_REVIEW_ONLY,2026-08-08,False,REDRAFT V1 - REVIEW,R2_FLEX_AWARE_REPLACEMENT
RESEARCH_ONLY_GOVERNANCE_PENDING,398,101,00-0040208,Tahj Brooks,RB,CIN,6.4000,92.9000,-86.5000,-158.5200,LOW,14,preset:12_TEAM_SUPERFLEX_PPR,12-team Superflex PPR,GOVERNANCE_PENDING,MODEL_VALIDATED_REVIEW_ONLY,2026-08-08,False,REDRAFT V1 - REVIEW,R2_FLEX_AWARE_REPLACEMENT
RESEARCH_ONLY_GOVERNANCE_PENDING,399,74,00-0040673,Jalen Milroe,QB,SEA,-1.6000,84.9000,-86.5000,-173.5000,MEDIUM,14,preset:12_TEAM_SUPERFLEX_PPR,12-team Superflex PPR,GOVERNANCE_PENDING,MODEL_VALIDATED_REVIEW_ONLY,2026-08-08,False,REDRAFT V1 - REVIEW,R2_FLEX_AWARE_REPLACEMENT
RESEARCH_ONLY_GOVERNANCE_PENDING,400,159,00-0035544,Tom Kennedy,WR,DET,7.6000,94.8000,-87.2000,-158.8000,LOW,14,preset:12_TEAM_SUPERFLEX_PPR,12-team Superflex PPR,GOVERNANCE_PENDING,MODEL_VALIDATED_REVIEW_ONLY,2026-08-08,False,REDRAFT V1 - REVIEW,R2_FLEX_AWARE_REPLACEMENT
RESEARCH_ONLY_GOVERNANCE_PENDING,401,160,00-0036841,Austin Trammell,WR,JAX,7.6000,94.8000,-87.2000,-158.8000,LOW,14,preset:12_TEAM_SUPERFLEX_PPR,12-team Superflex PPR,GOVERNANCE_PENDING,MODEL_VALIDATED_REVIEW_ONLY,2026-08-08,False,REDRAFT V1 - REVIEW,R2_FLEX_AWARE_REPLACEMENT
RESEARCH_ONLY_GOVERNANCE_PENDING,402,161,00-0040522,Xavier Restrepo,WR,TEN,7.1000,94.8000,-87.7000,-159.3000,LOW,14,preset:12_TEAM_SUPERFLEX_PPR,12-team Superflex PPR,GOVERNANCE_PENDING,MODEL_VALIDATED_REVIEW_ONLY,2026-08-08,False,REDRAFT V1 - REVIEW,R2_FLEX_AWARE_REPLACEMENT
RESEARCH_ONLY_GOVERNANCE_PENDING,403,102,00-0037120,Tyler Goodson,RB,ATL,5.2000,92.9000,-87.7000,-159.7200,LOW,14,preset:12_TEAM_SUPERFLEX_PPR,12-team Superflex PPR,GOVERNANCE_PENDING,MODEL_VALIDATED_REVIEW_ONLY,2026-08-08,False,REDRAFT V1 - REVIEW,R2_FLEX_AWARE_REPLACEMENT
RESEARCH_ONLY_GOVERNANCE_PENDING,404,162,00-0036176,Mason Kinsey,WR,TEN,6.8000,94.8000,-88.0000,-159.6000,LOW,14,preset:12_TEAM_SUPERFLEX_PPR,12-team Superflex PPR,GOVERNANCE_PENDING,MODEL_VALIDATED_REVIEW_ONLY,2026-08-08,False,REDRAFT V1 - REVIEW,R2_FLEX_AWARE_REPLACEMENT
RESEARCH_ONLY_GOVERNANCE_PENDING,405,163,00-0037093,Dareke Young,WR,LV,6.8000,94.8000,-88.0000,-159.6000,LOW,14,preset:12_TEAM_SUPERFLEX_PPR,12-team Superflex PPR,GOVERNANCE_PENDING,MODEL_VALIDATED_REVIEW_ONLY,2026-08-08,False,REDRAFT V1 - REVIEW,R2_FLEX_AWARE_REPLACEMENT
RESEARCH_ONLY_GOVERNANCE_PENDING,406,103,00-0036187,Reggie Gilliam,RB,NE,4.8000,92.9000,-88.1000,-160.1200,LOW,14,preset:12_TEAM_SUPERFLEX_PPR,12-team Superflex PPR,GOVERNANCE_PENDING,MODEL_VALIDATED_REVIEW_ONLY,2026-08-08,False,REDRAFT V1 - REVIEW,R2_FLEX_AWARE_REPLACEMENT
RESEARCH_ONLY_GOVERNANCE_PENDING,407,104,00-0037557,Ronnie Rivers,RB,LA,4.6000,92.9000,-88.3000,-160.3200,LOW,14,preset:12_TEAM_SUPERFLEX_PPR,12-team Superflex PPR,GOVERNANCE_PENDING,MODEL_VALIDATED_REVIEW_ONLY,2026-08-08,False,REDRAFT V1 - REVIEW,R2_FLEX_AWARE_REPLACEMENT
RESEARCH_ONLY_GOVERNANCE_PENDING,408,67,00-0034365,Ian Thomas,TE,LV,24.4000,112.8000,-88.4000,-140.7000,LOW,14,preset:12_TEAM_SUPERFLEX_PPR,12-team Superflex PPR,GOVERNANCE_PENDING,MODEL_VALIDATED_REVIEW_ONLY,2026-08-08,False,REDRAFT V1 - REVIEW,R2_FLEX_AWARE_REPLACEMENT
RESEARCH_ONLY_GOVERNANCE_PENDING,409,164,00-0037487,Deven Thompkins,WR,LV,6.2000,94.8000,-88.6000,-160.2000,LOW,14,preset:12_TEAM_SUPERFLEX_PPR,12-team Superflex PPR,GOVERNANCE_PENDING,MODEL_VALIDATED_REVIEW_ONLY,2026-08-08,False,REDRAFT V1 - REVIEW,R2_FLEX_AWARE_REPLACEMENT
RESEARCH_ONLY_GOVERNANCE_PENDING,410,165,00-0038640,Jalen Brooks,WR,AZ,6.1000,94.8000,-88.7000,-160.3000,LOW,14,preset:12_TEAM_SUPERFLEX_PPR,12-team Superflex PPR,GOVERNANCE_PENDING,MODEL_VALIDATED_REVIEW_ONLY,2026-08-08,False,REDRAFT V1 - REVIEW,R2_FLEX_AWARE_REPLACEMENT
RESEARCH_ONLY_GOVERNANCE_PENDING,411,68,00-0039530,Brevyn Spann-Ford,TE,DAL,24.0000,112.8000,-88.8000,-141.1000,LOW,14,preset:12_TEAM_SUPERFLEX_PPR,12-team Superflex PPR,GOVERNANCE_PENDING,MODEL_VALIDATED_REVIEW_ONLY,2026-08-08,False,REDRAFT V1 - REVIEW,R2_FLEX_AWARE_REPLACEMENT
RESEARCH_ONLY_GOVERNANCE_PENDING,412,166,00-0034386,Justin Watson,WR,HOU,6.0000,94.8000,-88.8000,-160.4000,LOW,14,preset:12_TEAM_SUPERFLEX_PPR,12-team Superflex PPR,GOVERNANCE_PENDING,MODEL_VALIDATED_REVIEW_ONLY,2026-08-08,False,REDRAFT V1 - REVIEW,R2_FLEX_AWARE_REPLACEMENT
RESEARCH_ONLY_GOVERNANCE_PENDING,413,167,00-0038576,Charlie Jones,WR,CIN,6.0000,94.8000,-88.8000,-160.4000,LOW,14,preset:12_TEAM_SUPERFLEX_PPR,12-team Superflex PPR,GOVERNANCE_PENDING,MODEL_VALIDATED_REVIEW_ONLY,2026-08-08,False,REDRAFT V1 - REVIEW,R2_FLEX_AWARE_REPLACEMENT
RESEARCH_ONLY_GOVERNANCE_PENDING,414,105,00-0037594,Julius Chestnut,RB,TEN,4.0000,92.9000,-88.9000,-160.9200,LOW,14,preset:12_TEAM_SUPERFLEX_PPR,12-team Superflex PPR,GOVERNANCE_PENDING,MODEL_VALIDATED_REVIEW_ONLY,2026-08-08,False,REDRAFT V1 - REVIEW,R2_FLEX_AWARE_REPLACEMENT
RESEARCH_ONLY_GOVERNANCE_PENDING,415,106,00-0040547,Nate Carter,RB,ATL,4.0000,92.9000,-88.9000,-160.9200,LOW,14,preset:12_TEAM_SUPERFLEX_PPR,12-team Superflex PPR,GOVERNANCE_PENDING,MODEL_VALIDATED_REVIEW_ONLY,2026-08-08,False,REDRAFT V1 - REVIEW,R2_FLEX_AWARE_REPLACEMENT
RESEARCH_ONLY_GOVERNANCE_PENDING,416,107,00-0039407,Dylan Laube,RB,LV,3.7000,92.9000,-89.2000,-161.2200,LOW,14,preset:12_TEAM_SUPERFLEX_PPR,12-team Superflex PPR,GOVERNANCE_PENDING,MODEL_VALIDATED_REVIEW_ONLY,2026-08-08,False,REDRAFT V1 - REVIEW,R2_FLEX_AWARE_REPLACEMENT
RESEARCH_ONLY_GOVERNANCE_PENDING,417,168,00-0040154,Tai Felton,WR,MIN,5.5000,94.8000,-89.3000,-160.9000,LOW,14,preset:12_TEAM_SUPERFLEX_PPR,12-team Superflex PPR,GOVERNANCE_PENDING,MODEL_VALIDATED_REVIEW_ONLY,2026-08-08,False,REDRAFT V1 - REVIEW,R2_FLEX_AWARE_REPLACEMENT
RESEARCH_ONLY_GOVERNANCE_PENDING,418,108,00-0037258,Dameon Pierce,RB,PHI,3.6000,92.9000,-89.3000,-161.3200,LOW,14,preset:12_TEAM_SUPERFLEX_PPR,12-team Superflex PPR,GOVERNANCE_PENDING,MODEL_VALIDATED_REVIEW_ONLY,2026-08-08,False,REDRAFT V1 - REVIEW,R2_FLEX_AWARE_REPLACEMENT
RESEARCH_ONLY_GOVERNANCE_PENDING,419,169,00-0034487,Trent Sherfield,WR,BUF,5.1000,94.8000,-89.7000,-161.3000,LOW,14,preset:12_TEAM_SUPERFLEX_PPR,12-team Superflex PPR,GOVERNANCE_PENDING,MODEL_VALIDATED_REVIEW_ONLY,2026-08-08,False,REDRAFT V1 - REVIEW,R2_FLEX_AWARE_REPLACEMENT
RESEARCH_ONLY_GOVERNANCE_PENDING,420,170,00-0039884,Tahj Washington,WR,MIA,4.7000,94.8000,-90.1000,-161.7000,LOW,14,preset:12_TEAM_SUPERFLEX_PPR,12-team Superflex PPR,GOVERNANCE_PENDING,MODEL_VALIDATED_REVIEW_ONLY,2026-08-08,False,REDRAFT V1 - REVIEW,R2_FLEX_AWARE_REPLACEMENT
RESEARCH_ONLY_GOVERNANCE_PENDING,421,69,00-0037086,Grant Calcaterra,TE,PHI,22.6000,112.8000,-90.2000,-142.5000,LOW,14,preset:12_TEAM_SUPERFLEX_PPR,12-team Superflex PPR,GOVERNANCE_PENDING,MODEL_VALIDATED_REVIEW_ONLY,2026-08-08,False,REDRAFT V1 - REVIEW,R2_FLEX_AWARE_REPLACEMENT
RESEARCH_ONLY_GOVERNANCE_PENDING,422,171,00-0036331,Devin Duvernay,WR,AZ,4.6000,94.8000,-90.2000,-161.8000,LOW,14,preset:12_TEAM_SUPERFLEX_PPR,12-team Superflex PPR,GOVERNANCE_PENDING,MODEL_VALIDATED_REVIEW_ONLY,2026-08-08,False,REDRAFT V1 - REVIEW,R2_FLEX_AWARE_REPLACEMENT
RESEARCH_ONLY_GOVERNANCE_PENDING,423,172,00-0040172,Jordan Watkins,WR,SF,4.6000,94.8000,-90.2000,-161.8000,LOW,14,preset:12_TEAM_SUPERFLEX_PPR,12-team Superflex PPR,GOVERNANCE_PENDING,MODEL_VALIDATED_REVIEW_ONLY,2026-08-08,False,REDRAFT V1 - REVIEW,R2_FLEX_AWARE_REPLACEMENT
RESEARCH_ONLY_GOVERNANCE_PENDING,424,173,00-0040432,Beaux Collins,WR,NYG,4.5000,94.8000,-90.3000,-161.9000,LOW,14,preset:12_TEAM_SUPERFLEX_PPR,12-team Superflex PPR,GOVERNANCE_PENDING,MODEL_VALIDATED_REVIEW_ONLY,2026-08-08,False,REDRAFT V1 - REVIEW,R2_FLEX_AWARE_REPLACEMENT
RESEARCH_ONLY_GOVERNANCE_PENDING,425,174,00-0037524,Tay Martin,WR,DET,4.3000,94.8000,-90.5000,-162.1000,LOW,14,preset:12_TEAM_SUPERFLEX_PPR,12-team Superflex PPR,GOVERNANCE_PENDING,MODEL_VALIDATED_REVIEW_ONLY,2026-08-08,False,REDRAFT V1 - REVIEW,R2_FLEX_AWARE_REPLACEMENT
RESEARCH_ONLY_GOVERNANCE_PENDING,426,175,00-0038519,Nikko Remigio,WR,KC,4.2000,94.8000,-90.6000,-162.2000,LOW,14,preset:12_TEAM_SUPERFLEX_PPR,12-team Superflex PPR,GOVERNANCE_PENDING,MODEL_VALIDATED_REVIEW_ONLY,2026-08-08,False,REDRAFT V1 - REVIEW,R2_FLEX_AWARE_REPLACEMENT
RESEARCH_ONLY_GOVERNANCE_PENDING,427,176,00-0037132,Britain Covey,WR,PHI,4.0000,94.8000,-90.8000,-162.4000,LOW,14,preset:12_TEAM_SUPERFLEX_PPR,12-team Superflex PPR,GOVERNANCE_PENDING,MODEL_VALIDATED_REVIEW_ONLY,2026-08-08,False,REDRAFT V1 - REVIEW,R2_FLEX_AWARE_REPLACEMENT
RESEARCH_ONLY_GOVERNANCE_PENDING,428,177,00-0038728,Jared Wayne,WR,HOU,4.0000,94.8000,-90.8000,-162.4000,LOW,14,preset:12_TEAM_SUPERFLEX_PPR,12-team Superflex PPR,GOVERNANCE_PENDING,MODEL_VALIDATED_REVIEW_ONLY,2026-08-08,False,REDRAFT V1 - REVIEW,R2_FLEX_AWARE_REPLACEMENT
RESEARCH_ONLY_GOVERNANCE_PENDING,429,178,00-0038752,Jake Bobo,WR,SEA,4.0000,94.8000,-90.8000,-162.4000,LOW,14,preset:12_TEAM_SUPERFLEX_PPR,12-team Superflex PPR,GOVERNANCE_PENDING,MODEL_VALIDATED_REVIEW_ONLY,2026-08-08,False,REDRAFT V1 - REVIEW,R2_FLEX_AWARE_REPLACEMENT
RESEARCH_ONLY_GOVERNANCE_PENDING,430,109,00-0033376,Patrick Ricard,RB,NYG,2.1000,92.9000,-90.8000,-162.8200,LOW,14,preset:12_TEAM_SUPERFLEX_PPR,12-team Superflex PPR,GOVERNANCE_PENDING,MODEL_VALIDATED_REVIEW_ONLY,2026-08-08,False,REDRAFT V1 - REVIEW,R2_FLEX_AWARE_REPLACEMENT
RESEARCH_ONLY_GOVERNANCE_PENDING,431,110,00-0036425,DeeJay Dallas,RB,JAX,2.1000,92.9000,-90.8000,-162.8200,LOW,14,preset:12_TEAM_SUPERFLEX_PPR,12-team Superflex PPR,GOVERNANCE_PENDING,MODEL_VALIDATED_REVIEW_ONLY,2026-08-08,False,REDRAFT V1 - REVIEW,R2_FLEX_AWARE_REPLACEMENT
RESEARCH_ONLY_GOVERNANCE_PENDING,432,111,00-0040067,Jacardia Wright,RB,SEA,2.0000,92.9000,-90.9000,-162.9200,LOW,14,preset:12_TEAM_SUPERFLEX_PPR,12-team Superflex PPR,GOVERNANCE_PENDING,MODEL_VALIDATED_REVIEW_ONLY,2026-08-08,False,REDRAFT V1 - REVIEW,R2_FLEX_AWARE_REPLACEMENT
RESEARCH_ONLY_GOVERNANCE_PENDING,433,112,00-0039021,Roschon Johnson,RB,CHI,1.7000,92.9000,-91.2000,-163.2200,LOW,14,preset:12_TEAM_SUPERFLEX_PPR,12-team Superflex PPR,GOVERNANCE_PENDING,MODEL_VALIDATED_REVIEW_ONLY,2026-08-08,False,REDRAFT V1 - REVIEW,R2_FLEX_AWARE_REPLACEMENT
RESEARCH_ONLY_GOVERNANCE_PENDING,434,179,00-0039062,Jonathan Mingo,WR,DAL,3.5000,94.8000,-91.3000,-162.9000,LOW,14,preset:12_TEAM_SUPERFLEX_PPR,12-team Superflex PPR,GOVERNANCE_PENDING,MODEL_VALIDATED_REVIEW_ONLY,2026-08-08,False,REDRAFT V1 - REVIEW,R2_FLEX_AWARE_REPLACEMENT
RESEARCH_ONLY_GOVERNANCE_PENDING,435,180,00-0040317,Jacoby Jones,WR,WAS,3.5000,94.8000,-91.3000,-162.9000,LOW,14,preset:12_TEAM_SUPERFLEX_PPR,12-team Superflex PPR,GOVERNANCE_PENDING,MODEL_VALIDATED_REVIEW_ONLY,2026-08-08,False,REDRAFT V1 - REVIEW,R2_FLEX_AWARE_REPLACEMENT
RESEARCH_ONLY_GOVERNANCE_PENDING,436,181,00-0037745,Velus Jones Jr.,WR,SEA,3.2000,94.8000,-91.6000,-163.2000,LOW,14,preset:12_TEAM_SUPERFLEX_PPR,12-team Superflex PPR,GOVERNANCE_PENDING,MODEL_VALIDATED_REVIEW_ONLY,2026-08-08,False,REDRAFT V1 - REVIEW,R2_FLEX_AWARE_REPLACEMENT
RESEARCH_ONLY_GOVERNANCE_PENDING,437,113,00-0038896,Jacob Saylors,RB,DET,1.1000,92.9000,-91.8000,-163.8200,LOW,14,preset:12_TEAM_SUPERFLEX_PPR,12-team Superflex PPR,GOVERNANCE_PENDING,MODEL_VALIDATED_REVIEW_ONLY,2026-08-08,False,REDRAFT V1 - REVIEW,R2_FLEX_AWARE_REPLACEMENT
RESEARCH_ONLY_GOVERNANCE_PENDING,438,114,00-0040429,Josh Williams,RB,TB,1.1000,92.9000,-91.8000,-163.8200,LOW,14,preset:12_TEAM_SUPERFLEX_PPR,12-team Superflex PPR,GOVERNANCE_PENDING,MODEL_VALIDATED_REVIEW_ONLY,2026-08-08,False,REDRAFT V1 - REVIEW,R2_FLEX_AWARE_REPLACEMENT
RESEARCH_ONLY_GOVERNANCE_PENDING,439,182,00-0033589,David Moore,WR,CAR,2.7000,94.8000,-92.1000,-163.7000,LOW,14,preset:12_TEAM_SUPERFLEX_PPR,12-team Superflex PPR,GOVERNANCE_PENDING,MODEL_VALIDATED_REVIEW_ONLY,2026-08-08,False,REDRAFT V1 - REVIEW,R2_FLEX_AWARE_REPLACEMENT
RESEARCH_ONLY_GOVERNANCE_PENDING,440,115,00-0040039,Amar Johnson,RB,LAC,0.8000,92.9000,-92.1000,-164.1200,LOW,14,preset:12_TEAM_SUPERFLEX_PPR,12-team Superflex PPR,GOVERNANCE_PENDING,MODEL_VALIDATED_REVIEW_ONLY,2026-08-08,False,REDRAFT V1 - REVIEW,R2_FLEX_AWARE_REPLACEMENT
RESEARCH_ONLY_GOVERNANCE_PENDING,441,183,00-0039816,Anthony Gould,WR,IND,2.6000,94.8000,-92.2000,-163.8000,LOW,14,preset:12_TEAM_SUPERFLEX_PPR,12-team Superflex PPR,GOVERNANCE_PENDING,MODEL_VALIDATED_REVIEW_ONLY,2026-08-08,False,REDRAFT V1 - REVIEW,R2_FLEX_AWARE_REPLACEMENT
RESEARCH_ONLY_GOVERNANCE_PENDING,442,116,00-0040205,Kalel Mullings,RB,TEN,0.7000,92.9000,-92.2000,-164.2200,LOW,14,preset:12_TEAM_SUPERFLEX_PPR,12-team Superflex PPR,GOVERNANCE_PENDING,MODEL_VALIDATED_REVIEW_ONLY,2026-08-08,False,REDRAFT V1 - REVIEW,R2_FLEX_AWARE_REPLACEMENT
RESEARCH_ONLY_GOVERNANCE_PENDING,443,184,00-0036497,Tim Jones,WR,JAX,2.5000,94.8000,-92.3000,-163.9000,LOW,14,preset:12_TEAM_SUPERFLEX_PPR,12-team Superflex PPR,GOVERNANCE_PENDING,MODEL_VALIDATED_REVIEW_ONLY,2026-08-08,False,REDRAFT V1 - REVIEW,R2_FLEX_AWARE_REPLACEMENT
RESEARCH_ONLY_GOVERNANCE_PENDING,444,185,00-0040646,Jalen Royals,WR,KC,2.4000,94.8000,-92.4000,-164.0000,LOW,14,preset:12_TEAM_SUPERFLEX_PPR,12-team Superflex PPR,GOVERNANCE_PENDING,MODEL_VALIDATED_REVIEW_ONLY,2026-08-08,False,REDRAFT V1 - REVIEW,R2_FLEX_AWARE_REPLACEMENT
RESEARCH_ONLY_GOVERNANCE_PENDING,445,117,00-0039364,Sione Vaki,RB,DET,0.4000,92.9000,-92.5000,-164.5200,LOW,14,preset:12_TEAM_SUPERFLEX_PPR,12-team Superflex PPR,GOVERNANCE_PENDING,MODEL_VALIDATED_REVIEW_ONLY,2026-08-08,False,REDRAFT V1 - REVIEW,R2_FLEX_AWARE_REPLACEMENT
RESEARCH_ONLY_GOVERNANCE_PENDING,446,70,00-0033246,Johnny Mundt,TE,PHI,20.1000,112.8000,-92.7000,-145.0000,LOW,14,preset:12_TEAM_SUPERFLEX_PPR,12-team Superflex PPR,GOVERNANCE_PENDING,MODEL_VALIDATED_REVIEW_ONLY,2026-08-08,False,REDRAFT V1 - REVIEW,R2_FLEX_AWARE_REPLACEMENT
RESEARCH_ONLY_GOVERNANCE_PENDING,447,118,00-0039266,Kendall Milton,RB,CIN,0.2000,92.9000,-92.7000,-164.7200,LOW,14,preset:12_TEAM_SUPERFLEX_PPR,12-team Superflex PPR,GOVERNANCE_PENDING,MODEL_VALIDATED_REVIEW_ONLY,2026-08-08,False,REDRAFT V1 - REVIEW,R2_FLEX_AWARE_REPLACEMENT
RESEARCH_ONLY_GOVERNANCE_PENDING,448,186,00-0040406,Quentin Skinner,WR,BUF,2.0000,94.8000,-92.8000,-164.4000,LOW,14,preset:12_TEAM_SUPERFLEX_PPR,12-team Superflex PPR,GOVERNANCE_PENDING,MODEL_VALIDATED_REVIEW_ONLY,2026-08-08,False,REDRAFT V1 - REVIEW,R2_FLEX_AWARE_REPLACEMENT
RESEARCH_ONLY_GOVERNANCE_PENDING,449,71,00-0039359,Cade Stover,TE,HOU,19.9000,112.8000,-92.9000,-145.2000,LOW,14,preset:12_TEAM_SUPERFLEX_PPR,12-team Superflex PPR,GOVERNANCE_PENDING,MODEL_VALIDATED_REVIEW_ONLY,2026-08-08,False,REDRAFT V1 - REVIEW,R2_FLEX_AWARE_REPLACEMENT
RESEARCH_ONLY_GOVERNANCE_PENDING,450,119,00-0036567,Elijah Mitchell,RB,PHI,0.0000,92.9000,-92.9000,-164.9200,MEDIUM,14,preset:12_TEAM_SUPERFLEX_PPR,12-team Superflex PPR,GOVERNANCE_PENDING,MODEL_VALIDATED_REVIEW_ONLY,2026-08-08,False,REDRAFT V1 - REVIEW,R2_FLEX_AWARE_REPLACEMENT
RESEARCH_ONLY_GOVERNANCE_PENDING,451,120,00-0036569,Gary Brightwell,RB,CIN,0.0000,92.9000,-92.9000,-164.9200,MEDIUM,14,preset:12_TEAM_SUPERFLEX_PPR,12-team Superflex PPR,GOVERNANCE_PENDING,MODEL_VALIDATED_REVIEW_ONLY,2026-08-08,False,REDRAFT V1 - REVIEW,R2_FLEX_AWARE_REPLACEMENT
RESEARCH_ONLY_GOVERNANCE_PENDING,452,121,00-0038396,Eric Gray,RB,NYG,0.0000,92.9000,-92.9000,-164.9200,MEDIUM,14,preset:12_TEAM_SUPERFLEX_PPR,12-team Superflex PPR,GOVERNANCE_PENDING,MODEL_VALIDATED_REVIEW_ONLY,2026-08-08,False,REDRAFT V1 - REVIEW,R2_FLEX_AWARE_REPLACEMENT
RESEARCH_ONLY_GOVERNANCE_PENDING,453,122,00-0038409,Lew Nichols III,RB,PIT,0.0000,92.9000,-92.9000,-164.9200,MEDIUM,14,preset:12_TEAM_SUPERFLEX_PPR,12-team Superflex PPR,GOVERNANCE_PENDING,MODEL_VALIDATED_REVIEW_ONLY,2026-08-08,False,REDRAFT V1 - REVIEW,R2_FLEX_AWARE_REPLACEMENT
RESEARCH_ONLY_GOVERNANCE_PENDING,454,123,00-0038488,Brady Russell,RB,SEA,0.0000,92.9000,-92.9000,-164.9200,MEDIUM,14,preset:12_TEAM_SUPERFLEX_PPR,12-team Superflex PPR,GOVERNANCE_PENDING,MODEL_VALIDATED_REVIEW_ONLY,2026-08-08,False,REDRAFT V1 - REVIEW,R2_FLEX_AWARE_REPLACEMENT
RESEARCH_ONLY_GOVERNANCE_PENDING,455,124,00-0038678,Jordan Mims,RB,MIN,0.0000,92.9000,-92.9000,-164.9200,MEDIUM,14,preset:12_TEAM_SUPERFLEX_PPR,12-team Superflex PPR,GOVERNANCE_PENDING,MODEL_VALIDATED_REVIEW_ONLY,2026-08-08,False,REDRAFT V1 - REVIEW,R2_FLEX_AWARE_REPLACEMENT
RESEARCH_ONLY_GOVERNANCE_PENDING,456,125,00-0039363,Isaac Guerendo,RB,SF,0.0000,92.9000,-92.9000,-164.9200,MEDIUM,14,preset:12_TEAM_SUPERFLEX_PPR,12-team Superflex PPR,GOVERNANCE_PENDING,MODEL_VALIDATED_REVIEW_ONLY,2026-08-08,False,REDRAFT V1 - REVIEW,R2_FLEX_AWARE_REPLACEMENT
RESEARCH_ONLY_GOVERNANCE_PENDING,457,126,00-0040476,Ulysses Bentley IV,RB,IND,0.0000,92.9000,-92.9000,-164.9200,MEDIUM,14,preset:12_TEAM_SUPERFLEX_PPR,12-team Superflex PPR,GOVERNANCE_PENDING,MODEL_VALIDATED_REVIEW_ONLY,2026-08-08,False,REDRAFT V1 - REVIEW,R2_FLEX_AWARE_REPLACEMENT
RESEARCH_ONLY_GOVERNANCE_PENDING,458,127,00-0040649,Robbie Ouzts,RB,SEA,0.0000,92.9000,-92.9000,-164.9200,MEDIUM,14,preset:12_TEAM_SUPERFLEX_PPR,12-team Superflex PPR,GOVERNANCE_PENDING,MODEL_VALIDATED_REVIEW_ONLY,2026-08-08,False,REDRAFT V1 - REVIEW,R2_FLEX_AWARE_REPLACEMENT
RESEARCH_ONLY_GOVERNANCE_PENDING,459,187,00-0039650,Bryce Oliver,WR,TEN,1.8000,94.8000,-93.0000,-164.6000,LOW,14,preset:12_TEAM_SUPERFLEX_PPR,12-team Superflex PPR,GOVERNANCE_PENDING,MODEL_VALIDATED_REVIEW_ONLY,2026-08-08,False,REDRAFT V1 - REVIEW,R2_FLEX_AWARE_REPLACEMENT
RESEARCH_ONLY_GOVERNANCE_PENDING,460,128,00-0035594,Travis Homer,RB,PIT,-0.2000,92.9000,-93.1000,-165.1200,MEDIUM,14,preset:12_TEAM_SUPERFLEX_PPR,12-team Superflex PPR,GOVERNANCE_PENDING,MODEL_VALIDATED_REVIEW_ONLY,2026-08-08,False,REDRAFT V1 - REVIEW,R2_FLEX_AWARE_REPLACEMENT
RESEARCH_ONLY_GOVERNANCE_PENDING,461,188,00-0038573,Derius Davis,WR,LAC,1.5000,94.8000,-93.3000,-164.9000,LOW,14,preset:12_TEAM_SUPERFLEX_PPR,12-team Superflex PPR,GOVERNANCE_PENDING,MODEL_VALIDATED_REVIEW_ONLY,2026-08-08,False,REDRAFT V1 - REVIEW,R2_FLEX_AWARE_REPLACEMENT
RESEARCH_ONLY_GOVERNANCE_PENDING,462,189,00-0037098,Samori Toure,WR,PHI,1.3000,94.8000,-93.5000,-165.1000,LOW,14,preset:12_TEAM_SUPERFLEX_PPR,12-team Superflex PPR,GOVERNANCE_PENDING,MODEL_VALIDATED_REVIEW_ONLY,2026-08-08,False,REDRAFT V1 - REVIEW,R2_FLEX_AWARE_REPLACEMENT
RESEARCH_ONLY_GOVERNANCE_PENDING,463,190,00-0040534,Ke'Shawn Williams,WR,CIN,0.5000,94.8000,-94.3000,-165.9000,LOW,14,preset:12_TEAM_SUPERFLEX_PPR,12-team Superflex PPR,GOVERNANCE_PENDING,MODEL_VALIDATED_REVIEW_ONLY,2026-08-08,False,REDRAFT V1 - REVIEW,R2_FLEX_AWARE_REPLACEMENT
RESEARCH_ONLY_GOVERNANCE_PENDING,464,72,00-0037348,Tanner Conner,TE,NYG,18.1000,112.8000,-94.7000,-147.0000,LOW,14,preset:12_TEAM_SUPERFLEX_PPR,12-team Superflex PPR,GOVERNANCE_PENDING,MODEL_VALIDATED_REVIEW_ONLY,2026-08-08,False,REDRAFT V1 - REVIEW,R2_FLEX_AWARE_REPLACEMENT
RESEARCH_ONLY_GOVERNANCE_PENDING,465,191,00-0038911,Malik Cunningham,WR,DET,0.1000,94.8000,-94.7000,-166.3000,LOW,14,preset:12_TEAM_SUPERFLEX_PPR,12-team Superflex PPR,GOVERNANCE_PENDING,MODEL_VALIDATED_REVIEW_ONLY,2026-08-08,False,REDRAFT V1 - REVIEW,R2_FLEX_AWARE_REPLACEMENT
RESEARCH_ONLY_GOVERNANCE_PENDING,466,192,00-0032951,Laquon Treadwell,WR,IND,0.0000,94.8000,-94.8000,-166.4000,MEDIUM,14,preset:12_TEAM_SUPERFLEX_PPR,12-team Superflex PPR,GOVERNANCE_PENDING,MODEL_VALIDATED_REVIEW_ONLY,2026-08-08,False,REDRAFT V1 - REVIEW,R2_FLEX_AWARE_REPLACEMENT
RESEARCH_ONLY_GOVERNANCE_PENDING,467,193,00-0034867,Malik Turner,WR,SF,0.0000,94.8000,-94.8000,-166.4000,MEDIUM,14,preset:12_TEAM_SUPERFLEX_PPR,12-team Superflex PPR,GOVERNANCE_PENDING,MODEL_VALIDATED_REVIEW_ONLY,2026-08-08,False,REDRAFT V1 - REVIEW,R2_FLEX_AWARE_REPLACEMENT
RESEARCH_ONLY_GOVERNANCE_PENDING,468,194,00-0036463,Chris Blair,WR,ATL,0.0000,94.8000,-94.8000,-166.4000,MEDIUM,14,preset:12_TEAM_SUPERFLEX_PPR,12-team Superflex PPR,GOVERNANCE_PENDING,MODEL_VALIDATED_REVIEW_ONLY,2026-08-08,False,REDRAFT V1 - REVIEW,R2_FLEX_AWARE_REPLACEMENT
RESEARCH_ONLY_GOVERNANCE_PENDING,469,195,00-0036646,Simi Fehoko,WR,AZ,0.0000,94.8000,-94.8000,-166.4000,MEDIUM,14,preset:12_TEAM_SUPERFLEX_PPR,12-team Superflex PPR,GOVERNANCE_PENDING,MODEL_VALIDATED_REVIEW_ONLY,2026-08-08,False,REDRAFT V1 - REVIEW,R2_FLEX_AWARE_REPLACEMENT
RESEARCH_ONLY_GOVERNANCE_PENDING,470,196,00-0037380,Kaden Davis,WR,CHI,0.0000,94.8000,-94.8000,-166.4000,MEDIUM,14,preset:12_TEAM_SUPERFLEX_PPR,12-team Superflex PPR,GOVERNANCE_PENDING,MODEL_VALIDATED_REVIEW_ONLY,2026-08-08,False,REDRAFT V1 - REVIEW,R2_FLEX_AWARE_REPLACEMENT
RESEARCH_ONLY_GOVERNANCE_PENDING,471,197,00-0038492,Jason Brownlee,WR,KC,0.0000,94.8000,-94.8000,-166.4000,MEDIUM,14,preset:12_TEAM_SUPERFLEX_PPR,12-team Superflex PPR,GOVERNANCE_PENDING,MODEL_VALIDATED_REVIEW_ONLY,2026-08-08,False,REDRAFT V1 - REVIEW,R2_FLEX_AWARE_REPLACEMENT
RESEARCH_ONLY_GOVERNANCE_PENDING,472,198,00-0038740,Jalen Moreno-Cropper,WR,NO,0.0000,94.8000,-94.8000,-166.4000,MEDIUM,14,preset:12_TEAM_SUPERFLEX_PPR,12-team Superflex PPR,GOVERNANCE_PENDING,MODEL_VALIDATED_REVIEW_ONLY,2026-08-08,False,REDRAFT V1 - REVIEW,R2_FLEX_AWARE_REPLACEMENT
RESEARCH_ONLY_GOVERNANCE_PENDING,473,199,00-0039710,Jeshaun Jones,WR,MIN,0.0000,94.8000,-94.8000,-166.4000,MEDIUM,14,preset:12_TEAM_SUPERFLEX_PPR,12-team Superflex PPR,GOVERNANCE_PENDING,MODEL_VALIDATED_REVIEW_ONLY,2026-08-08,False,REDRAFT V1 - REVIEW,R2_FLEX_AWARE_REPLACEMENT
RESEARCH_ONLY_GOVERNANCE_PENDING,474,200,00-0040241,Dominic Lovett,WR,DET,0.0000,94.8000,-94.8000,-166.4000,MEDIUM,14,preset:12_TEAM_SUPERFLEX_PPR,12-team Superflex PPR,GOVERNANCE_PENDING,MODEL_VALIDATED_REVIEW_ONLY,2026-08-08,False,REDRAFT V1 - REVIEW,R2_FLEX_AWARE_REPLACEMENT
RESEARCH_ONLY_GOVERNANCE_PENDING,475,201,00-0040352,Coleman Owen,WR,IND,0.0000,94.8000,-94.8000,-166.4000,MEDIUM,14,preset:12_TEAM_SUPERFLEX_PPR,12-team Superflex PPR,GOVERNANCE_PENDING,MODEL_VALIDATED_REVIEW_ONLY,2026-08-08,False,REDRAFT V1 - REVIEW,R2_FLEX_AWARE_REPLACEMENT
RESEARCH_ONLY_GOVERNANCE_PENDING,476,202,00-0040431,Dalen Cambre,WR,NYG,0.0000,94.8000,-94.8000,-166.4000,MEDIUM,14,preset:12_TEAM_SUPERFLEX_PPR,12-team Superflex PPR,GOVERNANCE_PENDING,MODEL_VALIDATED_REVIEW_ONLY,2026-08-08,False,REDRAFT V1 - REVIEW,R2_FLEX_AWARE_REPLACEMENT
RESEARCH_ONLY_GOVERNANCE_PENDING,477,203,00-0040629,Dalevon Campbell,WR,LAC,0.0000,94.8000,-94.8000,-166.4000,MEDIUM,14,preset:12_TEAM_SUPERFLEX_PPR,12-team Superflex PPR,GOVERNANCE_PENDING,MODEL_VALIDATED_REVIEW_ONLY,2026-08-08,False,REDRAFT V1 - REVIEW,R2_FLEX_AWARE_REPLACEMENT
RESEARCH_ONLY_GOVERNANCE_PENDING,478,73,00-0036590,Quintin Morris,TE,JAX,17.5000,112.8000,-95.3000,-147.6000,LOW,14,preset:12_TEAM_SUPERFLEX_PPR,12-team Superflex PPR,GOVERNANCE_PENDING,MODEL_VALIDATED_REVIEW_ONLY,2026-08-08,False,REDRAFT V1 - REVIEW,R2_FLEX_AWARE_REPLACEMENT
RESEARCH_ONLY_GOVERNANCE_PENDING,479,74,00-0034270,Tyler Conklin,TE,DET,17.3000,112.8000,-95.5000,-147.8000,LOW,14,preset:12_TEAM_SUPERFLEX_PPR,12-team Superflex PPR,GOVERNANCE_PENDING,MODEL_VALIDATED_REVIEW_ONLY,2026-08-08,False,REDRAFT V1 - REVIEW,R2_FLEX_AWARE_REPLACEMENT
RESEARCH_ONLY_GOVERNANCE_PENDING,480,75,00-0038783,Nate Adkins,TE,DEN,16.8000,112.8000,-96.0000,-148.3000,LOW,14,preset:12_TEAM_SUPERFLEX_PPR,12-team Superflex PPR,GOVERNANCE_PENDING,MODEL_VALIDATED_REVIEW_ONLY,2026-08-08,False,REDRAFT V1 - REVIEW,R2_FLEX_AWARE_REPLACEMENT
RESEARCH_ONLY_GOVERNANCE_PENDING,481,76,00-0036741,Jack Stoll,TE,CLE,16.6000,112.8000,-96.2000,-148.5000,LOW,14,preset:12_TEAM_SUPERFLEX_PPR,12-team Superflex PPR,GOVERNANCE_PENDING,MODEL_VALIDATED_REVIEW_ONLY,2026-08-08,False,REDRAFT V1 - REVIEW,R2_FLEX_AWARE_REPLACEMENT
RESEARCH_ONLY_GOVERNANCE_PENDING,482,204,00-0038496,Xavier Gipson,WR,NYG,-1.4000,94.8000,-96.2000,-167.8000,MEDIUM,14,preset:12_TEAM_SUPERFLEX_PPR,12-team Superflex PPR,GOVERNANCE_PENDING,MODEL_VALIDATED_REVIEW_ONLY,2026-08-08,False,REDRAFT V1 - REVIEW,R2_FLEX_AWARE_REPLACEMENT
RESEARCH_ONLY_GOVERNANCE_PENDING,483,205,00-0035140,Mecole Hardman,WR,BUF,-2.0000,94.8000,-96.8000,-168.4000,MEDIUM,14,preset:12_TEAM_SUPERFLEX_PPR,12-team Superflex PPR,GOVERNANCE_PENDING,MODEL_VALIDATED_REVIEW_ONLY,2026-08-08,False,REDRAFT V1 - REVIEW,R2_FLEX_AWARE_REPLACEMENT
RESEARCH_ONLY_GOVERNANCE_PENDING,484,206,00-0040075,LaJohntay Wester,WR,BAL,-2.0000,94.8000,-96.8000,-168.4000,MEDIUM,14,preset:12_TEAM_SUPERFLEX_PPR,12-team Superflex PPR,GOVERNANCE_PENDING,MODEL_VALIDATED_REVIEW_ONLY,2026-08-08,False,REDRAFT V1 - REVIEW,R2_FLEX_AWARE_REPLACEMENT
RESEARCH_ONLY_GOVERNANCE_PENDING,485,77,00-0038589,Josh Whyle,TE,GB,14.6000,112.8000,-98.2000,-150.5000,LOW,14,preset:12_TEAM_SUPERFLEX_PPR,12-team Superflex PPR,GOVERNANCE_PENDING,MODEL_VALIDATED_REVIEW_ONLY,2026-08-08,False,REDRAFT V1 - REVIEW,R2_FLEX_AWARE_REPLACEMENT
RESEARCH_ONLY_GOVERNANCE_PENDING,486,78,00-0033455,Anthony Firkser,TE,WAS,13.3000,112.8000,-99.5000,-151.8000,LOW,14,preset:12_TEAM_SUPERFLEX_PPR,12-team Superflex PPR,GOVERNANCE_PENDING,MODEL_VALIDATED_REVIEW_ONLY,2026-08-08,False,REDRAFT V1 - REVIEW,R2_FLEX_AWARE_REPLACEMENT
RESEARCH_ONLY_GOVERNANCE_PENDING,487,79,00-0039648,David Martin-Robinson,TE,TEN,13.0000,112.8000,-99.8000,-152.1000,LOW,14,preset:12_TEAM_SUPERFLEX_PPR,12-team Superflex PPR,GOVERNANCE_PENDING,MODEL_VALIDATED_REVIEW_ONLY,2026-08-08,False,REDRAFT V1 - REVIEW,R2_FLEX_AWARE_REPLACEMENT
RESEARCH_ONLY_GOVERNANCE_PENDING,488,80,00-0034981,Foster Moreau,TE,HOU,12.9000,112.8000,-99.9000,-152.2000,LOW,14,preset:12_TEAM_SUPERFLEX_PPR,12-team Superflex PPR,GOVERNANCE_PENDING,MODEL_VALIDATED_REVIEW_ONLY,2026-08-08,False,REDRAFT V1 - REVIEW,R2_FLEX_AWARE_REPLACEMENT
RESEARCH_ONLY_GOVERNANCE_PENDING,489,81,00-0036429,Charlie Woerner,TE,ATL,12.8000,112.8000,-100.0000,-152.3000,LOW,14,preset:12_TEAM_SUPERFLEX_PPR,12-team Superflex PPR,GOVERNANCE_PENDING,MODEL_VALIDATED_REVIEW_ONLY,2026-08-08,False,REDRAFT V1 - REVIEW,R2_FLEX_AWARE_REPLACEMENT
RESEARCH_ONLY_GOVERNANCE_PENDING,490,82,00-0037292,Andrew Ogletree,TE,IND,12.7000,112.8000,-100.1000,-152.4000,LOW,14,preset:12_TEAM_SUPERFLEX_PPR,12-team Superflex PPR,GOVERNANCE_PENDING,MODEL_VALIDATED_REVIEW_ONLY,2026-08-08,False,REDRAFT V1 - REVIEW,R2_FLEX_AWARE_REPLACEMENT
RESEARCH_ONLY_GOVERNANCE_PENDING,491,83,00-0037475,Stone Smartt,TE,PHI,12.2000,112.8000,-100.6000,-152.9000,LOW,14,preset:12_TEAM_SUPERFLEX_PPR,12-team Superflex PPR,GOVERNANCE_PENDING,MODEL_VALIDATED_REVIEW_ONLY,2026-08-08,False,REDRAFT V1 - REVIEW,R2_FLEX_AWARE_REPLACEMENT
RESEARCH_ONLY_GOVERNANCE_PENDING,492,207,00-0040506,Myles Price,WR,MIN,-6.0000,94.8000,-100.8000,-172.4000,MEDIUM,14,preset:12_TEAM_SUPERFLEX_PPR,12-team Superflex PPR,GOVERNANCE_PENDING,MODEL_VALIDATED_REVIEW_ONLY,2026-08-08,False,REDRAFT V1 - REVIEW,R2_FLEX_AWARE_REPLACEMENT
RESEARCH_ONLY_GOVERNANCE_PENDING,493,84,00-0036876,Kylen Granson,TE,TEN,11.0000,112.8000,-101.8000,-154.1000,LOW,14,preset:12_TEAM_SUPERFLEX_PPR,12-team Superflex PPR,GOVERNANCE_PENDING,MODEL_VALIDATED_REVIEW_ONLY,2026-08-08,False,REDRAFT V1 - REVIEW,R2_FLEX_AWARE_REPLACEMENT
RESEARCH_ONLY_GOVERNANCE_PENDING,494,85,00-0039458,Brenden Bates,TE,CLE,8.8000,112.8000,-104.0000,-156.3000,LOW,14,preset:12_TEAM_SUPERFLEX_PPR,12-team Superflex PPR,GOVERNANCE_PENDING,MODEL_VALIDATED_REVIEW_ONLY,2026-08-08,False,REDRAFT V1 - REVIEW,R2_FLEX_AWARE_REPLACEMENT
RESEARCH_ONLY_GOVERNANCE_PENDING,495,86,00-0036423,Albert Okwuegbunam,TE,LV,8.6000,112.8000,-104.2000,-156.5000,LOW,14,preset:12_TEAM_SUPERFLEX_PPR,12-team Superflex PPR,GOVERNANCE_PENDING,MODEL_VALIDATED_REVIEW_ONLY,2026-08-08,False,REDRAFT V1 - REVIEW,R2_FLEX_AWARE_REPLACEMENT
RESEARCH_ONLY_GOVERNANCE_PENDING,496,87,00-0039754,Devin Culp,TE,TB,7.6000,112.8000,-105.2000,-157.5000,LOW,14,preset:12_TEAM_SUPERFLEX_PPR,12-team Superflex PPR,GOVERNANCE_PENDING,MODEL_VALIDATED_REVIEW_ONLY,2026-08-08,False,REDRAFT V1 - REVIEW,R2_FLEX_AWARE_REPLACEMENT
RESEARCH_ONLY_GOVERNANCE_PENDING,497,88,00-0040363,Keleki Latu,TE,BUF,7.5000,112.8000,-105.3000,-157.6000,LOW,14,preset:12_TEAM_SUPERFLEX_PPR,12-team Superflex PPR,GOVERNANCE_PENDING,MODEL_VALIDATED_REVIEW_ONLY,2026-08-08,False,REDRAFT V1 - REVIEW,R2_FLEX_AWARE_REPLACEMENT
RESEARCH_ONLY_GOVERNANCE_PENDING,498,89,00-0033576,Eric Saubert,TE,SEA,7.1000,112.8000,-105.7000,-158.0000,LOW,14,preset:12_TEAM_SUPERFLEX_PPR,12-team Superflex PPR,GOVERNANCE_PENDING,MODEL_VALIDATED_REVIEW_ONLY,2026-08-08,False,REDRAFT V1 - REVIEW,R2_FLEX_AWARE_REPLACEMENT
RESEARCH_ONLY_GOVERNANCE_PENDING,499,90,00-0034798,Durham Smythe,TE,BAL,6.5000,112.8000,-106.3000,-158.6000,LOW,14,preset:12_TEAM_SUPERFLEX_PPR,12-team Superflex PPR,GOVERNANCE_PENDING,MODEL_VALIDATED_REVIEW_ONLY,2026-08-08,False,REDRAFT V1 - REVIEW,R2_FLEX_AWARE_REPLACEMENT
RESEARCH_ONLY_GOVERNANCE_PENDING,500,91,00-0038809,Ben Sims,TE,MIA,6.0000,112.8000,-106.8000,-159.1000,LOW,14,preset:12_TEAM_SUPERFLEX_PPR,12-team Superflex PPR,GOVERNANCE_PENDING,MODEL_VALIDATED_REVIEW_ONLY,2026-08-08,False,REDRAFT V1 - REVIEW,R2_FLEX_AWARE_REPLACEMENT
RESEARCH_ONLY_GOVERNANCE_PENDING,501,92,00-0037282,James Mitchell,TE,CAR,5.8000,112.8000,-107.0000,-159.3000,LOW,14,preset:12_TEAM_SUPERFLEX_PPR,12-team Superflex PPR,GOVERNANCE_PENDING,MODEL_VALIDATED_REVIEW_ONLY,2026-08-08,False,REDRAFT V1 - REVIEW,R2_FLEX_AWARE_REPLACEMENT
RESEARCH_ONLY_GOVERNANCE_PENDING,502,93,00-0036534,Shane Zylstra,TE,BUF,5.0000,112.8000,-107.8000,-160.1000,LOW,14,preset:12_TEAM_SUPERFLEX_PPR,12-team Superflex PPR,GOVERNANCE_PENDING,MODEL_VALIDATED_REVIEW_ONLY,2026-08-08,False,REDRAFT V1 - REVIEW,R2_FLEX_AWARE_REPLACEMENT
RESEARCH_ONLY_GOVERNANCE_PENDING,503,94,00-0039737,Tip Reiman,TE,AZ,4.8000,112.8000,-108.0000,-160.3000,LOW,14,preset:12_TEAM_SUPERFLEX_PPR,12-team Superflex PPR,GOVERNANCE_PENDING,MODEL_VALIDATED_REVIEW_ONLY,2026-08-08,False,REDRAFT V1 - REVIEW,R2_FLEX_AWARE_REPLACEMENT
RESEARCH_ONLY_GOVERNANCE_PENDING,504,95,00-0039686,Colson Yankoff,TE,WAS,3.8000,112.8000,-109.0000,-161.3000,LOW,14,preset:12_TEAM_SUPERFLEX_PPR,12-team Superflex PPR,GOVERNANCE_PENDING,MODEL_VALIDATED_REVIEW_ONLY,2026-08-08,False,REDRAFT V1 - REVIEW,R2_FLEX_AWARE_REPLACEMENT
RESEARCH_ONLY_GOVERNANCE_PENDING,505,96,00-0037340,Zaire Mitchell-Paden,TE,NO,3.7000,112.8000,-109.1000,-161.4000,LOW,14,preset:12_TEAM_SUPERFLEX_PPR,12-team Superflex PPR,GOVERNANCE_PENDING,MODEL_VALIDATED_REVIEW_ONLY,2026-08-08,False,REDRAFT V1 - REVIEW,R2_FLEX_AWARE_REPLACEMENT
RESEARCH_ONLY_GOVERNANCE_PENDING,506,97,00-0037539,Lucas Krull,TE,DEN,3.5000,112.8000,-109.3000,-161.6000,LOW,14,preset:12_TEAM_SUPERFLEX_PPR,12-team Superflex PPR,GOVERNANCE_PENDING,MODEL_VALIDATED_REVIEW_ONLY,2026-08-08,False,REDRAFT V1 - REVIEW,R2_FLEX_AWARE_REPLACEMENT
RESEARCH_ONLY_GOVERNANCE_PENDING,507,98,00-0040509,Ben Yurosek,TE,MIN,3.4000,112.8000,-109.4000,-161.7000,LOW,14,preset:12_TEAM_SUPERFLEX_PPR,12-team Superflex PPR,GOVERNANCE_PENDING,MODEL_VALIDATED_REVIEW_ONLY,2026-08-08,False,REDRAFT V1 - REVIEW,R2_FLEX_AWARE_REPLACEMENT
RESEARCH_ONLY_GOVERNANCE_PENDING,508,99,00-0040244,Moliki Matavao,TE,NO,3.0000,112.8000,-109.8000,-162.1000,LOW,14,preset:12_TEAM_SUPERFLEX_PPR,12-team Superflex PPR,GOVERNANCE_PENDING,MODEL_VALIDATED_REVIEW_ONLY,2026-08-08,False,REDRAFT V1 - REVIEW,R2_FLEX_AWARE_REPLACEMENT
RESEARCH_ONLY_GOVERNANCE_PENDING,509,100,00-0039631,Cam Grandy,TE,CIN,2.7000,112.8000,-110.1000,-162.4000,LOW,14,preset:12_TEAM_SUPERFLEX_PPR,12-team Superflex PPR,GOVERNANCE_PENDING,MODEL_VALIDATED_REVIEW_ONLY,2026-08-08,False,REDRAFT V1 - REVIEW,R2_FLEX_AWARE_REPLACEMENT
RESEARCH_ONLY_GOVERNANCE_PENDING,510,101,00-0038394,Will Mallory,TE,IND,2.6000,112.8000,-110.2000,-162.5000,LOW,14,preset:12_TEAM_SUPERFLEX_PPR,12-team Superflex PPR,GOVERNANCE_PENDING,MODEL_VALIDATED_REVIEW_ONLY,2026-08-08,False,REDRAFT V1 - REVIEW,R2_FLEX_AWARE_REPLACEMENT
RESEARCH_ONLY_GOVERNANCE_PENDING,511,102,00-0038710,Blake Whiteheart,TE,CLE,2.4000,112.8000,-110.4000,-162.7000,LOW,14,preset:12_TEAM_SUPERFLEX_PPR,12-team Superflex PPR,GOVERNANCE_PENDING,MODEL_VALIDATED_REVIEW_ONLY,2026-08-08,False,REDRAFT V1 - REVIEW,R2_FLEX_AWARE_REPLACEMENT
RESEARCH_ONLY_GOVERNANCE_PENDING,512,103,00-0039050,Payne Durham,TE,TB,2.1000,112.8000,-110.7000,-163.0000,LOW,14,preset:12_TEAM_SUPERFLEX_PPR,12-team Superflex PPR,GOVERNANCE_PENDING,MODEL_VALIDATED_REVIEW_ONLY,2026-08-08,False,REDRAFT V1 - REVIEW,R2_FLEX_AWARE_REPLACEMENT
RESEARCH_ONLY_GOVERNANCE_PENDING,513,104,00-0031484,Chris Manhertz,TE,NYG,1.7000,112.8000,-111.1000,-163.4000,LOW,14,preset:12_TEAM_SUPERFLEX_PPR,12-team Superflex PPR,GOVERNANCE_PENDING,MODEL_VALIDATED_REVIEW_ONLY,2026-08-08,False,REDRAFT V1 - REVIEW,R2_FLEX_AWARE_REPLACEMENT
RESEARCH_ONLY_GOVERNANCE_PENDING,514,105,00-0037755,Jelani Woods,TE,NYJ,1.4000,112.8000,-111.4000,-163.7000,LOW,14,preset:12_TEAM_SUPERFLEX_PPR,12-team Superflex PPR,GOVERNANCE_PENDING,MODEL_VALIDATED_REVIEW_ONLY,2026-08-08,False,REDRAFT V1 - REVIEW,R2_FLEX_AWARE_REPLACEMENT
RESEARCH_ONLY_GOVERNANCE_PENDING,515,106,00-0039824,Jared Wiley,TE,KC,1.4000,112.8000,-111.4000,-163.7000,LOW,14,preset:12_TEAM_SUPERFLEX_PPR,12-team Superflex PPR,GOVERNANCE_PENDING,MODEL_VALIDATED_REVIEW_ONLY,2026-08-08,False,REDRAFT V1 - REVIEW,R2_FLEX_AWARE_REPLACEMENT
RESEARCH_ONLY_GOVERNANCE_PENDING,516,107,00-0040488,Carter Runyon,TE,LV,1.3000,112.8000,-111.5000,-163.8000,LOW,14,preset:12_TEAM_SUPERFLEX_PPR,12-team Superflex PPR,GOVERNANCE_PENDING,MODEL_VALIDATED_REVIEW_ONLY,2026-08-08,False,REDRAFT V1 - REVIEW,R2_FLEX_AWARE_REPLACEMENT
RESEARCH_ONLY_GOVERNANCE_PENDING,517,108,00-0040628,Drake Dabney,TE,GB,1.3000,112.8000,-111.5000,-163.8000,LOW,14,preset:12_TEAM_SUPERFLEX_PPR,12-team Superflex PPR,GOVERNANCE_PENDING,MODEL_VALIDATED_REVIEW_ONLY,2026-08-08,False,REDRAFT V1 - REVIEW,R2_FLEX_AWARE_REPLACEMENT
RESEARCH_ONLY_GOVERNANCE_PENDING,518,109,00-0033757,Robert Tonyan,TE,PIT,1.1000,112.8000,-111.7000,-164.0000,LOW,14,preset:12_TEAM_SUPERFLEX_PPR,12-team Superflex PPR,GOVERNANCE_PENDING,MODEL_VALIDATED_REVIEW_ONLY,2026-08-08,False,REDRAFT V1 - REVIEW,R2_FLEX_AWARE_REPLACEMENT
RESEARCH_ONLY_GOVERNANCE_PENDING,519,110,00-0036825,Feleipe Franks,TE,CAR,0.4000,112.8000,-112.4000,-164.7000,LOW,14,preset:12_TEAM_SUPERFLEX_PPR,12-team Superflex PPR,GOVERNANCE_PENDING,MODEL_VALIDATED_REVIEW_ONLY,2026-08-08,False,REDRAFT V1 - REVIEW,R2_FLEX_AWARE_REPLACEMENT
RESEARCH_ONLY_GOVERNANCE_PENDING,520,111,00-0037031,Nikola Kalinic,TE,CHI,0.0000,112.8000,-112.8000,-165.1000,MEDIUM,14,preset:12_TEAM_SUPERFLEX_PPR,12-team Superflex PPR,GOVERNANCE_PENDING,MODEL_VALIDATED_REVIEW_ONLY,2026-08-08,False,REDRAFT V1 - REVIEW,R2_FLEX_AWARE_REPLACEMENT
RESEARCH_ONLY_GOVERNANCE_PENDING,521,112,00-0037277,Teagan Quitoriano,TE,AZ,0.0000,112.8000,-112.8000,-165.1000,MEDIUM,14,preset:12_TEAM_SUPERFLEX_PPR,12-team Superflex PPR,GOVERNANCE_PENDING,MODEL_VALIDATED_REVIEW_ONLY,2026-08-08,False,REDRAFT V1 - REVIEW,R2_FLEX_AWARE_REPLACEMENT
RESEARCH_ONLY_GOVERNANCE_PENDING,522,113,00-0037311,Ko Kieft,TE,TB,0.0000,112.8000,-112.8000,-165.1000,MEDIUM,14,preset:12_TEAM_SUPERFLEX_PPR,12-team Superflex PPR,GOVERNANCE_PENDING,MODEL_VALIDATED_REVIEW_ONLY,2026-08-08,False,REDRAFT V1 - REVIEW,R2_FLEX_AWARE_REPLACEMENT
RESEARCH_ONLY_GOVERNANCE_PENDING,523,114,00-0038498,E.J. Jenkins,TE,PHI,0.0000,112.8000,-112.8000,-165.1000,MEDIUM,14,preset:12_TEAM_SUPERFLEX_PPR,12-team Superflex PPR,GOVERNANCE_PENDING,MODEL_VALIDATED_REVIEW_ONLY,2026-08-08,False,REDRAFT V1 - REVIEW,R2_FLEX_AWARE_REPLACEMENT
RESEARCH_ONLY_GOVERNANCE_PENDING,524,115,00-0038564,Cameron Latu,TE,PHI,0.0000,112.8000,-112.8000,-165.1000,MEDIUM,14,preset:12_TEAM_SUPERFLEX_PPR,12-team Superflex PPR,GOVERNANCE_PENDING,MODEL_VALIDATED_REVIEW_ONLY,2026-08-08,False,REDRAFT V1 - REVIEW,R2_FLEX_AWARE_REPLACEMENT
RESEARCH_ONLY_GOVERNANCE_PENDING,525,116,00-0038590,Justin Shorter,TE,LV,0.0000,112.8000,-112.8000,-165.1000,MEDIUM,14,preset:12_TEAM_SUPERFLEX_PPR,12-team Superflex PPR,GOVERNANCE_PENDING,MODEL_VALIDATED_REVIEW_ONLY,2026-08-08,False,REDRAFT V1 - REVIEW,R2_FLEX_AWARE_REPLACEMENT
RESEARCH_ONLY_GOVERNANCE_PENDING,526,117,00-0038643,Brayden Willis,TE,SF,0.0000,112.8000,-112.8000,-165.1000,MEDIUM,14,preset:12_TEAM_SUPERFLEX_PPR,12-team Superflex PPR,GOVERNANCE_PENDING,MODEL_VALIDATED_REVIEW_ONLY,2026-08-08,False,REDRAFT V1 - REVIEW,R2_FLEX_AWARE_REPLACEMENT
RESEARCH_ONLY_GOVERNANCE_PENDING,527,118,00-0038735,Princeton Fant,TE,DAL,0.0000,112.8000,-112.8000,-165.1000,MEDIUM,14,preset:12_TEAM_SUPERFLEX_PPR,12-team Superflex PPR,GOVERNANCE_PENDING,MODEL_VALIDATED_REVIEW_ONLY,2026-08-08,False,REDRAFT V1 - REVIEW,R2_FLEX_AWARE_REPLACEMENT
RESEARCH_ONLY_GOVERNANCE_PENDING,528,119,00-0039489,Hayden Rucci,TE,SF,0.0000,112.8000,-112.8000,-165.1000,MEDIUM,14,preset:12_TEAM_SUPERFLEX_PPR,12-team Superflex PPR,GOVERNANCE_PENDING,MODEL_VALIDATED_REVIEW_ONLY,2026-08-08,False,REDRAFT V1 - REVIEW,R2_FLEX_AWARE_REPLACEMENT
RESEARCH_ONLY_GOVERNANCE_PENDING,529,120,00-0040058,Nick Kallerup,TE,SEA,0.0000,112.8000,-112.8000,-165.1000,MEDIUM,14,preset:12_TEAM_SUPERFLEX_PPR,12-team Superflex PPR,GOVERNANCE_PENDING,MODEL_VALIDATED_REVIEW_ONLY,2026-08-08,False,REDRAFT V1 - REVIEW,R2_FLEX_AWARE_REPLACEMENT
RESEARCH_ONLY_GOVERNANCE_PENDING,530,121,00-0040225,Thomas Fidone II,TE,NYG,0.0000,112.8000,-112.8000,-165.1000,MEDIUM,14,preset:12_TEAM_SUPERFLEX_PPR,12-team Superflex PPR,GOVERNANCE_PENDING,MODEL_VALIDATED_REVIEW_ONLY,2026-08-08,False,REDRAFT V1 - REVIEW,R2_FLEX_AWARE_REPLACEMENT
