admission_status,overall_rank,position_rank,player_id,player_name,position,team,projected_points,replacement_points,replacement_adjusted_value,starter_gap,confidence,tier,profile_id,profile_name,source_status,evidence_status,source_as_of,rookie,authority_label,model_family
RESEARCH_ONLY_GOVERNANCE_PENDING,1,1,00-0033280,Christian McCaffrey,RB,SF,416.6,100.3,316.3,248.8,MEDIUM,1,preset:12_TEAM_SUPERFLEX_PPR,12-team Superflex PPR,GOVERNED,ADMITTED_CURRENT_SEASON,2026-08-08,False,REDRAFT V1 - REVIEW,R2_FLEX_AWARE_REPLACEMENT
RESEARCH_ONLY_GOVERNANCE_PENDING,2,1,00-0039075,Puka Nacua,WR,LA,375.0,100.4,274.6,204.82,MEDIUM,2,preset:12_TEAM_SUPERFLEX_PPR,12-team Superflex PPR,GOVERNED,ADMITTED_CURRENT_SEASON,2026-08-08,False,REDRAFT V1 - REVIEW,R2_FLEX_AWARE_REPLACEMENT
RESEARCH_ONLY_GOVERNANCE_PENDING,3,2,00-0038542,Bijan Robinson,RB,ATL,368.8,100.3,268.5,201.0,MEDIUM,3,preset:12_TEAM_SUPERFLEX_PPR,12-team Superflex PPR,GOVERNED,ADMITTED_CURRENT_SEASON,2026-08-08,False,REDRAFT V1 - REVIEW,R2_FLEX_AWARE_REPLACEMENT
RESEARCH_ONLY_GOVERNANCE_PENDING,4,3,00-0039139,Jahmyr Gibbs,RB,DET,366.9,100.3,266.6,199.1,MEDIUM,3,preset:12_TEAM_SUPERFLEX_PPR,12-team Superflex PPR,GOVERNED,ADMITTED_CURRENT_SEASON,2026-08-08,False,REDRAFT V1 - REVIEW,R2_FLEX_AWARE_REPLACEMENT
RESEARCH_ONLY_GOVERNANCE_PENDING,5,4,00-0036223,Jonathan Taylor,RB,IND,360.3,100.3,260.0,192.5,LOW,4,preset:12_TEAM_SUPERFLEX_PPR,12-team Superflex PPR,GOVERNED,ADMITTED_CURRENT_SEASON,2026-08-08,False,REDRAFT V1 - REVIEW,R2_FLEX_AWARE_REPLACEMENT
RESEARCH_ONLY_GOVERNANCE_PENDING,6,2,00-0038543,Jaxon Smith-Njigba,WR,SEA,359.9,100.4,259.5,189.72,MEDIUM,4,preset:12_TEAM_SUPERFLEX_PPR,12-team Superflex PPR,GOVERNED,ADMITTED_CURRENT_SEASON,2026-08-08,False,REDRAFT V1 - REVIEW,R2_FLEX_AWARE_REPLACEMENT
RESEARCH_ONLY_GOVERNANCE_PENDING,7,1,00-0034857,Josh Allen,QB,BUF,362.62,103.54,259.08,190.72,LOW,4,preset:12_TEAM_SUPERFLEX_PPR,12-team Superflex PPR,GOVERNED,ADMITTED_CURRENT_SEASON,2026-08-08,False,REDRAFT V1 - REVIEW,R2_FLEX_AWARE_REPLACEMENT
RESEARCH_ONLY_GOVERNANCE_PENDING,8,2,00-0026498,Matthew Stafford,QB,LA,350.38,103.54,246.84,178.48,LOW,5,preset:12_TEAM_SUPERFLEX_PPR,12-team Superflex PPR,GOVERNED,ADMITTED_CURRENT_SEASON,2026-08-08,False,REDRAFT V1 - REVIEW,R2_FLEX_AWARE_REPLACEMENT
RESEARCH_ONLY_GOVERNANCE_PENDING,9,3,00-0039851,Drake Maye,QB,NE,347.96,103.54,244.42,176.06,LOW,5,preset:12_TEAM_SUPERFLEX_PPR,12-team Superflex PPR,GOVERNED,ADMITTED_CURRENT_SEASON,2026-08-08,False,REDRAFT V1 - REVIEW,R2_FLEX_AWARE_REPLACEMENT
RESEARCH_ONLY_GOVERNANCE_PENDING,10,4,00-0036971,Trevor Lawrence,QB,JAX,336.18,103.54,232.64,164.28,LOW,6,preset:12_TEAM_SUPERFLEX_PPR,12-team Superflex PPR,GOVERNED,ADMITTED_CURRENT_SEASON,2026-08-08,False,REDRAFT V1 - REVIEW,R2_FLEX_AWARE_REPLACEMENT
RESEARCH_ONLY_GOVERNANCE_PENDING,11,3,00-0036963,Amon-Ra St. Brown,WR,DET,324.0,100.4,223.6,153.82,MEDIUM,7,preset:12_TEAM_SUPERFLEX_PPR,12-team Superflex PPR,GOVERNED,ADMITTED_CURRENT_SEASON,2026-08-08,False,REDRAFT V1 - REVIEW,R2_FLEX_AWARE_REPLACEMENT
RESEARCH_ONLY_GOVERNANCE_PENDING,12,5,00-0039040,De'Von Achane,RB,MIA,322.8,100.3,222.5,155.0,LOW,7,preset:12_TEAM_SUPERFLEX_PPR,12-team Superflex PPR,GOVERNED,ADMITTED_CURRENT_SEASON,2026-08-08,False,REDRAFT V1 - REVIEW,R2_FLEX_AWARE_REPLACEMENT
RESEARCH_ONLY_GOVERNANCE_PENDING,13,4,00-0036900,Ja'Marr Chase,WR,CIN,313.6,100.4,213.2,143.42,MEDIUM,8,preset:12_TEAM_SUPERFLEX_PPR,12-team Superflex PPR,GOVERNED,ADMITTED_CURRENT_SEASON,2026-08-08,False,REDRAFT V1 - REVIEW,R2_FLEX_AWARE_REPLACEMENT
RESEARCH_ONLY_GOVERNANCE_PENDING,14,5,00-0039918,Caleb Williams,QB,CHI,316.18,103.54,212.64,144.28,LOW,8,preset:12_TEAM_SUPERFLEX_PPR,12-team Superflex PPR,GOVERNED,ADMITTED_CURRENT_SEASON,2026-08-08,False,REDRAFT V1 - REVIEW,R2_FLEX_AWARE_REPLACEMENT
RESEARCH_ONLY_GOVERNANCE_PENDING,15,6,00-0033077,Dak Prescott,QB,DAL,307.78,103.54,204.24,135.88,LOW,9,preset:12_TEAM_SUPERFLEX_PPR,12-team Superflex PPR,GOVERNED,ADMITTED_CURRENT_SEASON,2026-08-08,False,REDRAFT V1 - REVIEW,R2_FLEX_AWARE_REPLACEMENT
RESEARCH_ONLY_GOVERNANCE_PENDING,16,1,00-0037744,Trey McBride,TE,AZ,315.9,113.6,202.3,150.8,MEDIUM,9,preset:12_TEAM_SUPERFLEX_PPR,12-team Superflex PPR,GOVERNED,ADMITTED_CURRENT_SEASON,2026-08-08,False,REDRAFT V1 - REVIEW,R2_FLEX_AWARE_REPLACEMENT
RESEARCH_ONLY_GOVERNANCE_PENDING,17,6,00-0037248,James Cook,RB,BUF,302.2,100.3,201.9,134.4,LOW,9,preset:12_TEAM_SUPERFLEX_PPR,12-team Superflex PPR,GOVERNED,ADMITTED_CURRENT_SEASON,2026-08-08,False,REDRAFT V1 - REVIEW,R2_FLEX_AWARE_REPLACEMENT
RESEARCH_ONLY_GOVERNANCE_PENDING,18,7,00-0036389,Jalen Hurts,QB,PHI,299.06,103.54,195.52,127.16,LOW,10,preset:12_TEAM_SUPERFLEX_PPR,12-team Superflex PPR,GOVERNED,ADMITTED_CURRENT_SEASON,2026-08-08,False,REDRAFT V1 - REVIEW,R2_FLEX_AWARE_REPLACEMENT
RESEARCH_ONLY_GOVERNANCE_PENDING,19,8,00-0033106,Jared Goff,QB,DET,297.06,103.54,193.52,125.16,LOW,10,preset:12_TEAM_SUPERFLEX_PPR,12-team Superflex PPR,GOVERNED,ADMITTED_CURRENT_SEASON,2026-08-08,False,REDRAFT V1 - REVIEW,R2_FLEX_AWARE_REPLACEMENT
RESEARCH_ONLY_GOVERNANCE_PENDING,20,9,00-0039732,Bo Nix,QB,DEN,296.84,103.54,193.3,124.94,LOW,10,preset:12_TEAM_SUPERFLEX_PPR,12-team Superflex PPR,GOVERNED,ADMITTED_CURRENT_SEASON,2026-08-08,False,REDRAFT V1 - REVIEW,R2_FLEX_AWARE_REPLACEMENT
RESEARCH_ONLY_GOVERNANCE_PENDING,21,5,00-0037247,George Pickens,WR,DAL,289.9,100.4,189.5,119.72,LOW,10,preset:12_TEAM_SUPERFLEX_PPR,12-team Superflex PPR,GOVERNED,ADMITTED_CURRENT_SEASON,2026-08-08,False,REDRAFT V1 - REVIEW,R2_FLEX_AWARE_REPLACEMENT
RESEARCH_ONLY_GOVERNANCE_PENDING,22,10,00-0036355,Justin Herbert,QB,LAC,284.88,103.54,181.34,112.98,LOW,11,preset:12_TEAM_SUPERFLEX_PPR,12-team Superflex PPR,GOVERNED,ADMITTED_CURRENT_SEASON,2026-08-08,False,REDRAFT V1 - REVIEW,R2_FLEX_AWARE_REPLACEMENT
RESEARCH_ONLY_GOVERNANCE_PENDING,23,7,00-0038597,Chase Brown,RB,CIN,280.6,100.3,180.3,112.8,LOW,11,preset:12_TEAM_SUPERFLEX_PPR,12-team Superflex PPR,GOVERNED,ADMITTED_CURRENT_SEASON,2026-08-08,False,REDRAFT V1 - REVIEW,R2_FLEX_AWARE_REPLACEMENT
RESEARCH_ONLY_GOVERNANCE_PENDING,24,8,00-0032764,Derrick Henry,RB,BAL,279.5,100.3,179.2,111.7,LOW,11,preset:12_TEAM_SUPERFLEX_PPR,12-team Superflex PPR,GOVERNED,ADMITTED_CURRENT_SEASON,2026-08-08,False,REDRAFT V1 - REVIEW,R2_FLEX_AWARE_REPLACEMENT
RESEARCH_ONLY_GOVERNANCE_PENDING,25,11,00-0033873,Patrick Mahomes,QB,KC,281.68,103.54,178.14,109.78,LOW,11,preset:12_TEAM_SUPERFLEX_PPR,12-team Superflex PPR,GOVERNED,ADMITTED_CURRENT_SEASON,2026-08-08,False,REDRAFT V1 - REVIEW,R2_FLEX_AWARE_REPLACEMENT
RESEARCH_ONLY_GOVERNANCE_PENDING,26,6,00-0037239,Chris Olave,WR,NO,268.0,100.4,167.6,97.82,LOW,12,preset:12_TEAM_SUPERFLEX_PPR,12-team Superflex PPR,GOVERNED,ADMITTED_CURRENT_SEASON,2026-08-08,False,REDRAFT V1 - REVIEW,R2_FLEX_AWARE_REPLACEMENT
RESEARCH_ONLY_GOVERNANCE_PENDING,27,12,00-0034855,Baker Mayfield,QB,TB,267.92,103.54,164.38,96.02,LOW,12,preset:12_TEAM_SUPERFLEX_PPR,12-team Superflex PPR,GOVERNED,ADMITTED_CURRENT_SEASON,2026-08-08,False,REDRAFT V1 - REVIEW,R2_FLEX_AWARE_REPLACEMENT
RESEARCH_ONLY_GOVERNANCE_PENDING,28,9,00-0037840,Kyren Williams,RB,LA,263.3,100.3,163.0,95.5,LOW,12,preset:12_TEAM_SUPERFLEX_PPR,12-team Superflex PPR,GOVERNED,ADMITTED_CURRENT_SEASON,2026-08-08,False,REDRAFT V1 - REVIEW,R2_FLEX_AWARE_REPLACEMENT
RESEARCH_ONLY_GOVERNANCE_PENDING,29,10,00-0036973,Travis Etienne,RB,NO,253.9,100.3,153.6,86.1,LOW,13,preset:12_TEAM_SUPERFLEX_PPR,12-team Superflex PPR,GOVERNED,ADMITTED_CURRENT_SEASON,2026-08-08,False,REDRAFT V1 - REVIEW,R2_FLEX_AWARE_REPLACEMENT
RESEARCH_ONLY_GOVERNANCE_PENDING,30,11,00-0040122,Ashton Jeanty,RB,LV,245.1,100.3,144.8,77.3,LOW,14,preset:12_TEAM_SUPERFLEX_PPR,12-team Superflex PPR,GOVERNED,ADMITTED_CURRENT_SEASON,2026-08-08,False,REDRAFT V1 - REVIEW,R2_FLEX_AWARE_REPLACEMENT
RESEARCH_ONLY_GOVERNANCE_PENDING,31,7,00-0039064,Zay Flowers,WR,BAL,243.3,100.4,142.9,73.12,LOW,14,preset:12_TEAM_SUPERFLEX_PPR,12-team Superflex PPR,GOVERNED,ADMITTED_CURRENT_SEASON,2026-08-08,False,REDRAFT V1 - REVIEW,R2_FLEX_AWARE_REPLACEMENT
RESEARCH_ONLY_GOVERNANCE_PENDING,32,12,00-0036997,Javonte Williams,RB,DAL,242.8,100.3,142.5,75.0,LOW,14,preset:12_TEAM_SUPERFLEX_PPR,12-team Superflex PPR,GOVERNED,ADMITTED_CURRENT_SEASON,2026-08-08,False,REDRAFT V1 - REVIEW,R2_FLEX_AWARE_REPLACEMENT
RESEARCH_ONLY_GOVERNANCE_PENDING,33,13,00-0035700,Josh Jacobs,RB,GB,237.1,100.3,136.8,69.3,LOW,15,preset:12_TEAM_SUPERFLEX_PPR,12-team Superflex PPR,GOVERNED,ADMITTED_CURRENT_SEASON,2026-08-08,False,REDRAFT V1 - REVIEW,R2_FLEX_AWARE_REPLACEMENT
RESEARCH_ONLY_GOVERNANCE_PENDING,34,13,00-0040691,Jaxson Dart,QB,NYG,239.58,103.54,136.04,67.68,LOW,15,preset:12_TEAM_SUPERFLEX_PPR,12-team Superflex PPR,GOVERNED,ADMITTED_CURRENT_SEASON,2026-08-08,False,REDRAFT V1 - REVIEW,R2_FLEX_AWARE_REPLACEMENT
RESEARCH_ONLY_GOVERNANCE_PENDING,35,14,00-0034844,Saquon Barkley,RB,PHI,230.3,100.3,130.0,62.5,LOW,16,preset:12_TEAM_SUPERFLEX_PPR,12-team Superflex PPR,GOVERNED,ADMITTED_CURRENT_SEASON,2026-08-08,False,REDRAFT V1 - REVIEW,R2_FLEX_AWARE_REPLACEMENT
RESEARCH_ONLY_GOVERNANCE_PENDING,36,15,00-0036275,D'Andre Swift,RB,CHI,228.6,100.3,128.3,60.8,LOW,16,preset:12_TEAM_SUPERFLEX_PPR,12-team Superflex PPR,GOVERNED,ADMITTED_CURRENT_SEASON,2026-08-08,False,REDRAFT V1 - REVIEW,R2_FLEX_AWARE_REPLACEMENT
RESEARCH_ONLY_GOVERNANCE_PENDING,37,14,00-0034869,Sam Darnold,QB,SEA,231.42,103.54,127.88,59.52,LOW,16,preset:12_TEAM_SUPERFLEX_PPR,12-team Superflex PPR,GOVERNED,ADMITTED_CURRENT_SEASON,2026-08-08,False,REDRAFT V1 - REVIEW,R2_FLEX_AWARE_REPLACEMENT
RESEARCH_ONLY_GOVERNANCE_PENDING,38,15,00-0036264,Jordan Love,QB,GB,231.14,103.54,127.6,59.24,LOW,16,preset:12_TEAM_SUPERFLEX_PPR,12-team Superflex PPR,GOVERNED,ADMITTED_CURRENT_SEASON,2026-08-08,False,REDRAFT V1 - REVIEW,R2_FLEX_AWARE_REPLACEMENT
RESEARCH_ONLY_GOVERNANCE_PENDING,39,8,00-0036554,Nico Collins,WR,HOU,224.2,100.4,123.8,54.02,LOW,16,preset:12_TEAM_SUPERFLEX_PPR,12-team Superflex PPR,GOVERNED,ADMITTED_CURRENT_SEASON,2026-08-08,False,REDRAFT V1 - REVIEW,R2_FLEX_AWARE_REPLACEMENT
RESEARCH_ONLY_GOVERNANCE_PENDING,40,9,00-0031381,Davante Adams,WR,LA,222.9,100.4,122.5,52.72,LOW,16,preset:12_TEAM_SUPERFLEX_PPR,12-team Superflex PPR,GOVERNED,ADMITTED_CURRENT_SEASON,2026-08-08,False,REDRAFT V1 - REVIEW,R2_FLEX_AWARE_REPLACEMENT
RESEARCH_ONLY_GOVERNANCE_PENDING,41,16,00-0033119,Jacoby Brissett,QB,AZ,225.44,103.54,121.9,53.54,LOW,16,preset:12_TEAM_SUPERFLEX_PPR,12-team Superflex PPR,GOVERNED,ADMITTED_CURRENT_SEASON,2026-08-08,False,REDRAFT V1 - REVIEW,R2_FLEX_AWARE_REPLACEMENT
RESEARCH_ONLY_GOVERNANCE_PENDING,42,17,00-0023459,Aaron Rodgers,QB,PIT,225.08,103.54,121.54,53.18,LOW,16,preset:12_TEAM_SUPERFLEX_PPR,12-team Superflex PPR,GOVERNED,ADMITTED_CURRENT_SEASON,2026-08-08,False,REDRAFT V1 - REVIEW,R2_FLEX_AWARE_REPLACEMENT
RESEARCH_ONLY_GOVERNANCE_PENDING,43,16,00-0036919,Kenny Gainwell,RB,TB,221.3,100.3,121.0,53.5,LOW,16,preset:12_TEAM_SUPERFLEX_PPR,12-team Superflex PPR,GOVERNED,ADMITTED_CURRENT_SEASON,2026-08-08,False,REDRAFT V1 - REVIEW,R2_FLEX_AWARE_REPLACEMENT
RESEARCH_ONLY_GOVERNANCE_PENDING,44,18,00-0035710,Daniel Jones,QB,IND,224.44,103.54,120.9,52.54,LOW,16,preset:12_TEAM_SUPERFLEX_PPR,12-team Superflex PPR,GOVERNED,ADMITTED_CURRENT_SEASON,2026-08-08,False,REDRAFT V1 - REVIEW,R2_FLEX_AWARE_REPLACEMENT
RESEARCH_ONLY_GOVERNANCE_PENDING,45,10,00-0038559,Michael Wilson,WR,AZ,220.6,100.4,120.2,50.42,LOW,16,preset:12_TEAM_SUPERFLEX_PPR,12-team Superflex PPR,GOVERNED,ADMITTED_CURRENT_SEASON,2026-08-08,False,REDRAFT V1 - REVIEW,R2_FLEX_AWARE_REPLACEMENT
RESEARCH_ONLY_GOVERNANCE_PENDING,46,11,00-0035676,A.J. Brown,WR,NE,220.3,100.4,119.9,50.12,LOW,16,preset:12_TEAM_SUPERFLEX_PPR,12-team Superflex PPR,GOVERNED,ADMITTED_CURRENT_SEASON,2026-08-08,False,REDRAFT V1 - REVIEW,R2_FLEX_AWARE_REPLACEMENT
RESEARCH_ONLY_GOVERNANCE_PENDING,47,12,00-0037240,Jameson Williams,WR,DET,219.9,100.4,119.5,49.72,LOW,16,preset:12_TEAM_SUPERFLEX_PPR,12-team Superflex PPR,GOVERNED,ADMITTED_CURRENT_SEASON,2026-08-08,False,REDRAFT V1 - REVIEW,R2_FLEX_AWARE_REPLACEMENT
RESEARCH_ONLY_GOVERNANCE_PENDING,48,13,00-0038117,Wan'Dale Robinson,WR,TEN,217.9,100.4,117.5,47.72,LOW,16,preset:12_TEAM_SUPERFLEX_PPR,12-team Superflex PPR,GOVERNED,ADMITTED_CURRENT_SEASON,2026-08-08,False,REDRAFT V1 - REVIEW,R2_FLEX_AWARE_REPLACEMENT
RESEARCH_ONLY_GOVERNANCE_PENDING,49,14,00-0034348,Courtland Sutton,WR,DEN,217.7,100.4,117.3,47.52,LOW,16,preset:12_TEAM_SUPERFLEX_PPR,12-team Superflex PPR,GOVERNED,ADMITTED_CURRENT_SEASON,2026-08-08,False,REDRAFT V1 - REVIEW,R2_FLEX_AWARE_REPLACEMENT
RESEARCH_ONLY_GOVERNANCE_PENDING,50,17,00-0037228,Jaylen Warren,RB,PIT,217.1,100.3,116.8,49.3,LOW,16,preset:12_TEAM_SUPERFLEX_PPR,12-team Superflex PPR,GOVERNED,ADMITTED_CURRENT_SEASON,2026-08-08,False,REDRAFT V1 - REVIEW,R2_FLEX_AWARE_REPLACEMENT
RESEARCH_ONLY_GOVERNANCE_PENDING,51,18,00-0036139,Rico Dowdle,RB,PIT,216.3,100.3,116.0,48.5,LOW,16,preset:12_TEAM_SUPERFLEX_PPR,12-team Superflex PPR,GOVERNED,ADMITTED_CURRENT_SEASON,2026-08-08,False,REDRAFT V1 - REVIEW,R2_FLEX_AWARE_REPLACEMENT
RESEARCH_ONLY_GOVERNANCE_PENDING,52,19,00-0039150,Bryce Young,QB,CAR,216.04,103.54,112.5,44.14,LOW,16,preset:12_TEAM_SUPERFLEX_PPR,12-team Superflex PPR,GOVERNED,ADMITTED_CURRENT_SEASON,2026-08-08,False,REDRAFT V1 - REVIEW,R2_FLEX_AWARE_REPLACEMENT
RESEARCH_ONLY_GOVERNANCE_PENDING,53,15,00-0040124,Tetairoa McMillan,WR,CAR,211.4,100.4,111.0,41.22,LOW,16,preset:12_TEAM_SUPERFLEX_PPR,12-team Superflex PPR,GOVERNED,ADMITTED_CURRENT_SEASON,2026-08-08,False,REDRAFT V1 - REVIEW,R2_FLEX_AWARE_REPLACEMENT
RESEARCH_ONLY_GOVERNANCE_PENDING,54,20,00-0034796,Lamar Jackson,QB,BAL,212.86,103.54,109.32,40.96,LOW,16,preset:12_TEAM_SUPERFLEX_PPR,12-team Superflex PPR,GOVERNED,ADMITTED_CURRENT_SEASON,2026-08-08,False,REDRAFT V1 - REVIEW,R2_FLEX_AWARE_REPLACEMENT
RESEARCH_ONLY_GOVERNANCE_PENDING,55,16,00-0036410,Tee Higgins,WR,CIN,209.6,100.4,109.2,39.42,LOW,16,preset:12_TEAM_SUPERFLEX_PPR,12-team Superflex PPR,GOVERNED,ADMITTED_CURRENT_SEASON,2026-08-08,False,REDRAFT V1 - REVIEW,R2_FLEX_AWARE_REPLACEMENT
RESEARCH_ONLY_GOVERNANCE_PENDING,56,19,00-0038120,Breece Hall,RB,NYJ,207.66,100.3,107.36,39.86,LOW,16,preset:12_TEAM_SUPERFLEX_PPR,12-team Superflex PPR,GOVERNED,ADMITTED_CURRENT_SEASON,2026-08-08,False,REDRAFT V1 - REVIEW,R2_FLEX_AWARE_REPLACEMENT
RESEARCH_ONLY_GOVERNANCE_PENDING,57,20,00-0040730,RJ Harvey,RB,DEN,206.6,100.3,106.3,38.8,LOW,16,preset:12_TEAM_SUPERFLEX_PPR,12-team Superflex PPR,GOVERNED,ADMITTED_CURRENT_SEASON,2026-08-08,False,REDRAFT V1 - REVIEW,R2_FLEX_AWARE_REPLACEMENT
RESEARCH_ONLY_GOVERNANCE_PENDING,58,21,00-0040734,TreVeyon Henderson,RB,NE,206.2,100.3,105.9,38.4,LOW,16,preset:12_TEAM_SUPERFLEX_PPR,12-team Superflex PPR,GOVERNED,ADMITTED_CURRENT_SEASON,2026-08-08,False,REDRAFT V1 - REVIEW,R2_FLEX_AWARE_REPLACEMENT
RESEARCH_ONLY_GOVERNANCE_PENDING,59,21,00-0039163,C.J. Stroud,QB,HOU,208.54,103.54,105.0,36.64,LOW,16,preset:12_TEAM_SUPERFLEX_PPR,12-team Superflex PPR,GOVERNED,ADMITTED_CURRENT_SEASON,2026-08-08,False,REDRAFT V1 - REVIEW,R2_FLEX_AWARE_REPLACEMENT
RESEARCH_ONLY_GOVERNANCE_PENDING,60,17,00-0036912,DeVonta Smith,WR,PHI,201.8,100.4,101.4,31.62,LOW,16,preset:12_TEAM_SUPERFLEX_PPR,12-team Superflex PPR,GOVERNED,ADMITTED_CURRENT_SEASON,2026-08-08,False,REDRAFT V1 - REVIEW,R2_FLEX_AWARE_REPLACEMENT
RESEARCH_ONLY_GOVERNANCE_PENDING,61,18,00-0036322,Justin Jefferson,WR,MIN,201.5,100.4,101.1,31.32,LOW,16,preset:12_TEAM_SUPERFLEX_PPR,12-team Superflex PPR,GOVERNED,ADMITTED_CURRENT_SEASON,2026-08-08,False,REDRAFT V1 - REVIEW,R2_FLEX_AWARE_REPLACEMENT
RESEARCH_ONLY_GOVERNANCE_PENDING,62,22,00-0041027,Jeremiyah Love,RB,AZ,201.2,100.3,100.9,33.4,LOW,16,preset:12_TEAM_SUPERFLEX_PPR,12-team Superflex PPR,GOVERNANCE_PENDING,MODEL_VALIDATED_REVIEW_ONLY,2026-07-30,True,REDRAFT V1 - REVIEW,R2_FLEX_AWARE_REPLACEMENT
RESEARCH_ONLY_GOVERNANCE_PENDING,63,23,00-0041512,Jadarian Price,RB,SEA,201.2,100.3,100.9,33.4,LOW,16,preset:12_TEAM_SUPERFLEX_PPR,12-team Superflex PPR,GOVERNANCE_PENDING,MODEL_VALIDATED_REVIEW_ONLY,2026-07-30,True,REDRAFT V1 - REVIEW,R2_FLEX_AWARE_REPLACEMENT
RESEARCH_ONLY_GOVERNANCE_PENDING,64,19,00-0036358,CeeDee Lamb,WR,DAL,200.9,100.4,100.5,30.72,LOW,16,preset:12_TEAM_SUPERFLEX_PPR,12-team Superflex PPR,GOVERNED,ADMITTED_CURRENT_SEASON,2026-08-08,False,REDRAFT V1 - REVIEW,R2_FLEX_AWARE_REPLACEMENT
RESEARCH_ONLY_GOVERNANCE_PENDING,65,20,00-0036252,Michael Pittman,WR,PIT,200.4,100.4,100.0,30.22,LOW,16,preset:12_TEAM_SUPERFLEX_PPR,12-team Superflex PPR,GOVERNED,ADMITTED_CURRENT_SEASON,2026-08-08,False,REDRAFT V1 - REVIEW,R2_FLEX_AWARE_REPLACEMENT
RESEARCH_ONLY_GOVERNANCE_PENDING,66,21,00-0037238,Drake London,WR,ATL,199.9,100.4,99.5,29.72,LOW,16,preset:12_TEAM_SUPERFLEX_PPR,12-team Superflex PPR,GOVERNED,ADMITTED_CURRENT_SEASON,2026-08-08,False,REDRAFT V1 - REVIEW,R2_FLEX_AWARE_REPLACEMENT
RESEARCH_ONLY_GOVERNANCE_PENDING,67,2,00-0036970,Kyle Pitts,TE,ATL,210.8,113.6,97.2,45.7,MEDIUM,16,preset:12_TEAM_SUPERFLEX_PPR,12-team Superflex PPR,GOVERNED,ADMITTED_CURRENT_SEASON,2026-08-08,False,REDRAFT V1 - REVIEW,R2_FLEX_AWARE_REPLACEMENT
RESEARCH_ONLY_GOVERNANCE_PENDING,68,22,00-0036613,Jaylen Waddle,WR,DEN,194.12,100.4,93.72,23.94,LOW,16,preset:12_TEAM_SUPERFLEX_PPR,12-team Superflex PPR,GOVERNED,ADMITTED_CURRENT_SEASON,2026-08-08,False,REDRAFT V1 - REVIEW,R2_FLEX_AWARE_REPLACEMENT
RESEARCH_ONLY_GOVERNANCE_PENDING,69,23,00-0040129,Emeka Egbuka,WR,TB,193.7,100.4,93.3,23.52,LOW,16,preset:12_TEAM_SUPERFLEX_PPR,12-team Superflex PPR,GOVERNED,ADMITTED_CURRENT_SEASON,2026-08-08,False,REDRAFT V1 - REVIEW,R2_FLEX_AWARE_REPLACEMENT
RESEARCH_ONLY_GOVERNANCE_PENDING,70,24,00-0038134,Kenneth Walker III,RB,KC,191.9,100.3,91.6,24.1,LOW,16,preset:12_TEAM_SUPERFLEX_PPR,12-team Superflex PPR,GOVERNED,ADMITTED_CURRENT_SEASON,2026-08-08,False,REDRAFT V1 - REVIEW,R2_FLEX_AWARE_REPLACEMENT
RESEARCH_ONLY_GOVERNANCE_PENDING,71,24,00-0035640,DK Metcalf,WR,PIT,187.2,100.4,86.8,17.02,LOW,16,preset:12_TEAM_SUPERFLEX_PPR,12-team Superflex PPR,GOVERNED,ADMITTED_CURRENT_SEASON,2026-08-08,False,REDRAFT V1 - REVIEW,R2_FLEX_AWARE_REPLACEMENT
RESEARCH_ONLY_GOVERNANCE_PENDING,72,25,00-0035261,Tony Pollard,RB,TEN,185.8,100.3,85.5,18.0,LOW,16,preset:12_TEAM_SUPERFLEX_PPR,12-team Superflex PPR,GOVERNED,ADMITTED_CURRENT_SEASON,2026-08-08,False,REDRAFT V1 - REVIEW,R2_FLEX_AWARE_REPLACEMENT
RESEARCH_ONLY_GOVERNANCE_PENDING,73,25,00-0038606,Parker Washington,WR,JAX,184.7,100.4,84.3,14.52,LOW,16,preset:12_TEAM_SUPERFLEX_PPR,12-team Superflex PPR,GOVERNED,ADMITTED_CURRENT_SEASON,2026-08-08,False,REDRAFT V1 - REVIEW,R2_FLEX_AWARE_REPLACEMENT
RESEARCH_ONLY_GOVERNANCE_PENDING,74,22,00-0040676,Cam Ward,QB,TEN,186.66,103.54,83.12,14.76,LOW,16,preset:12_TEAM_SUPERFLEX_PPR,12-team Superflex PPR,GOVERNED,ADMITTED_CURRENT_SEASON,2026-08-08,False,REDRAFT V1 - REVIEW,R2_FLEX_AWARE_REPLACEMENT
RESEARCH_ONLY_GOVERNANCE_PENDING,75,26,00-0037664,Alec Pierce,WR,IND,183.3,100.4,82.9,13.12,LOW,16,preset:12_TEAM_SUPERFLEX_PPR,12-team Superflex PPR,GOVERNED,ADMITTED_CURRENT_SEASON,2026-08-08,False,REDRAFT V1 - REVIEW,R2_FLEX_AWARE_REPLACEMENT
RESEARCH_ONLY_GOVERNANCE_PENDING,76,27,00-0039915,Ladd McConkey,WR,LAC,180.9,100.4,80.5,10.72,LOW,16,preset:12_TEAM_SUPERFLEX_PPR,12-team Superflex PPR,GOVERNED,ADMITTED_CURRENT_SEASON,2026-08-08,False,REDRAFT V1 - REVIEW,R2_FLEX_AWARE_REPLACEMENT
RESEARCH_ONLY_GOVERNANCE_PENDING,77,26,00-0039165,Zach Charbonnet,RB,SEA,179.4,100.3,79.1,11.6,LOW,16,preset:12_TEAM_SUPERFLEX_PPR,12-team Superflex PPR,GOVERNED,ADMITTED_CURRENT_SEASON,2026-08-08,False,REDRAFT V1 - REVIEW,R2_FLEX_AWARE_REPLACEMENT
RESEARCH_ONLY_GOVERNANCE_PENDING,78,3,00-0030506,Travis Kelce,TE,KC,191.2,113.6,77.6,26.1,LOW,16,preset:12_TEAM_SUPERFLEX_PPR,12-team Superflex PPR,GOVERNED,ADMITTED_CURRENT_SEASON,2026-08-08,False,REDRAFT V1 - REVIEW,R2_FLEX_AWARE_REPLACEMENT
RESEARCH_ONLY_GOVERNANCE_PENDING,79,28,00-0034960,Jakobi Meyers,WR,JAX,175.8,100.4,75.4,5.62,LOW,16,preset:12_TEAM_SUPERFLEX_PPR,12-team Superflex PPR,GOVERNED,ADMITTED_CURRENT_SEASON,2026-08-08,False,REDRAFT V1 - REVIEW,R2_FLEX_AWARE_REPLACEMENT
RESEARCH_ONLY_GOVERNANCE_PENDING,80,4,00-0040128,Tyler Warren,TE,IND,188.5,113.6,74.9,23.4,LOW,16,preset:12_TEAM_SUPERFLEX_PPR,12-team Superflex PPR,GOVERNED,ADMITTED_CURRENT_SEASON,2026-08-08,False,REDRAFT V1 - REVIEW,R2_FLEX_AWARE_REPLACEMENT
RESEARCH_ONLY_GOVERNANCE_PENDING,81,27,00-0036875,Rhamondre Stevenson,RB,NE,174.8,100.3,74.5,7.0,LOW,16,preset:12_TEAM_SUPERFLEX_PPR,12-team Superflex PPR,GOVERNED,ADMITTED_CURRENT_SEASON,2026-08-08,False,REDRAFT V1 - REVIEW,R2_FLEX_AWARE_REPLACEMENT
RESEARCH_ONLY_GOVERNANCE_PENDING,82,5,00-0040663,Harold Fannin Jr.,TE,CLE,186.4,113.6,72.8,21.3,LOW,16,preset:12_TEAM_SUPERFLEX_PPR,12-team Superflex PPR,GOVERNED,ADMITTED_CURRENT_SEASON,2026-08-08,False,REDRAFT V1 - REVIEW,R2_FLEX_AWARE_REPLACEMENT
RESEARCH_ONLY_GOVERNANCE_PENDING,83,6,00-0038041,Jake Ferguson,TE,DAL,186.1,113.6,72.5,21.0,LOW,16,preset:12_TEAM_SUPERFLEX_PPR,12-team Superflex PPR,GOVERNED,ADMITTED_CURRENT_SEASON,2026-08-08,False,REDRAFT V1 - REVIEW,R2_FLEX_AWARE_REPLACEMENT
RESEARCH_ONLY_GOVERNANCE_PENDING,84,23,00-0037834,Brock Purdy,QB,SF,175.38,103.54,71.84,3.48,LOW,16,preset:12_TEAM_SUPERFLEX_PPR,12-team Superflex PPR,GOVERNED,ADMITTED_CURRENT_SEASON,2026-08-08,False,REDRAFT V1 - REVIEW,R2_FLEX_AWARE_REPLACEMENT
RESEARCH_ONLY_GOVERNANCE_PENDING,85,7,00-0034351,Dallas Goedert,TE,PHI,185.1,113.6,71.5,20.0,LOW,16,preset:12_TEAM_SUPERFLEX_PPR,12-team Superflex PPR,GOVERNED,ADMITTED_CURRENT_SEASON,2026-08-08,False,REDRAFT V1 - REVIEW,R2_FLEX_AWARE_REPLACEMENT
RESEARCH_ONLY_GOVERNANCE_PENDING,86,29,00-0036259,Jauan Jennings,WR,MIN,171.3,100.4,70.9,1.12,LOW,16,preset:12_TEAM_SUPERFLEX_PPR,12-team Superflex PPR,GOVERNED,ADMITTED_CURRENT_SEASON,2026-08-08,False,REDRAFT V1 - REVIEW,R2_FLEX_AWARE_REPLACEMENT
RESEARCH_ONLY_GOVERNANCE_PENDING,87,30,00-0038544,Quentin Johnston,WR,LAC,171.2,100.4,70.8,1.02,LOW,16,preset:12_TEAM_SUPERFLEX_PPR,12-team Superflex PPR,GOVERNED,ADMITTED_CURRENT_SEASON,2026-08-08,False,REDRAFT V1 - REVIEW,R2_FLEX_AWARE_REPLACEMENT
RESEARCH_ONLY_GOVERNANCE_PENDING,88,31,00-0039868,Troy Franklin,WR,DEN,171.1,100.4,70.7,0.92,LOW,16,preset:12_TEAM_SUPERFLEX_PPR,12-team Superflex PPR,GOVERNED,ADMITTED_CURRENT_SEASON,2026-08-08,False,REDRAFT V1 - REVIEW,R2_FLEX_AWARE_REPLACEMENT
RESEARCH_ONLY_GOVERNANCE_PENDING,89,32,00-0034827,DJ Moore,WR,BUF,170.18,100.4,69.78,0.0,LOW,16,preset:12_TEAM_SUPERFLEX_PPR,12-team Superflex PPR,GOVERNED,ADMITTED_CURRENT_SEASON,2026-08-08,False,REDRAFT V1 - REVIEW,R2_FLEX_AWARE_REPLACEMENT
RESEARCH_ONLY_GOVERNANCE_PENDING,90,24,00-0030565,Geno Smith,QB,NYJ,171.9,103.54,68.36,0.0,LOW,16,preset:12_TEAM_SUPERFLEX_PPR,12-team Superflex PPR,GOVERNED,ADMITTED_CURRENT_SEASON,2026-08-08,False,REDRAFT V1 - REVIEW,R2_FLEX_AWARE_REPLACEMENT
RESEARCH_ONLY_GOVERNANCE_PENDING,91,28,00-0040784,Quinshon Judkins,RB,CLE,167.8,100.3,67.5,0.0,LOW,16,preset:12_TEAM_SUPERFLEX_PPR,12-team Superflex PPR,GOVERNED,ADMITTED_CURRENT_SEASON,2026-08-08,False,REDRAFT V1 - REVIEW,R2_FLEX_AWARE_REPLACEMENT
RESEARCH_ONLY_GOVERNANCE_PENDING,92,8,00-0036040,Juwan Johnson,TE,NO,179.9,113.6,66.3,14.8,LOW,16,preset:12_TEAM_SUPERFLEX_PPR,12-team Superflex PPR,GOVERNED,ADMITTED_CURRENT_SEASON,2026-08-08,False,REDRAFT V1 - REVIEW,R2_FLEX_AWARE_REPLACEMENT
RESEARCH_ONLY_GOVERNANCE_PENDING,93,33,00-0037261,Khalil Shakir,WR,BUF,166.4,100.4,66.0,-3.78,LOW,16,preset:12_TEAM_SUPERFLEX_PPR,12-team Superflex PPR,GOVERNED,ADMITTED_CURRENT_SEASON,2026-08-08,False,REDRAFT V1 - REVIEW,R2_FLEX_AWARE_REPLACEMENT
RESEARCH_ONLY_GOVERNANCE_PENDING,94,9,00-0033090,Hunter Henry,TE,NE,178.8,113.6,65.2,13.7,LOW,16,preset:12_TEAM_SUPERFLEX_PPR,12-team Superflex PPR,GOVERNED,ADMITTED_CURRENT_SEASON,2026-08-08,False,REDRAFT V1 - REVIEW,R2_FLEX_AWARE_REPLACEMENT
RESEARCH_ONLY_GOVERNANCE_PENDING,95,29,00-0035685,David Montgomery,RB,HOU,164.92,100.3,64.62,-2.88,LOW,16,preset:12_TEAM_SUPERFLEX_PPR,12-team Superflex PPR,GOVERNED,ADMITTED_CURRENT_SEASON,2026-08-08,False,REDRAFT V1 - REVIEW,R2_FLEX_AWARE_REPLACEMENT
RESEARCH_ONLY_GOVERNANCE_PENDING,96,10,00-0034383,Dalton Schultz,TE,HOU,177.7,113.6,64.1,12.6,LOW,16,preset:12_TEAM_SUPERFLEX_PPR,12-team Superflex PPR,GOVERNED,ADMITTED_CURRENT_SEASON,2026-08-08,False,REDRAFT V1 - REVIEW,R2_FLEX_AWARE_REPLACEMENT
RESEARCH_ONLY_GOVERNANCE_PENDING,97,34,00-0037816,Romeo Doubs,WR,NE,163.4,100.4,63.0,-6.78,LOW,16,preset:12_TEAM_SUPERFLEX_PPR,12-team Superflex PPR,GOVERNED,ADMITTED_CURRENT_SEASON,2026-08-08,False,REDRAFT V1 - REVIEW,R2_FLEX_AWARE_REPLACEMENT
RESEARCH_ONLY_GOVERNANCE_PENDING,98,25,MEN516487,Fernando Mendoza,QB,LV,166.42,103.54,62.88,-5.48,LOW,16,preset:12_TEAM_SUPERFLEX_PPR,12-team Superflex PPR,GOVERNANCE_PENDING,MODEL_VALIDATED_REVIEW_ONLY,2026-07-30,True,REDRAFT V1 - REVIEW,R2_FLEX_AWARE_REPLACEMENT
RESEARCH_ONLY_GOVERNANCE_PENDING,99,26,SIM639376,Ty Simpson,QB,LA,166.42,103.54,62.88,-5.48,LOW,16,preset:12_TEAM_SUPERFLEX_PPR,12-team Superflex PPR,GOVERNANCE_PENDING,MODEL_VALIDATED_REVIEW_ONLY,2026-07-30,True,REDRAFT V1 - REVIEW,R2_FLEX_AWARE_REPLACEMENT
RESEARCH_ONLY_GOVERNANCE_PENDING,100,35,00-0038563,Tre Tucker,WR,LV,161.7,100.4,61.3,-8.48,LOW,16,preset:12_TEAM_SUPERFLEX_PPR,12-team Superflex PPR,GOVERNED,ADMITTED_CURRENT_SEASON,2026-08-08,False,REDRAFT V1 - REVIEW,R2_FLEX_AWARE_REPLACEMENT
RESEARCH_ONLY_GOVERNANCE_PENDING,101,11,00-0039338,Brock Bowers,TE,LV,174.2,113.6,60.6,9.1,LOW,16,preset:12_TEAM_SUPERFLEX_PPR,12-team Superflex PPR,GOVERNED,ADMITTED_CURRENT_SEASON,2026-08-08,False,REDRAFT V1 - REVIEW,R2_FLEX_AWARE_REPLACEMENT
RESEARCH_ONLY_GOVERNANCE_PENDING,102,30,00-0039384,Tyrone Tracy Jr.,RB,NYG,160.8,100.3,60.5,-7.0,LOW,16,preset:12_TEAM_SUPERFLEX_PPR,12-team Superflex PPR,GOVERNED,ADMITTED_CURRENT_SEASON,2026-08-08,False,REDRAFT V1 - REVIEW,R2_FLEX_AWARE_REPLACEMENT
RESEARCH_ONLY_GOVERNANCE_PENDING,103,36,00-0037545,Rashid Shaheed,WR,SEA,156.6,100.4,56.2,-13.58,LOW,16,preset:12_TEAM_SUPERFLEX_PPR,12-team Superflex PPR,GOVERNED,ADMITTED_CURRENT_SEASON,2026-08-08,False,REDRAFT V1 - REVIEW,R2_FLEX_AWARE_REPLACEMENT
RESEARCH_ONLY_GOVERNANCE_PENDING,104,27,00-0036212,Tua Tagovailoa,QB,ATL,158.7,103.54,55.16,-13.2,LOW,16,preset:12_TEAM_SUPERFLEX_PPR,12-team Superflex PPR,GOVERNED,ADMITTED_CURRENT_SEASON,2026-08-08,False,REDRAFT V1 - REVIEW,R2_FLEX_AWARE_REPLACEMENT
RESEARCH_ONLY_GOVERNANCE_PENDING,105,28,00-0040743,Tyler Shough,QB,NO,155.96,103.54,52.42,-15.94,LOW,16,preset:12_TEAM_SUPERFLEX_PPR,12-team Superflex PPR,GOVERNED,ADMITTED_CURRENT_SEASON,2026-08-08,False,REDRAFT V1 - REVIEW,R2_FLEX_AWARE_REPLACEMENT
RESEARCH_ONLY_GOVERNANCE_PENDING,106,12,00-0040126,Colston Loveland,TE,CHI,165.1,113.6,51.5,0.0,LOW,16,preset:12_TEAM_SUPERFLEX_PPR,12-team Superflex PPR,GOVERNED,ADMITTED_CURRENT_SEASON,2026-08-08,False,REDRAFT V1 - REVIEW,R2_FLEX_AWARE_REPLACEMENT
RESEARCH_ONLY_GOVERNANCE_PENDING,107,13,00-0033288,George Kittle,TE,SF,161.5,113.6,47.9,-3.6,LOW,16,preset:12_TEAM_SUPERFLEX_PPR,12-team Superflex PPR,GOVERNED,ADMITTED_CURRENT_SEASON,2026-08-08,False,REDRAFT V1 - REVIEW,R2_FLEX_AWARE_REPLACEMENT
RESEARCH_ONLY_GOVERNANCE_PENDING,108,37,00-0039067,Rashee Rice,WR,KC,148.1,100.4,47.7,-22.08,LOW,16,preset:12_TEAM_SUPERFLEX_PPR,12-team Superflex PPR,GOVERNED,ADMITTED_CURRENT_SEASON,2026-08-08,False,REDRAFT V1 - REVIEW,R2_FLEX_AWARE_REPLACEMENT
RESEARCH_ONLY_GOVERNANCE_PENDING,109,38,00-0039919,Rome Odunze,WR,CHI,146.1,100.4,45.7,-24.08,LOW,16,preset:12_TEAM_SUPERFLEX_PPR,12-team Superflex PPR,GOVERNED,ADMITTED_CURRENT_SEASON,2026-08-08,False,REDRAFT V1 - REVIEW,R2_FLEX_AWARE_REPLACEMENT
RESEARCH_ONLY_GOVERNANCE_PENDING,110,31,00-0040583,Woody Marks,RB,HOU,145.1,100.3,44.8,-22.7,LOW,16,preset:12_TEAM_SUPERFLEX_PPR,12-team Superflex PPR,GOVERNED,ADMITTED_CURRENT_SEASON,2026-08-08,False,REDRAFT V1 - REVIEW,R2_FLEX_AWARE_REPLACEMENT
RESEARCH_ONLY_GOVERNANCE_PENDING,111,32,00-0037256,Rachaad White,RB,WAS,143.0,100.3,42.7,-24.8,LOW,16,preset:12_TEAM_SUPERFLEX_PPR,12-team Superflex PPR,GOVERNED,ADMITTED_CURRENT_SEASON,2026-08-08,False,REDRAFT V1 - REVIEW,R2_FLEX_AWARE_REPLACEMENT
RESEARCH_ONLY_GOVERNANCE_PENDING,112,33,00-0040236,Kyle Monangai,RB,CHI,142.7,100.3,42.4,-25.1,LOW,16,preset:12_TEAM_SUPERFLEX_PPR,12-team Superflex PPR,GOVERNED,ADMITTED_CURRENT_SEASON,2026-08-08,False,REDRAFT V1 - REVIEW,R2_FLEX_AWARE_REPLACEMENT
RESEARCH_ONLY_GOVERNANCE_PENDING,113,34,00-0040242,Jacory Croskey-Merritt,RB,WAS,140.3,100.3,40.0,-27.5,LOW,16,preset:12_TEAM_SUPERFLEX_PPR,12-team Superflex PPR,GOVERNED,ADMITTED_CURRENT_SEASON,2026-08-08,False,REDRAFT V1 - REVIEW,R2_FLEX_AWARE_REPLACEMENT
RESEARCH_ONLY_GOVERNANCE_PENDING,114,29,00-0026158,Joe Flacco,QB,CIN,142.66,103.54,39.12,-29.24,LOW,16,preset:12_TEAM_SUPERFLEX_PPR,12-team Superflex PPR,GOVERNED,ADMITTED_CURRENT_SEASON,2026-08-08,False,REDRAFT V1 - REVIEW,R2_FLEX_AWARE_REPLACEMENT
RESEARCH_ONLY_GOVERNANCE_PENDING,115,39,00-0040867,Makai Lemon,WR,PHI,139.0,100.4,38.6,-31.18,LOW,16,preset:12_TEAM_SUPERFLEX_PPR,12-team Superflex PPR,GOVERNANCE_PENDING,MODEL_VALIDATED_REVIEW_ONLY,2026-07-30,True,REDRAFT V1 - REVIEW,R2_FLEX_AWARE_REPLACEMENT
RESEARCH_ONLY_GOVERNANCE_PENDING,116,40,00-0041029,Jordyn Tyson,WR,NO,139.0,100.4,38.6,-31.18,LOW,16,preset:12_TEAM_SUPERFLEX_PPR,12-team Superflex PPR,GOVERNANCE_PENDING,MODEL_VALIDATED_REVIEW_ONLY,2026-07-30,True,REDRAFT V1 - REVIEW,R2_FLEX_AWARE_REPLACEMENT
RESEARCH_ONLY_GOVERNANCE_PENDING,117,41,00-0041438,Carnell Tate,WR,TEN,139.0,100.4,38.6,-31.18,LOW,16,preset:12_TEAM_SUPERFLEX_PPR,12-team Superflex PPR,GOVERNANCE_PENDING,MODEL_VALIDATED_REVIEW_ONLY,2026-07-30,True,REDRAFT V1 - REVIEW,R2_FLEX_AWARE_REPLACEMENT
RESEARCH_ONLY_GOVERNANCE_PENDING,118,42,00-0041511,Omar Cooper Jr.,WR,NYJ,139.0,100.4,38.6,-31.18,LOW,16,preset:12_TEAM_SUPERFLEX_PPR,12-team Superflex PPR,GOVERNANCE_PENDING,MODEL_VALIDATED_REVIEW_ONLY,2026-07-30,True,REDRAFT V1 - REVIEW,R2_FLEX_AWARE_REPLACEMENT
RESEARCH_ONLY_GOVERNANCE_PENDING,119,43,00-0041547,KC Concepcion,WR,CLE,139.0,100.4,38.6,-31.18,LOW,16,preset:12_TEAM_SUPERFLEX_PPR,12-team Superflex PPR,GOVERNANCE_PENDING,MODEL_VALIDATED_REVIEW_ONLY,2026-07-30,True,REDRAFT V1 - REVIEW,R2_FLEX_AWARE_REPLACEMENT
RESEARCH_ONLY_GOVERNANCE_PENDING,120,44,00-0039893,Brian Thomas Jr.,WR,JAX,138.8,100.4,38.4,-31.38,LOW,16,preset:12_TEAM_SUPERFLEX_PPR,12-team Superflex PPR,GOVERNED,ADMITTED_CURRENT_SEASON,2026-08-08,False,REDRAFT V1 - REVIEW,R2_FLEX_AWARE_REPLACEMENT
RESEARCH_ONLY_GOVERNANCE_PENDING,121,35,00-0039361,Bucky Irving,RB,TB,138.5,100.3,38.2,-29.3,LOW,16,preset:12_TEAM_SUPERFLEX_PPR,12-team Superflex PPR,GOVERNED,ADMITTED_CURRENT_SEASON,2026-08-08,False,REDRAFT V1 - REVIEW,R2_FLEX_AWARE_REPLACEMENT
RESEARCH_ONLY_GOVERNANCE_PENDING,122,45,00-0035662,Marquise Brown,WR,PHI,137.7,100.4,37.3,-32.48,LOW,16,preset:12_TEAM_SUPERFLEX_PPR,12-team Superflex PPR,GOVERNED,ADMITTED_CURRENT_SEASON,2026-08-08,False,REDRAFT V1 - REVIEW,R2_FLEX_AWARE_REPLACEMENT
RESEARCH_ONLY_GOVERNANCE_PENDING,123,46,00-0038997,Josh Downs,WR,IND,136.4,100.4,36.0,-33.78,LOW,16,preset:12_TEAM_SUPERFLEX_PPR,12-team Superflex PPR,GOVERNED,ADMITTED_CURRENT_SEASON,2026-08-08,False,REDRAFT V1 - REVIEW,R2_FLEX_AWARE_REPLACEMENT
RESEARCH_ONLY_GOVERNANCE_PENDING,124,36,00-0040666,Omarion Hampton,RB,LAC,135.7,100.3,35.4,-32.1,LOW,16,preset:12_TEAM_SUPERFLEX_PPR,12-team Superflex PPR,GOVERNED,ADMITTED_CURRENT_SEASON,2026-08-08,False,REDRAFT V1 - REVIEW,R2_FLEX_AWARE_REPLACEMENT
RESEARCH_ONLY_GOVERNANCE_PENDING,125,47,00-0038994,Jordan Addison,WR,MIN,135.1,100.4,34.7,-35.08,LOW,16,preset:12_TEAM_SUPERFLEX_PPR,12-team Superflex PPR,GOVERNED,ADMITTED_CURRENT_SEASON,2026-08-08,False,REDRAFT V1 - REVIEW,R2_FLEX_AWARE_REPLACEMENT
RESEARCH_ONLY_GOVERNANCE_PENDING,126,14,00-0039793,AJ Barner,TE,SEA,147.3,113.6,33.7,-17.8,LOW,16,preset:12_TEAM_SUPERFLEX_PPR,12-team Superflex PPR,GOVERNED,ADMITTED_CURRENT_SEASON,2026-08-08,False,REDRAFT V1 - REVIEW,R2_FLEX_AWARE_REPLACEMENT
RESEARCH_ONLY_GOVERNANCE_PENDING,127,48,00-0038124,Christian Watson,WR,GB,132.4,100.4,32.0,-37.78,LOW,16,preset:12_TEAM_SUPERFLEX_PPR,12-team Superflex PPR,GOVERNED,ADMITTED_CURRENT_SEASON,2026-08-08,False,REDRAFT V1 - REVIEW,R2_FLEX_AWARE_REPLACEMENT
RESEARCH_ONLY_GOVERNANCE_PENDING,128,30,00-0036442,Joe Burrow,QB,CIN,134.46,103.54,30.92,-37.44,LOW,16,preset:12_TEAM_SUPERFLEX_PPR,12-team Superflex PPR,GOVERNED,ADMITTED_CURRENT_SEASON,2026-08-08,False,REDRAFT V1 - REVIEW,R2_FLEX_AWARE_REPLACEMENT
RESEARCH_ONLY_GOVERNANCE_PENDING,129,31,00-0036945,Justin Fields,QB,KC,132.66,103.54,29.12,-39.24,LOW,16,preset:12_TEAM_SUPERFLEX_PPR,12-team Superflex PPR,GOVERNED,ADMITTED_CURRENT_SEASON,2026-08-08,False,REDRAFT V1 - REVIEW,R2_FLEX_AWARE_REPLACEMENT
RESEARCH_ONLY_GOVERNANCE_PENDING,130,49,00-0040130,Jayden Higgins,WR,HOU,129.5,100.4,29.1,-40.68,LOW,16,preset:12_TEAM_SUPERFLEX_PPR,12-team Superflex PPR,GOVERNED,ADMITTED_CURRENT_SEASON,2026-08-08,False,REDRAFT V1 - REVIEW,R2_FLEX_AWARE_REPLACEMENT
RESEARCH_ONLY_GOVERNANCE_PENDING,131,37,00-0037525,Jordan Mason,RB,MIN,128.9,100.3,28.6,-38.9,LOW,16,preset:12_TEAM_SUPERFLEX_PPR,12-team Superflex PPR,GOVERNED,ADMITTED_CURRENT_SEASON,2026-08-08,False,REDRAFT V1 - REVIEW,R2_FLEX_AWARE_REPLACEMENT
RESEARCH_ONLY_GOVERNANCE_PENDING,132,50,00-0040735,Luther Burden III,WR,CHI,127.9,100.4,27.5,-42.28,LOW,16,preset:12_TEAM_SUPERFLEX_PPR,12-team Superflex PPR,GOVERNED,ADMITTED_CURRENT_SEASON,2026-08-08,False,REDRAFT V1 - REVIEW,R2_FLEX_AWARE_REPLACEMENT
RESEARCH_ONLY_GOVERNANCE_PENDING,133,51,00-0040705,Chimere Dike,WR,TEN,126.1,100.4,25.7,-44.08,LOW,16,preset:12_TEAM_SUPERFLEX_PPR,12-team Superflex PPR,GOVERNED,ADMITTED_CURRENT_SEASON,2026-08-08,False,REDRAFT V1 - REVIEW,R2_FLEX_AWARE_REPLACEMENT
RESEARCH_ONLY_GOVERNANCE_PENDING,134,52,00-0039849,Marvin Harrison Jr.,WR,AZ,125.8,100.4,25.4,-44.38,LOW,16,preset:12_TEAM_SUPERFLEX_PPR,12-team Superflex PPR,GOVERNED,ADMITTED_CURRENT_SEASON,2026-08-08,False,REDRAFT V1 - REVIEW,R2_FLEX_AWARE_REPLACEMENT
RESEARCH_ONLY_GOVERNANCE_PENDING,135,38,00-0040715,Cam Skattebo,RB,NYG,125.7,100.3,25.4,-42.1,LOW,16,preset:12_TEAM_SUPERFLEX_PPR,12-team Superflex PPR,GOVERNED,ADMITTED_CURRENT_SEASON,2026-08-08,False,REDRAFT V1 - REVIEW,R2_FLEX_AWARE_REPLACEMENT
RESEARCH_ONLY_GOVERNANCE_PENDING,136,39,00-0036555,Chuba Hubbard,RB,CAR,125.4,100.3,25.1,-42.4,LOW,16,preset:12_TEAM_SUPERFLEX_PPR,12-team Superflex PPR,GOVERNED,ADMITTED_CURRENT_SEASON,2026-08-08,False,REDRAFT V1 - REVIEW,R2_FLEX_AWARE_REPLACEMENT
RESEARCH_ONLY_GOVERNANCE_PENDING,137,32,00-0036972,Mac Jones,QB,SF,128.04,103.54,24.5,-43.86,LOW,16,preset:12_TEAM_SUPERFLEX_PPR,12-team Superflex PPR,GOVERNED,ADMITTED_CURRENT_SEASON,2026-08-08,False,REDRAFT V1 - REVIEW,R2_FLEX_AWARE_REPLACEMENT
RESEARCH_ONLY_GOVERNANCE_PENDING,138,53,00-0038608,Kayshon Boutte,WR,NE,124.1,100.4,23.7,-46.08,LOW,16,preset:12_TEAM_SUPERFLEX_PPR,12-team Superflex PPR,GOVERNED,ADMITTED_CURRENT_SEASON,2026-08-08,False,REDRAFT V1 - REVIEW,R2_FLEX_AWARE_REPLACEMENT
RESEARCH_ONLY_GOVERNANCE_PENDING,139,40,00-0037263,Tyler Allgeier,RB,AZ,123.0,100.3,22.7,-44.8,LOW,16,preset:12_TEAM_SUPERFLEX_PPR,12-team Superflex PPR,GOVERNED,ADMITTED_CURRENT_SEASON,2026-08-08,False,REDRAFT V1 - REVIEW,R2_FLEX_AWARE_REPLACEMENT
RESEARCH_ONLY_GOVERNANCE_PENDING,140,41,00-0039738,Blake Corum,RB,LA,122.2,100.3,21.9,-45.6,LOW,16,preset:12_TEAM_SUPERFLEX_PPR,12-team Superflex PPR,GOVERNED,ADMITTED_CURRENT_SEASON,2026-08-08,False,REDRAFT V1 - REVIEW,R2_FLEX_AWARE_REPLACEMENT
RESEARCH_ONLY_GOVERNANCE_PENDING,141,54,00-0036407,Jerry Jeudy,WR,CLE,120.7,100.4,20.3,-49.48,LOW,16,preset:12_TEAM_SUPERFLEX_PPR,12-team Superflex PPR,GOVERNED,ADMITTED_CURRENT_SEASON,2026-08-08,False,REDRAFT V1 - REVIEW,R2_FLEX_AWARE_REPLACEMENT
RESEARCH_ONLY_GOVERNANCE_PENDING,142,33,00-0032268,Marcus Mariota,QB,WAS,123.5,103.54,19.96,-48.4,LOW,16,preset:12_TEAM_SUPERFLEX_PPR,12-team Superflex PPR,GOVERNED,ADMITTED_CURRENT_SEASON,2026-08-08,False,REDRAFT V1 - REVIEW,R2_FLEX_AWARE_REPLACEMENT
RESEARCH_ONLY_GOVERNANCE_PENDING,143,34,00-0039923,J.J. McCarthy,QB,MIN,123.38,103.54,19.84,-48.52,LOW,16,preset:12_TEAM_SUPERFLEX_PPR,12-team Superflex PPR,GOVERNED,ADMITTED_CURRENT_SEASON,2026-08-08,False,REDRAFT V1 - REVIEW,R2_FLEX_AWARE_REPLACEMENT
RESEARCH_ONLY_GOVERNANCE_PENDING,144,42,00-0033293,Aaron Jones,RB,MIN,118.7,100.3,18.4,-49.1,LOW,16,preset:12_TEAM_SUPERFLEX_PPR,12-team Superflex PPR,GOVERNED,ADMITTED_CURRENT_SEASON,2026-08-08,False,REDRAFT V1 - REVIEW,R2_FLEX_AWARE_REPLACEMENT
RESEARCH_ONLY_GOVERNANCE_PENDING,145,15,00-0040189,Oronde Gadsden II,TE,LAC,131.4,113.6,17.8,-33.7,LOW,16,preset:12_TEAM_SUPERFLEX_PPR,12-team Superflex PPR,GOVERNED,ADMITTED_CURRENT_SEASON,2026-08-08,False,REDRAFT V1 - REVIEW,R2_FLEX_AWARE_REPLACEMENT
RESEARCH_ONLY_GOVERNANCE_PENDING,146,43,00-0039391,Kimani Vidal,RB,LAC,117.9,100.3,17.6,-49.9,LOW,16,preset:12_TEAM_SUPERFLEX_PPR,12-team Superflex PPR,GOVERNED,ADMITTED_CURRENT_SEASON,2026-08-08,False,REDRAFT V1 - REVIEW,R2_FLEX_AWARE_REPLACEMENT
RESEARCH_ONLY_GOVERNANCE_PENDING,147,16,00-0034753,Mark Andrews,TE,BAL,131.0,113.6,17.4,-34.1,LOW,16,preset:12_TEAM_SUPERFLEX_PPR,12-team Superflex PPR,GOVERNED,ADMITTED_CURRENT_SEASON,2026-08-08,False,REDRAFT V1 - REVIEW,R2_FLEX_AWARE_REPLACEMENT
RESEARCH_ONLY_GOVERNANCE_PENDING,148,55,00-0039880,Malik Washington,WR,MIA,116.7,100.4,16.3,-53.48,LOW,16,preset:12_TEAM_SUPERFLEX_PPR,12-team Superflex PPR,GOVERNED,ADMITTED_CURRENT_SEASON,2026-08-08,False,REDRAFT V1 - REVIEW,R2_FLEX_AWARE_REPLACEMENT
RESEARCH_ONLY_GOVERNANCE_PENDING,149,17,00-0036244,Colby Parkinson,TE,LA,129.8,113.6,16.2,-35.3,LOW,16,preset:12_TEAM_SUPERFLEX_PPR,12-team Superflex PPR,GOVERNED,ADMITTED_CURRENT_SEASON,2026-08-08,False,REDRAFT V1 - REVIEW,R2_FLEX_AWARE_REPLACEMENT
RESEARCH_ONLY_GOVERNANCE_PENDING,150,56,00-0040170,Elic Ayomanor,WR,TEN,116.5,100.4,16.1,-53.68,LOW,16,preset:12_TEAM_SUPERFLEX_PPR,12-team Superflex PPR,GOVERNED,ADMITTED_CURRENT_SEASON,2026-08-08,False,REDRAFT V1 - REVIEW,R2_FLEX_AWARE_REPLACEMENT
RESEARCH_ONLY_GOVERNANCE_PENDING,151,44,00-0036158,J.K. Dobbins,RB,DEN,115.9,100.3,15.6,-51.9,LOW,16,preset:12_TEAM_SUPERFLEX_PPR,12-team Superflex PPR,GOVERNED,ADMITTED_CURRENT_SEASON,2026-08-08,False,REDRAFT V1 - REVIEW,R2_FLEX_AWARE_REPLACEMENT
RESEARCH_ONLY_GOVERNANCE_PENDING,152,35,00-0039917,Michael Penix Jr.,QB,ATL,118.28,103.54,14.74,-53.62,LOW,16,preset:12_TEAM_SUPERFLEX_PPR,12-team Superflex PPR,GOVERNED,ADMITTED_CURRENT_SEASON,2026-08-08,False,REDRAFT V1 - REVIEW,R2_FLEX_AWARE_REPLACEMENT
RESEARCH_ONLY_GOVERNANCE_PENDING,153,18,00-0039847,Theo Johnson,TE,NYG,127.8,113.6,14.2,-37.3,LOW,16,preset:12_TEAM_SUPERFLEX_PPR,12-team Superflex PPR,GOVERNED,ADMITTED_CURRENT_SEASON,2026-08-08,False,REDRAFT V1 - REVIEW,R2_FLEX_AWARE_REPLACEMENT
RESEARCH_ONLY_GOVERNANCE_PENDING,154,57,00-0033908,Cooper Kupp,WR,SEA,114.3,100.4,13.9,-55.88,LOW,16,preset:12_TEAM_SUPERFLEX_PPR,12-team Superflex PPR,GOVERNED,ADMITTED_CURRENT_SEASON,2026-08-08,False,REDRAFT V1 - REVIEW,R2_FLEX_AWARE_REPLACEMENT
RESEARCH_ONLY_GOVERNANCE_PENDING,155,58,00-0035659,Terry McLaurin,WR,WAS,114.2,100.4,13.8,-55.98,LOW,16,preset:12_TEAM_SUPERFLEX_PPR,12-team Superflex PPR,GOVERNED,ADMITTED_CURRENT_SEASON,2026-08-08,False,REDRAFT V1 - REVIEW,R2_FLEX_AWARE_REPLACEMENT
RESEARCH_ONLY_GOVERNANCE_PENDING,156,59,00-0039410,Ryan Flournoy,WR,DAL,114.0,100.4,13.6,-56.18,LOW,16,preset:12_TEAM_SUPERFLEX_PPR,12-team Superflex PPR,GOVERNED,ADMITTED_CURRENT_SEASON,2026-08-08,False,REDRAFT V1 - REVIEW,R2_FLEX_AWARE_REPLACEMENT
RESEARCH_ONLY_GOVERNANCE_PENDING,157,60,00-0033555,Mack Hollins,WR,NE,113.4,100.4,13.0,-56.78,LOW,16,preset:12_TEAM_SUPERFLEX_PPR,12-team Superflex PPR,GOVERNED,ADMITTED_CURRENT_SEASON,2026-08-08,False,REDRAFT V1 - REVIEW,R2_FLEX_AWARE_REPLACEMENT
RESEARCH_ONLY_GOVERNANCE_PENDING,158,19,00-0038933,Dalton Kincaid,TE,BUF,126.1,113.6,12.5,-39.0,LOW,16,preset:12_TEAM_SUPERFLEX_PPR,12-team Superflex PPR,GOVERNED,ADMITTED_CURRENT_SEASON,2026-08-08,False,REDRAFT V1 - REVIEW,R2_FLEX_AWARE_REPLACEMENT
RESEARCH_ONLY_GOVERNANCE_PENDING,159,45,00-0039032,Tyjae Spears,RB,TEN,111.7,100.3,11.4,-56.1,LOW,16,preset:12_TEAM_SUPERFLEX_PPR,12-team Superflex PPR,GOVERNED,ADMITTED_CURRENT_SEASON,2026-08-08,False,REDRAFT V1 - REVIEW,R2_FLEX_AWARE_REPLACEMENT
RESEARCH_ONLY_GOVERNANCE_PENDING,160,20,00-0037809,Chig Okonkwo,TE,WAS,124.0,113.6,10.4,-41.1,LOW,16,preset:12_TEAM_SUPERFLEX_PPR,12-team Superflex PPR,GOVERNED,ADMITTED_CURRENT_SEASON,2026-08-08,False,REDRAFT V1 - REVIEW,R2_FLEX_AWARE_REPLACEMENT
RESEARCH_ONLY_GOVERNANCE_PENDING,161,61,00-0039894,Xavier Worthy,WR,KC,109.9,100.4,9.5,-60.28,LOW,16,preset:12_TEAM_SUPERFLEX_PPR,12-team Superflex PPR,GOVERNED,ADMITTED_CURRENT_SEASON,2026-08-08,False,REDRAFT V1 - REVIEW,R2_FLEX_AWARE_REPLACEMENT
RESEARCH_ONLY_GOVERNANCE_PENDING,162,36,00-0039910,Jayden Daniels,QB,WAS,112.28,103.54,8.74,-59.62,LOW,16,preset:12_TEAM_SUPERFLEX_PPR,12-team Superflex PPR,GOVERNED,ADMITTED_CURRENT_SEASON,2026-08-08,False,REDRAFT V1 - REVIEW,R2_FLEX_AWARE_REPLACEMENT
RESEARCH_ONLY_GOVERNANCE_PENDING,163,21,00-0038129,Cade Otton,TE,TB,122.2,113.6,8.6,-42.9,LOW,16,preset:12_TEAM_SUPERFLEX_PPR,12-team Superflex PPR,GOVERNED,ADMITTED_CURRENT_SEASON,2026-08-08,False,REDRAFT V1 - REVIEW,R2_FLEX_AWARE_REPLACEMENT
RESEARCH_ONLY_GOVERNANCE_PENDING,164,46,00-0035250,Devin Singletary,RB,NYG,106.8,100.3,6.5,-61.0,LOW,16,preset:12_TEAM_SUPERFLEX_PPR,12-team Superflex PPR,GOVERNED,ADMITTED_CURRENT_SEASON,2026-08-08,False,REDRAFT V1 - REVIEW,R2_FLEX_AWARE_REPLACEMENT
RESEARCH_ONLY_GOVERNANCE_PENDING,165,22,00-0038935,Brenton Strange,TE,JAX,118.0,113.6,4.4,-47.1,LOW,16,preset:12_TEAM_SUPERFLEX_PPR,12-team Superflex PPR,GOVERNED,ADMITTED_CURRENT_SEASON,2026-08-08,False,REDRAFT V1 - REVIEW,R2_FLEX_AWARE_REPLACEMENT
RESEARCH_ONLY_GOVERNANCE_PENDING,166,23,00-0038996,Tucker Kraft,TE,GB,117.2,113.6,3.6,-47.9,LOW,16,preset:12_TEAM_SUPERFLEX_PPR,12-team Superflex PPR,GOVERNED,ADMITTED_CURRENT_SEASON,2026-08-08,False,REDRAFT V1 - REVIEW,R2_FLEX_AWARE_REPLACEMENT
RESEARCH_ONLY_GOVERNANCE_PENDING,167,24,00-0041032,Kenyon Sadiq,TE,NYJ,114.2,113.6,0.6,-50.9,LOW,16,preset:12_TEAM_SUPERFLEX_PPR,12-team Superflex PPR,GOVERNANCE_PENDING,MODEL_VALIDATED_REVIEW_ONLY,2026-07-30,True,REDRAFT V1 - REVIEW,R2_FLEX_AWARE_REPLACEMENT
RESEARCH_ONLY_GOVERNANCE_PENDING,168,47,00-0033906,Alvin Kamara,RB,NO,100.7,100.3,0.4,-67.1,LOW,16,preset:12_TEAM_SUPERFLEX_PPR,12-team Superflex PPR,GOVERNED,ADMITTED_CURRENT_SEASON,2026-08-08,False,REDRAFT V1 - REVIEW,R2_FLEX_AWARE_REPLACEMENT
RESEARCH_ONLY_GOVERNANCE_PENDING,169,25,00-0036894,Pat Freiermuth,TE,PIT,113.6,113.6,0.0,-51.5,LOW,16,preset:12_TEAM_SUPERFLEX_PPR,12-team Superflex PPR,GOVERNED,ADMITTED_CURRENT_SEASON,2026-08-08,False,REDRAFT V1 - REVIEW,R2_FLEX_AWARE_REPLACEMENT
RESEARCH_ONLY_GOVERNANCE_PENDING,170,37,00-0029604,Kirk Cousins,QB,LV,103.54,103.54,0.0,-68.36,LOW,16,preset:12_TEAM_SUPERFLEX_PPR,12-team Superflex PPR,GOVERNED,ADMITTED_CURRENT_SEASON,2026-08-08,False,REDRAFT V1 - REVIEW,R2_FLEX_AWARE_REPLACEMENT
RESEARCH_ONLY_GOVERNANCE_PENDING,171,62,00-0039901,Keon Coleman,WR,BUF,100.4,100.4,0.0,-69.78,LOW,16,preset:12_TEAM_SUPERFLEX_PPR,12-team Superflex PPR,GOVERNED,ADMITTED_CURRENT_SEASON,2026-08-08,False,REDRAFT V1 - REVIEW,R2_FLEX_AWARE_REPLACEMENT
RESEARCH_ONLY_GOVERNANCE_PENDING,172,48,00-0035537,Ty Johnson,RB,BUF,100.3,100.3,0.0,-67.5,LOW,16,preset:12_TEAM_SUPERFLEX_PPR,12-team Superflex PPR,GOVERNED,ADMITTED_CURRENT_SEASON,2026-08-08,False,REDRAFT V1 - REVIEW,R2_FLEX_AWARE_REPLACEMENT
RESEARCH_ONLY_GOVERNANCE_PENDING,173,26,00-0035229,T.J. Hockenson,TE,MIN,112.8,113.6,-0.8,-52.3,LOW,16,preset:12_TEAM_SUPERFLEX_PPR,12-team Superflex PPR,GOVERNED,ADMITTED_CURRENT_SEASON,2026-08-08,False,REDRAFT V1 - REVIEW,R2_FLEX_AWARE_REPLACEMENT
RESEARCH_ONLY_GOVERNANCE_PENDING,174,63,00-0037740,Garrett Wilson,WR,NYJ,99.5,100.4,-0.9,-70.68,LOW,16,preset:12_TEAM_SUPERFLEX_PPR,12-team Superflex PPR,GOVERNED,ADMITTED_CURRENT_SEASON,2026-08-08,False,REDRAFT V1 - REVIEW,R2_FLEX_AWARE_REPLACEMENT
RESEARCH_ONLY_GOVERNANCE_PENDING,175,49,00-0036924,Michael Carter,RB,TEN,99.0,100.3,-1.3,-68.8,LOW,16,preset:12_TEAM_SUPERFLEX_PPR,12-team Superflex PPR,GOVERNED,ADMITTED_CURRENT_SEASON,2026-08-08,False,REDRAFT V1 - REVIEW,R2_FLEX_AWARE_REPLACEMENT
RESEARCH_ONLY_GOVERNANCE_PENDING,176,64,00-0037291,Jalen Nailor,WR,LV,98.7,100.4,-1.7,-71.48,LOW,16,preset:12_TEAM_SUPERFLEX_PPR,12-team Superflex PPR,GOVERNED,ADMITTED_CURRENT_SEASON,2026-08-08,False,REDRAFT V1 - REVIEW,R2_FLEX_AWARE_REPLACEMENT
RESEARCH_ONLY_GOVERNANCE_PENDING,177,65,00-0038618,Xavier Hutchinson,WR,HOU,98.0,100.4,-2.4,-72.18,LOW,16,preset:12_TEAM_SUPERFLEX_PPR,12-team Superflex PPR,GOVERNED,ADMITTED_CURRENT_SEASON,2026-08-08,False,REDRAFT V1 - REVIEW,R2_FLEX_AWARE_REPLACEMENT
RESEARCH_ONLY_GOVERNANCE_PENDING,178,38,00-0039376,Spencer Rattler,QB,NO,99.14,103.54,-4.4,-72.76,LOW,16,preset:12_TEAM_SUPERFLEX_PPR,12-team Superflex PPR,GOVERNED,ADMITTED_CURRENT_SEASON,2026-08-08,False,REDRAFT V1 - REVIEW,R2_FLEX_AWARE_REPLACEMENT
RESEARCH_ONLY_GOVERNANCE_PENDING,179,66,00-0038621,DeMario Douglas,WR,NE,95.8,100.4,-4.6,-74.38,LOW,16,preset:12_TEAM_SUPERFLEX_PPR,12-team Superflex PPR,GOVERNED,ADMITTED_CURRENT_SEASON,2026-08-08,False,REDRAFT V1 - REVIEW,R2_FLEX_AWARE_REPLACEMENT
RESEARCH_ONLY_GOVERNANCE_PENDING,180,67,00-0035535,Darius Slayton,WR,NYG,94.8,100.4,-5.6,-75.38,LOW,16,preset:12_TEAM_SUPERFLEX_PPR,12-team Superflex PPR,GOVERNED,ADMITTED_CURRENT_SEASON,2026-08-08,False,REDRAFT V1 - REVIEW,R2_FLEX_AWARE_REPLACEMENT
RESEARCH_ONLY_GOVERNANCE_PENDING,181,27,00-0039065,Sam LaPorta,TE,DET,106.9,113.6,-6.7,-58.2,LOW,16,preset:12_TEAM_SUPERFLEX_PPR,12-team Superflex PPR,GOVERNED,ADMITTED_CURRENT_SEASON,2026-08-08,False,REDRAFT V1 - REVIEW,R2_FLEX_AWARE_REPLACEMENT
RESEARCH_ONLY_GOVERNANCE_PENDING,182,68,00-0038976,Marvin Mims Jr.,WR,DEN,93.0,100.4,-7.4,-77.18,LOW,16,preset:12_TEAM_SUPERFLEX_PPR,12-team Superflex PPR,GOVERNED,ADMITTED_CURRENT_SEASON,2026-08-08,False,REDRAFT V1 - REVIEW,R2_FLEX_AWARE_REPLACEMENT
RESEARCH_ONLY_GOVERNANCE_PENDING,183,50,00-0037157,Bam Knight,RB,AZ,92.9,100.3,-7.4,-74.9,LOW,16,preset:12_TEAM_SUPERFLEX_PPR,12-team Superflex PPR,GOVERNED,ADMITTED_CURRENT_SEASON,2026-08-08,False,REDRAFT V1 - REVIEW,R2_FLEX_AWARE_REPLACEMENT
RESEARCH_ONLY_GOVERNANCE_PENDING,184,51,00-0038797,Emanuel Wilson,RB,SEA,92.5,100.3,-7.8,-75.3,LOW,16,preset:12_TEAM_SUPERFLEX_PPR,12-team Superflex PPR,GOVERNED,ADMITTED_CURRENT_SEASON,2026-08-08,False,REDRAFT V1 - REVIEW,R2_FLEX_AWARE_REPLACEMENT
RESEARCH_ONLY_GOVERNANCE_PENDING,185,69,00-0040237,Tez Johnson,WR,TB,92.4,100.4,-8.0,-77.78,LOW,16,preset:12_TEAM_SUPERFLEX_PPR,12-team Superflex PPR,GOVERNED,ADMITTED_CURRENT_SEASON,2026-08-08,False,REDRAFT V1 - REVIEW,R2_FLEX_AWARE_REPLACEMENT
RESEARCH_ONLY_GOVERNANCE_PENDING,186,70,00-0033307,Kendrick Bourne,WR,AZ,92.1,100.4,-8.3,-78.08,LOW,16,preset:12_TEAM_SUPERFLEX_PPR,12-team Superflex PPR,GOVERNED,ADMITTED_CURRENT_SEASON,2026-08-08,False,REDRAFT V1 - REVIEW,R2_FLEX_AWARE_REPLACEMENT
RESEARCH_ONLY_GOVERNANCE_PENDING,187,52,00-0038611,Chris Rodriguez Jr.,RB,JAX,92.0,100.3,-8.3,-75.8,LOW,16,preset:12_TEAM_SUPERFLEX_PPR,12-team Superflex PPR,GOVERNED,ADMITTED_CURRENT_SEASON,2026-08-08,False,REDRAFT V1 - REVIEW,R2_FLEX_AWARE_REPLACEMENT
RESEARCH_ONLY_GOVERNANCE_PENDING,188,53,00-0038951,Sean Tucker,RB,TB,91.4,100.3,-8.9,-76.4,LOW,16,preset:12_TEAM_SUPERFLEX_PPR,12-team Superflex PPR,GOVERNED,ADMITTED_CURRENT_SEASON,2026-08-08,False,REDRAFT V1 - REVIEW,R2_FLEX_AWARE_REPLACEMENT
RESEARCH_ONLY_GOVERNANCE_PENDING,189,71,00-0038619,Andrei Iosivas,WR,CIN,89.9,100.4,-10.5,-80.28,LOW,16,preset:12_TEAM_SUPERFLEX_PPR,12-team Superflex PPR,GOVERNED,ADMITTED_CURRENT_SEASON,2026-08-08,False,REDRAFT V1 - REVIEW,R2_FLEX_AWARE_REPLACEMENT
RESEARCH_ONLY_GOVERNANCE_PENDING,190,28,00-0033881,Evan Engram,TE,DEN,102.8,113.6,-10.8,-62.3,LOW,16,preset:12_TEAM_SUPERFLEX_PPR,12-team Superflex PPR,GOVERNED,ADMITTED_CURRENT_SEASON,2026-08-08,False,REDRAFT V1 - REVIEW,R2_FLEX_AWARE_REPLACEMENT
RESEARCH_ONLY_GOVERNANCE_PENDING,191,72,00-0039342,Xavier Legette,WR,CAR,89.3,100.4,-11.1,-80.88,LOW,16,preset:12_TEAM_SUPERFLEX_PPR,12-team Superflex PPR,GOVERNED,ADMITTED_CURRENT_SEASON,2026-08-08,False,REDRAFT V1 - REVIEW,R2_FLEX_AWARE_REPLACEMENT
RESEARCH_ONLY_GOVERNANCE_PENDING,192,54,00-0040719,Bhayshul Tuten,RB,JAX,88.6,100.3,-11.7,-79.2,LOW,16,preset:12_TEAM_SUPERFLEX_PPR,12-team Superflex PPR,GOVERNED,ADMITTED_CURRENT_SEASON,2026-08-08,False,REDRAFT V1 - REVIEW,R2_FLEX_AWARE_REPLACEMENT
RESEARCH_ONLY_GOVERNANCE_PENDING,193,73,00-0039916,Ricky Pearsall,WR,SF,88.6,100.4,-11.8,-81.58,LOW,16,preset:12_TEAM_SUPERFLEX_PPR,12-team Superflex PPR,GOVERNED,ADMITTED_CURRENT_SEASON,2026-08-08,False,REDRAFT V1 - REVIEW,R2_FLEX_AWARE_REPLACEMENT
RESEARCH_ONLY_GOVERNANCE_PENDING,194,29,00-0035689,Dawson Knox,TE,BUF,101.7,113.6,-11.9,-63.4,LOW,16,preset:12_TEAM_SUPERFLEX_PPR,12-team Superflex PPR,GOVERNED,ADMITTED_CURRENT_SEASON,2026-08-08,False,REDRAFT V1 - REVIEW,R2_FLEX_AWARE_REPLACEMENT
RESEARCH_ONLY_GOVERNANCE_PENDING,195,74,00-0039491,Jalen Coker,WR,CAR,88.4,100.4,-12.0,-81.78,LOW,16,preset:12_TEAM_SUPERFLEX_PPR,12-team Superflex PPR,GOVERNED,ADMITTED_CURRENT_SEASON,2026-08-08,False,REDRAFT V1 - REVIEW,R2_FLEX_AWARE_REPLACEMENT
RESEARCH_ONLY_GOVERNANCE_PENDING,196,75,00-0041035,De'Zhaun Stribling,WR,SF,88.4,100.4,-12.0,-81.78,LOW,16,preset:12_TEAM_SUPERFLEX_PPR,12-team Superflex PPR,GOVERNANCE_PENDING,MODEL_VALIDATED_REVIEW_ONLY,2026-07-30,True,REDRAFT V1 - REVIEW,R2_FLEX_AWARE_REPLACEMENT
RESEARCH_ONLY_GOVERNANCE_PENDING,197,76,00-0041037,Denzel Boston,WR,CLE,88.4,100.4,-12.0,-81.78,LOW,16,preset:12_TEAM_SUPERFLEX_PPR,12-team Superflex PPR,GOVERNANCE_PENDING,MODEL_VALIDATED_REVIEW_ONLY,2026-07-30,True,REDRAFT V1 - REVIEW,R2_FLEX_AWARE_REPLACEMENT
RESEARCH_ONLY_GOVERNANCE_PENDING,198,77,00-0041489,Germie Bernard,WR,PIT,88.4,100.4,-12.0,-81.78,LOW,16,preset:12_TEAM_SUPERFLEX_PPR,12-team Superflex PPR,GOVERNANCE_PENDING,MODEL_VALIDATED_REVIEW_ONLY,2026-07-30,True,REDRAFT V1 - REVIEW,R2_FLEX_AWARE_REPLACEMENT
RESEARCH_ONLY_GOVERNANCE_PENDING,199,78,00-0039890,Adonai Mitchell,WR,NYJ,87.9,100.4,-12.5,-82.28,LOW,16,preset:12_TEAM_SUPERFLEX_PPR,12-team Superflex PPR,GOVERNED,ADMITTED_CURRENT_SEASON,2026-08-08,False,REDRAFT V1 - REVIEW,R2_FLEX_AWARE_REPLACEMENT
RESEARCH_ONLY_GOVERNANCE_PENDING,200,55,00-0040162,Dylan Sampson,RB,CLE,87.6,100.3,-12.7,-80.2,LOW,16,preset:12_TEAM_SUPERFLEX_PPR,12-team Superflex PPR,GOVERNED,ADMITTED_CURRENT_SEASON,2026-08-08,False,REDRAFT V1 - REVIEW,R2_FLEX_AWARE_REPLACEMENT
RESEARCH_ONLY_GOVERNANCE_PENDING,201,56,00-0037197,Isiah Pacheco,RB,DET,87.3,100.3,-13.0,-80.5,LOW,16,preset:12_TEAM_SUPERFLEX_PPR,12-team Superflex PPR,GOVERNED,ADMITTED_CURRENT_SEASON,2026-08-08,False,REDRAFT V1 - REVIEW,R2_FLEX_AWARE_REPLACEMENT
RESEARCH_ONLY_GOVERNANCE_PENDING,202,79,00-0037837,Calvin Austin III,WR,NYG,86.2,100.4,-14.2,-83.98,LOW,16,preset:12_TEAM_SUPERFLEX_PPR,12-team Superflex PPR,GOVERNED,ADMITTED_CURRENT_SEASON,2026-08-08,False,REDRAFT V1 - REVIEW,R2_FLEX_AWARE_REPLACEMENT
RESEARCH_ONLY_GOVERNANCE_PENDING,203,80,00-0031408,Mike Evans,WR,SF,84.8,100.4,-15.6,-85.38,LOW,16,preset:12_TEAM_SUPERFLEX_PPR,12-team Superflex PPR,GOVERNED,ADMITTED_CURRENT_SEASON,2026-08-08,False,REDRAFT V1 - REVIEW,R2_FLEX_AWARE_REPLACEMENT
RESEARCH_ONLY_GOVERNANCE_PENDING,204,81,00-0035208,Olamide Zaccheaus,WR,ATL,84.8,100.4,-15.6,-85.38,LOW,16,preset:12_TEAM_SUPERFLEX_PPR,12-team Superflex PPR,GOVERNED,ADMITTED_CURRENT_SEASON,2026-08-08,False,REDRAFT V1 - REVIEW,R2_FLEX_AWARE_REPLACEMENT
RESEARCH_ONLY_GOVERNANCE_PENDING,205,82,00-0037801,KaVontae Turpin,WR,DAL,84.5,100.4,-15.9,-85.68,LOW,16,preset:12_TEAM_SUPERFLEX_PPR,12-team Superflex PPR,GOVERNED,ADMITTED_CURRENT_SEASON,2026-08-08,False,REDRAFT V1 - REVIEW,R2_FLEX_AWARE_REPLACEMENT
RESEARCH_ONLY_GOVERNANCE_PENDING,206,83,00-0036309,Darnell Mooney,WR,NYG,82.3,100.4,-18.1,-87.88,LOW,16,preset:12_TEAM_SUPERFLEX_PPR,12-team Superflex PPR,GOVERNED,ADMITTED_CURRENT_SEASON,2026-08-08,False,REDRAFT V1 - REVIEW,R2_FLEX_AWARE_REPLACEMENT
RESEARCH_ONLY_GOVERNANCE_PENDING,207,39,00-0040668,Shedeur Sanders,QB,CLE,84.9,103.54,-18.64,-87.0,LOW,16,preset:12_TEAM_SUPERFLEX_PPR,12-team Superflex PPR,GOVERNED,ADMITTED_CURRENT_SEASON,2026-08-08,False,REDRAFT V1 - REVIEW,R2_FLEX_AWARE_REPLACEMENT
RESEARCH_ONLY_GOVERNANCE_PENDING,208,84,00-0033921,Chris Godwin Jr.,WR,TB,81.0,100.4,-19.4,-89.18,LOW,16,preset:12_TEAM_SUPERFLEX_PPR,12-team Superflex PPR,GOVERNED,ADMITTED_CURRENT_SEASON,2026-08-08,False,REDRAFT V1 - REVIEW,R2_FLEX_AWARE_REPLACEMENT
RESEARCH_ONLY_GOVERNANCE_PENDING,209,85,00-0038104,Tyquan Thornton,WR,KC,80.8,100.4,-19.6,-89.38,LOW,16,preset:12_TEAM_SUPERFLEX_PPR,12-team Superflex PPR,GOVERNED,ADMITTED_CURRENT_SEASON,2026-08-08,False,REDRAFT V1 - REVIEW,R2_FLEX_AWARE_REPLACEMENT
RESEARCH_ONLY_GOVERNANCE_PENDING,210,30,00-0037112,Jake Tonges,TE,SF,93.3,113.6,-20.3,-71.8,LOW,16,preset:12_TEAM_SUPERFLEX_PPR,12-team Superflex PPR,GOVERNED,ADMITTED_CURRENT_SEASON,2026-08-08,False,REDRAFT V1 - REVIEW,R2_FLEX_AWARE_REPLACEMENT
RESEARCH_ONLY_GOVERNANCE_PENDING,211,31,00-0040584,Gunnar Helm,TE,TEN,91.7,113.6,-21.9,-73.4,LOW,16,preset:12_TEAM_SUPERFLEX_PPR,12-team Superflex PPR,GOVERNED,ADMITTED_CURRENT_SEASON,2026-08-08,False,REDRAFT V1 - REVIEW,R2_FLEX_AWARE_REPLACEMENT
RESEARCH_ONLY_GOVERNANCE_PENDING,212,57,00-0033526,Samaje Perine,RB,CIN,77.9,100.3,-22.4,-89.9,LOW,16,preset:12_TEAM_SUPERFLEX_PPR,12-team Superflex PPR,GOVERNED,ADMITTED_CURRENT_SEASON,2026-08-08,False,REDRAFT V1 - REVIEW,R2_FLEX_AWARE_REPLACEMENT
RESEARCH_ONLY_GOVERNANCE_PENDING,213,86,00-0040669,Isaac TeSlaa,WR,DET,75.9,100.4,-24.5,-94.28,LOW,16,preset:12_TEAM_SUPERFLEX_PPR,12-team Superflex PPR,GOVERNED,ADMITTED_CURRENT_SEASON,2026-08-08,False,REDRAFT V1 - REVIEW,R2_FLEX_AWARE_REPLACEMENT
RESEARCH_ONLY_GOVERNANCE_PENDING,214,87,00-0038393,Dontayvion Wicks,WR,PHI,75.8,100.4,-24.6,-94.38,LOW,16,preset:12_TEAM_SUPERFLEX_PPR,12-team Superflex PPR,GOVERNED,ADMITTED_CURRENT_SEASON,2026-08-08,False,REDRAFT V1 - REVIEW,R2_FLEX_AWARE_REPLACEMENT
RESEARCH_ONLY_GOVERNANCE_PENDING,215,88,00-0035500,Greg Dortch,WR,DET,75.1,100.4,-25.3,-95.08,LOW,16,preset:12_TEAM_SUPERFLEX_PPR,12-team Superflex PPR,GOVERNED,ADMITTED_CURRENT_SEASON,2026-08-08,False,REDRAFT V1 - REVIEW,R2_FLEX_AWARE_REPLACEMENT
RESEARCH_ONLY_GOVERNANCE_PENDING,216,89,00-0040134,Pat Bryant,WR,DEN,74.8,100.4,-25.6,-95.38,LOW,16,preset:12_TEAM_SUPERFLEX_PPR,12-team Superflex PPR,GOVERNED,ADMITTED_CURRENT_SEASON,2026-08-08,False,REDRAFT V1 - REVIEW,R2_FLEX_AWARE_REPLACEMENT
RESEARCH_ONLY_GOVERNANCE_PENDING,217,40,00-0035228,Kyler Murray,QB,MIN,77.78,103.54,-25.76,-94.12,LOW,16,preset:12_TEAM_SUPERFLEX_PPR,12-team Superflex PPR,GOVERNED,ADMITTED_CURRENT_SEASON,2026-08-08,False,REDRAFT V1 - REVIEW,R2_FLEX_AWARE_REPLACEMENT
RESEARCH_ONLY_GOVERNANCE_PENDING,218,32,00-0040736,Mason Taylor,TE,NYJ,86.9,113.6,-26.7,-78.2,LOW,16,preset:12_TEAM_SUPERFLEX_PPR,12-team Superflex PPR,GOVERNED,ADMITTED_CURRENT_SEASON,2026-08-08,False,REDRAFT V1 - REVIEW,R2_FLEX_AWARE_REPLACEMENT
RESEARCH_ONLY_GOVERNANCE_PENDING,219,90,00-0033857,JuJu Smith-Schuster,WR,NYG,73.5,100.4,-26.9,-96.68,LOW,16,preset:12_TEAM_SUPERFLEX_PPR,12-team Superflex PPR,GOVERNED,ADMITTED_CURRENT_SEASON,2026-08-08,False,REDRAFT V1 - REVIEW,R2_FLEX_AWARE_REPLACEMENT
RESEARCH_ONLY_GOVERNANCE_PENDING,220,33,00-0033885,David Njoku,TE,LAC,86.3,113.6,-27.3,-78.8,LOW,16,preset:12_TEAM_SUPERFLEX_PPR,12-team Superflex PPR,GOVERNED,ADMITTED_CURRENT_SEASON,2026-08-08,False,REDRAFT V1 - REVIEW,R2_FLEX_AWARE_REPLACEMENT
RESEARCH_ONLY_GOVERNANCE_PENDING,221,91,00-0037614,John Metchie III,WR,CAR,71.9,100.4,-28.5,-98.28,LOW,16,preset:12_TEAM_SUPERFLEX_PPR,12-team Superflex PPR,GOVERNED,ADMITTED_CURRENT_SEASON,2026-08-08,False,REDRAFT V1 - REVIEW,R2_FLEX_AWARE_REPLACEMENT
RESEARCH_ONLY_GOVERNANCE_PENDING,222,58,00-0033955,Jeremy McNichols,RB,WAS,70.7,100.3,-29.6,-97.1,LOW,16,preset:12_TEAM_SUPERFLEX_PPR,12-team Superflex PPR,GOVERNED,ADMITTED_CURRENT_SEASON,2026-08-08,False,REDRAFT V1 - REVIEW,R2_FLEX_AWARE_REPLACEMENT
RESEARCH_ONLY_GOVERNANCE_PENDING,223,92,00-0036415,Van Jefferson,WR,WAS,70.0,100.4,-30.4,-100.18,LOW,16,preset:12_TEAM_SUPERFLEX_PPR,12-team Superflex PPR,GOVERNED,ADMITTED_CURRENT_SEASON,2026-08-08,False,REDRAFT V1 - REVIEW,R2_FLEX_AWARE_REPLACEMENT
RESEARCH_ONLY_GOVERNANCE_PENDING,224,93,00-0040667,Matthew Golden,WR,GB,70.0,100.4,-30.4,-100.18,LOW,16,preset:12_TEAM_SUPERFLEX_PPR,12-team Superflex PPR,GOVERNED,ADMITTED_CURRENT_SEASON,2026-08-08,False,REDRAFT V1 - REVIEW,R2_FLEX_AWARE_REPLACEMENT
RESEARCH_ONLY_GOVERNANCE_PENDING,225,94,00-0040727,Tre Harris,WR,LAC,69.4,100.4,-31.0,-100.78,LOW,16,preset:12_TEAM_SUPERFLEX_PPR,12-team Superflex PPR,GOVERNED,ADMITTED_CURRENT_SEASON,2026-08-08,False,REDRAFT V1 - REVIEW,R2_FLEX_AWARE_REPLACEMENT
RESEARCH_ONLY_GOVERNANCE_PENDING,226,59,00-0039798,Isaiah Davis,RB,NYJ,69.2,100.3,-31.1,-98.6,LOW,16,preset:12_TEAM_SUPERFLEX_PPR,12-team Superflex PPR,GOVERNED,ADMITTED_CURRENT_SEASON,2026-08-08,False,REDRAFT V1 - REVIEW,R2_FLEX_AWARE_REPLACEMENT
RESEARCH_ONLY_GOVERNANCE_PENDING,227,95,00-0040138,Jaylin Noel,WR,HOU,68.4,100.4,-32.0,-101.78,LOW,16,preset:12_TEAM_SUPERFLEX_PPR,12-team Superflex PPR,GOVERNED,ADMITTED_CURRENT_SEASON,2026-08-08,False,REDRAFT V1 - REVIEW,R2_FLEX_AWARE_REPLACEMENT
RESEARCH_ONLY_GOVERNANCE_PENDING,228,41,00-0040704,Dillon Gabriel,QB,CLE,70.08,103.54,-33.46,-101.82,LOW,16,preset:12_TEAM_SUPERFLEX_PPR,12-team Superflex PPR,GOVERNED,ADMITTED_CURRENT_SEASON,2026-08-08,False,REDRAFT V1 - REVIEW,R2_FLEX_AWARE_REPLACEMENT
RESEARCH_ONLY_GOVERNANCE_PENDING,229,96,00-0032464,Kalif Raymond,WR,CHI,66.8,100.4,-33.6,-103.38,LOW,16,preset:12_TEAM_SUPERFLEX_PPR,12-team Superflex PPR,GOVERNED,ADMITTED_CURRENT_SEASON,2026-08-08,False,REDRAFT V1 - REVIEW,R2_FLEX_AWARE_REPLACEMENT
RESEARCH_ONLY_GOVERNANCE_PENDING,230,97,00-0039424,Devaughn Vele,WR,NO,66.3,100.4,-34.1,-103.88,LOW,16,preset:12_TEAM_SUPERFLEX_PPR,12-team Superflex PPR,GOVERNED,ADMITTED_CURRENT_SEASON,2026-08-08,False,REDRAFT V1 - REVIEW,R2_FLEX_AWARE_REPLACEMENT
RESEARCH_ONLY_GOVERNANCE_PENDING,231,60,00-0034975,Justice Hill,RB,BAL,65.2,100.3,-35.1,-102.6,LOW,16,preset:12_TEAM_SUPERFLEX_PPR,12-team Superflex PPR,GOVERNED,ADMITTED_CURRENT_SEASON,2026-08-08,False,REDRAFT V1 - REVIEW,R2_FLEX_AWARE_REPLACEMENT
RESEARCH_ONLY_GOVERNANCE_PENDING,232,42,00-0032950,Carson Wentz,QB,MIN,68.34,103.54,-35.2,-103.56,LOW,16,preset:12_TEAM_SUPERFLEX_PPR,12-team Superflex PPR,GOVERNED,ADMITTED_CURRENT_SEASON,2026-08-08,False,REDRAFT V1 - REVIEW,R2_FLEX_AWARE_REPLACEMENT
RESEARCH_ONLY_GOVERNANCE_PENDING,233,98,00-0040648,Tory Horton,WR,SEA,65.1,100.4,-35.3,-105.08,LOW,16,preset:12_TEAM_SUPERFLEX_PPR,12-team Superflex PPR,GOVERNED,ADMITTED_CURRENT_SEASON,2026-08-08,False,REDRAFT V1 - REVIEW,R2_FLEX_AWARE_REPLACEMENT
RESEARCH_ONLY_GOVERNANCE_PENDING,234,61,00-0039875,Ray Davis,RB,BUF,64.1,100.3,-36.2,-103.7,LOW,16,preset:12_TEAM_SUPERFLEX_PPR,12-team Superflex PPR,GOVERNED,ADMITTED_CURRENT_SEASON,2026-08-08,False,REDRAFT V1 - REVIEW,R2_FLEX_AWARE_REPLACEMENT
RESEARCH_ONLY_GOVERNANCE_PENDING,235,34,00-0036290,Cole Kmet,TE,CHI,76.7,113.6,-36.9,-88.4,LOW,16,preset:12_TEAM_SUPERFLEX_PPR,12-team Superflex PPR,GOVERNED,ADMITTED_CURRENT_SEASON,2026-08-08,False,REDRAFT V1 - REVIEW,R2_FLEX_AWARE_REPLACEMENT
RESEARCH_ONLY_GOVERNANCE_PENDING,236,43,00-0036898,Davis Mills,QB,HOU,66.6,103.54,-36.94,-105.3,LOW,16,preset:12_TEAM_SUPERFLEX_PPR,12-team Superflex PPR,GOVERNED,ADMITTED_CURRENT_SEASON,2026-08-08,False,REDRAFT V1 - REVIEW,R2_FLEX_AWARE_REPLACEMENT
RESEARCH_ONLY_GOVERNANCE_PENDING,237,62,00-0040078,Brashard Smith,RB,KC,63.3,100.3,-37.0,-104.5,LOW,16,preset:12_TEAM_SUPERFLEX_PPR,12-team Superflex PPR,GOVERNED,ADMITTED_CURRENT_SEASON,2026-08-08,False,REDRAFT V1 - REVIEW,R2_FLEX_AWARE_REPLACEMENT
RESEARCH_ONLY_GOVERNANCE_PENDING,238,63,00-0037746,Brian Robinson,RB,ATL,62.5,100.3,-37.8,-105.3,LOW,16,preset:12_TEAM_SUPERFLEX_PPR,12-team Superflex PPR,GOVERNED,ADMITTED_CURRENT_SEASON,2026-08-08,False,REDRAFT V1 - REVIEW,R2_FLEX_AWARE_REPLACEMENT
RESEARCH_ONLY_GOVERNANCE_PENDING,239,35,00-0035644,Noah Fant,TE,NO,74.8,113.6,-38.8,-90.3,LOW,16,preset:12_TEAM_SUPERFLEX_PPR,12-team Superflex PPR,GOVERNED,ADMITTED_CURRENT_SEASON,2026-08-08,False,REDRAFT V1 - REVIEW,R2_FLEX_AWARE_REPLACEMENT
RESEARCH_ONLY_GOVERNANCE_PENDING,240,36,00-0039066,Michael Mayer,TE,LV,73.8,113.6,-39.8,-91.3,LOW,16,preset:12_TEAM_SUPERFLEX_PPR,12-team Superflex PPR,GOVERNED,ADMITTED_CURRENT_SEASON,2026-08-08,False,REDRAFT V1 - REVIEW,R2_FLEX_AWARE_REPLACEMENT
RESEARCH_ONLY_GOVERNANCE_PENDING,241,64,00-0040202,Devin Neal,RB,NO,60.0,100.3,-40.3,-107.8,LOW,16,preset:12_TEAM_SUPERFLEX_PPR,12-team Superflex PPR,GOVERNED,ADMITTED_CURRENT_SEASON,2026-08-08,False,REDRAFT V1 - REVIEW,R2_FLEX_AWARE_REPLACEMENT
RESEARCH_ONLY_GOVERNANCE_PENDING,242,99,00-0038979,Cedric Tillman,WR,CLE,60.0,100.4,-40.4,-110.18,LOW,16,preset:12_TEAM_SUPERFLEX_PPR,12-team Superflex PPR,GOVERNED,ADMITTED_CURRENT_SEASON,2026-08-08,False,REDRAFT V1 - REVIEW,R2_FLEX_AWARE_REPLACEMENT
RESEARCH_ONLY_GOVERNANCE_PENDING,243,65,00-0041052,Kaelon Black,RB,SF,59.4,100.3,-40.9,-108.4,LOW,16,preset:12_TEAM_SUPERFLEX_PPR,12-team Superflex PPR,GOVERNANCE_PENDING,MODEL_VALIDATED_REVIEW_ONLY,2026-07-30,True,REDRAFT V1 - REVIEW,R2_FLEX_AWARE_REPLACEMENT
RESEARCH_ONLY_GOVERNANCE_PENDING,244,100,00-0039451,Isaiah Williams,WR,NYJ,58.7,100.4,-41.7,-111.48,LOW,16,preset:12_TEAM_SUPERFLEX_PPR,12-team Superflex PPR,GOVERNED,ADMITTED_CURRENT_SEASON,2026-08-08,False,REDRAFT V1 - REVIEW,R2_FLEX_AWARE_REPLACEMENT
RESEARCH_ONLY_GOVERNANCE_PENDING,245,66,00-0038705,Emari Demercado,RB,KC,58.3,100.3,-42.0,-109.5,LOW,16,preset:12_TEAM_SUPERFLEX_PPR,12-team Superflex PPR,GOVERNED,ADMITTED_CURRENT_SEASON,2026-08-08,False,REDRAFT V1 - REVIEW,R2_FLEX_AWARE_REPLACEMENT
RESEARCH_ONLY_GOVERNANCE_PENDING,246,37,00-0038558,Darnell Washington,TE,PIT,71.4,113.6,-42.2,-93.7,LOW,16,preset:12_TEAM_SUPERFLEX_PPR,12-team Superflex PPR,GOVERNED,ADMITTED_CURRENT_SEASON,2026-08-08,False,REDRAFT V1 - REVIEW,R2_FLEX_AWARE_REPLACEMENT
RESEARCH_ONLY_GOVERNANCE_PENDING,247,38,00-0033110,Tyler Higbee,TE,LA,71.1,113.6,-42.5,-94.0,LOW,16,preset:12_TEAM_SUPERFLEX_PPR,12-team Superflex PPR,GOVERNED,ADMITTED_CURRENT_SEASON,2026-08-08,False,REDRAFT V1 - REVIEW,R2_FLEX_AWARE_REPLACEMENT
RESEARCH_ONLY_GOVERNANCE_PENDING,248,101,00-0034775,Christian Kirk,WR,SF,57.9,100.4,-42.5,-112.28,LOW,16,preset:12_TEAM_SUPERFLEX_PPR,12-team Superflex PPR,GOVERNED,ADMITTED_CURRENT_SEASON,2026-08-08,False,REDRAFT V1 - REVIEW,R2_FLEX_AWARE_REPLACEMENT
RESEARCH_ONLY_GOVERNANCE_PENDING,249,39,00-0034829,Mike Gesicki,TE,CIN,70.7,113.6,-42.9,-94.4,LOW,16,preset:12_TEAM_SUPERFLEX_PPR,12-team Superflex PPR,GOVERNED,ADMITTED_CURRENT_SEASON,2026-08-08,False,REDRAFT V1 - REVIEW,R2_FLEX_AWARE_REPLACEMENT
RESEARCH_ONLY_GOVERNANCE_PENDING,250,102,00-0039337,Malik Nabers,WR,NYG,57.1,100.4,-43.3,-113.08,LOW,16,preset:12_TEAM_SUPERFLEX_PPR,12-team Superflex PPR,GOVERNED,ADMITTED_CURRENT_SEASON,2026-08-08,False,REDRAFT V1 - REVIEW,R2_FLEX_AWARE_REPLACEMENT
RESEARCH_ONLY_GOVERNANCE_PENDING,251,67,00-0040878,Mike Washington Jr.,RB,LV,56.35,100.3,-43.95,-111.45,LOW,16,preset:12_TEAM_SUPERFLEX_PPR,12-team Superflex PPR,GOVERNANCE_PENDING,MODEL_VALIDATED_REVIEW_ONLY,2026-07-30,True,REDRAFT V1 - REVIEW,R2_FLEX_AWARE_REPLACEMENT
RESEARCH_ONLY_GOVERNANCE_PENDING,252,68,00-0041496,Jonah Coleman,RB,DEN,56.35,100.3,-43.95,-111.45,LOW,16,preset:12_TEAM_SUPERFLEX_PPR,12-team Superflex PPR,GOVERNANCE_PENDING,MODEL_VALIDATED_REVIEW_ONLY,2026-07-30,True,REDRAFT V1 - REVIEW,R2_FLEX_AWARE_REPLACEMENT
RESEARCH_ONLY_GOVERNANCE_PENDING,253,44,00-0028118,Tyrod Taylor,QB,GB,59.46,103.54,-44.08,-112.44,LOW,16,preset:12_TEAM_SUPERFLEX_PPR,12-team Superflex PPR,GOVERNED,ADMITTED_CURRENT_SEASON,2026-08-08,False,REDRAFT V1 - REVIEW,R2_FLEX_AWARE_REPLACEMENT
RESEARCH_ONLY_GOVERNANCE_PENDING,254,103,00-0032775,Demarcus Robinson,WR,SF,56.2,100.4,-44.2,-113.98,LOW,16,preset:12_TEAM_SUPERFLEX_PPR,12-team Superflex PPR,GOVERNED,ADMITTED_CURRENT_SEASON,2026-08-08,False,REDRAFT V1 - REVIEW,R2_FLEX_AWARE_REPLACEMENT
RESEARCH_ONLY_GOVERNANCE_PENDING,255,69,00-0038454,Keaton Mitchell,RB,LAC,55.4,100.3,-44.9,-112.4,LOW,16,preset:12_TEAM_SUPERFLEX_PPR,12-team Superflex PPR,GOVERNED,ADMITTED_CURRENT_SEASON,2026-08-08,False,REDRAFT V1 - REVIEW,R2_FLEX_AWARE_REPLACEMENT
RESEARCH_ONLY_GOVERNANCE_PENDING,256,104,00-0040782,Isaiah Bond,WR,CLE,54.7,100.4,-45.7,-115.48,LOW,16,preset:12_TEAM_SUPERFLEX_PPR,12-team Superflex PPR,GOVERNED,ADMITTED_CURRENT_SEASON,2026-08-08,False,REDRAFT V1 - REVIEW,R2_FLEX_AWARE_REPLACEMENT
RESEARCH_ONLY_GOVERNANCE_PENDING,257,70,00-0040198,Ollie Gordon II,RB,MIA,54.1,100.3,-46.2,-113.7,LOW,16,preset:12_TEAM_SUPERFLEX_PPR,12-team Superflex PPR,GOVERNED,ADMITTED_CURRENT_SEASON,2026-08-08,False,REDRAFT V1 - REVIEW,R2_FLEX_AWARE_REPLACEMENT
RESEARCH_ONLY_GOVERNANCE_PENDING,258,71,00-0038555,Tank Bigsby,RB,PHI,53.8,100.3,-46.5,-114.0,LOW,16,preset:12_TEAM_SUPERFLEX_PPR,12-team Superflex PPR,GOVERNED,ADMITTED_CURRENT_SEASON,2026-08-08,False,REDRAFT V1 - REVIEW,R2_FLEX_AWARE_REPLACEMENT
RESEARCH_ONLY_GOVERNANCE_PENDING,259,105,00-0036550,Rashod Bateman,WR,BAL,53.4,100.4,-47.0,-116.78,LOW,16,preset:12_TEAM_SUPERFLEX_PPR,12-team Superflex PPR,GOVERNED,ADMITTED_CURRENT_SEASON,2026-08-08,False,REDRAFT V1 - REVIEW,R2_FLEX_AWARE_REPLACEMENT
RESEARCH_ONLY_GOVERNANCE_PENDING,260,106,00-0036988,Josh Palmer,WR,BUF,52.3,100.4,-48.1,-117.88,LOW,16,preset:12_TEAM_SUPERFLEX_PPR,12-team Superflex PPR,GOVERNED,ADMITTED_CURRENT_SEASON,2026-08-08,False,REDRAFT V1 - REVIEW,R2_FLEX_AWARE_REPLACEMENT
RESEARCH_ONLY_GOVERNANCE_PENDING,261,107,00-0033375,Tim Patrick,WR,NYJ,51.7,100.4,-48.7,-118.48,LOW,16,preset:12_TEAM_SUPERFLEX_PPR,12-team Superflex PPR,GOVERNED,ADMITTED_CURRENT_SEASON,2026-08-08,False,REDRAFT V1 - REVIEW,R2_FLEX_AWARE_REPLACEMENT
RESEARCH_ONLY_GOVERNANCE_PENDING,262,40,00-0037005,Tommy Tremble,TE,CAR,63.9,113.6,-49.7,-101.2,LOW,16,preset:12_TEAM_SUPERFLEX_PPR,12-team Superflex PPR,GOVERNED,ADMITTED_CURRENT_SEASON,2026-08-08,False,REDRAFT V1 - REVIEW,R2_FLEX_AWARE_REPLACEMENT
RESEARCH_ONLY_GOVERNANCE_PENDING,263,108,00-0037741,Jahan Dotson,WR,ATL,50.2,100.4,-50.2,-119.98,LOW,16,preset:12_TEAM_SUPERFLEX_PPR,12-team Superflex PPR,GOVERNED,ADMITTED_CURRENT_SEASON,2026-08-08,False,REDRAFT V1 - REVIEW,R2_FLEX_AWARE_REPLACEMENT
RESEARCH_ONLY_GOVERNANCE_PENDING,264,109,00-0036626,Dyami Brown,WR,WAS,49.7,100.4,-50.7,-120.48,LOW,16,preset:12_TEAM_SUPERFLEX_PPR,12-team Superflex PPR,GOVERNED,ADMITTED_CURRENT_SEASON,2026-08-08,False,REDRAFT V1 - REVIEW,R2_FLEX_AWARE_REPLACEMENT
RESEARCH_ONLY_GOVERNANCE_PENDING,265,41,00-0037252,Greg Dulcich,TE,MIA,62.8,113.6,-50.8,-102.3,LOW,16,preset:12_TEAM_SUPERFLEX_PPR,12-team Superflex PPR,GOVERNED,ADMITTED_CURRENT_SEASON,2026-08-08,False,REDRAFT V1 - REVIEW,R2_FLEX_AWARE_REPLACEMENT
RESEARCH_ONLY_GOVERNANCE_PENDING,266,42,00-0039074,Davis Allen,TE,LA,62.8,113.6,-50.8,-102.3,LOW,16,preset:12_TEAM_SUPERFLEX_PPR,12-team Superflex PPR,GOVERNED,ADMITTED_CURRENT_SEASON,2026-08-08,False,REDRAFT V1 - REVIEW,R2_FLEX_AWARE_REPLACEMENT
RESEARCH_ONLY_GOVERNANCE_PENDING,267,110,00-0039355,Luke McCaffrey,WR,WAS,49.3,100.4,-51.1,-120.88,LOW,16,preset:12_TEAM_SUPERFLEX_PPR,12-team Superflex PPR,GOVERNED,ADMITTED_CURRENT_SEASON,2026-08-08,False,REDRAFT V1 - REVIEW,R2_FLEX_AWARE_REPLACEMENT
RESEARCH_ONLY_GOVERNANCE_PENDING,268,43,00-0041472,Marlin Klein,TE,HOU,62.4,113.6,-51.2,-102.7,LOW,16,preset:12_TEAM_SUPERFLEX_PPR,12-team Superflex PPR,GOVERNANCE_PENDING,MODEL_VALIDATED_REVIEW_ONLY,2026-07-30,True,REDRAFT V1 - REVIEW,R2_FLEX_AWARE_REPLACEMENT
RESEARCH_ONLY_GOVERNANCE_PENDING,269,44,00-0041483,Eli Stowers,TE,PHI,62.4,113.6,-51.2,-102.7,LOW,16,preset:12_TEAM_SUPERFLEX_PPR,12-team Superflex PPR,GOVERNANCE_PENDING,MODEL_VALIDATED_REVIEW_ONLY,2026-07-30,True,REDRAFT V1 - REVIEW,R2_FLEX_AWARE_REPLACEMENT
RESEARCH_ONLY_GOVERNANCE_PENDING,270,45,00-0041503,Nate Boerkircher,TE,JAX,62.4,113.6,-51.2,-102.7,LOW,16,preset:12_TEAM_SUPERFLEX_PPR,12-team Superflex PPR,GOVERNANCE_PENDING,MODEL_VALIDATED_REVIEW_ONLY,2026-07-30,True,REDRAFT V1 - REVIEW,R2_FLEX_AWARE_REPLACEMENT
RESEARCH_ONLY_GOVERNANCE_PENDING,271,46,00-0041510,Max Klare,TE,LA,62.4,113.6,-51.2,-102.7,LOW,16,preset:12_TEAM_SUPERFLEX_PPR,12-team Superflex PPR,GOVERNANCE_PENDING,MODEL_VALIDATED_REVIEW_ONLY,2026-07-30,True,REDRAFT V1 - REVIEW,R2_FLEX_AWARE_REPLACEMENT
RESEARCH_ONLY_GOVERNANCE_PENDING,272,111,00-0040131,Kyle Williams,WR,NE,49.2,100.4,-51.2,-120.98,LOW,16,preset:12_TEAM_SUPERFLEX_PPR,12-team Superflex PPR,GOVERNED,ADMITTED_CURRENT_SEASON,2026-08-08,False,REDRAFT V1 - REVIEW,R2_FLEX_AWARE_REPLACEMENT
RESEARCH_ONLY_GOVERNANCE_PENDING,273,112,00-0040164,Jaylin Lane,WR,WAS,49.2,100.4,-51.2,-120.98,LOW,16,preset:12_TEAM_SUPERFLEX_PPR,12-team Superflex PPR,GOVERNED,ADMITTED_CURRENT_SEASON,2026-08-08,False,REDRAFT V1 - REVIEW,R2_FLEX_AWARE_REPLACEMENT
RESEARCH_ONLY_GOVERNANCE_PENDING,274,113,00-0035359,David Sills,WR,TB,49.1,100.4,-51.3,-121.08,LOW,16,preset:12_TEAM_SUPERFLEX_PPR,12-team Superflex PPR,GOVERNED,ADMITTED_CURRENT_SEASON,2026-08-08,False,REDRAFT V1 - REVIEW,R2_FLEX_AWARE_REPLACEMENT
RESEARCH_ONLY_GOVERNANCE_PENDING,275,47,00-0037838,Isaiah Likely,TE,NYG,61.7,113.6,-51.9,-103.4,LOW,16,preset:12_TEAM_SUPERFLEX_PPR,12-team Superflex PPR,GOVERNED,ADMITTED_CURRENT_SEASON,2026-08-08,False,REDRAFT V1 - REVIEW,R2_FLEX_AWARE_REPLACEMENT
RESEARCH_ONLY_GOVERNANCE_PENDING,276,114,00-0039146,Jayden Reed,WR,GB,48.5,100.4,-51.9,-121.68,LOW,16,preset:12_TEAM_SUPERFLEX_PPR,12-team Superflex PPR,GOVERNED,ADMITTED_CURRENT_SEASON,2026-08-08,False,REDRAFT V1 - REVIEW,R2_FLEX_AWARE_REPLACEMENT
RESEARCH_ONLY_GOVERNANCE_PENDING,277,115,00-0038359,Xavier Smith,WR,LA,48.3,100.4,-52.1,-121.88,LOW,16,preset:12_TEAM_SUPERFLEX_PPR,12-team Superflex PPR,GOVERNED,ADMITTED_CURRENT_SEASON,2026-08-08,False,REDRAFT V1 - REVIEW,R2_FLEX_AWARE_REPLACEMENT
RESEARCH_ONLY_GOVERNANCE_PENDING,278,72,00-0039874,Jaylen Wright,RB,MIA,48.2,100.3,-52.1,-119.6,LOW,16,preset:12_TEAM_SUPERFLEX_PPR,12-team Superflex PPR,GOVERNED,ADMITTED_CURRENT_SEASON,2026-08-08,False,REDRAFT V1 - REVIEW,R2_FLEX_AWARE_REPLACEMENT
RESEARCH_ONLY_GOVERNANCE_PENDING,279,73,00-0039373,Audric Estimé,RB,NO,48.1,100.3,-52.2,-119.7,LOW,16,preset:12_TEAM_SUPERFLEX_PPR,12-team Superflex PPR,GOVERNED,ADMITTED_CURRENT_SEASON,2026-08-08,False,REDRAFT V1 - REVIEW,R2_FLEX_AWARE_REPLACEMENT
RESEARCH_ONLY_GOVERNANCE_PENDING,280,45,00-0038128,Malik Willis,QB,MIA,51.18,103.54,-52.36,-120.72,LOW,16,preset:12_TEAM_SUPERFLEX_PPR,12-team Superflex PPR,GOVERNED,ADMITTED_CURRENT_SEASON,2026-08-08,False,REDRAFT V1 - REVIEW,R2_FLEX_AWARE_REPLACEMENT
RESEARCH_ONLY_GOVERNANCE_PENDING,281,116,00-0034837,Calvin Ridley,WR,TEN,47.3,100.4,-53.1,-122.88,LOW,16,preset:12_TEAM_SUPERFLEX_PPR,12-team Superflex PPR,GOVERNED,ADMITTED_CURRENT_SEASON,2026-08-08,False,REDRAFT V1 - REVIEW,R2_FLEX_AWARE_REPLACEMENT
RESEARCH_ONLY_GOVERNANCE_PENDING,282,48,00-0038115,Daniel Bellinger,TE,TEN,59.6,113.6,-54.0,-105.5,LOW,16,preset:12_TEAM_SUPERFLEX_PPR,12-team Superflex PPR,GOVERNED,ADMITTED_CURRENT_SEASON,2026-08-08,False,REDRAFT V1 - REVIEW,R2_FLEX_AWARE_REPLACEMENT
RESEARCH_ONLY_GOVERNANCE_PENDING,283,49,00-0032392,Austin Hooper,TE,ATL,59.3,113.6,-54.3,-105.8,LOW,16,preset:12_TEAM_SUPERFLEX_PPR,12-team Superflex PPR,GOVERNED,ADMITTED_CURRENT_SEASON,2026-08-08,False,REDRAFT V1 - REVIEW,R2_FLEX_AWARE_REPLACEMENT
RESEARCH_ONLY_GOVERNANCE_PENDING,284,46,00-0035100,Jake Browning,QB,TB,48.74,103.54,-54.8,-123.16,LOW,16,preset:12_TEAM_SUPERFLEX_PPR,12-team Superflex PPR,GOVERNED,ADMITTED_CURRENT_SEASON,2026-08-08,False,REDRAFT V1 - REVIEW,R2_FLEX_AWARE_REPLACEMENT
RESEARCH_ONLY_GOVERNANCE_PENDING,285,117,00-0038679,Tyrell Shavers,WR,BUF,45.5,100.4,-54.9,-124.68,LOW,16,preset:12_TEAM_SUPERFLEX_PPR,12-team Superflex PPR,GOVERNED,ADMITTED_CURRENT_SEASON,2026-08-08,False,REDRAFT V1 - REVIEW,R2_FLEX_AWARE_REPLACEMENT
RESEARCH_ONLY_GOVERNANCE_PENDING,286,50,00-0039041,Elijah Higgins,TE,AZ,58.1,113.6,-55.5,-107.0,LOW,16,preset:12_TEAM_SUPERFLEX_PPR,12-team Superflex PPR,GOVERNED,ADMITTED_CURRENT_SEASON,2026-08-08,False,REDRAFT V1 - REVIEW,R2_FLEX_AWARE_REPLACEMENT
RESEARCH_ONLY_GOVERNANCE_PENDING,287,118,00-0037666,Jalen Tolbert,WR,MIA,44.3,100.4,-56.1,-125.88,LOW,16,preset:12_TEAM_SUPERFLEX_PPR,12-team Superflex PPR,GOVERNED,ADMITTED_CURRENT_SEASON,2026-08-08,False,REDRAFT V1 - REVIEW,R2_FLEX_AWARE_REPLACEMENT
RESEARCH_ONLY_GOVERNANCE_PENDING,288,119,00-0040870,Ja'Kobi Lane,WR,BAL,43.9,100.4,-56.5,-126.28,LOW,16,preset:12_TEAM_SUPERFLEX_PPR,12-team Superflex PPR,GOVERNANCE_PENDING,MODEL_VALIDATED_REVIEW_ONLY,2026-07-30,True,REDRAFT V1 - REVIEW,R2_FLEX_AWARE_REPLACEMENT
RESEARCH_ONLY_GOVERNANCE_PENDING,289,120,00-0041040,Antonio Williams,WR,WAS,43.9,100.4,-56.5,-126.28,LOW,16,preset:12_TEAM_SUPERFLEX_PPR,12-team Superflex PPR,GOVERNANCE_PENDING,MODEL_VALIDATED_REVIEW_ONLY,2026-07-30,True,REDRAFT V1 - REVIEW,R2_FLEX_AWARE_REPLACEMENT
RESEARCH_ONLY_GOVERNANCE_PENDING,290,121,00-0041042,Malachi Fields,WR,NYG,43.9,100.4,-56.5,-126.28,LOW,16,preset:12_TEAM_SUPERFLEX_PPR,12-team Superflex PPR,GOVERNANCE_PENDING,MODEL_VALIDATED_REVIEW_ONLY,2026-07-30,True,REDRAFT V1 - REVIEW,R2_FLEX_AWARE_REPLACEMENT
RESEARCH_ONLY_GOVERNANCE_PENDING,291,122,00-0041044,Zachariah Branch,WR,ATL,43.9,100.4,-56.5,-126.28,LOW,16,preset:12_TEAM_SUPERFLEX_PPR,12-team Superflex PPR,GOVERNANCE_PENDING,MODEL_VALIDATED_REVIEW_ONLY,2026-07-30,True,REDRAFT V1 - REVIEW,R2_FLEX_AWARE_REPLACEMENT
RESEARCH_ONLY_GOVERNANCE_PENDING,292,123,00-0041047,Chris Brazzell II,WR,CAR,43.9,100.4,-56.5,-126.28,LOW,16,preset:12_TEAM_SUPERFLEX_PPR,12-team Superflex PPR,GOVERNANCE_PENDING,MODEL_VALIDATED_REVIEW_ONLY,2026-07-30,True,REDRAFT V1 - REVIEW,R2_FLEX_AWARE_REPLACEMENT
RESEARCH_ONLY_GOVERNANCE_PENDING,293,124,00-0041048,Ted Hurst III,WR,TB,43.9,100.4,-56.5,-126.28,LOW,16,preset:12_TEAM_SUPERFLEX_PPR,12-team Superflex PPR,GOVERNANCE_PENDING,MODEL_VALIDATED_REVIEW_ONLY,2026-07-30,True,REDRAFT V1 - REVIEW,R2_FLEX_AWARE_REPLACEMENT
RESEARCH_ONLY_GOVERNANCE_PENDING,294,125,00-0041051,Zavion Thomas,WR,CHI,43.9,100.4,-56.5,-126.28,LOW,16,preset:12_TEAM_SUPERFLEX_PPR,12-team Superflex PPR,GOVERNANCE_PENDING,MODEL_VALIDATED_REVIEW_ONLY,2026-07-30,True,REDRAFT V1 - REVIEW,R2_FLEX_AWARE_REPLACEMENT
RESEARCH_ONLY_GOVERNANCE_PENDING,295,126,00-0041523,Caleb Douglas,WR,MIA,43.9,100.4,-56.5,-126.28,LOW,16,preset:12_TEAM_SUPERFLEX_PPR,12-team Superflex PPR,GOVERNANCE_PENDING,MODEL_VALIDATED_REVIEW_ONLY,2026-07-30,True,REDRAFT V1 - REVIEW,R2_FLEX_AWARE_REPLACEMENT
RESEARCH_ONLY_GOVERNANCE_PENDING,296,127,00-0041525,Chris Bell,WR,MIA,43.9,100.4,-56.5,-126.28,LOW,16,preset:12_TEAM_SUPERFLEX_PPR,12-team Superflex PPR,GOVERNANCE_PENDING,MODEL_VALIDATED_REVIEW_ONLY,2026-07-30,True,REDRAFT V1 - REVIEW,R2_FLEX_AWARE_REPLACEMENT
RESEARCH_ONLY_GOVERNANCE_PENDING,297,74,00-0037267,Jerome Ford,RB,WAS,43.6,100.3,-56.7,-124.2,LOW,16,preset:12_TEAM_SUPERFLEX_PPR,12-team Superflex PPR,GOVERNED,ADMITTED_CURRENT_SEASON,2026-08-08,False,REDRAFT V1 - REVIEW,R2_FLEX_AWARE_REPLACEMENT
RESEARCH_ONLY_GOVERNANCE_PENDING,298,128,00-0040729,Jack Bech,WR,LV,42.4,100.4,-58.0,-127.78,LOW,16,preset:12_TEAM_SUPERFLEX_PPR,12-team Superflex PPR,GOVERNED,ADMITTED_CURRENT_SEASON,2026-08-08,False,REDRAFT V1 - REVIEW,R2_FLEX_AWARE_REPLACEMENT
RESEARCH_ONLY_GOVERNANCE_PENDING,299,51,00-0035249,Josh Oliver,TE,MIN,55.0,113.6,-58.6,-110.1,LOW,16,preset:12_TEAM_SUPERFLEX_PPR,12-team Superflex PPR,GOVERNED,ADMITTED_CURRENT_SEASON,2026-08-08,False,REDRAFT V1 - REVIEW,R2_FLEX_AWARE_REPLACEMENT
RESEARCH_ONLY_GOVERNANCE_PENDING,300,52,00-0039356,Ja'Tavion Sanders,TE,CAR,54.0,113.6,-59.6,-111.1,LOW,16,preset:12_TEAM_SUPERFLEX_PPR,12-team Superflex PPR,GOVERNED,ADMITTED_CURRENT_SEASON,2026-08-08,False,REDRAFT V1 - REVIEW,R2_FLEX_AWARE_REPLACEMENT
RESEARCH_ONLY_GOVERNANCE_PENDING,301,75,00-0037563,Malik Davis,RB,DAL,40.6,100.3,-59.7,-127.2,LOW,16,preset:12_TEAM_SUPERFLEX_PPR,12-team Superflex PPR,GOVERNED,ADMITTED_CURRENT_SEASON,2026-08-08,False,REDRAFT V1 - REVIEW,R2_FLEX_AWARE_REPLACEMENT
RESEARCH_ONLY_GOVERNANCE_PENDING,302,47,00-0031503,Jameis Winston,QB,NYG,43.28,103.54,-60.26,-128.62,LOW,16,preset:12_TEAM_SUPERFLEX_PPR,12-team Superflex PPR,GOVERNED,ADMITTED_CURRENT_SEASON,2026-08-08,False,REDRAFT V1 - REVIEW,R2_FLEX_AWARE_REPLACEMENT
RESEARCH_ONLY_GOVERNANCE_PENDING,303,53,00-0040194,Jackson Hawes,TE,BUF,52.7,113.6,-60.9,-112.4,LOW,16,preset:12_TEAM_SUPERFLEX_PPR,12-team Superflex PPR,GOVERNED,ADMITTED_CURRENT_SEASON,2026-08-08,False,REDRAFT V1 - REVIEW,R2_FLEX_AWARE_REPLACEMENT
RESEARCH_ONLY_GOVERNANCE_PENDING,304,76,00-0038440,Zavier Scott,RB,MIN,39.2,100.3,-61.1,-128.6,LOW,16,preset:12_TEAM_SUPERFLEX_PPR,12-team Superflex PPR,GOVERNED,ADMITTED_CURRENT_SEASON,2026-08-08,False,REDRAFT V1 - REVIEW,R2_FLEX_AWARE_REPLACEMENT
RESEARCH_ONLY_GOVERNANCE_PENDING,305,54,00-0040737,Terrance Ferguson,TE,LA,52.1,113.6,-61.5,-113.0,LOW,16,preset:12_TEAM_SUPERFLEX_PPR,12-team Superflex PPR,GOVERNED,ADMITTED_CURRENT_SEASON,2026-08-08,False,REDRAFT V1 - REVIEW,R2_FLEX_AWARE_REPLACEMENT
RESEARCH_ONLY_GOVERNANCE_PENDING,306,129,00-0032398,Chris Moore,WR,BAL,38.6,100.4,-61.8,-131.58,LOW,16,preset:12_TEAM_SUPERFLEX_PPR,12-team Superflex PPR,GOVERNED,ADMITTED_CURRENT_SEASON,2026-08-08,False,REDRAFT V1 - REVIEW,R2_FLEX_AWARE_REPLACEMENT
RESEARCH_ONLY_GOVERNANCE_PENDING,307,130,00-0039739,Roman Wilson,WR,PIT,38.6,100.4,-61.8,-131.58,LOW,16,preset:12_TEAM_SUPERFLEX_PPR,12-team Superflex PPR,GOVERNED,ADMITTED_CURRENT_SEASON,2026-08-08,False,REDRAFT V1 - REVIEW,R2_FLEX_AWARE_REPLACEMENT
RESEARCH_ONLY_GOVERNANCE_PENDING,308,131,00-0036427,Tyler Johnson,WR,DAL,37.7,100.4,-62.7,-132.48,LOW,16,preset:12_TEAM_SUPERFLEX_PPR,12-team Superflex PPR,GOVERNED,ADMITTED_CURRENT_SEASON,2026-08-08,False,REDRAFT V1 - REVIEW,R2_FLEX_AWARE_REPLACEMENT
RESEARCH_ONLY_GOVERNANCE_PENDING,309,132,00-0039792,Devontez Walker,WR,BAL,37.6,100.4,-62.8,-132.58,LOW,16,preset:12_TEAM_SUPERFLEX_PPR,12-team Superflex PPR,GOVERNED,ADMITTED_CURRENT_SEASON,2026-08-08,False,REDRAFT V1 - REVIEW,R2_FLEX_AWARE_REPLACEMENT
RESEARCH_ONLY_GOVERNANCE_PENDING,310,77,00-0038738,Hunter Luepke,RB,DAL,37.0,100.3,-63.3,-130.8,LOW,16,preset:12_TEAM_SUPERFLEX_PPR,12-team Superflex PPR,GOVERNED,ADMITTED_CURRENT_SEASON,2026-08-08,False,REDRAFT V1 - REVIEW,R2_FLEX_AWARE_REPLACEMENT
RESEARCH_ONLY_GOVERNANCE_PENDING,311,48,00-0035993,Tyler Huntley,QB,BAL,40.14,103.54,-63.4,-131.76,LOW,16,preset:12_TEAM_SUPERFLEX_PPR,12-team Superflex PPR,GOVERNED,ADMITTED_CURRENT_SEASON,2026-08-08,False,REDRAFT V1 - REVIEW,R2_FLEX_AWARE_REPLACEMENT
RESEARCH_ONLY_GOVERNANCE_PENDING,312,133,00-0039751,Jordan Whittington,WR,LA,36.3,100.4,-64.1,-133.88,LOW,16,preset:12_TEAM_SUPERFLEX_PPR,12-team Superflex PPR,GOVERNED,ADMITTED_CURRENT_SEASON,2026-08-08,False,REDRAFT V1 - REVIEW,R2_FLEX_AWARE_REPLACEMENT
RESEARCH_ONLY_GOVERNANCE_PENDING,313,55,00-0039144,Luke Musgrave,TE,GB,49.2,113.6,-64.4,-115.9,LOW,16,preset:12_TEAM_SUPERFLEX_PPR,12-team Superflex PPR,GOVERNED,ADMITTED_CURRENT_SEASON,2026-08-08,False,REDRAFT V1 - REVIEW,R2_FLEX_AWARE_REPLACEMENT
RESEARCH_ONLY_GOVERNANCE_PENDING,314,78,00-0032104,Ameer Abdullah,RB,JAX,35.9,100.3,-64.4,-131.9,LOW,16,preset:12_TEAM_SUPERFLEX_PPR,12-team Superflex PPR,GOVERNED,ADMITTED_CURRENT_SEASON,2026-08-08,False,REDRAFT V1 - REVIEW,R2_FLEX_AWARE_REPLACEMENT
RESEARCH_ONLY_GOVERNANCE_PENDING,315,79,00-0037085,Tyler Badie,RB,DEN,35.4,100.3,-64.9,-132.4,LOW,16,preset:12_TEAM_SUPERFLEX_PPR,12-team Superflex PPR,GOVERNED,ADMITTED_CURRENT_SEASON,2026-08-08,False,REDRAFT V1 - REVIEW,R2_FLEX_AWARE_REPLACEMENT
RESEARCH_ONLY_GOVERNANCE_PENDING,316,80,00-0039921,Trey Benson,RB,AZ,35.4,100.3,-64.9,-132.4,LOW,16,preset:12_TEAM_SUPERFLEX_PPR,12-team Superflex PPR,GOVERNED,ADMITTED_CURRENT_SEASON,2026-08-08,False,REDRAFT V1 - REVIEW,R2_FLEX_AWARE_REPLACEMENT
RESEARCH_ONLY_GOVERNANCE_PENDING,317,56,00-0040187,Mitchell Evans,TE,CAR,48.2,113.6,-65.4,-116.9,LOW,16,preset:12_TEAM_SUPERFLEX_PPR,12-team Superflex PPR,GOVERNED,ADMITTED_CURRENT_SEASON,2026-08-08,False,REDRAFT V1 - REVIEW,R2_FLEX_AWARE_REPLACEMENT
RESEARCH_ONLY_GOVERNANCE_PENDING,318,57,00-0034613,Tanner Hudson,TE,CIN,47.8,113.6,-65.8,-117.3,LOW,16,preset:12_TEAM_SUPERFLEX_PPR,12-team Superflex PPR,GOVERNED,ADMITTED_CURRENT_SEASON,2026-08-08,False,REDRAFT V1 - REVIEW,R2_FLEX_AWARE_REPLACEMENT
RESEARCH_ONLY_GOVERNANCE_PENDING,319,134,00-0035406,Lil'Jordan Humphrey,WR,DEN,34.6,100.4,-65.8,-135.58,LOW,16,preset:12_TEAM_SUPERFLEX_PPR,12-team Superflex PPR,GOVERNED,ADMITTED_CURRENT_SEASON,2026-08-08,False,REDRAFT V1 - REVIEW,R2_FLEX_AWARE_REPLACEMENT
RESEARCH_ONLY_GOVERNANCE_PENDING,320,135,00-0035645,Gunner Olszewski,WR,NYG,33.82,100.4,-66.58,-136.36,LOW,16,preset:12_TEAM_SUPERFLEX_PPR,12-team Superflex PPR,GOVERNED,ADMITTED_CURRENT_SEASON,2026-08-08,False,REDRAFT V1 - REVIEW,R2_FLEX_AWARE_REPLACEMENT
RESEARCH_ONLY_GOVERNANCE_PENDING,321,58,00-0037805,Jeremy Ruckert,TE,NYJ,46.9,113.6,-66.7,-118.2,LOW,16,preset:12_TEAM_SUPERFLEX_PPR,12-team Superflex PPR,GOVERNED,ADMITTED_CURRENT_SEASON,2026-08-08,False,REDRAFT V1 - REVIEW,R2_FLEX_AWARE_REPLACEMENT
RESEARCH_ONLY_GOVERNANCE_PENDING,322,81,00-0033553,James Conner,RB,AZ,33.3,100.3,-67.0,-134.5,LOW,16,preset:12_TEAM_SUPERFLEX_PPR,12-team Superflex PPR,GOVERNED,ADMITTED_CURRENT_SEASON,2026-08-08,False,REDRAFT V1 - REVIEW,R2_FLEX_AWARE_REPLACEMENT
RESEARCH_ONLY_GOVERNANCE_PENDING,323,82,00-0038551,Kendre Miller,RB,NO,33.3,100.3,-67.0,-134.5,LOW,16,preset:12_TEAM_SUPERFLEX_PPR,12-team Superflex PPR,GOVERNED,ADMITTED_CURRENT_SEASON,2026-08-08,False,REDRAFT V1 - REVIEW,R2_FLEX_AWARE_REPLACEMENT
RESEARCH_ONLY_GOVERNANCE_PENDING,324,136,00-0037231,Kevin Austin Jr.,WR,NO,33.0,100.4,-67.4,-137.18,LOW,16,preset:12_TEAM_SUPERFLEX_PPR,12-team Superflex PPR,GOVERNED,ADMITTED_CURRENT_SEASON,2026-08-08,False,REDRAFT V1 - REVIEW,R2_FLEX_AWARE_REPLACEMENT
RESEARCH_ONLY_GOVERNANCE_PENDING,325,83,00-0038685,Chris Brooks,RB,GB,32.7,100.3,-67.6,-135.1,LOW,16,preset:12_TEAM_SUPERFLEX_PPR,12-team Superflex PPR,GOVERNED,ADMITTED_CURRENT_SEASON,2026-08-08,False,REDRAFT V1 - REVIEW,R2_FLEX_AWARE_REPLACEMENT
RESEARCH_ONLY_GOVERNANCE_PENDING,326,59,00-0036422,Adam Trautman,TE,DEN,45.5,113.6,-68.1,-119.6,LOW,16,preset:12_TEAM_SUPERFLEX_PPR,12-team Superflex PPR,GOVERNED,ADMITTED_CURRENT_SEASON,2026-08-08,False,REDRAFT V1 - REVIEW,R2_FLEX_AWARE_REPLACEMENT
RESEARCH_ONLY_GOVERNANCE_PENDING,327,137,00-0034272,Marquez Valdes-Scantling,WR,DAL,32.0,100.4,-68.4,-138.18,LOW,16,preset:12_TEAM_SUPERFLEX_PPR,12-team Superflex PPR,GOVERNED,ADMITTED_CURRENT_SEASON,2026-08-08,False,REDRAFT V1 - REVIEW,R2_FLEX_AWARE_REPLACEMENT
RESEARCH_ONLY_GOVERNANCE_PENDING,328,138,00-0038839,Mitchell Tinsley,WR,CIN,31.6,100.4,-68.8,-138.58,LOW,16,preset:12_TEAM_SUPERFLEX_PPR,12-team Superflex PPR,GOVERNED,ADMITTED_CURRENT_SEASON,2026-08-08,False,REDRAFT V1 - REVIEW,R2_FLEX_AWARE_REPLACEMENT
RESEARCH_ONLY_GOVERNANCE_PENDING,329,139,00-0039920,Malachi Corley,WR,CLE,31.6,100.4,-68.8,-138.58,LOW,16,preset:12_TEAM_SUPERFLEX_PPR,12-team Superflex PPR,GOVERNED,ADMITTED_CURRENT_SEASON,2026-08-08,False,REDRAFT V1 - REVIEW,R2_FLEX_AWARE_REPLACEMENT
RESEARCH_ONLY_GOVERNANCE_PENDING,330,84,00-0038794,Jaleel McLaughlin,RB,DEN,31.4,100.3,-68.9,-136.4,LOW,16,preset:12_TEAM_SUPERFLEX_PPR,12-team Superflex PPR,GOVERNED,ADMITTED_CURRENT_SEASON,2026-08-08,False,REDRAFT V1 - REVIEW,R2_FLEX_AWARE_REPLACEMENT
RESEARCH_ONLY_GOVERNANCE_PENDING,331,140,00-0036849,Tutu Atwell,WR,MIA,31.2,100.4,-69.2,-138.98,LOW,16,preset:12_TEAM_SUPERFLEX_PPR,12-team Superflex PPR,GOVERNED,ADMITTED_CURRENT_SEASON,2026-08-08,False,REDRAFT V1 - REVIEW,R2_FLEX_AWARE_REPLACEMENT
RESEARCH_ONLY_GOVERNANCE_PENDING,332,49,00-0040234,Quinn Ewers,QB,MIA,33.18,103.54,-70.36,-138.72,LOW,16,preset:12_TEAM_SUPERFLEX_PPR,12-team Superflex PPR,GOVERNED,ADMITTED_CURRENT_SEASON,2026-08-08,False,REDRAFT V1 - REVIEW,R2_FLEX_AWARE_REPLACEMENT
RESEARCH_ONLY_GOVERNANCE_PENDING,333,141,00-0038840,Brycen Tremayne,WR,CAR,30.0,100.4,-70.4,-140.18,LOW,16,preset:12_TEAM_SUPERFLEX_PPR,12-team Superflex PPR,GOVERNED,ADMITTED_CURRENT_SEASON,2026-08-08,False,REDRAFT V1 - REVIEW,R2_FLEX_AWARE_REPLACEMENT
RESEARCH_ONLY_GOVERNANCE_PENDING,334,142,00-0039855,Jalen McMillan,WR,TB,29.9,100.4,-70.5,-140.28,LOW,16,preset:12_TEAM_SUPERFLEX_PPR,12-team Superflex PPR,GOVERNED,ADMITTED_CURRENT_SEASON,2026-08-08,False,REDRAFT V1 - REVIEW,R2_FLEX_AWARE_REPLACEMENT
RESEARCH_ONLY_GOVERNANCE_PENDING,335,85,00-0039405,Jawhar Jordan,RB,HOU,29.7,100.3,-70.6,-138.1,LOW,16,preset:12_TEAM_SUPERFLEX_PPR,12-team Superflex PPR,GOVERNED,ADMITTED_CURRENT_SEASON,2026-08-08,False,REDRAFT V1 - REVIEW,R2_FLEX_AWARE_REPLACEMENT
RESEARCH_ONLY_GOVERNANCE_PENDING,336,143,00-0037742,Treylon Burks,WR,WAS,29.0,100.4,-71.4,-141.18,LOW,16,preset:12_TEAM_SUPERFLEX_PPR,12-team Superflex PPR,GOVERNED,ADMITTED_CURRENT_SEASON,2026-08-08,False,REDRAFT V1 - REVIEW,R2_FLEX_AWARE_REPLACEMENT
RESEARCH_ONLY_GOVERNANCE_PENDING,337,144,00-0040218,Jimmy Horn Jr.,WR,CAR,28.7,100.4,-71.7,-141.48,LOW,16,preset:12_TEAM_SUPERFLEX_PPR,12-team Superflex PPR,GOVERNED,ADMITTED_CURRENT_SEASON,2026-08-08,False,REDRAFT V1 - REVIEW,R2_FLEX_AWARE_REPLACEMENT
RESEARCH_ONLY_GOVERNANCE_PENDING,338,145,00-0036980,Elijah Moore,WR,PHI,28.6,100.4,-71.8,-141.58,LOW,16,preset:12_TEAM_SUPERFLEX_PPR,12-team Superflex PPR,GOVERNED,ADMITTED_CURRENT_SEASON,2026-08-08,False,REDRAFT V1 - REVIEW,R2_FLEX_AWARE_REPLACEMENT
RESEARCH_ONLY_GOVERNANCE_PENDING,339,146,00-0036165,Isaiah Hodgins,WR,NYG,27.5,100.4,-72.9,-142.68,LOW,16,preset:12_TEAM_SUPERFLEX_PPR,12-team Superflex PPR,GOVERNED,ADMITTED_CURRENT_SEASON,2026-08-08,False,REDRAFT V1 - REVIEW,R2_FLEX_AWARE_REPLACEMENT
RESEARCH_ONLY_GOVERNANCE_PENDING,340,86,00-0040886,Nicholas Singleton,RB,TEN,27.1,100.3,-73.2,-140.7,LOW,16,preset:12_TEAM_SUPERFLEX_PPR,12-team Superflex PPR,GOVERNANCE_PENDING,MODEL_VALIDATED_REVIEW_ONLY,2026-07-30,True,REDRAFT V1 - REVIEW,R2_FLEX_AWARE_REPLACEMENT
RESEARCH_ONLY_GOVERNANCE_PENDING,341,87,00-0040888,Adam Randall,RB,BAL,27.1,100.3,-73.2,-140.7,LOW,16,preset:12_TEAM_SUPERFLEX_PPR,12-team Superflex PPR,GOVERNANCE_PENDING,MODEL_VALIDATED_REVIEW_ONLY,2026-07-30,True,REDRAFT V1 - REVIEW,R2_FLEX_AWARE_REPLACEMENT
RESEARCH_ONLY_GOVERNANCE_PENDING,342,88,00-0041013,Emmett Johnson,RB,KC,27.1,100.3,-73.2,-140.7,LOW,16,preset:12_TEAM_SUPERFLEX_PPR,12-team Superflex PPR,GOVERNANCE_PENDING,MODEL_VALIDATED_REVIEW_ONLY,2026-07-30,True,REDRAFT V1 - REVIEW,R2_FLEX_AWARE_REPLACEMENT
RESEARCH_ONLY_GOVERNANCE_PENDING,343,147,00-0040277,Jahdae Walker,WR,CHI,26.7,100.4,-73.7,-143.48,LOW,16,preset:12_TEAM_SUPERFLEX_PPR,12-team Superflex PPR,GOVERNED,ADMITTED_CURRENT_SEASON,2026-08-08,False,REDRAFT V1 - REVIEW,R2_FLEX_AWARE_REPLACEMENT
RESEARCH_ONLY_GOVERNANCE_PENDING,344,50,00-0033869,Mitchell Trubisky,QB,TEN,29.12,103.54,-74.42,-142.78,LOW,16,preset:12_TEAM_SUPERFLEX_PPR,12-team Superflex PPR,GOVERNED,ADMITTED_CURRENT_SEASON,2026-08-08,False,REDRAFT V1 - REVIEW,R2_FLEX_AWARE_REPLACEMENT
RESEARCH_ONLY_GOVERNANCE_PENDING,345,148,00-0040311,Theo Wease Jr.,WR,MIA,25.9,100.4,-74.5,-144.28,LOW,16,preset:12_TEAM_SUPERFLEX_PPR,12-team Superflex PPR,GOVERNED,ADMITTED_CURRENT_SEASON,2026-08-08,False,REDRAFT V1 - REVIEW,R2_FLEX_AWARE_REPLACEMENT
RESEARCH_ONLY_GOVERNANCE_PENDING,346,51,00-0040206,Riley Leonard,QB,IND,29.0,103.54,-74.54,-142.9,LOW,16,preset:12_TEAM_SUPERFLEX_PPR,12-team Superflex PPR,GOVERNED,ADMITTED_CURRENT_SEASON,2026-08-08,False,REDRAFT V1 - REVIEW,R2_FLEX_AWARE_REPLACEMENT
RESEARCH_ONLY_GOVERNANCE_PENDING,347,89,00-0036755,Jaret Patterson,RB,LAC,25.7,100.3,-74.6,-142.1,LOW,16,preset:12_TEAM_SUPERFLEX_PPR,12-team Superflex PPR,GOVERNED,ADMITTED_CURRENT_SEASON,2026-08-08,False,REDRAFT V1 - REVIEW,R2_FLEX_AWARE_REPLACEMENT
RESEARCH_ONLY_GOVERNANCE_PENDING,348,60,00-0036637,Noah Gray,TE,KC,38.8,113.6,-74.8,-126.3,LOW,16,preset:12_TEAM_SUPERFLEX_PPR,12-team Superflex PPR,GOVERNED,ADMITTED_CURRENT_SEASON,2026-08-08,False,REDRAFT V1 - REVIEW,R2_FLEX_AWARE_REPLACEMENT
RESEARCH_ONLY_GOVERNANCE_PENDING,349,149,00-0040009,Savion Williams,WR,GB,25.5,100.4,-74.9,-144.68,LOW,16,preset:12_TEAM_SUPERFLEX_PPR,12-team Superflex PPR,GOVERNED,ADMITTED_CURRENT_SEASON,2026-08-08,False,REDRAFT V1 - REVIEW,R2_FLEX_AWARE_REPLACEMENT
RESEARCH_ONLY_GOVERNANCE_PENDING,350,150,00-0040590,Konata Mumpfield,WR,LA,25.2,100.4,-75.2,-144.98,LOW,16,preset:12_TEAM_SUPERFLEX_PPR,12-team Superflex PPR,GOVERNED,ADMITTED_CURRENT_SEASON,2026-08-08,False,REDRAFT V1 - REVIEW,R2_FLEX_AWARE_REPLACEMENT
RESEARCH_ONLY_GOVERNANCE_PENDING,351,90,00-0040238,LeQuint Allen Jr.,RB,JAX,24.8,100.3,-75.5,-143.0,LOW,16,preset:12_TEAM_SUPERFLEX_PPR,12-team Superflex PPR,GOVERNED,ADMITTED_CURRENT_SEASON,2026-08-08,False,REDRAFT V1 - REVIEW,R2_FLEX_AWARE_REPLACEMENT
RESEARCH_ONLY_GOVERNANCE_PENDING,352,91,00-0039796,Rasheen Ali,RB,BAL,24.2,100.3,-76.1,-143.6,LOW,16,preset:12_TEAM_SUPERFLEX_PPR,12-team Superflex PPR,GOVERNED,ADMITTED_CURRENT_SEASON,2026-08-08,False,REDRAFT V1 - REVIEW,R2_FLEX_AWARE_REPLACEMENT
RESEARCH_ONLY_GOVERNANCE_PENDING,353,61,00-0040739,Elijah Arroyo,TE,SEA,36.9,113.6,-76.7,-128.2,LOW,16,preset:12_TEAM_SUPERFLEX_PPR,12-team Superflex PPR,GOVERNED,ADMITTED_CURRENT_SEASON,2026-08-08,False,REDRAFT V1 - REVIEW,R2_FLEX_AWARE_REPLACEMENT
RESEARCH_ONLY_GOVERNANCE_PENDING,354,62,00-0036754,Brock Wright,TE,DET,36.8,113.6,-76.8,-128.3,LOW,16,preset:12_TEAM_SUPERFLEX_PPR,12-team Superflex PPR,GOVERNED,ADMITTED_CURRENT_SEASON,2026-08-08,False,REDRAFT V1 - REVIEW,R2_FLEX_AWARE_REPLACEMENT
RESEARCH_ONLY_GOVERNANCE_PENDING,355,151,00-0040581,Dont'e Thornton Jr.,WR,LV,23.5,100.4,-76.9,-146.68,LOW,16,preset:12_TEAM_SUPERFLEX_PPR,12-team Superflex PPR,GOVERNED,ADMITTED_CURRENT_SEASON,2026-08-08,False,REDRAFT V1 - REVIEW,R2_FLEX_AWARE_REPLACEMENT
RESEARCH_ONLY_GOVERNANCE_PENDING,356,52,00-0040398,Brady Cook,QB,NYJ,26.46,103.54,-77.08,-145.44,LOW,16,preset:12_TEAM_SUPERFLEX_PPR,12-team Superflex PPR,GOVERNED,ADMITTED_CURRENT_SEASON,2026-08-08,False,REDRAFT V1 - REVIEW,R2_FLEX_AWARE_REPLACEMENT
RESEARCH_ONLY_GOVERNANCE_PENDING,357,63,00-0038046,Charlie Kolar,TE,LAC,36.2,113.6,-77.4,-128.9,LOW,16,preset:12_TEAM_SUPERFLEX_PPR,12-team Superflex PPR,GOVERNED,ADMITTED_CURRENT_SEASON,2026-08-08,False,REDRAFT V1 - REVIEW,R2_FLEX_AWARE_REPLACEMENT
RESEARCH_ONLY_GOVERNANCE_PENDING,358,53,00-0026300,Josh Johnson,QB,CIN,24.38,103.54,-79.16,-147.52,LOW,16,preset:12_TEAM_SUPERFLEX_PPR,12-team Superflex PPR,GOVERNED,ADMITTED_CURRENT_SEASON,2026-08-08,False,REDRAFT V1 - REVIEW,R2_FLEX_AWARE_REPLACEMENT
RESEARCH_ONLY_GOVERNANCE_PENDING,359,92,00-0039299,George Holani,RB,SEA,20.8,100.3,-79.5,-147.0,LOW,16,preset:12_TEAM_SUPERFLEX_PPR,12-team Superflex PPR,GOVERNED,ADMITTED_CURRENT_SEASON,2026-08-08,False,REDRAFT V1 - REVIEW,R2_FLEX_AWARE_REPLACEMENT
RESEARCH_ONLY_GOVERNANCE_PENDING,360,152,00-0039379,Jamari Thrash,WR,CLE,20.7,100.4,-79.7,-149.48,LOW,16,preset:12_TEAM_SUPERFLEX_PPR,12-team Superflex PPR,GOVERNED,ADMITTED_CURRENT_SEASON,2026-08-08,False,REDRAFT V1 - REVIEW,R2_FLEX_AWARE_REPLACEMENT
RESEARCH_ONLY_GOVERNANCE_PENDING,361,93,00-0040586,Jaydon Blue,RB,DAL,20.4,100.3,-79.9,-147.4,LOW,16,preset:12_TEAM_SUPERFLEX_PPR,12-team Superflex PPR,GOVERNED,ADMITTED_CURRENT_SEASON,2026-08-08,False,REDRAFT V1 - REVIEW,R2_FLEX_AWARE_REPLACEMENT
RESEARCH_ONLY_GOVERNANCE_PENDING,362,153,00-0039623,Mason Tipton,WR,NO,20.4,100.4,-80.0,-149.78,LOW,16,preset:12_TEAM_SUPERFLEX_PPR,12-team Superflex PPR,GOVERNED,ADMITTED_CURRENT_SEASON,2026-08-08,False,REDRAFT V1 - REVIEW,R2_FLEX_AWARE_REPLACEMENT
RESEARCH_ONLY_GOVERNANCE_PENDING,363,94,00-0040466,Raheim Sanders,RB,CLE,20.3,100.3,-80.0,-147.5,LOW,16,preset:12_TEAM_SUPERFLEX_PPR,12-team Superflex PPR,GOVERNED,ADMITTED_CURRENT_SEASON,2026-08-08,False,REDRAFT V1 - REVIEW,R2_FLEX_AWARE_REPLACEMENT
RESEARCH_ONLY_GOVERNANCE_PENDING,364,154,00-0035021,Ashton Dulin,WR,IND,20.0,100.4,-80.4,-150.18,LOW,16,preset:12_TEAM_SUPERFLEX_PPR,12-team Superflex PPR,GOVERNED,ADMITTED_CURRENT_SEASON,2026-08-08,False,REDRAFT V1 - REVIEW,R2_FLEX_AWARE_REPLACEMENT
RESEARCH_ONLY_GOVERNANCE_PENDING,365,155,00-0036182,Nick Westbrook-Ikhine,WR,IND,19.9,100.4,-80.5,-150.28,LOW,16,preset:12_TEAM_SUPERFLEX_PPR,12-team Superflex PPR,GOVERNED,ADMITTED_CURRENT_SEASON,2026-08-08,False,REDRAFT V1 - REVIEW,R2_FLEX_AWARE_REPLACEMENT
RESEARCH_ONLY_GOVERNANCE_PENDING,366,64,00-0037004,Hunter Long,TE,JAX,32.5,113.6,-81.1,-132.6,LOW,16,preset:12_TEAM_SUPERFLEX_PPR,12-team Superflex PPR,GOVERNED,ADMITTED_CURRENT_SEASON,2026-08-08,False,REDRAFT V1 - REVIEW,R2_FLEX_AWARE_REPLACEMENT
RESEARCH_ONLY_GOVERNANCE_PENDING,367,65,00-0035631,Drew Sample,TE,CIN,31.9,113.6,-81.7,-133.2,LOW,16,preset:12_TEAM_SUPERFLEX_PPR,12-team Superflex PPR,GOVERNED,ADMITTED_CURRENT_SEASON,2026-08-08,False,REDRAFT V1 - REVIEW,R2_FLEX_AWARE_REPLACEMENT
RESEARCH_ONLY_GOVERNANCE_PENDING,368,156,00-0040024,Darius Cooper,WR,PHI,18.2,100.4,-82.2,-151.98,LOW,16,preset:12_TEAM_SUPERFLEX_PPR,12-team Superflex PPR,GOVERNED,ADMITTED_CURRENT_SEASON,2026-08-08,False,REDRAFT V1 - REVIEW,R2_FLEX_AWARE_REPLACEMENT
RESEARCH_ONLY_GOVERNANCE_PENDING,369,157,00-0035891,Cody White,WR,SEA,18.0,100.4,-82.4,-152.18,LOW,16,preset:12_TEAM_SUPERFLEX_PPR,12-team Superflex PPR,GOVERNED,ADMITTED_CURRENT_SEASON,2026-08-08,False,REDRAFT V1 - REVIEW,R2_FLEX_AWARE_REPLACEMENT
RESEARCH_ONLY_GOVERNANCE_PENDING,370,158,00-0039589,Kameron Johnson,WR,TB,17.7,100.4,-82.7,-152.48,LOW,16,preset:12_TEAM_SUPERFLEX_PPR,12-team Superflex PPR,GOVERNED,ADMITTED_CURRENT_SEASON,2026-08-08,False,REDRAFT V1 - REVIEW,R2_FLEX_AWARE_REPLACEMENT
RESEARCH_ONLY_GOVERNANCE_PENDING,371,95,00-0039746,Will Shipley,RB,PHI,17.5,100.3,-82.8,-150.3,LOW,16,preset:12_TEAM_SUPERFLEX_PPR,12-team Superflex PPR,GOVERNED,ADMITTED_CURRENT_SEASON,2026-08-08,False,REDRAFT V1 - REVIEW,R2_FLEX_AWARE_REPLACEMENT
RESEARCH_ONLY_GOVERNANCE_PENDING,372,66,00-0033217,Mo Alie-Cox,TE,IND,30.7,113.6,-82.9,-134.4,LOW,16,preset:12_TEAM_SUPERFLEX_PPR,12-team Superflex PPR,GOVERNED,ADMITTED_CURRENT_SEASON,2026-08-08,False,REDRAFT V1 - REVIEW,R2_FLEX_AWARE_REPLACEMENT
RESEARCH_ONLY_GOVERNANCE_PENDING,373,67,00-0040879,Matthew Hibner,TE,BAL,30.5,113.6,-83.1,-134.6,LOW,16,preset:12_TEAM_SUPERFLEX_PPR,12-team Superflex PPR,GOVERNANCE_PENDING,MODEL_VALIDATED_REVIEW_ONLY,2026-07-30,True,REDRAFT V1 - REVIEW,R2_FLEX_AWARE_REPLACEMENT
RESEARCH_ONLY_GOVERNANCE_PENDING,374,159,00-0036862,Ben Skowronek,WR,PIT,16.9,100.4,-83.5,-153.28,LOW,16,preset:12_TEAM_SUPERFLEX_PPR,12-team Superflex PPR,GOVERNED,ADMITTED_CURRENT_SEASON,2026-08-08,False,REDRAFT V1 - REVIEW,R2_FLEX_AWARE_REPLACEMENT
RESEARCH_ONLY_GOVERNANCE_PENDING,375,160,00-0040563,Efton Chism III,WR,NE,16.5,100.4,-83.9,-153.68,LOW,16,preset:12_TEAM_SUPERFLEX_PPR,12-team Superflex PPR,GOVERNED,ADMITTED_CURRENT_SEASON,2026-08-08,False,REDRAFT V1 - REVIEW,R2_FLEX_AWARE_REPLACEMENT
RESEARCH_ONLY_GOVERNANCE_PENDING,376,68,00-0036887,Luke Farrell,TE,SF,29.5,113.6,-84.1,-135.6,LOW,16,preset:12_TEAM_SUPERFLEX_PPR,12-team Superflex PPR,GOVERNED,ADMITTED_CURRENT_SEASON,2026-08-08,False,REDRAFT V1 - REVIEW,R2_FLEX_AWARE_REPLACEMENT
RESEARCH_ONLY_GOVERNANCE_PENDING,377,161,00-0040184,KeAndre Lambert-Smith,WR,LAC,16.1,100.4,-84.3,-154.08,LOW,16,preset:12_TEAM_SUPERFLEX_PPR,12-team Superflex PPR,GOVERNED,ADMITTED_CURRENT_SEASON,2026-08-08,False,REDRAFT V1 - REVIEW,R2_FLEX_AWARE_REPLACEMENT
RESEARCH_ONLY_GOVERNANCE_PENDING,378,162,00-0038891,Shedrick Jackson,WR,LV,15.9,100.4,-84.5,-154.28,LOW,16,preset:12_TEAM_SUPERFLEX_PPR,12-team Superflex PPR,GOVERNED,ADMITTED_CURRENT_SEASON,2026-08-08,False,REDRAFT V1 - REVIEW,R2_FLEX_AWARE_REPLACEMENT
RESEARCH_ONLY_GOVERNANCE_PENDING,379,69,00-0038720,Julian Hill,TE,NE,29.0,113.6,-84.6,-136.1,LOW,16,preset:12_TEAM_SUPERFLEX_PPR,12-team Superflex PPR,GOVERNED,ADMITTED_CURRENT_SEASON,2026-08-08,False,REDRAFT V1 - REVIEW,R2_FLEX_AWARE_REPLACEMENT
RESEARCH_ONLY_GOVERNANCE_PENDING,380,96,00-0039794,Braelon Allen,RB,NYJ,15.3,100.3,-85.0,-152.5,LOW,16,preset:12_TEAM_SUPERFLEX_PPR,12-team Superflex PPR,GOVERNED,ADMITTED_CURRENT_SEASON,2026-08-08,False,REDRAFT V1 - REVIEW,R2_FLEX_AWARE_REPLACEMENT
RESEARCH_ONLY_GOVERNANCE_PENDING,381,97,00-0039757,Terrell Jennings,RB,NE,15.2,100.3,-85.1,-152.6,LOW,16,preset:12_TEAM_SUPERFLEX_PPR,12-team Superflex PPR,GOVERNED,ADMITTED_CURRENT_SEASON,2026-08-08,False,REDRAFT V1 - REVIEW,R2_FLEX_AWARE_REPLACEMENT
RESEARCH_ONLY_GOVERNANCE_PENDING,382,70,00-0039912,Ben Sinnott,TE,WAS,28.4,113.6,-85.2,-136.7,LOW,16,preset:12_TEAM_SUPERFLEX_PPR,12-team Superflex PPR,GOVERNED,ADMITTED_CURRENT_SEASON,2026-08-08,False,REDRAFT V1 - REVIEW,R2_FLEX_AWARE_REPLACEMENT
RESEARCH_ONLY_GOVERNANCE_PENDING,383,163,00-0035298,Scott Miller,WR,CHI,15.2,100.4,-85.2,-154.98,LOW,16,preset:12_TEAM_SUPERFLEX_PPR,12-team Superflex PPR,GOVERNED,ADMITTED_CURRENT_SEASON,2026-08-08,False,REDRAFT V1 - REVIEW,R2_FLEX_AWARE_REPLACEMENT
RESEARCH_ONLY_GOVERNANCE_PENDING,384,164,00-0038090,Skyy Moore,WR,GB,14.8,100.4,-85.6,-155.38,LOW,16,preset:12_TEAM_SUPERFLEX_PPR,12-team Superflex PPR,GOVERNED,ADMITTED_CURRENT_SEASON,2026-08-08,False,REDRAFT V1 - REVIEW,R2_FLEX_AWARE_REPLACEMENT
RESEARCH_ONLY_GOVERNANCE_PENDING,385,165,00-0036630,Tylan Wallace,WR,CLE,14.5,100.4,-85.9,-155.68,LOW,16,preset:12_TEAM_SUPERFLEX_PPR,12-team Superflex PPR,GOVERNED,ADMITTED_CURRENT_SEASON,2026-08-08,False,REDRAFT V1 - REVIEW,R2_FLEX_AWARE_REPLACEMENT
RESEARCH_ONLY_GOVERNANCE_PENDING,386,71,00-0036628,John Bates,TE,WAS,27.3,113.6,-86.3,-137.8,LOW,16,preset:12_TEAM_SUPERFLEX_PPR,12-team Superflex PPR,GOVERNED,ADMITTED_CURRENT_SEASON,2026-08-08,False,REDRAFT V1 - REVIEW,R2_FLEX_AWARE_REPLACEMENT
RESEARCH_ONLY_GOVERNANCE_PENDING,387,72,00-0038547,Luke Schoonmaker,TE,DAL,27.2,113.6,-86.4,-137.9,LOW,16,preset:12_TEAM_SUPERFLEX_PPR,12-team Superflex PPR,GOVERNED,ADMITTED_CURRENT_SEASON,2026-08-08,False,REDRAFT V1 - REVIEW,R2_FLEX_AWARE_REPLACEMENT
RESEARCH_ONLY_GOVERNANCE_PENDING,388,166,00-0039521,Xavier Weaver,WR,AZ,13.7,100.4,-86.7,-156.48,LOW,16,preset:12_TEAM_SUPERFLEX_PPR,12-team Superflex PPR,GOVERNED,ADMITTED_CURRENT_SEASON,2026-08-08,False,REDRAFT V1 - REVIEW,R2_FLEX_AWARE_REPLACEMENT
RESEARCH_ONLY_GOVERNANCE_PENDING,389,167,00-0040582,Arian Smith,WR,NYJ,13.5,100.4,-86.9,-156.68,LOW,16,preset:12_TEAM_SUPERFLEX_PPR,12-team Superflex PPR,GOVERNED,ADMITTED_CURRENT_SEASON,2026-08-08,False,REDRAFT V1 - REVIEW,R2_FLEX_AWARE_REPLACEMENT
RESEARCH_ONLY_GOVERNANCE_PENDING,390,168,00-0040876,Elijah Sarratt,WR,BAL,13.4,100.4,-87.0,-156.78,LOW,16,preset:12_TEAM_SUPERFLEX_PPR,12-team Superflex PPR,GOVERNANCE_PENDING,MODEL_VALIDATED_REVIEW_ONLY,2026-07-30,True,REDRAFT V1 - REVIEW,R2_FLEX_AWARE_REPLACEMENT
RESEARCH_ONLY_GOVERNANCE_PENDING,391,169,00-0041067,Bryce Lance,WR,NO,13.4,100.4,-87.0,-156.78,LOW,16,preset:12_TEAM_SUPERFLEX_PPR,12-team Superflex PPR,GOVERNANCE_PENDING,MODEL_VALIDATED_REVIEW_ONLY,2026-07-30,True,REDRAFT V1 - REVIEW,R2_FLEX_AWARE_REPLACEMENT
RESEARCH_ONLY_GOVERNANCE_PENDING,392,170,00-0041069,Colbie Young,WR,CIN,13.4,100.4,-87.0,-156.78,LOW,16,preset:12_TEAM_SUPERFLEX_PPR,12-team Superflex PPR,GOVERNANCE_PENDING,MODEL_VALIDATED_REVIEW_ONLY,2026-07-30,True,REDRAFT V1 - REVIEW,R2_FLEX_AWARE_REPLACEMENT
RESEARCH_ONLY_GOVERNANCE_PENDING,393,171,00-0041397,Kaden Wetjen,WR,PIT,13.4,100.4,-87.0,-156.78,LOW,16,preset:12_TEAM_SUPERFLEX_PPR,12-team Superflex PPR,GOVERNANCE_PENDING,MODEL_VALIDATED_REVIEW_ONLY,2026-07-30,True,REDRAFT V1 - REVIEW,R2_FLEX_AWARE_REPLACEMENT
RESEARCH_ONLY_GOVERNANCE_PENDING,394,172,00-0041443,Skyler Bell,WR,BUF,13.4,100.4,-87.0,-156.78,LOW,16,preset:12_TEAM_SUPERFLEX_PPR,12-team Superflex PPR,GOVERNANCE_PENDING,MODEL_VALIDATED_REVIEW_ONLY,2026-07-30,True,REDRAFT V1 - REVIEW,R2_FLEX_AWARE_REPLACEMENT
RESEARCH_ONLY_GOVERNANCE_PENDING,395,173,00-0041550,Brenen Thompson,WR,LAC,13.4,100.4,-87.0,-156.78,LOW,16,preset:12_TEAM_SUPERFLEX_PPR,12-team Superflex PPR,GOVERNANCE_PENDING,MODEL_VALIDATED_REVIEW_ONLY,2026-07-30,True,REDRAFT V1 - REVIEW,R2_FLEX_AWARE_REPLACEMENT
RESEARCH_ONLY_GOVERNANCE_PENDING,396,174,00-0036959,Michael Bandy,WR,DEN,13.0,100.4,-87.4,-157.18,LOW,16,preset:12_TEAM_SUPERFLEX_PPR,12-team Superflex PPR,GOVERNED,ADMITTED_CURRENT_SEASON,2026-08-08,False,REDRAFT V1 - REVIEW,R2_FLEX_AWARE_REPLACEMENT
RESEARCH_ONLY_GOVERNANCE_PENDING,397,175,00-0040259,Gage Larvadain,WR,CLE,12.4,100.4,-88.0,-157.78,LOW,16,preset:12_TEAM_SUPERFLEX_PPR,12-team Superflex PPR,GOVERNED,ADMITTED_CURRENT_SEASON,2026-08-08,False,REDRAFT V1 - REVIEW,R2_FLEX_AWARE_REPLACEMENT
RESEARCH_ONLY_GOVERNANCE_PENDING,398,54,00-0034771,Mason Rudolph,QB,PIT,15.0,103.54,-88.54,-156.9,LOW,16,preset:12_TEAM_SUPERFLEX_PPR,12-team Superflex PPR,GOVERNED,ADMITTED_CURRENT_SEASON,2026-08-08,False,REDRAFT V1 - REVIEW,R2_FLEX_AWARE_REPLACEMENT
RESEARCH_ONLY_GOVERNANCE_PENDING,399,98,00-0040644,Trevor Etienne,RB,CAR,11.7,100.3,-88.6,-156.1,LOW,16,preset:12_TEAM_SUPERFLEX_PPR,12-team Superflex PPR,GOVERNED,ADMITTED_CURRENT_SEASON,2026-08-08,False,REDRAFT V1 - REVIEW,R2_FLEX_AWARE_REPLACEMENT
RESEARCH_ONLY_GOVERNANCE_PENDING,400,176,00-0040890,Cyrus Allen,WR,KC,11.45,100.4,-88.95,-158.73,LOW,16,preset:12_TEAM_SUPERFLEX_PPR,12-team Superflex PPR,GOVERNANCE_PENDING,MODEL_VALIDATED_REVIEW_ONLY,2026-07-30,True,REDRAFT V1 - REVIEW,R2_FLEX_AWARE_REPLACEMENT
RESEARCH_ONLY_GOVERNANCE_PENDING,401,177,00-0041070,Reggie Virgil,WR,AZ,11.45,100.4,-88.95,-158.73,LOW,16,preset:12_TEAM_SUPERFLEX_PPR,12-team Superflex PPR,GOVERNANCE_PENDING,MODEL_VALIDATED_REVIEW_ONLY,2026-07-30,True,REDRAFT V1 - REVIEW,R2_FLEX_AWARE_REPLACEMENT
RESEARCH_ONLY_GOVERNANCE_PENDING,402,178,00-0041529,Kevin Coleman Jr.,WR,MIA,11.45,100.4,-88.95,-158.73,LOW,16,preset:12_TEAM_SUPERFLEX_PPR,12-team Superflex PPR,GOVERNANCE_PENDING,MODEL_VALIDATED_REVIEW_ONLY,2026-07-30,True,REDRAFT V1 - REVIEW,R2_FLEX_AWARE_REPLACEMENT
RESEARCH_ONLY_GOVERNANCE_PENDING,403,179,LAW090280,Kendrick Law,WR,DET,11.45,100.4,-88.95,-158.73,LOW,16,preset:12_TEAM_SUPERFLEX_PPR,12-team Superflex PPR,GOVERNANCE_PENDING,MODEL_VALIDATED_REVIEW_ONLY,2026-07-30,True,REDRAFT V1 - REVIEW,R2_FLEX_AWARE_REPLACEMENT
RESEARCH_ONLY_GOVERNANCE_PENDING,404,180,00-0038824,Ryan Miller,WR,NYG,11.4,100.4,-89.0,-158.78,LOW,16,preset:12_TEAM_SUPERFLEX_PPR,12-team Superflex PPR,GOVERNED,ADMITTED_CURRENT_SEASON,2026-08-08,False,REDRAFT V1 - REVIEW,R2_FLEX_AWARE_REPLACEMENT
RESEARCH_ONLY_GOVERNANCE_PENDING,405,73,00-0034365,Ian Thomas,TE,LV,24.4,113.6,-89.2,-140.7,LOW,16,preset:12_TEAM_SUPERFLEX_PPR,12-team Superflex PPR,GOVERNED,ADMITTED_CURRENT_SEASON,2026-08-08,False,REDRAFT V1 - REVIEW,R2_FLEX_AWARE_REPLACEMENT
RESEARCH_ONLY_GOVERNANCE_PENDING,406,181,00-0038953,Dylan Drummond,WR,ATL,11.2,100.4,-89.2,-158.98,LOW,16,preset:12_TEAM_SUPERFLEX_PPR,12-team Superflex PPR,GOVERNED,ADMITTED_CURRENT_SEASON,2026-08-08,False,REDRAFT V1 - REVIEW,R2_FLEX_AWARE_REPLACEMENT
RESEARCH_ONLY_GOVERNANCE_PENDING,407,99,00-0036842,Kene Nwangwu,RB,NYJ,10.9,100.3,-89.4,-156.9,LOW,16,preset:12_TEAM_SUPERFLEX_PPR,12-team Superflex PPR,GOVERNED,ADMITTED_CURRENT_SEASON,2026-08-08,False,REDRAFT V1 - REVIEW,R2_FLEX_AWARE_REPLACEMENT
RESEARCH_ONLY_GOVERNANCE_PENDING,408,100,00-0040021,Phil Mafah,RB,DAL,10.9,100.3,-89.4,-156.9,LOW,16,preset:12_TEAM_SUPERFLEX_PPR,12-team Superflex PPR,GOVERNED,ADMITTED_CURRENT_SEASON,2026-08-08,False,REDRAFT V1 - REVIEW,R2_FLEX_AWARE_REPLACEMENT
RESEARCH_ONLY_GOVERNANCE_PENDING,409,74,00-0039530,Brevyn Spann-Ford,TE,DAL,24.0,113.6,-89.6,-141.1,LOW,16,preset:12_TEAM_SUPERFLEX_PPR,12-team Superflex PPR,GOVERNED,ADMITTED_CURRENT_SEASON,2026-08-08,False,REDRAFT V1 - REVIEW,R2_FLEX_AWARE_REPLACEMENT
RESEARCH_ONLY_GOVERNANCE_PENDING,410,55,00-0038400,Tanner McKee,QB,PHI,13.76,103.54,-89.78,-158.14,LOW,16,preset:12_TEAM_SUPERFLEX_PPR,12-team Superflex PPR,GOVERNED,ADMITTED_CURRENT_SEASON,2026-08-08,False,REDRAFT V1 - REVIEW,R2_FLEX_AWARE_REPLACEMENT
RESEARCH_ONLY_GOVERNANCE_PENDING,411,75,00-0041041,Oscar Delp,TE,NO,23.6,113.6,-90.0,-141.5,LOW,16,preset:12_TEAM_SUPERFLEX_PPR,12-team Superflex PPR,GOVERNANCE_PENDING,MODEL_VALIDATED_REVIEW_ONLY,2026-07-30,True,REDRAFT V1 - REVIEW,R2_FLEX_AWARE_REPLACEMENT
RESEARCH_ONLY_GOVERNANCE_PENDING,412,76,00-0041395,Eli Raridon,TE,NE,23.6,113.6,-90.0,-141.5,LOW,16,preset:12_TEAM_SUPERFLEX_PPR,12-team Superflex PPR,GOVERNANCE_PENDING,MODEL_VALIDATED_REVIEW_ONLY,2026-07-30,True,REDRAFT V1 - REVIEW,R2_FLEX_AWARE_REPLACEMENT
RESEARCH_ONLY_GOVERNANCE_PENDING,413,77,00-0041524,Will Kacmarek,TE,MIA,23.6,113.6,-90.0,-141.5,LOW,16,preset:12_TEAM_SUPERFLEX_PPR,12-team Superflex PPR,GOVERNANCE_PENDING,MODEL_VALIDATED_REVIEW_ONLY,2026-07-30,True,REDRAFT V1 - REVIEW,R2_FLEX_AWARE_REPLACEMENT
RESEARCH_ONLY_GOVERNANCE_PENDING,414,78,00-0041558,Sam Roush,TE,CHI,23.6,113.6,-90.0,-141.5,LOW,16,preset:12_TEAM_SUPERFLEX_PPR,12-team Superflex PPR,GOVERNANCE_PENDING,MODEL_VALIDATED_REVIEW_ONLY,2026-07-30,True,REDRAFT V1 - REVIEW,R2_FLEX_AWARE_REPLACEMENT
RESEARCH_ONLY_GOVERNANCE_PENDING,415,56,00-0037012,Trey Lance,QB,LAC,13.54,103.54,-90.0,-158.36,LOW,16,preset:12_TEAM_SUPERFLEX_PPR,12-team Superflex PPR,GOVERNED,ADMITTED_CURRENT_SEASON,2026-08-08,False,REDRAFT V1 - REVIEW,R2_FLEX_AWARE_REPLACEMENT
RESEARCH_ONLY_GOVERNANCE_PENDING,416,182,00-0038647,Ronnie Bell,WR,NO,10.3,100.4,-90.1,-159.88,LOW,16,preset:12_TEAM_SUPERFLEX_PPR,12-team Superflex PPR,GOVERNED,ADMITTED_CURRENT_SEASON,2026-08-08,False,REDRAFT V1 - REVIEW,R2_FLEX_AWARE_REPLACEMENT
RESEARCH_ONLY_GOVERNANCE_PENDING,417,101,00-0037329,Brittain Brown,RB,CHI,9.7,100.3,-90.6,-158.1,LOW,16,preset:12_TEAM_SUPERFLEX_PPR,12-team Superflex PPR,GOVERNED,ADMITTED_CURRENT_SEASON,2026-08-08,False,REDRAFT V1 - REVIEW,R2_FLEX_AWARE_REPLACEMENT
RESEARCH_ONLY_GOVERNANCE_PENDING,418,183,00-0034419,Braxton Berrios,WR,NYG,9.7,100.4,-90.7,-160.48,LOW,16,preset:12_TEAM_SUPERFLEX_PPR,12-team Superflex PPR,GOVERNED,ADMITTED_CURRENT_SEASON,2026-08-08,False,REDRAFT V1 - REVIEW,R2_FLEX_AWARE_REPLACEMENT
RESEARCH_ONLY_GOVERNANCE_PENDING,419,102,00-0040179,DJ Giddens,RB,IND,9.6,100.3,-90.7,-158.2,LOW,16,preset:12_TEAM_SUPERFLEX_PPR,12-team Superflex PPR,GOVERNED,ADMITTED_CURRENT_SEASON,2026-08-08,False,REDRAFT V1 - REVIEW,R2_FLEX_AWARE_REPLACEMENT
RESEARCH_ONLY_GOVERNANCE_PENDING,420,79,00-0037086,Grant Calcaterra,TE,PHI,22.6,113.6,-91.0,-142.5,LOW,16,preset:12_TEAM_SUPERFLEX_PPR,12-team Superflex PPR,GOVERNED,ADMITTED_CURRENT_SEASON,2026-08-08,False,REDRAFT V1 - REVIEW,R2_FLEX_AWARE_REPLACEMENT
RESEARCH_ONLY_GOVERNANCE_PENDING,421,184,00-0034418,Cedrick Wilson Jr.,WR,DET,9.4,100.4,-91.0,-160.78,LOW,16,preset:12_TEAM_SUPERFLEX_PPR,12-team Superflex PPR,GOVERNED,ADMITTED_CURRENT_SEASON,2026-08-08,False,REDRAFT V1 - REVIEW,R2_FLEX_AWARE_REPLACEMENT
RESEARCH_ONLY_GOVERNANCE_PENDING,422,103,00-0040556,Corey Kiner,RB,AZ,9.3,100.3,-91.0,-158.5,LOW,16,preset:12_TEAM_SUPERFLEX_PPR,12-team Superflex PPR,GOVERNED,ADMITTED_CURRENT_SEASON,2026-08-08,False,REDRAFT V1 - REVIEW,R2_FLEX_AWARE_REPLACEMENT
RESEARCH_ONLY_GOVERNANCE_PENDING,423,104,00-0036265,AJ Dillon,RB,CAR,9.1,100.3,-91.2,-158.7,LOW,16,preset:12_TEAM_SUPERFLEX_PPR,12-team Superflex PPR,GOVERNED,ADMITTED_CURRENT_SEASON,2026-08-08,False,REDRAFT V1 - REVIEW,R2_FLEX_AWARE_REPLACEMENT
RESEARCH_ONLY_GOVERNANCE_PENDING,424,105,00-0037276,Ty Chandler,RB,NO,8.8,100.3,-91.5,-159.0,LOW,16,preset:12_TEAM_SUPERFLEX_PPR,12-team Superflex PPR,GOVERNED,ADMITTED_CURRENT_SEASON,2026-08-08,False,REDRAFT V1 - REVIEW,R2_FLEX_AWARE_REPLACEMENT
RESEARCH_ONLY_GOVERNANCE_PENDING,425,106,00-0040142,Kaleb Johnson,RB,PIT,8.8,100.3,-91.5,-159.0,LOW,16,preset:12_TEAM_SUPERFLEX_PPR,12-team Superflex PPR,GOVERNED,ADMITTED_CURRENT_SEASON,2026-08-08,False,REDRAFT V1 - REVIEW,R2_FLEX_AWARE_REPLACEMENT
RESEARCH_ONLY_GOVERNANCE_PENDING,426,185,00-0038938,Jalin Hyatt,WR,NYG,8.5,100.4,-91.9,-161.68,LOW,16,preset:12_TEAM_SUPERFLEX_PPR,12-team Superflex PPR,GOVERNED,ADMITTED_CURRENT_SEASON,2026-08-08,False,REDRAFT V1 - REVIEW,R2_FLEX_AWARE_REPLACEMENT
RESEARCH_ONLY_GOVERNANCE_PENDING,427,57,00-0041561,Carson Beck,QB,AZ,11.24,103.54,-92.3,-160.66,LOW,16,preset:12_TEAM_SUPERFLEX_PPR,12-team Superflex PPR,GOVERNANCE_PENDING,MODEL_VALIDATED_REVIEW_ONLY,2026-07-30,True,REDRAFT V1 - REVIEW,R2_FLEX_AWARE_REPLACEMENT
RESEARCH_ONLY_GOVERNANCE_PENDING,428,58,ALL015451,Drew Allar,QB,PIT,11.24,103.54,-92.3,-160.66,LOW,16,preset:12_TEAM_SUPERFLEX_PPR,12-team Superflex PPR,GOVERNANCE_PENDING,MODEL_VALIDATED_REVIEW_ONLY,2026-07-30,True,REDRAFT V1 - REVIEW,R2_FLEX_AWARE_REPLACEMENT
RESEARCH_ONLY_GOVERNANCE_PENDING,429,59,00-0037324,Chris Oladokun,QB,KC,11.2,103.54,-92.34,-160.7,LOW,16,preset:12_TEAM_SUPERFLEX_PPR,12-team Superflex PPR,GOVERNED,ADMITTED_CURRENT_SEASON,2026-08-08,False,REDRAFT V1 - REVIEW,R2_FLEX_AWARE_REPLACEMENT
RESEARCH_ONLY_GOVERNANCE_PENDING,430,107,00-0039603,British Brooks,RB,HOU,7.8,100.3,-92.5,-160.0,LOW,16,preset:12_TEAM_SUPERFLEX_PPR,12-team Superflex PPR,GOVERNED,ADMITTED_CURRENT_SEASON,2026-08-08,False,REDRAFT V1 - REVIEW,R2_FLEX_AWARE_REPLACEMENT
RESEARCH_ONLY_GOVERNANCE_PENDING,431,186,00-0035544,Tom Kennedy,WR,DET,7.6,100.4,-92.8,-162.58,LOW,16,preset:12_TEAM_SUPERFLEX_PPR,12-team Superflex PPR,GOVERNED,ADMITTED_CURRENT_SEASON,2026-08-08,False,REDRAFT V1 - REVIEW,R2_FLEX_AWARE_REPLACEMENT
RESEARCH_ONLY_GOVERNANCE_PENDING,432,187,00-0036841,Austin Trammell,WR,JAX,7.6,100.4,-92.8,-162.58,LOW,16,preset:12_TEAM_SUPERFLEX_PPR,12-team Superflex PPR,GOVERNED,ADMITTED_CURRENT_SEASON,2026-08-08,False,REDRAFT V1 - REVIEW,R2_FLEX_AWARE_REPLACEMENT
RESEARCH_ONLY_GOVERNANCE_PENDING,433,60,00-0039398,Joe Milton III,QB,DAL,10.32,103.54,-93.22,-161.58,LOW,16,preset:12_TEAM_SUPERFLEX_PPR,12-team Superflex PPR,GOVERNED,ADMITTED_CURRENT_SEASON,2026-08-08,False,REDRAFT V1 - REVIEW,R2_FLEX_AWARE_REPLACEMENT
RESEARCH_ONLY_GOVERNANCE_PENDING,434,188,00-0040522,Xavier Restrepo,WR,TEN,7.1,100.4,-93.3,-163.08,LOW,16,preset:12_TEAM_SUPERFLEX_PPR,12-team Superflex PPR,GOVERNED,ADMITTED_CURRENT_SEASON,2026-08-08,False,REDRAFT V1 - REVIEW,R2_FLEX_AWARE_REPLACEMENT
RESEARCH_ONLY_GOVERNANCE_PENDING,435,80,00-0033246,Johnny Mundt,TE,PHI,20.1,113.6,-93.5,-145.0,LOW,16,preset:12_TEAM_SUPERFLEX_PPR,12-team Superflex PPR,GOVERNED,ADMITTED_CURRENT_SEASON,2026-08-08,False,REDRAFT V1 - REVIEW,R2_FLEX_AWARE_REPLACEMENT
RESEARCH_ONLY_GOVERNANCE_PENDING,436,189,00-0036176,Mason Kinsey,WR,TEN,6.8,100.4,-93.6,-163.38,LOW,16,preset:12_TEAM_SUPERFLEX_PPR,12-team Superflex PPR,GOVERNED,ADMITTED_CURRENT_SEASON,2026-08-08,False,REDRAFT V1 - REVIEW,R2_FLEX_AWARE_REPLACEMENT
RESEARCH_ONLY_GOVERNANCE_PENDING,437,190,00-0037093,Dareke Young,WR,LV,6.8,100.4,-93.6,-163.38,LOW,16,preset:12_TEAM_SUPERFLEX_PPR,12-team Superflex PPR,GOVERNED,ADMITTED_CURRENT_SEASON,2026-08-08,False,REDRAFT V1 - REVIEW,R2_FLEX_AWARE_REPLACEMENT
RESEARCH_ONLY_GOVERNANCE_PENDING,438,81,00-0039359,Cade Stover,TE,HOU,19.9,113.6,-93.7,-145.2,LOW,16,preset:12_TEAM_SUPERFLEX_PPR,12-team Superflex PPR,GOVERNED,ADMITTED_CURRENT_SEASON,2026-08-08,False,REDRAFT V1 - REVIEW,R2_FLEX_AWARE_REPLACEMENT
RESEARCH_ONLY_GOVERNANCE_PENDING,439,108,00-0041096,Kaytron Allen,RB,WAS,6.6,100.3,-93.7,-161.2,LOW,16,preset:12_TEAM_SUPERFLEX_PPR,12-team Superflex PPR,GOVERNANCE_PENDING,MODEL_VALIDATED_REVIEW_ONLY,2026-07-30,True,REDRAFT V1 - REVIEW,R2_FLEX_AWARE_REPLACEMENT
RESEARCH_ONLY_GOVERNANCE_PENDING,440,109,00-0041104,Demond Claiborne,RB,MIN,6.6,100.3,-93.7,-161.2,LOW,16,preset:12_TEAM_SUPERFLEX_PPR,12-team Superflex PPR,GOVERNANCE_PENDING,MODEL_VALIDATED_REVIEW_ONLY,2026-07-30,True,REDRAFT V1 - REVIEW,R2_FLEX_AWARE_REPLACEMENT
RESEARCH_ONLY_GOVERNANCE_PENDING,441,110,00-0038397,Evan Hull,RB,HOU,6.4,100.3,-93.9,-161.4,LOW,16,preset:12_TEAM_SUPERFLEX_PPR,12-team Superflex PPR,GOVERNED,ADMITTED_CURRENT_SEASON,2026-08-08,False,REDRAFT V1 - REVIEW,R2_FLEX_AWARE_REPLACEMENT
RESEARCH_ONLY_GOVERNANCE_PENDING,442,111,00-0040208,Tahj Brooks,RB,CIN,6.4,100.3,-93.9,-161.4,LOW,16,preset:12_TEAM_SUPERFLEX_PPR,12-team Superflex PPR,GOVERNED,ADMITTED_CURRENT_SEASON,2026-08-08,False,REDRAFT V1 - REVIEW,R2_FLEX_AWARE_REPLACEMENT
RESEARCH_ONLY_GOVERNANCE_PENDING,443,61,00-0027973,Andy Dalton,QB,PHI,9.52,103.54,-94.02,-162.38,LOW,16,preset:12_TEAM_SUPERFLEX_PPR,12-team Superflex PPR,GOVERNED,ADMITTED_CURRENT_SEASON,2026-08-08,False,REDRAFT V1 - REVIEW,R2_FLEX_AWARE_REPLACEMENT
RESEARCH_ONLY_GOVERNANCE_PENDING,444,191,00-0037487,Deven Thompkins,WR,LV,6.2,100.4,-94.2,-163.98,LOW,16,preset:12_TEAM_SUPERFLEX_PPR,12-team Superflex PPR,GOVERNED,ADMITTED_CURRENT_SEASON,2026-08-08,False,REDRAFT V1 - REVIEW,R2_FLEX_AWARE_REPLACEMENT
RESEARCH_ONLY_GOVERNANCE_PENDING,445,192,00-0038640,Jalen Brooks,WR,AZ,6.1,100.4,-94.3,-164.08,LOW,16,preset:12_TEAM_SUPERFLEX_PPR,12-team Superflex PPR,GOVERNED,ADMITTED_CURRENT_SEASON,2026-08-08,False,REDRAFT V1 - REVIEW,R2_FLEX_AWARE_REPLACEMENT
RESEARCH_ONLY_GOVERNANCE_PENDING,446,193,00-0034386,Justin Watson,WR,HOU,6.0,100.4,-94.4,-164.18,LOW,16,preset:12_TEAM_SUPERFLEX_PPR,12-team Superflex PPR,GOVERNED,ADMITTED_CURRENT_SEASON,2026-08-08,False,REDRAFT V1 - REVIEW,R2_FLEX_AWARE_REPLACEMENT
RESEARCH_ONLY_GOVERNANCE_PENDING,447,194,00-0038576,Charlie Jones,WR,CIN,6.0,100.4,-94.4,-164.18,LOW,16,preset:12_TEAM_SUPERFLEX_PPR,12-team Superflex PPR,GOVERNED,ADMITTED_CURRENT_SEASON,2026-08-08,False,REDRAFT V1 - REVIEW,R2_FLEX_AWARE_REPLACEMENT
RESEARCH_ONLY_GOVERNANCE_PENDING,448,195,00-0040154,Tai Felton,WR,MIN,5.5,100.4,-94.9,-164.68,LOW,16,preset:12_TEAM_SUPERFLEX_PPR,12-team Superflex PPR,GOVERNED,ADMITTED_CURRENT_SEASON,2026-08-08,False,REDRAFT V1 - REVIEW,R2_FLEX_AWARE_REPLACEMENT
RESEARCH_ONLY_GOVERNANCE_PENDING,449,112,00-0037120,Tyler Goodson,RB,ATL,5.2,100.3,-95.1,-162.6,LOW,16,preset:12_TEAM_SUPERFLEX_PPR,12-team Superflex PPR,GOVERNED,ADMITTED_CURRENT_SEASON,2026-08-08,False,REDRAFT V1 - REVIEW,R2_FLEX_AWARE_REPLACEMENT
RESEARCH_ONLY_GOVERNANCE_PENDING,450,196,00-0034487,Trent Sherfield,WR,BUF,5.1,100.4,-95.3,-165.08,LOW,16,preset:12_TEAM_SUPERFLEX_PPR,12-team Superflex PPR,GOVERNED,ADMITTED_CURRENT_SEASON,2026-08-08,False,REDRAFT V1 - REVIEW,R2_FLEX_AWARE_REPLACEMENT
RESEARCH_ONLY_GOVERNANCE_PENDING,451,82,00-0037348,Tanner Conner,TE,NYG,18.1,113.6,-95.5,-147.0,LOW,16,preset:12_TEAM_SUPERFLEX_PPR,12-team Superflex PPR,GOVERNED,ADMITTED_CURRENT_SEASON,2026-08-08,False,REDRAFT V1 - REVIEW,R2_FLEX_AWARE_REPLACEMENT
RESEARCH_ONLY_GOVERNANCE_PENDING,452,113,00-0036187,Reggie Gilliam,RB,NE,4.8,100.3,-95.5,-163.0,LOW,16,preset:12_TEAM_SUPERFLEX_PPR,12-team Superflex PPR,GOVERNED,ADMITTED_CURRENT_SEASON,2026-08-08,False,REDRAFT V1 - REVIEW,R2_FLEX_AWARE_REPLACEMENT
RESEARCH_ONLY_GOVERNANCE_PENDING,453,197,00-0039884,Tahj Washington,WR,MIA,4.7,100.4,-95.7,-165.48,LOW,16,preset:12_TEAM_SUPERFLEX_PPR,12-team Superflex PPR,GOVERNED,ADMITTED_CURRENT_SEASON,2026-08-08,False,REDRAFT V1 - REVIEW,R2_FLEX_AWARE_REPLACEMENT
RESEARCH_ONLY_GOVERNANCE_PENDING,454,114,00-0037557,Ronnie Rivers,RB,LA,4.6,100.3,-95.7,-163.2,LOW,16,preset:12_TEAM_SUPERFLEX_PPR,12-team Superflex PPR,GOVERNED,ADMITTED_CURRENT_SEASON,2026-08-08,False,REDRAFT V1 - REVIEW,R2_FLEX_AWARE_REPLACEMENT
RESEARCH_ONLY_GOVERNANCE_PENDING,455,198,00-0036331,Devin Duvernay,WR,AZ,4.6,100.4,-95.8,-165.58,LOW,16,preset:12_TEAM_SUPERFLEX_PPR,12-team Superflex PPR,GOVERNED,ADMITTED_CURRENT_SEASON,2026-08-08,False,REDRAFT V1 - REVIEW,R2_FLEX_AWARE_REPLACEMENT
RESEARCH_ONLY_GOVERNANCE_PENDING,456,199,00-0040172,Jordan Watkins,WR,SF,4.6,100.4,-95.8,-165.58,LOW,16,preset:12_TEAM_SUPERFLEX_PPR,12-team Superflex PPR,GOVERNED,ADMITTED_CURRENT_SEASON,2026-08-08,False,REDRAFT V1 - REVIEW,R2_FLEX_AWARE_REPLACEMENT
RESEARCH_ONLY_GOVERNANCE_PENDING,457,62,00-0038102,Kenny Pickett,QB,CAR,7.72,103.54,-95.82,-164.18,LOW,16,preset:12_TEAM_SUPERFLEX_PPR,12-team Superflex PPR,GOVERNED,ADMITTED_CURRENT_SEASON,2026-08-08,False,REDRAFT V1 - REVIEW,R2_FLEX_AWARE_REPLACEMENT
RESEARCH_ONLY_GOVERNANCE_PENDING,458,200,00-0040432,Beaux Collins,WR,NYG,4.5,100.4,-95.9,-165.68,LOW,16,preset:12_TEAM_SUPERFLEX_PPR,12-team Superflex PPR,GOVERNED,ADMITTED_CURRENT_SEASON,2026-08-08,False,REDRAFT V1 - REVIEW,R2_FLEX_AWARE_REPLACEMENT
RESEARCH_ONLY_GOVERNANCE_PENDING,459,83,00-0036590,Quintin Morris,TE,JAX,17.5,113.6,-96.1,-147.6,LOW,16,preset:12_TEAM_SUPERFLEX_PPR,12-team Superflex PPR,GOVERNED,ADMITTED_CURRENT_SEASON,2026-08-08,False,REDRAFT V1 - REVIEW,R2_FLEX_AWARE_REPLACEMENT
RESEARCH_ONLY_GOVERNANCE_PENDING,460,201,00-0037524,Tay Martin,WR,DET,4.3,100.4,-96.1,-165.88,LOW,16,preset:12_TEAM_SUPERFLEX_PPR,12-team Superflex PPR,GOVERNED,ADMITTED_CURRENT_SEASON,2026-08-08,False,REDRAFT V1 - REVIEW,R2_FLEX_AWARE_REPLACEMENT
RESEARCH_ONLY_GOVERNANCE_PENDING,461,202,00-0038519,Nikko Remigio,WR,KC,4.2,100.4,-96.2,-165.98,LOW,16,preset:12_TEAM_SUPERFLEX_PPR,12-team Superflex PPR,GOVERNED,ADMITTED_CURRENT_SEASON,2026-08-08,False,REDRAFT V1 - REVIEW,R2_FLEX_AWARE_REPLACEMENT
RESEARCH_ONLY_GOVERNANCE_PENDING,462,84,00-0034270,Tyler Conklin,TE,DET,17.3,113.6,-96.3,-147.8,LOW,16,preset:12_TEAM_SUPERFLEX_PPR,12-team Superflex PPR,GOVERNED,ADMITTED_CURRENT_SEASON,2026-08-08,False,REDRAFT V1 - REVIEW,R2_FLEX_AWARE_REPLACEMENT
RESEARCH_ONLY_GOVERNANCE_PENDING,463,115,00-0037594,Julius Chestnut,RB,TEN,4.0,100.3,-96.3,-163.8,LOW,16,preset:12_TEAM_SUPERFLEX_PPR,12-team Superflex PPR,GOVERNED,ADMITTED_CURRENT_SEASON,2026-08-08,False,REDRAFT V1 - REVIEW,R2_FLEX_AWARE_REPLACEMENT
RESEARCH_ONLY_GOVERNANCE_PENDING,464,116,00-0040547,Nate Carter,RB,ATL,4.0,100.3,-96.3,-163.8,LOW,16,preset:12_TEAM_SUPERFLEX_PPR,12-team Superflex PPR,GOVERNED,ADMITTED_CURRENT_SEASON,2026-08-08,False,REDRAFT V1 - REVIEW,R2_FLEX_AWARE_REPLACEMENT
RESEARCH_ONLY_GOVERNANCE_PENDING,465,203,00-0037132,Britain Covey,WR,PHI,4.0,100.4,-96.4,-166.18,LOW,16,preset:12_TEAM_SUPERFLEX_PPR,12-team Superflex PPR,GOVERNED,ADMITTED_CURRENT_SEASON,2026-08-08,False,REDRAFT V1 - REVIEW,R2_FLEX_AWARE_REPLACEMENT
RESEARCH_ONLY_GOVERNANCE_PENDING,466,204,00-0038728,Jared Wayne,WR,HOU,4.0,100.4,-96.4,-166.18,LOW,16,preset:12_TEAM_SUPERFLEX_PPR,12-team Superflex PPR,GOVERNED,ADMITTED_CURRENT_SEASON,2026-08-08,False,REDRAFT V1 - REVIEW,R2_FLEX_AWARE_REPLACEMENT
RESEARCH_ONLY_GOVERNANCE_PENDING,467,205,00-0038752,Jake Bobo,WR,SEA,4.0,100.4,-96.4,-166.18,LOW,16,preset:12_TEAM_SUPERFLEX_PPR,12-team Superflex PPR,GOVERNED,ADMITTED_CURRENT_SEASON,2026-08-08,False,REDRAFT V1 - REVIEW,R2_FLEX_AWARE_REPLACEMENT
RESEARCH_ONLY_GOVERNANCE_PENDING,468,117,00-0039407,Dylan Laube,RB,LV,3.7,100.3,-96.6,-164.1,LOW,16,preset:12_TEAM_SUPERFLEX_PPR,12-team Superflex PPR,GOVERNED,ADMITTED_CURRENT_SEASON,2026-08-08,False,REDRAFT V1 - REVIEW,R2_FLEX_AWARE_REPLACEMENT
RESEARCH_ONLY_GOVERNANCE_PENDING,469,118,00-0037258,Dameon Pierce,RB,PHI,3.6,100.3,-96.7,-164.2,LOW,16,preset:12_TEAM_SUPERFLEX_PPR,12-team Superflex PPR,GOVERNED,ADMITTED_CURRENT_SEASON,2026-08-08,False,REDRAFT V1 - REVIEW,R2_FLEX_AWARE_REPLACEMENT
RESEARCH_ONLY_GOVERNANCE_PENDING,470,85,00-0038783,Nate Adkins,TE,DEN,16.8,113.6,-96.8,-148.3,LOW,16,preset:12_TEAM_SUPERFLEX_PPR,12-team Superflex PPR,GOVERNED,ADMITTED_CURRENT_SEASON,2026-08-08,False,REDRAFT V1 - REVIEW,R2_FLEX_AWARE_REPLACEMENT
RESEARCH_ONLY_GOVERNANCE_PENDING,471,206,00-0039062,Jonathan Mingo,WR,DAL,3.5,100.4,-96.9,-166.68,LOW,16,preset:12_TEAM_SUPERFLEX_PPR,12-team Superflex PPR,GOVERNED,ADMITTED_CURRENT_SEASON,2026-08-08,False,REDRAFT V1 - REVIEW,R2_FLEX_AWARE_REPLACEMENT
RESEARCH_ONLY_GOVERNANCE_PENDING,472,207,00-0040317,Jacoby Jones,WR,WAS,3.5,100.4,-96.9,-166.68,LOW,16,preset:12_TEAM_SUPERFLEX_PPR,12-team Superflex PPR,GOVERNED,ADMITTED_CURRENT_SEASON,2026-08-08,False,REDRAFT V1 - REVIEW,R2_FLEX_AWARE_REPLACEMENT
RESEARCH_ONLY_GOVERNANCE_PENDING,473,86,00-0036741,Jack Stoll,TE,CLE,16.6,113.6,-97.0,-148.5,LOW,16,preset:12_TEAM_SUPERFLEX_PPR,12-team Superflex PPR,GOVERNED,ADMITTED_CURRENT_SEASON,2026-08-08,False,REDRAFT V1 - REVIEW,R2_FLEX_AWARE_REPLACEMENT
RESEARCH_ONLY_GOVERNANCE_PENDING,474,208,00-0037745,Velus Jones Jr.,WR,SEA,3.2,100.4,-97.2,-166.98,LOW,16,preset:12_TEAM_SUPERFLEX_PPR,12-team Superflex PPR,GOVERNED,ADMITTED_CURRENT_SEASON,2026-08-08,False,REDRAFT V1 - REVIEW,R2_FLEX_AWARE_REPLACEMENT
RESEARCH_ONLY_GOVERNANCE_PENDING,475,209,00-0033589,David Moore,WR,CAR,2.7,100.4,-97.7,-167.48,LOW,16,preset:12_TEAM_SUPERFLEX_PPR,12-team Superflex PPR,GOVERNED,ADMITTED_CURRENT_SEASON,2026-08-08,False,REDRAFT V1 - REVIEW,R2_FLEX_AWARE_REPLACEMENT
RESEARCH_ONLY_GOVERNANCE_PENDING,476,210,00-0039816,Anthony Gould,WR,IND,2.6,100.4,-97.8,-167.58,LOW,16,preset:12_TEAM_SUPERFLEX_PPR,12-team Superflex PPR,GOVERNED,ADMITTED_CURRENT_SEASON,2026-08-08,False,REDRAFT V1 - REVIEW,R2_FLEX_AWARE_REPLACEMENT
RESEARCH_ONLY_GOVERNANCE_PENDING,477,211,00-0036497,Tim Jones,WR,JAX,2.5,100.4,-97.9,-167.68,LOW,16,preset:12_TEAM_SUPERFLEX_PPR,12-team Superflex PPR,GOVERNED,ADMITTED_CURRENT_SEASON,2026-08-08,False,REDRAFT V1 - REVIEW,R2_FLEX_AWARE_REPLACEMENT
RESEARCH_ONLY_GOVERNANCE_PENDING,478,212,00-0040646,Jalen Royals,WR,KC,2.4,100.4,-98.0,-167.78,LOW,16,preset:12_TEAM_SUPERFLEX_PPR,12-team Superflex PPR,GOVERNED,ADMITTED_CURRENT_SEASON,2026-08-08,False,REDRAFT V1 - REVIEW,R2_FLEX_AWARE_REPLACEMENT
RESEARCH_ONLY_GOVERNANCE_PENDING,479,213,00-0040894,Malik Benson,WR,LV,2.4,100.4,-98.0,-167.78,LOW,16,preset:12_TEAM_SUPERFLEX_PPR,12-team Superflex PPR,GOVERNANCE_PENDING,MODEL_VALIDATED_REVIEW_ONLY,2026-07-30,True,REDRAFT V1 - REVIEW,R2_FLEX_AWARE_REPLACEMENT
RESEARCH_ONLY_GOVERNANCE_PENDING,480,214,00-0040895,Emmanuel Henderson Jr.,WR,SEA,2.4,100.4,-98.0,-167.78,LOW,16,preset:12_TEAM_SUPERFLEX_PPR,12-team Superflex PPR,GOVERNANCE_PENDING,MODEL_VALIDATED_REVIEW_ONLY,2026-07-30,True,REDRAFT V1 - REVIEW,R2_FLEX_AWARE_REPLACEMENT
RESEARCH_ONLY_GOVERNANCE_PENDING,481,215,00-0041099,Barion Brown,WR,NO,2.4,100.4,-98.0,-167.78,LOW,16,preset:12_TEAM_SUPERFLEX_PPR,12-team Superflex PPR,GOVERNANCE_PENDING,MODEL_VALIDATED_REVIEW_ONLY,2026-07-30,True,REDRAFT V1 - REVIEW,R2_FLEX_AWARE_REPLACEMENT
RESEARCH_ONLY_GOVERNANCE_PENDING,482,216,00-0041100,Josh Cameron,WR,JAX,2.4,100.4,-98.0,-167.78,LOW,16,preset:12_TEAM_SUPERFLEX_PPR,12-team Superflex PPR,GOVERNANCE_PENDING,MODEL_VALIDATED_REVIEW_ONLY,2026-07-30,True,REDRAFT V1 - REVIEW,R2_FLEX_AWARE_REPLACEMENT
RESEARCH_ONLY_GOVERNANCE_PENDING,483,217,00-0041106,C.J. Williams,WR,JAX,2.4,100.4,-98.0,-167.78,LOW,16,preset:12_TEAM_SUPERFLEX_PPR,12-team Superflex PPR,GOVERNANCE_PENDING,MODEL_VALIDATED_REVIEW_ONLY,2026-07-30,True,REDRAFT V1 - REVIEW,R2_FLEX_AWARE_REPLACEMENT
RESEARCH_ONLY_GOVERNANCE_PENDING,484,218,00-0041399,CJ Daniels,WR,LA,2.4,100.4,-98.0,-167.78,LOW,16,preset:12_TEAM_SUPERFLEX_PPR,12-team Superflex PPR,GOVERNANCE_PENDING,MODEL_VALIDATED_REVIEW_ONLY,2026-07-30,True,REDRAFT V1 - REVIEW,R2_FLEX_AWARE_REPLACEMENT
RESEARCH_ONLY_GOVERNANCE_PENDING,485,219,00-0041467,Lewis Bond,WR,HOU,2.4,100.4,-98.0,-167.78,LOW,16,preset:12_TEAM_SUPERFLEX_PPR,12-team Superflex PPR,GOVERNANCE_PENDING,MODEL_VALIDATED_REVIEW_ONLY,2026-07-30,True,REDRAFT V1 - REVIEW,R2_FLEX_AWARE_REPLACEMENT
RESEARCH_ONLY_GOVERNANCE_PENDING,486,119,00-0033376,Patrick Ricard,RB,NYG,2.1,100.3,-98.2,-165.7,LOW,16,preset:12_TEAM_SUPERFLEX_PPR,12-team Superflex PPR,GOVERNED,ADMITTED_CURRENT_SEASON,2026-08-08,False,REDRAFT V1 - REVIEW,R2_FLEX_AWARE_REPLACEMENT
RESEARCH_ONLY_GOVERNANCE_PENDING,487,120,00-0036425,DeeJay Dallas,RB,JAX,2.1,100.3,-98.2,-165.7,LOW,16,preset:12_TEAM_SUPERFLEX_PPR,12-team Superflex PPR,GOVERNED,ADMITTED_CURRENT_SEASON,2026-08-08,False,REDRAFT V1 - REVIEW,R2_FLEX_AWARE_REPLACEMENT
RESEARCH_ONLY_GOVERNANCE_PENDING,488,121,00-0040067,Jacardia Wright,RB,SEA,2.0,100.3,-98.3,-165.8,LOW,16,preset:12_TEAM_SUPERFLEX_PPR,12-team Superflex PPR,GOVERNED,ADMITTED_CURRENT_SEASON,2026-08-08,False,REDRAFT V1 - REVIEW,R2_FLEX_AWARE_REPLACEMENT
RESEARCH_ONLY_GOVERNANCE_PENDING,489,220,00-0040406,Quentin Skinner,WR,BUF,2.0,100.4,-98.4,-168.18,LOW,16,preset:12_TEAM_SUPERFLEX_PPR,12-team Superflex PPR,GOVERNED,ADMITTED_CURRENT_SEASON,2026-08-08,False,REDRAFT V1 - REVIEW,R2_FLEX_AWARE_REPLACEMENT
RESEARCH_ONLY_GOVERNANCE_PENDING,490,221,00-0039650,Bryce Oliver,WR,TEN,1.8,100.4,-98.6,-168.38,LOW,16,preset:12_TEAM_SUPERFLEX_PPR,12-team Superflex PPR,GOVERNED,ADMITTED_CURRENT_SEASON,2026-08-08,False,REDRAFT V1 - REVIEW,R2_FLEX_AWARE_REPLACEMENT
RESEARCH_ONLY_GOVERNANCE_PENDING,491,122,00-0039021,Roschon Johnson,RB,CHI,1.7,100.3,-98.6,-166.1,LOW,16,preset:12_TEAM_SUPERFLEX_PPR,12-team Superflex PPR,GOVERNED,ADMITTED_CURRENT_SEASON,2026-08-08,False,REDRAFT V1 - REVIEW,R2_FLEX_AWARE_REPLACEMENT
RESEARCH_ONLY_GOVERNANCE_PENDING,492,63,00-0038579,Aidan O'Connell,QB,LV,4.78,103.54,-98.76,-167.12,LOW,16,preset:12_TEAM_SUPERFLEX_PPR,12-team Superflex PPR,GOVERNED,ADMITTED_CURRENT_SEASON,2026-08-08,False,REDRAFT V1 - REVIEW,R2_FLEX_AWARE_REPLACEMENT
RESEARCH_ONLY_GOVERNANCE_PENDING,493,222,00-0038573,Derius Davis,WR,LAC,1.5,100.4,-98.9,-168.68,LOW,16,preset:12_TEAM_SUPERFLEX_PPR,12-team Superflex PPR,GOVERNED,ADMITTED_CURRENT_SEASON,2026-08-08,False,REDRAFT V1 - REVIEW,R2_FLEX_AWARE_REPLACEMENT
RESEARCH_ONLY_GOVERNANCE_PENDING,494,87,00-0038589,Josh Whyle,TE,GB,14.6,113.6,-99.0,-150.5,LOW,16,preset:12_TEAM_SUPERFLEX_PPR,12-team Superflex PPR,GOVERNED,ADMITTED_CURRENT_SEASON,2026-08-08,False,REDRAFT V1 - REVIEW,R2_FLEX_AWARE_REPLACEMENT
RESEARCH_ONLY_GOVERNANCE_PENDING,495,223,00-0037098,Samori Toure,WR,PHI,1.3,100.4,-99.1,-168.88,LOW,16,preset:12_TEAM_SUPERFLEX_PPR,12-team Superflex PPR,GOVERNED,ADMITTED_CURRENT_SEASON,2026-08-08,False,REDRAFT V1 - REVIEW,R2_FLEX_AWARE_REPLACEMENT
RESEARCH_ONLY_GOVERNANCE_PENDING,496,224,00-0040900,Anthony Smith,WR,DAL,1.25,100.4,-99.15,-168.93,LOW,16,preset:12_TEAM_SUPERFLEX_PPR,12-team Superflex PPR,GOVERNANCE_PENDING,MODEL_VALIDATED_REVIEW_ONLY,2026-07-30,True,REDRAFT V1 - REVIEW,R2_FLEX_AWARE_REPLACEMENT
RESEARCH_ONLY_GOVERNANCE_PENDING,497,225,00-0041132,Deion Burks,WR,IND,1.25,100.4,-99.15,-168.93,LOW,16,preset:12_TEAM_SUPERFLEX_PPR,12-team Superflex PPR,GOVERNANCE_PENDING,MODEL_VALIDATED_REVIEW_ONLY,2026-07-30,True,REDRAFT V1 - REVIEW,R2_FLEX_AWARE_REPLACEMENT
RESEARCH_ONLY_GOVERNANCE_PENDING,498,123,00-0038896,Jacob Saylors,RB,DET,1.1,100.3,-99.2,-166.7,LOW,16,preset:12_TEAM_SUPERFLEX_PPR,12-team Superflex PPR,GOVERNED,ADMITTED_CURRENT_SEASON,2026-08-08,False,REDRAFT V1 - REVIEW,R2_FLEX_AWARE_REPLACEMENT
RESEARCH_ONLY_GOVERNANCE_PENDING,499,124,00-0040429,Josh Williams,RB,TB,1.1,100.3,-99.2,-166.7,LOW,16,preset:12_TEAM_SUPERFLEX_PPR,12-team Superflex PPR,GOVERNED,ADMITTED_CURRENT_SEASON,2026-08-08,False,REDRAFT V1 - REVIEW,R2_FLEX_AWARE_REPLACEMENT
RESEARCH_ONLY_GOVERNANCE_PENDING,500,64,00-0040494,Max Brosmer,QB,MIN,4.22,103.54,-99.32,-167.68,LOW,16,preset:12_TEAM_SUPERFLEX_PPR,12-team Superflex PPR,GOVERNED,ADMITTED_CURRENT_SEASON,2026-08-08,False,REDRAFT V1 - REVIEW,R2_FLEX_AWARE_REPLACEMENT
RESEARCH_ONLY_GOVERNANCE_PENDING,501,125,00-0040039,Amar Johnson,RB,LAC,0.8,100.3,-99.5,-167.0,LOW,16,preset:12_TEAM_SUPERFLEX_PPR,12-team Superflex PPR,GOVERNED,ADMITTED_CURRENT_SEASON,2026-08-08,False,REDRAFT V1 - REVIEW,R2_FLEX_AWARE_REPLACEMENT
RESEARCH_ONLY_GOVERNANCE_PENDING,502,126,00-0040205,Kalel Mullings,RB,TEN,0.7,100.3,-99.6,-167.1,LOW,16,preset:12_TEAM_SUPERFLEX_PPR,12-team Superflex PPR,GOVERNED,ADMITTED_CURRENT_SEASON,2026-08-08,False,REDRAFT V1 - REVIEW,R2_FLEX_AWARE_REPLACEMENT
RESEARCH_ONLY_GOVERNANCE_PENDING,503,65,00-0036679,Shane Buechele,QB,BUF,3.92,103.54,-99.62,-167.98,LOW,16,preset:12_TEAM_SUPERFLEX_PPR,12-team Superflex PPR,GOVERNED,ADMITTED_CURRENT_SEASON,2026-08-08,False,REDRAFT V1 - REVIEW,R2_FLEX_AWARE_REPLACEMENT
RESEARCH_ONLY_GOVERNANCE_PENDING,504,88,00-0040887,Josh Cuevas,TE,BAL,13.75,113.6,-99.85,-151.35,LOW,16,preset:12_TEAM_SUPERFLEX_PPR,12-team Superflex PPR,GOVERNANCE_PENDING,MODEL_VALIDATED_REVIEW_ONLY,2026-07-30,True,REDRAFT V1 - REVIEW,R2_FLEX_AWARE_REPLACEMENT
RESEARCH_ONLY_GOVERNANCE_PENDING,505,89,00-0041077,Justin Joly,TE,DEN,13.75,113.6,-99.85,-151.35,LOW,16,preset:12_TEAM_SUPERFLEX_PPR,12-team Superflex PPR,GOVERNANCE_PENDING,MODEL_VALIDATED_REVIEW_ONLY,2026-07-30,True,REDRAFT V1 - REVIEW,R2_FLEX_AWARE_REPLACEMENT
RESEARCH_ONLY_GOVERNANCE_PENDING,506,90,00-0041084,Tanner Koziol,TE,JAX,13.75,113.6,-99.85,-151.35,LOW,16,preset:12_TEAM_SUPERFLEX_PPR,12-team Superflex PPR,GOVERNANCE_PENDING,MODEL_VALIDATED_REVIEW_ONLY,2026-07-30,True,REDRAFT V1 - REVIEW,R2_FLEX_AWARE_REPLACEMENT
RESEARCH_ONLY_GOVERNANCE_PENDING,507,91,00-0041087,Joe Royer,TE,CLE,13.75,113.6,-99.85,-151.35,LOW,16,preset:12_TEAM_SUPERFLEX_PPR,12-team Superflex PPR,GOVERNANCE_PENDING,MODEL_VALIDATED_REVIEW_ONLY,2026-07-30,True,REDRAFT V1 - REVIEW,R2_FLEX_AWARE_REPLACEMENT
RESEARCH_ONLY_GOVERNANCE_PENDING,508,92,TRA291459,Seydou Traore,TE,MIA,13.75,113.6,-99.85,-151.35,LOW,16,preset:12_TEAM_SUPERFLEX_PPR,12-team Superflex PPR,GOVERNANCE_PENDING,MODEL_VALIDATED_REVIEW_ONLY,2026-07-30,True,REDRAFT V1 - REVIEW,R2_FLEX_AWARE_REPLACEMENT
RESEARCH_ONLY_GOVERNANCE_PENDING,509,226,00-0040534,Ke'Shawn Williams,WR,CIN,0.5,100.4,-99.9,-169.68,LOW,16,preset:12_TEAM_SUPERFLEX_PPR,12-team Superflex PPR,GOVERNED,ADMITTED_CURRENT_SEASON,2026-08-08,False,REDRAFT V1 - REVIEW,R2_FLEX_AWARE_REPLACEMENT
RESEARCH_ONLY_GOVERNANCE_PENDING,510,127,00-0039364,Sione Vaki,RB,DET,0.4,100.3,-99.9,-167.4,LOW,16,preset:12_TEAM_SUPERFLEX_PPR,12-team Superflex PPR,GOVERNED,ADMITTED_CURRENT_SEASON,2026-08-08,False,REDRAFT V1 - REVIEW,R2_FLEX_AWARE_REPLACEMENT
RESEARCH_ONLY_GOVERNANCE_PENDING,511,128,00-0039266,Kendall Milton,RB,CIN,0.2,100.3,-100.1,-167.6,LOW,16,preset:12_TEAM_SUPERFLEX_PPR,12-team Superflex PPR,GOVERNED,ADMITTED_CURRENT_SEASON,2026-08-08,False,REDRAFT V1 - REVIEW,R2_FLEX_AWARE_REPLACEMENT
RESEARCH_ONLY_GOVERNANCE_PENDING,512,129,00-0041125,Seth McGowan,RB,IND,0.1,100.3,-100.2,-167.7,LOW,16,preset:12_TEAM_SUPERFLEX_PPR,12-team Superflex PPR,GOVERNANCE_PENDING,MODEL_VALIDATED_REVIEW_ONLY,2026-07-30,True,REDRAFT V1 - REVIEW,R2_FLEX_AWARE_REPLACEMENT
RESEARCH_ONLY_GOVERNANCE_PENDING,513,130,00-0041129,Jam Miller,RB,NE,0.1,100.3,-100.2,-167.7,LOW,16,preset:12_TEAM_SUPERFLEX_PPR,12-team Superflex PPR,GOVERNANCE_PENDING,MODEL_VALIDATED_REVIEW_ONLY,2026-07-30,True,REDRAFT V1 - REVIEW,R2_FLEX_AWARE_REPLACEMENT
RESEARCH_ONLY_GOVERNANCE_PENDING,514,93,00-0033455,Anthony Firkser,TE,WAS,13.3,113.6,-100.3,-151.8,LOW,16,preset:12_TEAM_SUPERFLEX_PPR,12-team Superflex PPR,GOVERNED,ADMITTED_CURRENT_SEASON,2026-08-08,False,REDRAFT V1 - REVIEW,R2_FLEX_AWARE_REPLACEMENT
RESEARCH_ONLY_GOVERNANCE_PENDING,515,227,00-0038911,Malik Cunningham,WR,DET,0.1,100.4,-100.3,-170.08,LOW,16,preset:12_TEAM_SUPERFLEX_PPR,12-team Superflex PPR,GOVERNED,ADMITTED_CURRENT_SEASON,2026-08-08,False,REDRAFT V1 - REVIEW,R2_FLEX_AWARE_REPLACEMENT
RESEARCH_ONLY_GOVERNANCE_PENDING,516,131,00-0036567,Elijah Mitchell,RB,PHI,0.0,100.3,-100.3,-167.8,MEDIUM,16,preset:12_TEAM_SUPERFLEX_PPR,12-team Superflex PPR,GOVERNED,ADMITTED_CURRENT_SEASON,2026-08-08,False,REDRAFT V1 - REVIEW,R2_FLEX_AWARE_REPLACEMENT
RESEARCH_ONLY_GOVERNANCE_PENDING,517,132,00-0036569,Gary Brightwell,RB,CIN,0.0,100.3,-100.3,-167.8,MEDIUM,16,preset:12_TEAM_SUPERFLEX_PPR,12-team Superflex PPR,GOVERNED,ADMITTED_CURRENT_SEASON,2026-08-08,False,REDRAFT V1 - REVIEW,R2_FLEX_AWARE_REPLACEMENT
RESEARCH_ONLY_GOVERNANCE_PENDING,518,133,00-0038396,Eric Gray,RB,NYG,0.0,100.3,-100.3,-167.8,MEDIUM,16,preset:12_TEAM_SUPERFLEX_PPR,12-team Superflex PPR,GOVERNED,ADMITTED_CURRENT_SEASON,2026-08-08,False,REDRAFT V1 - REVIEW,R2_FLEX_AWARE_REPLACEMENT
RESEARCH_ONLY_GOVERNANCE_PENDING,519,134,00-0038409,Lew Nichols III,RB,PIT,0.0,100.3,-100.3,-167.8,MEDIUM,16,preset:12_TEAM_SUPERFLEX_PPR,12-team Superflex PPR,GOVERNED,ADMITTED_CURRENT_SEASON,2026-08-08,False,REDRAFT V1 - REVIEW,R2_FLEX_AWARE_REPLACEMENT
RESEARCH_ONLY_GOVERNANCE_PENDING,520,135,00-0038488,Brady Russell,RB,SEA,0.0,100.3,-100.3,-167.8,MEDIUM,16,preset:12_TEAM_SUPERFLEX_PPR,12-team Superflex PPR,GOVERNED,ADMITTED_CURRENT_SEASON,2026-08-08,False,REDRAFT V1 - REVIEW,R2_FLEX_AWARE_REPLACEMENT
RESEARCH_ONLY_GOVERNANCE_PENDING,521,136,00-0038678,Jordan Mims,RB,MIN,0.0,100.3,-100.3,-167.8,MEDIUM,16,preset:12_TEAM_SUPERFLEX_PPR,12-team Superflex PPR,GOVERNED,ADMITTED_CURRENT_SEASON,2026-08-08,False,REDRAFT V1 - REVIEW,R2_FLEX_AWARE_REPLACEMENT
RESEARCH_ONLY_GOVERNANCE_PENDING,522,137,00-0039363,Isaac Guerendo,RB,SF,0.0,100.3,-100.3,-167.8,MEDIUM,16,preset:12_TEAM_SUPERFLEX_PPR,12-team Superflex PPR,GOVERNED,ADMITTED_CURRENT_SEASON,2026-08-08,False,REDRAFT V1 - REVIEW,R2_FLEX_AWARE_REPLACEMENT
RESEARCH_ONLY_GOVERNANCE_PENDING,523,138,00-0040476,Ulysses Bentley IV,RB,IND,0.0,100.3,-100.3,-167.8,MEDIUM,16,preset:12_TEAM_SUPERFLEX_PPR,12-team Superflex PPR,GOVERNED,ADMITTED_CURRENT_SEASON,2026-08-08,False,REDRAFT V1 - REVIEW,R2_FLEX_AWARE_REPLACEMENT
RESEARCH_ONLY_GOVERNANCE_PENDING,524,139,00-0040649,Robbie Ouzts,RB,SEA,0.0,100.3,-100.3,-167.8,MEDIUM,16,preset:12_TEAM_SUPERFLEX_PPR,12-team Superflex PPR,GOVERNED,ADMITTED_CURRENT_SEASON,2026-08-08,False,REDRAFT V1 - REVIEW,R2_FLEX_AWARE_REPLACEMENT
RESEARCH_ONLY_GOVERNANCE_PENDING,525,228,00-0032951,Laquon Treadwell,WR,IND,0.0,100.4,-100.4,-170.18,MEDIUM,16,preset:12_TEAM_SUPERFLEX_PPR,12-team Superflex PPR,GOVERNED,ADMITTED_CURRENT_SEASON,2026-08-08,False,REDRAFT V1 - REVIEW,R2_FLEX_AWARE_REPLACEMENT
RESEARCH_ONLY_GOVERNANCE_PENDING,526,229,00-0034867,Malik Turner,WR,SF,0.0,100.4,-100.4,-170.18,MEDIUM,16,preset:12_TEAM_SUPERFLEX_PPR,12-team Superflex PPR,GOVERNED,ADMITTED_CURRENT_SEASON,2026-08-08,False,REDRAFT V1 - REVIEW,R2_FLEX_AWARE_REPLACEMENT
RESEARCH_ONLY_GOVERNANCE_PENDING,527,230,00-0036463,Chris Blair,WR,ATL,0.0,100.4,-100.4,-170.18,MEDIUM,16,preset:12_TEAM_SUPERFLEX_PPR,12-team Superflex PPR,GOVERNED,ADMITTED_CURRENT_SEASON,2026-08-08,False,REDRAFT V1 - REVIEW,R2_FLEX_AWARE_REPLACEMENT
RESEARCH_ONLY_GOVERNANCE_PENDING,528,231,00-0036646,Simi Fehoko,WR,AZ,0.0,100.4,-100.4,-170.18,MEDIUM,16,preset:12_TEAM_SUPERFLEX_PPR,12-team Superflex PPR,GOVERNED,ADMITTED_CURRENT_SEASON,2026-08-08,False,REDRAFT V1 - REVIEW,R2_FLEX_AWARE_REPLACEMENT
RESEARCH_ONLY_GOVERNANCE_PENDING,529,232,00-0037380,Kaden Davis,WR,CHI,0.0,100.4,-100.4,-170.18,MEDIUM,16,preset:12_TEAM_SUPERFLEX_PPR,12-team Superflex PPR,GOVERNED,ADMITTED_CURRENT_SEASON,2026-08-08,False,REDRAFT V1 - REVIEW,R2_FLEX_AWARE_REPLACEMENT
RESEARCH_ONLY_GOVERNANCE_PENDING,530,233,00-0038492,Jason Brownlee,WR,KC,0.0,100.4,-100.4,-170.18,MEDIUM,16,preset:12_TEAM_SUPERFLEX_PPR,12-team Superflex PPR,GOVERNED,ADMITTED_CURRENT_SEASON,2026-08-08,False,REDRAFT V1 - REVIEW,R2_FLEX_AWARE_REPLACEMENT
RESEARCH_ONLY_GOVERNANCE_PENDING,531,234,00-0038740,Jalen Moreno-Cropper,WR,NO,0.0,100.4,-100.4,-170.18,MEDIUM,16,preset:12_TEAM_SUPERFLEX_PPR,12-team Superflex PPR,GOVERNED,ADMITTED_CURRENT_SEASON,2026-08-08,False,REDRAFT V1 - REVIEW,R2_FLEX_AWARE_REPLACEMENT
RESEARCH_ONLY_GOVERNANCE_PENDING,532,235,00-0039710,Jeshaun Jones,WR,MIN,0.0,100.4,-100.4,-170.18,MEDIUM,16,preset:12_TEAM_SUPERFLEX_PPR,12-team Superflex PPR,GOVERNED,ADMITTED_CURRENT_SEASON,2026-08-08,False,REDRAFT V1 - REVIEW,R2_FLEX_AWARE_REPLACEMENT
RESEARCH_ONLY_GOVERNANCE_PENDING,533,236,00-0040241,Dominic Lovett,WR,DET,0.0,100.4,-100.4,-170.18,MEDIUM,16,preset:12_TEAM_SUPERFLEX_PPR,12-team Superflex PPR,GOVERNED,ADMITTED_CURRENT_SEASON,2026-08-08,False,REDRAFT V1 - REVIEW,R2_FLEX_AWARE_REPLACEMENT
RESEARCH_ONLY_GOVERNANCE_PENDING,534,237,00-0040352,Coleman Owen,WR,IND,0.0,100.4,-100.4,-170.18,MEDIUM,16,preset:12_TEAM_SUPERFLEX_PPR,12-team Superflex PPR,GOVERNED,ADMITTED_CURRENT_SEASON,2026-08-08,False,REDRAFT V1 - REVIEW,R2_FLEX_AWARE_REPLACEMENT
RESEARCH_ONLY_GOVERNANCE_PENDING,535,238,00-0040431,Dalen Cambre,WR,NYG,0.0,100.4,-100.4,-170.18,MEDIUM,16,preset:12_TEAM_SUPERFLEX_PPR,12-team Superflex PPR,GOVERNED,ADMITTED_CURRENT_SEASON,2026-08-08,False,REDRAFT V1 - REVIEW,R2_FLEX_AWARE_REPLACEMENT
RESEARCH_ONLY_GOVERNANCE_PENDING,536,239,00-0040629,Dalevon Campbell,WR,LAC,0.0,100.4,-100.4,-170.18,MEDIUM,16,preset:12_TEAM_SUPERFLEX_PPR,12-team Superflex PPR,GOVERNED,ADMITTED_CURRENT_SEASON,2026-08-08,False,REDRAFT V1 - REVIEW,R2_FLEX_AWARE_REPLACEMENT
RESEARCH_ONLY_GOVERNANCE_PENDING,537,140,00-0035594,Travis Homer,RB,PIT,-0.2,100.3,-100.5,-168.0,MEDIUM,16,preset:12_TEAM_SUPERFLEX_PPR,12-team Superflex PPR,GOVERNED,ADMITTED_CURRENT_SEASON,2026-08-08,False,REDRAFT V1 - REVIEW,R2_FLEX_AWARE_REPLACEMENT
RESEARCH_ONLY_GOVERNANCE_PENDING,538,94,00-0039648,David Martin-Robinson,TE,TEN,13.0,113.6,-100.6,-152.1,LOW,16,preset:12_TEAM_SUPERFLEX_PPR,12-team Superflex PPR,GOVERNED,ADMITTED_CURRENT_SEASON,2026-08-08,False,REDRAFT V1 - REVIEW,R2_FLEX_AWARE_REPLACEMENT
RESEARCH_ONLY_GOVERNANCE_PENDING,539,66,00-0031237,Teddy Bridgewater,QB,DET,2.88,103.54,-100.66,-169.02,LOW,16,preset:12_TEAM_SUPERFLEX_PPR,12-team Superflex PPR,GOVERNED,ADMITTED_CURRENT_SEASON,2026-08-08,False,REDRAFT V1 - REVIEW,R2_FLEX_AWARE_REPLACEMENT
RESEARCH_ONLY_GOVERNANCE_PENDING,540,95,00-0034981,Foster Moreau,TE,HOU,12.9,113.6,-100.7,-152.2,LOW,16,preset:12_TEAM_SUPERFLEX_PPR,12-team Superflex PPR,GOVERNED,ADMITTED_CURRENT_SEASON,2026-08-08,False,REDRAFT V1 - REVIEW,R2_FLEX_AWARE_REPLACEMENT
RESEARCH_ONLY_GOVERNANCE_PENDING,541,96,00-0036429,Charlie Woerner,TE,ATL,12.8,113.6,-100.8,-152.3,LOW,16,preset:12_TEAM_SUPERFLEX_PPR,12-team Superflex PPR,GOVERNED,ADMITTED_CURRENT_SEASON,2026-08-08,False,REDRAFT V1 - REVIEW,R2_FLEX_AWARE_REPLACEMENT
RESEARCH_ONLY_GOVERNANCE_PENDING,542,97,00-0037292,Andrew Ogletree,TE,IND,12.7,113.6,-100.9,-152.4,LOW,16,preset:12_TEAM_SUPERFLEX_PPR,12-team Superflex PPR,GOVERNED,ADMITTED_CURRENT_SEASON,2026-08-08,False,REDRAFT V1 - REVIEW,R2_FLEX_AWARE_REPLACEMENT
RESEARCH_ONLY_GOVERNANCE_PENDING,543,67,00-0038416,Tyson Bagent,QB,CHI,2.58,103.54,-100.96,-169.32,LOW,16,preset:12_TEAM_SUPERFLEX_PPR,12-team Superflex PPR,GOVERNED,ADMITTED_CURRENT_SEASON,2026-08-08,False,REDRAFT V1 - REVIEW,R2_FLEX_AWARE_REPLACEMENT
RESEARCH_ONLY_GOVERNANCE_PENDING,544,68,00-0039164,Anthony Richardson,QB,IND,2.16,103.54,-101.38,-169.74,LOW,16,preset:12_TEAM_SUPERFLEX_PPR,12-team Superflex PPR,GOVERNED,ADMITTED_CURRENT_SEASON,2026-08-08,False,REDRAFT V1 - REVIEW,R2_FLEX_AWARE_REPLACEMENT
RESEARCH_ONLY_GOVERNANCE_PENDING,545,98,00-0037475,Stone Smartt,TE,PHI,12.2,113.6,-101.4,-152.9,LOW,16,preset:12_TEAM_SUPERFLEX_PPR,12-team Superflex PPR,GOVERNED,ADMITTED_CURRENT_SEASON,2026-08-08,False,REDRAFT V1 - REVIEW,R2_FLEX_AWARE_REPLACEMENT
RESEARCH_ONLY_GOVERNANCE_PENDING,546,240,00-0038496,Xavier Gipson,WR,NYG,-1.4,100.4,-101.8,-171.58,MEDIUM,16,preset:12_TEAM_SUPERFLEX_PPR,12-team Superflex PPR,GOVERNED,ADMITTED_CURRENT_SEASON,2026-08-08,False,REDRAFT V1 - REVIEW,R2_FLEX_AWARE_REPLACEMENT
RESEARCH_ONLY_GOVERNANCE_PENDING,547,69,00-0040891,Cole Payton,QB,PHI,1.48,103.54,-102.06,-170.42,LOW,16,preset:12_TEAM_SUPERFLEX_PPR,12-team Superflex PPR,GOVERNANCE_PENDING,MODEL_VALIDATED_REVIEW_ONLY,2026-07-30,True,REDRAFT V1 - REVIEW,R2_FLEX_AWARE_REPLACEMENT
RESEARCH_ONLY_GOVERNANCE_PENDING,548,70,00-0037013,Zach Wilson,QB,NO,1.38,103.54,-102.16,-170.52,LOW,16,preset:12_TEAM_SUPERFLEX_PPR,12-team Superflex PPR,GOVERNED,ADMITTED_CURRENT_SEASON,2026-08-08,False,REDRAFT V1 - REVIEW,R2_FLEX_AWARE_REPLACEMENT
RESEARCH_ONLY_GOVERNANCE_PENDING,549,241,00-0035140,Mecole Hardman,WR,BUF,-2.0,100.4,-102.4,-172.18,MEDIUM,16,preset:12_TEAM_SUPERFLEX_PPR,12-team Superflex PPR,GOVERNED,ADMITTED_CURRENT_SEASON,2026-08-08,False,REDRAFT V1 - REVIEW,R2_FLEX_AWARE_REPLACEMENT
RESEARCH_ONLY_GOVERNANCE_PENDING,550,242,00-0040075,LaJohntay Wester,WR,BAL,-2.0,100.4,-102.4,-172.18,MEDIUM,16,preset:12_TEAM_SUPERFLEX_PPR,12-team Superflex PPR,GOVERNED,ADMITTED_CURRENT_SEASON,2026-08-08,False,REDRAFT V1 - REVIEW,R2_FLEX_AWARE_REPLACEMENT
RESEARCH_ONLY_GOVERNANCE_PENDING,551,99,00-0036876,Kylen Granson,TE,TEN,11.0,113.6,-102.6,-154.1,LOW,16,preset:12_TEAM_SUPERFLEX_PPR,12-team Superflex PPR,GOVERNED,ADMITTED_CURRENT_SEASON,2026-08-08,False,REDRAFT V1 - REVIEW,R2_FLEX_AWARE_REPLACEMENT
RESEARCH_ONLY_GOVERNANCE_PENDING,552,71,00-0032434,Brandon Allen,QB,NYG,0.88,103.54,-102.66,-171.02,LOW,16,preset:12_TEAM_SUPERFLEX_PPR,12-team Superflex PPR,GOVERNED,ADMITTED_CURRENT_SEASON,2026-08-08,False,REDRAFT V1 - REVIEW,R2_FLEX_AWARE_REPLACEMENT
RESEARCH_ONLY_GOVERNANCE_PENDING,553,72,00-0035704,Drew Lock,QB,SEA,0.1,103.54,-103.44,-171.8,LOW,16,preset:12_TEAM_SUPERFLEX_PPR,12-team Superflex PPR,GOVERNED,ADMITTED_CURRENT_SEASON,2026-08-08,False,REDRAFT V1 - REVIEW,R2_FLEX_AWARE_REPLACEMENT
RESEARCH_ONLY_GOVERNANCE_PENDING,554,73,00-0040906,Garrett Nussmeier,QB,KC,0.0,103.54,-103.54,-171.9,LOW,16,preset:12_TEAM_SUPERFLEX_PPR,12-team Superflex PPR,GOVERNANCE_PENDING,MODEL_VALIDATED_REVIEW_ONLY,2026-07-30,True,REDRAFT V1 - REVIEW,R2_FLEX_AWARE_REPLACEMENT
RESEARCH_ONLY_GOVERNANCE_PENDING,555,74,00-0041092,Taylen Green,QB,CLE,0.0,103.54,-103.54,-171.9,LOW,16,preset:12_TEAM_SUPERFLEX_PPR,12-team Superflex PPR,GOVERNANCE_PENDING,MODEL_VALIDATED_REVIEW_ONLY,2026-07-30,True,REDRAFT V1 - REVIEW,R2_FLEX_AWARE_REPLACEMENT
RESEARCH_ONLY_GOVERNANCE_PENDING,556,75,00-0041117,Athan Kaliakmanis,QB,WAS,0.0,103.54,-103.54,-171.9,LOW,16,preset:12_TEAM_SUPERFLEX_PPR,12-team Superflex PPR,GOVERNANCE_PENDING,MODEL_VALIDATED_REVIEW_ONLY,2026-07-30,True,REDRAFT V1 - REVIEW,R2_FLEX_AWARE_REPLACEMENT
RESEARCH_ONLY_GOVERNANCE_PENDING,557,76,00-0041123,Behren Morton,QB,NE,0.0,103.54,-103.54,-171.9,LOW,16,preset:12_TEAM_SUPERFLEX_PPR,12-team Superflex PPR,GOVERNANCE_PENDING,MODEL_VALIDATED_REVIEW_ONLY,2026-07-30,True,REDRAFT V1 - REVIEW,R2_FLEX_AWARE_REPLACEMENT
RESEARCH_ONLY_GOVERNANCE_PENDING,558,77,00-0033319,Nick Mullens,QB,JAX,-0.04,103.54,-103.58,-171.94,MEDIUM,16,preset:12_TEAM_SUPERFLEX_PPR,12-team Superflex PPR,GOVERNED,ADMITTED_CURRENT_SEASON,2026-08-08,False,REDRAFT V1 - REVIEW,R2_FLEX_AWARE_REPLACEMENT
RESEARCH_ONLY_GOVERNANCE_PENDING,559,78,00-0039577,Kedon Slovis,QB,AZ,-0.08,103.54,-103.62,-171.98,MEDIUM,16,preset:12_TEAM_SUPERFLEX_PPR,12-team Superflex PPR,GOVERNED,ADMITTED_CURRENT_SEASON,2026-08-08,False,REDRAFT V1 - REVIEW,R2_FLEX_AWARE_REPLACEMENT
RESEARCH_ONLY_GOVERNANCE_PENDING,560,79,00-0035264,Jarrett Stidham,QB,DEN,-0.1,103.54,-103.64,-172.0,MEDIUM,16,preset:12_TEAM_SUPERFLEX_PPR,12-team Superflex PPR,GOVERNED,ADMITTED_CURRENT_SEASON,2026-08-08,False,REDRAFT V1 - REVIEW,R2_FLEX_AWARE_REPLACEMENT
RESEARCH_ONLY_GOVERNANCE_PENDING,561,80,00-0038658,Adrian Martinez,QB,SF,-0.1,103.54,-103.64,-172.0,MEDIUM,16,preset:12_TEAM_SUPERFLEX_PPR,12-team Superflex PPR,GOVERNED,ADMITTED_CURRENT_SEASON,2026-08-08,False,REDRAFT V1 - REVIEW,R2_FLEX_AWARE_REPLACEMENT
RESEARCH_ONLY_GOVERNANCE_PENDING,562,81,00-0041056,Cade Klubnik,QB,NYJ,-0.1,103.54,-103.64,-172.0,LOW,16,preset:12_TEAM_SUPERFLEX_PPR,12-team Superflex PPR,GOVERNANCE_PENDING,MODEL_VALIDATED_REVIEW_ONLY,2026-07-30,True,REDRAFT V1 - REVIEW,R2_FLEX_AWARE_REPLACEMENT
RESEARCH_ONLY_GOVERNANCE_PENDING,563,82,00-0034577,Kyle Allen,QB,BUF,-0.3,103.54,-103.84,-172.2,MEDIUM,16,preset:12_TEAM_SUPERFLEX_PPR,12-team Superflex PPR,GOVERNED,ADMITTED_CURRENT_SEASON,2026-08-08,False,REDRAFT V1 - REVIEW,R2_FLEX_AWARE_REPLACEMENT
RESEARCH_ONLY_GOVERNANCE_PENDING,564,83,00-0035289,Gardner Minshew,QB,AZ,-0.32,103.54,-103.86,-172.22,MEDIUM,16,preset:12_TEAM_SUPERFLEX_PPR,12-team Superflex PPR,GOVERNED,ADMITTED_CURRENT_SEASON,2026-08-08,False,REDRAFT V1 - REVIEW,R2_FLEX_AWARE_REPLACEMENT
RESEARCH_ONLY_GOVERNANCE_PENDING,565,100,00-0039458,Brenden Bates,TE,CLE,8.8,113.6,-104.8,-156.3,LOW,16,preset:12_TEAM_SUPERFLEX_PPR,12-team Superflex PPR,GOVERNED,ADMITTED_CURRENT_SEASON,2026-08-08,False,REDRAFT V1 - REVIEW,R2_FLEX_AWARE_REPLACEMENT
RESEARCH_ONLY_GOVERNANCE_PENDING,566,101,00-0036423,Albert Okwuegbunam,TE,LV,8.6,113.6,-105.0,-156.5,LOW,16,preset:12_TEAM_SUPERFLEX_PPR,12-team Superflex PPR,GOVERNED,ADMITTED_CURRENT_SEASON,2026-08-08,False,REDRAFT V1 - REVIEW,R2_FLEX_AWARE_REPLACEMENT
RESEARCH_ONLY_GOVERNANCE_PENDING,567,84,00-0040673,Jalen Milroe,QB,SEA,-1.6,103.54,-105.14,-173.5,MEDIUM,16,preset:12_TEAM_SUPERFLEX_PPR,12-team Superflex PPR,GOVERNED,ADMITTED_CURRENT_SEASON,2026-08-08,False,REDRAFT V1 - REVIEW,R2_FLEX_AWARE_REPLACEMENT
RESEARCH_ONLY_GOVERNANCE_PENDING,568,102,00-0039754,Devin Culp,TE,TB,7.6,113.6,-106.0,-157.5,LOW,16,preset:12_TEAM_SUPERFLEX_PPR,12-team Superflex PPR,GOVERNED,ADMITTED_CURRENT_SEASON,2026-08-08,False,REDRAFT V1 - REVIEW,R2_FLEX_AWARE_REPLACEMENT
RESEARCH_ONLY_GOVERNANCE_PENDING,569,103,00-0040363,Keleki Latu,TE,BUF,7.5,113.6,-106.1,-157.6,LOW,16,preset:12_TEAM_SUPERFLEX_PPR,12-team Superflex PPR,GOVERNED,ADMITTED_CURRENT_SEASON,2026-08-08,False,REDRAFT V1 - REVIEW,R2_FLEX_AWARE_REPLACEMENT
RESEARCH_ONLY_GOVERNANCE_PENDING,570,243,00-0040506,Myles Price,WR,MIN,-6.0,100.4,-106.4,-176.18,MEDIUM,16,preset:12_TEAM_SUPERFLEX_PPR,12-team Superflex PPR,GOVERNED,ADMITTED_CURRENT_SEASON,2026-08-08,False,REDRAFT V1 - REVIEW,R2_FLEX_AWARE_REPLACEMENT
RESEARCH_ONLY_GOVERNANCE_PENDING,571,104,00-0033576,Eric Saubert,TE,SEA,7.1,113.6,-106.5,-158.0,LOW,16,preset:12_TEAM_SUPERFLEX_PPR,12-team Superflex PPR,GOVERNED,ADMITTED_CURRENT_SEASON,2026-08-08,False,REDRAFT V1 - REVIEW,R2_FLEX_AWARE_REPLACEMENT
RESEARCH_ONLY_GOVERNANCE_PENDING,572,105,00-0034798,Durham Smythe,TE,BAL,6.5,113.6,-107.1,-158.6,LOW,16,preset:12_TEAM_SUPERFLEX_PPR,12-team Superflex PPR,GOVERNED,ADMITTED_CURRENT_SEASON,2026-08-08,False,REDRAFT V1 - REVIEW,R2_FLEX_AWARE_REPLACEMENT
RESEARCH_ONLY_GOVERNANCE_PENDING,573,106,00-0038809,Ben Sims,TE,MIA,6.0,113.6,-107.6,-159.1,LOW,16,preset:12_TEAM_SUPERFLEX_PPR,12-team Superflex PPR,GOVERNED,ADMITTED_CURRENT_SEASON,2026-08-08,False,REDRAFT V1 - REVIEW,R2_FLEX_AWARE_REPLACEMENT
RESEARCH_ONLY_GOVERNANCE_PENDING,574,107,00-0037282,James Mitchell,TE,CAR,5.8,113.6,-107.8,-159.3,LOW,16,preset:12_TEAM_SUPERFLEX_PPR,12-team Superflex PPR,GOVERNED,ADMITTED_CURRENT_SEASON,2026-08-08,False,REDRAFT V1 - REVIEW,R2_FLEX_AWARE_REPLACEMENT
RESEARCH_ONLY_GOVERNANCE_PENDING,575,108,00-0036534,Shane Zylstra,TE,BUF,5.0,113.6,-108.6,-160.1,LOW,16,preset:12_TEAM_SUPERFLEX_PPR,12-team Superflex PPR,GOVERNED,ADMITTED_CURRENT_SEASON,2026-08-08,False,REDRAFT V1 - REVIEW,R2_FLEX_AWARE_REPLACEMENT
RESEARCH_ONLY_GOVERNANCE_PENDING,576,109,00-0039737,Tip Reiman,TE,AZ,4.8,113.6,-108.8,-160.3,LOW,16,preset:12_TEAM_SUPERFLEX_PPR,12-team Superflex PPR,GOVERNED,ADMITTED_CURRENT_SEASON,2026-08-08,False,REDRAFT V1 - REVIEW,R2_FLEX_AWARE_REPLACEMENT
RESEARCH_ONLY_GOVERNANCE_PENDING,577,110,00-0039686,Colson Yankoff,TE,WAS,3.8,113.6,-109.8,-161.3,LOW,16,preset:12_TEAM_SUPERFLEX_PPR,12-team Superflex PPR,GOVERNED,ADMITTED_CURRENT_SEASON,2026-08-08,False,REDRAFT V1 - REVIEW,R2_FLEX_AWARE_REPLACEMENT
RESEARCH_ONLY_GOVERNANCE_PENDING,578,111,00-0037340,Zaire Mitchell-Paden,TE,NO,3.7,113.6,-109.9,-161.4,LOW,16,preset:12_TEAM_SUPERFLEX_PPR,12-team Superflex PPR,GOVERNED,ADMITTED_CURRENT_SEASON,2026-08-08,False,REDRAFT V1 - REVIEW,R2_FLEX_AWARE_REPLACEMENT
RESEARCH_ONLY_GOVERNANCE_PENDING,579,112,00-0037539,Lucas Krull,TE,DEN,3.5,113.6,-110.1,-161.6,LOW,16,preset:12_TEAM_SUPERFLEX_PPR,12-team Superflex PPR,GOVERNED,ADMITTED_CURRENT_SEASON,2026-08-08,False,REDRAFT V1 - REVIEW,R2_FLEX_AWARE_REPLACEMENT
RESEARCH_ONLY_GOVERNANCE_PENDING,580,113,00-0040509,Ben Yurosek,TE,MIN,3.4,113.6,-110.2,-161.7,LOW,16,preset:12_TEAM_SUPERFLEX_PPR,12-team Superflex PPR,GOVERNED,ADMITTED_CURRENT_SEASON,2026-08-08,False,REDRAFT V1 - REVIEW,R2_FLEX_AWARE_REPLACEMENT
RESEARCH_ONLY_GOVERNANCE_PENDING,581,114,00-0040244,Moliki Matavao,TE,NO,3.0,113.6,-110.6,-162.1,LOW,16,preset:12_TEAM_SUPERFLEX_PPR,12-team Superflex PPR,GOVERNED,ADMITTED_CURRENT_SEASON,2026-08-08,False,REDRAFT V1 - REVIEW,R2_FLEX_AWARE_REPLACEMENT
RESEARCH_ONLY_GOVERNANCE_PENDING,582,115,00-0039631,Cam Grandy,TE,CIN,2.7,113.6,-110.9,-162.4,LOW,16,preset:12_TEAM_SUPERFLEX_PPR,12-team Superflex PPR,GOVERNED,ADMITTED_CURRENT_SEASON,2026-08-08,False,REDRAFT V1 - REVIEW,R2_FLEX_AWARE_REPLACEMENT
RESEARCH_ONLY_GOVERNANCE_PENDING,583,116,00-0038394,Will Mallory,TE,IND,2.6,113.6,-111.0,-162.5,LOW,16,preset:12_TEAM_SUPERFLEX_PPR,12-team Superflex PPR,GOVERNED,ADMITTED_CURRENT_SEASON,2026-08-08,False,REDRAFT V1 - REVIEW,R2_FLEX_AWARE_REPLACEMENT
RESEARCH_ONLY_GOVERNANCE_PENDING,584,117,00-0038710,Blake Whiteheart,TE,CLE,2.4,113.6,-111.2,-162.7,LOW,16,preset:12_TEAM_SUPERFLEX_PPR,12-team Superflex PPR,GOVERNED,ADMITTED_CURRENT_SEASON,2026-08-08,False,REDRAFT V1 - REVIEW,R2_FLEX_AWARE_REPLACEMENT
RESEARCH_ONLY_GOVERNANCE_PENDING,585,118,00-0039050,Payne Durham,TE,TB,2.1,113.6,-111.5,-163.0,LOW,16,preset:12_TEAM_SUPERFLEX_PPR,12-team Superflex PPR,GOVERNED,ADMITTED_CURRENT_SEASON,2026-08-08,False,REDRAFT V1 - REVIEW,R2_FLEX_AWARE_REPLACEMENT
RESEARCH_ONLY_GOVERNANCE_PENDING,586,119,00-0041094,Bauer Sharp,TE,TB,1.9,113.6,-111.7,-163.2,LOW,16,preset:12_TEAM_SUPERFLEX_PPR,12-team Superflex PPR,GOVERNANCE_PENDING,MODEL_VALIDATED_REVIEW_ONLY,2026-07-30,True,REDRAFT V1 - REVIEW,R2_FLEX_AWARE_REPLACEMENT
RESEARCH_ONLY_GOVERNANCE_PENDING,587,120,00-0031484,Chris Manhertz,TE,NYG,1.7,113.6,-111.9,-163.4,LOW,16,preset:12_TEAM_SUPERFLEX_PPR,12-team Superflex PPR,GOVERNED,ADMITTED_CURRENT_SEASON,2026-08-08,False,REDRAFT V1 - REVIEW,R2_FLEX_AWARE_REPLACEMENT
RESEARCH_ONLY_GOVERNANCE_PENDING,588,121,00-0037755,Jelani Woods,TE,NYJ,1.4,113.6,-112.2,-163.7,LOW,16,preset:12_TEAM_SUPERFLEX_PPR,12-team Superflex PPR,GOVERNED,ADMITTED_CURRENT_SEASON,2026-08-08,False,REDRAFT V1 - REVIEW,R2_FLEX_AWARE_REPLACEMENT
RESEARCH_ONLY_GOVERNANCE_PENDING,589,122,00-0039824,Jared Wiley,TE,KC,1.4,113.6,-112.2,-163.7,LOW,16,preset:12_TEAM_SUPERFLEX_PPR,12-team Superflex PPR,GOVERNED,ADMITTED_CURRENT_SEASON,2026-08-08,False,REDRAFT V1 - REVIEW,R2_FLEX_AWARE_REPLACEMENT
RESEARCH_ONLY_GOVERNANCE_PENDING,590,123,00-0040488,Carter Runyon,TE,LV,1.3,113.6,-112.3,-163.8,LOW,16,preset:12_TEAM_SUPERFLEX_PPR,12-team Superflex PPR,GOVERNED,ADMITTED_CURRENT_SEASON,2026-08-08,False,REDRAFT V1 - REVIEW,R2_FLEX_AWARE_REPLACEMENT
RESEARCH_ONLY_GOVERNANCE_PENDING,591,124,00-0040628,Drake Dabney,TE,GB,1.3,113.6,-112.3,-163.8,LOW,16,preset:12_TEAM_SUPERFLEX_PPR,12-team Superflex PPR,GOVERNED,ADMITTED_CURRENT_SEASON,2026-08-08,False,REDRAFT V1 - REVIEW,R2_FLEX_AWARE_REPLACEMENT
RESEARCH_ONLY_GOVERNANCE_PENDING,592,125,00-0033757,Robert Tonyan,TE,PIT,1.1,113.6,-112.5,-164.0,LOW,16,preset:12_TEAM_SUPERFLEX_PPR,12-team Superflex PPR,GOVERNED,ADMITTED_CURRENT_SEASON,2026-08-08,False,REDRAFT V1 - REVIEW,R2_FLEX_AWARE_REPLACEMENT
RESEARCH_ONLY_GOVERNANCE_PENDING,593,126,00-0036825,Feleipe Franks,TE,CAR,0.4,113.6,-113.2,-164.7,LOW,16,preset:12_TEAM_SUPERFLEX_PPR,12-team Superflex PPR,GOVERNED,ADMITTED_CURRENT_SEASON,2026-08-08,False,REDRAFT V1 - REVIEW,R2_FLEX_AWARE_REPLACEMENT
RESEARCH_ONLY_GOVERNANCE_PENDING,594,127,00-0037031,Nikola Kalinic,TE,CHI,0.0,113.6,-113.6,-165.1,MEDIUM,16,preset:12_TEAM_SUPERFLEX_PPR,12-team Superflex PPR,GOVERNED,ADMITTED_CURRENT_SEASON,2026-08-08,False,REDRAFT V1 - REVIEW,R2_FLEX_AWARE_REPLACEMENT
RESEARCH_ONLY_GOVERNANCE_PENDING,595,128,00-0037277,Teagan Quitoriano,TE,AZ,0.0,113.6,-113.6,-165.1,MEDIUM,16,preset:12_TEAM_SUPERFLEX_PPR,12-team Superflex PPR,GOVERNED,ADMITTED_CURRENT_SEASON,2026-08-08,False,REDRAFT V1 - REVIEW,R2_FLEX_AWARE_REPLACEMENT
RESEARCH_ONLY_GOVERNANCE_PENDING,596,129,00-0037311,Ko Kieft,TE,TB,0.0,113.6,-113.6,-165.1,MEDIUM,16,preset:12_TEAM_SUPERFLEX_PPR,12-team Superflex PPR,GOVERNED,ADMITTED_CURRENT_SEASON,2026-08-08,False,REDRAFT V1 - REVIEW,R2_FLEX_AWARE_REPLACEMENT
RESEARCH_ONLY_GOVERNANCE_PENDING,597,130,00-0038498,E.J. Jenkins,TE,PHI,0.0,113.6,-113.6,-165.1,MEDIUM,16,preset:12_TEAM_SUPERFLEX_PPR,12-team Superflex PPR,GOVERNED,ADMITTED_CURRENT_SEASON,2026-08-08,False,REDRAFT V1 - REVIEW,R2_FLEX_AWARE_REPLACEMENT
RESEARCH_ONLY_GOVERNANCE_PENDING,598,131,00-0038564,Cameron Latu,TE,PHI,0.0,113.6,-113.6,-165.1,MEDIUM,16,preset:12_TEAM_SUPERFLEX_PPR,12-team Superflex PPR,GOVERNED,ADMITTED_CURRENT_SEASON,2026-08-08,False,REDRAFT V1 - REVIEW,R2_FLEX_AWARE_REPLACEMENT
RESEARCH_ONLY_GOVERNANCE_PENDING,599,132,00-0038590,Justin Shorter,TE,LV,0.0,113.6,-113.6,-165.1,MEDIUM,16,preset:12_TEAM_SUPERFLEX_PPR,12-team Superflex PPR,GOVERNED,ADMITTED_CURRENT_SEASON,2026-08-08,False,REDRAFT V1 - REVIEW,R2_FLEX_AWARE_REPLACEMENT
RESEARCH_ONLY_GOVERNANCE_PENDING,600,133,00-0038643,Brayden Willis,TE,SF,0.0,113.6,-113.6,-165.1,MEDIUM,16,preset:12_TEAM_SUPERFLEX_PPR,12-team Superflex PPR,GOVERNED,ADMITTED_CURRENT_SEASON,2026-08-08,False,REDRAFT V1 - REVIEW,R2_FLEX_AWARE_REPLACEMENT
RESEARCH_ONLY_GOVERNANCE_PENDING,601,134,00-0038735,Princeton Fant,TE,DAL,0.0,113.6,-113.6,-165.1,MEDIUM,16,preset:12_TEAM_SUPERFLEX_PPR,12-team Superflex PPR,GOVERNED,ADMITTED_CURRENT_SEASON,2026-08-08,False,REDRAFT V1 - REVIEW,R2_FLEX_AWARE_REPLACEMENT
RESEARCH_ONLY_GOVERNANCE_PENDING,602,135,00-0039489,Hayden Rucci,TE,SF,0.0,113.6,-113.6,-165.1,MEDIUM,16,preset:12_TEAM_SUPERFLEX_PPR,12-team Superflex PPR,GOVERNED,ADMITTED_CURRENT_SEASON,2026-08-08,False,REDRAFT V1 - REVIEW,R2_FLEX_AWARE_REPLACEMENT
RESEARCH_ONLY_GOVERNANCE_PENDING,603,136,00-0040058,Nick Kallerup,TE,SEA,0.0,113.6,-113.6,-165.1,MEDIUM,16,preset:12_TEAM_SUPERFLEX_PPR,12-team Superflex PPR,GOVERNED,ADMITTED_CURRENT_SEASON,2026-08-08,False,REDRAFT V1 - REVIEW,R2_FLEX_AWARE_REPLACEMENT
RESEARCH_ONLY_GOVERNANCE_PENDING,604,137,00-0040225,Thomas Fidone II,TE,NYG,0.0,113.6,-113.6,-165.1,MEDIUM,16,preset:12_TEAM_SUPERFLEX_PPR,12-team Superflex PPR,GOVERNED,ADMITTED_CURRENT_SEASON,2026-08-08,False,REDRAFT V1 - REVIEW,R2_FLEX_AWARE_REPLACEMENT
RESEARCH_ONLY_GOVERNANCE_PENDING,605,138,00-0040901,Jaren Kanak,TE,TEN,0.0,113.6,-113.6,-165.1,LOW,16,preset:12_TEAM_SUPERFLEX_PPR,12-team Superflex PPR,GOVERNANCE_PENDING,MODEL_VALIDATED_REVIEW_ONLY,2026-07-30,True,REDRAFT V1 - REVIEW,R2_FLEX_AWARE_REPLACEMENT
RESEARCH_ONLY_GOVERNANCE_PENDING,606,139,00-0041116,Jack Endries,TE,CIN,0.0,113.6,-113.6,-165.1,LOW,16,preset:12_TEAM_SUPERFLEX_PPR,12-team Superflex PPR,GOVERNANCE_PENDING,MODEL_VALIDATED_REVIEW_ONLY,2026-07-30,True,REDRAFT V1 - REVIEW,R2_FLEX_AWARE_REPLACEMENT
RESEARCH_ONLY_GOVERNANCE_PENDING,607,140,00-0041131,Carsen Ryan,TE,CLE,0.0,113.6,-113.6,-165.1,LOW,16,preset:12_TEAM_SUPERFLEX_PPR,12-team Superflex PPR,GOVERNANCE_PENDING,MODEL_VALIDATED_REVIEW_ONLY,2026-07-30,True,REDRAFT V1 - REVIEW,R2_FLEX_AWARE_REPLACEMENT
RESEARCH_ONLY_GOVERNANCE_PENDING,608,141,00-0041133,Dallen Bentley,TE,DEN,0.0,113.6,-113.6,-165.1,LOW,16,preset:12_TEAM_SUPERFLEX_PPR,12-team Superflex PPR,GOVERNANCE_PENDING,MODEL_VALIDATED_REVIEW_ONLY,2026-07-30,True,REDRAFT V1 - REVIEW,R2_FLEX_AWARE_REPLACEMENT
