player_universe_id,player_id,player_name,position,nfl_team,source_layer,gap_type,join_confidence,review_status,notes
veteran-9493,9493,Puka Nacua,WR,LAR,Veteran Full Dynasty Layer,manual_review_flag,HIGH,REVIEW_NEEDED,"licensed_route_metrics_not_available|not_used_in_stats_first_value|missing_or_review_route_target_snap_evidence|missing_lifecycle_or_role_shape_evidence | Licensed route metrics unavailable; use as source limitation, not a formula instruction. | not used in stats first value | Need route/target/snap or role-usage evidence. | Need lifecycle/role-shape evidence. | Display-only DynastyProcess market baseline; not NWR source truth; not used for model inputs, candidate rank, or hidden sort. | existing_id_present; sleeper_match; dynastyprocess_crosswalk_candidate"
veteran-9488,9488,Jaxon Smith-Njigba,WR,SEA,Veteran Full Dynasty Layer,manual_review_flag,HIGH,REVIEW_NEEDED,"licensed_route_metrics_not_available|not_used_in_stats_first_value|missing_or_review_route_target_snap_evidence|missing_lifecycle_or_role_shape_evidence | Licensed route metrics unavailable; use as source limitation, not a formula instruction. | not used in stats first value | Need route/target/snap or role-usage evidence. | Need lifecycle/role-shape evidence. | Display-only DynastyProcess market baseline; not NWR source truth; not used for model inputs, candidate rank, or hidden sort. | existing_id_present; sleeper_match; dynastyprocess_crosswalk_candidate"
veteran-9509,9509,Bijan Robinson,RB,ATL,Veteran Full Dynasty Layer,manual_review_flag,HIGH,REVIEW_NEEDED,"licensed_route_metrics_not_available|not_used_in_stats_first_value|missing_or_review_route_target_snap_evidence|missing_lifecycle_or_role_shape_evidence | Licensed route metrics unavailable; use as source limitation, not a formula instruction. | not used in stats first value | Need route/target/snap or role-usage evidence. | Need lifecycle/role-shape evidence. | Display-only DynastyProcess market baseline; not NWR source truth; not used for model inputs, candidate rank, or hidden sort. | existing_id_present; sleeper_match; dynastyprocess_crosswalk_candidate"
veteran-6813,6813,Jonathan Taylor,RB,IND,Veteran Full Dynasty Layer,manual_review_flag,HIGH,REVIEW_NEEDED,"licensed_route_metrics_not_available|not_used_in_stats_first_value|rb_dynasty_age_curve_after_27_active|rb_age_window_caution_active|missing_or_review_route_target_snap_evidence|missing_lifecycle_or_role_shape_evidence | Licensed route metrics unavailable; use as source limitation, not a formula instruction. | not used in stats first value | rb dynasty age curve after 27 active | rb age window caution active | Need route/target/snap or role-usage evidence. | Need lifecycle/role-shape evidence. | Display-only DynastyProcess market baseline; not NWR source truth; not used for model inputs, candidate rank, or hidden sort. | existing_id_present; sleeper_match; dynastyprocess_crosswalk_candidate"
veteran-9221,9221,Jahmyr Gibbs,RB,DET,Veteran Full Dynasty Layer,manual_review_flag,HIGH,REVIEW_NEEDED,"licensed_route_metrics_not_available|not_used_in_stats_first_value|missing_or_review_route_target_snap_evidence|missing_lifecycle_or_role_shape_evidence | Licensed route metrics unavailable; use as source limitation, not a formula instruction. | not used in stats first value | Need route/target/snap or role-usage evidence. | Need lifecycle/role-shape evidence. | Display-only DynastyProcess market baseline; not NWR source truth; not used for model inputs, candidate rank, or hidden sort. | existing_id_present; sleeper_match; dynastyprocess_crosswalk_candidate"
veteran-7564,7564,Ja'Marr Chase,WR,CIN,Veteran Full Dynasty Layer,manual_review_flag,HIGH,REVIEW_NEEDED,"licensed_route_metrics_not_available|not_used_in_stats_first_value|missing_or_review_route_target_snap_evidence|missing_lifecycle_or_role_shape_evidence | Licensed route metrics unavailable; use as source limitation, not a formula instruction. | not used in stats first value | Need route/target/snap or role-usage evidence. | Need lifecycle/role-shape evidence. | Display-only DynastyProcess market baseline; not NWR source truth; not used for model inputs, candidate rank, or hidden sort. | existing_id_present; sleeper_match; dynastyprocess_crosswalk_candidate"
veteran-7547,7547,Amon-Ra St. Brown,WR,DET,Veteran Full Dynasty Layer,manual_review_flag,HIGH,REVIEW_NEEDED,"licensed_route_metrics_not_available|not_used_in_stats_first_value|repeated_header_rows_removed=1|partial_first_down_confidence_cap|missing_or_review_route_target_snap_evidence|missing_lifecycle_or_role_shape_evidence | Licensed route metrics unavailable; use as source limitation, not a formula instruction. | not used in stats first value | repeated header rows removed=1 | Need stronger first-down evidence or accept confidence cap. | Need route/target/snap or role-usage evidence. | Need lifecycle/role-shape evidence. | Display-only DynastyProcess market baseline; not NWR source truth; not used for model inputs, candidate rank, or hidden sort. | existing_id_present; sleeper_match; dynastyprocess_crosswalk_candidate"
veteran-8130,8130,Trey McBride,TE,ARI,Veteran Full Dynasty Layer,manual_review_flag,HIGH,REVIEW_NEEDED,"licensed_route_metrics_not_available|not_used_in_stats_first_value|te_upper_band_guard_v2_elite_exception|missing_or_review_route_target_snap_evidence|missing_lifecycle_or_role_shape_evidence | Licensed route metrics unavailable; use as source limitation, not a formula instruction. | not used in stats first value | te upper band guard v2 elite exception | Need route/target/snap or role-usage evidence. | Need lifecycle/role-shape evidence. | Display-only DynastyProcess market baseline; not NWR source truth; not used for model inputs, candidate rank, or hidden sort. | existing_id_present; sleeper_match; dynastyprocess_crosswalk_candidate"
veteran-9226,9226,De'Von Achane,RB,MIA,Veteran Full Dynasty Layer,manual_review_flag,HIGH,REVIEW_NEEDED,"licensed_route_metrics_not_available|not_used_in_stats_first_value|missing_or_review_route_target_snap_evidence|missing_lifecycle_or_role_shape_evidence | Licensed route metrics unavailable; use as source limitation, not a formula instruction. | not used in stats first value | Need route/target/snap or role-usage evidence. | Need lifecycle/role-shape evidence. | Display-only DynastyProcess market baseline; not NWR source truth; not used for model inputs, candidate rank, or hidden sort. | existing_id_present; sleeper_match; dynastyprocess_crosswalk_candidate"
veteran-8137,8137,George Pickens,WR,DAL,Veteran Full Dynasty Layer,manual_review_flag,HIGH,REVIEW_NEEDED,"licensed_route_metrics_not_available|not_used_in_stats_first_value|missing_or_review_route_target_snap_evidence|missing_lifecycle_or_role_shape_evidence|rotowire_current_team_status_warning | Licensed route metrics unavailable; use as source limitation, not a formula instruction. | not used in stats first value | Need route/target/snap or role-usage evidence. | Need lifecycle/role-shape evidence. | Current team/status was repaired from local RotoWire source context. | Display-only DynastyProcess market baseline; not NWR source truth; not used for model inputs, candidate rank, or hidden sort. | existing_id_present; sleeper_match; dynastyprocess_crosswalk_candidate"
veteran-8138,8138,James Cook,RB,BUF,Veteran Full Dynasty Layer,manual_review_flag,HIGH,REVIEW_NEEDED,"licensed_route_metrics_not_available|not_used_in_stats_first_value|missing_or_review_route_target_snap_evidence|missing_lifecycle_or_role_shape_evidence | Licensed route metrics unavailable; use as source limitation, not a formula instruction. | not used in stats first value | Need route/target/snap or role-usage evidence. | Need lifecycle/role-shape evidence. | Display-only DynastyProcess market baseline; not NWR source truth; not used for model inputs, candidate rank, or hidden sort. | existing_id_present; sleeper_match; dynastyprocess_crosswalk_candidate"
veteran-9997,9997,Zay Flowers,WR,BAL,Veteran Full Dynasty Layer,manual_review_flag,HIGH,REVIEW_NEEDED,"licensed_route_metrics_not_available|not_used_in_stats_first_value|missing_or_review_route_target_snap_evidence|missing_lifecycle_or_role_shape_evidence | Licensed route metrics unavailable; use as source limitation, not a formula instruction. | not used in stats first value | Need route/target/snap or role-usage evidence. | Need lifecycle/role-shape evidence. | Display-only DynastyProcess market baseline; not NWR source truth; not used for model inputs, candidate rank, or hidden sort. | existing_id_present; sleeper_match; dynastyprocess_crosswalk_candidate"
veteran-5859,5859,A.J. Brown,WR,PHI,Veteran Full Dynasty Layer,manual_review_flag,HIGH,REVIEW_NEEDED,"licensed_route_metrics_not_available|not_used_in_stats_first_value|missing_or_review_route_target_snap_evidence|missing_lifecycle_or_role_shape_evidence | Licensed route metrics unavailable; use as source limitation, not a formula instruction. | not used in stats first value | Need route/target/snap or role-usage evidence. | Need lifecycle/role-shape evidence. | Display-only DynastyProcess market baseline; not NWR source truth; not used for model inputs, candidate rank, or hidden sort. | existing_id_present; sleeper_match; dynastyprocess_crosswalk_candidate"
veteran-8144,8144,Chris Olave,WR,NO,Veteran Full Dynasty Layer,manual_review_flag,HIGH,REVIEW_NEEDED,"licensed_route_metrics_not_available|not_used_in_stats_first_value|partial_first_down_confidence_cap|missing_or_review_route_target_snap_evidence|missing_lifecycle_or_role_shape_evidence | Licensed route metrics unavailable; use as source limitation, not a formula instruction. | not used in stats first value | Need stronger first-down evidence or accept confidence cap. | Need route/target/snap or role-usage evidence. | Need lifecycle/role-shape evidence. | Display-only DynastyProcess market baseline; not NWR source truth; not used for model inputs, candidate rank, or hidden sort. | existing_id_present; sleeper_match; dynastyprocess_crosswalk_candidate"
veteran-8150,8150,Kyren Williams,RB,LAR,Veteran Full Dynasty Layer,manual_review_flag,HIGH,REVIEW_NEEDED,"licensed_route_metrics_not_available|not_used_in_stats_first_value|repeated_header_rows_removed=1|partial_first_down_confidence_cap|missing_or_review_route_target_snap_evidence|missing_lifecycle_or_role_shape_evidence | Licensed route metrics unavailable; use as source limitation, not a formula instruction. | not used in stats first value | repeated header rows removed=1 | Need stronger first-down evidence or accept confidence cap. | Need route/target/snap or role-usage evidence. | Need lifecycle/role-shape evidence. | Display-only DynastyProcess market baseline; not NWR source truth; not used for model inputs, candidate rank, or hidden sort. | existing_id_present; sleeper_match; dynastyprocess_crosswalk_candidate"
veteran-7569,7569,Nico Collins,WR,HOU,Veteran Full Dynasty Layer,manual_review_flag,HIGH,REVIEW_NEEDED,"licensed_route_metrics_not_available|not_used_in_stats_first_value|missing_or_review_route_target_snap_evidence|missing_lifecycle_or_role_shape_evidence | Licensed route metrics unavailable; use as source limitation, not a formula instruction. | not used in stats first value | Need route/target/snap or role-usage evidence. | Need lifecycle/role-shape evidence. | Display-only DynastyProcess market baseline; not NWR source truth; not used for model inputs, candidate rank, or hidden sort. | existing_id_present; sleeper_match; dynastyprocess_crosswalk_candidate"
veteran-7553,7553,Kyle Pitts,TE,ATL,Veteran Full Dynasty Layer,manual_review_flag,HIGH,REVIEW_NEEDED,"licensed_route_metrics_not_available|not_used_in_stats_first_value|te_upper_band_guard_v2_elite_exception|missing_or_review_route_target_snap_evidence|missing_lifecycle_or_role_shape_evidence | Licensed route metrics unavailable; use as source limitation, not a formula instruction. | not used in stats first value | te upper band guard v2 elite exception | Need route/target/snap or role-usage evidence. | Need lifecycle/role-shape evidence. | Display-only DynastyProcess market baseline; not NWR source truth; not used for model inputs, candidate rank, or hidden sort. | existing_id_present; sleeper_match; dynastyprocess_crosswalk_candidate"
veteran-4034,4034,Christian McCaffrey,RB,SF,Veteran Full Dynasty Layer,manual_review_flag,HIGH,REVIEW_NEEDED,"licensed_route_metrics_not_available|not_used_in_stats_first_value|rb_dynasty_age_curve_after_27_active|rb_dynasty_age_curve_30_plus_active|rb_age_cliff_guardrail_active|missing_or_review_route_target_snap_evidence|missing_lifecycle_or_role_shape_evidence | Licensed route metrics unavailable; use as source limitation, not a formula instruction. | not used in stats first value | rb dynasty age curve after 27 active | rb dynasty age curve 30 plus active | rb age cliff guardrail active | Need route/target/snap or role-usage evidence. | Need lifecycle/role-shape evidence. | Display-only DynastyProcess market baseline; not NWR source truth; not used for model inputs, candidate rank, or hidden sort. | existing_id_present; sleeper_match; dynastyprocess_crosswalk_candidate"
veteran-4984,4984,Josh Allen,QB,BUF,Veteran Full Dynasty Layer,manual_review_flag,HIGH,REVIEW_NEEDED,"one_qb_context_balance_upper_band_guard_v2|qb_rushing_age_caution_active|missing_or_review_route_target_snap_evidence | one qb context balance upper band guard v2 | qb rushing age caution active | Need route/target/snap or role-usage evidence. | Display-only DynastyProcess market baseline; not NWR source truth; not used for model inputs, candidate rank, or hidden sort. | existing_id_present; sleeper_match; dynastyprocess_crosswalk_candidate"
veteran-8112,8112,Drake London,WR,ATL,Veteran Full Dynasty Layer,manual_review_flag,HIGH,REVIEW_NEEDED,"licensed_route_metrics_not_available|not_used_in_stats_first_value|missing_or_review_route_target_snap_evidence|missing_lifecycle_or_role_shape_evidence | Licensed route metrics unavailable; use as source limitation, not a formula instruction. | not used in stats first value | Need route/target/snap or role-usage evidence. | Need lifecycle/role-shape evidence. | Display-only DynastyProcess market baseline; not NWR source truth; not used for model inputs, candidate rank, or hidden sort. | existing_id_present; sleeper_match; dynastyprocess_crosswalk_candidate"
veteran-11564,11564,Drake Maye,QB,NE,Veteran Full Dynasty Layer,manual_review_flag,HIGH,REVIEW_NEEDED,"partial_first_down_confidence_cap|one_qb_context_balance_upper_band_guard_v2 | Need stronger first-down evidence or accept confidence cap. | one qb context balance upper band guard v2 | Display-only DynastyProcess market baseline; not NWR source truth; not used for model inputs, candidate rank, or hidden sort. | existing_id_present; sleeper_match; dynastyprocess_crosswalk_candidate"
veteran-9224,9224,Chase Brown,RB,CIN,Veteran Full Dynasty Layer,manual_review_flag,HIGH,REVIEW_NEEDED,"licensed_route_metrics_not_available|not_used_in_stats_first_value|missing_or_review_route_target_snap_evidence|missing_lifecycle_or_role_shape_evidence | Licensed route metrics unavailable; use as source limitation, not a formula instruction. | not used in stats first value | Need route/target/snap or role-usage evidence. | Need lifecycle/role-shape evidence. | Display-only DynastyProcess market baseline; not NWR source truth; not used for model inputs, candidate rank, or hidden sort. | existing_id_present; sleeper_match; dynastyprocess_crosswalk_candidate"
veteran-6786,6786,CeeDee Lamb,WR,DAL,Veteran Full Dynasty Layer,manual_review_flag,HIGH,REVIEW_NEEDED,"licensed_route_metrics_not_available|not_used_in_stats_first_value|partial_first_down_confidence_cap|missing_or_review_route_target_snap_evidence|missing_lifecycle_or_role_shape_evidence | Licensed route metrics unavailable; use as source limitation, not a formula instruction. | not used in stats first value | Need stronger first-down evidence or accept confidence cap. | Need route/target/snap or role-usage evidence. | Need lifecycle/role-shape evidence. | Display-only DynastyProcess market baseline; not NWR source truth; not used for model inputs, candidate rank, or hidden sort. | existing_id_present; sleeper_match; dynastyprocess_crosswalk_candidate"
veteran-8148,8148,Jameson Williams,WR,DET,Veteran Full Dynasty Layer,manual_review_flag,HIGH,REVIEW_NEEDED,"licensed_route_metrics_not_available|not_used_in_stats_first_value|partial_first_down_confidence_cap|missing_or_review_route_target_snap_evidence|missing_lifecycle_or_role_shape_evidence | Licensed route metrics unavailable; use as source limitation, not a formula instruction. | not used in stats first value | Need stronger first-down evidence or accept confidence cap. | Need route/target/snap or role-usage evidence. | Need lifecycle/role-shape evidence. | Display-only DynastyProcess market baseline; not NWR source truth; not used for model inputs, candidate rank, or hidden sort. | existing_id_present; sleeper_match; dynastyprocess_crosswalk_candidate"
veteran-6794,6794,Justin Jefferson,WR,MIN,Veteran Full Dynasty Layer,manual_review_flag,HIGH,REVIEW_NEEDED,"licensed_route_metrics_not_available|not_used_in_stats_first_value|partial_first_down_confidence_cap|missing_or_review_route_target_snap_evidence|missing_lifecycle_or_role_shape_evidence | Licensed route metrics unavailable; use as source limitation, not a formula instruction. | not used in stats first value | Need stronger first-down evidence or accept confidence cap. | Need route/target/snap or role-usage evidence. | Need lifecycle/role-shape evidence. | Display-only DynastyProcess market baseline; not NWR source truth; not used for model inputs, candidate rank, or hidden sort. | existing_id_present; sleeper_match; dynastyprocess_crosswalk_candidate"
veteran-7525,7525,DeVonta Smith,WR,PHI,Veteran Full Dynasty Layer,manual_review_flag,HIGH,REVIEW_NEEDED,"licensed_route_metrics_not_available|not_used_in_stats_first_value|missing_or_review_route_target_snap_evidence|missing_lifecycle_or_role_shape_evidence | Licensed route metrics unavailable; use as source limitation, not a formula instruction. | not used in stats first value | Need route/target/snap or role-usage evidence. | Need lifecycle/role-shape evidence. | Display-only DynastyProcess market baseline; not NWR source truth; not used for model inputs, candidate rank, or hidden sort. | existing_id_present; sleeper_match; dynastyprocess_crosswalk_candidate"
veteran-8142,8142,Alec Pierce,WR,IND,Veteran Full Dynasty Layer,manual_review_flag,HIGH,REVIEW_NEEDED,"licensed_route_metrics_not_available|not_used_in_stats_first_value|missing_or_review_route_target_snap_evidence|missing_lifecycle_or_role_shape_evidence | Licensed route metrics unavailable; use as source limitation, not a formula instruction. | not used in stats first value | Need route/target/snap or role-usage evidence. | Need lifecycle/role-shape evidence. | Display-only DynastyProcess market baseline; not NWR source truth; not used for model inputs, candidate rank, or hidden sort. | existing_id_present; sleeper_match; dynastyprocess_crosswalk_candidate"
veteran-5045,5045,Courtland Sutton,WR,DEN,Veteran Full Dynasty Layer,manual_review_flag,HIGH,REVIEW_NEEDED,"licensed_route_metrics_not_available|not_used_in_stats_first_value|wr_dynasty_age_curve_after_30_active|missing_or_review_route_target_snap_evidence|missing_lifecycle_or_role_shape_evidence | Licensed route metrics unavailable; use as source limitation, not a formula instruction. | not used in stats first value | wr dynasty age curve after 30 active | Need route/target/snap or role-usage evidence. | Need lifecycle/role-shape evidence. | Display-only DynastyProcess market baseline; not NWR source truth; not used for model inputs, candidate rank, or hidden sort. | existing_id_present; sleeper_match; dynastyprocess_crosswalk_candidate"
veteran-12526,12526,Tetairoa McMillan,WR,CAR,Veteran Full Dynasty Layer,manual_review_flag,HIGH,REVIEW_NEEDED,"licensed_route_metrics_not_available|not_used_in_stats_first_value|missing_or_review_route_target_snap_evidence|missing_lifecycle_or_role_shape_evidence | Licensed route metrics unavailable; use as source limitation, not a formula instruction. | not used in stats first value | Need route/target/snap or role-usage evidence. | Need lifecycle/role-shape evidence. | Display-only DynastyProcess market baseline; not NWR source truth; not used for model inputs, candidate rank, or hidden sort. | existing_id_present; sleeper_match; dynastyprocess_crosswalk_candidate"
veteran-8155,8155,Breece Hall,RB,NYJ,Veteran Full Dynasty Layer,manual_review_flag,HIGH,REVIEW_NEEDED,"licensed_route_metrics_not_available|not_used_in_stats_first_value|partial_first_down_confidence_cap|missing_or_review_route_target_snap_evidence|missing_lifecycle_or_role_shape_evidence | Licensed route metrics unavailable; use as source limitation, not a formula instruction. | not used in stats first value | Need stronger first-down evidence or accept confidence cap. | Need route/target/snap or role-usage evidence. | Need lifecycle/role-shape evidence. | Display-only DynastyProcess market baseline; not NWR source truth; not used for model inputs, candidate rank, or hidden sort. | existing_id_present; sleeper_match; dynastyprocess_crosswalk_candidate"
veteran-5850,5850,Josh Jacobs,RB,GB,Veteran Full Dynasty Layer,manual_review_flag,HIGH,REVIEW_NEEDED,"licensed_route_metrics_not_available|not_used_in_stats_first_value|partial_first_down_confidence_cap|rb_dynasty_age_curve_after_27_active|rb_age_window_caution_active|missing_or_review_route_target_snap_evidence|missing_lifecycle_or_role_shape_evidence | Licensed route metrics unavailable; use as source limitation, not a formula instruction. | not used in stats first value | Need stronger first-down evidence or accept confidence cap. | rb dynasty age curve after 27 active | rb age window caution active | Need route/target/snap or role-usage evidence. | Need lifecycle/role-shape evidence. | Display-only DynastyProcess market baseline; not NWR source truth; not used for model inputs, candidate rank, or hidden sort. | existing_id_present; sleeper_match; dynastyprocess_crosswalk_candidate"
veteran-7526,7526,Jaylen Waddle,WR,DEN,Veteran Full Dynasty Layer,manual_review_flag,HIGH,REVIEW_NEEDED,"licensed_route_metrics_not_available|not_used_in_stats_first_value|missing_or_review_route_target_snap_evidence|missing_lifecycle_or_role_shape_evidence|rotowire_current_team_status_warning | Licensed route metrics unavailable; use as source limitation, not a formula instruction. | not used in stats first value | Need route/target/snap or role-usage evidence. | Need lifecycle/role-shape evidence. | Current team/status was repaired from local RotoWire source context. | Display-only DynastyProcess market baseline; not NWR source truth; not used for model inputs, candidate rank, or hidden sort. | existing_id_present; sleeper_match; dynastyprocess_crosswalk_candidate"
veteran-10232,10232,Michael Wilson,WR,ARI,Veteran Full Dynasty Layer,manual_review_flag,HIGH,REVIEW_NEEDED,"licensed_route_metrics_not_available|not_used_in_stats_first_value|missing_or_review_route_target_snap_evidence|missing_lifecycle_or_role_shape_evidence | Licensed route metrics unavailable; use as source limitation, not a formula instruction. | not used in stats first value | Need route/target/snap or role-usage evidence. | Need lifecycle/role-shape evidence. | Display-only DynastyProcess market baseline; not NWR source truth; not used for model inputs, candidate rank, or hidden sort. | existing_id_present; sleeper_match; dynastyprocess_crosswalk_candidate"
veteran-6801,6801,Tee Higgins,WR,CIN,Veteran Full Dynasty Layer,manual_review_flag,HIGH,REVIEW_NEEDED,"licensed_route_metrics_not_available|not_used_in_stats_first_value|missing_or_review_route_target_snap_evidence|missing_lifecycle_or_role_shape_evidence | Licensed route metrics unavailable; use as source limitation, not a formula instruction. | not used in stats first value | Need route/target/snap or role-usage evidence. | Need lifecycle/role-shape evidence. | Display-only DynastyProcess market baseline; not NWR source truth; not used for model inputs, candidate rank, or hidden sort. | existing_id_present; sleeper_match; dynastyprocess_crosswalk_candidate"
veteran-5846,5846,DK Metcalf,WR,PIT,Veteran Full Dynasty Layer,manual_review_flag,HIGH,REVIEW_NEEDED,"licensed_route_metrics_not_available|not_used_in_stats_first_value|partial_first_down_confidence_cap|missing_or_review_route_target_snap_evidence|missing_lifecycle_or_role_shape_evidence|rotowire_current_team_status_warning | Licensed route metrics unavailable; use as source limitation, not a formula instruction. | not used in stats first value | Need stronger first-down evidence or accept confidence cap. | Need route/target/snap or role-usage evidence. | Need lifecycle/role-shape evidence. | Current team/status was repaired from local RotoWire source context. | Display-only DynastyProcess market baseline; not NWR source truth; not used for model inputs, candidate rank, or hidden sort. | existing_id_present; sleeper_match; dynastyprocess_crosswalk_candidate"
veteran-7588,7588,Javonte Williams,RB,DAL,Veteran Full Dynasty Layer,manual_review_flag,HIGH,REVIEW_NEEDED,"licensed_route_metrics_not_available|not_used_in_stats_first_value|no_historical_evidence_for_component|partial_first_down_confidence_cap|missing_or_review_route_target_snap_evidence|missing_lifecycle_or_role_shape_evidence|rotowire_current_team_status_warning | Licensed route metrics unavailable; use as source limitation, not a formula instruction. | not used in stats first value | no historical evidence for component | Need stronger first-down evidence or accept confidence cap. | Need route/target/snap or role-usage evidence. | Need lifecycle/role-shape evidence. | Current team/status was repaired from local RotoWire source context. | Display-only DynastyProcess market baseline; not NWR source truth; not used for model inputs, candidate rank, or hidden sort. | existing_id_present; sleeper_match; dynastyprocess_crosswalk_candidate"
veteran-4866,4866,Saquon Barkley,RB,PHI,Veteran Full Dynasty Layer,manual_review_flag,HIGH,REVIEW_NEEDED,"licensed_route_metrics_not_available|not_used_in_stats_first_value|partial_first_down_confidence_cap|rb_dynasty_age_curve_after_27_active|rb_age_cliff_guardrail_active|missing_or_review_route_target_snap_evidence|missing_lifecycle_or_role_shape_evidence | Licensed route metrics unavailable; use as source limitation, not a formula instruction. | not used in stats first value | Need stronger first-down evidence or accept confidence cap. | rb dynasty age curve after 27 active | rb age cliff guardrail active | Need route/target/snap or role-usage evidence. | Need lifecycle/role-shape evidence. | Display-only DynastyProcess market baseline; not NWR source truth; not used for model inputs, candidate rank, or hidden sort. | existing_id_present; sleeper_match; dynastyprocess_crosswalk_candidate"
veteran-6790,6790,D'Andre Swift,RB,CHI,Veteran Full Dynasty Layer,manual_review_flag,HIGH,REVIEW_NEEDED,"licensed_route_metrics_not_available|not_used_in_stats_first_value|no_historical_evidence_for_component|partial_first_down_confidence_cap|rb_dynasty_age_curve_after_27_active|rb_age_window_caution_active|missing_or_review_route_target_snap_evidence|missing_lifecycle_or_role_shape_evidence | Licensed route metrics unavailable; use as source limitation, not a formula instruction. | not used in stats first value | no historical evidence for component | Need stronger first-down evidence or accept confidence cap. | rb dynasty age curve after 27 active | rb age window caution active | Need route/target/snap or role-usage evidence. | Need lifecycle/role-shape evidence. | Display-only DynastyProcess market baseline; not NWR source truth; not used for model inputs, candidate rank, or hidden sort. | existing_id_present; sleeper_match; dynastyprocess_crosswalk_candidate"
veteran-8126,8126,Wan'Dale Robinson,WR,TEN,Veteran Full Dynasty Layer,manual_review_flag,HIGH,REVIEW_NEEDED,"licensed_route_metrics_not_available|not_used_in_stats_first_value|partial_first_down_confidence_cap|missing_or_review_route_target_snap_evidence|missing_lifecycle_or_role_shape_evidence|rotowire_current_team_status_warning | Licensed route metrics unavailable; use as source limitation, not a formula instruction. | not used in stats first value | Need stronger first-down evidence or accept confidence cap. | Need route/target/snap or role-usage evidence. | Need lifecycle/role-shape evidence. | Current team/status was repaired from local RotoWire source context. | Display-only DynastyProcess market baseline; not NWR source truth; not used for model inputs, candidate rank, or hidden sort. | existing_id_present; sleeper_match; dynastyprocess_crosswalk_candidate"
veteran-7543,7543,Travis Etienne,RB,NO,Veteran Full Dynasty Layer,manual_review_flag,HIGH,REVIEW_NEEDED,"licensed_route_metrics_not_available|not_used_in_stats_first_value|no_historical_evidence_for_component|partial_first_down_confidence_cap|rb_dynasty_age_curve_after_27_active|rb_age_window_caution_active|missing_or_review_route_target_snap_evidence|missing_lifecycle_or_role_shape_evidence|rotowire_current_team_status_warning | Licensed route metrics unavailable; use as source limitation, not a formula instruction. | not used in stats first value | no historical evidence for component | Need stronger first-down evidence or accept confidence cap. | rb dynasty age curve after 27 active | rb age window caution active | Need route/target/snap or role-usage evidence. | Need lifecycle/role-shape evidence. | Current team/status was repaired from local RotoWire source context. | Display-only DynastyProcess market baseline; not NWR source truth; not used for model inputs, candidate rank, or hidden sort. | existing_id_present; sleeper_match; dynastyprocess_crosswalk_candidate"
veteran-12514,12514,Emeka Egbuka,WR,TB,Veteran Full Dynasty Layer,manual_review_flag,HIGH,REVIEW_NEEDED,"licensed_route_metrics_not_available|not_used_in_stats_first_value|partial_first_down_confidence_cap|missing_or_review_route_target_snap_evidence|missing_lifecycle_or_role_shape_evidence | Licensed route metrics unavailable; use as source limitation, not a formula instruction. | not used in stats first value | Need stronger first-down evidence or accept confidence cap. | Need route/target/snap or role-usage evidence. | Need lifecycle/role-shape evidence. | Display-only DynastyProcess market baseline; not NWR source truth; not used for model inputs, candidate rank, or hidden sort. | existing_id_present; sleeper_match; dynastyprocess_crosswalk_candidate"
veteran-8228,8228,Jaylen Warren,RB,PIT,Veteran Full Dynasty Layer,manual_review_flag,HIGH,REVIEW_NEEDED,"licensed_route_metrics_not_available|not_used_in_stats_first_value|no_historical_evidence_for_component|shifted_header_expected_player_header_inferred|rb_dynasty_age_curve_after_27_active|rb_age_window_caution_active|missing_or_review_route_target_snap_evidence|missing_lifecycle_or_role_shape_evidence | Licensed route metrics unavailable; use as source limitation, not a formula instruction. | not used in stats first value | no historical evidence for component | shifted header expected player header inferred | rb dynasty age curve after 27 active | rb age window caution active | Need route/target/snap or role-usage evidence. | Need lifecycle/role-shape evidence. | Display-only DynastyProcess market baseline; not NWR source truth; not used for model inputs, candidate rank, or hidden sort. | existing_id_present; sleeper_match; dynastyprocess_crosswalk_candidate"
veteran-9487,9487,Parker Washington,WR,JAX,Veteran Full Dynasty Layer,manual_review_flag,HIGH,REVIEW_NEEDED,"licensed_route_metrics_not_available|not_used_in_stats_first_value|repeated_header_rows_removed=1|shifted_header_expected_player_header_inferred|first_down_missing_confidence_cap|missing_or_review_route_target_snap_evidence|missing_lifecycle_or_role_shape_evidence | Licensed route metrics unavailable; use as source limitation, not a formula instruction. | not used in stats first value | repeated header rows removed=1 | shifted header expected player header inferred | first down missing confidence cap | Need route/target/snap or role-usage evidence. | Need lifecycle/role-shape evidence. | Display-only DynastyProcess market baseline; not NWR source truth; not used for model inputs, candidate rank, or hidden sort. | existing_id_present; sleeper_match; dynastyprocess_crosswalk_candidate"
veteran-11604,11604,Brock Bowers,TE,LV,Veteran Full Dynasty Layer,manual_review_flag,HIGH,REVIEW_NEEDED,"licensed_route_metrics_not_available|not_used_in_stats_first_value|partial_first_down_confidence_cap|no_premium_te_small_gap_cap|te_upper_band_guard_v2_elite_exception|missing_or_review_route_target_snap_evidence|missing_lifecycle_or_role_shape_evidence | Licensed route metrics unavailable; use as source limitation, not a formula instruction. | not used in stats first value | Need stronger first-down evidence or accept confidence cap. | no premium te small gap cap | te upper band guard v2 elite exception | Need route/target/snap or role-usage evidence. | Need lifecycle/role-shape evidence. | Display-only DynastyProcess market baseline; not NWR source truth; not used for model inputs, candidate rank, or hidden sort. | existing_id_present; sleeper_match; dynastyprocess_crosswalk_candidate"
veteran-12527,12527,Ashton Jeanty,RB,LV,Veteran Full Dynasty Layer,manual_review_flag,HIGH,REVIEW_NEEDED,"licensed_route_metrics_not_available|not_used_in_stats_first_value|no_historical_evidence_for_component|partial_first_down_confidence_cap|missing_or_review_route_target_snap_evidence|missing_lifecycle_or_role_shape_evidence | Licensed route metrics unavailable; use as source limitation, not a formula instruction. | not used in stats first value | no historical evidence for component | Need stronger first-down evidence or accept confidence cap. | Need route/target/snap or role-usage evidence. | Need lifecycle/role-shape evidence. | Display-only DynastyProcess market baseline; not NWR source truth; not used for model inputs, candidate rank, or hidden sort. | existing_id_present; sleeper_match; dynastyprocess_crosswalk_candidate"
veteran-2133,2133,Davante Adams,WR,LAR,Veteran Full Dynasty Layer,manual_review_flag,HIGH,REVIEW_NEEDED,"licensed_route_metrics_not_available|not_used_in_stats_first_value|wr_dynasty_age_curve_after_30_active|wr_mid_30s_age_cliff_active|missing_or_review_route_target_snap_evidence|missing_lifecycle_or_role_shape_evidence | Licensed route metrics unavailable; use as source limitation, not a formula instruction. | not used in stats first value | wr dynasty age curve after 30 active | wr mid 30s age cliff active | Need route/target/snap or role-usage evidence. | Need lifecycle/role-shape evidence. | Display-only DynastyProcess market baseline; not NWR source truth; not used for model inputs, candidate rank, or hidden sort. | existing_id_present; sleeper_match; dynastyprocess_crosswalk_candidate"
veteran-11620,11620,Rome Odunze,WR,CHI,Veteran Full Dynasty Layer,manual_review_flag,HIGH,REVIEW_NEEDED,"licensed_route_metrics_not_available|not_used_in_stats_first_value|missing_or_review_route_target_snap_evidence|missing_lifecycle_or_role_shape_evidence | Licensed route metrics unavailable; use as source limitation, not a formula instruction. | not used in stats first value | Need route/target/snap or role-usage evidence. | Need lifecycle/role-shape evidence. | Display-only DynastyProcess market baseline; not NWR source truth; not used for model inputs, candidate rank, or hidden sort. | existing_id_present; sleeper_match; dynastyprocess_crosswalk_candidate"
veteran-5927,5927,Terry McLaurin,WR,WAS,Veteran Full Dynasty Layer,manual_review_flag,HIGH,REVIEW_NEEDED,"licensed_route_metrics_not_available|not_used_in_stats_first_value|first_down_missing_confidence_cap|wr_dynasty_age_curve_after_30_active|missing_or_review_route_target_snap_evidence|missing_lifecycle_or_role_shape_evidence | Licensed route metrics unavailable; use as source limitation, not a formula instruction. | not used in stats first value | first down missing confidence cap | wr dynasty age curve after 30 active | Need route/target/snap or role-usage evidence. | Need lifecycle/role-shape evidence. | Display-only DynastyProcess market baseline; not NWR source truth; not used for model inputs, candidate rank, or hidden sort. | existing_id_present; sleeper_match; dynastyprocess_crosswalk_candidate"
veteran-6819,6819,Michael Pittman,WR,PIT,Veteran Full Dynasty Layer,manual_review_flag,HIGH,REVIEW_NEEDED,"licensed_route_metrics_not_available|not_used_in_stats_first_value|missing_or_review_route_target_snap_evidence|missing_lifecycle_or_role_shape_evidence|rotowire_current_team_status_warning | Licensed route metrics unavailable; use as source limitation, not a formula instruction. | not used in stats first value | Need route/target/snap or role-usage evidence. | Need lifecycle/role-shape evidence. | Current team/status was repaired from local RotoWire source context. | Display-only DynastyProcess market baseline; not NWR source truth; not used for model inputs, candidate rank, or hidden sort. | existing_id_present; sleeper_match; dynastyprocess_crosswalk_candidate"
veteran-11635,11635,Ladd McConkey,WR,LAC,Veteran Full Dynasty Layer,manual_review_flag,HIGH,REVIEW_NEEDED,"licensed_route_metrics_not_available|not_used_in_stats_first_value|repeated_header_rows_removed=1|missing_or_review_route_target_snap_evidence|missing_lifecycle_or_role_shape_evidence | Licensed route metrics unavailable; use as source limitation, not a formula instruction. | not used in stats first value | repeated header rows removed=1 | Need route/target/snap or role-usage evidence. | Need lifecycle/role-shape evidence. | Display-only DynastyProcess market baseline; not NWR source truth; not used for model inputs, candidate rank, or hidden sort. | existing_id_present; sleeper_match; dynastyprocess_crosswalk_candidate"
veteran-7021,7021,Rico Dowdle,RB,PIT,Veteran Full Dynasty Layer,manual_review_flag,HIGH,REVIEW_NEEDED,"licensed_route_metrics_not_available|not_used_in_stats_first_value|no_historical_evidence_for_component|shifted_header_expected_player_header_inferred|rb_dynasty_age_curve_after_27_active|rb_age_window_caution_active|missing_or_review_route_target_snap_evidence|missing_lifecycle_or_role_shape_evidence|rotowire_current_team_status_warning | Licensed route metrics unavailable; use as source limitation, not a formula instruction. | not used in stats first value | no historical evidence for component | shifted header expected player header inferred | rb dynasty age curve after 27 active | rb age window caution active | Need route/target/snap or role-usage evidence. | Need lifecycle/role-shape evidence. | Current team/status was repaired from local RotoWire source context. | Display-only DynastyProcess market baseline; not NWR source truth; not used for model inputs, candidate rank, or hidden sort. | existing_id_present; sleeper_match; dynastyprocess_crosswalk_candidate"
veteran-8167,8167,Christian Watson,WR,GB,Veteran Full Dynasty Layer,manual_review_flag,HIGH,REVIEW_NEEDED,"licensed_route_metrics_not_available|not_used_in_stats_first_value|first_down_missing_confidence_cap|missing_or_review_route_target_snap_evidence|missing_lifecycle_or_role_shape_evidence | Licensed route metrics unavailable; use as source limitation, not a formula instruction. | not used in stats first value | first down missing confidence cap | Need route/target/snap or role-usage evidence. | Need lifecycle/role-shape evidence. | Display-only DynastyProcess market baseline; not NWR source truth; not used for model inputs, candidate rank, or hidden sort. | existing_id_present; sleeper_match; dynastyprocess_crosswalk_candidate"
veteran-11632,11632,Malik Nabers,WR,NYG,Veteran Full Dynasty Layer,manual_review_flag,HIGH,REVIEW_NEEDED,"licensed_route_metrics_not_available|not_used_in_stats_first_value|missing_or_review_route_target_snap_evidence|missing_lifecycle_or_role_shape_evidence | Licensed route metrics unavailable; use as source limitation, not a formula instruction. | not used in stats first value | Need route/target/snap or role-usage evidence. | Need lifecycle/role-shape evidence. | Display-only DynastyProcess market baseline; not NWR source truth; not used for model inputs, candidate rank, or hidden sort. | existing_id_present; sleeper_match; dynastyprocess_crosswalk_candidate"
veteran-12518,12518,Tyler Warren,TE,IND,Veteran Full Dynasty Layer,manual_review_flag,HIGH,REVIEW_NEEDED,"licensed_route_metrics_not_available|not_used_in_stats_first_value|partial_first_down_confidence_cap|no_premium_te_small_gap_cap|te_upper_band_guard_v2_te_exception_gate_not_met|missing_or_review_route_target_snap_evidence|missing_lifecycle_or_role_shape_evidence | Licensed route metrics unavailable; use as source limitation, not a formula instruction. | not used in stats first value | Need stronger first-down evidence or accept confidence cap. | no premium te small gap cap | te upper band guard v2 te exception gate not met | Need route/target/snap or role-usage evidence. | Need lifecycle/role-shape evidence. | Display-only DynastyProcess market baseline; not NWR source truth; not used for model inputs, candidate rank, or hidden sort. | existing_id_present; sleeper_match; dynastyprocess_crosswalk_candidate"
veteran-2449,2449,Stefon Diggs,WR,UNKNOWN,Veteran Full Dynasty Layer,manual_review_flag,HIGH,REVIEW_NEEDED,"licensed_route_metrics_not_available|not_used_in_stats_first_value|wr_dynasty_age_curve_after_30_active|missing_or_review_route_target_snap_evidence|missing_lifecycle_or_role_shape_evidence|rotowire_current_status_no_team | Licensed route metrics unavailable; use as source limitation, not a formula instruction. | not used in stats first value | wr dynasty age curve after 30 active | Need route/target/snap or role-usage evidence. | Need lifecycle/role-shape evidence. | Local RotoWire source verifies no current NFL team; do not invent a team. | Display-only DynastyProcess market baseline; not NWR source truth; not used for model inputs, candidate rank, or hidden sort. | existing_id_present; sleeper_match; dynastyprocess_crosswalk_candidate"
veteran-8146,8146,Garrett Wilson,WR,NYJ,Veteran Full Dynasty Layer,manual_review_flag,HIGH,REVIEW_NEEDED,"licensed_route_metrics_not_available|not_used_in_stats_first_value|first_down_missing_confidence_cap|missing_or_review_route_target_snap_evidence|missing_lifecycle_or_role_shape_evidence | Licensed route metrics unavailable; use as source limitation, not a formula instruction. | not used in stats first value | first down missing confidence cap | Need route/target/snap or role-usage evidence. | Need lifecycle/role-shape evidence. | Display-only DynastyProcess market baseline; not NWR source truth; not used for model inputs, candidate rank, or hidden sort. | existing_id_present; sleeper_match; dynastyprocess_crosswalk_candidate"
veteran-6904,6904,Jalen Hurts,QB,PHI,Veteran Full Dynasty Layer,manual_review_flag,HIGH,REVIEW_NEEDED,"one_qb_small_vorp_gap_cap|one_qb_context_balance_upper_band_guard_v2|missing_or_review_route_target_snap_evidence | one qb small vorp gap cap | one qb context balance upper band guard v2 | Need route/target/snap or role-usage evidence. | Display-only DynastyProcess market baseline; not NWR source truth; not used for model inputs, candidate rank, or hidden sort. | existing_id_present; sleeper_match; dynastyprocess_crosswalk_candidate"
veteran-5947,5947,Jakobi Meyers,WR,JAX,Veteran Full Dynasty Layer,manual_review_flag,HIGH,REVIEW_NEEDED,"licensed_route_metrics_not_available|not_used_in_stats_first_value|first_down_missing_confidence_cap|missing_or_review_route_target_snap_evidence|missing_lifecycle_or_role_shape_evidence|rotowire_current_team_status_warning | Licensed route metrics unavailable; use as source limitation, not a formula instruction. | not used in stats first value | first down missing confidence cap | Need route/target/snap or role-usage evidence. | Need lifecycle/role-shape evidence. | Current team/status was repaired from local RotoWire source context. | Display-only DynastyProcess market baseline; not NWR source truth; not used for model inputs, candidate rank, or hidden sort. | existing_id_present; sleeper_match; dynastyprocess_crosswalk_candidate"
veteran-3198,3198,Derrick Henry,RB,BAL,Veteran Full Dynasty Layer,manual_review_flag,HIGH,REVIEW_NEEDED,"licensed_route_metrics_not_available|not_used_in_stats_first_value|rb_dynasty_age_curve_after_27_active|rb_dynasty_age_curve_30_plus_active|rb_extreme_age_cliff_active|rb_age_cliff_guardrail_active|missing_or_review_route_target_snap_evidence|missing_lifecycle_or_role_shape_evidence | Licensed route metrics unavailable; use as source limitation, not a formula instruction. | not used in stats first value | rb dynasty age curve after 27 active | rb dynasty age curve 30 plus active | rb extreme age cliff active | rb age cliff guardrail active | Need route/target/snap or role-usage evidence. | Need lifecycle/role-shape evidence. | Display-only DynastyProcess market baseline; not NWR source truth; not used for model inputs, candidate rank, or hidden sort. | existing_id_present; sleeper_match; dynastyprocess_crosswalk_candidate"
veteran-9756,9756,Jordan Addison,WR,MIN,Veteran Full Dynasty Layer,manual_review_flag,HIGH,REVIEW_NEEDED,"licensed_route_metrics_not_available|not_used_in_stats_first_value|missing_or_review_route_target_snap_evidence|missing_lifecycle_or_role_shape_evidence | Licensed route metrics unavailable; use as source limitation, not a formula instruction. | not used in stats first value | Need route/target/snap or role-usage evidence. | Need lifecycle/role-shape evidence. | Display-only DynastyProcess market baseline; not NWR source truth; not used for model inputs, candidate rank, or hidden sort. | existing_id_present; sleeper_match; dynastyprocess_crosswalk_candidate"
veteran-9754,9754,Quentin Johnston,WR,LAC,Veteran Full Dynasty Layer,manual_review_flag,HIGH,REVIEW_NEEDED,"licensed_route_metrics_not_available|not_used_in_stats_first_value|first_down_missing_confidence_cap|missing_or_review_route_target_snap_evidence|missing_lifecycle_or_role_shape_evidence | Licensed route metrics unavailable; use as source limitation, not a formula instruction. | not used in stats first value | first down missing confidence cap | Need route/target/snap or role-usage evidence. | Need lifecycle/role-shape evidence. | Display-only DynastyProcess market baseline; not NWR source truth; not used for model inputs, candidate rank, or hidden sort. | existing_id_present; sleeper_match; dynastyprocess_crosswalk_candidate"
veteran-11627,11627,Troy Franklin,WR,DEN,Veteran Full Dynasty Layer,manual_review_flag,HIGH,REVIEW_NEEDED,"licensed_route_metrics_not_available|not_used_in_stats_first_value|partial_first_down_confidence_cap|missing_or_review_route_target_snap_evidence|missing_lifecycle_or_role_shape_evidence | Licensed route metrics unavailable; use as source limitation, not a formula instruction. | not used in stats first value | Need stronger first-down evidence or accept confidence cap. | Need route/target/snap or role-usage evidence. | Need lifecycle/role-shape evidence. | Display-only DynastyProcess market baseline; not NWR source truth; not used for model inputs, candidate rank, or hidden sort. | existing_id_present; sleeper_match; dynastyprocess_crosswalk_candidate"
veteran-3294,3294,Dak Prescott,QB,DAL,Veteran Full Dynasty Layer,manual_review_flag,HIGH,REVIEW_NEEDED,"one_qb_pocket_mid_qb_cap|one_qb_context_balance_upper_band_guard_v2 | one qb pocket mid qb cap | one qb context balance upper band guard v2 | Display-only DynastyProcess market baseline; not NWR source truth; not used for model inputs, candidate rank, or hidden sort. | existing_id_present; sleeper_match; dynastyprocess_crosswalk_candidate"
veteran-6783,6783,Jerry Jeudy,WR,CLE,Veteran Full Dynasty Layer,manual_review_flag,HIGH,REVIEW_NEEDED,"licensed_route_metrics_not_available|not_used_in_stats_first_value|first_down_missing_confidence_cap|missing_or_review_route_target_snap_evidence|missing_lifecycle_or_role_shape_evidence | Licensed route metrics unavailable; use as source limitation, not a formula instruction. | not used in stats first value | first down missing confidence cap | Need route/target/snap or role-usage evidence. | Need lifecycle/role-shape evidence. | Display-only DynastyProcess market baseline; not NWR source truth; not used for model inputs, candidate rank, or hidden sort. | existing_id_present; sleeper_match; dynastyprocess_crosswalk_candidate"
veteran-8134,8134,Khalil Shakir,WR,BUF,Veteran Full Dynasty Layer,manual_review_flag,HIGH,REVIEW_NEEDED,"licensed_route_metrics_not_available|not_used_in_stats_first_value|partial_first_down_confidence_cap|missing_or_review_route_target_snap_evidence|missing_lifecycle_or_role_shape_evidence | Licensed route metrics unavailable; use as source limitation, not a formula instruction. | not used in stats first value | Need stronger first-down evidence or accept confidence cap. | Need route/target/snap or role-usage evidence. | Need lifecycle/role-shape evidence. | Display-only DynastyProcess market baseline; not NWR source truth; not used for model inputs, candidate rank, or hidden sort. | existing_id_present; sleeper_match; dynastyprocess_crosswalk_candidate"
veteran-8151,8151,Kenneth Walker,RB,KC,Veteran Full Dynasty Layer,manual_review_flag,HIGH,REVIEW_NEEDED,"missing_stats_first_component_evidence|missing_efficiency_context_evidence|missing_stats_first_confidence_cap|missing_or_review_route_target_snap_evidence|missing_lifecycle_or_role_shape_evidence|rotowire_current_team_status_warning | Need stats-first component evidence. | missing efficiency context evidence | missing stats first confidence cap | Need route/target/snap or role-usage evidence. | Need lifecycle/role-shape evidence. | Current team/status was repaired from local RotoWire source context. | Display-only DynastyProcess market baseline; not NWR source truth; not used for model inputs, candidate rank, or hidden sort. | existing_id_present; sleeper_match; dynastyprocess_crosswalk_candidate"
veteran-3214,3214,Hunter Henry,TE,NE,Veteran Full Dynasty Layer,manual_review_flag,HIGH,REVIEW_NEEDED,"licensed_route_metrics_not_available|not_used_in_stats_first_value|te_upper_band_guard_v2_te_exception_gate_not_met|te_no_premium_age_curve_after_30_active|missing_or_review_route_target_snap_evidence|missing_lifecycle_or_role_shape_evidence | Licensed route metrics unavailable; use as source limitation, not a formula instruction. | not used in stats first value | te upper band guard v2 te exception gate not met | te no premium age curve after 30 active | Need route/target/snap or role-usage evidence. | Need lifecycle/role-shape evidence. | Display-only DynastyProcess market baseline; not NWR source truth; not used for model inputs, candidate rank, or hidden sort. | existing_id_present; sleeper_match; dynastyprocess_crosswalk_candidate"
veteran-11628,11628,Marvin Harrison,WR,ARI,Veteran Full Dynasty Layer,manual_review_flag,HIGH,REVIEW_NEEDED,"missing_stats_first_component_evidence|missing_efficiency_context_evidence|missing_stats_first_confidence_cap|missing_or_review_route_target_snap_evidence|missing_lifecycle_or_role_shape_evidence | Need stats-first component evidence. | missing efficiency context evidence | missing stats first confidence cap | Need route/target/snap or role-usage evidence. | Need lifecycle/role-shape evidence. | Display-only DynastyProcess market baseline; not NWR source truth; not used for model inputs, candidate rank, or hidden sort. | existing_id_present; sleeper_match; dynastyprocess_crosswalk_candidate"
veteran-5967,5967,Tony Pollard,RB,TEN,Veteran Full Dynasty Layer,manual_review_flag,HIGH,REVIEW_NEEDED,"licensed_route_metrics_not_available|not_used_in_stats_first_value|no_historical_evidence_for_component|rb_dynasty_age_curve_after_27_active|rb_age_cliff_guardrail_active|missing_or_review_route_target_snap_evidence|missing_lifecycle_or_role_shape_evidence | Licensed route metrics unavailable; use as source limitation, not a formula instruction. | not used in stats first value | no historical evidence for component | rb dynasty age curve after 27 active | rb age cliff guardrail active | Need route/target/snap or role-usage evidence. | Need lifecycle/role-shape evidence. | Display-only DynastyProcess market baseline; not NWR source truth; not used for model inputs, candidate rank, or hidden sort. | existing_id_present; sleeper_match; dynastyprocess_crosswalk_candidate"
veteran-5001,5001,Dalton Schultz,TE,HOU,Veteran Full Dynasty Layer,manual_review_flag,HIGH,REVIEW_NEEDED,"licensed_route_metrics_not_available|not_used_in_stats_first_value|no_premium_te_small_gap_cap|te_upper_band_guard_v2_te_exception_gate_not_met|te_no_premium_age_curve_after_30_active|missing_or_review_route_target_snap_evidence|missing_lifecycle_or_role_shape_evidence | Licensed route metrics unavailable; use as source limitation, not a formula instruction. | not used in stats first value | no premium te small gap cap | te upper band guard v2 te exception gate not met | te no premium age curve after 30 active | Need route/target/snap or role-usage evidence. | Need lifecycle/role-shape evidence. | Display-only DynastyProcess market baseline; not NWR source truth; not used for model inputs, candidate rank, or hidden sort. | existing_id_present; sleeper_match; dynastyprocess_crosswalk_candidate"
veteran-4981,4981,Calvin Ridley,WR,TEN,Veteran Full Dynasty Layer,manual_review_flag,HIGH,REVIEW_NEEDED,"licensed_route_metrics_not_available|not_used_in_stats_first_value|wr_dynasty_age_curve_after_30_active|missing_or_review_route_target_snap_evidence|missing_lifecycle_or_role_shape_evidence | Licensed route metrics unavailable; use as source limitation, not a formula instruction. | not used in stats first value | wr dynasty age curve after 30 active | Need route/target/snap or role-usage evidence. | Need lifecycle/role-shape evidence. | Display-only DynastyProcess market baseline; not NWR source truth; not used for model inputs, candidate rank, or hidden sort. | existing_id_present; sleeper_match; dynastyprocess_crosswalk_candidate"
veteran-10229,10229,Rashee Rice,WR,KC,Veteran Full Dynasty Layer,manual_review_flag,HIGH,REVIEW_NEEDED,"licensed_route_metrics_not_available|not_used_in_stats_first_value|partial_first_down_confidence_cap|missing_or_review_route_target_snap_evidence|missing_lifecycle_or_role_shape_evidence | Licensed route metrics unavailable; use as source limitation, not a formula instruction. | not used in stats first value | Need stronger first-down evidence or accept confidence cap. | Need route/target/snap or role-usage evidence. | Need lifecycle/role-shape evidence. | Display-only DynastyProcess market baseline; not NWR source truth; not used for model inputs, candidate rank, or hidden sort. | existing_id_present; sleeper_match; dynastyprocess_crosswalk_candidate"
veteran-7567,7567,Kenneth Gainwell,RB,TB,Veteran Full Dynasty Layer,manual_review_flag,HIGH,REVIEW_NEEDED,"licensed_route_metrics_not_available|not_used_in_stats_first_value|no_historical_evidence_for_component|shifted_header_expected_player_header_inferred|rb_dynasty_age_curve_after_27_active|rb_age_window_caution_active|missing_or_review_route_target_snap_evidence|missing_lifecycle_or_role_shape_evidence|rotowire_current_team_status_warning | Licensed route metrics unavailable; use as source limitation, not a formula instruction. | not used in stats first value | no historical evidence for component | shifted header expected player header inferred | rb dynasty age curve after 27 active | rb age window caution active | Need route/target/snap or role-usage evidence. | Need lifecycle/role-shape evidence. | Current team/status was repaired from local RotoWire source context. | Display-only DynastyProcess market baseline; not NWR source truth; not used for model inputs, candidate rank, or hidden sort. | existing_id_present; sleeper_match; dynastyprocess_crosswalk_candidate"
veteran-9500,9500,Josh Downs,WR,IND,Veteran Full Dynasty Layer,manual_review_flag,HIGH,REVIEW_NEEDED,"licensed_route_metrics_not_available|not_used_in_stats_first_value|repeated_header_rows_removed=1|first_down_missing_confidence_cap|missing_or_review_route_target_snap_evidence|missing_lifecycle_or_role_shape_evidence | Licensed route metrics unavailable; use as source limitation, not a formula instruction. | not used in stats first value | repeated header rows removed=1 | first down missing confidence cap | Need route/target/snap or role-usage evidence. | Need lifecycle/role-shape evidence. | Display-only DynastyProcess market baseline; not NWR source truth; not used for model inputs, candidate rank, or hidden sort. | existing_id_present; sleeper_match; dynastyprocess_crosswalk_candidate"
veteran-11631,11631,Brian Thomas,WR,JAX,Veteran Full Dynasty Layer,manual_review_flag,HIGH,REVIEW_NEEDED,"missing_stats_first_component_evidence|missing_efficiency_context_evidence|partial_first_down_confidence_cap|missing_stats_first_confidence_cap|missing_or_review_route_target_snap_evidence|missing_lifecycle_or_role_shape_evidence | Need stats-first component evidence. | missing efficiency context evidence | Need stronger first-down evidence or accept confidence cap. | missing stats first confidence cap | Need route/target/snap or role-usage evidence. | Need lifecycle/role-shape evidence. | Display-only DynastyProcess market baseline; not NWR source truth; not used for model inputs, candidate rank, or hidden sort. | existing_id_present; sleeper_match; dynastyprocess_crosswalk_candidate"
veteran-12512,12512,Quinshon Judkins,RB,CLE,Veteran Full Dynasty Layer,manual_review_flag,HIGH,REVIEW_NEEDED,"licensed_route_metrics_not_available|not_used_in_stats_first_value|no_historical_evidence_for_component|missing_or_review_route_target_snap_evidence|missing_lifecycle_or_role_shape_evidence | Licensed route metrics unavailable; use as source limitation, not a formula instruction. | not used in stats first value | no historical evidence for component | Need route/target/snap or role-usage evidence. | Need lifecycle/role-shape evidence. | Display-only DynastyProcess market baseline; not NWR source truth; not used for model inputs, candidate rank, or hidden sort. | existing_id_present; sleeper_match; dynastyprocess_crosswalk_candidate"
veteran-6803,6803,Brandon Aiyuk,WR,SF,Veteran Full Dynasty Layer,manual_review_flag,HIGH,REVIEW_NEEDED,"licensed_route_metrics_not_available|not_used_in_stats_first_value|missing_or_review_route_target_snap_evidence|missing_lifecycle_or_role_shape_evidence | Licensed route metrics unavailable; use as source limitation, not a formula instruction. | not used in stats first value | Need route/target/snap or role-usage evidence. | Need lifecycle/role-shape evidence. | Display-only DynastyProcess market baseline; not NWR source truth; not used for model inputs, candidate rank, or hidden sort. | existing_id_present; sleeper_match; dynastyprocess_crosswalk_candidate"
veteran-12519,12519,Luther Burden,WR,CHI,Veteran Full Dynasty Layer,manual_review_flag,HIGH,REVIEW_NEEDED,"missing_stats_first_component_evidence|missing_efficiency_context_evidence|partial_first_down_confidence_cap|missing_stats_first_confidence_cap|missing_or_review_first_down_evidence|missing_lifecycle_or_role_shape_evidence | Need stats-first component evidence. | missing efficiency context evidence | Need stronger first-down evidence or accept confidence cap. | missing stats first confidence cap | missing or review first down evidence | Need lifecycle/role-shape evidence. | Display-only DynastyProcess market baseline; not NWR source truth; not used for model inputs, candidate rank, or hidden sort. | existing_id_present; sleeper_match; dynastyprocess_crosswalk_candidate"
veteran-8110,8110,Jake Ferguson,TE,DAL,Veteran Full Dynasty Layer,manual_review_flag,HIGH,REVIEW_NEEDED,"licensed_route_metrics_not_available|not_used_in_stats_first_value|partial_first_down_confidence_cap|no_premium_te_small_gap_cap|te_upper_band_guard_v2_te_exception_gate_not_met|missing_or_review_route_target_snap_evidence|missing_lifecycle_or_role_shape_evidence | Licensed route metrics unavailable; use as source limitation, not a formula instruction. | not used in stats first value | Need stronger first-down evidence or accept confidence cap. | no premium te small gap cap | te upper band guard v2 te exception gate not met | Need route/target/snap or role-usage evidence. | Need lifecycle/role-shape evidence. | Display-only DynastyProcess market baseline; not NWR source truth; not used for model inputs, candidate rank, or hidden sort. | existing_id_present; sleeper_match; dynastyprocess_crosswalk_candidate"
veteran-11638,11638,Ricky Pearsall,WR,SF,Veteran Full Dynasty Layer,manual_review_flag,HIGH,REVIEW_NEEDED,"licensed_route_metrics_not_available|not_used_in_stats_first_value|repeated_header_rows_removed=1|first_down_missing_confidence_cap|missing_or_review_route_target_snap_evidence|missing_lifecycle_or_role_shape_evidence | Licensed route metrics unavailable; use as source limitation, not a formula instruction. | not used in stats first value | repeated header rows removed=1 | first down missing confidence cap | Need route/target/snap or role-usage evidence. | Need lifecycle/role-shape evidence. | Display-only DynastyProcess market baseline; not NWR source truth; not used for model inputs, candidate rank, or hidden sort. | existing_id_present; sleeper_match; dynastyprocess_crosswalk_candidate"
veteran-6149,6149,Darius Slayton,WR,NYG,Veteran Full Dynasty Layer,manual_review_flag,HIGH,REVIEW_NEEDED,"licensed_route_metrics_not_available|not_used_in_stats_first_value|repeated_header_rows_removed=1|first_down_missing_confidence_cap|missing_or_review_route_target_snap_evidence|missing_lifecycle_or_role_shape_evidence | Licensed route metrics unavailable; use as source limitation, not a formula instruction. | not used in stats first value | repeated header rows removed=1 | first down missing confidence cap | Need route/target/snap or role-usage evidence. | Need lifecycle/role-shape evidence. | Display-only DynastyProcess market baseline; not NWR source truth; not used for model inputs, candidate rank, or hidden sort. | existing_id_present; sleeper_match; dynastyprocess_crosswalk_candidate"
veteran-8121,8121,Romeo Doubs,WR,NE,Veteran Full Dynasty Layer,manual_review_flag,HIGH,REVIEW_NEEDED,"licensed_route_metrics_not_available|not_used_in_stats_first_value|first_down_missing_confidence_cap|missing_or_review_route_target_snap_evidence|missing_lifecycle_or_role_shape_evidence|rotowire_current_team_status_warning | Licensed route metrics unavailable; use as source limitation, not a formula instruction. | not used in stats first value | first down missing confidence cap | Need route/target/snap or role-usage evidence. | Need lifecycle/role-shape evidence. | Current team/status was repaired from local RotoWire source context. | Display-only DynastyProcess market baseline; not NWR source truth; not used for model inputs, candidate rank, or hidden sort. | existing_id_present; sleeper_match; dynastyprocess_crosswalk_candidate"
veteran-8676,8676,Rashid Shaheed,WR,SEA,Veteran Full Dynasty Layer,manual_review_flag,HIGH,REVIEW_NEEDED,"licensed_route_metrics_not_available|not_used_in_stats_first_value|repeated_header_rows_removed=1|first_down_missing_confidence_cap|missing_or_review_route_target_snap_evidence|missing_lifecycle_or_role_shape_evidence|rotowire_current_team_status_warning | Licensed route metrics unavailable; use as source limitation, not a formula instruction. | not used in stats first value | repeated header rows removed=1 | first down missing confidence cap | Need route/target/snap or role-usage evidence. | Need lifecycle/role-shape evidence. | Current team/status was repaired from local RotoWire source context. | Display-only DynastyProcess market baseline; not NWR source truth; not used for model inputs, candidate rank, or hidden sort. | existing_id_present; sleeper_match; dynastyprocess_crosswalk_candidate"
veteran-7049,7049,Jauan Jennings,WR,MIN,Veteran Full Dynasty Layer,manual_review_flag,HIGH,REVIEW_NEEDED,"licensed_route_metrics_not_available|not_used_in_stats_first_value|first_down_missing_confidence_cap|missing_or_review_route_target_snap_evidence|missing_lifecycle_or_role_shape_evidence|rotowire_current_team_status_warning | Licensed route metrics unavailable; use as source limitation, not a formula instruction. | not used in stats first value | first down missing confidence cap | Need route/target/snap or role-usage evidence. | Need lifecycle/role-shape evidence. | Current team/status was repaired from local RotoWire source context. | Display-only DynastyProcess market baseline; not NWR source truth; not used for model inputs, candidate rank, or hidden sort. | existing_id_present; sleeper_match; dynastyprocess_crosswalk_candidate"
veteran-12540,12540,Chimere Dike,WR,TEN,Veteran Full Dynasty Layer,manual_review_flag,HIGH,REVIEW_NEEDED,"licensed_route_metrics_not_available|not_used_in_stats_first_value|no_historical_evidence_for_component|shifted_header_expected_player_header_inferred|partial_first_down_confidence_cap|missing_or_review_route_target_snap_evidence|missing_lifecycle_or_role_shape_evidence | Licensed route metrics unavailable; use as source limitation, not a formula instruction. | not used in stats first value | no historical evidence for component | shifted header expected player header inferred | Need stronger first-down evidence or accept confidence cap. | Need route/target/snap or role-usage evidence. | Need lifecycle/role-shape evidence. | Display-only DynastyProcess market baseline; not NWR source truth; not used for model inputs, candidate rank, or hidden sort. | existing_id_present; sleeper_match; dynastyprocess_crosswalk_candidate"
veteran-10213,10213,Tre Tucker,WR,LV,Veteran Full Dynasty Layer,manual_review_flag,HIGH,REVIEW_NEEDED,"licensed_route_metrics_not_available|not_used_in_stats_first_value|repeated_header_rows_removed=1|partial_first_down_confidence_cap|missing_or_review_route_target_snap_evidence|missing_lifecycle_or_role_shape_evidence | Licensed route metrics unavailable; use as source limitation, not a formula instruction. | not used in stats first value | repeated header rows removed=1 | Need stronger first-down evidence or accept confidence cap. | Need route/target/snap or role-usage evidence. | Need lifecycle/role-shape evidence. | Display-only DynastyProcess market baseline; not NWR source truth; not used for model inputs, candidate rank, or hidden sort. | existing_id_present; sleeper_match; dynastyprocess_crosswalk_candidate"
veteran-4018,4018,Joe Mixon,RB,UNKNOWN,Veteran Full Dynasty Layer,manual_review_flag,HIGH,REVIEW_NEEDED,"licensed_route_metrics_not_available|not_used_in_stats_first_value|no_historical_evidence_for_component|rb_dynasty_age_curve_after_27_active|rb_dynasty_age_curve_30_plus_active|rb_age_cliff_guardrail_active|missing_or_review_route_target_snap_evidence|missing_lifecycle_or_role_shape_evidence|rotowire_current_status_no_team | Licensed route metrics unavailable; use as source limitation, not a formula instruction. | not used in stats first value | no historical evidence for component | rb dynasty age curve after 27 active | rb dynasty age curve 30 plus active | rb age cliff guardrail active | Need route/target/snap or role-usage evidence. | Need lifecycle/role-shape evidence. | Local RotoWire source verifies no current NFL team; do not invent a team. | Display-only DynastyProcess market baseline; not NWR source truth; not used for model inputs, candidate rank, or hidden sort. | existing_id_present; sleeper_match; dynastyprocess_crosswalk_candidate"
veteran-11624,11624,Xavier Worthy,WR,KC,Veteran Full Dynasty Layer,manual_review_flag,HIGH,REVIEW_NEEDED,"licensed_route_metrics_not_available|not_used_in_stats_first_value|missing_or_review_route_target_snap_evidence|missing_lifecycle_or_role_shape_evidence | Licensed route metrics unavailable; use as source limitation, not a formula instruction. | not used in stats first value | Need route/target/snap or role-usage evidence. | Need lifecycle/role-shape evidence. | Display-only DynastyProcess market baseline; not NWR source truth; not used for model inputs, candidate rank, or hidden sort. | existing_id_present; sleeper_match; dynastyprocess_crosswalk_candidate"
veteran-9753,9753,Zach Charbonnet,RB,SEA,Veteran Full Dynasty Layer,manual_review_flag,HIGH,REVIEW_NEEDED,"licensed_route_metrics_not_available|not_used_in_stats_first_value|no_historical_evidence_for_component|missing_or_review_route_target_snap_evidence|missing_lifecycle_or_role_shape_evidence | Licensed route metrics unavailable; use as source limitation, not a formula instruction. | not used in stats first value | no historical evidence for component | Need route/target/snap or role-usage evidence. | Need lifecycle/role-shape evidence. | Display-only DynastyProcess market baseline; not NWR source truth; not used for model inputs, candidate rank, or hidden sort. | existing_id_present; sleeper_match; dynastyprocess_crosswalk_candidate"
veteran-12529,12529,TreVeyon Henderson,RB,NE,Veteran Full Dynasty Layer,manual_review_flag,HIGH,REVIEW_NEEDED,"licensed_route_metrics_not_available|not_used_in_stats_first_value|no_historical_evidence_for_component|partial_first_down_confidence_cap|missing_or_review_route_target_snap_evidence|missing_lifecycle_or_role_shape_evidence | Licensed route metrics unavailable; use as source limitation, not a formula instruction. | not used in stats first value | no historical evidence for component | Need stronger first-down evidence or accept confidence cap. | Need route/target/snap or role-usage evidence. | Need lifecycle/role-shape evidence. | Display-only DynastyProcess market baseline; not NWR source truth; not used for model inputs, candidate rank, or hidden sort. | existing_id_present; sleeper_match; dynastyprocess_crosswalk_candidate"
veteran-11625,11625,Adonai Mitchell,WR,NYJ,Veteran Full Dynasty Layer,manual_review_flag,HIGH,REVIEW_NEEDED,"licensed_route_metrics_not_available|not_used_in_stats_first_value|no_historical_evidence_for_component|first_down_missing_confidence_cap|missing_or_review_route_target_snap_evidence|missing_lifecycle_or_role_shape_evidence|rotowire_current_team_status_warning | Licensed route metrics unavailable; use as source limitation, not a formula instruction. | not used in stats first value | no historical evidence for component | first down missing confidence cap | Need route/target/snap or role-usage evidence. | Need lifecycle/role-shape evidence. | Current team/status was repaired from local RotoWire source context. | Display-only DynastyProcess market baseline; not NWR source truth; not used for model inputs, candidate rank, or hidden sort. | existing_id_present; sleeper_match; dynastyprocess_crosswalk_candidate"
veteran-9501,9501,DeMario Douglas,WR,NE,Veteran Full Dynasty Layer,manual_review_flag,HIGH,REVIEW_NEEDED,"licensed_route_metrics_not_available|not_used_in_stats_first_value|missing_or_review_route_target_snap_evidence|missing_lifecycle_or_role_shape_evidence | Licensed route metrics unavailable; use as source limitation, not a formula instruction. | not used in stats first value | Need route/target/snap or role-usage evidence. | Need lifecycle/role-shape evidence. | Display-only DynastyProcess market baseline; not NWR source truth; not used for model inputs, candidate rank, or hidden sort. | existing_id_present; sleeper_match; dynastyprocess_crosswalk_candidate"
veteran-9504,9504,Kayshon Boutte,WR,NE,Veteran Full Dynasty Layer,manual_review_flag,HIGH,REVIEW_NEEDED,"licensed_route_metrics_not_available|not_used_in_stats_first_value|first_down_missing_confidence_cap|missing_or_review_route_target_snap_evidence|missing_lifecycle_or_role_shape_evidence | Licensed route metrics unavailable; use as source limitation, not a formula instruction. | not used in stats first value | first down missing confidence cap | Need route/target/snap or role-usage evidence. | Need lifecycle/role-shape evidence. | Display-only DynastyProcess market baseline; not NWR source truth; not used for model inputs, candidate rank, or hidden sort. | existing_id_present; sleeper_match; dynastyprocess_crosswalk_candidate"
veteran-12499,12499,Elic Ayomanor,WR,TEN,Veteran Full Dynasty Layer,manual_review_flag,HIGH,REVIEW_NEEDED,"licensed_route_metrics_not_available|not_used_in_stats_first_value|no_historical_evidence_for_component|missing_or_review_route_target_snap_evidence|missing_lifecycle_or_role_shape_evidence | Licensed route metrics unavailable; use as source limitation, not a formula instruction. | not used in stats first value | no historical evidence for component | Need route/target/snap or role-usage evidence. | Need lifecycle/role-shape evidence. | Display-only DynastyProcess market baseline; not NWR source truth; not used for model inputs, candidate rank, or hidden sort. | existing_id_present; sleeper_match; dynastyprocess_crosswalk_candidate"
veteran-11584,11584,Bucky Irving,RB,TB,Veteran Full Dynasty Layer,manual_review_flag,HIGH,REVIEW_NEEDED,"licensed_route_metrics_not_available|not_used_in_stats_first_value|no_historical_evidence_for_component|missing_or_review_route_target_snap_evidence|missing_lifecycle_or_role_shape_evidence | Licensed route metrics unavailable; use as source limitation, not a formula instruction. | not used in stats first value | no historical evidence for component | Need route/target/snap or role-usage evidence. | Need lifecycle/role-shape evidence. | Display-only DynastyProcess market baseline; not NWR source truth; not used for model inputs, candidate rank, or hidden sort. | existing_id_present; sleeper_match; dynastyprocess_crosswalk_candidate"
veteran-10222,10222,Jayden Reed,WR,GB,Veteran Full Dynasty Layer,manual_review_flag,HIGH,REVIEW_NEEDED,"licensed_route_metrics_not_available|not_used_in_stats_first_value|repeated_header_rows_removed=1|missing_or_review_route_target_snap_evidence|missing_lifecycle_or_role_shape_evidence | Licensed route metrics unavailable; use as source limitation, not a formula instruction. | not used in stats first value | repeated header rows removed=1 | Need route/target/snap or role-usage evidence. | Need lifecycle/role-shape evidence. | Display-only DynastyProcess market baseline; not NWR source truth; not used for model inputs, candidate rank, or hidden sort. | existing_id_present; sleeper_match; dynastyprocess_crosswalk_candidate"
veteran-11637,11637,Keon Coleman,WR,BUF,Veteran Full Dynasty Layer,manual_review_flag,HIGH,REVIEW_NEEDED,"licensed_route_metrics_not_available|not_used_in_stats_first_value|first_down_missing_confidence_cap|missing_or_review_route_target_snap_evidence|missing_lifecycle_or_role_shape_evidence | Licensed route metrics unavailable; use as source limitation, not a formula instruction. | not used in stats first value | first down missing confidence cap | Need route/target/snap or role-usage evidence. | Need lifecycle/role-shape evidence. | Display-only DynastyProcess market baseline; not NWR source truth; not used for model inputs, candidate rank, or hidden sort. | existing_id_present; sleeper_match; dynastyprocess_crosswalk_candidate"
veteran-11626,11626,Xavier Legette,WR,CAR,Veteran Full Dynasty Layer,manual_review_flag,HIGH,REVIEW_NEEDED,"licensed_route_metrics_not_available|not_used_in_stats_first_value|first_down_missing_confidence_cap|missing_or_review_route_target_snap_evidence|missing_lifecycle_or_role_shape_evidence | Licensed route metrics unavailable; use as source limitation, not a formula instruction. | not used in stats first value | first down missing confidence cap | Need route/target/snap or role-usage evidence. | Need lifecycle/role-shape evidence. | Display-only DynastyProcess market baseline; not NWR source truth; not used for model inputs, candidate rank, or hidden sort. | existing_id_present; sleeper_match; dynastyprocess_crosswalk_candidate"
veteran-7611,7611,Rhamondre Stevenson,RB,NE,Veteran Full Dynasty Layer,manual_review_flag,HIGH,REVIEW_NEEDED,"licensed_route_metrics_not_available|not_used_in_stats_first_value|no_historical_evidence_for_component|rb_dynasty_age_curve_after_27_active|rb_age_window_caution_active|missing_or_review_route_target_snap_evidence|missing_lifecycle_or_role_shape_evidence | Licensed route metrics unavailable; use as source limitation, not a formula instruction. | not used in stats first value | no historical evidence for component | rb dynasty age curve after 27 active | rb age window caution active | Need route/target/snap or role-usage evidence. | Need lifecycle/role-shape evidence. | Display-only DynastyProcess market baseline; not NWR source truth; not used for model inputs, candidate rank, or hidden sort. | existing_id_present; sleeper_match; dynastyprocess_crosswalk_candidate"
veteran-9502,9502,Tank Dell,WR,HOU,Veteran Full Dynasty Layer,manual_review_flag,HIGH,REVIEW_NEEDED,"licensed_route_metrics_not_available|not_used_in_stats_first_value|repeated_header_rows_removed=1|partial_first_down_confidence_cap|missing_or_review_route_target_snap_evidence|missing_lifecycle_or_role_shape_evidence | Licensed route metrics unavailable; use as source limitation, not a formula instruction. | not used in stats first value | repeated header rows removed=1 | Need stronger first-down evidence or accept confidence cap. | Need route/target/snap or role-usage evidence. | Need lifecycle/role-shape evidence. | Display-only DynastyProcess market baseline; not NWR source truth; not used for model inputs, candidate rank, or hidden sort. | existing_id_present; sleeper_match; dynastyprocess_crosswalk_candidate"
veteran-11610,11610,Malik Washington,WR,MIA,Veteran Full Dynasty Layer,manual_review_flag,HIGH,REVIEW_NEEDED,"licensed_route_metrics_not_available|not_used_in_stats_first_value|repeated_header_rows_removed=1|shifted_header_expected_player_header_inferred|missing_or_review_route_target_snap_evidence|missing_lifecycle_or_role_shape_evidence | Licensed route metrics unavailable; use as source limitation, not a formula instruction. | not used in stats first value | repeated header rows removed=1 | shifted header expected player header inferred | Need route/target/snap or role-usage evidence. | Need lifecycle/role-shape evidence. | Display-only DynastyProcess market baseline; not NWR source truth; not used for model inputs, candidate rank, or hidden sort. | existing_id_present; sleeper_match; dynastyprocess_crosswalk_candidate"
veteran-9486,9486,Dontayvion Wicks,WR,PHI,Veteran Full Dynasty Layer,manual_review_flag,HIGH,REVIEW_NEEDED,"licensed_route_metrics_not_available|not_used_in_stats_first_value|partial_first_down_confidence_cap|missing_or_review_route_target_snap_evidence|missing_lifecycle_or_role_shape_evidence|rotowire_current_team_status_warning | Licensed route metrics unavailable; use as source limitation, not a formula instruction. | not used in stats first value | Need stronger first-down evidence or accept confidence cap. | Need route/target/snap or role-usage evidence. | Need lifecycle/role-shape evidence. | Current team/status was repaired from local RotoWire source context. | Display-only DynastyProcess market baseline; not NWR source truth; not used for model inputs, candidate rank, or hidden sort. | existing_id_present; sleeper_match; dynastyprocess_crosswalk_candidate"
veteran-11646,11646,Jalen Coker,WR,CAR,Veteran Full Dynasty Layer,manual_review_flag,HIGH,REVIEW_NEEDED,"licensed_route_metrics_not_available|not_used_in_stats_first_value|missing_or_review_route_target_snap_evidence|missing_lifecycle_or_role_shape_evidence | Licensed route metrics unavailable; use as source limitation, not a formula instruction. | not used in stats first value | Need route/target/snap or role-usage evidence. | Need lifecycle/role-shape evidence. | Display-only DynastyProcess market baseline; not NWR source truth; not used for model inputs, candidate rank, or hidden sort. | existing_id_present; sleeper_match; dynastyprocess_crosswalk_candidate"
veteran-7594,7594,Chuba Hubbard,RB,CAR,Veteran Full Dynasty Layer,manual_review_flag,HIGH,REVIEW_NEEDED,"licensed_route_metrics_not_available|not_used_in_stats_first_value|no_historical_evidence_for_component|shifted_header_expected_player_header_inferred|rb_dynasty_age_curve_after_27_active|rb_age_window_caution_active|missing_or_review_route_target_snap_evidence|missing_lifecycle_or_role_shape_evidence | Licensed route metrics unavailable; use as source limitation, not a formula instruction. | not used in stats first value | no historical evidence for component | shifted header expected player header inferred | rb dynasty age curve after 27 active | rb age window caution active | Need route/target/snap or role-usage evidence. | Need lifecycle/role-shape evidence. | Display-only DynastyProcess market baseline; not NWR source truth; not used for model inputs, candidate rank, or hidden sort. | existing_id_present; sleeper_match; dynastyprocess_crosswalk_candidate"
veteran-12517,12517,Colston Loveland,TE,CHI,Veteran Full Dynasty Layer,manual_review_flag,HIGH,REVIEW_NEEDED,"licensed_route_metrics_not_available|not_used_in_stats_first_value|first_down_missing_confidence_cap|no_premium_te_small_gap_cap|te_upper_band_guard_v2_te_exception_gate_not_met|missing_or_review_route_target_snap_evidence|missing_lifecycle_or_role_shape_evidence | Licensed route metrics unavailable; use as source limitation, not a formula instruction. | not used in stats first value | first down missing confidence cap | no premium te small gap cap | te upper band guard v2 te exception gate not met | Need route/target/snap or role-usage evidence. | Need lifecycle/role-shape evidence. | Display-only DynastyProcess market baseline; not NWR source truth; not used for model inputs, candidate rank, or hidden sort. | existing_id_present; sleeper_match; dynastyprocess_crosswalk_candidate"
veteran-11618,11618,Jalen McMillan,WR,TB,Veteran Full Dynasty Layer,manual_review_flag,HIGH,REVIEW_NEEDED,"licensed_route_metrics_not_available|not_used_in_stats_first_value|repeated_header_rows_removed=1|partial_first_down_confidence_cap|missing_or_review_route_target_snap_evidence|missing_lifecycle_or_role_shape_evidence | Licensed route metrics unavailable; use as source limitation, not a formula instruction. | not used in stats first value | repeated header rows removed=1 | Need stronger first-down evidence or accept confidence cap. | Need route/target/snap or role-usage evidence. | Need lifecycle/role-shape evidence. | Display-only DynastyProcess market baseline; not NWR source truth; not used for model inputs, candidate rank, or hidden sort. | existing_id_present; sleeper_match; dynastyprocess_crosswalk_candidate"
veteran-12484,12484,Jayden Higgins,WR,HOU,Veteran Full Dynasty Layer,manual_review_flag,HIGH,REVIEW_NEEDED,"licensed_route_metrics_not_available|not_used_in_stats_first_value|missing_or_review_route_target_snap_evidence|missing_lifecycle_or_role_shape_evidence | Licensed route metrics unavailable; use as source limitation, not a formula instruction. | not used in stats first value | Need route/target/snap or role-usage evidence. | Need lifecycle/role-shape evidence. | Display-only DynastyProcess market baseline; not NWR source truth; not used for model inputs, candidate rank, or hidden sort. | existing_id_present; sleeper_match; dynastyprocess_crosswalk_candidate"
veteran-5892,5892,David Montgomery,RB,HOU,Veteran Full Dynasty Layer,manual_review_flag,HIGH,REVIEW_NEEDED,"licensed_route_metrics_not_available|not_used_in_stats_first_value|rb_dynasty_age_curve_after_27_active|rb_age_cliff_guardrail_active|missing_or_review_route_target_snap_evidence|missing_lifecycle_or_role_shape_evidence|rotowire_current_team_status_warning | Licensed route metrics unavailable; use as source limitation, not a formula instruction. | not used in stats first value | rb dynasty age curve after 27 active | rb age cliff guardrail active | Need route/target/snap or role-usage evidence. | Need lifecycle/role-shape evidence. | Current team/status was repaired from local RotoWire source context. | Display-only DynastyProcess market baseline; not NWR source truth; not used for model inputs, candidate rank, or hidden sort. | existing_id_present; sleeper_match; dynastyprocess_crosswalk_candidate"
veteran-12489,12489,RJ Harvey,RB,DEN,Veteran Full Dynasty Layer,manual_review_flag,HIGH,REVIEW_NEEDED,"licensed_route_metrics_not_available|not_used_in_stats_first_value|no_historical_evidence_for_component|partial_first_down_confidence_cap|missing_or_review_route_target_snap_evidence|missing_lifecycle_or_role_shape_evidence | Licensed route metrics unavailable; use as source limitation, not a formula instruction. | not used in stats first value | no historical evidence for component | Need stronger first-down evidence or accept confidence cap. | Need route/target/snap or role-usage evidence. | Need lifecycle/role-shape evidence. | Display-only DynastyProcess market baseline; not NWR source truth; not used for model inputs, candidate rank, or hidden sort. | existing_id_present; sleeper_match; dynastyprocess_crosswalk_candidate"
veteran-10226,10226,Andrei Iosivas,WR,CIN,Veteran Full Dynasty Layer,manual_review_flag,HIGH,REVIEW_NEEDED,"licensed_route_metrics_not_available|not_used_in_stats_first_value|missing_or_review_route_target_snap_evidence|missing_lifecycle_or_role_shape_evidence | Licensed route metrics unavailable; use as source limitation, not a formula instruction. | not used in stats first value | Need route/target/snap or role-usage evidence. | Need lifecycle/role-shape evidence. | Display-only DynastyProcess market baseline; not NWR source truth; not used for model inputs, candidate rank, or hidden sort. | existing_id_present; sleeper_match; dynastyprocess_crosswalk_candidate"
veteran-1479,1479,Keenan Allen,WR,UNKNOWN,Veteran Full Dynasty Layer,manual_review_flag,HIGH,REVIEW_NEEDED,"licensed_route_metrics_not_available|not_used_in_stats_first_value|wr_dynasty_age_curve_after_30_active|wr_mid_30s_age_cliff_active|missing_or_review_route_target_snap_evidence|missing_lifecycle_or_role_shape_evidence|rotowire_current_status_no_team | Licensed route metrics unavailable; use as source limitation, not a formula instruction. | not used in stats first value | wr dynasty age curve after 30 active | wr mid 30s age cliff active | Need route/target/snap or role-usage evidence. | Need lifecycle/role-shape evidence. | Local RotoWire source verifies no current NFL team; do not invent a team. | Display-only DynastyProcess market baseline; not NWR source truth; not used for model inputs, candidate rank, or hidden sort. | existing_id_present; sleeper_match; dynastyprocess_crosswalk_candidate"
veteran-12493,12493,Oronde Gadsden,TE,LAC,Veteran Full Dynasty Layer,manual_review_flag,HIGH,REVIEW_NEEDED,"missing_stats_first_component_evidence|first_down_missing_confidence_cap|missing_stats_first_confidence_cap|no_premium_te_replacement_level_cap|te_upper_band_guard_v2_te_exception_gate_not_met|missing_or_review_first_down_evidence|missing_or_review_route_target_snap_evidence|missing_lifecycle_or_role_shape_evidence | Need stats-first component evidence. | first down missing confidence cap | missing stats first confidence cap | no premium te replacement level cap | te upper band guard v2 te exception gate not met | missing or review first down evidence | Need route/target/snap or role-usage evidence. | Need lifecycle/role-shape evidence. | Display-only DynastyProcess market baseline; not NWR source truth; not used for model inputs, candidate rank, or hidden sort. | existing_id_present; sleeper_match; dynastyprocess_crosswalk_candidate"
veteran-12474,12474,Woody Marks,RB,HOU,Veteran Full Dynasty Layer,manual_review_flag,HIGH,REVIEW_NEEDED,"licensed_route_metrics_not_available|not_used_in_stats_first_value|no_historical_evidence_for_component|missing_or_review_route_target_snap_evidence|missing_lifecycle_or_role_shape_evidence | Licensed route metrics unavailable; use as source limitation, not a formula instruction. | not used in stats first value | no historical evidence for component | Need route/target/snap or role-usage evidence. | Need lifecycle/role-shape evidence. | Display-only DynastyProcess market baseline; not NWR source truth; not used for model inputs, candidate rank, or hidden sort. | existing_id_present; sleeper_match; dynastyprocess_crosswalk_candidate"
veteran-8136,8136,Rachaad White,RB,WAS,Veteran Full Dynasty Layer,manual_review_flag,HIGH,REVIEW_NEEDED,"licensed_route_metrics_not_available|not_used_in_stats_first_value|no_historical_evidence_for_component|rb_dynasty_age_curve_after_27_active|rb_age_window_caution_active|missing_or_review_route_target_snap_evidence|missing_lifecycle_or_role_shape_evidence|rotowire_current_team_status_warning | Licensed route metrics unavailable; use as source limitation, not a formula instruction. | not used in stats first value | no historical evidence for component | rb dynasty age curve after 27 active | rb age window caution active | Need route/target/snap or role-usage evidence. | Need lifecycle/role-shape evidence. | Current team/status was repaired from local RotoWire source context. | Display-only DynastyProcess market baseline; not NWR source truth; not used for model inputs, candidate rank, or hidden sort. | existing_id_present; sleeper_match; dynastyprocess_crosswalk_candidate"
veteran-12501,12501,Matthew Golden,WR,GB,Veteran Full Dynasty Layer,manual_review_flag,HIGH,REVIEW_NEEDED,"licensed_route_metrics_not_available|not_used_in_stats_first_value|no_historical_evidence_for_component|missing_or_review_route_target_snap_evidence|missing_lifecycle_or_role_shape_evidence | Licensed route metrics unavailable; use as source limitation, not a formula instruction. | not used in stats first value | no historical evidence for component | Need route/target/snap or role-usage evidence. | Need lifecycle/role-shape evidence. | Display-only DynastyProcess market baseline; not NWR source truth; not used for model inputs, candidate rank, or hidden sort. | existing_id_present; sleeper_match; dynastyprocess_crosswalk_candidate"
veteran-12530,12530,Travis Hunter,WR,JAX,Veteran Full Dynasty Layer,manual_review_flag,HIGH,REVIEW_NEEDED,"licensed_route_metrics_not_available|not_used_in_stats_first_value|partial_first_down_confidence_cap|missing_or_review_route_target_snap_evidence|missing_lifecycle_or_role_shape_evidence | Licensed route metrics unavailable; use as source limitation, not a formula instruction. | not used in stats first value | Need stronger first-down evidence or accept confidence cap. | Need route/target/snap or role-usage evidence. | Need lifecycle/role-shape evidence. | Display-only DynastyProcess market baseline; not NWR source truth; not used for model inputs, candidate rank, or hidden sort. | existing_id_present; sleeper_match; dynastyprocess_crosswalk_candidate"
veteran-2216,2216,Mike Evans,WR,SF,Veteran Full Dynasty Layer,manual_review_flag,HIGH,REVIEW_NEEDED,"licensed_route_metrics_not_available|not_used_in_stats_first_value|wr_dynasty_age_curve_after_30_active|wr_mid_30s_age_cliff_active|missing_or_review_route_target_snap_evidence|missing_lifecycle_or_role_shape_evidence|rotowire_current_team_status_warning | Licensed route metrics unavailable; use as source limitation, not a formula instruction. | not used in stats first value | wr dynasty age curve after 30 active | wr mid 30s age cliff active | Need route/target/snap or role-usage evidence. | Need lifecycle/role-shape evidence. | Current team/status was repaired from local RotoWire source context. | Display-only DynastyProcess market baseline; not NWR source truth; not used for model inputs, candidate rank, or hidden sort. | existing_id_present; sleeper_match; dynastyprocess_crosswalk_candidate"
veteran-4950,4950,Christian Kirk,WR,SF,Veteran Full Dynasty Layer,manual_review_flag,HIGH,REVIEW_NEEDED,"licensed_route_metrics_not_available|not_used_in_stats_first_value|missing_or_review_route_target_snap_evidence|missing_lifecycle_or_role_shape_evidence|rotowire_current_team_status_warning | Licensed route metrics unavailable; use as source limitation, not a formula instruction. | not used in stats first value | Need route/target/snap or role-usage evidence. | Need lifecycle/role-shape evidence. | Current team/status was repaired from local RotoWire source context. | Display-only DynastyProcess market baseline; not NWR source truth; not used for model inputs, candidate rank, or hidden sort. | existing_id_present; sleeper_match; dynastyprocess_crosswalk_candidate"
veteran-11834,11834,Devaughn Vele,WR,NO,Veteran Full Dynasty Layer,manual_review_flag,HIGH,REVIEW_NEEDED,"licensed_route_metrics_not_available|not_used_in_stats_first_value|no_historical_evidence_for_component|missing_or_review_route_target_snap_evidence|missing_lifecycle_or_role_shape_evidence|rotowire_current_team_status_warning | Licensed route metrics unavailable; use as source limitation, not a formula instruction. | not used in stats first value | no historical evidence for component | Need route/target/snap or role-usage evidence. | Need lifecycle/role-shape evidence. | Current team/status was repaired from local RotoWire source context. | Display-only DynastyProcess market baseline; not NWR source truth; not used for model inputs, candidate rank, or hidden sort. | existing_id_present; sleeper_match; dynastyprocess_crosswalk_candidate"
veteran-12507,12507,Omarion Hampton,RB,LAC,Veteran Full Dynasty Layer,manual_review_flag,HIGH,REVIEW_NEEDED,"licensed_route_metrics_not_available|not_used_in_stats_first_value|no_historical_evidence_for_component|shifted_header_expected_player_header_inferred|missing_or_review_route_target_snap_evidence|missing_lifecycle_or_role_shape_evidence | Licensed route metrics unavailable; use as source limitation, not a formula instruction. | not used in stats first value | no historical evidence for component | shifted header expected player header inferred | Need route/target/snap or role-usage evidence. | Need lifecycle/role-shape evidence. | Display-only DynastyProcess market baseline; not NWR source truth; not used for model inputs, candidate rank, or hidden sort. | existing_id_present; sleeper_match; dynastyprocess_crosswalk_candidate"
veteran-9508,9508,Tyjae Spears,RB,TEN,Veteran Full Dynasty Layer,manual_review_flag,HIGH,REVIEW_NEEDED,"licensed_route_metrics_not_available|not_used_in_stats_first_value|no_historical_evidence_for_component|missing_or_review_route_target_snap_evidence|missing_lifecycle_or_role_shape_evidence | Licensed route metrics unavailable; use as source limitation, not a formula instruction. | not used in stats first value | no historical evidence for component | Need route/target/snap or role-usage evidence. | Need lifecycle/role-shape evidence. | Display-only DynastyProcess market baseline; not NWR source truth; not used for model inputs, candidate rank, or hidden sort. | existing_id_present; sleeper_match; dynastyprocess_crosswalk_candidate"
veteran-12541,12541,Dont'e Thornton,WR,LV,Veteran Full Dynasty Layer,manual_review_flag,HIGH,REVIEW_NEEDED,"missing_stats_first_component_evidence|missing_efficiency_context_evidence|missing_stats_first_confidence_cap|missing_lifecycle_or_role_shape_evidence | Need stats-first component evidence. | missing efficiency context evidence | missing stats first confidence cap | Need lifecycle/role-shape evidence. | Display-only DynastyProcess market baseline; not NWR source truth; not used for model inputs, candidate rank, or hidden sort. | existing_id_present; sleeper_match; dynastyprocess_crosswalk_candidate"
veteran-12492,12492,Pat Bryant,WR,DEN,Veteran Full Dynasty Layer,manual_review_flag,HIGH,REVIEW_NEEDED,"licensed_route_metrics_not_available|not_used_in_stats_first_value|missing_or_review_route_target_snap_evidence|missing_lifecycle_or_role_shape_evidence | Licensed route metrics unavailable; use as source limitation, not a formula instruction. | not used in stats first value | Need route/target/snap or role-usage evidence. | Need lifecycle/role-shape evidence. | Display-only DynastyProcess market baseline; not NWR source truth; not used for model inputs, candidate rank, or hidden sort. | existing_id_present; sleeper_match; dynastyprocess_crosswalk_candidate"
veteran-4177,4177,Mack Hollins,WR,NE,Veteran Full Dynasty Layer,manual_review_flag,HIGH,REVIEW_NEEDED,"licensed_route_metrics_not_available|not_used_in_stats_first_value|partial_first_down_confidence_cap|wr_dynasty_age_curve_after_30_active|missing_or_review_route_target_snap_evidence|missing_lifecycle_or_role_shape_evidence|rotowire_current_team_status_warning | Licensed route metrics unavailable; use as source limitation, not a formula instruction. | not used in stats first value | Need stronger first-down evidence or accept confidence cap. | wr dynasty age curve after 30 active | Need route/target/snap or role-usage evidence. | Need lifecycle/role-shape evidence. | Current team/status was repaired from local RotoWire source context. | Display-only DynastyProcess market baseline; not NWR source truth; not used for model inputs, candidate rank, or hidden sort. | existing_id_present; sleeper_match; dynastyprocess_crosswalk_candidate"
veteran-10859,10859,Sam LaPorta,TE,DET,Veteran Full Dynasty Layer,manual_review_flag,HIGH,REVIEW_NEEDED,"licensed_route_metrics_not_available|not_used_in_stats_first_value|no_premium_te_replacement_level_cap|te_upper_band_guard_v2_te_exception_gate_not_met|missing_or_review_route_target_snap_evidence|missing_lifecycle_or_role_shape_evidence | Licensed route metrics unavailable; use as source limitation, not a formula instruction. | not used in stats first value | no premium te replacement level cap | te upper band guard v2 te exception gate not met | Need route/target/snap or role-usage evidence. | Need lifecycle/role-shape evidence. | Display-only DynastyProcess market baseline; not NWR source truth; not used for model inputs, candidate rank, or hidden sort. | existing_id_present; sleeper_match; dynastyprocess_crosswalk_candidate"
veteran-12481,12481,Cam Skattebo,RB,NYG,Veteran Full Dynasty Layer,manual_review_flag,HIGH,REVIEW_NEEDED,"licensed_route_metrics_not_available|not_used_in_stats_first_value|no_historical_evidence_for_component|missing_or_review_route_target_snap_evidence|missing_lifecycle_or_role_shape_evidence | Licensed route metrics unavailable; use as source limitation, not a formula instruction. | not used in stats first value | no historical evidence for component | Need route/target/snap or role-usage evidence. | Need lifecycle/role-shape evidence. | Display-only DynastyProcess market baseline; not NWR source truth; not used for model inputs, candidate rank, or hidden sort. | existing_id_present; sleeper_match; dynastyprocess_crosswalk_candidate"
veteran-10236,10236,Dalton Kincaid,TE,BUF,Veteran Full Dynasty Layer,manual_review_flag,HIGH,REVIEW_NEEDED,"licensed_route_metrics_not_available|not_used_in_stats_first_value|no_premium_te_replacement_level_cap|te_upper_band_guard_v2_te_exception_gate_not_met|missing_or_review_route_target_snap_evidence|missing_lifecycle_or_role_shape_evidence | Licensed route metrics unavailable; use as source limitation, not a formula instruction. | not used in stats first value | no premium te replacement level cap | te upper band guard v2 te exception gate not met | Need route/target/snap or role-usage evidence. | Need lifecycle/role-shape evidence. | Display-only DynastyProcess market baseline; not NWR source truth; not used for model inputs, candidate rank, or hidden sort. | existing_id_present; sleeper_match; dynastyprocess_crosswalk_candidate"
veteran-4454,4454,Kendrick Bourne,WR,ARI,Veteran Full Dynasty Layer,manual_review_flag,HIGH,REVIEW_NEEDED,"licensed_route_metrics_not_available|not_used_in_stats_first_value|first_down_missing_confidence_cap|wr_dynasty_age_curve_after_30_active|missing_or_review_route_target_snap_evidence|missing_lifecycle_or_role_shape_evidence|rotowire_current_team_status_warning | Licensed route metrics unavailable; use as source limitation, not a formula instruction. | not used in stats first value | first down missing confidence cap | wr dynasty age curve after 30 active | Need route/target/snap or role-usage evidence. | Need lifecycle/role-shape evidence. | Current team/status was repaired from local RotoWire source context. | Display-only DynastyProcess market baseline; not NWR source truth; not used for model inputs, candidate rank, or hidden sort. | existing_id_present; sleeper_match; dynastyprocess_crosswalk_candidate"
veteran-12503,12503,Isaiah Bond,WR,CLE,Veteran Full Dynasty Layer,manual_review_flag,HIGH,REVIEW_NEEDED,"licensed_route_metrics_not_available|not_used_in_stats_first_value|missing_or_review_route_target_snap_evidence|missing_lifecycle_or_role_shape_evidence | Licensed route metrics unavailable; use as source limitation, not a formula instruction. | not used in stats first value | Need route/target/snap or role-usage evidence. | Need lifecycle/role-shape evidence. | Display-only DynastyProcess market baseline; not NWR source truth; not used for model inputs, candidate rank, or hidden sort. | existing_id_present; sleeper_match; dynastyprocess_crosswalk_candidate"
veteran-8111,8111,Cade Otton,TE,TB,Veteran Full Dynasty Layer,manual_review_flag,HIGH,REVIEW_NEEDED,"licensed_route_metrics_not_available|not_used_in_stats_first_value|no_premium_te_replacement_level_cap|te_upper_band_guard_v2_te_exception_gate_not_met|missing_or_review_route_target_snap_evidence|missing_lifecycle_or_role_shape_evidence | Licensed route metrics unavailable; use as source limitation, not a formula instruction. | not used in stats first value | no premium te replacement level cap | te upper band guard v2 te exception gate not met | Need route/target/snap or role-usage evidence. | Need lifecycle/role-shape evidence. | Display-only DynastyProcess market baseline; not NWR source truth; not used for model inputs, candidate rank, or hidden sort. | existing_id_present; sleeper_match; dynastyprocess_crosswalk_candidate"
veteran-1466,1466,Travis Kelce,TE,KC,Veteran Full Dynasty Layer,manual_review_flag,HIGH,REVIEW_NEEDED,"licensed_route_metrics_not_available|not_used_in_stats_first_value|partial_first_down_confidence_cap|te_upper_band_guard_v2_elite_exception|te_no_premium_age_curve_after_30_active|te_age_33_plus_cliff_active|missing_or_review_route_target_snap_evidence|missing_lifecycle_or_role_shape_evidence | Licensed route metrics unavailable; use as source limitation, not a formula instruction. | not used in stats first value | Need stronger first-down evidence or accept confidence cap. | te upper band guard v2 elite exception | te no premium age curve after 30 active | te age 33 plus cliff active | Need route/target/snap or role-usage evidence. | Need lifecycle/role-shape evidence. | Display-only DynastyProcess market baseline; not NWR source truth; not used for model inputs, candidate rank, or hidden sort. | existing_id_present; sleeper_match; dynastyprocess_crosswalk_candidate"
veteran-4217,4217,George Kittle,TE,SF,Veteran Full Dynasty Layer,manual_review_flag,HIGH,REVIEW_NEEDED,"licensed_route_metrics_not_available|not_used_in_stats_first_value|first_down_missing_confidence_cap|no_premium_te_small_gap_cap|te_upper_band_guard_v2_te_exception_gate_not_met|te_no_premium_age_curve_after_30_active|missing_or_review_route_target_snap_evidence|missing_lifecycle_or_role_shape_evidence | Licensed route metrics unavailable; use as source limitation, not a formula instruction. | not used in stats first value | first down missing confidence cap | no premium te small gap cap | te upper band guard v2 te exception gate not met | te no premium age curve after 30 active | Need route/target/snap or role-usage evidence. | Need lifecycle/role-shape evidence. | Display-only DynastyProcess market baseline; not NWR source truth; not used for model inputs, candidate rank, or hidden sort. | existing_id_present; sleeper_match; dynastyprocess_crosswalk_candidate"
veteran-4039,4039,Cooper Kupp,WR,SEA,Veteran Full Dynasty Layer,manual_review_flag,HIGH,REVIEW_NEEDED,"licensed_route_metrics_not_available|not_used_in_stats_first_value|first_down_missing_confidence_cap|wr_dynasty_age_curve_after_30_active|wr_mid_30s_age_cliff_active|missing_or_review_route_target_snap_evidence|missing_lifecycle_or_role_shape_evidence|rotowire_current_team_status_warning | Licensed route metrics unavailable; use as source limitation, not a formula instruction. | not used in stats first value | first down missing confidence cap | wr dynasty age curve after 30 active | wr mid 30s age cliff active | Need route/target/snap or role-usage evidence. | Need lifecycle/role-shape evidence. | Current team/status was repaired from local RotoWire source context. | Display-only DynastyProcess market baseline; not NWR source truth; not used for model inputs, candidate rank, or hidden sort. | existing_id_present; sleeper_match; dynastyprocess_crosswalk_candidate"
veteran-9484,9484,Tucker Kraft,TE,GB,Veteran Full Dynasty Layer,manual_review_flag,HIGH,REVIEW_NEEDED,"licensed_route_metrics_not_available|not_used_in_stats_first_value|partial_first_down_confidence_cap|no_premium_te_replacement_level_cap|te_upper_band_guard_v2_te_exception_gate_not_met|missing_or_review_route_target_snap_evidence|missing_lifecycle_or_role_shape_evidence | Licensed route metrics unavailable; use as source limitation, not a formula instruction. | not used in stats first value | Need stronger first-down evidence or accept confidence cap. | no premium te replacement level cap | te upper band guard v2 te exception gate not met | Need route/target/snap or role-usage evidence. | Need lifecycle/role-shape evidence. | Display-only DynastyProcess market baseline; not NWR source truth; not used for model inputs, candidate rank, or hidden sort. | existing_id_present; sleeper_match; dynastyprocess_crosswalk_candidate"
veteran-11647,11647,Kimani Vidal,RB,LAC,Veteran Full Dynasty Layer,manual_review_flag,HIGH,REVIEW_NEEDED,"licensed_route_metrics_not_available|not_used_in_stats_first_value|no_historical_evidence_for_component|missing_or_review_route_target_snap_evidence|missing_lifecycle_or_role_shape_evidence | Licensed route metrics unavailable; use as source limitation, not a formula instruction. | not used in stats first value | no historical evidence for component | Need route/target/snap or role-usage evidence. | Need lifecycle/role-shape evidence. | Display-only DynastyProcess market baseline; not NWR source truth; not used for model inputs, candidate rank, or hidden sort. | existing_id_present; sleeper_match; dynastyprocess_crosswalk_candidate"
veteran-5844,5844,T.J. Hockenson,TE,MIN,Veteran Full Dynasty Layer,manual_review_flag,HIGH,REVIEW_NEEDED,"licensed_route_metrics_not_available|not_used_in_stats_first_value|first_down_missing_confidence_cap|no_premium_te_replacement_level_cap|te_upper_band_guard_v2_te_exception_gate_not_met|missing_or_review_route_target_snap_evidence|missing_lifecycle_or_role_shape_evidence | Licensed route metrics unavailable; use as source limitation, not a formula instruction. | not used in stats first value | first down missing confidence cap | no premium te replacement level cap | te upper band guard v2 te exception gate not met | Need route/target/snap or role-usage evidence. | Need lifecycle/role-shape evidence. | Display-only DynastyProcess market baseline; not NWR source truth; not used for model inputs, candidate rank, or hidden sort. | existing_id_present; sleeper_match; dynastyprocess_crosswalk_candidate"
veteran-6943,6943,Gabe Davis,WR,UNKNOWN,Veteran Full Dynasty Layer,manual_review_flag,HIGH,REVIEW_NEEDED,"licensed_route_metrics_not_available|not_used_in_stats_first_value|missing_or_review_route_target_snap_evidence|missing_lifecycle_or_role_shape_evidence|rotowire_current_status_no_team | Licensed route metrics unavailable; use as source limitation, not a formula instruction. | not used in stats first value | Need route/target/snap or role-usage evidence. | Need lifecycle/role-shape evidence. | Local RotoWire source verifies no current NFL team; do not invent a team. | Display-only DynastyProcess market baseline; not NWR source truth; not used for model inputs, candidate rank, or hidden sort. | existing_id_present; sleeper_match; dynastyprocess_crosswalk_candidate"
veteran-7600,7600,Pat Freiermuth,TE,PIT,Veteran Full Dynasty Layer,manual_review_flag,HIGH,REVIEW_NEEDED,"licensed_route_metrics_not_available|not_used_in_stats_first_value|no_premium_te_replacement_level_cap|te_upper_band_guard_v2_te_exception_gate_not_met|missing_or_review_route_target_snap_evidence|missing_lifecycle_or_role_shape_evidence | Licensed route metrics unavailable; use as source limitation, not a formula instruction. | not used in stats first value | no premium te replacement level cap | te upper band guard v2 te exception gate not met | Need route/target/snap or role-usage evidence. | Need lifecycle/role-shape evidence. | Display-only DynastyProcess market baseline; not NWR source truth; not used for model inputs, candidate rank, or hidden sort. | existing_id_present; sleeper_match; dynastyprocess_crosswalk_candidate"
veteran-12509,12509,Tre' Harris,WR,LAC,Veteran Full Dynasty Layer,manual_review_flag,HIGH,REVIEW_NEEDED,"licensed_route_metrics_not_available|not_used_in_stats_first_value|partial_first_down_confidence_cap|missing_or_review_route_target_snap_evidence|missing_lifecycle_or_role_shape_evidence | Licensed route metrics unavailable; use as source limitation, not a formula instruction. | not used in stats first value | Need stronger first-down evidence or accept confidence cap. | Need route/target/snap or role-usage evidence. | Need lifecycle/role-shape evidence. | Display-only DynastyProcess market baseline; not NWR source truth; not used for model inputs, candidate rank, or hidden sort. | existing_id_present; sleeper_match; dynastyprocess_crosswalk_candidate"
veteran-9480,9480,Brenton Strange,TE,JAX,Veteran Full Dynasty Layer,manual_review_flag,HIGH,REVIEW_NEEDED,"licensed_route_metrics_not_available|not_used_in_stats_first_value|no_premium_te_replacement_level_cap|te_upper_band_guard_v2_te_exception_gate_not_met|missing_or_review_route_target_snap_evidence|missing_lifecycle_or_role_shape_evidence | Licensed route metrics unavailable; use as source limitation, not a formula instruction. | not used in stats first value | no premium te replacement level cap | te upper band guard v2 te exception gate not met | Need route/target/snap or role-usage evidence. | Need lifecycle/role-shape evidence. | Display-only DynastyProcess market baseline; not NWR source truth; not used for model inputs, candidate rank, or hidden sort. | existing_id_present; sleeper_match; dynastyprocess_crosswalk_candidate"
veteran-12497,12497,Tory Horton,WR,SEA,Veteran Full Dynasty Layer,manual_review_flag,HIGH,REVIEW_NEEDED,"licensed_route_metrics_not_available|not_used_in_stats_first_value|missing_or_review_route_target_snap_evidence|missing_lifecycle_or_role_shape_evidence | Licensed route metrics unavailable; use as source limitation, not a formula instruction. | not used in stats first value | Need route/target/snap or role-usage evidence. | Need lifecycle/role-shape evidence. | Display-only DynastyProcess market baseline; not NWR source truth; not used for model inputs, candidate rank, or hidden sort. | existing_id_present; sleeper_match; dynastyprocess_crosswalk_candidate"
veteran-6806,6806,J.K. Dobbins,RB,DEN,Veteran Full Dynasty Layer,manual_review_flag,HIGH,REVIEW_NEEDED,"licensed_route_metrics_not_available|not_used_in_stats_first_value|no_historical_evidence_for_component|rb_dynasty_age_curve_after_27_active|rb_age_window_caution_active|missing_or_review_route_target_snap_evidence|missing_lifecycle_or_role_shape_evidence|rotowire_current_team_status_warning | Licensed route metrics unavailable; use as source limitation, not a formula instruction. | not used in stats first value | no historical evidence for component | rb dynasty age curve after 27 active | rb age window caution active | Need route/target/snap or role-usage evidence. | Need lifecycle/role-shape evidence. | Current team/status was repaired from local RotoWire source context. | Display-only DynastyProcess market baseline; not NWR source truth; not used for model inputs, candidate rank, or hidden sort. | existing_id_present; sleeper_match; dynastyprocess_crosswalk_candidate"
veteran-7596,7596,Elijah Moore,WR,PHI,Veteran Full Dynasty Layer,manual_review_flag,HIGH,REVIEW_NEEDED,"licensed_route_metrics_not_available|not_used_in_stats_first_value|missing_or_review_route_target_snap_evidence|missing_lifecycle_or_role_shape_evidence|rotowire_current_team_status_warning | Licensed route metrics unavailable; use as source limitation, not a formula instruction. | not used in stats first value | Need route/target/snap or role-usage evidence. | Need lifecycle/role-shape evidence. | Current team/status was repaired from local RotoWire source context. | Display-only DynastyProcess market baseline; not NWR source truth; not used for model inputs, candidate rank, or hidden sort. | existing_id_present; sleeper_match; dynastyprocess_crosswalk_candidate"
veteran-12534,12534,Kyle Monangai,RB,CHI,Veteran Full Dynasty Layer,manual_review_flag,HIGH,REVIEW_NEEDED,"licensed_route_metrics_not_available|not_used_in_stats_first_value|no_historical_evidence_for_component|missing_or_review_route_target_snap_evidence|missing_lifecycle_or_role_shape_evidence | Licensed route metrics unavailable; use as source limitation, not a formula instruction. | not used in stats first value | no historical evidence for component | Need route/target/snap or role-usage evidence. | Need lifecycle/role-shape evidence. | Display-only DynastyProcess market baseline; not NWR source truth; not used for model inputs, candidate rank, or hidden sort. | existing_id_present; sleeper_match; dynastyprocess_crosswalk_candidate"
veteran-6865,6865,Colby Parkinson,TE,LAR,Veteran Full Dynasty Layer,manual_review_flag,HIGH,REVIEW_NEEDED,"licensed_route_metrics_not_available|not_used_in_stats_first_value|no_premium_te_replacement_level_cap|te_upper_band_guard_v2_te_exception_gate_not_met|missing_or_review_route_target_snap_evidence|missing_lifecycle_or_role_shape_evidence | Licensed route metrics unavailable; use as source limitation, not a formula instruction. | not used in stats first value | no premium te replacement level cap | te upper band guard v2 te exception gate not met | Need route/target/snap or role-usage evidence. | Need lifecycle/role-shape evidence. | Display-only DynastyProcess market baseline; not NWR source truth; not used for model inputs, candidate rank, or hidden sort. | existing_id_present; sleeper_match; dynastyprocess_crosswalk_candidate"
veteran-11650,11650,Luke McCaffrey,WR,WAS,Veteran Full Dynasty Layer,manual_review_flag,HIGH,REVIEW_NEEDED,"licensed_route_metrics_not_available|not_used_in_stats_first_value|shifted_header_expected_player_header_inferred|missing_or_review_route_target_snap_evidence|missing_lifecycle_or_role_shape_evidence | Licensed route metrics unavailable; use as source limitation, not a formula instruction. | not used in stats first value | shifted header expected player header inferred | Need route/target/snap or role-usage evidence. | Need lifecycle/role-shape evidence. | Display-only DynastyProcess market baseline; not NWR source truth; not used for model inputs, candidate rank, or hidden sort. | existing_id_present; sleeper_match; dynastyprocess_crosswalk_candidate"
veteran-8132,8132,Tyler Allgeier,RB,ARI,Veteran Full Dynasty Layer,manual_review_flag,HIGH,REVIEW_NEEDED,"licensed_route_metrics_not_available|not_used_in_stats_first_value|no_historical_evidence_for_component|missing_or_review_route_target_snap_evidence|missing_lifecycle_or_role_shape_evidence|rotowire_current_team_status_warning | Licensed route metrics unavailable; use as source limitation, not a formula instruction. | not used in stats first value | no historical evidence for component | Need route/target/snap or role-usage evidence. | Need lifecycle/role-shape evidence. | Current team/status was repaired from local RotoWire source context. | Display-only DynastyProcess market baseline; not NWR source truth; not used for model inputs, candidate rank, or hidden sort. | existing_id_present; sleeper_match; dynastyprocess_crosswalk_candidate"
veteran-8210,8210,Chig Okonkwo,TE,WAS,Veteran Full Dynasty Layer,manual_review_flag,HIGH,REVIEW_NEEDED,"licensed_route_metrics_not_available|not_used_in_stats_first_value|first_down_missing_confidence_cap|no_premium_te_replacement_level_cap|te_upper_band_guard_v2_te_exception_gate_not_met|missing_or_review_route_target_snap_evidence|missing_lifecycle_or_role_shape_evidence|rotowire_current_team_status_warning | Licensed route metrics unavailable; use as source limitation, not a formula instruction. | not used in stats first value | first down missing confidence cap | no premium te replacement level cap | te upper band guard v2 te exception gate not met | Need route/target/snap or role-usage evidence. | Need lifecycle/role-shape evidence. | Current team/status was repaired from local RotoWire source context. | Display-only DynastyProcess market baseline; not NWR source truth; not used for model inputs, candidate rank, or hidden sort. | existing_id_present; sleeper_match; dynastyprocess_crosswalk_candidate"
veteran-8205,8205,Isiah Pacheco,RB,DET,Veteran Full Dynasty Layer,manual_review_flag,HIGH,REVIEW_NEEDED,"licensed_route_metrics_not_available|not_used_in_stats_first_value|no_historical_evidence_for_component|rb_dynasty_age_curve_after_27_active|rb_age_window_caution_active|missing_or_review_route_target_snap_evidence|missing_lifecycle_or_role_shape_evidence|rotowire_current_team_status_warning | Licensed route metrics unavailable; use as source limitation, not a formula instruction. | not used in stats first value | no historical evidence for component | rb dynasty age curve after 27 active | rb age window caution active | Need route/target/snap or role-usage evidence. | Need lifecycle/role-shape evidence. | Current team/status was repaired from local RotoWire source context. | Display-only DynastyProcess market baseline; not NWR source truth; not used for model inputs, candidate rank, or hidden sort. | existing_id_present; sleeper_match; dynastyprocess_crosswalk_candidate"
veteran-11603,11603,AJ Barner,TE,SEA,Veteran Full Dynasty Layer,manual_review_flag,HIGH,REVIEW_NEEDED,"licensed_route_metrics_not_available|not_used_in_stats_first_value|partial_first_down_confidence_cap|no_premium_te_replacement_level_cap|te_upper_band_guard_v2_te_exception_gate_not_met|missing_or_review_route_target_snap_evidence|missing_lifecycle_or_role_shape_evidence | Licensed route metrics unavailable; use as source limitation, not a formula instruction. | not used in stats first value | Need stronger first-down evidence or accept confidence cap. | no premium te replacement level cap | te upper band guard v2 te exception gate not met | Need route/target/snap or role-usage evidence. | Need lifecycle/role-shape evidence. | Display-only DynastyProcess market baseline; not NWR source truth; not used for model inputs, candidate rank, or hidden sort. | existing_id_present; sleeper_match; dynastyprocess_crosswalk_candidate"
veteran-7607,7607,Michael Carter,RB,TEN,Veteran Full Dynasty Layer,manual_review_flag,HIGH,REVIEW_NEEDED,"licensed_route_metrics_not_available|not_used_in_stats_first_value|no_historical_evidence_for_component|shifted_header_expected_player_header_inferred|rb_dynasty_age_curve_after_27_active|rb_age_window_caution_active|missing_or_review_route_target_snap_evidence|missing_lifecycle_or_role_shape_evidence|rotowire_current_team_status_warning | Licensed route metrics unavailable; use as source limitation, not a formula instruction. | not used in stats first value | no historical evidence for component | shifted header expected player header inferred | rb dynasty age curve after 27 active | rb age window caution active | Need route/target/snap or role-usage evidence. | Need lifecycle/role-shape evidence. | Current team/status was repaired from local RotoWire source context. | Display-only DynastyProcess market baseline; not NWR source truth; not used for model inputs, candidate rank, or hidden sort. | existing_id_present; sleeper_match; dynastyprocess_crosswalk_candidate"
veteran-6130,6130,Devin Singletary,RB,NYG,Veteran Full Dynasty Layer,manual_review_flag,HIGH,REVIEW_NEEDED,"licensed_route_metrics_not_available|not_used_in_stats_first_value|shifted_header_expected_player_header_inferred|rb_dynasty_age_curve_after_27_active|rb_age_window_caution_active|missing_or_review_route_target_snap_evidence|missing_lifecycle_or_role_shape_evidence | Licensed route metrics unavailable; use as source limitation, not a formula instruction. | not used in stats first value | shifted header expected player header inferred | rb dynasty age curve after 27 active | rb age window caution active | Need route/target/snap or role-usage evidence. | Need lifecycle/role-shape evidence. | Display-only DynastyProcess market baseline; not NWR source truth; not used for model inputs, candidate rank, or hidden sort. | existing_id_present; sleeper_match; dynastyprocess_crosswalk_candidate"
veteran-12498,12498,Mason Taylor,TE,NYJ,Veteran Full Dynasty Layer,manual_review_flag,HIGH,REVIEW_NEEDED,"licensed_route_metrics_not_available|not_used_in_stats_first_value|no_historical_evidence_for_component|no_premium_te_replacement_level_cap|te_upper_band_guard_v2_te_exception_gate_not_met|missing_or_review_route_target_snap_evidence|missing_lifecycle_or_role_shape_evidence | Licensed route metrics unavailable; use as source limitation, not a formula instruction. | not used in stats first value | no historical evidence for component | no premium te replacement level cap | te upper band guard v2 te exception gate not met | Need route/target/snap or role-usage evidence. | Need lifecycle/role-shape evidence. | Display-only DynastyProcess market baseline; not NWR source truth; not used for model inputs, candidate rank, or hidden sort. | existing_id_present; sleeper_match; dynastyprocess_crosswalk_candidate"
veteran-8408,8408,Jordan Mason,RB,MIN,Veteran Full Dynasty Layer,manual_review_flag,HIGH,REVIEW_NEEDED,"licensed_route_metrics_not_available|not_used_in_stats_first_value|no_historical_evidence_for_component|rb_dynasty_age_curve_after_27_active|rb_age_window_caution_active|missing_or_review_route_target_snap_evidence|missing_lifecycle_or_role_shape_evidence|rotowire_current_team_status_warning | Licensed route metrics unavailable; use as source limitation, not a formula instruction. | not used in stats first value | no historical evidence for component | rb dynasty age curve after 27 active | rb age window caution active | Need route/target/snap or role-usage evidence. | Need lifecycle/role-shape evidence. | Current team/status was repaired from local RotoWire source context. | Display-only DynastyProcess market baseline; not NWR source truth; not used for model inputs, candidate rank, or hidden sort. | existing_id_present; sleeper_match; dynastyprocess_crosswalk_candidate"
veteran-6826,6826,Cole Kmet,TE,CHI,Veteran Full Dynasty Layer,manual_review_flag,HIGH,REVIEW_NEEDED,"licensed_route_metrics_not_available|not_used_in_stats_first_value|no_premium_te_replacement_level_cap|te_upper_band_guard_v2_te_exception_gate_not_met|missing_or_review_route_target_snap_evidence|missing_lifecycle_or_role_shape_evidence | Licensed route metrics unavailable; use as source limitation, not a formula instruction. | not used in stats first value | no premium te replacement level cap | te upper band guard v2 te exception gate not met | Need route/target/snap or role-usage evidence. | Need lifecycle/role-shape evidence. | Display-only DynastyProcess market baseline; not NWR source truth; not used for model inputs, candidate rank, or hidden sort. | existing_id_present; sleeper_match; dynastyprocess_crosswalk_candidate"
veteran-12536,12536,Jaylin Noel,WR,HOU,Veteran Full Dynasty Layer,manual_review_flag,HIGH,REVIEW_NEEDED,"licensed_route_metrics_not_available|not_used_in_stats_first_value|no_historical_evidence_for_component|shifted_header_expected_player_header_inferred|partial_first_down_confidence_cap|missing_or_review_route_target_snap_evidence|missing_lifecycle_or_role_shape_evidence | Licensed route metrics unavailable; use as source limitation, not a formula instruction. | not used in stats first value | no historical evidence for component | shifted header expected player header inferred | Need stronger first-down evidence or accept confidence cap. | Need route/target/snap or role-usage evidence. | Need lifecycle/role-shape evidence. | Display-only DynastyProcess market baseline; not NWR source truth; not used for model inputs, candidate rank, or hidden sort. | existing_id_present; sleeper_match; dynastyprocess_crosswalk_candidate"
veteran-12533,12533,Jacory Croskey-Merritt,RB,WAS,Veteran Full Dynasty Layer,manual_review_flag,HIGH,REVIEW_NEEDED,"licensed_route_metrics_not_available|not_used_in_stats_first_value|no_historical_evidence_for_component|missing_or_review_route_target_snap_evidence|missing_lifecycle_or_role_shape_evidence | Licensed route metrics unavailable; use as source limitation, not a formula instruction. | not used in stats first value | no historical evidence for component | Need route/target/snap or role-usage evidence. | Need lifecycle/role-shape evidence. | Display-only DynastyProcess market baseline; not NWR source truth; not used for model inputs, candidate rank, or hidden sort. | existing_id_present; sleeper_match; dynastyprocess_crosswalk_candidate"
veteran-5012,5012,Mark Andrews,TE,BAL,Veteran Full Dynasty Layer,manual_review_flag,HIGH,REVIEW_NEEDED,"licensed_route_metrics_not_available|not_used_in_stats_first_value|partial_first_down_confidence_cap|no_premium_te_replacement_level_cap|te_upper_band_guard_v2_te_exception_gate_not_met|te_no_premium_age_curve_after_30_active|missing_or_review_route_target_snap_evidence|missing_lifecycle_or_role_shape_evidence | Licensed route metrics unavailable; use as source limitation, not a formula instruction. | not used in stats first value | Need stronger first-down evidence or accept confidence cap. | no premium te replacement level cap | te upper band guard v2 te exception gate not met | te no premium age curve after 30 active | Need route/target/snap or role-usage evidence. | Need lifecycle/role-shape evidence. | Display-only DynastyProcess market baseline; not NWR source truth; not used for model inputs, candidate rank, or hidden sort. | existing_id_present; sleeper_match; dynastyprocess_crosswalk_candidate"
veteran-12502,12502,Gunnar Helm,TE,TEN,Veteran Full Dynasty Layer,manual_review_flag,HIGH,REVIEW_NEEDED,"licensed_route_metrics_not_available|not_used_in_stats_first_value|no_historical_evidence_for_component|no_premium_te_replacement_level_cap|te_upper_band_guard_v2_te_exception_gate_not_met|missing_or_review_route_target_snap_evidence|missing_lifecycle_or_role_shape_evidence | Licensed route metrics unavailable; use as source limitation, not a formula instruction. | not used in stats first value | no historical evidence for component | no premium te replacement level cap | te upper band guard v2 te exception gate not met | Need route/target/snap or role-usage evidence. | Need lifecycle/role-shape evidence. | Display-only DynastyProcess market baseline; not NWR source truth; not used for model inputs, candidate rank, or hidden sort. | existing_id_present; sleeper_match; dynastyprocess_crosswalk_candidate"
veteran-4033,4033,David Njoku,TE,LAC,Veteran Full Dynasty Layer,manual_review_flag,HIGH,REVIEW_NEEDED,"licensed_route_metrics_not_available|not_used_in_stats_first_value|no_premium_te_replacement_level_cap|te_upper_band_guard_v2_te_exception_gate_not_met|te_no_premium_age_curve_after_30_active|missing_or_review_route_target_snap_evidence|missing_lifecycle_or_role_shape_evidence|rotowire_current_team_status_warning | Licensed route metrics unavailable; use as source limitation, not a formula instruction. | not used in stats first value | no premium te replacement level cap | te upper band guard v2 te exception gate not met | te no premium age curve after 30 active | Need route/target/snap or role-usage evidence. | Need lifecycle/role-shape evidence. | Current team/status was repaired from local RotoWire source context. | Display-only DynastyProcess market baseline; not NWR source truth; not used for model inputs, candidate rank, or hidden sort. | existing_id_present; sleeper_match; dynastyprocess_crosswalk_candidate"
veteran-4199,4199,Aaron Jones,RB,MIN,Veteran Full Dynasty Layer,manual_review_flag,HIGH,REVIEW_NEEDED,"licensed_route_metrics_not_available|not_used_in_stats_first_value|no_historical_evidence_for_component|rb_dynasty_age_curve_after_27_active|rb_dynasty_age_curve_30_plus_active|rb_age_cliff_guardrail_active|missing_or_review_route_target_snap_evidence|missing_lifecycle_or_role_shape_evidence | Licensed route metrics unavailable; use as source limitation, not a formula instruction. | not used in stats first value | no historical evidence for component | rb dynasty age curve after 27 active | rb dynasty age curve 30 plus active | rb age cliff guardrail active | Need route/target/snap or role-usage evidence. | Need lifecycle/role-shape evidence. | Display-only DynastyProcess market baseline; not NWR source truth; not used for model inputs, candidate rank, or hidden sort. | existing_id_present; sleeper_match; dynastyprocess_crosswalk_candidate"
veteran-8183,8183,Brock Purdy,QB,SF,Veteran Full Dynasty Layer,manual_review_flag,HIGH,REVIEW_NEEDED,"one_qb_replacement_level_qb_cap|one_qb_context_balance_upper_band_guard_v2|missing_or_review_route_target_snap_evidence | one qb replacement level qb cap | one qb context balance upper band guard v2 | Need route/target/snap or role-usage evidence. | Display-only DynastyProcess market baseline; not NWR source truth; not used for model inputs, candidate rank, or hidden sort. | existing_id_present; sleeper_match; dynastyprocess_crosswalk_candidate"
veteran-12469,12469,Dylan Sampson,RB,CLE,Veteran Full Dynasty Layer,manual_review_flag,HIGH,REVIEW_NEEDED,"licensed_route_metrics_not_available|not_used_in_stats_first_value|no_historical_evidence_for_component|shifted_header_expected_player_header_inferred|missing_or_review_route_target_snap_evidence|missing_lifecycle_or_role_shape_evidence | Licensed route metrics unavailable; use as source limitation, not a formula instruction. | not used in stats first value | no historical evidence for component | shifted header expected player header inferred | Need route/target/snap or role-usage evidence. | Need lifecycle/role-shape evidence. | Display-only DynastyProcess market baseline; not NWR source truth; not used for model inputs, candidate rank, or hidden sort. | existing_id_present; sleeper_match; dynastyprocess_crosswalk_candidate"
veteran-12535,12535,Isaac TeSlaa,WR,DET,Veteran Full Dynasty Layer,manual_review_flag,HIGH,REVIEW_NEEDED,"licensed_route_metrics_not_available|not_used_in_stats_first_value|no_historical_evidence_for_component|missing_or_review_route_target_snap_evidence|missing_lifecycle_or_role_shape_evidence | Licensed route metrics unavailable; use as source limitation, not a formula instruction. | not used in stats first value | no historical evidence for component | Need route/target/snap or role-usage evidence. | Need lifecycle/role-shape evidence. | Display-only DynastyProcess market baseline; not NWR source truth; not used for model inputs, candidate rank, or hidden sort. | existing_id_present; sleeper_match; dynastyprocess_crosswalk_candidate"
veteran-4035,4035,Alvin Kamara,RB,NO,Veteran Full Dynasty Layer,manual_review_flag,HIGH,REVIEW_NEEDED,"licensed_route_metrics_not_available|not_used_in_stats_first_value|no_historical_evidence_for_component|rb_dynasty_age_curve_after_27_active|rb_dynasty_age_curve_30_plus_active|rb_age_cliff_guardrail_active|missing_or_review_route_target_snap_evidence|missing_lifecycle_or_role_shape_evidence | Licensed route metrics unavailable; use as source limitation, not a formula instruction. | not used in stats first value | no historical evidence for component | rb dynasty age curve after 27 active | rb dynasty age curve 30 plus active | rb age cliff guardrail active | Need route/target/snap or role-usage evidence. | Need lifecycle/role-shape evidence. | Display-only DynastyProcess market baseline; not NWR source truth; not used for model inputs, candidate rank, or hidden sort. | existing_id_present; sleeper_match; dynastyprocess_crosswalk_candidate"
veteran-8131,8131,Isaiah Likely,TE,NYG,Veteran Full Dynasty Layer,manual_review_flag,HIGH,REVIEW_NEEDED,"licensed_route_metrics_not_available|not_used_in_stats_first_value|no_premium_te_replacement_level_cap|te_upper_band_guard_v2_te_exception_gate_not_met|missing_or_review_route_target_snap_evidence|missing_lifecycle_or_role_shape_evidence|rotowire_current_team_status_warning | Licensed route metrics unavailable; use as source limitation, not a formula instruction. | not used in stats first value | no premium te replacement level cap | te upper band guard v2 te exception gate not met | Need route/target/snap or role-usage evidence. | Need lifecycle/role-shape evidence. | Current team/status was repaired from local RotoWire source context. | Display-only DynastyProcess market baseline; not NWR source truth; not used for model inputs, candidate rank, or hidden sort. | existing_id_present; sleeper_match; dynastyprocess_crosswalk_candidate"
veteran-11589,11589,Trey Benson,RB,ARI,Veteran Full Dynasty Layer,manual_review_flag,HIGH,REVIEW_NEEDED,"licensed_route_metrics_not_available|not_used_in_stats_first_value|no_historical_evidence_for_component|missing_or_review_route_target_snap_evidence|missing_lifecycle_or_role_shape_evidence | Licensed route metrics unavailable; use as source limitation, not a formula instruction. | not used in stats first value | no historical evidence for component | Need route/target/snap or role-usage evidence. | Need lifecycle/role-shape evidence. | Display-only DynastyProcess market baseline; not NWR source truth; not used for model inputs, candidate rank, or hidden sort. | existing_id_present; sleeper_match; dynastyprocess_crosswalk_candidate"
veteran-11586,11586,Blake Corum,RB,LAR,Veteran Full Dynasty Layer,manual_review_flag,HIGH,REVIEW_NEEDED,"licensed_route_metrics_not_available|not_used_in_stats_first_value|no_historical_evidence_for_component|shifted_header_expected_player_header_inferred|missing_or_review_route_target_snap_evidence|missing_lifecycle_or_role_shape_evidence | Licensed route metrics unavailable; use as source limitation, not a formula instruction. | not used in stats first value | no historical evidence for component | shifted header expected player header inferred | Need route/target/snap or role-usage evidence. | Need lifecycle/role-shape evidence. | Display-only DynastyProcess market baseline; not NWR source truth; not used for model inputs, candidate rank, or hidden sort. | existing_id_present; sleeper_match; dynastyprocess_crosswalk_candidate"
veteran-4066,4066,Evan Engram,TE,DEN,Veteran Full Dynasty Layer,manual_review_flag,HIGH,REVIEW_NEEDED,"licensed_route_metrics_not_available|not_used_in_stats_first_value|first_down_missing_confidence_cap|no_premium_te_replacement_level_cap|te_upper_band_guard_v2_te_exception_gate_not_met|te_no_premium_age_curve_after_30_active|missing_or_review_route_target_snap_evidence|missing_lifecycle_or_role_shape_evidence|rotowire_current_team_status_warning | Licensed route metrics unavailable; use as source limitation, not a formula instruction. | not used in stats first value | first down missing confidence cap | no premium te replacement level cap | te upper band guard v2 te exception gate not met | te no premium age curve after 30 active | Need route/target/snap or role-usage evidence. | Need lifecycle/role-shape evidence. | Current team/status was repaired from local RotoWire source context. | Display-only DynastyProcess market baseline; not NWR source truth; not used for model inputs, candidate rank, or hidden sort. | existing_id_present; sleeper_match; dynastyprocess_crosswalk_candidate"
veteran-5995,5995,Justice Hill,RB,BAL,Veteran Full Dynasty Layer,manual_review_flag,HIGH,REVIEW_NEEDED,"licensed_route_metrics_not_available|not_used_in_stats_first_value|no_historical_evidence_for_component|shifted_header_expected_player_header_inferred|rb_dynasty_age_curve_after_27_active|rb_age_window_caution_active|missing_or_review_route_target_snap_evidence|missing_lifecycle_or_role_shape_evidence | Licensed route metrics unavailable; use as source limitation, not a formula instruction. | not used in stats first value | no historical evidence for component | shifted header expected player header inferred | rb dynasty age curve after 27 active | rb age window caution active | Need route/target/snap or role-usage evidence. | Need lifecycle/role-shape evidence. | Display-only DynastyProcess market baseline; not NWR source truth; not used for model inputs, candidate rank, or hidden sort. | existing_id_present; sleeper_match; dynastyprocess_crosswalk_candidate"
veteran-11435,11435,Emanuel Wilson,RB,SEA,Veteran Full Dynasty Layer,manual_review_flag,HIGH,REVIEW_NEEDED,"licensed_route_metrics_not_available|not_used_in_stats_first_value|no_historical_evidence_for_component|shifted_header_expected_player_header_inferred|rb_dynasty_age_curve_after_27_active|rb_age_window_caution_active|missing_or_review_route_target_snap_evidence|missing_lifecycle_or_role_shape_evidence|rotowire_current_team_status_warning | Licensed route metrics unavailable; use as source limitation, not a formula instruction. | not used in stats first value | no historical evidence for component | shifted header expected player header inferred | rb dynasty age curve after 27 active | rb age window caution active | Need route/target/snap or role-usage evidence. | Need lifecycle/role-shape evidence. | Current team/status was repaired from local RotoWire source context. | Display-only DynastyProcess market baseline; not NWR source truth; not used for model inputs, candidate rank, or hidden sort. | existing_id_present; sleeper_match; dynastyprocess_crosswalk_candidate"
veteran-6770,6770,Joe Burrow,QB,CIN,Veteran Full Dynasty Layer,manual_review_flag,HIGH,REVIEW_NEEDED,"one_qb_replacement_level_qb_cap|one_qb_context_balance_upper_band_guard_v2|missing_or_review_route_target_snap_evidence | one qb replacement level qb cap | one qb context balance upper band guard v2 | Need route/target/snap or role-usage evidence. | Display-only DynastyProcess market baseline; not NWR source truth; not used for model inputs, candidate rank, or hidden sort. | existing_id_present; sleeper_match; dynastyprocess_crosswalk_candidate"
veteran-8154,8154,Brian Robinson,RB,ATL,Veteran Full Dynasty Layer,manual_review_flag,HIGH,REVIEW_NEEDED,"licensed_route_metrics_not_available|not_used_in_stats_first_value|no_historical_evidence_for_component|shifted_header_expected_player_header_inferred|rb_dynasty_age_curve_after_27_active|rb_age_window_caution_active|missing_or_review_route_target_snap_evidence|missing_lifecycle_or_role_shape_evidence|rotowire_current_team_status_warning | Licensed route metrics unavailable; use as source limitation, not a formula instruction. | not used in stats first value | no historical evidence for component | shifted header expected player header inferred | rb dynasty age curve after 27 active | rb age window caution active | Need route/target/snap or role-usage evidence. | Need lifecycle/role-shape evidence. | Current team/status was repaired from local RotoWire source context. | Display-only DynastyProcess market baseline; not NWR source truth; not used for model inputs, candidate rank, or hidden sort. | existing_id_present; sleeper_match; dynastyprocess_crosswalk_candidate"
veteran-11571,11571,Isaiah Davis,RB,NYJ,Veteran Full Dynasty Layer,manual_review_flag,HIGH,REVIEW_NEEDED,"licensed_route_metrics_not_available|not_used_in_stats_first_value|no_historical_evidence_for_component|shifted_header_expected_player_header_inferred|missing_or_review_route_target_snap_evidence|missing_lifecycle_or_role_shape_evidence | Licensed route metrics unavailable; use as source limitation, not a formula instruction. | not used in stats first value | no historical evidence for component | shifted header expected player header inferred | Need route/target/snap or role-usage evidence. | Need lifecycle/role-shape evidence. | Display-only DynastyProcess market baseline; not NWR source truth; not used for model inputs, candidate rank, or hidden sort. | existing_id_present; sleeper_match; dynastyprocess_crosswalk_candidate"
veteran-12482,12482,Savion Williams,WR,GB,Veteran Full Dynasty Layer,manual_review_flag,HIGH,REVIEW_NEEDED,"licensed_route_metrics_not_available|not_used_in_stats_first_value|shifted_header_expected_player_header_inferred|missing_or_review_route_target_snap_evidence|missing_lifecycle_or_role_shape_evidence | Licensed route metrics unavailable; use as source limitation, not a formula instruction. | not used in stats first value | shifted header expected player header inferred | Need route/target/snap or role-usage evidence. | Need lifecycle/role-shape evidence. | Display-only DynastyProcess market baseline; not NWR source truth; not used for model inputs, candidate rank, or hidden sort. | existing_id_present; sleeper_match; dynastyprocess_crosswalk_candidate"
veteran-12521,12521,Elijah Arroyo,TE,SEA,Veteran Full Dynasty Layer,manual_review_flag,HIGH,REVIEW_NEEDED,"licensed_route_metrics_not_available|not_used_in_stats_first_value|no_historical_evidence_for_component|no_premium_te_replacement_level_cap|te_upper_band_guard_v2_te_exception_gate_not_met|missing_or_review_route_target_snap_evidence|missing_lifecycle_or_role_shape_evidence | Licensed route metrics unavailable; use as source limitation, not a formula instruction. | not used in stats first value | no historical evidence for component | no premium te replacement level cap | te upper band guard v2 te exception gate not met | Need route/target/snap or role-usage evidence. | Need lifecycle/role-shape evidence. | Display-only DynastyProcess market baseline; not NWR source truth; not used for model inputs, candidate rank, or hidden sort. | existing_id_present; sleeper_match; dynastyprocess_crosswalk_candidate"
veteran-11575,11575,Ray Davis,RB,BUF,Veteran Full Dynasty Layer,manual_review_flag,HIGH,REVIEW_NEEDED,"licensed_route_metrics_not_available|not_used_in_stats_first_value|no_historical_evidence_for_component|shifted_header_expected_player_header_inferred|missing_or_review_route_target_snap_evidence|missing_lifecycle_or_role_shape_evidence | Licensed route metrics unavailable; use as source limitation, not a formula instruction. | not used in stats first value | no historical evidence for component | shifted header expected player header inferred | Need route/target/snap or role-usage evidence. | Need lifecycle/role-shape evidence. | Display-only DynastyProcess market baseline; not NWR source truth; not used for model inputs, candidate rank, or hidden sort. | existing_id_present; sleeper_match; dynastyprocess_crosswalk_candidate"
veteran-12476,12476,Devin Neal,RB,NO,Veteran Full Dynasty Layer,manual_review_flag,HIGH,REVIEW_NEEDED,"licensed_route_metrics_not_available|not_used_in_stats_first_value|no_historical_evidence_for_component|missing_or_review_route_target_snap_evidence|missing_lifecycle_or_role_shape_evidence | Licensed route metrics unavailable; use as source limitation, not a formula instruction. | not used in stats first value | no historical evidence for component | Need route/target/snap or role-usage evidence. | Need lifecycle/role-shape evidence. | Display-only DynastyProcess market baseline; not NWR source truth; not used for model inputs, candidate rank, or hidden sort. | existing_id_present; sleeper_match; dynastyprocess_crosswalk_candidate"
veteran-7528,7528,Najee Harris,RB,UNKNOWN,Veteran Full Dynasty Layer,manual_review_flag,HIGH,REVIEW_NEEDED,"licensed_route_metrics_not_available|not_used_in_stats_first_value|no_historical_evidence_for_component|partial_first_down_confidence_cap|rb_dynasty_age_curve_after_27_active|rb_age_window_caution_active|missing_or_review_route_target_snap_evidence|missing_lifecycle_or_role_shape_evidence|rotowire_current_status_no_team | Licensed route metrics unavailable; use as source limitation, not a formula instruction. | not used in stats first value | no historical evidence for component | Need stronger first-down evidence or accept confidence cap. | rb dynasty age curve after 27 active | rb age window caution active | Need route/target/snap or role-usage evidence. | Need lifecycle/role-shape evidence. | Local RotoWire source verifies no current NFL team; do not invent a team. | Display-only DynastyProcess market baseline; not NWR source truth; not used for model inputs, candidate rank, or hidden sort. | existing_id_present; sleeper_match; dynastyprocess_crosswalk_candidate"
veteran-4098,4098,Kareem Hunt,RB,UNKNOWN,Veteran Full Dynasty Layer,manual_review_flag,HIGH,REVIEW_NEEDED,"licensed_route_metrics_not_available|not_used_in_stats_first_value|no_historical_evidence_for_component|rb_dynasty_age_curve_after_27_active|rb_dynasty_age_curve_30_plus_active|rb_age_cliff_guardrail_active|missing_or_review_route_target_snap_evidence|missing_lifecycle_or_role_shape_evidence|rotowire_current_status_no_team | Licensed route metrics unavailable; use as source limitation, not a formula instruction. | not used in stats first value | no historical evidence for component | rb dynasty age curve after 27 active | rb dynasty age curve 30 plus active | rb age cliff guardrail active | Need route/target/snap or role-usage evidence. | Need lifecycle/role-shape evidence. | Local RotoWire source verifies no current NFL team; do not invent a team. | Display-only DynastyProcess market baseline; not NWR source truth; not used for model inputs, candidate rank, or hidden sort. | existing_id_present; sleeper_match; dynastyprocess_crosswalk_candidate"
veteran-12455,12455,Brashard Smith,RB,KC,Veteran Full Dynasty Layer,manual_review_flag,HIGH,REVIEW_NEEDED,"licensed_route_metrics_not_available|not_used_in_stats_first_value|no_historical_evidence_for_component|shifted_header_expected_player_header_inferred|missing_or_review_route_target_snap_evidence|missing_lifecycle_or_role_shape_evidence | Licensed route metrics unavailable; use as source limitation, not a formula instruction. | not used in stats first value | no historical evidence for component | shifted header expected player header inferred | Need route/target/snap or role-usage evidence. | Need lifecycle/role-shape evidence. | Display-only DynastyProcess market baseline; not NWR source truth; not used for model inputs, candidate rank, or hidden sort. | existing_id_present; sleeper_match; dynastyprocess_crosswalk_candidate"
veteran-4137,4137,James Conner,RB,ARI,Veteran Full Dynasty Layer,manual_review_flag,HIGH,REVIEW_NEEDED,"licensed_route_metrics_not_available|not_used_in_stats_first_value|no_historical_evidence_for_component|rb_dynasty_age_curve_after_27_active|rb_dynasty_age_curve_30_plus_active|rb_age_cliff_guardrail_active|missing_or_review_route_target_snap_evidence|missing_lifecycle_or_role_shape_evidence | Licensed route metrics unavailable; use as source limitation, not a formula instruction. | not used in stats first value | no historical evidence for component | rb dynasty age curve after 27 active | rb dynasty age curve 30 plus active | rb age cliff guardrail active | Need route/target/snap or role-usage evidence. | Need lifecycle/role-shape evidence. | Display-only DynastyProcess market baseline; not NWR source truth; not used for model inputs, candidate rank, or hidden sort. | existing_id_present; sleeper_match; dynastyprocess_crosswalk_candidate"
veteran-8122,8122,Zonovan Knight,RB,ARI,Veteran Full Dynasty Layer,manual_review_flag,HIGH,REVIEW_NEEDED,"licensed_route_metrics_not_available|not_used_in_stats_first_value|missing_rotowire_player_stats|no_historical_evidence_for_component|missing_vorp_anchor|missing_receiving_utility_evidence|missing_rb_carry_lifecycle_evidence|missing_rb_receiving_lifecycle_evidence|missing_rb_snap_lifecycle_evidence|missing_or_review_route_target_snap_evidence|missing_lifecycle_or_role_shape_evidence | Licensed route metrics unavailable; use as source limitation, not a formula instruction. | not used in stats first value | Need player stats source coverage. | no historical evidence for component | Need VORP anchor / replacement baseline evidence. | missing receiving utility evidence | missing rb carry lifecycle evidence | missing rb receiving lifecycle evidence | missing rb snap lifecycle evidence | Need route/target/snap or role-usage evidence. | Need lifecycle/role-shape evidence. | Display-only DynastyProcess market baseline; not NWR source truth; not used for model inputs, candidate rank, or hidden sort. | existing_id_present; sleeper_match; dynastyprocess_crosswalk_candidate"
veteran-9757,9757,Kendre Miller,RB,NO,Veteran Full Dynasty Layer,manual_review_flag,HIGH,REVIEW_NEEDED,"licensed_route_metrics_not_available|not_used_in_stats_first_value|no_historical_evidence_for_component|shifted_header_expected_player_header_inferred|missing_or_review_route_target_snap_evidence|missing_lifecycle_or_role_shape_evidence | Licensed route metrics unavailable; use as source limitation, not a formula instruction. | not used in stats first value | no historical evidence for component | shifted header expected player header inferred | Need route/target/snap or role-usage evidence. | Need lifecycle/role-shape evidence. | Display-only DynastyProcess market baseline; not NWR source truth; not used for model inputs, candidate rank, or hidden sort. | existing_id_present; sleeper_match; dynastyprocess_crosswalk_candidate"
veteran-12490,12490,Bhayshul Tuten,RB,JAX,Veteran Full Dynasty Layer,manual_review_flag,HIGH,REVIEW_NEEDED,"licensed_route_metrics_not_available|not_used_in_stats_first_value|no_historical_evidence_for_component|shifted_header_expected_player_header_inferred|missing_or_review_route_target_snap_evidence|missing_lifecycle_or_role_shape_evidence | Licensed route metrics unavailable; use as source limitation, not a formula instruction. | not used in stats first value | no historical evidence for component | shifted header expected player header inferred | Need route/target/snap or role-usage evidence. | Need lifecycle/role-shape evidence. | Display-only DynastyProcess market baseline; not NWR source truth; not used for model inputs, candidate rank, or hidden sort. | existing_id_present; sleeper_match; dynastyprocess_crosswalk_candidate"
veteran-9506,9506,Sean Tucker,RB,TB,Veteran Full Dynasty Layer,manual_review_flag,HIGH,REVIEW_NEEDED,"licensed_route_metrics_not_available|not_used_in_stats_first_value|no_historical_evidence_for_component|missing_or_review_route_target_snap_evidence|missing_lifecycle_or_role_shape_evidence | Licensed route metrics unavailable; use as source limitation, not a formula instruction. | not used in stats first value | no historical evidence for component | Need route/target/snap or role-usage evidence. | Need lifecycle/role-shape evidence. | Display-only DynastyProcess market baseline; not NWR source truth; not used for model inputs, candidate rank, or hidden sort. | existing_id_present; sleeper_match; dynastyprocess_crosswalk_candidate"
veteran-11199,11199,Emari Demercado,RB,KC,Veteran Full Dynasty Layer,manual_review_flag,HIGH,REVIEW_NEEDED,"licensed_route_metrics_not_available|not_used_in_stats_first_value|no_historical_evidence_for_component|shifted_header_expected_player_header_inferred|rb_dynasty_age_curve_after_27_active|rb_age_window_caution_active|missing_or_review_route_target_snap_evidence|missing_lifecycle_or_role_shape_evidence|rotowire_current_team_status_warning | Licensed route metrics unavailable; use as source limitation, not a formula instruction. | not used in stats first value | no historical evidence for component | shifted header expected player header inferred | rb dynasty age curve after 27 active | rb age window caution active | Need route/target/snap or role-usage evidence. | Need lifecycle/role-shape evidence. | Current team/status was repaired from local RotoWire source context. | Display-only DynastyProcess market baseline; not NWR source truth; not used for model inputs, candidate rank, or hidden sort. | existing_id_present; sleeper_match; dynastyprocess_crosswalk_candidate"
veteran-11439,11439,Jaleel McLaughlin,RB,DEN,Veteran Full Dynasty Layer,manual_review_flag,HIGH,REVIEW_NEEDED,"licensed_route_metrics_not_available|not_used_in_stats_first_value|no_historical_evidence_for_component|shifted_header_expected_player_header_inferred|partial_first_down_confidence_cap|missing_or_review_route_target_snap_evidence|missing_lifecycle_or_role_shape_evidence | Licensed route metrics unavailable; use as source limitation, not a formula instruction. | not used in stats first value | no historical evidence for component | shifted header expected player header inferred | Need stronger first-down evidence or accept confidence cap. | Need route/target/snap or role-usage evidence. | Need lifecycle/role-shape evidence. | Display-only DynastyProcess market baseline; not NWR source truth; not used for model inputs, candidate rank, or hidden sort. | existing_id_present; sleeper_match; dynastyprocess_crosswalk_candidate"
veteran-9511,9511,Keaton Mitchell,RB,LAC,Veteran Full Dynasty Layer,manual_review_flag,HIGH,REVIEW_NEEDED,"licensed_route_metrics_not_available|not_used_in_stats_first_value|no_historical_evidence_for_component|shifted_header_expected_player_header_inferred|missing_or_review_route_target_snap_evidence|missing_lifecycle_or_role_shape_evidence|rotowire_current_team_status_warning | Licensed route metrics unavailable; use as source limitation, not a formula instruction. | not used in stats first value | no historical evidence for component | shifted header expected player header inferred | Need route/target/snap or role-usage evidence. | Need lifecycle/role-shape evidence. | Current team/status was repaired from local RotoWire source context. | Display-only DynastyProcess market baseline; not NWR source truth; not used for model inputs, candidate rank, or hidden sort. | existing_id_present; sleeper_match; dynastyprocess_crosswalk_candidate"
veteran-4219,4219,Jeremy McNichols,RB,WAS,Veteran Full Dynasty Layer,manual_review_flag,HIGH,REVIEW_NEEDED,"licensed_route_metrics_not_available|not_used_in_stats_first_value|no_historical_evidence_for_component|rb_dynasty_age_curve_after_27_active|rb_dynasty_age_curve_30_plus_active|rb_age_cliff_guardrail_active|missing_or_review_route_target_snap_evidence|missing_lifecycle_or_role_shape_evidence | Licensed route metrics unavailable; use as source limitation, not a formula instruction. | not used in stats first value | no historical evidence for component | rb dynasty age curve after 27 active | rb dynasty age curve 30 plus active | rb age cliff guardrail active | Need route/target/snap or role-usage evidence. | Need lifecycle/role-shape evidence. | Display-only DynastyProcess market baseline; not NWR source truth; not used for model inputs, candidate rank, or hidden sort. | existing_id_present; sleeper_match; dynastyprocess_crosswalk_candidate"
veteran-4988,4988,Nick Chubb,RB,UNKNOWN,Veteran Full Dynasty Layer,manual_review_flag,HIGH,REVIEW_NEEDED,"licensed_route_metrics_not_available|not_used_in_stats_first_value|no_historical_evidence_for_component|rb_dynasty_age_curve_after_27_active|rb_dynasty_age_curve_30_plus_active|rb_age_cliff_guardrail_active|missing_or_review_route_target_snap_evidence|missing_lifecycle_or_role_shape_evidence|rotowire_current_status_no_team | Licensed route metrics unavailable; use as source limitation, not a formula instruction. | not used in stats first value | no historical evidence for component | rb dynasty age curve after 27 active | rb dynasty age curve 30 plus active | rb age cliff guardrail active | Need route/target/snap or role-usage evidence. | Need lifecycle/role-shape evidence. | Local RotoWire source verifies no current NFL team; do not invent a team. | Display-only DynastyProcess market baseline; not NWR source truth; not used for model inputs, candidate rank, or hidden sort. | existing_id_present; sleeper_match; dynastyprocess_crosswalk_candidate"
veteran-4988,4988,Nick Chubb,RB,UNKNOWN,Veteran Full Dynasty Layer,missing_age,HIGH,REVIEW_NEEDED,"licensed_route_metrics_not_available|not_used_in_stats_first_value|no_historical_evidence_for_component|rb_dynasty_age_curve_after_27_active|rb_dynasty_age_curve_30_plus_active|rb_age_cliff_guardrail_active|missing_or_review_route_target_snap_evidence|missing_lifecycle_or_role_shape_evidence|rotowire_current_status_no_team | Licensed route metrics unavailable; use as source limitation, not a formula instruction. | not used in stats first value | no historical evidence for component | rb dynasty age curve after 27 active | rb dynasty age curve 30 plus active | rb age cliff guardrail active | Need route/target/snap or role-usage evidence. | Need lifecycle/role-shape evidence. | Local RotoWire source verifies no current NFL team; do not invent a team. | Display-only DynastyProcess market baseline; not NWR source truth; not used for model inputs, candidate rank, or hidden sort. | existing_id_present; sleeper_match; dynastyprocess_crosswalk_candidate"
veteran-11576,11576,Braelon Allen,RB,NYJ,Veteran Full Dynasty Layer,manual_review_flag,HIGH,REVIEW_NEEDED,"licensed_route_metrics_not_available|not_used_in_stats_first_value|no_historical_evidence_for_component|shifted_header_expected_player_header_inferred|partial_first_down_confidence_cap|missing_or_review_route_target_snap_evidence|missing_lifecycle_or_role_shape_evidence | Licensed route metrics unavailable; use as source limitation, not a formula instruction. | not used in stats first value | no historical evidence for component | shifted header expected player header inferred | Need stronger first-down evidence or accept confidence cap. | Need route/target/snap or role-usage evidence. | Need lifecycle/role-shape evidence. | Display-only DynastyProcess market baseline; not NWR source truth; not used for model inputs, candidate rank, or hidden sort. | existing_id_present; sleeper_match; dynastyprocess_crosswalk_candidate"
veteran-9225,9225,Tank Bigsby,RB,PHI,Veteran Full Dynasty Layer,manual_review_flag,HIGH,REVIEW_NEEDED,"licensed_route_metrics_not_available|not_used_in_stats_first_value|no_historical_evidence_for_component|first_down_missing_confidence_cap|missing_or_review_route_target_snap_evidence|missing_lifecycle_or_role_shape_evidence|rotowire_current_team_status_warning | Licensed route metrics unavailable; use as source limitation, not a formula instruction. | not used in stats first value | no historical evidence for component | first down missing confidence cap | Need route/target/snap or role-usage evidence. | Need lifecycle/role-shape evidence. | Current team/status was repaired from local RotoWire source context. | Display-only DynastyProcess market baseline; not NWR source truth; not used for model inputs, candidate rank, or hidden sort. | existing_id_present; sleeper_match; dynastyprocess_crosswalk_candidate"
veteran-2505,2505,Darren Waller,TE,UNKNOWN,Veteran Full Dynasty Layer,manual_review_flag,HIGH,REVIEW_NEEDED,"licensed_route_metrics_not_available|not_used_in_stats_first_value|partial_first_down_confidence_cap|no_premium_te_replacement_level_cap|te_upper_band_guard_v2_te_exception_gate_not_met|te_no_premium_age_curve_after_30_active|te_age_33_plus_cliff_active|missing_or_review_route_target_snap_evidence|missing_lifecycle_or_role_shape_evidence|rotowire_current_status_no_team | Licensed route metrics unavailable; use as source limitation, not a formula instruction. | not used in stats first value | Need stronger first-down evidence or accept confidence cap. | no premium te replacement level cap | te upper band guard v2 te exception gate not met | te no premium age curve after 30 active | te age 33 plus cliff active | Need route/target/snap or role-usage evidence. | Need lifecycle/role-shape evidence. | Local RotoWire source verifies no current NFL team; do not invent a team. | Display-only DynastyProcess market baseline; not NWR source truth; not used for model inputs, candidate rank, or hidden sort. | existing_id_present; sleeper_match; dynastyprocess_crosswalk_candidate"
veteran-11583,11583,Jonathon Brooks,RB,CAR,Veteran Full Dynasty Layer,manual_review_flag,HIGH,REVIEW_NEEDED,"licensed_route_metrics_not_available|not_used_in_stats_first_value|no_historical_evidence_for_component|first_down_missing_confidence_cap|missing_or_review_route_target_snap_evidence|missing_lifecycle_or_role_shape_evidence | Licensed route metrics unavailable; use as source limitation, not a formula instruction. | not used in stats first value | no historical evidence for component | first down missing confidence cap | Need route/target/snap or role-usage evidence. | Need lifecycle/role-shape evidence. | Display-only DynastyProcess market baseline; not NWR source truth; not used for model inputs, candidate rank, or hidden sort. | existing_id_present; sleeper_match; dynastyprocess_crosswalk_candidate"
veteran-11581,11581,MarShawn Lloyd,RB,GB,Veteran Full Dynasty Layer,manual_review_flag,HIGH,REVIEW_NEEDED,"licensed_route_metrics_not_available|not_used_in_stats_first_value|no_historical_evidence_for_component|missing_first_down_high_value_evidence|first_down_missing_confidence_cap|missing_or_review_route_target_snap_evidence|missing_lifecycle_or_role_shape_evidence | Licensed route metrics unavailable; use as source limitation, not a formula instruction. | not used in stats first value | no historical evidence for component | missing first down high value evidence | first down missing confidence cap | Need route/target/snap or role-usage evidence. | Need lifecycle/role-shape evidence. | Display-only DynastyProcess market baseline; not NWR source truth; not used for model inputs, candidate rank, or hidden sort. | existing_id_present; sleeper_match; dynastyprocess_crosswalk_candidate"
veteran-12457,12457,Jaydon Blue,RB,DAL,Veteran Full Dynasty Layer,manual_review_flag,HIGH,REVIEW_NEEDED,"licensed_route_metrics_not_available|not_used_in_stats_first_value|no_historical_evidence_for_component|shifted_header_expected_player_header_inferred|partial_first_down_confidence_cap|missing_or_review_route_target_snap_evidence|missing_lifecycle_or_role_shape_evidence | Licensed route metrics unavailable; use as source limitation, not a formula instruction. | not used in stats first value | no historical evidence for component | shifted header expected player header inferred | Need stronger first-down evidence or accept confidence cap. | Need route/target/snap or role-usage evidence. | Need lifecycle/role-shape evidence. | Display-only DynastyProcess market baseline; not NWR source truth; not used for model inputs, candidate rank, or hidden sort. | existing_id_present; sleeper_match; dynastyprocess_crosswalk_candidate"
veteran-10235,10235,Roschon Johnson,RB,CHI,Veteran Full Dynasty Layer,manual_review_flag,HIGH,REVIEW_NEEDED,"licensed_route_metrics_not_available|not_used_in_stats_first_value|no_historical_evidence_for_component|missing_or_review_route_target_snap_evidence|missing_lifecycle_or_role_shape_evidence | Licensed route metrics unavailable; use as source limitation, not a formula instruction. | not used in stats first value | no historical evidence for component | Need route/target/snap or role-usage evidence. | Need lifecycle/role-shape evidence. | Display-only DynastyProcess market baseline; not NWR source truth; not used for model inputs, candidate rank, or hidden sort. | existing_id_present; sleeper_match; dynastyprocess_crosswalk_candidate"
veteran-1339,1339,Zach Ertz,TE,UNKNOWN,Veteran Full Dynasty Layer,manual_review_flag,HIGH,REVIEW_NEEDED,"licensed_route_metrics_not_available|not_used_in_stats_first_value|first_down_missing_confidence_cap|no_premium_te_replacement_level_cap|te_upper_band_guard_v2_te_exception_gate_not_met|te_no_premium_age_curve_after_30_active|te_age_33_plus_cliff_active|missing_or_review_route_target_snap_evidence|missing_lifecycle_or_role_shape_evidence|rotowire_current_status_no_team | Licensed route metrics unavailable; use as source limitation, not a formula instruction. | not used in stats first value | first down missing confidence cap | no premium te replacement level cap | te upper band guard v2 te exception gate not met | te no premium age curve after 30 active | te age 33 plus cliff active | Need route/target/snap or role-usage evidence. | Need lifecycle/role-shape evidence. | Local RotoWire source verifies no current NFL team; do not invent a team. | Display-only DynastyProcess market baseline; not NWR source truth; not used for model inputs, candidate rank, or hidden sort. | existing_id_present; sleeper_match; dynastyprocess_crosswalk_candidate"
veteran-12504,12504,Kaleb Johnson,RB,PIT,Veteran Full Dynasty Layer,manual_review_flag,HIGH,REVIEW_NEEDED,"licensed_route_metrics_not_available|not_used_in_stats_first_value|no_historical_evidence_for_component|shifted_header_expected_player_header_inferred|partial_first_down_confidence_cap|missing_or_review_route_target_snap_evidence|missing_lifecycle_or_role_shape_evidence | Licensed route metrics unavailable; use as source limitation, not a formula instruction. | not used in stats first value | no historical evidence for component | shifted header expected player header inferred | Need stronger first-down evidence or accept confidence cap. | Need route/target/snap or role-usage evidence. | Need lifecycle/role-shape evidence. | Display-only DynastyProcess market baseline; not NWR source truth; not used for model inputs, candidate rank, or hidden sort. | existing_id_present; sleeper_match; dynastyprocess_crosswalk_candidate"
veteran-11533,11533,Brandon Aubrey,K,DAL,Veteran Full Dynasty Layer,missing_age,HIGH,REVIEW_NEEDED,missing_model_v4_current_player_row|unmatched_identity_join_key|missing_rotowire_player_stats|missing_stats_first_component_evidence|missing_vorp_anchor|missing_lifecycle_or_role_shape_evidence | Need a current Model v4 private score row for this player. | Need clean identity join key / canonical player mapping. | Need player stats source coverage. | Need stats-first component evidence. | Need VORP anchor / replacement baseline evidence. | Need lifecycle/role-shape evidence. | existing_id_present; sleeper_match
veteran-8259,8259,Cameron Dicker,K,LAC,Veteran Full Dynasty Layer,missing_age,HIGH,REVIEW_NEEDED,missing_model_v4_current_player_row|unmatched_identity_join_key|missing_rotowire_player_stats|missing_stats_first_component_evidence|missing_vorp_anchor|missing_lifecycle_or_role_shape_evidence | Need a current Model v4 private score row for this player. | Need clean identity join key / canonical player mapping. | Need player stats source coverage. | Need stats-first component evidence. | Need VORP anchor / replacement baseline evidence. | Need lifecycle/role-shape evidence. | existing_id_present; sleeper_match
veteran-2747,2747,Jason Myers,K,SEA,Veteran Full Dynasty Layer,missing_age,HIGH,REVIEW_NEEDED,missing_model_v4_current_player_row|unmatched_identity_join_key|missing_rotowire_player_stats|missing_stats_first_component_evidence|missing_vorp_anchor|missing_lifecycle_or_role_shape_evidence | Need a current Model v4 private score row for this player. | Need clean identity join key / canonical player mapping. | Need player stats source coverage. | Need stats-first component evidence. | Need VORP anchor / replacement baseline evidence. | Need lifecycle/role-shape evidence. | existing_id_present; sleeper_match
veteran-5189,5189,Eddy Pineiro,K,SF,Veteran Full Dynasty Layer,manual_review_flag,HIGH,REVIEW_NEEDED,missing_model_v4_current_player_row|unmatched_identity_join_key|missing_rotowire_player_stats|missing_stats_first_component_evidence|missing_vorp_anchor|missing_lifecycle_or_role_shape_evidence | Need a current Model v4 private score row for this player. | Need clean identity join key / canonical player mapping. | Need player stats source coverage. | Need stats-first component evidence. | Need VORP anchor / replacement baseline evidence. | Need lifecycle/role-shape evidence. | existing_id_present; sleeper_match
veteran-5189,5189,Eddy Pineiro,K,SF,Veteran Full Dynasty Layer,missing_age,HIGH,REVIEW_NEEDED,missing_model_v4_current_player_row|unmatched_identity_join_key|missing_rotowire_player_stats|missing_stats_first_component_evidence|missing_vorp_anchor|missing_lifecycle_or_role_shape_evidence | Need a current Model v4 private score row for this player. | Need clean identity join key / canonical player mapping. | Need player stats source coverage. | Need stats-first component evidence. | Need VORP anchor / replacement baseline evidence. | Need lifecycle/role-shape evidence. | existing_id_present; sleeper_match
veteran-11539,11539,Jake Bates,K,DET,Veteran Full Dynasty Layer,missing_age,HIGH,REVIEW_NEEDED,missing_model_v4_current_player_row|unmatched_identity_join_key|missing_rotowire_player_stats|missing_stats_first_component_evidence|missing_vorp_anchor|missing_lifecycle_or_role_shape_evidence | Need a current Model v4 private score row for this player. | Need clean identity join key / canonical player mapping. | Need player stats source coverage. | Need stats-first component evidence. | Need VORP anchor / replacement baseline evidence. | Need lifecycle/role-shape evidence. | existing_id_present; sleeper_match
veteran-1945,1945,Chris Boswell,K,PIT,Veteran Full Dynasty Layer,missing_age,HIGH,REVIEW_NEEDED,missing_model_v4_current_player_row|unmatched_identity_join_key|missing_rotowire_player_stats|missing_stats_first_component_evidence|missing_vorp_anchor|missing_lifecycle_or_role_shape_evidence | Need a current Model v4 private score row for this player. | Need clean identity join key / canonical player mapping. | Need player stats source coverage. | Need stats-first component evidence. | Need VORP anchor / replacement baseline evidence. | Need lifecycle/role-shape evidence. | existing_id_present; sleeper_match
veteran-4227,4227,Harrison Butker,K,KC,Veteran Full Dynasty Layer,missing_age,HIGH,REVIEW_NEEDED,missing_model_v4_current_player_row|unmatched_identity_join_key|missing_rotowire_player_stats|missing_stats_first_component_evidence|missing_vorp_anchor|missing_lifecycle_or_role_shape_evidence | Need a current Model v4 private score row for this player. | Need clean identity join key / canonical player mapping. | Need player stats source coverage. | Need stats-first component evidence. | Need VORP anchor / replacement baseline evidence. | Need lifecycle/role-shape evidence. | existing_id_present; sleeper_match
veteran-17,17,Matt Prater,K,UNKNOWN,Veteran Full Dynasty Layer,missing_age,HIGH,REVIEW_NEEDED,missing_model_v4_current_player_row|unmatched_identity_join_key|missing_rotowire_player_stats|missing_stats_first_component_evidence|missing_vorp_anchor|missing_lifecycle_or_role_shape_evidence | Need a current Model v4 private score row for this player. | Need clean identity join key / canonical player mapping. | Need player stats source coverage. | Need stats-first component evidence. | Need VORP anchor / replacement baseline evidence. | Need lifecycle/role-shape evidence. | existing_id_present; sleeper_match
rookie-13298,13298,KC Concepcion,WR,CLE,Rookie/Prospect Layer,missing_age,HIGH,REVIEW_NEEDED,"manual_question=Does KC Concepcion have a credible target-earning path on his NFL depth chart, including route/separation evidence? | gaps=career_yprr|targets_per_route_run|screen_touch_rate|first_downs_per_target|contested_target_rate|red_zone_target_share | do not draft at 1.03/1.04; keep verify-first or hold label visible | sleeper_match; dynastyprocess_crosswalk_candidate | Rookie/prospect has no fabricated veteran Dynasty Rank."
rookie-13345,13345,Jonah Coleman,RB,DEN,Rookie/Prospect Layer,manual_review_flag,HIGH,REVIEW_NEEDED,"rookie_warning=manual_review; manual_question=Is Jonah Coleman's feature-driven rank move (+24) supported by NFL team, role, and draft-capital context? | manual review before draft use | sleeper_match; dynastyprocess_crosswalk_candidate | Rookie/prospect has no fabricated veteran Dynasty Rank."
rookie-13402,13402,Skyler Bell,WR,BUF,Rookie/Prospect Layer,manual_review_flag,HIGH,REVIEW_NEEDED,"rookie_warning=manual_review; manual_question=Does Skyler Bell have a credible target-earning path on his NFL depth chart, including route/separation evidence? | manual review before draft use | sleeper_match; dynastyprocess_crosswalk_candidate | Rookie/prospect has no fabricated veteran Dynasty Rank."
rookie-13380,13380,Brenen Thompson,WR,LAC,Rookie/Prospect Layer,manual_review_flag,HIGH,REVIEW_NEEDED,"rookie_warning=manual_review; manual_question=Does Brenen Thompson have a credible target-earning path on his NFL depth chart, including route/separation evidence? | manual review before draft use | sleeper_match; dynastyprocess_crosswalk_candidate | Rookie/prospect has no fabricated veteran Dynasty Rank."
rookie-13268,13268,Elijah Sarratt,WR,BAL,Rookie/Prospect Layer,manual_review_flag,HIGH,REVIEW_NEEDED,"rookie_warning=manual_review; manual_question=Does Elijah Sarratt have a credible target-earning path on his NFL depth chart, including route/separation evidence? | manual review before draft use | sleeper_match; dynastyprocess_crosswalk_candidate | Rookie/prospect has no fabricated veteran Dynasty Rank."
rookie-13337,13337,Emmett Johnson,RB,KC,Rookie/Prospect Layer,manual_review_flag,HIGH,REVIEW_NEEDED,"rookie_warning=manual_review; manual_question=Does Emmett Johnson have a credible early-down, goal-line, or first-down role path? | manual review before draft use | sleeper_match; dynastyprocess_crosswalk_candidate | Rookie/prospect has no fabricated veteran Dynasty Rank."
rookie-13405,13405,Kaytron Allen,RB,WAS,Rookie/Prospect Layer,manual_review_flag,HIGH,REVIEW_NEEDED,"rookie_warning=manual_review; manual_question=Does Kaytron Allen have a credible early-down, goal-line, or first-down role path? | manual review before draft use | sleeper_match; dynastyprocess_crosswalk_candidate | Rookie/prospect has no fabricated veteran Dynasty Rank."
rookie-13302,13302,Adam Randall,RB,BAL,Rookie/Prospect Layer,manual_review_flag,HIGH,REVIEW_NEEDED,"rookie_warning=manual_review; manual_question=Does Adam Randall have a credible early-down, goal-line, or first-down role path? | manual review before draft use | sleeper_match; dynastyprocess_crosswalk_candidate | Rookie/prospect has no fabricated veteran Dynasty Rank."
rookie-13394,13394,Josh Cameron,WR,JAX,Rookie/Prospect Layer,manual_review_flag,HIGH,REVIEW_NEEDED,"rookie_warning=manual_review; manual_question=Does Josh Cameron have a credible target-earning path on his NFL depth chart, including route/separation evidence? | manual review before draft use | sleeper_match; dynastyprocess_crosswalk_candidate | Rookie/prospect has no fabricated veteran Dynasty Rank."
rookie-13288,13288,Nicholas Singleton,RB,TEN,Rookie/Prospect Layer,manual_review_flag,HIGH,REVIEW_NEEDED,"rookie_warning=manual_review; manual_question=Does Nicholas Singleton have a credible early-down, goal-line, or first-down role path? | manual review before draft use | sleeper_match; dynastyprocess_crosswalk_candidate | Rookie/prospect has no fabricated veteran Dynasty Rank."
rookie-13533,13533,Barion Brown,WR,NO,Rookie/Prospect Layer,manual_review_flag,HIGH,REVIEW_NEEDED,"rookie_warning=critical_trap_guard; manual_question=Does Barion Brown's NFL draft capital/role (round=6; pick=190; needs_data: nfl_depth_chart_target_earning_role) actually support rank 20, or is this production profile a trap? | manual review before draft use | sleeper_match; dynastyprocess_crosswalk_candidate | Rookie/prospect has no fabricated veteran Dynasty Rank."
rookie-13347,13347,Demond Claiborne,RB,MIN,Rookie/Prospect Layer,manual_review_flag,HIGH,REVIEW_NEEDED,"rookie_warning=manual_review; manual_question=Does Demond Claiborne have a credible early-down, goal-line, or first-down role path? | manual review before draft use | sleeper_match; dynastyprocess_crosswalk_candidate | Rookie/prospect has no fabricated veteran Dynasty Rank."
rookie-13541,13541,Lewis Bond,WR,HOU,Rookie/Prospect Layer,low_or_missing_join_confidence,MEDIUM,REVIEW_NEEDED,rookie_warning=manual_review; manual_question=Does Lewis Bond have a credible target-earning path on his NFL depth chart? | manual review before draft use | sleeper_match | Rookie/prospect has no fabricated veteran Dynasty Rank.
rookie-13541,13541,Lewis Bond,WR,HOU,Rookie/Prospect Layer,manual_review_flag,MEDIUM,REVIEW_NEEDED,rookie_warning=manual_review; manual_question=Does Lewis Bond have a credible target-earning path on his NFL depth chart? | manual review before draft use | sleeper_match | Rookie/prospect has no fabricated veteran Dynasty Rank.
rookie-13348,13348,J'Mari Taylor,RB,JAX,Rookie/Prospect Layer,manual_review_flag,HIGH,REVIEW_NEEDED,"rookie_warning=manual_review; manual_question=Does J'Mari Taylor have a credible early-down, goal-line, or first-down role path? | manual review before draft use | sleeper_match; dynastyprocess_crosswalk_candidate | Rookie/prospect has no fabricated veteran Dynasty Rank."
rookie-13354,13354,Eric McAlister,WR,FA,Rookie/Prospect Layer,manual_review_flag,HIGH,REVIEW_NEEDED,"rookie_warning=soft_note; manual_question=Does Eric McAlister have a credible target-earning path on his NFL depth chart, including route/separation evidence? | manual review before draft use | sleeper_match; dynastyprocess_crosswalk_candidate | Rookie/prospect has no fabricated veteran Dynasty Rank."
rookie-13354,13354,Eric McAlister,WR,FA,Rookie/Prospect Layer,missing_age,HIGH,REVIEW_NEEDED,"rookie_warning=soft_note; manual_question=Does Eric McAlister have a credible target-earning path on his NFL depth chart, including route/separation evidence? | manual review before draft use | sleeper_match; dynastyprocess_crosswalk_candidate | Rookie/prospect has no fabricated veteran Dynasty Rank."
rookie-13436,13436,Kentrel Bullock,RB,CIN,Rookie/Prospect Layer,low_or_missing_join_confidence,MEDIUM,REVIEW_NEEDED,"rookie_warning=critical_trap_guard; manual_question=Does Kentrel Bullock's NFL draft capital/role (unavailable; needs_data: nfl_depth_chart_rush_goal_line_first_down_role) actually support rank 24, or is this production profile a trap? | manual review before draft use | sleeper_match | Rookie/prospect has no fabricated veteran Dynasty Rank."
rookie-13436,13436,Kentrel Bullock,RB,CIN,Rookie/Prospect Layer,manual_review_flag,MEDIUM,REVIEW_NEEDED,"rookie_warning=critical_trap_guard; manual_question=Does Kentrel Bullock's NFL draft capital/role (unavailable; needs_data: nfl_depth_chart_rush_goal_line_first_down_role) actually support rank 24, or is this production profile a trap? | manual review before draft use | sleeper_match | Rookie/prospect has no fabricated veteran Dynasty Rank."
rookie-13291,13291,Kejon Owens,RB,MIN,Rookie/Prospect Layer,low_or_missing_join_confidence,MEDIUM,REVIEW_NEEDED,"rookie_warning=manual_review; manual_question=Does Kejon Owens have a credible early-down, goal-line, or first-down role path? | manual review before draft use | sleeper_match | Rookie/prospect has no fabricated veteran Dynasty Rank."
rookie-13291,13291,Kejon Owens,RB,MIN,Rookie/Prospect Layer,manual_review_flag,MEDIUM,REVIEW_NEEDED,"rookie_warning=manual_review; manual_question=Does Kejon Owens have a credible early-down, goal-line, or first-down role path? | manual review before draft use | sleeper_match | Rookie/prospect has no fabricated veteran Dynasty Rank."
rookie-13291,13291,Kejon Owens,RB,MIN,Rookie/Prospect Layer,missing_age,MEDIUM,REVIEW_NEEDED,"rookie_warning=manual_review; manual_question=Does Kejon Owens have a credible early-down, goal-line, or first-down role path? | manual review before draft use | sleeper_match | Rookie/prospect has no fabricated veteran Dynasty Rank."
rookie-sieh_bangura-rb-26,,Sieh Bangura,RB,needs_data,Rookie/Prospect Layer,low_or_missing_join_confidence,LOW,REVIEW_NEEDED,"rookie_warning=manual_review; manual_question=Is Sieh Bangura's feature-driven rank move (+18) supported by NFL team, role, and draft-capital context? | manual review before draft use | No stable ID or exact name+position match; keep visible but require manual review. | Rookie/prospect has no fabricated veteran Dynasty Rank."
rookie-sieh_bangura-rb-26,,Sieh Bangura,RB,needs_data,Rookie/Prospect Layer,manual_review_flag,LOW,REVIEW_NEEDED,"rookie_warning=manual_review; manual_question=Is Sieh Bangura's feature-driven rank move (+18) supported by NFL team, role, and draft-capital context? | manual review before draft use | No stable ID or exact name+position match; keep visible but require manual review. | Rookie/prospect has no fabricated veteran Dynasty Rank."
rookie-sieh_bangura-rb-26,,Sieh Bangura,RB,needs_data,Rookie/Prospect Layer,missing_age,LOW,REVIEW_NEEDED,"rookie_warning=manual_review; manual_question=Is Sieh Bangura's feature-driven rank move (+18) supported by NFL team, role, and draft-capital context? | manual review before draft use | No stable ID or exact name+position match; keep visible but require manual review. | Rookie/prospect has no fabricated veteran Dynasty Rank."
rookie-sieh_bangura-rb-26,,Sieh Bangura,RB,needs_data,Rookie/Prospect Layer,missing_player_id,LOW,REVIEW_NEEDED,"rookie_warning=manual_review; manual_question=Is Sieh Bangura's feature-driven rank move (+18) supported by NFL team, role, and draft-capital context? | manual review before draft use | No stable ID or exact name+position match; keep visible but require manual review. | Rookie/prospect has no fabricated veteran Dynasty Rank."
rookie-13353,13353,Chris Brazzell,WR,CAR,Rookie/Prospect Layer,manual_review_flag,HIGH,REVIEW_NEEDED,"rookie_warning=soft_note; manual_question=Does Chris Brazzell have a credible target-earning path on his NFL depth chart, including route/separation evidence? | manual review before draft use | sleeper_match; dynastyprocess_crosswalk_candidate | Rookie/prospect has no fabricated veteran Dynasty Rank."
rookie-13353,13353,Chris Brazzell,WR,CAR,Rookie/Prospect Layer,missing_age,HIGH,REVIEW_NEEDED,"rookie_warning=soft_note; manual_question=Does Chris Brazzell have a credible target-earning path on his NFL depth chart, including route/separation evidence? | manual review before draft use | sleeper_match; dynastyprocess_crosswalk_candidate | Rookie/prospect has no fabricated veteran Dynasty Rank."
rookie-13418,13418,Robert Henry Jr.,RB,WAS,Rookie/Prospect Layer,manual_review_flag,HIGH,REVIEW_NEEDED,"rookie_warning=manual_review; manual_question=Does Robert Henry Jr. have a credible early-down, goal-line, or first-down role path? | manual review before draft use | sleeper_match; dynastyprocess_crosswalk_candidate | Rookie/prospect has no fabricated veteran Dynasty Rank."
rookie-13424,13424,Seth McGowan,RB,IND,Rookie/Prospect Layer,manual_review_flag,HIGH,REVIEW_NEEDED,"rookie_warning=soft_note; manual_question=Does Seth McGowan have a credible early-down, goal-line, or first-down role path? | manual review before draft use | sleeper_match; dynastyprocess_crosswalk_candidate | Rookie/prospect has no fabricated veteran Dynasty Rank."
rookie-13904,13904,Jacob De Jesus,WR,needs_data,Rookie/Prospect Layer,low_or_missing_join_confidence,MEDIUM,REVIEW_NEEDED,"rookie_warning=manual_review; manual_question=Is Jacob De Jesus's feature-driven rank move (+18) supported by NFL team, role, and draft-capital context? | manual review before draft use | sleeper_match | Rookie/prospect has no fabricated veteran Dynasty Rank."
rookie-13904,13904,Jacob De Jesus,WR,needs_data,Rookie/Prospect Layer,manual_review_flag,MEDIUM,REVIEW_NEEDED,"rookie_warning=manual_review; manual_question=Is Jacob De Jesus's feature-driven rank move (+18) supported by NFL team, role, and draft-capital context? | manual review before draft use | sleeper_match | Rookie/prospect has no fabricated veteran Dynasty Rank."
rookie-13904,13904,Jacob De Jesus,WR,needs_data,Rookie/Prospect Layer,missing_age,MEDIUM,REVIEW_NEEDED,"rookie_warning=manual_review; manual_question=Is Jacob De Jesus's feature-driven rank move (+18) supported by NFL team, role, and draft-capital context? | manual review before draft use | sleeper_match | Rookie/prospect has no fabricated veteran Dynasty Rank."
rookie-13276,13276,Omar Cooper,WR,NYJ,Rookie/Prospect Layer,manual_review_flag,HIGH,REVIEW_NEEDED,"rookie_warning=soft_note; manual_question=Does Omar Cooper have a credible target-earning path on his NFL depth chart, including route/separation evidence? | manual review before draft use | sleeper_match; dynastyprocess_crosswalk_candidate | Rookie/prospect has no fabricated veteran Dynasty Rank."
rookie-13725,13725,Dominic Richardson,RB,DAL,Rookie/Prospect Layer,low_or_missing_join_confidence,MEDIUM,REVIEW_NEEDED,"rookie_warning=manual_review; manual_question=Does Dominic Richardson have a credible early-down, goal-line, or first-down role path? | manual review before draft use | sleeper_match | Rookie/prospect has no fabricated veteran Dynasty Rank."
rookie-13725,13725,Dominic Richardson,RB,DAL,Rookie/Prospect Layer,manual_review_flag,MEDIUM,REVIEW_NEEDED,"rookie_warning=manual_review; manual_question=Does Dominic Richardson have a credible early-down, goal-line, or first-down role path? | manual review before draft use | sleeper_match | Rookie/prospect has no fabricated veteran Dynasty Rank."
rookie-13725,13725,Dominic Richardson,RB,DAL,Rookie/Prospect Layer,missing_age,MEDIUM,REVIEW_NEEDED,"rookie_warning=manual_review; manual_question=Does Dominic Richardson have a credible early-down, goal-line, or first-down role path? | manual review before draft use | sleeper_match | Rookie/prospect has no fabricated veteran Dynasty Rank."
rookie-devin_voisin-wr-33,,Devin Voisin,WR,needs_data,Rookie/Prospect Layer,low_or_missing_join_confidence,LOW,REVIEW_NEEDED,"rookie_warning=manual_review; manual_question=Does Devin Voisin have a credible target-earning path on his NFL depth chart, including route/separation evidence? | manual review before draft use | No stable ID or exact name+position match; keep visible but require manual review. | Rookie/prospect has no fabricated veteran Dynasty Rank."
rookie-devin_voisin-wr-33,,Devin Voisin,WR,needs_data,Rookie/Prospect Layer,manual_review_flag,LOW,REVIEW_NEEDED,"rookie_warning=manual_review; manual_question=Does Devin Voisin have a credible target-earning path on his NFL depth chart, including route/separation evidence? | manual review before draft use | No stable ID or exact name+position match; keep visible but require manual review. | Rookie/prospect has no fabricated veteran Dynasty Rank."
rookie-devin_voisin-wr-33,,Devin Voisin,WR,needs_data,Rookie/Prospect Layer,missing_age,LOW,REVIEW_NEEDED,"rookie_warning=manual_review; manual_question=Does Devin Voisin have a credible target-earning path on his NFL depth chart, including route/separation evidence? | manual review before draft use | No stable ID or exact name+position match; keep visible but require manual review. | Rookie/prospect has no fabricated veteran Dynasty Rank."
rookie-devin_voisin-wr-33,,Devin Voisin,WR,needs_data,Rookie/Prospect Layer,missing_player_id,LOW,REVIEW_NEEDED,"rookie_warning=manual_review; manual_question=Does Devin Voisin have a credible target-earning path on his NFL depth chart, including route/separation evidence? | manual review before draft use | No stable ID or exact name+position match; keep visible but require manual review. | Rookie/prospect has no fabricated veteran Dynasty Rank."
rookie-13776,13776,Hank Beatty,WR,TEN,Rookie/Prospect Layer,low_or_missing_join_confidence,MEDIUM,REVIEW_NEEDED,"rookie_warning=soft_note; manual_question=Is Hank Beatty's feature-driven rank move (-15) supported by NFL team, role, and draft-capital context? | manual review before draft use | sleeper_match | Rookie/prospect has no fabricated veteran Dynasty Rank."
rookie-13776,13776,Hank Beatty,WR,TEN,Rookie/Prospect Layer,manual_review_flag,MEDIUM,REVIEW_NEEDED,"rookie_warning=soft_note; manual_question=Is Hank Beatty's feature-driven rank move (-15) supported by NFL team, role, and draft-capital context? | manual review before draft use | sleeper_match | Rookie/prospect has no fabricated veteran Dynasty Rank."
rookie-13776,13776,Hank Beatty,WR,TEN,Rookie/Prospect Layer,missing_age,MEDIUM,REVIEW_NEEDED,"rookie_warning=soft_note; manual_question=Is Hank Beatty's feature-driven rank move (-15) supported by NFL team, role, and draft-capital context? | manual review before draft use | sleeper_match | Rookie/prospect has no fabricated veteran Dynasty Rank."
rookie-13304,13304,O'Mega Blake,WR,needs_data,Rookie/Prospect Layer,low_or_missing_join_confidence,MEDIUM,REVIEW_NEEDED,rookie_warning=soft_note; manual_question=Does O'Mega Blake have a credible target-earning path on his NFL depth chart? | manual review before draft use | sleeper_match | Rookie/prospect has no fabricated veteran Dynasty Rank.
rookie-13304,13304,O'Mega Blake,WR,needs_data,Rookie/Prospect Layer,manual_review_flag,MEDIUM,REVIEW_NEEDED,rookie_warning=soft_note; manual_question=Does O'Mega Blake have a credible target-earning path on his NFL depth chart? | manual review before draft use | sleeper_match | Rookie/prospect has no fabricated veteran Dynasty Rank.
rookie-13304,13304,O'Mega Blake,WR,needs_data,Rookie/Prospect Layer,missing_age,MEDIUM,REVIEW_NEEDED,rookie_warning=soft_note; manual_question=Does O'Mega Blake have a credible target-earning path on his NFL depth chart? | manual review before draft use | sleeper_match | Rookie/prospect has no fabricated veteran Dynasty Rank.
rookie-13313,13313,Emmanuel Henderson,WR,SEA,Rookie/Prospect Layer,low_or_missing_join_confidence,MEDIUM,REVIEW_NEEDED,"rookie_warning=soft_note; manual_question=Does Emmanuel Henderson have a credible target-earning path on his NFL depth chart, including route/separation evidence? | manual review before draft use | sleeper_match | Rookie/prospect has no fabricated veteran Dynasty Rank."
rookie-13313,13313,Emmanuel Henderson,WR,SEA,Rookie/Prospect Layer,manual_review_flag,MEDIUM,REVIEW_NEEDED,"rookie_warning=soft_note; manual_question=Does Emmanuel Henderson have a credible target-earning path on his NFL depth chart, including route/separation evidence? | manual review before draft use | sleeper_match | Rookie/prospect has no fabricated veteran Dynasty Rank."
rookie-13416,13416,Roman Hemby,RB,LV,Rookie/Prospect Layer,manual_review_flag,HIGH,REVIEW_NEEDED,"rookie_warning=manual_review; manual_question=Does Roman Hemby have a credible early-down, goal-line, or first-down role path? | manual review before draft use | sleeper_match; dynastyprocess_crosswalk_candidate | Rookie/prospect has no fabricated veteran Dynasty Rank."
rookie-13410,13410,Chase Roberts,WR,LV,Rookie/Prospect Layer,manual_review_flag,HIGH,REVIEW_NEEDED,"rookie_warning=soft_note; manual_question=Is Chase Roberts's feature-driven rank move (-16) supported by NFL team, role, and draft-capital context? | manual review before draft use | sleeper_match; dynastyprocess_crosswalk_candidate | Rookie/prospect has no fabricated veteran Dynasty Rank."
rookie-barika_kpeenu-rb-39,,Barika Kpeenu,RB,needs_data,Rookie/Prospect Layer,low_or_missing_join_confidence,LOW,REVIEW_NEEDED,"rookie_warning=manual_review; manual_question=Does Barika Kpeenu have a credible early-down, goal-line, or first-down role path? | manual review before draft use | No stable ID or exact name+position match; keep visible but require manual review. | Rookie/prospect has no fabricated veteran Dynasty Rank."
rookie-barika_kpeenu-rb-39,,Barika Kpeenu,RB,needs_data,Rookie/Prospect Layer,manual_review_flag,LOW,REVIEW_NEEDED,"rookie_warning=manual_review; manual_question=Does Barika Kpeenu have a credible early-down, goal-line, or first-down role path? | manual review before draft use | No stable ID or exact name+position match; keep visible but require manual review. | Rookie/prospect has no fabricated veteran Dynasty Rank."
rookie-barika_kpeenu-rb-39,,Barika Kpeenu,RB,needs_data,Rookie/Prospect Layer,missing_age,LOW,REVIEW_NEEDED,"rookie_warning=manual_review; manual_question=Does Barika Kpeenu have a credible early-down, goal-line, or first-down role path? | manual review before draft use | No stable ID or exact name+position match; keep visible but require manual review. | Rookie/prospect has no fabricated veteran Dynasty Rank."
rookie-barika_kpeenu-rb-39,,Barika Kpeenu,RB,needs_data,Rookie/Prospect Layer,missing_player_id,LOW,REVIEW_NEEDED,"rookie_warning=manual_review; manual_question=Does Barika Kpeenu have a credible early-down, goal-line, or first-down role path? | manual review before draft use | No stable ID or exact name+position match; keep visible but require manual review. | Rookie/prospect has no fabricated veteran Dynasty Rank."
rookie-13325,13325,Jordan Hudson,WR,DAL,Rookie/Prospect Layer,low_or_missing_join_confidence,MEDIUM,REVIEW_NEEDED,"rookie_warning=soft_note; manual_question=Does Jordan Hudson have a credible target-earning path on his NFL depth chart, including route/separation evidence? | manual review before draft use | sleeper_match | Rookie/prospect has no fabricated veteran Dynasty Rank."
rookie-13325,13325,Jordan Hudson,WR,DAL,Rookie/Prospect Layer,manual_review_flag,MEDIUM,REVIEW_NEEDED,"rookie_warning=soft_note; manual_question=Does Jordan Hudson have a credible target-earning path on his NFL depth chart, including route/separation evidence? | manual review before draft use | sleeper_match | Rookie/prospect has no fabricated veteran Dynasty Rank."
rookie-13338,13338,Kevin Coleman,WR,MIA,Rookie/Prospect Layer,manual_review_flag,HIGH,REVIEW_NEEDED,"rookie_warning=soft_note; manual_question=Is Kevin Coleman's feature-driven rank move (-16) supported by NFL team, role, and draft-capital context? | manual review before draft use | sleeper_match; dynastyprocess_crosswalk_candidate | Rookie/prospect has no fabricated veteran Dynasty Rank."
rookie-13409,13409,Donaven Mcculley,WR,MIA,Rookie/Prospect Layer,low_or_missing_join_confidence,MEDIUM,REVIEW_NEEDED,"rookie_warning=soft_note; manual_question=Is Donaven Mcculley's feature-driven rank move (-19) supported by NFL team, role, and draft-capital context? | manual review before draft use | sleeper_match | Rookie/prospect has no fabricated veteran Dynasty Rank."
rookie-13409,13409,Donaven Mcculley,WR,MIA,Rookie/Prospect Layer,manual_review_flag,MEDIUM,REVIEW_NEEDED,"rookie_warning=soft_note; manual_question=Is Donaven Mcculley's feature-driven rank move (-19) supported by NFL team, role, and draft-capital context? | manual review before draft use | sleeper_match | Rookie/prospect has no fabricated veteran Dynasty Rank."
rookie-13826,13826,Caullin Lacy,WR,NYJ,Rookie/Prospect Layer,low_or_missing_join_confidence,MEDIUM,REVIEW_NEEDED,"rookie_warning=soft_note; manual_question=Does Caullin Lacy have a credible target-earning path on his NFL depth chart, including route/separation evidence? | manual review before draft use | sleeper_match | Rookie/prospect has no fabricated veteran Dynasty Rank."
rookie-13826,13826,Caullin Lacy,WR,NYJ,Rookie/Prospect Layer,manual_review_flag,MEDIUM,REVIEW_NEEDED,"rookie_warning=soft_note; manual_question=Does Caullin Lacy have a credible target-earning path on his NFL depth chart, including route/separation evidence? | manual review before draft use | sleeper_match | Rookie/prospect has no fabricated veteran Dynasty Rank."
rookie-13333,13333,Deion Burks,WR,IND,Rookie/Prospect Layer,manual_review_flag,HIGH,REVIEW_NEEDED,"rookie_warning=critical_trap_guard; manual_question=Does Deion Burks's NFL draft capital/role (round=8; pick=254; needs_data: nfl_depth_chart_target_earning_role) actually support rank 45, or is this production profile a trap? | manual review before draft use | sleeper_match; dynastyprocess_crosswalk_candidate | Rookie/prospect has no fabricated veteran Dynasty Rank."
rookie-13356,13356,Trebor Pena,WR,JAC,Rookie/Prospect Layer,manual_review_flag,HIGH,REVIEW_NEEDED,"rookie_warning=soft_note; manual_question=Is Trebor Pena's feature-driven rank move (-15) supported by NFL team, role, and draft-capital context? | manual review before draft use | sleeper_match; dynastyprocess_crosswalk_candidate | Rookie/prospect has no fabricated veteran Dynasty Rank."
rookie-braylon_james-wr-46,,Braylon James,WR,needs_data,Rookie/Prospect Layer,low_or_missing_join_confidence,LOW,REVIEW_NEEDED,"rookie_warning=critical_trap_guard; manual_question=Is Braylon James missing model context because of a join/data issue, and should he stay a manual hold? | manual review before draft use | No stable ID or exact name+position match; keep visible but require manual review. | Rookie/prospect has no fabricated veteran Dynasty Rank."
rookie-braylon_james-wr-46,,Braylon James,WR,needs_data,Rookie/Prospect Layer,manual_review_flag,LOW,REVIEW_NEEDED,"rookie_warning=critical_trap_guard; manual_question=Is Braylon James missing model context because of a join/data issue, and should he stay a manual hold? | manual review before draft use | No stable ID or exact name+position match; keep visible but require manual review. | Rookie/prospect has no fabricated veteran Dynasty Rank."
rookie-braylon_james-wr-46,,Braylon James,WR,needs_data,Rookie/Prospect Layer,missing_age,LOW,REVIEW_NEEDED,"rookie_warning=critical_trap_guard; manual_question=Is Braylon James missing model context because of a join/data issue, and should he stay a manual hold? | manual review before draft use | No stable ID or exact name+position match; keep visible but require manual review. | Rookie/prospect has no fabricated veteran Dynasty Rank."
rookie-braylon_james-wr-46,,Braylon James,WR,needs_data,Rookie/Prospect Layer,missing_player_id,LOW,REVIEW_NEEDED,"rookie_warning=critical_trap_guard; manual_question=Is Braylon James missing model context because of a join/data issue, and should he stay a manual hold? | manual review before draft use | No stable ID or exact name+position match; keep visible but require manual review. | Rookie/prospect has no fabricated veteran Dynasty Rank."
rookie-13281,13281,Jordyn Tyson,WR,NO,Rookie/Prospect Layer,manual_review_flag,HIGH,REVIEW_NEEDED,"rookie_warning=manual_review; manual_question=Is Jordyn Tyson's feature-driven rank move (-29) supported by NFL team, role, and draft-capital context? | manual review before draft use | sleeper_match; dynastyprocess_crosswalk_candidate | Rookie/prospect has no fabricated veteran Dynasty Rank."
rookie-13349,13349,Eli Stowers,TE,PHI,Rookie/Prospect Layer,manual_review_flag,HIGH,REVIEW_NEEDED,rookie_warning=manual_review; manual_question=Is Eli Stowers an actual exception case in this 10-team 1QB non-PPR format? | manual review before draft use | sleeper_match; dynastyprocess_crosswalk_candidate | Rookie/prospect has no fabricated veteran Dynasty Rank.
rookie-13414,13414,Kaelon Black,RB,SF,Rookie/Prospect Layer,manual_review_flag,HIGH,REVIEW_NEEDED,"rookie_warning=manual_review; manual_question=Does Kaelon Black have a credible early-down, goal-line, or first-down role path? | manual review before draft use | sleeper_match; dynastyprocess_crosswalk_candidate | Rookie/prospect has no fabricated veteran Dynasty Rank."
rookie-13322,13322,Sam Roush,TE,CHI,Rookie/Prospect Layer,manual_review_flag,HIGH,REVIEW_NEEDED,rookie_warning=manual_review; manual_question=Is Sam Roush an actual exception case in this 10-team 1QB non-PPR format? | manual review before draft use | sleeper_match; dynastyprocess_crosswalk_candidate | Rookie/prospect has no fabricated veteran Dynasty Rank.
rookie-13946,13946,Jamal Haynes,RB,CIN,Rookie/Prospect Layer,low_or_missing_join_confidence,MEDIUM,REVIEW_NEEDED,"rookie_warning=manual_review; manual_question=Does Jamal Haynes have a credible early-down, goal-line, or first-down role path? | manual review before draft use | sleeper_match | Rookie/prospect has no fabricated veteran Dynasty Rank."
rookie-13946,13946,Jamal Haynes,RB,CIN,Rookie/Prospect Layer,manual_review_flag,MEDIUM,REVIEW_NEEDED,"rookie_warning=manual_review; manual_question=Does Jamal Haynes have a credible early-down, goal-line, or first-down role path? | manual review before draft use | sleeper_match | Rookie/prospect has no fabricated veteran Dynasty Rank."
rookie-jamarion_miller-rb-52,,Jamarion Miller,RB,needs_data,Rookie/Prospect Layer,low_or_missing_join_confidence,LOW,REVIEW_NEEDED,"rookie_warning=manual_review; manual_question=Does Jamarion Miller have a credible early-down, goal-line, or first-down role path? | manual review before draft use | No stable ID or exact name+position match; keep visible but require manual review. | Rookie/prospect has no fabricated veteran Dynasty Rank."
rookie-jamarion_miller-rb-52,,Jamarion Miller,RB,needs_data,Rookie/Prospect Layer,manual_review_flag,LOW,REVIEW_NEEDED,"rookie_warning=manual_review; manual_question=Does Jamarion Miller have a credible early-down, goal-line, or first-down role path? | manual review before draft use | No stable ID or exact name+position match; keep visible but require manual review. | Rookie/prospect has no fabricated veteran Dynasty Rank."
rookie-jamarion_miller-rb-52,,Jamarion Miller,RB,needs_data,Rookie/Prospect Layer,missing_age,LOW,REVIEW_NEEDED,"rookie_warning=manual_review; manual_question=Does Jamarion Miller have a credible early-down, goal-line, or first-down role path? | manual review before draft use | No stable ID or exact name+position match; keep visible but require manual review. | Rookie/prospect has no fabricated veteran Dynasty Rank."
rookie-jamarion_miller-rb-52,,Jamarion Miller,RB,needs_data,Rookie/Prospect Layer,missing_player_id,LOW,REVIEW_NEEDED,"rookie_warning=manual_review; manual_question=Does Jamarion Miller have a credible early-down, goal-line, or first-down role path? | manual review before draft use | No stable ID or exact name+position match; keep visible but require manual review. | Rookie/prospect has no fabricated veteran Dynasty Rank."
rookie-28114,28114,Chip Trayanum,RB,needs_data,Rookie/Prospect Layer,low_or_missing_join_confidence,MEDIUM,REVIEW_NEEDED,"rookie_warning=critical_trap_guard; manual_question=Is Chip Trayanum missing model context because of a join/data issue, and should he stay a manual hold? | manual review before draft use | dynastyprocess_crosswalk_candidate | Rookie/prospect has no fabricated veteran Dynasty Rank."
rookie-28114,28114,Chip Trayanum,RB,needs_data,Rookie/Prospect Layer,manual_review_flag,MEDIUM,REVIEW_NEEDED,"rookie_warning=critical_trap_guard; manual_question=Is Chip Trayanum missing model context because of a join/data issue, and should he stay a manual hold? | manual review before draft use | dynastyprocess_crosswalk_candidate | Rookie/prospect has no fabricated veteran Dynasty Rank."
rookie-28114,28114,Chip Trayanum,RB,needs_data,Rookie/Prospect Layer,missing_age,MEDIUM,REVIEW_NEEDED,"rookie_warning=critical_trap_guard; manual_question=Is Chip Trayanum missing model context because of a join/data issue, and should he stay a manual hold? | manual review before draft use | dynastyprocess_crosswalk_candidate | Rookie/prospect has no fabricated veteran Dynasty Rank."
frozen-9997,9997,Zay Flowers,WR,BAL,Frozen Baseline Layer,manual_review_flag,HIGH,REVIEW_NEEDED,veteran_trust_status=Capped Score; Tim/Master manual dropped-veterans source for first live-test candidate. Exact local identity match: Zay Flowers. | Capped Score | sleeper_match; dynastyprocess_crosswalk_candidate | Frozen baseline/checkpoint row only.
frozen-9997,9997,Zay Flowers,WR,BAL,Frozen Baseline Layer,missing_age,HIGH,REVIEW_NEEDED,veteran_trust_status=Capped Score; Tim/Master manual dropped-veterans source for first live-test candidate. Exact local identity match: Zay Flowers. | Capped Score | sleeper_match; dynastyprocess_crosswalk_candidate | Frozen baseline/checkpoint row only.
frozen-8144,8144,Chris Olave,WR,NO,Frozen Baseline Layer,manual_review_flag,HIGH,REVIEW_NEEDED,veteran_trust_status=Capped Score; Tim/Master manual dropped-veterans source for first live-test candidate. Exact local identity match: Chris Olave. | Capped Score | sleeper_match; dynastyprocess_crosswalk_candidate | Frozen baseline/checkpoint row only.
frozen-8144,8144,Chris Olave,WR,NO,Frozen Baseline Layer,missing_age,HIGH,REVIEW_NEEDED,veteran_trust_status=Capped Score; Tim/Master manual dropped-veterans source for first live-test candidate. Exact local identity match: Chris Olave. | Capped Score | sleeper_match; dynastyprocess_crosswalk_candidate | Frozen baseline/checkpoint row only.
frozen-11564,11564,Drake Maye,QB,NE,Frozen Baseline Layer,manual_review_flag,HIGH,REVIEW_NEEDED,veteran_trust_status=Scored + Warnings; Tim/Master manual dropped-veterans source for first live-test candidate. Exact local identity match: Drake Maye. | Scored + Warnings | sleeper_match; dynastyprocess_crosswalk_candidate | Frozen baseline/checkpoint row only.
frozen-11564,11564,Drake Maye,QB,NE,Frozen Baseline Layer,missing_age,HIGH,REVIEW_NEEDED,veteran_trust_status=Scored + Warnings; Tim/Master manual dropped-veterans source for first live-test candidate. Exact local identity match: Drake Maye. | Scored + Warnings | sleeper_match; dynastyprocess_crosswalk_candidate | Frozen baseline/checkpoint row only.
frozen-8148,8148,Jameson Williams,WR,DET,Frozen Baseline Layer,manual_review_flag,HIGH,REVIEW_NEEDED,veteran_trust_status=Capped Score; Tim/Master manual dropped-veterans source for first live-test candidate. Exact local identity match: Jameson Williams. | Capped Score | sleeper_match; dynastyprocess_crosswalk_candidate | Frozen baseline/checkpoint row only.
frozen-8148,8148,Jameson Williams,WR,DET,Frozen Baseline Layer,missing_age,HIGH,REVIEW_NEEDED,veteran_trust_status=Capped Score; Tim/Master manual dropped-veterans source for first live-test candidate. Exact local identity match: Jameson Williams. | Capped Score | sleeper_match; dynastyprocess_crosswalk_candidate | Frozen baseline/checkpoint row only.
frozen-8142,8142,Alec Pierce,WR,IND,Frozen Baseline Layer,manual_review_flag,HIGH,REVIEW_NEEDED,"veteran_trust_status=Capped Score; Tim/Master manual dropped-veterans source for first live-test candidate. No exact local match for Tim name; local universe has possible Alec Pierce (WR, IND). Preserve Tim name and review identity manually. Identity normalized from Tim/manual name 'alex pierce' to Sleeper/local canonical 'Alec Pierce' (WR, IND); Tim approved typo repair 2026-06-20. Sleeper transaction evidence showed completed drop. | Capped Score | sleeper_match; dynastyprocess_crosswalk_candidate | Frozen baseline/checkpoint row only."
frozen-8142,8142,Alec Pierce,WR,IND,Frozen Baseline Layer,missing_age,HIGH,REVIEW_NEEDED,"veteran_trust_status=Capped Score; Tim/Master manual dropped-veterans source for first live-test candidate. No exact local match for Tim name; local universe has possible Alec Pierce (WR, IND). Preserve Tim name and review identity manually. Identity normalized from Tim/manual name 'alex pierce' to Sleeper/local canonical 'Alec Pierce' (WR, IND); Tim approved typo repair 2026-06-20. Sleeper transaction evidence showed completed drop. | Capped Score | sleeper_match; dynastyprocess_crosswalk_candidate | Frozen baseline/checkpoint row only."
frozen-8228,8228,Jaylen Warren,RB,PIT,Frozen Baseline Layer,manual_review_flag,HIGH,REVIEW_NEEDED,veteran_trust_status=Capped Score; Tim/Master manual dropped-veterans source for first live-test candidate. Exact local identity match: Jaylen Warren. | Capped Score | sleeper_match; dynastyprocess_crosswalk_candidate | Frozen baseline/checkpoint row only.
frozen-8228,8228,Jaylen Warren,RB,PIT,Frozen Baseline Layer,missing_age,HIGH,REVIEW_NEEDED,veteran_trust_status=Capped Score; Tim/Master manual dropped-veterans source for first live-test candidate. Exact local identity match: Jaylen Warren. | Capped Score | sleeper_match; dynastyprocess_crosswalk_candidate | Frozen baseline/checkpoint row only.
frozen-3294,3294,Dak Prescott,QB,DAL,Frozen Baseline Layer,manual_review_flag,HIGH,REVIEW_NEEDED,veteran_trust_status=Scored + Warnings; Tim/Master manual dropped-veterans source for first live-test candidate. Exact local identity match: Dak Prescott. | Scored + Warnings | sleeper_match; dynastyprocess_crosswalk_candidate | Frozen baseline/checkpoint row only.
frozen-3294,3294,Dak Prescott,QB,DAL,Frozen Baseline Layer,missing_age,HIGH,REVIEW_NEEDED,veteran_trust_status=Scored + Warnings; Tim/Master manual dropped-veterans source for first live-test candidate. Exact local identity match: Dak Prescott. | Scored + Warnings | sleeper_match; dynastyprocess_crosswalk_candidate | Frozen baseline/checkpoint row only.
frozen-10229,10229,Rashee Rice,WR,KC,Frozen Baseline Layer,manual_review_flag,HIGH,REVIEW_NEEDED,veteran_trust_status=Capped Score; Tim/Master manual dropped-veterans source for first live-test candidate. Exact local identity match: Rashee Rice. | Capped Score | sleeper_match; dynastyprocess_crosswalk_candidate | Frozen baseline/checkpoint row only.
frozen-10229,10229,Rashee Rice,WR,KC,Frozen Baseline Layer,missing_age,HIGH,REVIEW_NEEDED,veteran_trust_status=Capped Score; Tim/Master manual dropped-veterans source for first live-test candidate. Exact local identity match: Rashee Rice. | Capped Score | sleeper_match; dynastyprocess_crosswalk_candidate | Frozen baseline/checkpoint row only.
frozen-11631,11631,Brian Thomas,WR,JAX,Frozen Baseline Layer,manual_review_flag,HIGH,REVIEW_NEEDED,"veteran_trust_status=Capped Score; Tim/Master manual dropped-veterans source for first live-test candidate. No exact local match for Tim name; local universe has possible Brian Thomas (WR, JAX). Preserve Tim name and review identity manually. Identity normalized from Tim/manual name 'brian thomas jr' to Sleeper/local canonical 'Brian Thomas' (WR, JAX); Tim approved alias repair 2026-06-20. Sleeper transaction evidence showed completed drop. | Capped Score | sleeper_match; dynastyprocess_crosswalk_candidate | Frozen baseline/checkpoint row only."
frozen-11631,11631,Brian Thomas,WR,JAX,Frozen Baseline Layer,missing_age,HIGH,REVIEW_NEEDED,"veteran_trust_status=Capped Score; Tim/Master manual dropped-veterans source for first live-test candidate. No exact local match for Tim name; local universe has possible Brian Thomas (WR, JAX). Preserve Tim name and review identity manually. Identity normalized from Tim/manual name 'brian thomas jr' to Sleeper/local canonical 'Brian Thomas' (WR, JAX); Tim approved alias repair 2026-06-20. Sleeper transaction evidence showed completed drop. | Capped Score | sleeper_match; dynastyprocess_crosswalk_candidate | Frozen baseline/checkpoint row only."
frozen-1479,1479,Keenan Allen,WR,UNKNOWN,Frozen Baseline Layer,manual_review_flag,HIGH,REVIEW_NEEDED,veteran_trust_status=Capped Score; nfl_team_unknown; Tim/Master manual dropped-veterans source for first live-test candidate. Exact local identity match: Keenan Allen. NFL team unavailable in local player universe; manual review required. Tim approved NFL free-agent status with blank/UNKNOWN team acceptable 2026-06-20. Sleeper transaction evidence showed completed drop. | Capped Score | sleeper_match; dynastyprocess_crosswalk_candidate | Frozen baseline/checkpoint row only.
frozen-1479,1479,Keenan Allen,WR,UNKNOWN,Frozen Baseline Layer,missing_age,HIGH,REVIEW_NEEDED,veteran_trust_status=Capped Score; nfl_team_unknown; Tim/Master manual dropped-veterans source for first live-test candidate. Exact local identity match: Keenan Allen. NFL team unavailable in local player universe; manual review required. Tim approved NFL free-agent status with blank/UNKNOWN team acceptable 2026-06-20. Sleeper transaction evidence showed completed drop. | Capped Score | sleeper_match; dynastyprocess_crosswalk_candidate | Frozen baseline/checkpoint row only.
frozen-8183,8183,Brock Purdy,QB,SF,Frozen Baseline Layer,manual_review_flag,HIGH,REVIEW_NEEDED,veteran_trust_status=Capped Score; Tim/Master manual dropped-veterans source for first live-test candidate. Exact local identity match: Brock Purdy. | Capped Score | sleeper_match; dynastyprocess_crosswalk_candidate | Frozen baseline/checkpoint row only.
frozen-8183,8183,Brock Purdy,QB,SF,Frozen Baseline Layer,missing_age,HIGH,REVIEW_NEEDED,veteran_trust_status=Capped Score; Tim/Master manual dropped-veterans source for first live-test candidate. Exact local identity match: Brock Purdy. | Capped Score | sleeper_match; dynastyprocess_crosswalk_candidate | Frozen baseline/checkpoint row only.
frozen-2505,2505,Darren Waller,TE,UNKNOWN,Frozen Baseline Layer,manual_review_flag,HIGH,REVIEW_NEEDED,veteran_trust_status=Capped Score; nfl_team_unknown; Tim/Master manual dropped-veterans source for first live-test candidate. Exact local identity match: Darren Waller. NFL team unavailable in local player universe; manual review required. Tim approved NFL free-agent status with blank/UNKNOWN team acceptable 2026-06-20. Sleeper transaction evidence showed completed drop. | Capped Score | sleeper_match; dynastyprocess_crosswalk_candidate | Frozen baseline/checkpoint row only.
frozen-2505,2505,Darren Waller,TE,UNKNOWN,Frozen Baseline Layer,missing_age,HIGH,REVIEW_NEEDED,veteran_trust_status=Capped Score; nfl_team_unknown; Tim/Master manual dropped-veterans source for first live-test candidate. Exact local identity match: Darren Waller. NFL team unavailable in local player universe; manual review required. Tim approved NFL free-agent status with blank/UNKNOWN team acceptable 2026-06-20. Sleeper transaction evidence showed completed drop. | Capped Score | sleeper_match; dynastyprocess_crosswalk_candidate | Frozen baseline/checkpoint row only.
pdf-00-0033040,00-0033040,Tyreek Hill,WR,MIA,PDF Free-Agent Availability Layer,manual_review_flag,HIGH,REVIEW_NEEDED,not_matched_full_dynasty_source; not_matched_current_tuned_candidate; matched_roster_age_context; display_only_adp_context_available; internal_model_v4_phase7c_review_value_available | Meaningful movement; review receipts before promotion. | existing_id_present; sleeper_match; dynastyprocess_crosswalk_candidate | PDF free-agent availability context only.
pdf-8147,8147,John Metchie,WR,NYJ,PDF Free-Agent Availability Layer,missing_age,HIGH,REVIEW_NEEDED,not_matched_full_dynasty_source; not_matched_current_tuned_candidate; not_matched_roster_age_context | existing_id_present; sleeper_match; dynastyprocess_crosswalk_candidate | PDF free-agent availability context only.
pdf-5189,5189,Eddy Pineiro,K,SF,PDF Free-Agent Availability Layer,manual_review_flag,HIGH,REVIEW_NEEDED,matched_full_dynasty_source; not_matched_current_tuned_candidate; matched_roster_age_context | missing_model_v4_current_player_row|unmatched_identity_join_key|missing_rotowire_player_stats|missing_stats_first_component_evidence|missing_vorp_anchor|missing_lifecycle_or_role_shape_evidence | Need a current Model v4 private score row for this player. | Need clean identity join key / canonical player mapping. | Need player stats source coverage. | Need stats-first component evidence. | Need VORP anchor / replacement baseline evidence. | Need lifecycle/role-shape evidence. | existing_id_present; sleeper_match | PDF free-agent availability context only.
pdf-11557,11557,Joe Milton,QB,DAL,PDF Free-Agent Availability Layer,missing_age,HIGH,REVIEW_NEEDED,not_matched_full_dynasty_source; not_matched_current_tuned_candidate; not_matched_roster_age_context; display_only_adp_context_available | existing_id_present; sleeper_match; dynastyprocess_crosswalk_candidate | PDF free-agent availability context only.
pdf-11579,11579,Audric Estime,RB,NO,PDF Free-Agent Availability Layer,missing_age,HIGH,REVIEW_NEEDED,not_matched_full_dynasty_source; not_matched_current_tuned_candidate; not_matched_roster_age_context | existing_id_present; sleeper_match; dynastyprocess_crosswalk_candidate | PDF free-agent availability context only.
pdf-atlanta_falcons-dst-50,ATL,Atlanta Falcons,DST,ATL,PDF Free-Agent Availability Layer,low_or_missing_join_confidence,LOW,REVIEW_NEEDED,not_matched_full_dynasty_source; not_matched_current_tuned_candidate; not_matched_roster_age_context | sleeper_match | PDF free-agent availability context only.
pdf-atlanta_falcons-dst-50,ATL,Atlanta Falcons,DST,ATL,PDF Free-Agent Availability Layer,manual_review_flag,LOW,REVIEW_NEEDED,not_matched_full_dynasty_source; not_matched_current_tuned_candidate; not_matched_roster_age_context | sleeper_match | PDF free-agent availability context only.
pdf-atlanta_falcons-dst-50,ATL,Atlanta Falcons,DST,ATL,PDF Free-Agent Availability Layer,missing_age,LOW,REVIEW_NEEDED,not_matched_full_dynasty_source; not_matched_current_tuned_candidate; not_matched_roster_age_context | sleeper_match | PDF free-agent availability context only.
pdf-miami_dolphins-dst-53,MIA,Miami Dolphins,DST,MIA,PDF Free-Agent Availability Layer,low_or_missing_join_confidence,LOW,REVIEW_NEEDED,not_matched_full_dynasty_source; not_matched_current_tuned_candidate; not_matched_roster_age_context | sleeper_match | PDF free-agent availability context only.
pdf-miami_dolphins-dst-53,MIA,Miami Dolphins,DST,MIA,PDF Free-Agent Availability Layer,manual_review_flag,LOW,REVIEW_NEEDED,not_matched_full_dynasty_source; not_matched_current_tuned_candidate; not_matched_roster_age_context | sleeper_match | PDF free-agent availability context only.
pdf-miami_dolphins-dst-53,MIA,Miami Dolphins,DST,MIA,PDF Free-Agent Availability Layer,missing_age,LOW,REVIEW_NEEDED,not_matched_full_dynasty_source; not_matched_current_tuned_candidate; not_matched_roster_age_context | sleeper_match | PDF free-agent availability context only.
pdf-12541,12541,Dont'e Thornton,WR,LV,PDF Free-Agent Availability Layer,manual_review_flag,HIGH,REVIEW_NEEDED,matched_full_dynasty_source; not_matched_current_tuned_candidate; not_matched_roster_age_context; display_only_adp_context_available | missing_stats_first_component_evidence|missing_efficiency_context_evidence|missing_stats_first_confidence_cap|missing_lifecycle_or_role_shape_evidence | Need stats-first component evidence. | missing efficiency context evidence | missing stats first confidence cap | Need lifecycle/role-shape evidence. | existing_id_present; sleeper_match; dynastyprocess_crosswalk_candidate | PDF free-agent availability context only.
pdf-12541,12541,Dont'e Thornton,WR,LV,PDF Free-Agent Availability Layer,missing_age,HIGH,REVIEW_NEEDED,matched_full_dynasty_source; not_matched_current_tuned_candidate; not_matched_roster_age_context; display_only_adp_context_available | missing_stats_first_component_evidence|missing_efficiency_context_evidence|missing_stats_first_confidence_cap|missing_lifecycle_or_role_shape_evidence | Need stats-first component evidence. | missing efficiency context evidence | missing stats first confidence cap | Need lifecycle/role-shape evidence. | existing_id_present; sleeper_match; dynastyprocess_crosswalk_candidate | PDF free-agent availability context only.
pdf-5995,5995,Justice Hill,RB,BAL,PDF Free-Agent Availability Layer,manual_review_flag,HIGH,REVIEW_NEEDED,"matched_full_dynasty_source; not_matched_current_tuned_candidate; matched_roster_age_context | licensed_route_metrics_not_available|not_used_in_stats_first_value|no_historical_evidence_for_component|shifted_header_expected_player_header_inferred|rb_dynasty_age_curve_after_27_active|rb_age_window_caution_active|missing_or_review_route_target_snap_evidence|missing_lifecycle_or_role_shape_evidence | Licensed route metrics unavailable; use as source limitation, not a formula instruction. | not used in stats first value | no historical evidence for component | shifted header expected player header inferred | rb dynasty age curve after 27 active | rb age window caution active | Need route/target/snap or role-usage evidence. | Need lifecycle/role-shape evidence. | existing_id_present; sleeper_match; dynastyprocess_crosswalk_candidate | PDF free-agent availability context only."
pdf-7670,7670,Joshua Palmer,WR,BUF,PDF Free-Agent Availability Layer,missing_age,HIGH,REVIEW_NEEDED,not_matched_full_dynasty_source; not_matched_current_tuned_candidate; not_matched_roster_age_context | existing_id_present; sleeper_match; dynastyprocess_crosswalk_candidate | PDF free-agent availability context only.
