run_id,formula_id,cluster_id,base_formula,ingredient_set,ingredient_fields,positions,seasons,row_count,coverage_pct,missingness_pct,overall_spearman,position_spearman_qb,position_spearman_rb,position_spearman_wr,position_spearman_te,pyf_delta,current_best_delta,cluster_seed_delta,top12_precision,top24_precision,top36_precision,false_positive_impact,false_negative_impact,sparse_history_impact,low_games_impact,age_lifecycle_slice,role_slice,stability_by_season,leave_one_season_out,outlier_flags,use_decision,notes
INGREDIENT_ONLY_EPA_TOTAL,INGREDIENT_ONLY_EPA_TOTAL,INGREDIENT_ONLY,none,nflverse_epa_opportunity,epa_total_raw,QB|RB|TE|WR,2013|2014|2015|2016|2017|2018|2019|2020|2021|2022|2023|2024|2025,5360,97.1%,2.9%,0.510,0.478,-0.008,0.549,0.436,-0.223,-0.245,,42.8%,51.3%,55.7%,candidate_fp=703;pyf_fp=573;delta=130,candidate_fn=483;pyf_fn=353;delta=130,rows=1321;candidate_error=9.3%;pyf_error=3.6%,rows=1321;candidate_error=9.3%;pyf_error=3.6%,older_late_rows=464;young_early_rows=2748,high_role_rows=1405;low_sparse_role_rows=1685,2013:0.446;2014:0.544;2015:0.384;2016:0.423;2017:0.495;2018:0.496;2019:0.548;2020:0.504;2021:0.563;2022:0.551;2023:0.524;2024:0.525;2025:0.545,direction_stable_seasons=0/13,partial_coverage_not_full_2013_2025_comparable,DESCRIPTIVE_ONLY,EPA/opportunity ingredient alone; public nflfastR PBP lagged N-to-N+1 review-only.
INGREDIENT_ONLY_EPA_PER_OPPORTUNITY,INGREDIENT_ONLY_EPA_PER_OPPORTUNITY,INGREDIENT_ONLY,none,nflverse_epa_opportunity,epa_per_opportunity,QB|RB|TE|WR,2013|2014|2015|2016|2017|2018|2019|2020|2021|2022|2023|2024|2025,5360,97.1%,2.9%,0.339,0.413,0.226,0.255,0.133,-0.394,-0.416,,14.7%,32.4%,47.5%,candidate_fp=903;pyf_fp=573;delta=330,candidate_fn=683;pyf_fn=353;delta=330,rows=1321;candidate_error=26.1%;pyf_error=3.6%,rows=1321;candidate_error=26.1%;pyf_error=3.6%,older_late_rows=464;young_early_rows=2748,high_role_rows=1405;low_sparse_role_rows=1685,2013:0.313;2014:0.368;2015:0.247;2016:0.276;2017:0.314;2018:0.373;2019:0.362;2020:0.325;2021:0.345;2022:0.366;2023:0.373;2024:0.391;2025:0.314,direction_stable_seasons=0/13,partial_coverage_not_full_2013_2025_comparable,DESCRIPTIVE_ONLY,EPA/opportunity ingredient alone; public nflfastR PBP lagged N-to-N+1 review-only.
INGREDIENT_ONLY_EPA_SUCCESS_RATE,INGREDIENT_ONLY_EPA_SUCCESS_RATE,INGREDIENT_ONLY,none,nflverse_epa_opportunity,epa_success_rate,QB|RB|TE|WR,2013|2014|2015|2016|2017|2018|2019|2020|2021|2022|2023|2024|2025,5360,97.1%,2.9%,0.313,0.377,0.176,0.228,0.122,-0.419,-0.442,,13.0%,31.8%,45.8%,candidate_fp=926;pyf_fp=573;delta=353,candidate_fn=706;pyf_fn=353;delta=353,rows=1321;candidate_error=27.0%;pyf_error=3.6%,rows=1321;candidate_error=27.0%;pyf_error=3.6%,older_late_rows=464;young_early_rows=2748,high_role_rows=1405;low_sparse_role_rows=1685,2013:0.288;2014:0.337;2015:0.199;2016:0.226;2017:0.310;2018:0.335;2019:0.326;2020:0.329;2021:0.334;2022:0.314;2023:0.348;2024:0.390;2025:0.283,direction_stable_seasons=0/13,partial_coverage_not_full_2013_2025_comparable,DESCRIPTIVE_ONLY,EPA/opportunity ingredient alone; public nflfastR PBP lagged N-to-N+1 review-only.
INGREDIENT_ONLY_PASS_EPA_PER_DROPBACK,INGREDIENT_ONLY_PASS_EPA_PER_DROPBACK,INGREDIENT_ONLY,none,nflverse_epa_opportunity,pass_epa_per_dropback,QB|RB|TE|WR,2013|2014|2015|2016|2017|2018|2019|2020|2021|2022|2023|2024|2025,999,18.1%,81.9%,0.073,0.391,0.080,0.062,0.335,-0.280,-0.682,,25.9%,48.4%,63.3%,candidate_fp=262;pyf_fp=230;delta=32,candidate_fn=106;pyf_fn=74;delta=32,rows=324;candidate_error=21.0%;pyf_error=7.7%,rows=324;candidate_error=21.0%;pyf_error=7.7%,older_late_rows=231;young_early_rows=364,high_role_rows=330;low_sparse_role_rows=339,2013:-0.120;2014:0.091;2015:0.088;2016:-0.055;2017:0.144;2018:0.450;2019:-0.005;2020:-0.047;2021:0.069;2022:0.030;2023:0.196;2024:0.110;2025:-0.037,direction_stable_seasons=1/13,partial_coverage_not_full_2013_2025_comparable,DESCRIPTIVE_ONLY,EPA/opportunity ingredient alone; public nflfastR PBP lagged N-to-N+1 review-only.
INGREDIENT_ONLY_RUSH_EPA_PER_CARRY,INGREDIENT_ONLY_RUSH_EPA_PER_CARRY,INGREDIENT_ONLY,none,nflverse_epa_opportunity,rush_epa_per_carry,QB|RB|TE|WR,2013|2014|2015|2016|2017|2018|2019|2020|2021|2022|2023|2024|2025,3152,57.1%,42.9%,0.212,0.197,0.217,0.044,-0.158,-0.421,-0.543,,17.6%,35.1%,49.1%,candidate_fp=874;pyf_fp=643;delta=231,candidate_fn=420;pyf_fn=189;delta=231,rows=644;candidate_error=33.1%;pyf_error=7.6%,rows=644;candidate_error=33.1%;pyf_error=7.6%,older_late_rows=299;young_early_rows=1633,high_role_rows=947;low_sparse_role_rows=848,2013:0.112;2014:0.153;2015:0.096;2016:0.199;2017:0.146;2018:0.210;2019:0.276;2020:0.165;2021:0.255;2022:0.295;2023:0.284;2024:0.237;2025:0.205,direction_stable_seasons=0/13,partial_coverage_not_full_2013_2025_comparable,DESCRIPTIVE_ONLY,EPA/opportunity ingredient alone; public nflfastR PBP lagged N-to-N+1 review-only.
INGREDIENT_ONLY_REC_EPA_PER_TARGET,INGREDIENT_ONLY_REC_EPA_PER_TARGET,INGREDIENT_ONLY,none,nflverse_epa_opportunity,rec_epa_per_target,QB|RB|TE|WR,2013|2014|2015|2016|2017|2018|2019|2020|2021|2022|2023|2024|2025,4663,84.5%,15.5%,0.286,0.168,0.117,0.254,0.129,-0.427,-0.469,,12.9%,25.6%,39.7%,candidate_fp=892;pyf_fp=579;delta=313,candidate_fn=594;pyf_fn=281;delta=313,rows=975;candidate_error=30.6%;pyf_error=4.9%,rows=975;candidate_error=30.6%;pyf_error=4.9%,older_late_rows=279;young_early_rows=2497,high_role_rows=1257;low_sparse_role_rows=1322,2013:0.273;2014:0.292;2015:0.180;2016:0.189;2017:0.303;2018:0.271;2019:0.335;2020:0.286;2021:0.301;2022:0.336;2023:0.290;2024:0.329;2025:0.268,direction_stable_seasons=0/13,partial_coverage_not_full_2013_2025_comparable,DESCRIPTIVE_ONLY,EPA/opportunity ingredient alone; public nflfastR PBP lagged N-to-N+1 review-only.
GAUNTLET_081_DECLINE_SMALL_LATE_GUARD_THREE__PLUS_EPA_TOTAL_PCT05,GAUNTLET_081_DECLINE_SMALL_LATE_GUARD_THREE,C01,prior_decline_small_late_guard_three,nflverse_epa_opportunity,epa_total_raw_pct,QB|RB|TE|WR,2013|2014|2015|2016|2017|2018|2019|2020|2021|2022|2023|2024|2025,5360,97.1%,2.9%,0.747,0.735,0.643,0.693,0.708,0.015,-0.008,-0.007,50.3%,67.3%,71.6%,candidate_fp=551;pyf_fp=573;delta=-22,candidate_fn=331;pyf_fn=353;delta=-22,rows=1321;candidate_error=3.3%;pyf_error=3.6%,rows=1321;candidate_error=3.3%;pyf_error=3.6%,older_late_rows=464;young_early_rows=2748,high_role_rows=1405;low_sparse_role_rows=1685,2013:0.692;2014:0.733;2015:0.679;2016:0.684;2017:0.735;2018:0.731;2019:0.741;2020:0.741;2021:0.759;2022:0.803;2023:0.786;2024:0.779;2025:0.787,direction_stable_seasons=12/13,partial_coverage_not_full_2013_2025_comparable,ADDITIVE_CANDIDATE,Fixed predeclared EPA/opportunity additive variant; no dynamic tuning.
GAUNTLET_081_DECLINE_SMALL_LATE_GUARD_THREE__PLUS_EPA_TOTAL_PCT10,GAUNTLET_081_DECLINE_SMALL_LATE_GUARD_THREE,C01,prior_decline_small_late_guard_three,nflverse_epa_opportunity,epa_total_raw_pct,QB|RB|TE|WR,2013|2014|2015|2016|2017|2018|2019|2020|2021|2022|2023|2024|2025,5360,97.1%,2.9%,0.747,0.736,0.642,0.694,0.705,0.015,-0.008,-0.007,50.8%,67.6%,71.4%,candidate_fp=551;pyf_fp=573;delta=-22,candidate_fn=331;pyf_fn=353;delta=-22,rows=1321;candidate_error=3.3%;pyf_error=3.6%,rows=1321;candidate_error=3.3%;pyf_error=3.6%,older_late_rows=464;young_early_rows=2748,high_role_rows=1405;low_sparse_role_rows=1685,2013:0.693;2014:0.732;2015:0.677;2016:0.682;2017:0.737;2018:0.734;2019:0.742;2020:0.741;2021:0.760;2022:0.803;2023:0.787;2024:0.777;2025:0.784,direction_stable_seasons=11/13,partial_coverage_not_full_2013_2025_comparable,ADDITIVE_CANDIDATE,Fixed predeclared EPA/opportunity additive variant; no dynamic tuning.
GAUNTLET_081_DECLINE_SMALL_LATE_GUARD_THREE__PLUS_EPA_PER_OPPORTUNITY_PCT05,GAUNTLET_081_DECLINE_SMALL_LATE_GUARD_THREE,C01,prior_decline_small_late_guard_three,nflverse_epa_opportunity,epa_per_opportunity_pct,QB|RB|TE|WR,2013|2014|2015|2016|2017|2018|2019|2020|2021|2022|2023|2024|2025,5360,97.1%,2.9%,0.747,0.735,0.642,0.691,0.708,0.014,-0.008,-0.008,49.8%,66.7%,71.6%,candidate_fp=550;pyf_fp=573;delta=-23,candidate_fn=330;pyf_fn=353;delta=-23,rows=1321;candidate_error=3.2%;pyf_error=3.6%,rows=1321;candidate_error=3.2%;pyf_error=3.6%,older_late_rows=464;young_early_rows=2748,high_role_rows=1405;low_sparse_role_rows=1685,2013:0.691;2014:0.732;2015:0.679;2016:0.682;2017:0.734;2018:0.731;2019:0.741;2020:0.740;2021:0.759;2022:0.802;2023:0.785;2024:0.778;2025:0.787,direction_stable_seasons=11/13,partial_coverage_not_full_2013_2025_comparable,ADDITIVE_CANDIDATE,Fixed predeclared EPA/opportunity additive variant; no dynamic tuning.
GAUNTLET_081_DECLINE_SMALL_LATE_GUARD_THREE__PLUS_EPA_SUCCESS_PCT05,GAUNTLET_081_DECLINE_SMALL_LATE_GUARD_THREE,C01,prior_decline_small_late_guard_three,nflverse_epa_opportunity,epa_success_rate_pct,QB|RB|TE|WR,2013|2014|2015|2016|2017|2018|2019|2020|2021|2022|2023|2024|2025,5360,97.1%,2.9%,0.746,0.735,0.641,0.691,0.706,0.014,-0.009,-0.008,50.8%,66.8%,71.5%,candidate_fp=548;pyf_fp=573;delta=-25,candidate_fn=328;pyf_fn=353;delta=-25,rows=1321;candidate_error=3.3%;pyf_error=3.6%,rows=1321;candidate_error=3.3%;pyf_error=3.6%,older_late_rows=464;young_early_rows=2748,high_role_rows=1405;low_sparse_role_rows=1685,2013:0.690;2014:0.732;2015:0.679;2016:0.681;2017:0.733;2018:0.729;2019:0.740;2020:0.741;2021:0.759;2022:0.802;2023:0.784;2024:0.778;2025:0.788,direction_stable_seasons=11/13,partial_coverage_not_full_2013_2025_comparable,ADDITIVE_CANDIDATE,Fixed predeclared EPA/opportunity additive variant; no dynamic tuning.
GAUNTLET_082_DECLINE_SMALL_HIGH_VOLUME_LATE_GUARD__PLUS_EPA_TOTAL_PCT05,GAUNTLET_082_DECLINE_SMALL_HIGH_VOLUME_LATE_GUARD,C01,prior_decline_small_high_volume_late_guard,nflverse_epa_opportunity,epa_total_raw_pct,QB|RB|TE|WR,2013|2014|2015|2016|2017|2018|2019|2020|2021|2022|2023|2024|2025,5360,97.1%,2.9%,0.747,0.736,0.644,0.693,0.708,0.015,-0.008,-0.007,50.5%,67.5%,71.4%,candidate_fp=550;pyf_fp=573;delta=-23,candidate_fn=330;pyf_fn=353;delta=-23,rows=1321;candidate_error=3.3%;pyf_error=3.6%,rows=1321;candidate_error=3.3%;pyf_error=3.6%,older_late_rows=464;young_early_rows=2748,high_role_rows=1405;low_sparse_role_rows=1685,2013:0.692;2014:0.733;2015:0.680;2016:0.684;2017:0.736;2018:0.731;2019:0.741;2020:0.743;2021:0.759;2022:0.803;2023:0.786;2024:0.779;2025:0.787,direction_stable_seasons=12/13,partial_coverage_not_full_2013_2025_comparable,ADDITIVE_CANDIDATE,Fixed predeclared EPA/opportunity additive variant; no dynamic tuning.
GAUNTLET_082_DECLINE_SMALL_HIGH_VOLUME_LATE_GUARD__PLUS_EPA_TOTAL_PCT10,GAUNTLET_082_DECLINE_SMALL_HIGH_VOLUME_LATE_GUARD,C01,prior_decline_small_high_volume_late_guard,nflverse_epa_opportunity,epa_total_raw_pct,QB|RB|TE|WR,2013|2014|2015|2016|2017|2018|2019|2020|2021|2022|2023|2024|2025,5360,97.1%,2.9%,0.747,0.737,0.643,0.693,0.705,0.015,-0.008,-0.007,51.1%,67.7%,71.3%,candidate_fp=550;pyf_fp=573;delta=-23,candidate_fn=330;pyf_fn=353;delta=-23,rows=1321;candidate_error=3.3%;pyf_error=3.6%,rows=1321;candidate_error=3.3%;pyf_error=3.6%,older_late_rows=464;young_early_rows=2748,high_role_rows=1405;low_sparse_role_rows=1685,2013:0.693;2014:0.732;2015:0.676;2016:0.682;2017:0.737;2018:0.734;2019:0.742;2020:0.742;2021:0.760;2022:0.803;2023:0.787;2024:0.777;2025:0.784,direction_stable_seasons=11/13,partial_coverage_not_full_2013_2025_comparable,ADDITIVE_CANDIDATE,Fixed predeclared EPA/opportunity additive variant; no dynamic tuning.
GAUNTLET_082_DECLINE_SMALL_HIGH_VOLUME_LATE_GUARD__PLUS_EPA_PER_OPPORTUNITY_PCT05,GAUNTLET_082_DECLINE_SMALL_HIGH_VOLUME_LATE_GUARD,C01,prior_decline_small_high_volume_late_guard,nflverse_epa_opportunity,epa_per_opportunity_pct,QB|RB|TE|WR,2013|2014|2015|2016|2017|2018|2019|2020|2021|2022|2023|2024|2025,5360,97.1%,2.9%,0.747,0.736,0.643,0.692,0.708,0.014,-0.008,-0.008,49.8%,66.8%,71.5%,candidate_fp=550;pyf_fp=573;delta=-23,candidate_fn=330;pyf_fn=353;delta=-23,rows=1321;candidate_error=3.2%;pyf_error=3.6%,rows=1321;candidate_error=3.2%;pyf_error=3.6%,older_late_rows=464;young_early_rows=2748,high_role_rows=1405;low_sparse_role_rows=1685,2013:0.691;2014:0.733;2015:0.680;2016:0.682;2017:0.734;2018:0.731;2019:0.741;2020:0.741;2021:0.759;2022:0.802;2023:0.785;2024:0.778;2025:0.787,direction_stable_seasons=11/13,partial_coverage_not_full_2013_2025_comparable,ADDITIVE_CANDIDATE,Fixed predeclared EPA/opportunity additive variant; no dynamic tuning.
GAUNTLET_082_DECLINE_SMALL_HIGH_VOLUME_LATE_GUARD__PLUS_EPA_SUCCESS_PCT05,GAUNTLET_082_DECLINE_SMALL_HIGH_VOLUME_LATE_GUARD,C01,prior_decline_small_high_volume_late_guard,nflverse_epa_opportunity,epa_success_rate_pct,QB|RB|TE|WR,2013|2014|2015|2016|2017|2018|2019|2020|2021|2022|2023|2024|2025,5360,97.1%,2.9%,0.746,0.736,0.642,0.691,0.706,0.014,-0.009,-0.008,50.8%,67.0%,71.4%,candidate_fp=549;pyf_fp=573;delta=-24,candidate_fn=329;pyf_fn=353;delta=-24,rows=1321;candidate_error=3.3%;pyf_error=3.6%,rows=1321;candidate_error=3.3%;pyf_error=3.6%,older_late_rows=464;young_early_rows=2748,high_role_rows=1405;low_sparse_role_rows=1685,2013:0.690;2014:0.733;2015:0.679;2016:0.681;2017:0.734;2018:0.729;2019:0.740;2020:0.741;2021:0.758;2022:0.802;2023:0.783;2024:0.777;2025:0.788,direction_stable_seasons=11/13,partial_coverage_not_full_2013_2025_comparable,ADDITIVE_CANDIDATE,Fixed predeclared EPA/opportunity additive variant; no dynamic tuning.
GAUNTLET_083_DECLINE_DECLINE_COMBO_GUARD__PLUS_EPA_TOTAL_PCT05,GAUNTLET_083_DECLINE_DECLINE_COMBO_GUARD,C01,prior_decline_decline_combo_guard,nflverse_epa_opportunity,epa_total_raw_pct,QB|RB|TE|WR,2013|2014|2015|2016|2017|2018|2019|2020|2021|2022|2023|2024|2025,5360,97.1%,2.9%,0.747,0.735,0.641,0.695,0.708,0.015,-0.008,-0.007,49.7%,67.6%,71.2%,candidate_fp=551;pyf_fp=573;delta=-22,candidate_fn=331;pyf_fn=353;delta=-22,rows=1321;candidate_error=3.4%;pyf_error=3.6%,rows=1321;candidate_error=3.4%;pyf_error=3.6%,older_late_rows=464;young_early_rows=2748,high_role_rows=1405;low_sparse_role_rows=1685,2013:0.692;2014:0.733;2015:0.680;2016:0.682;2017:0.741;2018:0.731;2019:0.741;2020:0.739;2021:0.756;2022:0.802;2023:0.789;2024:0.777;2025:0.788,direction_stable_seasons=11/13,partial_coverage_not_full_2013_2025_comparable,ADDITIVE_CANDIDATE,Fixed predeclared EPA/opportunity additive variant; no dynamic tuning.
GAUNTLET_083_DECLINE_DECLINE_COMBO_GUARD__PLUS_EPA_TOTAL_PCT10,GAUNTLET_083_DECLINE_DECLINE_COMBO_GUARD,C01,prior_decline_decline_combo_guard,nflverse_epa_opportunity,epa_total_raw_pct,QB|RB|TE|WR,2013|2014|2015|2016|2017|2018|2019|2020|2021|2022|2023|2024|2025,5360,97.1%,2.9%,0.747,0.737,0.642,0.695,0.703,0.015,-0.008,-0.008,49.8%,67.9%,71.0%,candidate_fp=551;pyf_fp=573;delta=-22,candidate_fn=331;pyf_fn=353;delta=-22,rows=1321;candidate_error=3.4%;pyf_error=3.6%,rows=1321;candidate_error=3.4%;pyf_error=3.6%,older_late_rows=464;young_early_rows=2748,high_role_rows=1405;low_sparse_role_rows=1685,2013:0.693;2014:0.733;2015:0.675;2016:0.682;2017:0.741;2018:0.732;2019:0.742;2020:0.741;2021:0.757;2022:0.803;2023:0.789;2024:0.776;2025:0.784,direction_stable_seasons=12/13,partial_coverage_not_full_2013_2025_comparable,ADDITIVE_CANDIDATE,Fixed predeclared EPA/opportunity additive variant; no dynamic tuning.
GAUNTLET_083_DECLINE_DECLINE_COMBO_GUARD__PLUS_EPA_PER_OPPORTUNITY_PCT05,GAUNTLET_083_DECLINE_DECLINE_COMBO_GUARD,C01,prior_decline_decline_combo_guard,nflverse_epa_opportunity,epa_per_opportunity_pct,QB|RB|TE|WR,2013|2014|2015|2016|2017|2018|2019|2020|2021|2022|2023|2024|2025,5360,97.1%,2.9%,0.747,0.735,0.640,0.693,0.707,0.014,-0.008,-0.008,49.5%,67.5%,71.1%,candidate_fp=553;pyf_fp=573;delta=-20,candidate_fn=333;pyf_fn=353;delta=-20,rows=1321;candidate_error=3.4%;pyf_error=3.6%,rows=1321;candidate_error=3.4%;pyf_error=3.6%,older_late_rows=464;young_early_rows=2748,high_role_rows=1405;low_sparse_role_rows=1685,2013:0.691;2014:0.733;2015:0.680;2016:0.681;2017:0.740;2018:0.732;2019:0.740;2020:0.740;2021:0.755;2022:0.802;2023:0.788;2024:0.776;2025:0.788,direction_stable_seasons=11/13,partial_coverage_not_full_2013_2025_comparable,ADDITIVE_CANDIDATE,Fixed predeclared EPA/opportunity additive variant; no dynamic tuning.
GAUNTLET_083_DECLINE_DECLINE_COMBO_GUARD__PLUS_EPA_SUCCESS_PCT05,GAUNTLET_083_DECLINE_DECLINE_COMBO_GUARD,C01,prior_decline_decline_combo_guard,nflverse_epa_opportunity,epa_success_rate_pct,QB|RB|TE|WR,2013|2014|2015|2016|2017|2018|2019|2020|2021|2022|2023|2024|2025,5360,97.1%,2.9%,0.746,0.733,0.640,0.693,0.706,0.014,-0.009,-0.009,49.5%,67.3%,71.1%,candidate_fp=555;pyf_fp=573;delta=-18,candidate_fn=335;pyf_fn=353;delta=-18,rows=1321;candidate_error=3.5%;pyf_error=3.6%,rows=1321;candidate_error=3.5%;pyf_error=3.6%,older_late_rows=464;young_early_rows=2748,high_role_rows=1405;low_sparse_role_rows=1685,2013:0.690;2014:0.733;2015:0.678;2016:0.681;2017:0.739;2018:0.729;2019:0.739;2020:0.741;2021:0.755;2022:0.801;2023:0.786;2024:0.775;2025:0.788,direction_stable_seasons=11/13,partial_coverage_not_full_2013_2025_comparable,ADDITIVE_CANDIDATE,Fixed predeclared EPA/opportunity additive variant; no dynamic tuning.
GAUNTLET_103_HYBRID_WR_TE_THREE_65_ROLE_AGE__PLUS_EPA_TOTAL_PCT05,GAUNTLET_103_HYBRID_WR_TE_THREE_65_ROLE_AGE,C02,hybrid_wr_te_three_65_role_age,nflverse_epa_opportunity,epa_total_raw_pct,TE|WR,2013|2014|2015|2016|2017|2018|2019|2020|2021|2022|2023|2024|2025,3228,58.5%,41.5%,0.741,,,0.694,0.708,0.014,-0.014,-0.008,48.1%,64.6%,68.3%,candidate_fp=301;pyf_fp=311;delta=-10,candidate_fn=183;pyf_fn=193;delta=-10,rows=692;candidate_error=2.3%;pyf_error=2.5%,rows=692;candidate_error=2.3%;pyf_error=2.5%,older_late_rows=207;young_early_rows=1680,high_role_rows=850;low_sparse_role_rows=921,2013:0.662;2014:0.753;2015:0.714;2016:0.693;2017:0.719;2018:0.716;2019:0.704;2020:0.742;2021:0.733;2022:0.786;2023:0.812;2024:0.758;2025:0.767,direction_stable_seasons=12/13,partial_coverage_not_full_2013_2025_comparable,ADDITIVE_CANDIDATE,Fixed predeclared EPA/opportunity additive variant; no dynamic tuning.
GAUNTLET_103_HYBRID_WR_TE_THREE_65_ROLE_AGE__PLUS_EPA_TOTAL_PCT10,GAUNTLET_103_HYBRID_WR_TE_THREE_65_ROLE_AGE,C02,hybrid_wr_te_three_65_role_age,nflverse_epa_opportunity,epa_total_raw_pct,TE|WR,2013|2014|2015|2016|2017|2018|2019|2020|2021|2022|2023|2024|2025,3228,58.5%,41.5%,0.740,,,0.695,0.703,0.013,-0.015,-0.008,48.4%,64.4%,67.4%,candidate_fp=306;pyf_fp=311;delta=-5,candidate_fn=188;pyf_fn=193;delta=-5,rows=692;candidate_error=2.3%;pyf_error=2.5%,rows=692;candidate_error=2.3%;pyf_error=2.5%,older_late_rows=207;young_early_rows=1680,high_role_rows=850;low_sparse_role_rows=921,2013:0.663;2014:0.754;2015:0.708;2016:0.690;2017:0.721;2018:0.716;2019:0.705;2020:0.744;2021:0.734;2022:0.788;2023:0.809;2024:0.757;2025:0.764,direction_stable_seasons=12/13,partial_coverage_not_full_2013_2025_comparable,ADDITIVE_CANDIDATE,Fixed predeclared EPA/opportunity additive variant; no dynamic tuning.
GAUNTLET_103_HYBRID_WR_TE_THREE_65_ROLE_AGE__PLUS_EPA_PER_OPPORTUNITY_PCT05,GAUNTLET_103_HYBRID_WR_TE_THREE_65_ROLE_AGE,C02,hybrid_wr_te_three_65_role_age,nflverse_epa_opportunity,epa_per_opportunity_pct,TE|WR,2013|2014|2015|2016|2017|2018|2019|2020|2021|2022|2023|2024|2025,3228,58.5%,41.5%,0.740,,,0.693,0.707,0.013,-0.015,-0.009,48.1%,64.4%,67.9%,candidate_fp=302;pyf_fp=311;delta=-9,candidate_fn=184;pyf_fn=193;delta=-9,rows=692;candidate_error=2.3%;pyf_error=2.5%,rows=692;candidate_error=2.3%;pyf_error=2.5%,older_late_rows=207;young_early_rows=1680,high_role_rows=850;low_sparse_role_rows=921,2013:0.661;2014:0.753;2015:0.713;2016:0.691;2017:0.717;2018:0.716;2019:0.702;2020:0.742;2021:0.733;2022:0.785;2023:0.811;2024:0.757;2025:0.767,direction_stable_seasons=12/13,partial_coverage_not_full_2013_2025_comparable,ADDITIVE_CANDIDATE,Fixed predeclared EPA/opportunity additive variant; no dynamic tuning.
GAUNTLET_103_HYBRID_WR_TE_THREE_65_ROLE_AGE__PLUS_EPA_SUCCESS_PCT05,GAUNTLET_103_HYBRID_WR_TE_THREE_65_ROLE_AGE,C02,hybrid_wr_te_three_65_role_age,nflverse_epa_opportunity,epa_success_rate_pct,TE|WR,2013|2014|2015|2016|2017|2018|2019|2020|2021|2022|2023|2024|2025,3228,58.5%,41.5%,0.739,,,0.692,0.707,0.012,-0.016,-0.009,48.4%,64.6%,68.2%,candidate_fp=302;pyf_fp=311;delta=-9,candidate_fn=184;pyf_fn=193;delta=-9,rows=692;candidate_error=2.3%;pyf_error=2.5%,rows=692;candidate_error=2.3%;pyf_error=2.5%,older_late_rows=207;young_early_rows=1680,high_role_rows=850;low_sparse_role_rows=921,2013:0.658;2014:0.754;2015:0.712;2016:0.690;2017:0.717;2018:0.714;2019:0.701;2020:0.742;2021:0.732;2022:0.784;2023:0.811;2024:0.756;2025:0.766,direction_stable_seasons=12/13,partial_coverage_not_full_2013_2025_comparable,ADDITIVE_CANDIDATE,Fixed predeclared EPA/opportunity additive variant; no dynamic tuning.
GAUNTLET_094_ROLE_WR_TE_TARGET_ROLE_REPORT__PLUS_EPA_TOTAL_PCT05,GAUNTLET_094_ROLE_WR_TE_TARGET_ROLE_REPORT,C02,role_archetype_wr_te_target_role_report,nflverse_epa_opportunity,epa_total_raw_pct,TE|WR,2013|2014|2015|2016|2017|2018|2019|2020|2021|2022|2023|2024|2025,3228,58.5%,41.5%,0.740,,,0.693,0.707,0.013,-0.015,-0.008,48.7%,64.7%,68.3%,candidate_fp=302;pyf_fp=311;delta=-9,candidate_fn=184;pyf_fn=193;delta=-9,rows=692;candidate_error=2.2%;pyf_error=2.5%,rows=692;candidate_error=2.2%;pyf_error=2.5%,older_late_rows=207;young_early_rows=1680,high_role_rows=850;low_sparse_role_rows=921,2013:0.662;2014:0.751;2015:0.711;2016:0.695;2017:0.714;2018:0.716;2019:0.700;2020:0.745;2021:0.733;2022:0.786;2023:0.809;2024:0.760;2025:0.767,direction_stable_seasons=12/13,partial_coverage_not_full_2013_2025_comparable,ADDITIVE_CANDIDATE,Fixed predeclared EPA/opportunity additive variant; no dynamic tuning.
GAUNTLET_094_ROLE_WR_TE_TARGET_ROLE_REPORT__PLUS_EPA_TOTAL_PCT10,GAUNTLET_094_ROLE_WR_TE_TARGET_ROLE_REPORT,C02,role_archetype_wr_te_target_role_report,nflverse_epa_opportunity,epa_total_raw_pct,TE|WR,2013|2014|2015|2016|2017|2018|2019|2020|2021|2022|2023|2024|2025,3228,58.5%,41.5%,0.740,,,0.693,0.705,0.013,-0.015,-0.008,49.7%,64.6%,67.7%,candidate_fp=304;pyf_fp=311;delta=-7,candidate_fn=186;pyf_fn=193;delta=-7,rows=692;candidate_error=2.2%;pyf_error=2.5%,rows=692;candidate_error=2.2%;pyf_error=2.5%,older_late_rows=207;young_early_rows=1680,high_role_rows=850;low_sparse_role_rows=921,2013:0.663;2014:0.752;2015:0.708;2016:0.691;2017:0.717;2018:0.717;2019:0.703;2020:0.746;2021:0.733;2022:0.787;2023:0.806;2024:0.759;2025:0.765,direction_stable_seasons=12/13,partial_coverage_not_full_2013_2025_comparable,ADDITIVE_CANDIDATE,Fixed predeclared EPA/opportunity additive variant; no dynamic tuning.
GAUNTLET_094_ROLE_WR_TE_TARGET_ROLE_REPORT__PLUS_EPA_PER_OPPORTUNITY_PCT05,GAUNTLET_094_ROLE_WR_TE_TARGET_ROLE_REPORT,C02,role_archetype_wr_te_target_role_report,nflverse_epa_opportunity,epa_per_opportunity_pct,TE|WR,2013|2014|2015|2016|2017|2018|2019|2020|2021|2022|2023|2024|2025,3228,58.5%,41.5%,0.740,,,0.691,0.708,0.012,-0.015,-0.009,48.1%,64.1%,68.3%,candidate_fp=302;pyf_fp=311;delta=-9,candidate_fn=184;pyf_fn=193;delta=-9,rows=692;candidate_error=2.0%;pyf_error=2.5%,rows=692;candidate_error=2.0%;pyf_error=2.5%,older_late_rows=207;young_early_rows=1680,high_role_rows=850;low_sparse_role_rows=921,2013:0.661;2014:0.751;2015:0.712;2016:0.693;2017:0.713;2018:0.716;2019:0.699;2020:0.744;2021:0.734;2022:0.785;2023:0.807;2024:0.759;2025:0.765,direction_stable_seasons=12/13,partial_coverage_not_full_2013_2025_comparable,ADDITIVE_CANDIDATE,Fixed predeclared EPA/opportunity additive variant; no dynamic tuning.
GAUNTLET_094_ROLE_WR_TE_TARGET_ROLE_REPORT__PLUS_EPA_SUCCESS_PCT05,GAUNTLET_094_ROLE_WR_TE_TARGET_ROLE_REPORT,C02,role_archetype_wr_te_target_role_report,nflverse_epa_opportunity,epa_success_rate_pct,TE|WR,2013|2014|2015|2016|2017|2018|2019|2020|2021|2022|2023|2024|2025,3228,58.5%,41.5%,0.739,,,0.691,0.706,0.012,-0.016,-0.009,49.4%,64.1%,68.5%,candidate_fp=299;pyf_fp=311;delta=-12,candidate_fn=181;pyf_fn=193;delta=-12,rows=692;candidate_error=2.0%;pyf_error=2.5%,rows=692;candidate_error=2.0%;pyf_error=2.5%,older_late_rows=207;young_early_rows=1680,high_role_rows=850;low_sparse_role_rows=921,2013:0.658;2014:0.751;2015:0.712;2016:0.691;2017:0.713;2018:0.715;2019:0.699;2020:0.744;2021:0.733;2022:0.785;2023:0.807;2024:0.759;2025:0.766,direction_stable_seasons=12/13,partial_coverage_not_full_2013_2025_comparable,ADDITIVE_CANDIDATE,Fixed predeclared EPA/opportunity additive variant; no dynamic tuning.
GAUNTLET_039_QB_THREE_55_30_15__PLUS_EPA_TOTAL_PCT05,GAUNTLET_039_QB_THREE_55_30_15,C03,QB_only_three_year_0.55_0.30_0.15,nflverse_epa_opportunity,epa_total_raw_pct,QB,2013|2014|2015|2016|2017|2018|2019|2020|2021|2022|2023|2024|2025,743,13.5%,86.5%,0.735,0.735,,,,0.023,-0.020,-0.001,56.4%,80.8%,82.5%,candidate_fp=53;pyf_fp=55;delta=-2,candidate_fn=72;pyf_fn=74;delta=-2,rows=317;candidate_error=3.5%;pyf_error=3.5%,rows=317;candidate_error=3.5%;pyf_error=3.5%,older_late_rows=208;young_early_rows=251,high_role_rows=194;low_sparse_role_rows=325,2013:0.787;2014:0.800;2015:0.694;2016:0.801;2017:0.783;2018:0.701;2019:0.567;2020:0.757;2021:0.749;2022:0.781;2023:0.600;2024:0.681;2025:0.738,direction_stable_seasons=11/13,partial_coverage_not_full_2013_2025_comparable,INTERACTION_ONLY,Fixed predeclared EPA/opportunity additive variant; no dynamic tuning.
GAUNTLET_039_QB_THREE_55_30_15__PLUS_EPA_TOTAL_PCT10,GAUNTLET_039_QB_THREE_55_30_15,C03,QB_only_three_year_0.55_0.30_0.15,nflverse_epa_opportunity,epa_total_raw_pct,QB,2013|2014|2015|2016|2017|2018|2019|2020|2021|2022|2023|2024|2025,743,13.5%,86.5%,0.738,0.738,,,,0.026,-0.017,0.002,57.1%,81.7%,83.5%,candidate_fp=55;pyf_fp=55;delta=0,candidate_fn=74;pyf_fn=74;delta=0,rows=317;candidate_error=3.5%;pyf_error=3.5%,rows=317;candidate_error=3.5%;pyf_error=3.5%,older_late_rows=208;young_early_rows=251,high_role_rows=194;low_sparse_role_rows=325,2013:0.787;2014:0.808;2015:0.699;2016:0.810;2017:0.783;2018:0.723;2019:0.584;2020:0.762;2021:0.747;2022:0.771;2023:0.610;2024:0.679;2025:0.739,direction_stable_seasons=11/13,partial_coverage_not_full_2013_2025_comparable,INTERACTION_ONLY,Fixed predeclared EPA/opportunity additive variant; no dynamic tuning.
GAUNTLET_039_QB_THREE_55_30_15__PLUS_EPA_PER_OPPORTUNITY_PCT05,GAUNTLET_039_QB_THREE_55_30_15,C03,QB_only_three_year_0.55_0.30_0.15,nflverse_epa_opportunity,epa_per_opportunity_pct,QB,2013|2014|2015|2016|2017|2018|2019|2020|2021|2022|2023|2024|2025,743,13.5%,86.5%,0.735,0.735,,,,0.023,-0.020,-0.001,56.4%,81.1%,82.7%,candidate_fp=53;pyf_fp=55;delta=-2,candidate_fn=72;pyf_fn=74;delta=-2,rows=317;candidate_error=3.5%;pyf_error=3.5%,rows=317;candidate_error=3.5%;pyf_error=3.5%,older_late_rows=208;young_early_rows=251,high_role_rows=194;low_sparse_role_rows=325,2013:0.784;2014:0.802;2015:0.695;2016:0.800;2017:0.788;2018:0.704;2019:0.569;2020:0.758;2021:0.745;2022:0.781;2023:0.600;2024:0.680;2025:0.733,direction_stable_seasons=11/13,partial_coverage_not_full_2013_2025_comparable,INTERACTION_ONLY,Fixed predeclared EPA/opportunity additive variant; no dynamic tuning.
GAUNTLET_039_QB_THREE_55_30_15__PLUS_EPA_SUCCESS_PCT05,GAUNTLET_039_QB_THREE_55_30_15,C03,QB_only_three_year_0.55_0.30_0.15,nflverse_epa_opportunity,epa_success_rate_pct,QB,2013|2014|2015|2016|2017|2018|2019|2020|2021|2022|2023|2024|2025,743,13.5%,86.5%,0.735,0.735,,,,0.023,-0.020,-0.001,56.4%,81.1%,82.7%,candidate_fp=54;pyf_fp=55;delta=-1,candidate_fn=73;pyf_fn=74;delta=-1,rows=317;candidate_error=3.5%;pyf_error=3.5%,rows=317;candidate_error=3.5%;pyf_error=3.5%,older_late_rows=208;young_early_rows=251,high_role_rows=194;low_sparse_role_rows=325,2013:0.783;2014:0.801;2015:0.692;2016:0.797;2017:0.787;2018:0.705;2019:0.569;2020:0.754;2021:0.751;2022:0.785;2023:0.597;2024:0.681;2025:0.733,direction_stable_seasons=11/13,partial_coverage_not_full_2013_2025_comparable,INTERACTION_ONLY,Fixed predeclared EPA/opportunity additive variant; no dynamic tuning.
GAUNTLET_101_HYBRID_QB_THREE_55_AGE_ROLE__PLUS_EPA_TOTAL_PCT05,GAUNTLET_101_HYBRID_QB_THREE_55_AGE_ROLE,C03,hybrid_qb_three_55_age_role,nflverse_epa_opportunity,epa_total_raw_pct,QB,2013|2014|2015|2016|2017|2018|2019|2020|2021|2022|2023|2024|2025,743,13.5%,86.5%,0.736,0.736,,,,0.024,-0.019,-0.001,56.4%,80.8%,82.7%,candidate_fp=52;pyf_fp=55;delta=-3,candidate_fn=71;pyf_fn=74;delta=-3,rows=317;candidate_error=3.5%;pyf_error=3.5%,rows=317;candidate_error=3.5%;pyf_error=3.5%,older_late_rows=208;young_early_rows=251,high_role_rows=194;low_sparse_role_rows=325,2013:0.787;2014:0.797;2015:0.692;2016:0.805;2017:0.786;2018:0.703;2019:0.582;2020:0.754;2021:0.752;2022:0.781;2023:0.600;2024:0.684;2025:0.736,direction_stable_seasons=11/13,partial_coverage_not_full_2013_2025_comparable,INTERACTION_ONLY,Fixed predeclared EPA/opportunity additive variant; no dynamic tuning.
GAUNTLET_101_HYBRID_QB_THREE_55_AGE_ROLE__PLUS_EPA_TOTAL_PCT10,GAUNTLET_101_HYBRID_QB_THREE_55_AGE_ROLE,C03,hybrid_qb_three_55_age_role,nflverse_epa_opportunity,epa_total_raw_pct,QB,2013|2014|2015|2016|2017|2018|2019|2020|2021|2022|2023|2024|2025,743,13.5%,86.5%,0.739,0.739,,,,0.027,-0.016,0.003,56.4%,81.7%,83.3%,candidate_fp=53;pyf_fp=55;delta=-2,candidate_fn=72;pyf_fn=74;delta=-2,rows=317;candidate_error=3.5%;pyf_error=3.5%,rows=317;candidate_error=3.5%;pyf_error=3.5%,older_late_rows=208;young_early_rows=251,high_role_rows=194;low_sparse_role_rows=325,2013:0.787;2014:0.803;2015:0.697;2016:0.815;2017:0.786;2018:0.725;2019:0.599;2020:0.759;2021:0.752;2022:0.771;2023:0.610;2024:0.683;2025:0.737,direction_stable_seasons=11/13,partial_coverage_not_full_2013_2025_comparable,INTERACTION_ONLY,Fixed predeclared EPA/opportunity additive variant; no dynamic tuning.
GAUNTLET_101_HYBRID_QB_THREE_55_AGE_ROLE__PLUS_EPA_PER_OPPORTUNITY_PCT05,GAUNTLET_101_HYBRID_QB_THREE_55_AGE_ROLE,C03,hybrid_qb_three_55_age_role,nflverse_epa_opportunity,epa_per_opportunity_pct,QB,2013|2014|2015|2016|2017|2018|2019|2020|2021|2022|2023|2024|2025,743,13.5%,86.5%,0.736,0.736,,,,0.024,-0.019,-0.001,57.1%,80.8%,82.9%,candidate_fp=52;pyf_fp=55;delta=-3,candidate_fn=71;pyf_fn=74;delta=-3,rows=317;candidate_error=3.5%;pyf_error=3.5%,rows=317;candidate_error=3.5%;pyf_error=3.5%,older_late_rows=208;young_early_rows=251,high_role_rows=194;low_sparse_role_rows=325,2013:0.784;2014:0.799;2015:0.693;2016:0.804;2017:0.789;2018:0.706;2019:0.580;2020:0.753;2021:0.750;2022:0.782;2023:0.600;2024:0.678;2025:0.735,direction_stable_seasons=11/13,partial_coverage_not_full_2013_2025_comparable,INTERACTION_ONLY,Fixed predeclared EPA/opportunity additive variant; no dynamic tuning.
GAUNTLET_101_HYBRID_QB_THREE_55_AGE_ROLE__PLUS_EPA_SUCCESS_PCT05,GAUNTLET_101_HYBRID_QB_THREE_55_AGE_ROLE,C03,hybrid_qb_three_55_age_role,nflverse_epa_opportunity,epa_success_rate_pct,QB,2013|2014|2015|2016|2017|2018|2019|2020|2021|2022|2023|2024|2025,743,13.5%,86.5%,0.735,0.735,,,,0.023,-0.020,-0.002,57.1%,80.8%,82.9%,candidate_fp=54;pyf_fp=55;delta=-1,candidate_fn=73;pyf_fn=74;delta=-1,rows=317;candidate_error=3.5%;pyf_error=3.5%,rows=317;candidate_error=3.5%;pyf_error=3.5%,older_late_rows=208;young_early_rows=251,high_role_rows=194;low_sparse_role_rows=325,2013:0.784;2014:0.798;2015:0.690;2016:0.799;2017:0.788;2018:0.707;2019:0.578;2020:0.752;2021:0.751;2022:0.783;2023:0.597;2024:0.680;2025:0.735,direction_stable_seasons=11/13,partial_coverage_not_full_2013_2025_comparable,INTERACTION_ONLY,Fixed predeclared EPA/opportunity additive variant; no dynamic tuning.
GAUNTLET_038_QB_THREE_60_30_10__PLUS_EPA_TOTAL_PCT05,GAUNTLET_038_QB_THREE_60_30_10,C03,QB_only_three_year_0.60_0.30_0.10,nflverse_epa_opportunity,epa_total_raw_pct,QB,2013|2014|2015|2016|2017|2018|2019|2020|2021|2022|2023|2024|2025,743,13.5%,86.5%,0.734,0.734,,,,0.022,-0.021,-0.001,56.4%,81.1%,82.5%,candidate_fp=51;pyf_fp=55;delta=-4,candidate_fn=70;pyf_fn=74;delta=-4,rows=317;candidate_error=3.5%;pyf_error=3.5%,rows=317;candidate_error=3.5%;pyf_error=3.5%,older_late_rows=208;young_early_rows=251,high_role_rows=194;low_sparse_role_rows=325,2013:0.787;2014:0.797;2015:0.689;2016:0.817;2017:0.791;2018:0.701;2019:0.578;2020:0.761;2021:0.744;2022:0.775;2023:0.597;2024:0.674;2025:0.732,direction_stable_seasons=11/13,partial_coverage_not_full_2013_2025_comparable,INTERACTION_ONLY,Fixed predeclared EPA/opportunity additive variant; no dynamic tuning.
GAUNTLET_038_QB_THREE_60_30_10__PLUS_EPA_TOTAL_PCT10,GAUNTLET_038_QB_THREE_60_30_10,C03,QB_only_three_year_0.60_0.30_0.10,nflverse_epa_opportunity,epa_total_raw_pct,QB,2013|2014|2015|2016|2017|2018|2019|2020|2021|2022|2023|2024|2025,743,13.5%,86.5%,0.735,0.735,,,,0.024,-0.020,0.001,57.7%,81.7%,82.7%,candidate_fp=51;pyf_fp=55;delta=-4,candidate_fn=70;pyf_fn=74;delta=-4,rows=317;candidate_error=3.5%;pyf_error=3.5%,rows=317;candidate_error=3.5%;pyf_error=3.5%,older_late_rows=208;young_early_rows=251,high_role_rows=194;low_sparse_role_rows=325,2013:0.787;2014:0.804;2015:0.697;2016:0.818;2017:0.780;2018:0.724;2019:0.581;2020:0.759;2021:0.747;2022:0.769;2023:0.605;2024:0.674;2025:0.730,direction_stable_seasons=11/13,partial_coverage_not_full_2013_2025_comparable,INTERACTION_ONLY,Fixed predeclared EPA/opportunity additive variant; no dynamic tuning.
GAUNTLET_038_QB_THREE_60_30_10__PLUS_EPA_PER_OPPORTUNITY_PCT05,GAUNTLET_038_QB_THREE_60_30_10,C03,QB_only_three_year_0.60_0.30_0.10,nflverse_epa_opportunity,epa_per_opportunity_pct,QB,2013|2014|2015|2016|2017|2018|2019|2020|2021|2022|2023|2024|2025,743,13.5%,86.5%,0.734,0.734,,,,0.022,-0.021,-0.001,56.4%,80.4%,82.7%,candidate_fp=51;pyf_fp=55;delta=-4,candidate_fn=70;pyf_fn=74;delta=-4,rows=317;candidate_error=3.5%;pyf_error=3.5%,rows=317;candidate_error=3.5%;pyf_error=3.5%,older_late_rows=208;young_early_rows=251,high_role_rows=194;low_sparse_role_rows=325,2013:0.784;2014:0.798;2015:0.689;2016:0.813;2017:0.790;2018:0.697;2019:0.572;2020:0.759;2021:0.744;2022:0.779;2023:0.604;2024:0.669;2025:0.732,direction_stable_seasons=11/13,partial_coverage_not_full_2013_2025_comparable,INTERACTION_ONLY,Fixed predeclared EPA/opportunity additive variant; no dynamic tuning.
GAUNTLET_038_QB_THREE_60_30_10__PLUS_EPA_SUCCESS_PCT05,GAUNTLET_038_QB_THREE_60_30_10,C03,QB_only_three_year_0.60_0.30_0.10,nflverse_epa_opportunity,epa_success_rate_pct,QB,2013|2014|2015|2016|2017|2018|2019|2020|2021|2022|2023|2024|2025,743,13.5%,86.5%,0.733,0.733,,,,0.021,-0.022,-0.001,57.1%,80.4%,82.7%,candidate_fp=50;pyf_fp=55;delta=-5,candidate_fn=69;pyf_fn=74;delta=-5,rows=317;candidate_error=3.5%;pyf_error=3.5%,rows=317;candidate_error=3.5%;pyf_error=3.5%,older_late_rows=208;young_early_rows=251,high_role_rows=194;low_sparse_role_rows=325,2013:0.783;2014:0.799;2015:0.684;2016:0.813;2017:0.791;2018:0.703;2019:0.575;2020:0.755;2021:0.744;2022:0.778;2023:0.598;2024:0.672;2025:0.731,direction_stable_seasons=11/13,partial_coverage_not_full_2013_2025_comparable,INTERACTION_ONLY,Fixed predeclared EPA/opportunity additive variant; no dynamic tuning.
GAUNTLET_003_PRIOR_YEAR_PPG_BASELINE__PLUS_EPA_TOTAL_PCT05,GAUNTLET_003_PRIOR_YEAR_PPG_BASELINE,C04,score=pyf_prior_nwr_ppg,nflverse_epa_opportunity,epa_total_raw_pct,QB|RB|TE|WR,2013|2014|2015|2016|2017|2018|2019|2020|2021|2022|2023|2024|2025,5360,97.1%,2.9%,0.724,0.667,0.612,0.673,0.667,-0.009,-0.031,-0.009,48.9%,64.3%,69.6%,candidate_fp=577;pyf_fp=573;delta=4,candidate_fn=357;pyf_fn=353;delta=4,rows=1321;candidate_error=7.0%;pyf_error=3.6%,rows=1321;candidate_error=7.0%;pyf_error=3.6%,older_late_rows=464;young_early_rows=2748,high_role_rows=1405;low_sparse_role_rows=1685,2013:0.717;2014:0.715;2015:0.658;2016:0.651;2017:0.714;2018:0.728;2019:0.716;2020:0.694;2021:0.727;2022:0.770;2023:0.763;2024:0.745;2025:0.761,direction_stable_seasons=11/13,partial_coverage_not_full_2013_2025_comparable,GUARDRAIL_CONTEXT,Fixed predeclared EPA/opportunity additive variant; no dynamic tuning.
GAUNTLET_003_PRIOR_YEAR_PPG_BASELINE__PLUS_EPA_TOTAL_PCT10,GAUNTLET_003_PRIOR_YEAR_PPG_BASELINE,C04,score=pyf_prior_nwr_ppg,nflverse_epa_opportunity,epa_total_raw_pct,QB|RB|TE|WR,2013|2014|2015|2016|2017|2018|2019|2020|2021|2022|2023|2024|2025,5360,97.1%,2.9%,0.723,0.667,0.609,0.674,0.664,-0.010,-0.032,-0.010,48.2%,64.1%,69.4%,candidate_fp=577;pyf_fp=573;delta=4,candidate_fn=357;pyf_fn=353;delta=4,rows=1321;candidate_error=6.6%;pyf_error=3.6%,rows=1321;candidate_error=6.6%;pyf_error=3.6%,older_late_rows=464;young_early_rows=2748,high_role_rows=1405;low_sparse_role_rows=1685,2013:0.715;2014:0.717;2015:0.652;2016:0.647;2017:0.712;2018:0.726;2019:0.716;2020:0.694;2021:0.730;2022:0.772;2023:0.762;2024:0.745;2025:0.758,direction_stable_seasons=11/13,partial_coverage_not_full_2013_2025_comparable,GUARDRAIL_CONTEXT,Fixed predeclared EPA/opportunity additive variant; no dynamic tuning.
GAUNTLET_003_PRIOR_YEAR_PPG_BASELINE__PLUS_EPA_PER_OPPORTUNITY_PCT05,GAUNTLET_003_PRIOR_YEAR_PPG_BASELINE,C04,score=pyf_prior_nwr_ppg,nflverse_epa_opportunity,epa_per_opportunity_pct,QB|RB|TE|WR,2013|2014|2015|2016|2017|2018|2019|2020|2021|2022|2023|2024|2025,5360,97.1%,2.9%,0.722,0.664,0.612,0.670,0.664,-0.011,-0.033,-0.011,48.1%,64.1%,69.5%,candidate_fp=582;pyf_fp=573;delta=9,candidate_fn=362;pyf_fn=353;delta=9,rows=1321;candidate_error=7.0%;pyf_error=3.6%,rows=1321;candidate_error=7.0%;pyf_error=3.6%,older_late_rows=464;young_early_rows=2748,high_role_rows=1405;low_sparse_role_rows=1685,2013:0.716;2014:0.715;2015:0.657;2016:0.647;2017:0.713;2018:0.727;2019:0.714;2020:0.693;2021:0.725;2022:0.769;2023:0.760;2024:0.743;2025:0.757,direction_stable_seasons=11/13,partial_coverage_not_full_2013_2025_comparable,DESCRIPTIVE_ONLY,Fixed predeclared EPA/opportunity additive variant; no dynamic tuning.
GAUNTLET_003_PRIOR_YEAR_PPG_BASELINE__PLUS_EPA_SUCCESS_PCT05,GAUNTLET_003_PRIOR_YEAR_PPG_BASELINE,C04,score=pyf_prior_nwr_ppg,nflverse_epa_opportunity,epa_success_rate_pct,QB|RB|TE|WR,2013|2014|2015|2016|2017|2018|2019|2020|2021|2022|2023|2024|2025,5360,97.1%,2.9%,0.722,0.665,0.612,0.670,0.665,-0.011,-0.033,-0.011,48.4%,63.9%,69.6%,candidate_fp=581;pyf_fp=573;delta=8,candidate_fn=361;pyf_fn=353;delta=8,rows=1321;candidate_error=6.6%;pyf_error=3.6%,rows=1321;candidate_error=6.6%;pyf_error=3.6%,older_late_rows=464;young_early_rows=2748,high_role_rows=1405;low_sparse_role_rows=1685,2013:0.716;2014:0.715;2015:0.655;2016:0.647;2017:0.716;2018:0.725;2019:0.714;2020:0.693;2021:0.723;2022:0.768;2023:0.761;2024:0.744;2025:0.760,direction_stable_seasons=11/13,partial_coverage_not_full_2013_2025_comparable,DESCRIPTIVE_ONLY,Fixed predeclared EPA/opportunity additive variant; no dynamic tuning.
GAUNTLET_057_TE_THREE_75_20_5__PLUS_EPA_TOTAL_PCT05,GAUNTLET_057_TE_THREE_75_20_5,C05,TE_only_three_year_0.75_0.20_0.05,nflverse_epa_opportunity,epa_total_raw_pct,TE,2013|2014|2015|2016|2017|2018|2019|2020|2021|2022|2023|2024|2025,1174,21.3%,78.7%,0.707,,,,0.707,0.016,-0.048,-0.012,51.9%,70.5%,71.4%,candidate_fp=78;pyf_fp=81;delta=-3,candidate_fn=65;pyf_fn=68;delta=-3,rows=305;candidate_error=1.0%;pyf_error=1.3%,rows=305;candidate_error=1.0%;pyf_error=1.3%,older_late_rows=86;young_early_rows=574,high_role_rows=312;low_sparse_role_rows=367,2013:0.727;2014:0.734;2015:0.630;2016:0.728;2017:0.678;2018:0.637;2019:0.580;2020:0.626;2021:0.741;2022:0.751;2023:0.755;2024:0.709;2025:0.792,direction_stable_seasons=9/13,partial_coverage_not_full_2013_2025_comparable,INTERACTION_ONLY,Fixed predeclared EPA/opportunity additive variant; no dynamic tuning.
GAUNTLET_057_TE_THREE_75_20_5__PLUS_EPA_TOTAL_PCT10,GAUNTLET_057_TE_THREE_75_20_5,C05,TE_only_three_year_0.75_0.20_0.05,nflverse_epa_opportunity,epa_total_raw_pct,TE,2013|2014|2015|2016|2017|2018|2019|2020|2021|2022|2023|2024|2025,1174,21.3%,78.7%,0.703,,,,0.703,0.012,-0.052,-0.016,51.9%,68.9%,70.9%,candidate_fp=78;pyf_fp=81;delta=-3,candidate_fn=65;pyf_fn=68;delta=-3,rows=305;candidate_error=1.0%;pyf_error=1.3%,rows=305;candidate_error=1.0%;pyf_error=1.3%,older_late_rows=86;young_early_rows=574,high_role_rows=312;low_sparse_role_rows=367,2013:0.725;2014:0.729;2015:0.618;2016:0.728;2017:0.679;2018:0.639;2019:0.578;2020:0.618;2021:0.741;2022:0.751;2023:0.754;2024:0.705;2025:0.784,direction_stable_seasons=9/13,partial_coverage_not_full_2013_2025_comparable,INTERACTION_ONLY,Fixed predeclared EPA/opportunity additive variant; no dynamic tuning.
GAUNTLET_057_TE_THREE_75_20_5__PLUS_EPA_PER_OPPORTUNITY_PCT05,GAUNTLET_057_TE_THREE_75_20_5,C05,TE_only_three_year_0.75_0.20_0.05,nflverse_epa_opportunity,epa_per_opportunity_pct,TE,2013|2014|2015|2016|2017|2018|2019|2020|2021|2022|2023|2024|2025,1174,21.3%,78.7%,0.707,,,,0.707,0.016,-0.048,-0.012,51.9%,70.5%,70.9%,candidate_fp=78;pyf_fp=81;delta=-3,candidate_fn=65;pyf_fn=68;delta=-3,rows=305;candidate_error=1.0%;pyf_error=1.3%,rows=305;candidate_error=1.0%;pyf_error=1.3%,older_late_rows=86;young_early_rows=574,high_role_rows=312;low_sparse_role_rows=367,2013:0.730;2014:0.732;2015:0.633;2016:0.730;2017:0.678;2018:0.637;2019:0.584;2020:0.621;2021:0.743;2022:0.756;2023:0.755;2024:0.708;2025:0.790,direction_stable_seasons=9/13,partial_coverage_not_full_2013_2025_comparable,INTERACTION_ONLY,Fixed predeclared EPA/opportunity additive variant; no dynamic tuning.
GAUNTLET_057_TE_THREE_75_20_5__PLUS_EPA_SUCCESS_PCT05,GAUNTLET_057_TE_THREE_75_20_5,C05,TE_only_three_year_0.75_0.20_0.05,nflverse_epa_opportunity,epa_success_rate_pct,TE,2013|2014|2015|2016|2017|2018|2019|2020|2021|2022|2023|2024|2025,1174,21.3%,78.7%,0.706,,,,0.706,0.015,-0.049,-0.013,51.3%,69.9%,71.8%,candidate_fp=79;pyf_fp=81;delta=-2,candidate_fn=66;pyf_fn=68;delta=-2,rows=305;candidate_error=1.0%;pyf_error=1.3%,rows=305;candidate_error=1.0%;pyf_error=1.3%,older_late_rows=86;young_early_rows=574,high_role_rows=312;low_sparse_role_rows=367,2013:0.728;2014:0.735;2015:0.636;2016:0.730;2017:0.675;2018:0.637;2019:0.579;2020:0.616;2021:0.746;2022:0.751;2023:0.752;2024:0.709;2025:0.789,direction_stable_seasons=9/13,partial_coverage_not_full_2013_2025_comparable,INTERACTION_ONLY,Fixed predeclared EPA/opportunity additive variant; no dynamic tuning.
GAUNTLET_058_TE_THREE_70_20_10__PLUS_EPA_TOTAL_PCT05,GAUNTLET_058_TE_THREE_70_20_10,C05,TE_only_three_year_0.70_0.20_0.10,nflverse_epa_opportunity,epa_total_raw_pct,TE,2013|2014|2015|2016|2017|2018|2019|2020|2021|2022|2023|2024|2025,1174,21.3%,78.7%,0.708,,,,0.708,0.017,-0.047,-0.011,52.6%,70.8%,71.4%,candidate_fp=77;pyf_fp=81;delta=-4,candidate_fn=64;pyf_fn=68;delta=-4,rows=305;candidate_error=1.0%;pyf_error=1.3%,rows=305;candidate_error=1.0%;pyf_error=1.3%,older_late_rows=86;young_early_rows=574,high_role_rows=312;low_sparse_role_rows=367,2013:0.727;2014:0.737;2015:0.637;2016:0.723;2017:0.682;2018:0.634;2019:0.583;2020:0.618;2021:0.747;2022:0.748;2023:0.761;2024:0.707;2025:0.797,direction_stable_seasons=9/13,partial_coverage_not_full_2013_2025_comparable,INTERACTION_ONLY,Fixed predeclared EPA/opportunity additive variant; no dynamic tuning.
GAUNTLET_058_TE_THREE_70_20_10__PLUS_EPA_TOTAL_PCT10,GAUNTLET_058_TE_THREE_70_20_10,C05,TE_only_three_year_0.70_0.20_0.10,nflverse_epa_opportunity,epa_total_raw_pct,TE,2013|2014|2015|2016|2017|2018|2019|2020|2021|2022|2023|2024|2025,1174,21.3%,78.7%,0.704,,,,0.704,0.013,-0.051,-0.015,51.9%,69.6%,70.5%,candidate_fp=78;pyf_fp=81;delta=-3,candidate_fn=65;pyf_fn=68;delta=-3,rows=305;candidate_error=1.0%;pyf_error=1.3%,rows=305;candidate_error=1.0%;pyf_error=1.3%,older_late_rows=86;young_early_rows=574,high_role_rows=312;low_sparse_role_rows=367,2013:0.725;2014:0.728;2015:0.633;2016:0.723;2017:0.678;2018:0.632;2019:0.582;2020:0.609;2021:0.743;2022:0.746;2023:0.761;2024:0.704;2025:0.794,direction_stable_seasons=9/13,partial_coverage_not_full_2013_2025_comparable,INTERACTION_ONLY,Fixed predeclared EPA/opportunity additive variant; no dynamic tuning.
GAUNTLET_058_TE_THREE_70_20_10__PLUS_EPA_PER_OPPORTUNITY_PCT05,GAUNTLET_058_TE_THREE_70_20_10,C05,TE_only_three_year_0.70_0.20_0.10,nflverse_epa_opportunity,epa_per_opportunity_pct,TE,2013|2014|2015|2016|2017|2018|2019|2020|2021|2022|2023|2024|2025,1174,21.3%,78.7%,0.708,,,,0.708,0.018,-0.047,-0.011,51.3%,70.5%,71.2%,candidate_fp=78;pyf_fp=81;delta=-3,candidate_fn=65;pyf_fn=68;delta=-3,rows=305;candidate_error=1.0%;pyf_error=1.3%,rows=305;candidate_error=1.0%;pyf_error=1.3%,older_late_rows=86;young_early_rows=574,high_role_rows=312;low_sparse_role_rows=367,2013:0.730;2014:0.736;2015:0.643;2016:0.725;2017:0.678;2018:0.633;2019:0.588;2020:0.617;2021:0.746;2022:0.755;2023:0.761;2024:0.707;2025:0.795,direction_stable_seasons=10/13,partial_coverage_not_full_2013_2025_comparable,INTERACTION_ONLY,Fixed predeclared EPA/opportunity additive variant; no dynamic tuning.
GAUNTLET_058_TE_THREE_70_20_10__PLUS_EPA_SUCCESS_PCT05,GAUNTLET_058_TE_THREE_70_20_10,C05,TE_only_three_year_0.70_0.20_0.10,nflverse_epa_opportunity,epa_success_rate_pct,TE,2013|2014|2015|2016|2017|2018|2019|2020|2021|2022|2023|2024|2025,1174,21.3%,78.7%,0.707,,,,0.707,0.016,-0.048,-0.012,51.3%,70.5%,71.2%,candidate_fp=78;pyf_fp=81;delta=-3,candidate_fn=65;pyf_fn=68;delta=-3,rows=305;candidate_error=1.0%;pyf_error=1.3%,rows=305;candidate_error=1.0%;pyf_error=1.3%,older_late_rows=86;young_early_rows=574,high_role_rows=312;low_sparse_role_rows=367,2013:0.728;2014:0.739;2015:0.640;2016:0.724;2017:0.675;2018:0.627;2019:0.580;2020:0.615;2021:0.748;2022:0.751;2023:0.762;2024:0.707;2025:0.793,direction_stable_seasons=9/13,partial_coverage_not_full_2013_2025_comparable,INTERACTION_ONLY,Fixed predeclared EPA/opportunity additive variant; no dynamic tuning.
GAUNTLET_059_TE_THREE_65_25_10__PLUS_EPA_TOTAL_PCT05,GAUNTLET_059_TE_THREE_65_25_10,C05,TE_only_three_year_0.65_0.25_0.10,nflverse_epa_opportunity,epa_total_raw_pct,TE,2013|2014|2015|2016|2017|2018|2019|2020|2021|2022|2023|2024|2025,1174,21.3%,78.7%,0.708,,,,0.708,0.017,-0.047,-0.011,50.6%,70.8%,71.4%,candidate_fp=80;pyf_fp=81;delta=-1,candidate_fn=67;pyf_fn=68;delta=-1,rows=305;candidate_error=1.0%;pyf_error=1.3%,rows=305;candidate_error=1.0%;pyf_error=1.3%,older_late_rows=86;young_early_rows=574,high_role_rows=312;low_sparse_role_rows=367,2013:0.727;2014:0.733;2015:0.643;2016:0.722;2017:0.680;2018:0.632;2019:0.581;2020:0.618;2021:0.750;2022:0.747;2023:0.761;2024:0.707;2025:0.799,direction_stable_seasons=10/13,partial_coverage_not_full_2013_2025_comparable,INTERACTION_ONLY,Fixed predeclared EPA/opportunity additive variant; no dynamic tuning.
GAUNTLET_059_TE_THREE_65_25_10__PLUS_EPA_TOTAL_PCT10,GAUNTLET_059_TE_THREE_65_25_10,C05,TE_only_three_year_0.65_0.25_0.10,nflverse_epa_opportunity,epa_total_raw_pct,TE,2013|2014|2015|2016|2017|2018|2019|2020|2021|2022|2023|2024|2025,1174,21.3%,78.7%,0.703,,,,0.703,0.013,-0.052,-0.015,51.3%,70.5%,70.5%,candidate_fp=79;pyf_fp=81;delta=-2,candidate_fn=66;pyf_fn=68;delta=-2,rows=305;candidate_error=1.0%;pyf_error=1.3%,rows=305;candidate_error=1.0%;pyf_error=1.3%,older_late_rows=86;young_early_rows=574,high_role_rows=312;low_sparse_role_rows=367,2013:0.725;2014:0.725;2015:0.632;2016:0.724;2017:0.678;2018:0.634;2019:0.573;2020:0.611;2021:0.750;2022:0.743;2023:0.758;2024:0.698;2025:0.795,direction_stable_seasons=9/13,partial_coverage_not_full_2013_2025_comparable,INTERACTION_ONLY,Fixed predeclared EPA/opportunity additive variant; no dynamic tuning.
GAUNTLET_059_TE_THREE_65_25_10__PLUS_EPA_PER_OPPORTUNITY_PCT05,GAUNTLET_059_TE_THREE_65_25_10,C05,TE_only_three_year_0.65_0.25_0.10,nflverse_epa_opportunity,epa_per_opportunity_pct,TE,2013|2014|2015|2016|2017|2018|2019|2020|2021|2022|2023|2024|2025,1174,21.3%,78.7%,0.707,,,,0.707,0.017,-0.048,-0.011,51.3%,70.5%,71.2%,candidate_fp=79;pyf_fp=81;delta=-2,candidate_fn=66;pyf_fn=68;delta=-2,rows=305;candidate_error=1.0%;pyf_error=1.3%,rows=305;candidate_error=1.0%;pyf_error=1.3%,older_late_rows=86;young_early_rows=574,high_role_rows=312;low_sparse_role_rows=367,2013:0.730;2014:0.729;2015:0.646;2016:0.722;2017:0.678;2018:0.630;2019:0.581;2020:0.614;2021:0.750;2022:0.752;2023:0.761;2024:0.704;2025:0.797,direction_stable_seasons=10/13,partial_coverage_not_full_2013_2025_comparable,INTERACTION_ONLY,Fixed predeclared EPA/opportunity additive variant; no dynamic tuning.
GAUNTLET_059_TE_THREE_65_25_10__PLUS_EPA_SUCCESS_PCT05,GAUNTLET_059_TE_THREE_65_25_10,C05,TE_only_three_year_0.65_0.25_0.10,nflverse_epa_opportunity,epa_success_rate_pct,TE,2013|2014|2015|2016|2017|2018|2019|2020|2021|2022|2023|2024|2025,1174,21.3%,78.7%,0.707,,,,0.707,0.016,-0.048,-0.012,51.3%,70.8%,71.2%,candidate_fp=79;pyf_fp=81;delta=-2,candidate_fn=66;pyf_fn=68;delta=-2,rows=305;candidate_error=1.0%;pyf_error=1.3%,rows=305;candidate_error=1.0%;pyf_error=1.3%,older_late_rows=86;young_early_rows=574,high_role_rows=312;low_sparse_role_rows=367,2013:0.728;2014:0.732;2015:0.648;2016:0.722;2017:0.676;2018:0.625;2019:0.577;2020:0.614;2021:0.750;2022:0.751;2023:0.761;2024:0.703;2025:0.795,direction_stable_seasons=10/13,partial_coverage_not_full_2013_2025_comparable,INTERACTION_ONLY,Fixed predeclared EPA/opportunity additive variant; no dynamic tuning.
GAUNTLET_051_WR_THREE_65_25_10__PLUS_EPA_TOTAL_PCT05,GAUNTLET_051_WR_THREE_65_25_10,C06,WR_only_three_year_0.65_0.25_0.10,nflverse_epa_opportunity,epa_total_raw_pct,WR,2013|2014|2015|2016|2017|2018|2019|2020|2021|2022|2023|2024|2025,2054,37.2%,62.8%,0.694,,,0.694,,0.013,-0.061,-0.008,45.5%,58.3%,65.2%,candidate_fp=221;pyf_fp=230;delta=-9,candidate_fn=116;pyf_fn=125;delta=-9,rows=387;candidate_error=3.4%;pyf_error=3.4%,rows=387;candidate_error=3.4%;pyf_error=3.4%,older_late_rows=121;young_early_rows=1106,high_role_rows=538;low_sparse_role_rows=554,2013:0.587;2014:0.690;2015:0.684;2016:0.615;2017:0.659;2018:0.663;2019:0.651;2020:0.716;2021:0.664;2022:0.734;2023:0.778;2024:0.726;2025:0.709,direction_stable_seasons=11/13,partial_coverage_not_full_2013_2025_comparable,INTERACTION_ONLY,Fixed predeclared EPA/opportunity additive variant; no dynamic tuning.
GAUNTLET_051_WR_THREE_65_25_10__PLUS_EPA_TOTAL_PCT10,GAUNTLET_051_WR_THREE_65_25_10,C06,WR_only_three_year_0.65_0.25_0.10,nflverse_epa_opportunity,epa_total_raw_pct,WR,2013|2014|2015|2016|2017|2018|2019|2020|2021|2022|2023|2024|2025,2054,37.2%,62.8%,0.695,,,0.695,,0.014,-0.060,-0.008,45.5%,58.3%,64.3%,candidate_fp=227;pyf_fp=230;delta=-3,candidate_fn=122;pyf_fn=125;delta=-3,rows=387;candidate_error=3.4%;pyf_error=3.4%,rows=387;candidate_error=3.4%;pyf_error=3.4%,older_late_rows=121;young_early_rows=1106,high_role_rows=538;low_sparse_role_rows=554,2013:0.588;2014:0.692;2015:0.678;2016:0.610;2017:0.661;2018:0.661;2019:0.657;2020:0.720;2021:0.666;2022:0.736;2023:0.776;2024:0.728;2025:0.704,direction_stable_seasons=11/13,partial_coverage_not_full_2013_2025_comparable,INTERACTION_ONLY,Fixed predeclared EPA/opportunity additive variant; no dynamic tuning.
GAUNTLET_051_WR_THREE_65_25_10__PLUS_EPA_PER_OPPORTUNITY_PCT05,GAUNTLET_051_WR_THREE_65_25_10,C06,WR_only_three_year_0.65_0.25_0.10,nflverse_epa_opportunity,epa_per_opportunity_pct,WR,2013|2014|2015|2016|2017|2018|2019|2020|2021|2022|2023|2024|2025,2054,37.2%,62.8%,0.693,,,0.693,,0.012,-0.062,-0.010,44.9%,58.3%,64.7%,candidate_fp=223;pyf_fp=230;delta=-7,candidate_fn=118;pyf_fn=125;delta=-7,rows=387;candidate_error=3.4%;pyf_error=3.4%,rows=387;candidate_error=3.4%;pyf_error=3.4%,older_late_rows=121;young_early_rows=1106,high_role_rows=538;low_sparse_role_rows=554,2013:0.583;2014:0.689;2015:0.681;2016:0.612;2017:0.658;2018:0.661;2019:0.650;2020:0.717;2021:0.663;2022:0.732;2023:0.776;2024:0.725;2025:0.707,direction_stable_seasons=11/13,partial_coverage_not_full_2013_2025_comparable,INTERACTION_ONLY,Fixed predeclared EPA/opportunity additive variant; no dynamic tuning.
GAUNTLET_051_WR_THREE_65_25_10__PLUS_EPA_SUCCESS_PCT05,GAUNTLET_051_WR_THREE_65_25_10,C06,WR_only_three_year_0.65_0.25_0.10,nflverse_epa_opportunity,epa_success_rate_pct,WR,2013|2014|2015|2016|2017|2018|2019|2020|2021|2022|2023|2024|2025,2054,37.2%,62.8%,0.692,,,0.692,,0.011,-0.063,-0.011,45.5%,58.3%,65.2%,candidate_fp=223;pyf_fp=230;delta=-7,candidate_fn=118;pyf_fn=125;delta=-7,rows=387;candidate_error=3.4%;pyf_error=3.4%,rows=387;candidate_error=3.4%;pyf_error=3.4%,older_late_rows=121;young_early_rows=1106,high_role_rows=538;low_sparse_role_rows=554,2013:0.581;2014:0.690;2015:0.679;2016:0.610;2017:0.657;2018:0.661;2019:0.648;2020:0.717;2021:0.662;2022:0.728;2023:0.777;2024:0.724;2025:0.707,direction_stable_seasons=11/13,partial_coverage_not_full_2013_2025_comparable,INTERACTION_ONLY,Fixed predeclared EPA/opportunity additive variant; no dynamic tuning.
GAUNTLET_048_WR_TWO_75_25__PLUS_EPA_TOTAL_PCT05,GAUNTLET_048_WR_TWO_75_25,C06,WR_only_two_year_0.75_0.25,nflverse_epa_opportunity,epa_total_raw_pct,WR,2013|2014|2015|2016|2017|2018|2019|2020|2021|2022|2023|2024|2025,2054,37.2%,62.8%,0.693,,,0.693,,0.012,-0.062,-0.009,48.1%,59.3%,64.5%,candidate_fp=224;pyf_fp=230;delta=-6,candidate_fn=119;pyf_fn=125;delta=-6,rows=387;candidate_error=3.4%;pyf_error=3.4%,rows=387;candidate_error=3.4%;pyf_error=3.4%,older_late_rows=121;young_early_rows=1106,high_role_rows=538;low_sparse_role_rows=554,2013:0.587;2014:0.672;2015:0.686;2016:0.612;2017:0.654;2018:0.658;2019:0.645;2020:0.719;2021:0.662;2022:0.739;2023:0.784;2024:0.725;2025:0.711,direction_stable_seasons=11/13,partial_coverage_not_full_2013_2025_comparable,INTERACTION_ONLY,Fixed predeclared EPA/opportunity additive variant; no dynamic tuning.
GAUNTLET_048_WR_TWO_75_25__PLUS_EPA_TOTAL_PCT10,GAUNTLET_048_WR_TWO_75_25,C06,WR_only_two_year_0.75_0.25,nflverse_epa_opportunity,epa_total_raw_pct,WR,2013|2014|2015|2016|2017|2018|2019|2020|2021|2022|2023|2024|2025,2054,37.2%,62.8%,0.693,,,0.693,,0.012,-0.062,-0.009,47.4%,59.3%,64.5%,candidate_fp=225;pyf_fp=230;delta=-5,candidate_fn=120;pyf_fn=125;delta=-5,rows=387;candidate_error=3.4%;pyf_error=3.4%,rows=387;candidate_error=3.4%;pyf_error=3.4%,older_late_rows=121;young_early_rows=1106,high_role_rows=538;low_sparse_role_rows=554,2013:0.588;2014:0.675;2015:0.684;2016:0.606;2017:0.655;2018:0.655;2019:0.646;2020:0.721;2021:0.662;2022:0.741;2023:0.782;2024:0.724;2025:0.708,direction_stable_seasons=11/13,partial_coverage_not_full_2013_2025_comparable,INTERACTION_ONLY,Fixed predeclared EPA/opportunity additive variant; no dynamic tuning.
GAUNTLET_048_WR_TWO_75_25__PLUS_EPA_PER_OPPORTUNITY_PCT05,GAUNTLET_048_WR_TWO_75_25,C06,WR_only_two_year_0.75_0.25,nflverse_epa_opportunity,epa_per_opportunity_pct,WR,2013|2014|2015|2016|2017|2018|2019|2020|2021|2022|2023|2024|2025,2054,37.2%,62.8%,0.692,,,0.692,,0.011,-0.063,-0.010,48.1%,59.6%,64.1%,candidate_fp=223;pyf_fp=230;delta=-7,candidate_fn=118;pyf_fn=125;delta=-7,rows=387;candidate_error=3.4%;pyf_error=3.4%,rows=387;candidate_error=3.4%;pyf_error=3.4%,older_late_rows=121;young_early_rows=1106,high_role_rows=538;low_sparse_role_rows=554,2013:0.583;2014:0.673;2015:0.684;2016:0.610;2017:0.653;2018:0.656;2019:0.641;2020:0.721;2021:0.661;2022:0.736;2023:0.783;2024:0.723;2025:0.712,direction_stable_seasons=11/13,partial_coverage_not_full_2013_2025_comparable,INTERACTION_ONLY,Fixed predeclared EPA/opportunity additive variant; no dynamic tuning.
GAUNTLET_048_WR_TWO_75_25__PLUS_EPA_SUCCESS_PCT05,GAUNTLET_048_WR_TWO_75_25,C06,WR_only_two_year_0.75_0.25,nflverse_epa_opportunity,epa_success_rate_pct,WR,2013|2014|2015|2016|2017|2018|2019|2020|2021|2022|2023|2024|2025,2054,37.2%,62.8%,0.691,,,0.691,,0.010,-0.064,-0.011,48.1%,58.3%,64.5%,candidate_fp=225;pyf_fp=230;delta=-5,candidate_fn=120;pyf_fn=125;delta=-5,rows=387;candidate_error=3.4%;pyf_error=3.4%,rows=387;candidate_error=3.4%;pyf_error=3.4%,older_late_rows=121;young_early_rows=1106,high_role_rows=538;low_sparse_role_rows=554,2013:0.581;2014:0.672;2015:0.681;2016:0.605;2017:0.653;2018:0.657;2019:0.638;2020:0.722;2021:0.662;2022:0.732;2023:0.782;2024:0.723;2025:0.712,direction_stable_seasons=11/13,partial_coverage_not_full_2013_2025_comparable,INTERACTION_ONLY,Fixed predeclared EPA/opportunity additive variant; no dynamic tuning.
GAUNTLET_049_WR_TWO_70_30__PLUS_EPA_TOTAL_PCT05,GAUNTLET_049_WR_TWO_70_30,C06,WR_only_two_year_0.70_0.30,nflverse_epa_opportunity,epa_total_raw_pct,WR,2013|2014|2015|2016|2017|2018|2019|2020|2021|2022|2023|2024|2025,2054,37.2%,62.8%,0.693,,,0.693,,0.013,-0.062,-0.009,47.4%,58.7%,65.2%,candidate_fp=225;pyf_fp=230;delta=-5,candidate_fn=120;pyf_fn=125;delta=-5,rows=387;candidate_error=3.1%;pyf_error=3.4%,rows=387;candidate_error=3.1%;pyf_error=3.4%,older_late_rows=121;young_early_rows=1106,high_role_rows=538;low_sparse_role_rows=554,2013:0.587;2014:0.684;2015:0.684;2016:0.616;2017:0.651;2018:0.661;2019:0.641;2020:0.720;2021:0.660;2022:0.737;2023:0.783;2024:0.725;2025:0.713,direction_stable_seasons=11/13,partial_coverage_not_full_2013_2025_comparable,INTERACTION_ONLY,Fixed predeclared EPA/opportunity additive variant; no dynamic tuning.
GAUNTLET_049_WR_TWO_70_30__PLUS_EPA_TOTAL_PCT10,GAUNTLET_049_WR_TWO_70_30,C06,WR_only_two_year_0.70_0.30,nflverse_epa_opportunity,epa_total_raw_pct,WR,2013|2014|2015|2016|2017|2018|2019|2020|2021|2022|2023|2024|2025,2054,37.2%,62.8%,0.693,,,0.693,,0.012,-0.062,-0.009,47.4%,59.3%,65.0%,candidate_fp=224;pyf_fp=230;delta=-6,candidate_fn=119;pyf_fn=125;delta=-6,rows=387;candidate_error=3.1%;pyf_error=3.4%,rows=387;candidate_error=3.1%;pyf_error=3.4%,older_late_rows=121;young_early_rows=1106,high_role_rows=538;low_sparse_role_rows=554,2013:0.588;2014:0.686;2015:0.681;2016:0.612;2017:0.654;2018:0.658;2019:0.642;2020:0.722;2021:0.661;2022:0.738;2023:0.781;2024:0.726;2025:0.709,direction_stable_seasons=11/13,partial_coverage_not_full_2013_2025_comparable,INTERACTION_ONLY,Fixed predeclared EPA/opportunity additive variant; no dynamic tuning.
GAUNTLET_049_WR_TWO_70_30__PLUS_EPA_PER_OPPORTUNITY_PCT05,GAUNTLET_049_WR_TWO_70_30,C06,WR_only_two_year_0.70_0.30,nflverse_epa_opportunity,epa_per_opportunity_pct,WR,2013|2014|2015|2016|2017|2018|2019|2020|2021|2022|2023|2024|2025,2054,37.2%,62.8%,0.692,,,0.692,,0.011,-0.063,-0.010,47.4%,58.0%,64.7%,candidate_fp=225;pyf_fp=230;delta=-5,candidate_fn=120;pyf_fn=125;delta=-5,rows=387;candidate_error=3.1%;pyf_error=3.4%,rows=387;candidate_error=3.1%;pyf_error=3.4%,older_late_rows=121;young_early_rows=1106,high_role_rows=538;low_sparse_role_rows=554,2013:0.583;2014:0.685;2015:0.682;2016:0.614;2017:0.649;2018:0.659;2019:0.638;2020:0.719;2021:0.659;2022:0.735;2023:0.780;2024:0.723;2025:0.711,direction_stable_seasons=11/13,partial_coverage_not_full_2013_2025_comparable,INTERACTION_ONLY,Fixed predeclared EPA/opportunity additive variant; no dynamic tuning.
GAUNTLET_049_WR_TWO_70_30__PLUS_EPA_SUCCESS_PCT05,GAUNTLET_049_WR_TWO_70_30,C06,WR_only_two_year_0.70_0.30,nflverse_epa_opportunity,epa_success_rate_pct,WR,2013|2014|2015|2016|2017|2018|2019|2020|2021|2022|2023|2024|2025,2054,37.2%,62.8%,0.691,,,0.691,,0.010,-0.064,-0.011,48.7%,57.7%,64.7%,candidate_fp=224;pyf_fp=230;delta=-6,candidate_fn=119;pyf_fn=125;delta=-6,rows=387;candidate_error=3.1%;pyf_error=3.4%,rows=387;candidate_error=3.1%;pyf_error=3.4%,older_late_rows=121;young_early_rows=1106,high_role_rows=538;low_sparse_role_rows=554,2013:0.581;2014:0.682;2015:0.676;2016:0.611;2017:0.649;2018:0.660;2019:0.636;2020:0.721;2021:0.658;2022:0.731;2023:0.779;2024:0.724;2025:0.713,direction_stable_seasons=11/13,partial_coverage_not_full_2013_2025_comparable,INTERACTION_ONLY,Fixed predeclared EPA/opportunity additive variant; no dynamic tuning.
GAUNTLET_093_ROLE_RB_TOUCH_ROLE_REPORT__PLUS_EPA_TOTAL_PCT05,GAUNTLET_093_ROLE_RB_TOUCH_ROLE_REPORT,C07,role_archetype_rb_touch_role_report,nflverse_epa_opportunity,epa_total_raw_pct,RB,2013|2014|2015|2016|2017|2018|2019|2020|2021|2022|2023|2024|2025,1389,25.2%,74.8%,0.643,,0.643,,,0.022,-0.112,-0.008,46.8%,58.7%,66.5%,candidate_fp=198;pyf_fp=207;delta=-9,candidate_fn=77;pyf_fn=86;delta=-9,rows=312;candidate_error=5.4%;pyf_error=6.4%,rows=312;candidate_error=5.4%;pyf_error=6.4%,older_late_rows=49;young_early_rows=817,high_role_rows=361;low_sparse_role_rows=439,2013:0.603;2014:0.519;2015:0.484;2016:0.511;2017:0.657;2018:0.628;2019:0.725;2020:0.595;2021:0.706;2022:0.726;2023:0.645;2024:0.754;2025:0.720,direction_stable_seasons=10/13,partial_coverage_not_full_2013_2025_comparable,INTERACTION_ONLY,Fixed predeclared EPA/opportunity additive variant; no dynamic tuning.
GAUNTLET_093_ROLE_RB_TOUCH_ROLE_REPORT__PLUS_EPA_TOTAL_PCT10,GAUNTLET_093_ROLE_RB_TOUCH_ROLE_REPORT,C07,role_archetype_rb_touch_role_report,nflverse_epa_opportunity,epa_total_raw_pct,RB,2013|2014|2015|2016|2017|2018|2019|2020|2021|2022|2023|2024|2025,1389,25.2%,74.8%,0.643,,0.643,,,0.022,-0.112,-0.008,45.5%,59.6%,66.7%,candidate_fp=200;pyf_fp=207;delta=-7,candidate_fn=79;pyf_fn=86;delta=-7,rows=312;candidate_error=5.4%;pyf_error=6.4%,rows=312;candidate_error=5.4%;pyf_error=6.4%,older_late_rows=49;young_early_rows=817,high_role_rows=361;low_sparse_role_rows=439,2013:0.608;2014:0.511;2015:0.479;2016:0.513;2017:0.657;2018:0.632;2019:0.720;2020:0.588;2021:0.711;2022:0.726;2023:0.656;2024:0.748;2025:0.713,direction_stable_seasons=10/13,partial_coverage_not_full_2013_2025_comparable,INTERACTION_ONLY,Fixed predeclared EPA/opportunity additive variant; no dynamic tuning.
GAUNTLET_093_ROLE_RB_TOUCH_ROLE_REPORT__PLUS_EPA_PER_OPPORTUNITY_PCT05,GAUNTLET_093_ROLE_RB_TOUCH_ROLE_REPORT,C07,role_archetype_rb_touch_role_report,nflverse_epa_opportunity,epa_per_opportunity_pct,RB,2013|2014|2015|2016|2017|2018|2019|2020|2021|2022|2023|2024|2025,1389,25.2%,74.8%,0.642,,0.642,,,0.021,-0.113,-0.009,45.5%,57.7%,66.5%,candidate_fp=197;pyf_fp=207;delta=-10,candidate_fn=76;pyf_fn=86;delta=-10,rows=312;candidate_error=5.4%;pyf_error=6.4%,rows=312;candidate_error=5.4%;pyf_error=6.4%,older_late_rows=49;young_early_rows=817,high_role_rows=361;low_sparse_role_rows=439,2013:0.603;2014:0.518;2015:0.484;2016:0.510;2017:0.655;2018:0.630;2019:0.725;2020:0.591;2021:0.703;2022:0.724;2023:0.645;2024:0.756;2025:0.719,direction_stable_seasons=10/13,partial_coverage_not_full_2013_2025_comparable,INTERACTION_ONLY,Fixed predeclared EPA/opportunity additive variant; no dynamic tuning.
GAUNTLET_093_ROLE_RB_TOUCH_ROLE_REPORT__PLUS_EPA_SUCCESS_PCT05,GAUNTLET_093_ROLE_RB_TOUCH_ROLE_REPORT,C07,role_archetype_rb_touch_role_report,nflverse_epa_opportunity,epa_success_rate_pct,RB,2013|2014|2015|2016|2017|2018|2019|2020|2021|2022|2023|2024|2025,1389,25.2%,74.8%,0.641,,0.641,,,0.020,-0.114,-0.010,46.2%,58.7%,66.2%,candidate_fp=199;pyf_fp=207;delta=-8,candidate_fn=78;pyf_fn=86;delta=-8,rows=312;candidate_error=5.8%;pyf_error=6.4%,rows=312;candidate_error=5.8%;pyf_error=6.4%,older_late_rows=49;young_early_rows=817,high_role_rows=361;low_sparse_role_rows=439,2013:0.604;2014:0.519;2015:0.482;2016:0.508;2017:0.655;2018:0.622;2019:0.724;2020:0.594;2021:0.703;2022:0.724;2023:0.644;2024:0.753;2025:0.722,direction_stable_seasons=10/13,partial_coverage_not_full_2013_2025_comparable,INTERACTION_ONLY,Fixed predeclared EPA/opportunity additive variant; no dynamic tuning.
GAUNTLET_102_HYBRID_RB_THREE_60_ROLE_AGE__PLUS_EPA_TOTAL_PCT05,GAUNTLET_102_HYBRID_RB_THREE_60_ROLE_AGE,C07,hybrid_rb_three_60_role_age,nflverse_epa_opportunity,epa_total_raw_pct,RB,2013|2014|2015|2016|2017|2018|2019|2020|2021|2022|2023|2024|2025,1389,25.2%,74.8%,0.644,,0.644,,,0.023,-0.111,-0.008,46.8%,59.0%,66.5%,candidate_fp=197;pyf_fp=207;delta=-10,candidate_fn=76;pyf_fn=86;delta=-10,rows=312;candidate_error=5.4%;pyf_error=6.4%,rows=312;candidate_error=5.4%;pyf_error=6.4%,older_late_rows=49;young_early_rows=817,high_role_rows=361;low_sparse_role_rows=439,2013:0.605;2014:0.520;2015:0.486;2016:0.511;2017:0.658;2018:0.631;2019:0.725;2020:0.595;2021:0.707;2022:0.726;2023:0.645;2024:0.755;2025:0.720,direction_stable_seasons=10/13,partial_coverage_not_full_2013_2025_comparable,INTERACTION_ONLY,Fixed predeclared EPA/opportunity additive variant; no dynamic tuning.
GAUNTLET_102_HYBRID_RB_THREE_60_ROLE_AGE__PLUS_EPA_TOTAL_PCT10,GAUNTLET_102_HYBRID_RB_THREE_60_ROLE_AGE,C07,hybrid_rb_three_60_role_age,nflverse_epa_opportunity,epa_total_raw_pct,RB,2013|2014|2015|2016|2017|2018|2019|2020|2021|2022|2023|2024|2025,1389,25.2%,74.8%,0.643,,0.643,,,0.022,-0.112,-0.008,46.2%,59.9%,66.7%,candidate_fp=199;pyf_fp=207;delta=-8,candidate_fn=78;pyf_fn=86;delta=-8,rows=312;candidate_error=5.4%;pyf_error=6.4%,rows=312;candidate_error=5.4%;pyf_error=6.4%,older_late_rows=49;young_early_rows=817,high_role_rows=361;low_sparse_role_rows=439,2013:0.608;2014:0.510;2015:0.480;2016:0.512;2017:0.657;2018:0.636;2019:0.720;2020:0.588;2021:0.711;2022:0.727;2023:0.656;2024:0.750;2025:0.713,direction_stable_seasons=10/13,partial_coverage_not_full_2013_2025_comparable,INTERACTION_ONLY,Fixed predeclared EPA/opportunity additive variant; no dynamic tuning.
GAUNTLET_102_HYBRID_RB_THREE_60_ROLE_AGE__PLUS_EPA_PER_OPPORTUNITY_PCT05,GAUNTLET_102_HYBRID_RB_THREE_60_ROLE_AGE,C07,hybrid_rb_three_60_role_age,nflverse_epa_opportunity,epa_per_opportunity_pct,RB,2013|2014|2015|2016|2017|2018|2019|2020|2021|2022|2023|2024|2025,1389,25.2%,74.8%,0.643,,0.643,,,0.022,-0.112,-0.009,45.5%,58.0%,66.5%,candidate_fp=197;pyf_fp=207;delta=-10,candidate_fn=76;pyf_fn=86;delta=-10,rows=312;candidate_error=5.4%;pyf_error=6.4%,rows=312;candidate_error=5.4%;pyf_error=6.4%,older_late_rows=49;young_early_rows=817,high_role_rows=361;low_sparse_role_rows=439,2013:0.603;2014:0.518;2015:0.486;2016:0.510;2017:0.655;2018:0.632;2019:0.725;2020:0.591;2021:0.704;2022:0.724;2023:0.645;2024:0.757;2025:0.719,direction_stable_seasons=10/13,partial_coverage_not_full_2013_2025_comparable,INTERACTION_ONLY,Fixed predeclared EPA/opportunity additive variant; no dynamic tuning.
GAUNTLET_102_HYBRID_RB_THREE_60_ROLE_AGE__PLUS_EPA_SUCCESS_PCT05,GAUNTLET_102_HYBRID_RB_THREE_60_ROLE_AGE,C07,hybrid_rb_three_60_role_age,nflverse_epa_opportunity,epa_success_rate_pct,RB,2013|2014|2015|2016|2017|2018|2019|2020|2021|2022|2023|2024|2025,1389,25.2%,74.8%,0.642,,0.642,,,0.021,-0.113,-0.010,46.2%,58.7%,66.2%,candidate_fp=199;pyf_fp=207;delta=-8,candidate_fn=78;pyf_fn=86;delta=-8,rows=312;candidate_error=5.8%;pyf_error=6.4%,rows=312;candidate_error=5.8%;pyf_error=6.4%,older_late_rows=49;young_early_rows=817,high_role_rows=361;low_sparse_role_rows=439,2013:0.605;2014:0.518;2015:0.484;2016:0.506;2017:0.654;2018:0.624;2019:0.724;2020:0.594;2021:0.703;2022:0.724;2023:0.644;2024:0.755;2025:0.722,direction_stable_seasons=10/13,partial_coverage_not_full_2013_2025_comparable,INTERACTION_ONLY,Fixed predeclared EPA/opportunity additive variant; no dynamic tuning.
GAUNTLET_044_RB_THREE_70_20_10__PLUS_EPA_TOTAL_PCT05,GAUNTLET_044_RB_THREE_70_20_10,C07,RB_only_three_year_0.70_0.20_0.10,nflverse_epa_opportunity,epa_total_raw_pct,RB,2013|2014|2015|2016|2017|2018|2019|2020|2021|2022|2023|2024|2025,1389,25.2%,74.8%,0.640,,0.640,,,0.019,-0.115,-0.010,44.2%,59.3%,66.0%,candidate_fp=200;pyf_fp=207;delta=-7,candidate_fn=79;pyf_fn=86;delta=-7,rows=312;candidate_error=6.4%;pyf_error=6.4%,rows=312;candidate_error=6.4%;pyf_error=6.4%,older_late_rows=49;young_early_rows=817,high_role_rows=361;low_sparse_role_rows=439,2013:0.603;2014:0.519;2015:0.468;2016:0.515;2017:0.664;2018:0.624;2019:0.712;2020:0.588;2021:0.691;2022:0.727;2023:0.654;2024:0.753;2025:0.721,direction_stable_seasons=10/13,partial_coverage_not_full_2013_2025_comparable,INTERACTION_ONLY,Fixed predeclared EPA/opportunity additive variant; no dynamic tuning.
GAUNTLET_044_RB_THREE_70_20_10__PLUS_EPA_TOTAL_PCT10,GAUNTLET_044_RB_THREE_70_20_10,C07,RB_only_three_year_0.70_0.20_0.10,nflverse_epa_opportunity,epa_total_raw_pct,RB,2013|2014|2015|2016|2017|2018|2019|2020|2021|2022|2023|2024|2025,1389,25.2%,74.8%,0.642,,0.642,,,0.021,-0.113,-0.008,43.6%,60.3%,66.0%,candidate_fp=199;pyf_fp=207;delta=-8,candidate_fn=78;pyf_fn=86;delta=-8,rows=312;candidate_error=6.4%;pyf_error=6.4%,rows=312;candidate_error=6.4%;pyf_error=6.4%,older_late_rows=49;young_early_rows=817,high_role_rows=361;low_sparse_role_rows=439,2013:0.608;2014:0.513;2015:0.466;2016:0.517;2017:0.667;2018:0.624;2019:0.709;2020:0.590;2021:0.700;2022:0.730;2023:0.662;2024:0.757;2025:0.716,direction_stable_seasons=10/13,partial_coverage_not_full_2013_2025_comparable,INTERACTION_ONLY,Fixed predeclared EPA/opportunity additive variant; no dynamic tuning.
GAUNTLET_044_RB_THREE_70_20_10__PLUS_EPA_PER_OPPORTUNITY_PCT05,GAUNTLET_044_RB_THREE_70_20_10,C07,RB_only_three_year_0.70_0.20_0.10,nflverse_epa_opportunity,epa_per_opportunity_pct,RB,2013|2014|2015|2016|2017|2018|2019|2020|2021|2022|2023|2024|2025,1389,25.2%,74.8%,0.641,,0.641,,,0.020,-0.114,-0.009,45.5%,58.7%,66.2%,candidate_fp=202;pyf_fp=207;delta=-5,candidate_fn=81;pyf_fn=86;delta=-5,rows=312;candidate_error=6.4%;pyf_error=6.4%,rows=312;candidate_error=6.4%;pyf_error=6.4%,older_late_rows=49;young_early_rows=817,high_role_rows=361;low_sparse_role_rows=439,2013:0.603;2014:0.519;2015:0.471;2016:0.516;2017:0.664;2018:0.628;2019:0.713;2020:0.589;2021:0.691;2022:0.728;2023:0.651;2024:0.755;2025:0.722,direction_stable_seasons=10/13,partial_coverage_not_full_2013_2025_comparable,INTERACTION_ONLY,Fixed predeclared EPA/opportunity additive variant; no dynamic tuning.
GAUNTLET_044_RB_THREE_70_20_10__PLUS_EPA_SUCCESS_PCT05,GAUNTLET_044_RB_THREE_70_20_10,C07,RB_only_three_year_0.70_0.20_0.10,nflverse_epa_opportunity,epa_success_rate_pct,RB,2013|2014|2015|2016|2017|2018|2019|2020|2021|2022|2023|2024|2025,1389,25.2%,74.8%,0.639,,0.639,,,0.018,-0.116,-0.011,44.2%,59.6%,66.7%,candidate_fp=202;pyf_fp=207;delta=-5,candidate_fn=81;pyf_fn=86;delta=-5,rows=312;candidate_error=6.1%;pyf_error=6.4%,rows=312;candidate_error=6.1%;pyf_error=6.4%,older_late_rows=49;young_early_rows=817,high_role_rows=361;low_sparse_role_rows=439,2013:0.604;2014:0.517;2015:0.470;2016:0.508;2017:0.664;2018:0.621;2019:0.710;2020:0.587;2021:0.690;2022:0.722;2023:0.652;2024:0.753;2025:0.726,direction_stable_seasons=10/13,partial_coverage_not_full_2013_2025_comparable,INTERACTION_ONLY,Fixed predeclared EPA/opportunity additive variant; no dynamic tuning.
REFINE_007_OVERALL_THREE_65_25_10_LATE_20__PLUS_EPA_TOTAL_PCT05,REFINE_007_OVERALL_THREE_65_25_10_LATE_20,C01_REFINED_CURRENT_BEST,overall_three_65_25_10_late_20,nflverse_epa_opportunity,epa_total_raw_pct,QB|RB|TE|WR,2013|2014|2015|2016|2017|2018|2019|2020|2021|2022|2023|2024|2025,5360,97.1%,2.9%,0.747,0.734,0.640,0.695,0.708,0.015,-0.008,-0.007,50.0%,67.4%,71.1%,candidate_fp=551;pyf_fp=573;delta=-22,candidate_fn=331;pyf_fn=353;delta=-22,rows=1321;candidate_error=3.4%;pyf_error=3.6%,rows=1321;candidate_error=3.4%;pyf_error=3.6%,older_late_rows=464;young_early_rows=2748,high_role_rows=1405;low_sparse_role_rows=1685,2013:0.692;2014:0.733;2015:0.680;2016:0.683;2017:0.740;2018:0.730;2019:0.740;2020:0.739;2021:0.756;2022:0.802;2023:0.790;2024:0.777;2025:0.788,direction_stable_seasons=12/13,partial_coverage_not_full_2013_2025_comparable,ADDITIVE_CANDIDATE,Fixed predeclared EPA/opportunity additive variant; no dynamic tuning.
REFINE_007_OVERALL_THREE_65_25_10_LATE_20__PLUS_EPA_TOTAL_PCT10,REFINE_007_OVERALL_THREE_65_25_10_LATE_20,C01_REFINED_CURRENT_BEST,overall_three_65_25_10_late_20,nflverse_epa_opportunity,epa_total_raw_pct,QB|RB|TE|WR,2013|2014|2015|2016|2017|2018|2019|2020|2021|2022|2023|2024|2025,5360,97.1%,2.9%,0.747,0.736,0.641,0.695,0.703,0.015,-0.008,-0.008,50.0%,67.9%,71.0%,candidate_fp=554;pyf_fp=573;delta=-19,candidate_fn=334;pyf_fn=353;delta=-19,rows=1321;candidate_error=3.4%;pyf_error=3.6%,rows=1321;candidate_error=3.4%;pyf_error=3.6%,older_late_rows=464;young_early_rows=2748,high_role_rows=1405;low_sparse_role_rows=1685,2013:0.693;2014:0.733;2015:0.675;2016:0.682;2017:0.741;2018:0.731;2019:0.742;2020:0.740;2021:0.757;2022:0.803;2023:0.789;2024:0.776;2025:0.784,direction_stable_seasons=11/13,partial_coverage_not_full_2013_2025_comparable,ADDITIVE_CANDIDATE,Fixed predeclared EPA/opportunity additive variant; no dynamic tuning.
REFINE_007_OVERALL_THREE_65_25_10_LATE_20__PLUS_EPA_PER_OPPORTUNITY_PCT05,REFINE_007_OVERALL_THREE_65_25_10_LATE_20,C01_REFINED_CURRENT_BEST,overall_three_65_25_10_late_20,nflverse_epa_opportunity,epa_per_opportunity_pct,QB|RB|TE|WR,2013|2014|2015|2016|2017|2018|2019|2020|2021|2022|2023|2024|2025,5360,97.1%,2.9%,0.747,0.733,0.640,0.693,0.707,0.014,-0.008,-0.008,49.7%,67.3%,71.0%,candidate_fp=552;pyf_fp=573;delta=-21,candidate_fn=332;pyf_fn=353;delta=-21,rows=1321;candidate_error=3.4%;pyf_error=3.6%,rows=1321;candidate_error=3.4%;pyf_error=3.6%,older_late_rows=464;young_early_rows=2748,high_role_rows=1405;low_sparse_role_rows=1685,2013:0.691;2014:0.732;2015:0.680;2016:0.681;2017:0.740;2018:0.731;2019:0.740;2020:0.738;2021:0.755;2022:0.802;2023:0.788;2024:0.776;2025:0.788,direction_stable_seasons=11/13,partial_coverage_not_full_2013_2025_comparable,ADDITIVE_CANDIDATE,Fixed predeclared EPA/opportunity additive variant; no dynamic tuning.
REFINE_007_OVERALL_THREE_65_25_10_LATE_20__PLUS_EPA_SUCCESS_PCT05,REFINE_007_OVERALL_THREE_65_25_10_LATE_20,C01_REFINED_CURRENT_BEST,overall_three_65_25_10_late_20,nflverse_epa_opportunity,epa_success_rate_pct,QB|RB|TE|WR,2013|2014|2015|2016|2017|2018|2019|2020|2021|2022|2023|2024|2025,5360,97.1%,2.9%,0.746,0.732,0.640,0.692,0.706,0.013,-0.009,-0.009,50.0%,67.3%,71.0%,candidate_fp=552;pyf_fp=573;delta=-21,candidate_fn=332;pyf_fn=353;delta=-21,rows=1321;candidate_error=3.5%;pyf_error=3.6%,rows=1321;candidate_error=3.5%;pyf_error=3.6%,older_late_rows=464;young_early_rows=2748,high_role_rows=1405;low_sparse_role_rows=1685,2013:0.690;2014:0.733;2015:0.679;2016:0.680;2017:0.739;2018:0.728;2019:0.740;2020:0.740;2021:0.755;2022:0.801;2023:0.786;2024:0.775;2025:0.787,direction_stable_seasons=11/13,partial_coverage_not_full_2013_2025_comparable,ADDITIVE_CANDIDATE,Fixed predeclared EPA/opportunity additive variant; no dynamic tuning.
GAUNTLET_081_DECLINE_SMALL_LATE_GUARD_THREE__PLUS_EPA_FFOP_PCT05_05,GAUNTLET_081_DECLINE_SMALL_LATE_GUARD_THREE,C01,prior_decline_small_late_guard_three,nflverse_epa_opportunity+prior_v2_sidecars,nflverse_epa_epa_total_raw_pct|ffop_ffop_xfp_total_pct,QB|RB|TE|WR,2022|2023|2024|2025,1736,31.5%,68.5%,0.789,0.700,0.711,0.737,0.756,0.011,0.034,0.035,47.4%,68.8%,75.2%,candidate_fp=161;pyf_fp=167;delta=-6,candidate_fn=91;pyf_fn=97;delta=-6,rows=433;candidate_error=2.3%;pyf_error=2.5%,rows=433;candidate_error=2.3%;pyf_error=2.5%,older_late_rows=129;young_early_rows=857,high_role_rows=456;low_sparse_role_rows=539,2022:0.801;2023:0.786;2024:0.778;2025:0.789,direction_stable_seasons=4/4,partial_coverage_not_full_2013_2025_comparable,INTERACTION_ONLY,Bounded predeclared EPA plus prior V2 sidecar combination; partial-window caveats apply where prior sidecars are required.
GAUNTLET_081_DECLINE_SMALL_LATE_GUARD_THREE__PLUS_EPA_NGS_PCT05_05,GAUNTLET_081_DECLINE_SMALL_LATE_GUARD_THREE,C01,prior_decline_small_late_guard_three,nflverse_epa_opportunity+prior_v2_sidecars,nflverse_epa_epa_total_raw_pct|ngs_ngs_position_signal_raw_pct,QB|RB|TE|WR,2022|2023|2024|2025,944,17.1%,82.9%,0.752,0.672,0.659,0.693,0.711,0.019,-0.003,-0.003,46.1%,68.6%,74.1%,candidate_fp=127;pyf_fp=130;delta=-3,candidate_fn=62;pyf_fn=65;delta=-3,rows=128;candidate_error=4.7%;pyf_error=5.5%,rows=128;candidate_error=4.7%;pyf_error=5.5%,older_late_rows=74;young_early_rows=431,high_role_rows=347;low_sparse_role_rows=135,2022:0.796;2023:0.729;2024:0.738;2025:0.626,direction_stable_seasons=3/4,partial_coverage_not_full_2013_2025_comparable,INTERACTION_ONLY,Bounded predeclared EPA plus prior V2 sidecar combination; partial-window caveats apply where prior sidecars are required.
GAUNTLET_081_DECLINE_SMALL_LATE_GUARD_THREE__PLUS_EPA_FFOP_NGS_PCT04_04_02,GAUNTLET_081_DECLINE_SMALL_LATE_GUARD_THREE,C01,prior_decline_small_late_guard_three,nflverse_epa_opportunity+prior_v2_sidecars,nflverse_epa_epa_total_raw_pct|ffop_ffop_xfp_total_pct|ngs_ngs_position_signal_raw_pct,QB|RB|TE|WR,2022|2023|2024|2025,943,17.1%,82.9%,0.750,0.674,0.652,0.692,0.711,0.017,-0.005,-0.005,46.1%,68.6%,74.5%,candidate_fp=126;pyf_fp=130;delta=-4,candidate_fn=61;pyf_fn=65;delta=-4,rows=128;candidate_error=4.7%;pyf_error=5.5%,rows=128;candidate_error=4.7%;pyf_error=5.5%,older_late_rows=74;young_early_rows=431,high_role_rows=347;low_sparse_role_rows=135,2022:0.793;2023:0.727;2024:0.737;2025:0.626,direction_stable_seasons=3/4,partial_coverage_not_full_2013_2025_comparable,INTERACTION_ONLY,Bounded predeclared EPA plus prior V2 sidecar combination; partial-window caveats apply where prior sidecars are required.
GAUNTLET_082_DECLINE_SMALL_HIGH_VOLUME_LATE_GUARD__PLUS_EPA_FFOP_PCT05_05,GAUNTLET_082_DECLINE_SMALL_HIGH_VOLUME_LATE_GUARD,C01,prior_decline_small_high_volume_late_guard,nflverse_epa_opportunity+prior_v2_sidecars,nflverse_epa_epa_total_raw_pct|ffop_ffop_xfp_total_pct,QB|RB|TE|WR,2022|2023|2024|2025,1736,31.5%,68.5%,0.789,0.701,0.711,0.737,0.755,0.011,0.034,0.035,47.9%,68.8%,75.2%,candidate_fp=161;pyf_fp=167;delta=-6,candidate_fn=91;pyf_fn=97;delta=-6,rows=433;candidate_error=2.3%;pyf_error=2.5%,rows=433;candidate_error=2.3%;pyf_error=2.5%,older_late_rows=129;young_early_rows=857,high_role_rows=456;low_sparse_role_rows=539,2022:0.802;2023:0.786;2024:0.778;2025:0.789,direction_stable_seasons=4/4,partial_coverage_not_full_2013_2025_comparable,INTERACTION_ONLY,Bounded predeclared EPA plus prior V2 sidecar combination; partial-window caveats apply where prior sidecars are required.
GAUNTLET_082_DECLINE_SMALL_HIGH_VOLUME_LATE_GUARD__PLUS_EPA_NGS_PCT05_05,GAUNTLET_082_DECLINE_SMALL_HIGH_VOLUME_LATE_GUARD,C01,prior_decline_small_high_volume_late_guard,nflverse_epa_opportunity+prior_v2_sidecars,nflverse_epa_epa_total_raw_pct|ngs_ngs_position_signal_raw_pct,QB|RB|TE|WR,2022|2023|2024|2025,944,17.1%,82.9%,0.752,0.674,0.659,0.694,0.711,0.019,-0.003,-0.003,46.7%,68.6%,74.1%,candidate_fp=127;pyf_fp=130;delta=-3,candidate_fn=62;pyf_fn=65;delta=-3,rows=128;candidate_error=4.7%;pyf_error=5.5%,rows=128;candidate_error=4.7%;pyf_error=5.5%,older_late_rows=74;young_early_rows=431,high_role_rows=347;low_sparse_role_rows=135,2022:0.797;2023:0.729;2024:0.738;2025:0.626,direction_stable_seasons=3/4,partial_coverage_not_full_2013_2025_comparable,INTERACTION_ONLY,Bounded predeclared EPA plus prior V2 sidecar combination; partial-window caveats apply where prior sidecars are required.
GAUNTLET_082_DECLINE_SMALL_HIGH_VOLUME_LATE_GUARD__PLUS_EPA_FFOP_NGS_PCT04_04_02,GAUNTLET_082_DECLINE_SMALL_HIGH_VOLUME_LATE_GUARD,C01,prior_decline_small_high_volume_late_guard,nflverse_epa_opportunity+prior_v2_sidecars,nflverse_epa_epa_total_raw_pct|ffop_ffop_xfp_total_pct|ngs_ngs_position_signal_raw_pct,QB|RB|TE|WR,2022|2023|2024|2025,943,17.1%,82.9%,0.750,0.675,0.652,0.692,0.712,0.018,-0.005,-0.004,46.7%,68.6%,74.5%,candidate_fp=126;pyf_fp=130;delta=-4,candidate_fn=61;pyf_fn=65;delta=-4,rows=128;candidate_error=4.7%;pyf_error=5.5%,rows=128;candidate_error=4.7%;pyf_error=5.5%,older_late_rows=74;young_early_rows=431,high_role_rows=347;low_sparse_role_rows=135,2022:0.795;2023:0.727;2024:0.737;2025:0.626,direction_stable_seasons=3/4,partial_coverage_not_full_2013_2025_comparable,INTERACTION_ONLY,Bounded predeclared EPA plus prior V2 sidecar combination; partial-window caveats apply where prior sidecars are required.
GAUNTLET_083_DECLINE_DECLINE_COMBO_GUARD__PLUS_EPA_FFOP_PCT05_05,GAUNTLET_083_DECLINE_DECLINE_COMBO_GUARD,C01,prior_decline_decline_combo_guard,nflverse_epa_opportunity+prior_v2_sidecars,nflverse_epa_epa_total_raw_pct|ffop_ffop_xfp_total_pct,QB|RB|TE|WR,2022|2023|2024|2025,1736,31.5%,68.5%,0.789,0.699,0.711,0.738,0.755,0.010,0.034,0.034,46.4%,68.8%,75.2%,candidate_fp=162;pyf_fp=167;delta=-5,candidate_fn=92;pyf_fn=97;delta=-5,rows=433;candidate_error=2.1%;pyf_error=2.5%,rows=433;candidate_error=2.1%;pyf_error=2.5%,older_late_rows=129;young_early_rows=857,high_role_rows=456;low_sparse_role_rows=539,2022:0.801;2023:0.789;2024:0.776;2025:0.789,direction_stable_seasons=4/4,partial_coverage_not_full_2013_2025_comparable,INTERACTION_ONLY,Bounded predeclared EPA plus prior V2 sidecar combination; partial-window caveats apply where prior sidecars are required.
GAUNTLET_083_DECLINE_DECLINE_COMBO_GUARD__PLUS_EPA_NGS_PCT05_05,GAUNTLET_083_DECLINE_DECLINE_COMBO_GUARD,C01,prior_decline_decline_combo_guard,nflverse_epa_opportunity+prior_v2_sidecars,nflverse_epa_epa_total_raw_pct|ngs_ngs_position_signal_raw_pct,QB|RB|TE|WR,2022|2023|2024|2025,944,17.1%,82.9%,0.753,0.677,0.661,0.695,0.710,0.021,-0.002,-0.001,46.7%,69.3%,73.4%,candidate_fp=126;pyf_fp=130;delta=-4,candidate_fn=61;pyf_fn=65;delta=-4,rows=128;candidate_error=4.7%;pyf_error=5.5%,rows=128;candidate_error=4.7%;pyf_error=5.5%,older_late_rows=74;young_early_rows=431,high_role_rows=347;low_sparse_role_rows=135,2022:0.797;2023:0.734;2024:0.737;2025:0.626,direction_stable_seasons=3/4,partial_coverage_not_full_2013_2025_comparable,INTERACTION_ONLY,Bounded predeclared EPA plus prior V2 sidecar combination; partial-window caveats apply where prior sidecars are required.
GAUNTLET_083_DECLINE_DECLINE_COMBO_GUARD__PLUS_EPA_FFOP_NGS_PCT04_04_02,GAUNTLET_083_DECLINE_DECLINE_COMBO_GUARD,C01,prior_decline_decline_combo_guard,nflverse_epa_opportunity+prior_v2_sidecars,nflverse_epa_epa_total_raw_pct|ffop_ffop_xfp_total_pct|ngs_ngs_position_signal_raw_pct,QB|RB|TE|WR,2022|2023|2024|2025,943,17.1%,82.9%,0.751,0.677,0.653,0.694,0.708,0.018,-0.004,-0.004,45.4%,68.6%,73.9%,candidate_fp=128;pyf_fp=130;delta=-2,candidate_fn=63;pyf_fn=65;delta=-2,rows=128;candidate_error=4.7%;pyf_error=5.5%,rows=128;candidate_error=4.7%;pyf_error=5.5%,older_late_rows=74;young_early_rows=431,high_role_rows=347;low_sparse_role_rows=135,2022:0.794;2023:0.730;2024:0.736;2025:0.626,direction_stable_seasons=3/4,partial_coverage_not_full_2013_2025_comparable,INTERACTION_ONLY,Bounded predeclared EPA plus prior V2 sidecar combination; partial-window caveats apply where prior sidecars are required.
GAUNTLET_103_HYBRID_WR_TE_THREE_65_ROLE_AGE__PLUS_EPA_FFOP_PCT05_05,GAUNTLET_103_HYBRID_WR_TE_THREE_65_ROLE_AGE,C02,hybrid_wr_te_three_65_role_age,nflverse_epa_opportunity+prior_v2_sidecars,nflverse_epa_epa_total_raw_pct|ffop_ffop_xfp_total_pct,TE|WR,2022|2023|2024|2025,1056,19.1%,80.9%,0.781,,,0.738,0.754,0.005,0.026,0.032,43.8%,66.7%,73.6%,candidate_fp=90;pyf_fp=89;delta=1,candidate_fn=49;pyf_fn=48;delta=1,rows=226;candidate_error=1.8%;pyf_error=1.8%,rows=226;candidate_error=1.8%;pyf_error=1.8%,older_late_rows=62;young_early_rows=533,high_role_rows=278;low_sparse_role_rows=295,2022:0.787;2023:0.813;2024:0.757;2025:0.769,direction_stable_seasons=4/4,partial_coverage_not_full_2013_2025_comparable,INTERACTION_ONLY,Bounded predeclared EPA plus prior V2 sidecar combination; partial-window caveats apply where prior sidecars are required.
GAUNTLET_103_HYBRID_WR_TE_THREE_65_ROLE_AGE__PLUS_EPA_NGS_PCT05_05,GAUNTLET_103_HYBRID_WR_TE_THREE_65_ROLE_AGE,C02,hybrid_wr_te_three_65_role_age,nflverse_epa_opportunity+prior_v2_sidecars,nflverse_epa_epa_total_raw_pct|ngs_ngs_position_signal_raw_pct,TE|WR,2022|2023|2024|2025,554,10.0%,90.0%,0.759,,,0.693,0.710,0.016,0.004,0.010,47.4%,66.9%,72.7%,candidate_fp=69;pyf_fp=69;delta=0,candidate_fn=32;pyf_fn=32;delta=0,rows=42;candidate_error=7.1%;pyf_error=7.1%,rows=42;candidate_error=7.1%;pyf_error=7.1%,older_late_rows=34;young_early_rows=259,high_role_rows=209;low_sparse_role_rows=47,2022:0.776;2023:0.789;2024:0.732;2025:0.738,direction_stable_seasons=4/4,partial_coverage_not_full_2013_2025_comparable,INTERACTION_ONLY,Bounded predeclared EPA plus prior V2 sidecar combination; partial-window caveats apply where prior sidecars are required.
GAUNTLET_103_HYBRID_WR_TE_THREE_65_ROLE_AGE__PLUS_EPA_FFOP_NGS_PCT04_04_02,GAUNTLET_103_HYBRID_WR_TE_THREE_65_ROLE_AGE,C02,hybrid_wr_te_three_65_role_age,nflverse_epa_opportunity+prior_v2_sidecars,nflverse_epa_epa_total_raw_pct|ffop_ffop_xfp_total_pct|ngs_ngs_position_signal_raw_pct,TE|WR,2022|2023|2024|2025,554,10.0%,90.0%,0.759,,,0.694,0.707,0.016,0.004,0.010,46.1%,66.9%,72.7%,candidate_fp=70;pyf_fp=69;delta=1,candidate_fn=33;pyf_fn=32;delta=1,rows=42;candidate_error=7.1%;pyf_error=7.1%,rows=42;candidate_error=7.1%;pyf_error=7.1%,older_late_rows=34;young_early_rows=259,high_role_rows=209;low_sparse_role_rows=47,2022:0.774;2023:0.791;2024:0.731;2025:0.738,direction_stable_seasons=4/4,partial_coverage_not_full_2013_2025_comparable,INTERACTION_ONLY,Bounded predeclared EPA plus prior V2 sidecar combination; partial-window caveats apply where prior sidecars are required.
GAUNTLET_094_ROLE_WR_TE_TARGET_ROLE_REPORT__PLUS_EPA_FFOP_PCT05_05,GAUNTLET_094_ROLE_WR_TE_TARGET_ROLE_REPORT,C02,role_archetype_wr_te_target_role_report,nflverse_epa_opportunity+prior_v2_sidecars,nflverse_epa_epa_total_raw_pct|ffop_ffop_xfp_total_pct,TE|WR,2022|2023|2024|2025,1056,19.1%,80.9%,0.781,,,0.737,0.755,0.006,0.026,0.033,44.8%,66.7%,73.3%,candidate_fp=90;pyf_fp=89;delta=1,candidate_fn=49;pyf_fn=48;delta=1,rows=226;candidate_error=2.2%;pyf_error=1.8%,rows=226;candidate_error=2.2%;pyf_error=1.8%,older_late_rows=62;young_early_rows=533,high_role_rows=278;low_sparse_role_rows=295,2022:0.786;2023:0.811;2024:0.758;2025:0.770,direction_stable_seasons=4/4,partial_coverage_not_full_2013_2025_comparable,INTERACTION_ONLY,Bounded predeclared EPA plus prior V2 sidecar combination; partial-window caveats apply where prior sidecars are required.
GAUNTLET_094_ROLE_WR_TE_TARGET_ROLE_REPORT__PLUS_EPA_NGS_PCT05_05,GAUNTLET_094_ROLE_WR_TE_TARGET_ROLE_REPORT,C02,role_archetype_wr_te_target_role_report,nflverse_epa_opportunity+prior_v2_sidecars,nflverse_epa_epa_total_raw_pct|ngs_ngs_position_signal_raw_pct,TE|WR,2022|2023|2024|2025,554,10.0%,90.0%,0.759,,,0.693,0.711,0.016,0.004,0.011,47.4%,66.2%,73.6%,candidate_fp=69;pyf_fp=69;delta=0,candidate_fn=32;pyf_fn=32;delta=0,rows=42;candidate_error=7.1%;pyf_error=7.1%,rows=42;candidate_error=7.1%;pyf_error=7.1%,older_late_rows=34;young_early_rows=259,high_role_rows=209;low_sparse_role_rows=47,2022:0.776;2023:0.787;2024:0.735;2025:0.738,direction_stable_seasons=4/4,partial_coverage_not_full_2013_2025_comparable,INTERACTION_ONLY,Bounded predeclared EPA plus prior V2 sidecar combination; partial-window caveats apply where prior sidecars are required.
GAUNTLET_094_ROLE_WR_TE_TARGET_ROLE_REPORT__PLUS_EPA_FFOP_NGS_PCT04_04_02,GAUNTLET_094_ROLE_WR_TE_TARGET_ROLE_REPORT,C02,role_archetype_wr_te_target_role_report,nflverse_epa_opportunity+prior_v2_sidecars,nflverse_epa_epa_total_raw_pct|ffop_ffop_xfp_total_pct|ngs_ngs_position_signal_raw_pct,TE|WR,2022|2023|2024|2025,554,10.0%,90.0%,0.758,,,0.691,0.712,0.015,0.003,0.010,47.4%,67.6%,73.6%,candidate_fp=68;pyf_fp=69;delta=-1,candidate_fn=31;pyf_fn=32;delta=-1,rows=42;candidate_error=7.1%;pyf_error=7.1%,rows=42;candidate_error=7.1%;pyf_error=7.1%,older_late_rows=34;young_early_rows=259,high_role_rows=209;low_sparse_role_rows=47,2022:0.773;2023:0.787;2024:0.733;2025:0.738,direction_stable_seasons=4/4,partial_coverage_not_full_2013_2025_comparable,INTERACTION_ONLY,Bounded predeclared EPA plus prior V2 sidecar combination; partial-window caveats apply where prior sidecars are required.
GAUNTLET_039_QB_THREE_55_30_15__PLUS_EPA_FFOP_PCT05_05,GAUNTLET_039_QB_THREE_55_30_15,C03,QB_only_three_year_0.55_0.30_0.15,nflverse_epa_opportunity+prior_v2_sidecars,nflverse_epa_epa_total_raw_pct|ffop_ffop_xfp_total_pct,QB,2022|2023|2024|2025,252,4.6%,95.4%,0.704,0.704,,,,0.034,-0.051,-0.032,50.0%,76.0%,81.2%,candidate_fp=17;pyf_fp=19;delta=-2,candidate_fn=22;pyf_fn=24;delta=-2,rows=116;candidate_error=1.7%;pyf_error=1.7%,rows=116;candidate_error=1.7%;pyf_error=1.7%,older_late_rows=56;young_early_rows=81,high_role_rows=65;low_sparse_role_rows=118,2022:0.782;2023:0.602;2024:0.681;2025:0.738,direction_stable_seasons=3/4,partial_coverage_not_full_2013_2025_comparable,INTERACTION_ONLY,Bounded predeclared EPA plus prior V2 sidecar combination; partial-window caveats apply where prior sidecars are required.
GAUNTLET_039_QB_THREE_55_30_15__PLUS_EPA_NGS_PCT05_05,GAUNTLET_039_QB_THREE_55_30_15,C03,QB_only_three_year_0.55_0.30_0.15,nflverse_epa_opportunity+prior_v2_sidecars,nflverse_epa_epa_total_raw_pct|ngs_ngs_position_signal_raw_pct,QB,2022|2023|2024|2025,163,3.0%,97.0%,0.675,0.675,,,,0.023,-0.080,-0.061,47.4%,75.7%,79.1%,candidate_fp=15;pyf_fp=15;delta=0,candidate_fn=16;pyf_fn=16;delta=0,rows=61;candidate_error=1.6%;pyf_error=1.6%,rows=61;candidate_error=1.6%;pyf_error=1.6%,older_late_rows=33;young_early_rows=52,high_role_rows=51;low_sparse_role_rows=62,2022:0.741;2023:0.577;2024:0.680;2025:-1.000,direction_stable_seasons=2/4,partial_coverage_not_full_2013_2025_comparable,INTERACTION_ONLY,Bounded predeclared EPA plus prior V2 sidecar combination; partial-window caveats apply where prior sidecars are required.
GAUNTLET_039_QB_THREE_55_30_15__PLUS_EPA_FFOP_NGS_PCT04_04_02,GAUNTLET_039_QB_THREE_55_30_15,C03,QB_only_three_year_0.55_0.30_0.15,nflverse_epa_opportunity+prior_v2_sidecars,nflverse_epa_epa_total_raw_pct|ffop_ffop_xfp_total_pct|ngs_ngs_position_signal_raw_pct,QB,2022|2023|2024|2025,163,3.0%,97.0%,0.676,0.676,,,,0.023,-0.079,-0.060,47.4%,75.7%,79.1%,candidate_fp=15;pyf_fp=15;delta=0,candidate_fn=16;pyf_fn=16;delta=0,rows=61;candidate_error=1.6%;pyf_error=1.6%,rows=61;candidate_error=1.6%;pyf_error=1.6%,older_late_rows=33;young_early_rows=52,high_role_rows=51;low_sparse_role_rows=62,2022:0.743;2023:0.575;2024:0.684;2025:-1.000,direction_stable_seasons=2/4,partial_coverage_not_full_2013_2025_comparable,INTERACTION_ONLY,Bounded predeclared EPA plus prior V2 sidecar combination; partial-window caveats apply where prior sidecars are required.
GAUNTLET_101_HYBRID_QB_THREE_55_AGE_ROLE__PLUS_EPA_FFOP_PCT05_05,GAUNTLET_101_HYBRID_QB_THREE_55_AGE_ROLE,C03,hybrid_qb_three_55_age_role,nflverse_epa_opportunity+prior_v2_sidecars,nflverse_epa_epa_total_raw_pct|ffop_ffop_xfp_total_pct,QB,2022|2023|2024|2025,252,4.6%,95.4%,0.703,0.703,,,,0.033,-0.052,-0.033,50.0%,76.0%,81.2%,candidate_fp=17;pyf_fp=19;delta=-2,candidate_fn=22;pyf_fn=24;delta=-2,rows=116;candidate_error=1.7%;pyf_error=1.7%,rows=116;candidate_error=1.7%;pyf_error=1.7%,older_late_rows=56;young_early_rows=81,high_role_rows=65;low_sparse_role_rows=118,2022:0.782;2023:0.601;2024:0.684;2025:0.733,direction_stable_seasons=3/4,partial_coverage_not_full_2013_2025_comparable,INTERACTION_ONLY,Bounded predeclared EPA plus prior V2 sidecar combination; partial-window caveats apply where prior sidecars are required.
GAUNTLET_101_HYBRID_QB_THREE_55_AGE_ROLE__PLUS_EPA_NGS_PCT05_05,GAUNTLET_101_HYBRID_QB_THREE_55_AGE_ROLE,C03,hybrid_qb_three_55_age_role,nflverse_epa_opportunity+prior_v2_sidecars,nflverse_epa_epa_total_raw_pct|ngs_ngs_position_signal_raw_pct,QB,2022|2023|2024|2025,163,3.0%,97.0%,0.678,0.678,,,,0.025,-0.077,-0.058,47.4%,75.7%,80.0%,candidate_fp=15;pyf_fp=15;delta=0,candidate_fn=16;pyf_fn=16;delta=0,rows=61;candidate_error=1.6%;pyf_error=1.6%,rows=61;candidate_error=1.6%;pyf_error=1.6%,older_late_rows=33;young_early_rows=52,high_role_rows=51;low_sparse_role_rows=62,2022:0.745;2023:0.575;2024:0.686;2025:-1.000,direction_stable_seasons=2/4,partial_coverage_not_full_2013_2025_comparable,INTERACTION_ONLY,Bounded predeclared EPA plus prior V2 sidecar combination; partial-window caveats apply where prior sidecars are required.
GAUNTLET_101_HYBRID_QB_THREE_55_AGE_ROLE__PLUS_EPA_FFOP_NGS_PCT04_04_02,GAUNTLET_101_HYBRID_QB_THREE_55_AGE_ROLE,C03,hybrid_qb_three_55_age_role,nflverse_epa_opportunity+prior_v2_sidecars,nflverse_epa_epa_total_raw_pct|ffop_ffop_xfp_total_pct|ngs_ngs_position_signal_raw_pct,QB,2022|2023|2024|2025,163,3.0%,97.0%,0.677,0.677,,,,0.025,-0.078,-0.059,47.4%,75.7%,79.1%,candidate_fp=15;pyf_fp=15;delta=0,candidate_fn=16;pyf_fn=16;delta=0,rows=61;candidate_error=1.6%;pyf_error=1.6%,rows=61;candidate_error=1.6%;pyf_error=1.6%,older_late_rows=33;young_early_rows=52,high_role_rows=51;low_sparse_role_rows=62,2022:0.744;2023:0.573;2024:0.689;2025:-1.000,direction_stable_seasons=2/4,partial_coverage_not_full_2013_2025_comparable,INTERACTION_ONLY,Bounded predeclared EPA plus prior V2 sidecar combination; partial-window caveats apply where prior sidecars are required.
GAUNTLET_038_QB_THREE_60_30_10__PLUS_EPA_FFOP_PCT05_05,GAUNTLET_038_QB_THREE_60_30_10,C03,QB_only_three_year_0.60_0.30_0.10,nflverse_epa_opportunity+prior_v2_sidecars,nflverse_epa_epa_total_raw_pct|ffop_ffop_xfp_total_pct,QB,2022|2023|2024|2025,252,4.6%,95.4%,0.698,0.698,,,,0.028,-0.057,-0.037,47.9%,76.0%,79.9%,candidate_fp=17;pyf_fp=19;delta=-2,candidate_fn=22;pyf_fn=24;delta=-2,rows=116;candidate_error=1.7%;pyf_error=1.7%,rows=116;candidate_error=1.7%;pyf_error=1.7%,older_late_rows=56;young_early_rows=81,high_role_rows=65;low_sparse_role_rows=118,2022:0.774;2023:0.598;2024:0.672;2025:0.735,direction_stable_seasons=3/4,partial_coverage_not_full_2013_2025_comparable,INTERACTION_ONLY,Bounded predeclared EPA plus prior V2 sidecar combination; partial-window caveats apply where prior sidecars are required.
GAUNTLET_038_QB_THREE_60_30_10__PLUS_EPA_NGS_PCT05_05,GAUNTLET_038_QB_THREE_60_30_10,C03,QB_only_three_year_0.60_0.30_0.10,nflverse_epa_opportunity+prior_v2_sidecars,nflverse_epa_epa_total_raw_pct|ngs_ngs_position_signal_raw_pct,QB,2022|2023|2024|2025,163,3.0%,97.0%,0.672,0.672,,,,0.019,-0.083,-0.063,44.7%,75.7%,79.1%,candidate_fp=15;pyf_fp=15;delta=0,candidate_fn=16;pyf_fn=16;delta=0,rows=61;candidate_error=1.6%;pyf_error=1.6%,rows=61;candidate_error=1.6%;pyf_error=1.6%,older_late_rows=33;young_early_rows=52,high_role_rows=51;low_sparse_role_rows=62,2022:0.747;2023:0.565;2024:0.678;2025:-1.000,direction_stable_seasons=2/4,partial_coverage_not_full_2013_2025_comparable,INTERACTION_ONLY,Bounded predeclared EPA plus prior V2 sidecar combination; partial-window caveats apply where prior sidecars are required.
GAUNTLET_038_QB_THREE_60_30_10__PLUS_EPA_FFOP_NGS_PCT04_04_02,GAUNTLET_038_QB_THREE_60_30_10,C03,QB_only_three_year_0.60_0.30_0.10,nflverse_epa_opportunity+prior_v2_sidecars,nflverse_epa_epa_total_raw_pct|ffop_ffop_xfp_total_pct|ngs_ngs_position_signal_raw_pct,QB,2022|2023|2024|2025,163,3.0%,97.0%,0.674,0.674,,,,0.021,-0.081,-0.060,44.7%,75.7%,80.0%,candidate_fp=15;pyf_fp=15;delta=0,candidate_fn=16;pyf_fn=16;delta=0,rows=61;candidate_error=1.6%;pyf_error=1.6%,rows=61;candidate_error=1.6%;pyf_error=1.6%,older_late_rows=33;young_early_rows=52,high_role_rows=51;low_sparse_role_rows=62,2022:0.749;2023:0.568;2024:0.679;2025:-1.000,direction_stable_seasons=2/4,partial_coverage_not_full_2013_2025_comparable,INTERACTION_ONLY,Bounded predeclared EPA plus prior V2 sidecar combination; partial-window caveats apply where prior sidecars are required.
GAUNTLET_003_PRIOR_YEAR_PPG_BASELINE__PLUS_EPA_FFOP_PCT05_05,GAUNTLET_003_PRIOR_YEAR_PPG_BASELINE,C04,score=pyf_prior_nwr_ppg,nflverse_epa_opportunity+prior_v2_sidecars,nflverse_epa_epa_total_raw_pct|ffop_ffop_xfp_total_pct,QB|RB|TE|WR,2022|2023|2024|2025,1736,31.5%,68.5%,0.764,0.595,0.688,0.717,0.701,-0.015,0.009,0.031,47.9%,64.8%,71.9%,candidate_fp=173;pyf_fp=167;delta=6,candidate_fn=103;pyf_fn=97;delta=6,rows=433;candidate_error=4.6%;pyf_error=2.5%,rows=433;candidate_error=4.6%;pyf_error=2.5%,older_late_rows=129;young_early_rows=857,high_role_rows=456;low_sparse_role_rows=539,2022:0.774;2023:0.766;2024:0.746;2025:0.767,direction_stable_seasons=4/4,partial_coverage_not_full_2013_2025_comparable,DESCRIPTIVE_ONLY,Bounded predeclared EPA plus prior V2 sidecar combination; partial-window caveats apply where prior sidecars are required.
GAUNTLET_003_PRIOR_YEAR_PPG_BASELINE__PLUS_EPA_NGS_PCT05_05,GAUNTLET_003_PRIOR_YEAR_PPG_BASELINE,C04,score=pyf_prior_nwr_ppg,nflverse_epa_opportunity+prior_v2_sidecars,nflverse_epa_epa_total_raw_pct|ngs_ngs_position_signal_raw_pct,QB|RB|TE|WR,2022|2023|2024|2025,944,17.1%,82.9%,0.711,0.580,0.620,0.670,0.613,-0.022,-0.044,-0.022,47.4%,64.2%,70.2%,candidate_fp=134;pyf_fp=130;delta=4,candidate_fn=69;pyf_fn=65;delta=4,rows=128;candidate_error=12.5%;pyf_error=5.5%,rows=128;candidate_error=12.5%;pyf_error=5.5%,older_late_rows=74;young_early_rows=431,high_role_rows=347;low_sparse_role_rows=135,2022:0.757;2023:0.693;2024:0.689;2025:0.052,direction_stable_seasons=3/4,partial_coverage_not_full_2013_2025_comparable,DESCRIPTIVE_ONLY,Bounded predeclared EPA plus prior V2 sidecar combination; partial-window caveats apply where prior sidecars are required.
GAUNTLET_003_PRIOR_YEAR_PPG_BASELINE__PLUS_EPA_FFOP_NGS_PCT04_04_02,GAUNTLET_003_PRIOR_YEAR_PPG_BASELINE,C04,score=pyf_prior_nwr_ppg,nflverse_epa_opportunity+prior_v2_sidecars,nflverse_epa_epa_total_raw_pct|ffop_ffop_xfp_total_pct|ngs_ngs_position_signal_raw_pct,QB|RB|TE|WR,2022|2023|2024|2025,943,17.1%,82.9%,0.714,0.588,0.628,0.671,0.620,-0.019,-0.041,-0.019,48.0%,64.9%,71.1%,candidate_fp=133;pyf_fp=130;delta=3,candidate_fn=68;pyf_fn=65;delta=3,rows=128;candidate_error=10.9%;pyf_error=5.5%,rows=128;candidate_error=10.9%;pyf_error=5.5%,older_late_rows=74;young_early_rows=431,high_role_rows=347;low_sparse_role_rows=135,2022:0.756;2023:0.700;2024:0.692;2025:0.365,direction_stable_seasons=3/4,partial_coverage_not_full_2013_2025_comparable,DESCRIPTIVE_ONLY,Bounded predeclared EPA plus prior V2 sidecar combination; partial-window caveats apply where prior sidecars are required.
GAUNTLET_057_TE_THREE_75_20_5__PLUS_EPA_FFOP_PCT05_05,GAUNTLET_057_TE_THREE_75_20_5,C05,TE_only_three_year_0.75_0.20_0.05,nflverse_epa_opportunity+prior_v2_sidecars,nflverse_epa_epa_total_raw_pct|ffop_ffop_xfp_total_pct,TE,2022|2023|2024|2025,378,6.9%,93.1%,0.753,,,,0.753,0.011,-0.002,0.034,47.9%,72.9%,74.3%,candidate_fp=26;pyf_fp=24;delta=2,candidate_fn=20;pyf_fn=18;delta=2,rows=95;candidate_error=1.1%;pyf_error=1.1%,rows=95;candidate_error=1.1%;pyf_error=1.1%,older_late_rows=22;young_early_rows=187,high_role_rows=102;low_sparse_role_rows=114,2022:0.741;2023:0.757;2024:0.702;2025:0.796,direction_stable_seasons=4/4,partial_coverage_not_full_2013_2025_comparable,INTERACTION_ONLY,Bounded predeclared EPA plus prior V2 sidecar combination; partial-window caveats apply where prior sidecars are required.
GAUNTLET_057_TE_THREE_75_20_5__PLUS_EPA_NGS_PCT05_05,GAUNTLET_057_TE_THREE_75_20_5,C05,TE_only_three_year_0.75_0.20_0.05,nflverse_epa_opportunity+prior_v2_sidecars,nflverse_epa_epa_total_raw_pct|ngs_ngs_position_signal_raw_pct,TE,2022|2023|2024|2025,168,3.0%,97.0%,0.698,,,,0.698,0.024,-0.057,-0.020,48.6%,71.2%,73.4%,candidate_fp=20;pyf_fp=19;delta=1,candidate_fn=14;pyf_fn=13;delta=1,rows=13;candidate_error=7.7%;pyf_error=7.7%,rows=13;candidate_error=7.7%;pyf_error=7.7%,older_late_rows=9;young_early_rows=73,high_role_rows=76;low_sparse_role_rows=13,2022:0.757;2023:0.681;2024:0.677,direction_stable_seasons=3/3,partial_coverage_not_full_2013_2025_comparable,INTERACTION_ONLY,Bounded predeclared EPA plus prior V2 sidecar combination; partial-window caveats apply where prior sidecars are required.
GAUNTLET_057_TE_THREE_75_20_5__PLUS_EPA_FFOP_NGS_PCT04_04_02,GAUNTLET_057_TE_THREE_75_20_5,C05,TE_only_three_year_0.75_0.20_0.05,nflverse_epa_opportunity+prior_v2_sidecars,nflverse_epa_epa_total_raw_pct|ffop_ffop_xfp_total_pct|ngs_ngs_position_signal_raw_pct,TE,2022|2023|2024|2025,168,3.0%,97.0%,0.700,,,,0.700,0.026,-0.055,-0.019,48.6%,72.6%,71.6%,candidate_fp=20;pyf_fp=19;delta=1,candidate_fn=14;pyf_fn=13;delta=1,rows=13;candidate_error=7.7%;pyf_error=7.7%,rows=13;candidate_error=7.7%;pyf_error=7.7%,older_late_rows=9;young_early_rows=73,high_role_rows=76;low_sparse_role_rows=13,2022:0.762;2023:0.684;2024:0.675,direction_stable_seasons=3/3,partial_coverage_not_full_2013_2025_comparable,INTERACTION_ONLY,Bounded predeclared EPA plus prior V2 sidecar combination; partial-window caveats apply where prior sidecars are required.
GAUNTLET_058_TE_THREE_70_20_10__PLUS_EPA_FFOP_PCT05_05,GAUNTLET_058_TE_THREE_70_20_10,C05,TE_only_three_year_0.70_0.20_0.10,nflverse_epa_opportunity+prior_v2_sidecars,nflverse_epa_epa_total_raw_pct|ffop_ffop_xfp_total_pct,TE,2022|2023|2024|2025,378,6.9%,93.1%,0.754,,,,0.754,0.012,-0.001,0.035,47.9%,72.9%,75.7%,candidate_fp=26;pyf_fp=24;delta=2,candidate_fn=20;pyf_fn=18;delta=2,rows=95;candidate_error=1.1%;pyf_error=1.1%,rows=95;candidate_error=1.1%;pyf_error=1.1%,older_late_rows=22;young_early_rows=187,high_role_rows=102;low_sparse_role_rows=114,2022:0.737;2023:0.763;2024:0.700;2025:0.800,direction_stable_seasons=4/4,partial_coverage_not_full_2013_2025_comparable,INTERACTION_ONLY,Bounded predeclared EPA plus prior V2 sidecar combination; partial-window caveats apply where prior sidecars are required.
GAUNTLET_058_TE_THREE_70_20_10__PLUS_EPA_NGS_PCT05_05,GAUNTLET_058_TE_THREE_70_20_10,C05,TE_only_three_year_0.70_0.20_0.10,nflverse_epa_opportunity+prior_v2_sidecars,nflverse_epa_epa_total_raw_pct|ngs_ngs_position_signal_raw_pct,TE,2022|2023|2024|2025,168,3.0%,97.0%,0.709,,,,0.709,0.035,-0.046,-0.010,48.6%,71.2%,73.4%,candidate_fp=20;pyf_fp=19;delta=1,candidate_fn=14;pyf_fn=13;delta=1,rows=13;candidate_error=7.7%;pyf_error=7.7%,rows=13;candidate_error=7.7%;pyf_error=7.7%,older_late_rows=9;young_early_rows=73,high_role_rows=76;low_sparse_role_rows=13,2022:0.757;2023:0.696;2024:0.692,direction_stable_seasons=3/3,partial_coverage_not_full_2013_2025_comparable,INTERACTION_ONLY,Bounded predeclared EPA plus prior V2 sidecar combination; partial-window caveats apply where prior sidecars are required.
GAUNTLET_058_TE_THREE_70_20_10__PLUS_EPA_FFOP_NGS_PCT04_04_02,GAUNTLET_058_TE_THREE_70_20_10,C05,TE_only_three_year_0.70_0.20_0.10,nflverse_epa_opportunity+prior_v2_sidecars,nflverse_epa_epa_total_raw_pct|ffop_ffop_xfp_total_pct|ngs_ngs_position_signal_raw_pct,TE,2022|2023|2024|2025,168,3.0%,97.0%,0.706,,,,0.706,0.032,-0.049,-0.013,48.6%,72.6%,72.5%,candidate_fp=20;pyf_fp=19;delta=1,candidate_fn=14;pyf_fn=13;delta=1,rows=13;candidate_error=7.7%;pyf_error=7.7%,rows=13;candidate_error=7.7%;pyf_error=7.7%,older_late_rows=9;young_early_rows=73,high_role_rows=76;low_sparse_role_rows=13,2022:0.758;2023:0.697;2024:0.682,direction_stable_seasons=3/3,partial_coverage_not_full_2013_2025_comparable,INTERACTION_ONLY,Bounded predeclared EPA plus prior V2 sidecar combination; partial-window caveats apply where prior sidecars are required.
GAUNTLET_059_TE_THREE_65_25_10__PLUS_EPA_FFOP_PCT05_05,GAUNTLET_059_TE_THREE_65_25_10,C05,TE_only_three_year_0.65_0.25_0.10,nflverse_epa_opportunity+prior_v2_sidecars,nflverse_epa_epa_total_raw_pct|ffop_ffop_xfp_total_pct,TE,2022|2023|2024|2025,378,6.9%,93.1%,0.755,,,,0.755,0.013,-0.000,0.036,43.8%,72.9%,75.7%,candidate_fp=28;pyf_fp=24;delta=4,candidate_fn=22;pyf_fn=18;delta=4,rows=95;candidate_error=1.1%;pyf_error=1.1%,rows=95;candidate_error=1.1%;pyf_error=1.1%,older_late_rows=22;young_early_rows=187,high_role_rows=102;low_sparse_role_rows=114,2022:0.737;2023:0.765;2024:0.698;2025:0.803,direction_stable_seasons=4/4,partial_coverage_not_full_2013_2025_comparable,INTERACTION_ONLY,Bounded predeclared EPA plus prior V2 sidecar combination; partial-window caveats apply where prior sidecars are required.
GAUNTLET_059_TE_THREE_65_25_10__PLUS_EPA_NGS_PCT05_05,GAUNTLET_059_TE_THREE_65_25_10,C05,TE_only_three_year_0.65_0.25_0.10,nflverse_epa_opportunity+prior_v2_sidecars,nflverse_epa_epa_total_raw_pct|ngs_ngs_position_signal_raw_pct,TE,2022|2023|2024|2025,168,3.0%,97.0%,0.710,,,,0.710,0.036,-0.045,-0.008,45.9%,71.2%,72.5%,candidate_fp=21;pyf_fp=19;delta=2,candidate_fn=15;pyf_fn=13;delta=2,rows=13;candidate_error=7.7%;pyf_error=7.7%,rows=13;candidate_error=7.7%;pyf_error=7.7%,older_late_rows=9;young_early_rows=73,high_role_rows=76;low_sparse_role_rows=13,2022:0.759;2023:0.694;2024:0.695,direction_stable_seasons=3/3,partial_coverage_not_full_2013_2025_comparable,INTERACTION_ONLY,Bounded predeclared EPA plus prior V2 sidecar combination; partial-window caveats apply where prior sidecars are required.
GAUNTLET_059_TE_THREE_65_25_10__PLUS_EPA_FFOP_NGS_PCT04_04_02,GAUNTLET_059_TE_THREE_65_25_10,C05,TE_only_three_year_0.65_0.25_0.10,nflverse_epa_opportunity+prior_v2_sidecars,nflverse_epa_epa_total_raw_pct|ffop_ffop_xfp_total_pct|ngs_ngs_position_signal_raw_pct,TE,2022|2023|2024|2025,168,3.0%,97.0%,0.708,,,,0.708,0.033,-0.047,-0.011,43.2%,71.2%,72.5%,candidate_fp=22;pyf_fp=19;delta=3,candidate_fn=16;pyf_fn=13;delta=3,rows=13;candidate_error=7.7%;pyf_error=7.7%,rows=13;candidate_error=7.7%;pyf_error=7.7%,older_late_rows=9;young_early_rows=73,high_role_rows=76;low_sparse_role_rows=13,2022:0.765;2023:0.693;2024:0.685,direction_stable_seasons=3/3,partial_coverage_not_full_2013_2025_comparable,INTERACTION_ONLY,Bounded predeclared EPA plus prior V2 sidecar combination; partial-window caveats apply where prior sidecars are required.
GAUNTLET_051_WR_THREE_65_25_10__PLUS_EPA_FFOP_PCT05_05,GAUNTLET_051_WR_THREE_65_25_10,C06,WR_only_three_year_0.65_0.25_0.10,nflverse_epa_opportunity+prior_v2_sidecars,nflverse_epa_epa_total_raw_pct|ffop_ffop_xfp_total_pct,WR,2022|2023|2024|2025,678,12.3%,87.7%,0.737,,,0.737,,0.005,-0.018,0.035,43.8%,60.4%,71.5%,candidate_fp=62;pyf_fp=65;delta=-3,candidate_fn=27;pyf_fn=30;delta=-3,rows=131;candidate_error=2.3%;pyf_error=2.3%,rows=131;candidate_error=2.3%;pyf_error=2.3%,older_late_rows=40;young_early_rows=346,high_role_rows=176;low_sparse_role_rows=181,2022:0.734;2023:0.782;2024:0.726;2025:0.710,direction_stable_seasons=4/4,partial_coverage_not_full_2013_2025_comparable,INTERACTION_ONLY,Bounded predeclared EPA plus prior V2 sidecar combination; partial-window caveats apply where prior sidecars are required.
GAUNTLET_051_WR_THREE_65_25_10__PLUS_EPA_NGS_PCT05_05,GAUNTLET_051_WR_THREE_65_25_10,C06,WR_only_three_year_0.65_0.25_0.10,nflverse_epa_opportunity+prior_v2_sidecars,nflverse_epa_epa_total_raw_pct|ngs_ngs_position_signal_raw_pct,WR,2022|2023|2024|2025,386,7.0%,93.0%,0.693,,,0.693,,0.009,-0.062,-0.009,48.7%,62.7%,73.0%,candidate_fp=48;pyf_fp=50;delta=-2,candidate_fn=17;pyf_fn=19;delta=-2,rows=29;candidate_error=6.9%;pyf_error=6.9%,rows=29;candidate_error=6.9%;pyf_error=6.9%,older_late_rows=25;young_early_rows=186,high_role_rows=133;low_sparse_role_rows=34,2022:0.679;2023:0.730;2024:0.686;2025:0.500,direction_stable_seasons=3/4,partial_coverage_not_full_2013_2025_comparable,INTERACTION_ONLY,Bounded predeclared EPA plus prior V2 sidecar combination; partial-window caveats apply where prior sidecars are required.
GAUNTLET_051_WR_THREE_65_25_10__PLUS_EPA_FFOP_NGS_PCT04_04_02,GAUNTLET_051_WR_THREE_65_25_10,C06,WR_only_three_year_0.65_0.25_0.10,nflverse_epa_opportunity+prior_v2_sidecars,nflverse_epa_epa_total_raw_pct|ffop_ffop_xfp_total_pct|ngs_ngs_position_signal_raw_pct,WR,2022|2023|2024|2025,386,7.0%,93.0%,0.694,,,0.694,,0.009,-0.061,-0.009,48.7%,62.7%,73.0%,candidate_fp=48;pyf_fp=50;delta=-2,candidate_fn=17;pyf_fn=19;delta=-2,rows=29;candidate_error=6.9%;pyf_error=6.9%,rows=29;candidate_error=6.9%;pyf_error=6.9%,older_late_rows=25;young_early_rows=186,high_role_rows=133;low_sparse_role_rows=34,2022:0.677;2023:0.735;2024:0.686;2025:0.500,direction_stable_seasons=3/4,partial_coverage_not_full_2013_2025_comparable,INTERACTION_ONLY,Bounded predeclared EPA plus prior V2 sidecar combination; partial-window caveats apply where prior sidecars are required.
GAUNTLET_048_WR_TWO_75_25__PLUS_EPA_FFOP_PCT05_05,GAUNTLET_048_WR_TWO_75_25,C06,WR_only_two_year_0.75_0.25,nflverse_epa_opportunity+prior_v2_sidecars,nflverse_epa_epa_total_raw_pct|ffop_ffop_xfp_total_pct,WR,2022|2023|2024|2025,678,12.3%,87.7%,0.740,,,0.740,,0.008,-0.015,0.038,41.7%,62.5%,71.5%,candidate_fp=62;pyf_fp=65;delta=-3,candidate_fn=27;pyf_fn=30;delta=-3,rows=131;candidate_error=2.3%;pyf_error=2.3%,rows=131;candidate_error=2.3%;pyf_error=2.3%,older_late_rows=40;young_early_rows=346,high_role_rows=176;low_sparse_role_rows=181,2022:0.740;2023:0.787;2024:0.725;2025:0.712,direction_stable_seasons=4/4,partial_coverage_not_full_2013_2025_comparable,INTERACTION_ONLY,Bounded predeclared EPA plus prior V2 sidecar combination; partial-window caveats apply where prior sidecars are required.
GAUNTLET_048_WR_TWO_75_25__PLUS_EPA_NGS_PCT05_05,GAUNTLET_048_WR_TWO_75_25,C06,WR_only_two_year_0.75_0.25,nflverse_epa_opportunity+prior_v2_sidecars,nflverse_epa_epa_total_raw_pct|ngs_ngs_position_signal_raw_pct,WR,2022|2023|2024|2025,386,7.0%,93.0%,0.695,,,0.695,,0.011,-0.060,-0.007,48.7%,62.7%,74.8%,candidate_fp=48;pyf_fp=50;delta=-2,candidate_fn=17;pyf_fn=19;delta=-2,rows=29;candidate_error=6.9%;pyf_error=6.9%,rows=29;candidate_error=6.9%;pyf_error=6.9%,older_late_rows=25;young_early_rows=186,high_role_rows=133;low_sparse_role_rows=34,2022:0.681;2023:0.737;2024:0.683;2025:0.500,direction_stable_seasons=3/4,partial_coverage_not_full_2013_2025_comparable,INTERACTION_ONLY,Bounded predeclared EPA plus prior V2 sidecar combination; partial-window caveats apply where prior sidecars are required.
GAUNTLET_048_WR_TWO_75_25__PLUS_EPA_FFOP_NGS_PCT04_04_02,GAUNTLET_048_WR_TWO_75_25,C06,WR_only_two_year_0.75_0.25,nflverse_epa_opportunity+prior_v2_sidecars,nflverse_epa_epa_total_raw_pct|ffop_ffop_xfp_total_pct|ngs_ngs_position_signal_raw_pct,WR,2022|2023|2024|2025,386,7.0%,93.0%,0.693,,,0.693,,0.009,-0.062,-0.009,48.7%,65.3%,73.9%,candidate_fp=48;pyf_fp=50;delta=-2,candidate_fn=17;pyf_fn=19;delta=-2,rows=29;candidate_error=6.9%;pyf_error=6.9%,rows=29;candidate_error=6.9%;pyf_error=6.9%,older_late_rows=25;young_early_rows=186,high_role_rows=133;low_sparse_role_rows=34,2022:0.677;2023:0.737;2024:0.683;2025:0.500,direction_stable_seasons=3/4,partial_coverage_not_full_2013_2025_comparable,INTERACTION_ONLY,Bounded predeclared EPA plus prior V2 sidecar combination; partial-window caveats apply where prior sidecars are required.
GAUNTLET_049_WR_TWO_70_30__PLUS_EPA_FFOP_PCT05_05,GAUNTLET_049_WR_TWO_70_30,C06,WR_only_two_year_0.70_0.30,nflverse_epa_opportunity+prior_v2_sidecars,nflverse_epa_epa_total_raw_pct|ffop_ffop_xfp_total_pct,WR,2022|2023|2024|2025,678,12.3%,87.7%,0.740,,,0.740,,0.008,-0.015,0.038,41.7%,61.5%,70.8%,candidate_fp=63;pyf_fp=65;delta=-2,candidate_fn=28;pyf_fn=30;delta=-2,rows=131;candidate_error=2.3%;pyf_error=2.3%,rows=131;candidate_error=2.3%;pyf_error=2.3%,older_late_rows=40;young_early_rows=346,high_role_rows=176;low_sparse_role_rows=181,2022:0.738;2023:0.787;2024:0.726;2025:0.712,direction_stable_seasons=4/4,partial_coverage_not_full_2013_2025_comparable,INTERACTION_ONLY,Bounded predeclared EPA plus prior V2 sidecar combination; partial-window caveats apply where prior sidecars are required.
GAUNTLET_049_WR_TWO_70_30__PLUS_EPA_NGS_PCT05_05,GAUNTLET_049_WR_TWO_70_30,C06,WR_only_two_year_0.70_0.30,nflverse_epa_opportunity+prior_v2_sidecars,nflverse_epa_epa_total_raw_pct|ngs_ngs_position_signal_raw_pct,WR,2022|2023|2024|2025,386,7.0%,93.0%,0.694,,,0.694,,0.010,-0.061,-0.008,48.7%,62.7%,74.8%,candidate_fp=47;pyf_fp=50;delta=-3,candidate_fn=16;pyf_fn=19;delta=-3,rows=29;candidate_error=6.9%;pyf_error=6.9%,rows=29;candidate_error=6.9%;pyf_error=6.9%,older_late_rows=25;young_early_rows=186,high_role_rows=133;low_sparse_role_rows=34,2022:0.682;2023:0.737;2024:0.682;2025:0.500,direction_stable_seasons=3/4,partial_coverage_not_full_2013_2025_comparable,INTERACTION_ONLY,Bounded predeclared EPA plus prior V2 sidecar combination; partial-window caveats apply where prior sidecars are required.
GAUNTLET_049_WR_TWO_70_30__PLUS_EPA_FFOP_NGS_PCT04_04_02,GAUNTLET_049_WR_TWO_70_30,C06,WR_only_two_year_0.70_0.30,nflverse_epa_opportunity+prior_v2_sidecars,nflverse_epa_epa_total_raw_pct|ffop_ffop_xfp_total_pct|ngs_ngs_position_signal_raw_pct,WR,2022|2023|2024|2025,386,7.0%,93.0%,0.693,,,0.693,,0.009,-0.062,-0.009,48.7%,65.3%,73.9%,candidate_fp=48;pyf_fp=50;delta=-2,candidate_fn=17;pyf_fn=19;delta=-2,rows=29;candidate_error=6.9%;pyf_error=6.9%,rows=29;candidate_error=6.9%;pyf_error=6.9%,older_late_rows=25;young_early_rows=186,high_role_rows=133;low_sparse_role_rows=34,2022:0.681;2023:0.735;2024:0.680;2025:0.500,direction_stable_seasons=3/4,partial_coverage_not_full_2013_2025_comparable,INTERACTION_ONLY,Bounded predeclared EPA plus prior V2 sidecar combination; partial-window caveats apply where prior sidecars are required.
GAUNTLET_093_ROLE_RB_TOUCH_ROLE_REPORT__PLUS_EPA_FFOP_PCT05_05,GAUNTLET_093_ROLE_RB_TOUCH_ROLE_REPORT,C07,role_archetype_rb_touch_role_report,nflverse_epa_opportunity+prior_v2_sidecars,nflverse_epa_epa_total_raw_pct|ffop_ffop_xfp_total_pct,RB,2022|2023|2024|2025,428,7.8%,92.2%,0.710,,0.710,,,0.022,-0.045,0.059,47.9%,64.6%,73.6%,candidate_fp=55;pyf_fp=59;delta=-4,candidate_fn=21;pyf_fn=25;delta=-4,rows=91;candidate_error=3.3%;pyf_error=5.5%,rows=91;candidate_error=3.3%;pyf_error=5.5%,older_late_rows=11;young_early_rows=243,high_role_rows=113;low_sparse_role_rows=126,2022:0.725;2023:0.638;2024:0.754;2025:0.720,direction_stable_seasons=3/4,partial_coverage_not_full_2013_2025_comparable,INTERACTION_ONLY,Bounded predeclared EPA plus prior V2 sidecar combination; partial-window caveats apply where prior sidecars are required.
GAUNTLET_093_ROLE_RB_TOUCH_ROLE_REPORT__PLUS_EPA_NGS_PCT05_05,GAUNTLET_093_ROLE_RB_TOUCH_ROLE_REPORT,C07,role_archetype_rb_touch_role_report,nflverse_epa_opportunity+prior_v2_sidecars,nflverse_epa_epa_total_raw_pct|ngs_ngs_position_signal_raw_pct,RB,2022|2023|2024|2025,227,4.1%,95.9%,0.658,,0.658,,,0.022,-0.097,0.007,42.1%,66.2%,69.1%,candidate_fp=43;pyf_fp=46;delta=-3,candidate_fn=14;pyf_fn=17;delta=-3,rows=25;candidate_error=8.0%;pyf_error=12.0%,rows=25;candidate_error=8.0%;pyf_error=12.0%,older_late_rows=7;young_early_rows=120,high_role_rows=87;low_sparse_role_rows=26,2022:0.740;2023:0.517;2024:0.710;2025:1.000,direction_stable_seasons=3/4,partial_coverage_not_full_2013_2025_comparable,INTERACTION_ONLY,Bounded predeclared EPA plus prior V2 sidecar combination; partial-window caveats apply where prior sidecars are required.
GAUNTLET_093_ROLE_RB_TOUCH_ROLE_REPORT__PLUS_EPA_FFOP_NGS_PCT04_04_02,GAUNTLET_093_ROLE_RB_TOUCH_ROLE_REPORT,C07,role_archetype_rb_touch_role_report,nflverse_epa_opportunity+prior_v2_sidecars,nflverse_epa_epa_total_raw_pct|ffop_ffop_xfp_total_pct|ngs_ngs_position_signal_raw_pct,RB,2022|2023|2024|2025,226,4.1%,95.9%,0.651,,0.651,,,0.017,-0.104,-0.000,44.7%,63.5%,70.0%,candidate_fp=43;pyf_fp=46;delta=-3,candidate_fn=14;pyf_fn=17;delta=-3,rows=25;candidate_error=8.0%;pyf_error=12.0%,rows=25;candidate_error=8.0%;pyf_error=12.0%,older_late_rows=7;young_early_rows=120,high_role_rows=87;low_sparse_role_rows=26,2022:0.734;2023:0.503;2024:0.706;2025:1.000,direction_stable_seasons=3/4,partial_coverage_not_full_2013_2025_comparable,INTERACTION_ONLY,Bounded predeclared EPA plus prior V2 sidecar combination; partial-window caveats apply where prior sidecars are required.
GAUNTLET_102_HYBRID_RB_THREE_60_ROLE_AGE__PLUS_EPA_FFOP_PCT05_05,GAUNTLET_102_HYBRID_RB_THREE_60_ROLE_AGE,C07,hybrid_rb_three_60_role_age,nflverse_epa_opportunity+prior_v2_sidecars,nflverse_epa_epa_total_raw_pct|ffop_ffop_xfp_total_pct,RB,2022|2023|2024|2025,428,7.8%,92.2%,0.711,,0.711,,,0.023,-0.044,0.060,47.9%,64.6%,73.6%,candidate_fp=55;pyf_fp=59;delta=-4,candidate_fn=21;pyf_fn=25;delta=-4,rows=91;candidate_error=3.3%;pyf_error=5.5%,rows=91;candidate_error=3.3%;pyf_error=5.5%,older_late_rows=11;young_early_rows=243,high_role_rows=113;low_sparse_role_rows=126,2022:0.725;2023:0.638;2024:0.756;2025:0.720,direction_stable_seasons=3/4,partial_coverage_not_full_2013_2025_comparable,INTERACTION_ONLY,Bounded predeclared EPA plus prior V2 sidecar combination; partial-window caveats apply where prior sidecars are required.
GAUNTLET_102_HYBRID_RB_THREE_60_ROLE_AGE__PLUS_EPA_NGS_PCT05_05,GAUNTLET_102_HYBRID_RB_THREE_60_ROLE_AGE,C07,hybrid_rb_three_60_role_age,nflverse_epa_opportunity+prior_v2_sidecars,nflverse_epa_epa_total_raw_pct|ngs_ngs_position_signal_raw_pct,RB,2022|2023|2024|2025,227,4.1%,95.9%,0.659,,0.659,,,0.023,-0.096,0.007,42.1%,66.2%,69.1%,candidate_fp=43;pyf_fp=46;delta=-3,candidate_fn=14;pyf_fn=17;delta=-3,rows=25;candidate_error=8.0%;pyf_error=12.0%,rows=25;candidate_error=8.0%;pyf_error=12.0%,older_late_rows=7;young_early_rows=120,high_role_rows=87;low_sparse_role_rows=26,2022:0.740;2023:0.517;2024:0.713;2025:1.000,direction_stable_seasons=3/4,partial_coverage_not_full_2013_2025_comparable,INTERACTION_ONLY,Bounded predeclared EPA plus prior V2 sidecar combination; partial-window caveats apply where prior sidecars are required.
GAUNTLET_102_HYBRID_RB_THREE_60_ROLE_AGE__PLUS_EPA_FFOP_NGS_PCT04_04_02,GAUNTLET_102_HYBRID_RB_THREE_60_ROLE_AGE,C07,hybrid_rb_three_60_role_age,nflverse_epa_opportunity+prior_v2_sidecars,nflverse_epa_epa_total_raw_pct|ffop_ffop_xfp_total_pct|ngs_ngs_position_signal_raw_pct,RB,2022|2023|2024|2025,226,4.1%,95.9%,0.652,,0.652,,,0.018,-0.103,0.001,44.7%,63.5%,70.0%,candidate_fp=43;pyf_fp=46;delta=-3,candidate_fn=14;pyf_fn=17;delta=-3,rows=25;candidate_error=8.0%;pyf_error=12.0%,rows=25;candidate_error=8.0%;pyf_error=12.0%,older_late_rows=7;young_early_rows=120,high_role_rows=87;low_sparse_role_rows=26,2022:0.735;2023:0.503;2024:0.710;2025:1.000,direction_stable_seasons=3/4,partial_coverage_not_full_2013_2025_comparable,INTERACTION_ONLY,Bounded predeclared EPA plus prior V2 sidecar combination; partial-window caveats apply where prior sidecars are required.
GAUNTLET_044_RB_THREE_70_20_10__PLUS_EPA_FFOP_PCT05_05,GAUNTLET_044_RB_THREE_70_20_10,C07,RB_only_three_year_0.70_0.20_0.10,nflverse_epa_opportunity+prior_v2_sidecars,nflverse_epa_epa_total_raw_pct|ffop_ffop_xfp_total_pct,RB,2022|2023|2024|2025,428,7.8%,92.2%,0.713,,0.713,,,0.025,-0.042,0.063,43.8%,66.7%,73.6%,candidate_fp=54;pyf_fp=59;delta=-5,candidate_fn=20;pyf_fn=25;delta=-5,rows=91;candidate_error=4.4%;pyf_error=5.5%,rows=91;candidate_error=4.4%;pyf_error=5.5%,older_late_rows=11;young_early_rows=243,high_role_rows=113;low_sparse_role_rows=126,2022:0.726;2023:0.645;2024:0.754;2025:0.722,direction_stable_seasons=4/4,partial_coverage_not_full_2013_2025_comparable,INTERACTION_ONLY,Bounded predeclared EPA plus prior V2 sidecar combination; partial-window caveats apply where prior sidecars are required.
GAUNTLET_044_RB_THREE_70_20_10__PLUS_EPA_NGS_PCT05_05,GAUNTLET_044_RB_THREE_70_20_10,C07,RB_only_three_year_0.70_0.20_0.10,nflverse_epa_opportunity+prior_v2_sidecars,nflverse_epa_epa_total_raw_pct|ngs_ngs_position_signal_raw_pct,RB,2022|2023|2024|2025,227,4.1%,95.9%,0.663,,0.663,,,0.027,-0.092,0.013,39.5%,66.2%,70.0%,candidate_fp=42;pyf_fp=46;delta=-4,candidate_fn=13;pyf_fn=17;delta=-4,rows=25;candidate_error=8.0%;pyf_error=12.0%,rows=25;candidate_error=8.0%;pyf_error=12.0%,older_late_rows=7;young_early_rows=120,high_role_rows=87;low_sparse_role_rows=26,2022:0.743;2023:0.533;2024:0.706;2025:1.000,direction_stable_seasons=3/4,partial_coverage_not_full_2013_2025_comparable,INTERACTION_ONLY,Bounded predeclared EPA plus prior V2 sidecar combination; partial-window caveats apply where prior sidecars are required.
GAUNTLET_044_RB_THREE_70_20_10__PLUS_EPA_FFOP_NGS_PCT04_04_02,GAUNTLET_044_RB_THREE_70_20_10,C07,RB_only_three_year_0.70_0.20_0.10,nflverse_epa_opportunity+prior_v2_sidecars,nflverse_epa_epa_total_raw_pct|ffop_ffop_xfp_total_pct|ngs_ngs_position_signal_raw_pct,RB,2022|2023|2024|2025,226,4.1%,95.9%,0.656,,0.656,,,0.022,-0.099,0.006,39.5%,66.2%,71.8%,candidate_fp=41;pyf_fp=46;delta=-5,candidate_fn=12;pyf_fn=17;delta=-5,rows=25;candidate_error=8.0%;pyf_error=12.0%,rows=25;candidate_error=8.0%;pyf_error=12.0%,older_late_rows=7;young_early_rows=120,high_role_rows=87;low_sparse_role_rows=26,2022:0.737;2023:0.517;2024:0.703;2025:1.000,direction_stable_seasons=3/4,partial_coverage_not_full_2013_2025_comparable,INTERACTION_ONLY,Bounded predeclared EPA plus prior V2 sidecar combination; partial-window caveats apply where prior sidecars are required.
REFINE_007_OVERALL_THREE_65_25_10_LATE_20__PLUS_EPA_FFOP_PCT05_05,REFINE_007_OVERALL_THREE_65_25_10_LATE_20,C01_REFINED_CURRENT_BEST,overall_three_65_25_10_late_20,nflverse_epa_opportunity+prior_v2_sidecars,nflverse_epa_epa_total_raw_pct|ffop_ffop_xfp_total_pct,QB|RB|TE|WR,2022|2023|2024|2025,1736,31.5%,68.5%,0.789,0.698,0.710,0.738,0.755,0.010,0.034,0.035,46.9%,68.8%,75.2%,candidate_fp=161;pyf_fp=167;delta=-6,candidate_fn=91;pyf_fn=97;delta=-6,rows=433;candidate_error=2.1%;pyf_error=2.5%,rows=433;candidate_error=2.1%;pyf_error=2.5%,older_late_rows=129;young_early_rows=857,high_role_rows=456;low_sparse_role_rows=539,2022:0.801;2023:0.789;2024:0.776;2025:0.789,direction_stable_seasons=4/4,partial_coverage_not_full_2013_2025_comparable,INTERACTION_ONLY,Bounded predeclared EPA plus prior V2 sidecar combination; partial-window caveats apply where prior sidecars are required.
REFINE_007_OVERALL_THREE_65_25_10_LATE_20__PLUS_EPA_NGS_PCT05_05,REFINE_007_OVERALL_THREE_65_25_10_LATE_20,C01_REFINED_CURRENT_BEST,overall_three_65_25_10_late_20,nflverse_epa_opportunity+prior_v2_sidecars,nflverse_epa_epa_total_raw_pct|ngs_ngs_position_signal_raw_pct,QB|RB|TE|WR,2022|2023|2024|2025,944,17.1%,82.9%,0.753,0.674,0.661,0.694,0.710,0.020,-0.002,-0.002,46.7%,69.3%,73.4%,candidate_fp=126;pyf_fp=130;delta=-4,candidate_fn=61;pyf_fn=65;delta=-4,rows=128;candidate_error=4.7%;pyf_error=5.5%,rows=128;candidate_error=4.7%;pyf_error=5.5%,older_late_rows=74;young_early_rows=431,high_role_rows=347;low_sparse_role_rows=135,2022:0.797;2023:0.734;2024:0.736;2025:0.626,direction_stable_seasons=3/4,partial_coverage_not_full_2013_2025_comparable,INTERACTION_ONLY,Bounded predeclared EPA plus prior V2 sidecar combination; partial-window caveats apply where prior sidecars are required.
REFINE_007_OVERALL_THREE_65_25_10_LATE_20__PLUS_EPA_FFOP_NGS_PCT04_04_02,REFINE_007_OVERALL_THREE_65_25_10_LATE_20,C01_REFINED_CURRENT_BEST,overall_three_65_25_10_late_20,nflverse_epa_opportunity+prior_v2_sidecars,nflverse_epa_epa_total_raw_pct|ffop_ffop_xfp_total_pct|ngs_ngs_position_signal_raw_pct,QB|RB|TE|WR,2022|2023|2024|2025,943,17.1%,82.9%,0.751,0.674,0.653,0.695,0.708,0.018,-0.004,-0.004,46.1%,68.6%,73.9%,candidate_fp=127;pyf_fp=130;delta=-3,candidate_fn=62;pyf_fn=65;delta=-3,rows=128;candidate_error=4.7%;pyf_error=5.5%,rows=128;candidate_error=4.7%;pyf_error=5.5%,older_late_rows=74;young_early_rows=431,high_role_rows=347;low_sparse_role_rows=135,2022:0.794;2023:0.730;2024:0.736;2025:0.626,direction_stable_seasons=3/4,partial_coverage_not_full_2013_2025_comparable,INTERACTION_ONLY,Bounded predeclared EPA plus prior V2 sidecar combination; partial-window caveats apply where prior sidecars are required.
