candidate_id,seed_candidate,cluster_id,seed_neighborhood,formula_family,slice_name,scope,rows,startable_hits,startable_rate,candidate_false_positives,pyf_false_positives,false_positive_delta_vs_pyf,candidate_false_negatives,pyf_false_negatives,false_negative_delta_vs_pyf,candidate_error_rate,pyf_error_rate,harm_delta_vs_pyf,guardrail_interpretation
REFINE_001_OVERALL_THREE_70_20_10_LATE_0,GAUNTLET_081_DECLINE_SMALL_LATE_GUARD_THREE,C01,overall_decline_age_role_hybrid,A_OVERALL_DECLINE_AGE_ROLE_REFINEMENT,sparse_history,QB/RB/WR/TE,1453,48,3.3%,2,0,2,42,48,-6,3.0%,3.3%,-0.3%,improves_vs_pyf
REFINE_001_OVERALL_THREE_70_20_10_LATE_0,GAUNTLET_081_DECLINE_SMALL_LATE_GUARD_THREE,C01,overall_decline_age_role_hybrid,A_OVERALL_DECLINE_AGE_ROLE_REFINEMENT,low_games,QB/RB/WR/TE,1453,48,3.3%,2,0,2,42,48,-6,3.0%,3.3%,-0.3%,improves_vs_pyf
REFINE_001_OVERALL_THREE_70_20_10_LATE_0,GAUNTLET_081_DECLINE_SMALL_LATE_GUARD_THREE,C01,overall_decline_age_role_hybrid,A_OVERALL_DECLINE_AGE_ROLE_REFINEMENT,older_late_lifecycle,QB/RB/WR/TE,478,91,19.0%,86,76,10,28,39,-11,23.8%,24.1%,-0.2%,improves_vs_pyf
REFINE_001_OVERALL_THREE_70_20_10_LATE_0,GAUNTLET_081_DECLINE_SMALL_LATE_GUARD_THREE,C01,overall_decline_age_role_hybrid,A_OVERALL_DECLINE_AGE_ROLE_REFINEMENT,young_early_lifecycle,QB/RB/WR/TE,2846,477,16.8%,217,242,-25,194,190,4,14.4%,15.2%,-0.7%,improves_vs_pyf
REFINE_001_OVERALL_THREE_70_20_10_LATE_0,GAUNTLET_081_DECLINE_SMALL_LATE_GUARD_THREE,C01,overall_decline_age_role_hybrid,A_OVERALL_DECLINE_AGE_ROLE_REFINEMENT,high_volume_role,QB/RB/WR/TE,1405,644,45.8%,462,469,-7,84,85,-1,38.9%,39.4%,-0.6%,improves_vs_pyf
REFINE_001_OVERALL_THREE_70_20_10_LATE_0,GAUNTLET_081_DECLINE_SMALL_LATE_GUARD_THREE,C01,overall_decline_age_role_hybrid,A_OVERALL_DECLINE_AGE_ROLE_REFINEMENT,low_or_sparse_role,QB/RB/WR/TE,1843,55,3.0%,2,0,2,48,54,-6,2.7%,2.9%,-0.2%,improves_vs_pyf
REFINE_001_OVERALL_THREE_70_20_10_LATE_0,GAUNTLET_081_DECLINE_SMALL_LATE_GUARD_THREE,C01,overall_decline_age_role_hybrid,A_OVERALL_DECLINE_AGE_ROLE_REFINEMENT,prior_decline_proxy,QB/RB/WR/TE,829,68,8.2%,462,469,-7,11,19,-8,57.1%,58.9%,-1.8%,improves_vs_pyf
REFINE_001_OVERALL_THREE_70_20_10_LATE_0,GAUNTLET_081_DECLINE_SMALL_LATE_GUARD_THREE,C01,overall_decline_age_role_hybrid,A_OVERALL_DECLINE_AGE_ROLE_REFINEMENT,rb_high_touch_role,QB/RB/WR/TE,361,173,47.9%,163,162,1,11,6,5,48.2%,46.5%,1.7%,worse_than_pyf
REFINE_001_OVERALL_THREE_70_20_10_LATE_0,GAUNTLET_081_DECLINE_SMALL_LATE_GUARD_THREE,C01,overall_decline_age_role_hybrid,A_OVERALL_DECLINE_AGE_ROLE_REFINEMENT,receiver_high_target_role,QB/RB/WR/TE,850,391,46.0%,259,264,-5,50,53,-3,36.4%,37.3%,-0.9%,improves_vs_pyf
REFINE_001_OVERALL_THREE_70_20_10_LATE_0,GAUNTLET_081_DECLINE_SMALL_LATE_GUARD_THREE,C01,overall_decline_age_role_hybrid,A_OVERALL_DECLINE_AGE_ROLE_REFINEMENT,age_missing,QB/RB/WR/TE,8,0,0.0%,0,0,0,0,0,0,0.0%,0.0%,0.0%,no_added_harm_vs_pyf
REFINE_002_OVERALL_THREE_70_20_10_LATE_10,GAUNTLET_081_DECLINE_SMALL_LATE_GUARD_THREE,C01,overall_decline_age_role_hybrid,A_OVERALL_DECLINE_AGE_ROLE_REFINEMENT,sparse_history,QB/RB/WR/TE,1453,48,3.3%,2,0,2,42,48,-6,3.0%,3.3%,-0.3%,improves_vs_pyf
REFINE_002_OVERALL_THREE_70_20_10_LATE_10,GAUNTLET_081_DECLINE_SMALL_LATE_GUARD_THREE,C01,overall_decline_age_role_hybrid,A_OVERALL_DECLINE_AGE_ROLE_REFINEMENT,low_games,QB/RB/WR/TE,1453,48,3.3%,2,0,2,42,48,-6,3.0%,3.3%,-0.3%,improves_vs_pyf
REFINE_002_OVERALL_THREE_70_20_10_LATE_10,GAUNTLET_081_DECLINE_SMALL_LATE_GUARD_THREE,C01,overall_decline_age_role_hybrid,A_OVERALL_DECLINE_AGE_ROLE_REFINEMENT,older_late_lifecycle,QB/RB/WR/TE,478,91,19.0%,84,76,8,30,39,-9,23.8%,24.1%,-0.2%,improves_vs_pyf
REFINE_002_OVERALL_THREE_70_20_10_LATE_10,GAUNTLET_081_DECLINE_SMALL_LATE_GUARD_THREE,C01,overall_decline_age_role_hybrid,A_OVERALL_DECLINE_AGE_ROLE_REFINEMENT,young_early_lifecycle,QB/RB/WR/TE,2846,477,16.8%,218,242,-24,192,190,2,14.4%,15.2%,-0.8%,improves_vs_pyf
REFINE_002_OVERALL_THREE_70_20_10_LATE_10,GAUNTLET_081_DECLINE_SMALL_LATE_GUARD_THREE,C01,overall_decline_age_role_hybrid,A_OVERALL_DECLINE_AGE_ROLE_REFINEMENT,high_volume_role,QB/RB/WR/TE,1405,644,45.8%,461,469,-8,84,85,-1,38.8%,39.4%,-0.6%,improves_vs_pyf
REFINE_002_OVERALL_THREE_70_20_10_LATE_10,GAUNTLET_081_DECLINE_SMALL_LATE_GUARD_THREE,C01,overall_decline_age_role_hybrid,A_OVERALL_DECLINE_AGE_ROLE_REFINEMENT,low_or_sparse_role,QB/RB/WR/TE,1843,55,3.0%,2,0,2,48,54,-6,2.7%,2.9%,-0.2%,improves_vs_pyf
REFINE_002_OVERALL_THREE_70_20_10_LATE_10,GAUNTLET_081_DECLINE_SMALL_LATE_GUARD_THREE,C01,overall_decline_age_role_hybrid,A_OVERALL_DECLINE_AGE_ROLE_REFINEMENT,prior_decline_proxy,QB/RB/WR/TE,829,68,8.2%,461,469,-8,13,19,-6,57.2%,58.9%,-1.7%,improves_vs_pyf
REFINE_002_OVERALL_THREE_70_20_10_LATE_10,GAUNTLET_081_DECLINE_SMALL_LATE_GUARD_THREE,C01,overall_decline_age_role_hybrid,A_OVERALL_DECLINE_AGE_ROLE_REFINEMENT,rb_high_touch_role,QB/RB/WR/TE,361,173,47.9%,163,162,1,11,6,5,48.2%,46.5%,1.7%,worse_than_pyf
REFINE_002_OVERALL_THREE_70_20_10_LATE_10,GAUNTLET_081_DECLINE_SMALL_LATE_GUARD_THREE,C01,overall_decline_age_role_hybrid,A_OVERALL_DECLINE_AGE_ROLE_REFINEMENT,receiver_high_target_role,QB/RB/WR/TE,850,391,46.0%,259,264,-5,50,53,-3,36.4%,37.3%,-0.9%,improves_vs_pyf
REFINE_002_OVERALL_THREE_70_20_10_LATE_10,GAUNTLET_081_DECLINE_SMALL_LATE_GUARD_THREE,C01,overall_decline_age_role_hybrid,A_OVERALL_DECLINE_AGE_ROLE_REFINEMENT,age_missing,QB/RB/WR/TE,8,0,0.0%,0,0,0,0,0,0,0.0%,0.0%,0.0%,no_added_harm_vs_pyf
REFINE_003_OVERALL_THREE_70_20_10_LATE_20,GAUNTLET_081_DECLINE_SMALL_LATE_GUARD_THREE,C01,overall_decline_age_role_hybrid,A_OVERALL_DECLINE_AGE_ROLE_REFINEMENT,sparse_history,QB/RB/WR/TE,1453,48,3.3%,2,0,2,42,48,-6,3.0%,3.3%,-0.3%,improves_vs_pyf
REFINE_003_OVERALL_THREE_70_20_10_LATE_20,GAUNTLET_081_DECLINE_SMALL_LATE_GUARD_THREE,C01,overall_decline_age_role_hybrid,A_OVERALL_DECLINE_AGE_ROLE_REFINEMENT,low_games,QB/RB/WR/TE,1453,48,3.3%,2,0,2,42,48,-6,3.0%,3.3%,-0.3%,improves_vs_pyf
REFINE_003_OVERALL_THREE_70_20_10_LATE_20,GAUNTLET_081_DECLINE_SMALL_LATE_GUARD_THREE,C01,overall_decline_age_role_hybrid,A_OVERALL_DECLINE_AGE_ROLE_REFINEMENT,older_late_lifecycle,QB/RB/WR/TE,478,91,19.0%,82,76,6,31,39,-8,23.6%,24.1%,-0.4%,improves_vs_pyf
REFINE_003_OVERALL_THREE_70_20_10_LATE_20,GAUNTLET_081_DECLINE_SMALL_LATE_GUARD_THREE,C01,overall_decline_age_role_hybrid,A_OVERALL_DECLINE_AGE_ROLE_REFINEMENT,young_early_lifecycle,QB/RB/WR/TE,2846,477,16.8%,218,242,-24,192,190,2,14.4%,15.2%,-0.8%,improves_vs_pyf
REFINE_003_OVERALL_THREE_70_20_10_LATE_20,GAUNTLET_081_DECLINE_SMALL_LATE_GUARD_THREE,C01,overall_decline_age_role_hybrid,A_OVERALL_DECLINE_AGE_ROLE_REFINEMENT,high_volume_role,QB/RB/WR/TE,1405,644,45.8%,461,469,-8,85,85,0,38.9%,39.4%,-0.6%,improves_vs_pyf
REFINE_003_OVERALL_THREE_70_20_10_LATE_20,GAUNTLET_081_DECLINE_SMALL_LATE_GUARD_THREE,C01,overall_decline_age_role_hybrid,A_OVERALL_DECLINE_AGE_ROLE_REFINEMENT,low_or_sparse_role,QB/RB/WR/TE,1843,55,3.0%,2,0,2,48,54,-6,2.7%,2.9%,-0.2%,improves_vs_pyf
REFINE_003_OVERALL_THREE_70_20_10_LATE_20,GAUNTLET_081_DECLINE_SMALL_LATE_GUARD_THREE,C01,overall_decline_age_role_hybrid,A_OVERALL_DECLINE_AGE_ROLE_REFINEMENT,prior_decline_proxy,QB/RB/WR/TE,829,68,8.2%,461,469,-8,14,19,-5,57.3%,58.9%,-1.6%,improves_vs_pyf
REFINE_003_OVERALL_THREE_70_20_10_LATE_20,GAUNTLET_081_DECLINE_SMALL_LATE_GUARD_THREE,C01,overall_decline_age_role_hybrid,A_OVERALL_DECLINE_AGE_ROLE_REFINEMENT,rb_high_touch_role,QB/RB/WR/TE,361,173,47.9%,163,162,1,11,6,5,48.2%,46.5%,1.7%,worse_than_pyf
REFINE_003_OVERALL_THREE_70_20_10_LATE_20,GAUNTLET_081_DECLINE_SMALL_LATE_GUARD_THREE,C01,overall_decline_age_role_hybrid,A_OVERALL_DECLINE_AGE_ROLE_REFINEMENT,receiver_high_target_role,QB/RB/WR/TE,850,391,46.0%,259,264,-5,51,53,-2,36.5%,37.3%,-0.8%,improves_vs_pyf
REFINE_003_OVERALL_THREE_70_20_10_LATE_20,GAUNTLET_081_DECLINE_SMALL_LATE_GUARD_THREE,C01,overall_decline_age_role_hybrid,A_OVERALL_DECLINE_AGE_ROLE_REFINEMENT,age_missing,QB/RB/WR/TE,8,0,0.0%,0,0,0,0,0,0,0.0%,0.0%,0.0%,no_added_harm_vs_pyf
REFINE_004_OVERALL_THREE_70_20_10_LATE_30,GAUNTLET_081_DECLINE_SMALL_LATE_GUARD_THREE,C01,overall_decline_age_role_hybrid,A_OVERALL_DECLINE_AGE_ROLE_REFINEMENT,sparse_history,QB/RB/WR/TE,1453,48,3.3%,2,0,2,42,48,-6,3.0%,3.3%,-0.3%,improves_vs_pyf
REFINE_004_OVERALL_THREE_70_20_10_LATE_30,GAUNTLET_081_DECLINE_SMALL_LATE_GUARD_THREE,C01,overall_decline_age_role_hybrid,A_OVERALL_DECLINE_AGE_ROLE_REFINEMENT,low_games,QB/RB/WR/TE,1453,48,3.3%,2,0,2,42,48,-6,3.0%,3.3%,-0.3%,improves_vs_pyf
REFINE_004_OVERALL_THREE_70_20_10_LATE_30,GAUNTLET_081_DECLINE_SMALL_LATE_GUARD_THREE,C01,overall_decline_age_role_hybrid,A_OVERALL_DECLINE_AGE_ROLE_REFINEMENT,older_late_lifecycle,QB/RB/WR/TE,478,91,19.0%,81,76,5,33,39,-6,23.8%,24.1%,-0.2%,improves_vs_pyf
REFINE_004_OVERALL_THREE_70_20_10_LATE_30,GAUNTLET_081_DECLINE_SMALL_LATE_GUARD_THREE,C01,overall_decline_age_role_hybrid,A_OVERALL_DECLINE_AGE_ROLE_REFINEMENT,young_early_lifecycle,QB/RB/WR/TE,2846,477,16.8%,219,242,-23,192,190,2,14.4%,15.2%,-0.7%,improves_vs_pyf
REFINE_004_OVERALL_THREE_70_20_10_LATE_30,GAUNTLET_081_DECLINE_SMALL_LATE_GUARD_THREE,C01,overall_decline_age_role_hybrid,A_OVERALL_DECLINE_AGE_ROLE_REFINEMENT,high_volume_role,QB/RB/WR/TE,1405,644,45.8%,461,469,-8,87,85,2,39.0%,39.4%,-0.4%,improves_vs_pyf
REFINE_004_OVERALL_THREE_70_20_10_LATE_30,GAUNTLET_081_DECLINE_SMALL_LATE_GUARD_THREE,C01,overall_decline_age_role_hybrid,A_OVERALL_DECLINE_AGE_ROLE_REFINEMENT,low_or_sparse_role,QB/RB/WR/TE,1843,55,3.0%,2,0,2,48,54,-6,2.7%,2.9%,-0.2%,improves_vs_pyf
REFINE_004_OVERALL_THREE_70_20_10_LATE_30,GAUNTLET_081_DECLINE_SMALL_LATE_GUARD_THREE,C01,overall_decline_age_role_hybrid,A_OVERALL_DECLINE_AGE_ROLE_REFINEMENT,prior_decline_proxy,QB/RB/WR/TE,829,68,8.2%,461,469,-8,16,19,-3,57.5%,58.9%,-1.3%,improves_vs_pyf
REFINE_004_OVERALL_THREE_70_20_10_LATE_30,GAUNTLET_081_DECLINE_SMALL_LATE_GUARD_THREE,C01,overall_decline_age_role_hybrid,A_OVERALL_DECLINE_AGE_ROLE_REFINEMENT,rb_high_touch_role,QB/RB/WR/TE,361,173,47.9%,163,162,1,11,6,5,48.2%,46.5%,1.7%,worse_than_pyf
REFINE_004_OVERALL_THREE_70_20_10_LATE_30,GAUNTLET_081_DECLINE_SMALL_LATE_GUARD_THREE,C01,overall_decline_age_role_hybrid,A_OVERALL_DECLINE_AGE_ROLE_REFINEMENT,receiver_high_target_role,QB/RB/WR/TE,850,391,46.0%,259,264,-5,53,53,0,36.7%,37.3%,-0.6%,improves_vs_pyf
REFINE_004_OVERALL_THREE_70_20_10_LATE_30,GAUNTLET_081_DECLINE_SMALL_LATE_GUARD_THREE,C01,overall_decline_age_role_hybrid,A_OVERALL_DECLINE_AGE_ROLE_REFINEMENT,age_missing,QB/RB/WR/TE,8,0,0.0%,0,0,0,0,0,0,0.0%,0.0%,0.0%,no_added_harm_vs_pyf
REFINE_005_OVERALL_THREE_65_25_10_LATE_0,GAUNTLET_081_DECLINE_SMALL_LATE_GUARD_THREE,C01,overall_decline_age_role_hybrid,A_OVERALL_DECLINE_AGE_ROLE_REFINEMENT,sparse_history,QB/RB/WR/TE,1453,48,3.3%,4,0,4,40,48,-8,3.0%,3.3%,-0.3%,improves_vs_pyf
REFINE_005_OVERALL_THREE_65_25_10_LATE_0,GAUNTLET_081_DECLINE_SMALL_LATE_GUARD_THREE,C01,overall_decline_age_role_hybrid,A_OVERALL_DECLINE_AGE_ROLE_REFINEMENT,low_games,QB/RB/WR/TE,1453,48,3.3%,4,0,4,40,48,-8,3.0%,3.3%,-0.3%,improves_vs_pyf
REFINE_005_OVERALL_THREE_65_25_10_LATE_0,GAUNTLET_081_DECLINE_SMALL_LATE_GUARD_THREE,C01,overall_decline_age_role_hybrid,A_OVERALL_DECLINE_AGE_ROLE_REFINEMENT,older_late_lifecycle,QB/RB/WR/TE,478,91,19.0%,92,76,16,29,39,-10,25.3%,24.1%,1.3%,worse_than_pyf
REFINE_005_OVERALL_THREE_65_25_10_LATE_0,GAUNTLET_081_DECLINE_SMALL_LATE_GUARD_THREE,C01,overall_decline_age_role_hybrid,A_OVERALL_DECLINE_AGE_ROLE_REFINEMENT,young_early_lifecycle,QB/RB/WR/TE,2846,477,16.8%,214,242,-28,195,190,5,14.4%,15.2%,-0.8%,improves_vs_pyf
REFINE_005_OVERALL_THREE_65_25_10_LATE_0,GAUNTLET_081_DECLINE_SMALL_LATE_GUARD_THREE,C01,overall_decline_age_role_hybrid,A_OVERALL_DECLINE_AGE_ROLE_REFINEMENT,high_volume_role,QB/RB/WR/TE,1405,644,45.8%,454,469,-15,89,85,4,38.6%,39.4%,-0.8%,improves_vs_pyf
REFINE_005_OVERALL_THREE_65_25_10_LATE_0,GAUNTLET_081_DECLINE_SMALL_LATE_GUARD_THREE,C01,overall_decline_age_role_hybrid,A_OVERALL_DECLINE_AGE_ROLE_REFINEMENT,low_or_sparse_role,QB/RB/WR/TE,1843,55,3.0%,4,0,4,46,54,-8,2.7%,2.9%,-0.2%,improves_vs_pyf
REFINE_005_OVERALL_THREE_65_25_10_LATE_0,GAUNTLET_081_DECLINE_SMALL_LATE_GUARD_THREE,C01,overall_decline_age_role_hybrid,A_OVERALL_DECLINE_AGE_ROLE_REFINEMENT,prior_decline_proxy,QB/RB/WR/TE,829,68,8.2%,454,469,-15,13,19,-6,56.3%,58.9%,-2.5%,improves_vs_pyf
REFINE_005_OVERALL_THREE_65_25_10_LATE_0,GAUNTLET_081_DECLINE_SMALL_LATE_GUARD_THREE,C01,overall_decline_age_role_hybrid,A_OVERALL_DECLINE_AGE_ROLE_REFINEMENT,rb_high_touch_role,QB/RB/WR/TE,361,173,47.9%,159,162,-3,10,6,4,46.8%,46.5%,0.3%,worse_than_pyf
REFINE_005_OVERALL_THREE_65_25_10_LATE_0,GAUNTLET_081_DECLINE_SMALL_LATE_GUARD_THREE,C01,overall_decline_age_role_hybrid,A_OVERALL_DECLINE_AGE_ROLE_REFINEMENT,receiver_high_target_role,QB/RB/WR/TE,850,391,46.0%,254,264,-10,53,53,0,36.1%,37.3%,-1.2%,improves_vs_pyf
REFINE_005_OVERALL_THREE_65_25_10_LATE_0,GAUNTLET_081_DECLINE_SMALL_LATE_GUARD_THREE,C01,overall_decline_age_role_hybrid,A_OVERALL_DECLINE_AGE_ROLE_REFINEMENT,age_missing,QB/RB/WR/TE,8,0,0.0%,0,0,0,0,0,0,0.0%,0.0%,0.0%,no_added_harm_vs_pyf
REFINE_006_OVERALL_THREE_65_25_10_LATE_10,GAUNTLET_081_DECLINE_SMALL_LATE_GUARD_THREE,C01,overall_decline_age_role_hybrid,A_OVERALL_DECLINE_AGE_ROLE_REFINEMENT,sparse_history,QB/RB/WR/TE,1453,48,3.3%,4,0,4,40,48,-8,3.0%,3.3%,-0.3%,improves_vs_pyf
REFINE_006_OVERALL_THREE_65_25_10_LATE_10,GAUNTLET_081_DECLINE_SMALL_LATE_GUARD_THREE,C01,overall_decline_age_role_hybrid,A_OVERALL_DECLINE_AGE_ROLE_REFINEMENT,low_games,QB/RB/WR/TE,1453,48,3.3%,4,0,4,40,48,-8,3.0%,3.3%,-0.3%,improves_vs_pyf
REFINE_006_OVERALL_THREE_65_25_10_LATE_10,GAUNTLET_081_DECLINE_SMALL_LATE_GUARD_THREE,C01,overall_decline_age_role_hybrid,A_OVERALL_DECLINE_AGE_ROLE_REFINEMENT,older_late_lifecycle,QB/RB/WR/TE,478,91,19.0%,87,76,11,30,39,-9,24.5%,24.1%,0.4%,worse_than_pyf
REFINE_006_OVERALL_THREE_65_25_10_LATE_10,GAUNTLET_081_DECLINE_SMALL_LATE_GUARD_THREE,C01,overall_decline_age_role_hybrid,A_OVERALL_DECLINE_AGE_ROLE_REFINEMENT,young_early_lifecycle,QB/RB/WR/TE,2846,477,16.8%,215,242,-27,193,190,3,14.3%,15.2%,-0.8%,improves_vs_pyf
REFINE_006_OVERALL_THREE_65_25_10_LATE_10,GAUNTLET_081_DECLINE_SMALL_LATE_GUARD_THREE,C01,overall_decline_age_role_hybrid,A_OVERALL_DECLINE_AGE_ROLE_REFINEMENT,high_volume_role,QB/RB/WR/TE,1405,644,45.8%,453,469,-16,87,85,2,38.4%,39.4%,-1.0%,improves_vs_pyf
REFINE_006_OVERALL_THREE_65_25_10_LATE_10,GAUNTLET_081_DECLINE_SMALL_LATE_GUARD_THREE,C01,overall_decline_age_role_hybrid,A_OVERALL_DECLINE_AGE_ROLE_REFINEMENT,low_or_sparse_role,QB/RB/WR/TE,1843,55,3.0%,4,0,4,46,54,-8,2.7%,2.9%,-0.2%,improves_vs_pyf
REFINE_006_OVERALL_THREE_65_25_10_LATE_10,GAUNTLET_081_DECLINE_SMALL_LATE_GUARD_THREE,C01,overall_decline_age_role_hybrid,A_OVERALL_DECLINE_AGE_ROLE_REFINEMENT,prior_decline_proxy,QB/RB/WR/TE,829,68,8.2%,453,469,-16,14,19,-5,56.3%,58.9%,-2.5%,improves_vs_pyf
REFINE_006_OVERALL_THREE_65_25_10_LATE_10,GAUNTLET_081_DECLINE_SMALL_LATE_GUARD_THREE,C01,overall_decline_age_role_hybrid,A_OVERALL_DECLINE_AGE_ROLE_REFINEMENT,rb_high_touch_role,QB/RB/WR/TE,361,173,47.9%,159,162,-3,10,6,4,46.8%,46.5%,0.3%,worse_than_pyf
REFINE_006_OVERALL_THREE_65_25_10_LATE_10,GAUNTLET_081_DECLINE_SMALL_LATE_GUARD_THREE,C01,overall_decline_age_role_hybrid,A_OVERALL_DECLINE_AGE_ROLE_REFINEMENT,receiver_high_target_role,QB/RB/WR/TE,850,391,46.0%,254,264,-10,52,53,-1,36.0%,37.3%,-1.3%,improves_vs_pyf
REFINE_006_OVERALL_THREE_65_25_10_LATE_10,GAUNTLET_081_DECLINE_SMALL_LATE_GUARD_THREE,C01,overall_decline_age_role_hybrid,A_OVERALL_DECLINE_AGE_ROLE_REFINEMENT,age_missing,QB/RB/WR/TE,8,0,0.0%,0,0,0,0,0,0,0.0%,0.0%,0.0%,no_added_harm_vs_pyf
REFINE_007_OVERALL_THREE_65_25_10_LATE_20,GAUNTLET_081_DECLINE_SMALL_LATE_GUARD_THREE,C01,overall_decline_age_role_hybrid,A_OVERALL_DECLINE_AGE_ROLE_REFINEMENT,sparse_history,QB/RB/WR/TE,1453,48,3.3%,4,0,4,40,48,-8,3.0%,3.3%,-0.3%,improves_vs_pyf
REFINE_007_OVERALL_THREE_65_25_10_LATE_20,GAUNTLET_081_DECLINE_SMALL_LATE_GUARD_THREE,C01,overall_decline_age_role_hybrid,A_OVERALL_DECLINE_AGE_ROLE_REFINEMENT,low_games,QB/RB/WR/TE,1453,48,3.3%,4,0,4,40,48,-8,3.0%,3.3%,-0.3%,improves_vs_pyf
REFINE_007_OVERALL_THREE_65_25_10_LATE_20,GAUNTLET_081_DECLINE_SMALL_LATE_GUARD_THREE,C01,overall_decline_age_role_hybrid,A_OVERALL_DECLINE_AGE_ROLE_REFINEMENT,older_late_lifecycle,QB/RB/WR/TE,478,91,19.0%,84,76,8,31,39,-8,24.1%,24.1%,0.0%,no_added_harm_vs_pyf
REFINE_007_OVERALL_THREE_65_25_10_LATE_20,GAUNTLET_081_DECLINE_SMALL_LATE_GUARD_THREE,C01,overall_decline_age_role_hybrid,A_OVERALL_DECLINE_AGE_ROLE_REFINEMENT,young_early_lifecycle,QB/RB/WR/TE,2846,477,16.8%,216,242,-26,193,190,3,14.4%,15.2%,-0.8%,improves_vs_pyf
REFINE_007_OVERALL_THREE_65_25_10_LATE_20,GAUNTLET_081_DECLINE_SMALL_LATE_GUARD_THREE,C01,overall_decline_age_role_hybrid,A_OVERALL_DECLINE_AGE_ROLE_REFINEMENT,high_volume_role,QB/RB/WR/TE,1405,644,45.8%,452,469,-17,86,85,1,38.3%,39.4%,-1.1%,improves_vs_pyf
REFINE_007_OVERALL_THREE_65_25_10_LATE_20,GAUNTLET_081_DECLINE_SMALL_LATE_GUARD_THREE,C01,overall_decline_age_role_hybrid,A_OVERALL_DECLINE_AGE_ROLE_REFINEMENT,low_or_sparse_role,QB/RB/WR/TE,1843,55,3.0%,4,0,4,46,54,-8,2.7%,2.9%,-0.2%,improves_vs_pyf
REFINE_007_OVERALL_THREE_65_25_10_LATE_20,GAUNTLET_081_DECLINE_SMALL_LATE_GUARD_THREE,C01,overall_decline_age_role_hybrid,A_OVERALL_DECLINE_AGE_ROLE_REFINEMENT,prior_decline_proxy,QB/RB/WR/TE,829,68,8.2%,452,469,-17,14,19,-5,56.2%,58.9%,-2.7%,improves_vs_pyf
REFINE_007_OVERALL_THREE_65_25_10_LATE_20,GAUNTLET_081_DECLINE_SMALL_LATE_GUARD_THREE,C01,overall_decline_age_role_hybrid,A_OVERALL_DECLINE_AGE_ROLE_REFINEMENT,rb_high_touch_role,QB/RB/WR/TE,361,173,47.9%,159,162,-3,10,6,4,46.8%,46.5%,0.3%,worse_than_pyf
REFINE_007_OVERALL_THREE_65_25_10_LATE_20,GAUNTLET_081_DECLINE_SMALL_LATE_GUARD_THREE,C01,overall_decline_age_role_hybrid,A_OVERALL_DECLINE_AGE_ROLE_REFINEMENT,receiver_high_target_role,QB/RB/WR/TE,850,391,46.0%,253,264,-11,52,53,-1,35.9%,37.3%,-1.4%,improves_vs_pyf
REFINE_007_OVERALL_THREE_65_25_10_LATE_20,GAUNTLET_081_DECLINE_SMALL_LATE_GUARD_THREE,C01,overall_decline_age_role_hybrid,A_OVERALL_DECLINE_AGE_ROLE_REFINEMENT,age_missing,QB/RB/WR/TE,8,0,0.0%,0,0,0,0,0,0,0.0%,0.0%,0.0%,no_added_harm_vs_pyf
REFINE_008_OVERALL_THREE_65_25_10_LATE_30,GAUNTLET_081_DECLINE_SMALL_LATE_GUARD_THREE,C01,overall_decline_age_role_hybrid,A_OVERALL_DECLINE_AGE_ROLE_REFINEMENT,sparse_history,QB/RB/WR/TE,1453,48,3.3%,4,0,4,40,48,-8,3.0%,3.3%,-0.3%,improves_vs_pyf
REFINE_008_OVERALL_THREE_65_25_10_LATE_30,GAUNTLET_081_DECLINE_SMALL_LATE_GUARD_THREE,C01,overall_decline_age_role_hybrid,A_OVERALL_DECLINE_AGE_ROLE_REFINEMENT,low_games,QB/RB/WR/TE,1453,48,3.3%,4,0,4,40,48,-8,3.0%,3.3%,-0.3%,improves_vs_pyf
REFINE_008_OVERALL_THREE_65_25_10_LATE_30,GAUNTLET_081_DECLINE_SMALL_LATE_GUARD_THREE,C01,overall_decline_age_role_hybrid,A_OVERALL_DECLINE_AGE_ROLE_REFINEMENT,older_late_lifecycle,QB/RB/WR/TE,478,91,19.0%,79,76,3,32,39,-7,23.2%,24.1%,-0.8%,improves_vs_pyf
REFINE_008_OVERALL_THREE_65_25_10_LATE_30,GAUNTLET_081_DECLINE_SMALL_LATE_GUARD_THREE,C01,overall_decline_age_role_hybrid,A_OVERALL_DECLINE_AGE_ROLE_REFINEMENT,young_early_lifecycle,QB/RB/WR/TE,2846,477,16.8%,217,242,-25,193,190,3,14.4%,15.2%,-0.8%,improves_vs_pyf
REFINE_008_OVERALL_THREE_65_25_10_LATE_30,GAUNTLET_081_DECLINE_SMALL_LATE_GUARD_THREE,C01,overall_decline_age_role_hybrid,A_OVERALL_DECLINE_AGE_ROLE_REFINEMENT,high_volume_role,QB/RB/WR/TE,1405,644,45.8%,453,469,-16,87,85,2,38.4%,39.4%,-1.0%,improves_vs_pyf
REFINE_008_OVERALL_THREE_65_25_10_LATE_30,GAUNTLET_081_DECLINE_SMALL_LATE_GUARD_THREE,C01,overall_decline_age_role_hybrid,A_OVERALL_DECLINE_AGE_ROLE_REFINEMENT,low_or_sparse_role,QB/RB/WR/TE,1843,55,3.0%,4,0,4,46,54,-8,2.7%,2.9%,-0.2%,improves_vs_pyf
REFINE_008_OVERALL_THREE_65_25_10_LATE_30,GAUNTLET_081_DECLINE_SMALL_LATE_GUARD_THREE,C01,overall_decline_age_role_hybrid,A_OVERALL_DECLINE_AGE_ROLE_REFINEMENT,prior_decline_proxy,QB/RB/WR/TE,829,68,8.2%,453,469,-16,15,19,-4,56.5%,58.9%,-2.4%,improves_vs_pyf
REFINE_008_OVERALL_THREE_65_25_10_LATE_30,GAUNTLET_081_DECLINE_SMALL_LATE_GUARD_THREE,C01,overall_decline_age_role_hybrid,A_OVERALL_DECLINE_AGE_ROLE_REFINEMENT,rb_high_touch_role,QB/RB/WR/TE,361,173,47.9%,159,162,-3,10,6,4,46.8%,46.5%,0.3%,worse_than_pyf
REFINE_008_OVERALL_THREE_65_25_10_LATE_30,GAUNTLET_081_DECLINE_SMALL_LATE_GUARD_THREE,C01,overall_decline_age_role_hybrid,A_OVERALL_DECLINE_AGE_ROLE_REFINEMENT,receiver_high_target_role,QB/RB/WR/TE,850,391,46.0%,253,264,-11,53,53,0,36.0%,37.3%,-1.3%,improves_vs_pyf
REFINE_008_OVERALL_THREE_65_25_10_LATE_30,GAUNTLET_081_DECLINE_SMALL_LATE_GUARD_THREE,C01,overall_decline_age_role_hybrid,A_OVERALL_DECLINE_AGE_ROLE_REFINEMENT,age_missing,QB/RB/WR/TE,8,0,0.0%,0,0,0,0,0,0,0.0%,0.0%,0.0%,no_added_harm_vs_pyf
REFINE_009_OVERALL_THREE_60_30_10_LATE_0,GAUNTLET_081_DECLINE_SMALL_LATE_GUARD_THREE,C01,overall_decline_age_role_hybrid,A_OVERALL_DECLINE_AGE_ROLE_REFINEMENT,sparse_history,QB/RB/WR/TE,1453,48,3.3%,5,0,5,39,48,-9,3.0%,3.3%,-0.3%,improves_vs_pyf
REFINE_009_OVERALL_THREE_60_30_10_LATE_0,GAUNTLET_081_DECLINE_SMALL_LATE_GUARD_THREE,C01,overall_decline_age_role_hybrid,A_OVERALL_DECLINE_AGE_ROLE_REFINEMENT,low_games,QB/RB/WR/TE,1453,48,3.3%,5,0,5,39,48,-9,3.0%,3.3%,-0.3%,improves_vs_pyf
REFINE_009_OVERALL_THREE_60_30_10_LATE_0,GAUNTLET_081_DECLINE_SMALL_LATE_GUARD_THREE,C01,overall_decline_age_role_hybrid,A_OVERALL_DECLINE_AGE_ROLE_REFINEMENT,older_late_lifecycle,QB/RB/WR/TE,478,91,19.0%,92,76,16,27,39,-12,24.9%,24.1%,0.8%,worse_than_pyf
REFINE_009_OVERALL_THREE_60_30_10_LATE_0,GAUNTLET_081_DECLINE_SMALL_LATE_GUARD_THREE,C01,overall_decline_age_role_hybrid,A_OVERALL_DECLINE_AGE_ROLE_REFINEMENT,young_early_lifecycle,QB/RB/WR/TE,2846,477,16.8%,208,242,-34,195,190,5,14.2%,15.2%,-1.0%,improves_vs_pyf
REFINE_009_OVERALL_THREE_60_30_10_LATE_0,GAUNTLET_081_DECLINE_SMALL_LATE_GUARD_THREE,C01,overall_decline_age_role_hybrid,A_OVERALL_DECLINE_AGE_ROLE_REFINEMENT,high_volume_role,QB/RB/WR/TE,1405,644,45.8%,447,469,-22,86,85,1,37.9%,39.4%,-1.5%,improves_vs_pyf
REFINE_009_OVERALL_THREE_60_30_10_LATE_0,GAUNTLET_081_DECLINE_SMALL_LATE_GUARD_THREE,C01,overall_decline_age_role_hybrid,A_OVERALL_DECLINE_AGE_ROLE_REFINEMENT,low_or_sparse_role,QB/RB/WR/TE,1843,55,3.0%,5,0,5,45,54,-9,2.7%,2.9%,-0.2%,improves_vs_pyf
REFINE_009_OVERALL_THREE_60_30_10_LATE_0,GAUNTLET_081_DECLINE_SMALL_LATE_GUARD_THREE,C01,overall_decline_age_role_hybrid,A_OVERALL_DECLINE_AGE_ROLE_REFINEMENT,prior_decline_proxy,QB/RB/WR/TE,829,68,8.2%,447,469,-22,11,19,-8,55.2%,58.9%,-3.6%,improves_vs_pyf
REFINE_009_OVERALL_THREE_60_30_10_LATE_0,GAUNTLET_081_DECLINE_SMALL_LATE_GUARD_THREE,C01,overall_decline_age_role_hybrid,A_OVERALL_DECLINE_AGE_ROLE_REFINEMENT,rb_high_touch_role,QB/RB/WR/TE,361,173,47.9%,157,162,-5,10,6,4,46.3%,46.5%,-0.3%,improves_vs_pyf
REFINE_009_OVERALL_THREE_60_30_10_LATE_0,GAUNTLET_081_DECLINE_SMALL_LATE_GUARD_THREE,C01,overall_decline_age_role_hybrid,A_OVERALL_DECLINE_AGE_ROLE_REFINEMENT,receiver_high_target_role,QB/RB/WR/TE,850,391,46.0%,251,264,-13,52,53,-1,35.6%,37.3%,-1.6%,improves_vs_pyf
REFINE_009_OVERALL_THREE_60_30_10_LATE_0,GAUNTLET_081_DECLINE_SMALL_LATE_GUARD_THREE,C01,overall_decline_age_role_hybrid,A_OVERALL_DECLINE_AGE_ROLE_REFINEMENT,age_missing,QB/RB/WR/TE,8,0,0.0%,0,0,0,0,0,0,0.0%,0.0%,0.0%,no_added_harm_vs_pyf
REFINE_010_OVERALL_THREE_60_30_10_LATE_10,GAUNTLET_081_DECLINE_SMALL_LATE_GUARD_THREE,C01,overall_decline_age_role_hybrid,A_OVERALL_DECLINE_AGE_ROLE_REFINEMENT,sparse_history,QB/RB/WR/TE,1453,48,3.3%,5,0,5,39,48,-9,3.0%,3.3%,-0.3%,improves_vs_pyf
REFINE_010_OVERALL_THREE_60_30_10_LATE_10,GAUNTLET_081_DECLINE_SMALL_LATE_GUARD_THREE,C01,overall_decline_age_role_hybrid,A_OVERALL_DECLINE_AGE_ROLE_REFINEMENT,low_games,QB/RB/WR/TE,1453,48,3.3%,5,0,5,39,48,-9,3.0%,3.3%,-0.3%,improves_vs_pyf
REFINE_010_OVERALL_THREE_60_30_10_LATE_10,GAUNTLET_081_DECLINE_SMALL_LATE_GUARD_THREE,C01,overall_decline_age_role_hybrid,A_OVERALL_DECLINE_AGE_ROLE_REFINEMENT,older_late_lifecycle,QB/RB/WR/TE,478,91,19.0%,88,76,12,29,39,-10,24.5%,24.1%,0.4%,worse_than_pyf
REFINE_010_OVERALL_THREE_60_30_10_LATE_10,GAUNTLET_081_DECLINE_SMALL_LATE_GUARD_THREE,C01,overall_decline_age_role_hybrid,A_OVERALL_DECLINE_AGE_ROLE_REFINEMENT,young_early_lifecycle,QB/RB/WR/TE,2846,477,16.8%,210,242,-32,193,190,3,14.2%,15.2%,-1.0%,improves_vs_pyf
REFINE_010_OVERALL_THREE_60_30_10_LATE_10,GAUNTLET_081_DECLINE_SMALL_LATE_GUARD_THREE,C01,overall_decline_age_role_hybrid,A_OVERALL_DECLINE_AGE_ROLE_REFINEMENT,high_volume_role,QB/RB/WR/TE,1405,644,45.8%,447,469,-22,85,85,0,37.9%,39.4%,-1.6%,improves_vs_pyf
REFINE_010_OVERALL_THREE_60_30_10_LATE_10,GAUNTLET_081_DECLINE_SMALL_LATE_GUARD_THREE,C01,overall_decline_age_role_hybrid,A_OVERALL_DECLINE_AGE_ROLE_REFINEMENT,low_or_sparse_role,QB/RB/WR/TE,1843,55,3.0%,5,0,5,45,54,-9,2.7%,2.9%,-0.2%,improves_vs_pyf
REFINE_010_OVERALL_THREE_60_30_10_LATE_10,GAUNTLET_081_DECLINE_SMALL_LATE_GUARD_THREE,C01,overall_decline_age_role_hybrid,A_OVERALL_DECLINE_AGE_ROLE_REFINEMENT,prior_decline_proxy,QB/RB/WR/TE,829,68,8.2%,447,469,-22,13,19,-6,55.5%,58.9%,-3.4%,improves_vs_pyf
REFINE_010_OVERALL_THREE_60_30_10_LATE_10,GAUNTLET_081_DECLINE_SMALL_LATE_GUARD_THREE,C01,overall_decline_age_role_hybrid,A_OVERALL_DECLINE_AGE_ROLE_REFINEMENT,rb_high_touch_role,QB/RB/WR/TE,361,173,47.9%,157,162,-5,10,6,4,46.3%,46.5%,-0.3%,improves_vs_pyf
REFINE_010_OVERALL_THREE_60_30_10_LATE_10,GAUNTLET_081_DECLINE_SMALL_LATE_GUARD_THREE,C01,overall_decline_age_role_hybrid,A_OVERALL_DECLINE_AGE_ROLE_REFINEMENT,receiver_high_target_role,QB/RB/WR/TE,850,391,46.0%,251,264,-13,51,53,-2,35.5%,37.3%,-1.8%,improves_vs_pyf
REFINE_010_OVERALL_THREE_60_30_10_LATE_10,GAUNTLET_081_DECLINE_SMALL_LATE_GUARD_THREE,C01,overall_decline_age_role_hybrid,A_OVERALL_DECLINE_AGE_ROLE_REFINEMENT,age_missing,QB/RB/WR/TE,8,0,0.0%,0,0,0,0,0,0,0.0%,0.0%,0.0%,no_added_harm_vs_pyf
REFINE_011_OVERALL_THREE_60_30_10_LATE_20,GAUNTLET_081_DECLINE_SMALL_LATE_GUARD_THREE,C01,overall_decline_age_role_hybrid,A_OVERALL_DECLINE_AGE_ROLE_REFINEMENT,sparse_history,QB/RB/WR/TE,1453,48,3.3%,5,0,5,39,48,-9,3.0%,3.3%,-0.3%,improves_vs_pyf
REFINE_011_OVERALL_THREE_60_30_10_LATE_20,GAUNTLET_081_DECLINE_SMALL_LATE_GUARD_THREE,C01,overall_decline_age_role_hybrid,A_OVERALL_DECLINE_AGE_ROLE_REFINEMENT,low_games,QB/RB/WR/TE,1453,48,3.3%,5,0,5,39,48,-9,3.0%,3.3%,-0.3%,improves_vs_pyf
REFINE_011_OVERALL_THREE_60_30_10_LATE_20,GAUNTLET_081_DECLINE_SMALL_LATE_GUARD_THREE,C01,overall_decline_age_role_hybrid,A_OVERALL_DECLINE_AGE_ROLE_REFINEMENT,older_late_lifecycle,QB/RB/WR/TE,478,91,19.0%,86,76,10,29,39,-10,24.1%,24.1%,0.0%,no_added_harm_vs_pyf
REFINE_011_OVERALL_THREE_60_30_10_LATE_20,GAUNTLET_081_DECLINE_SMALL_LATE_GUARD_THREE,C01,overall_decline_age_role_hybrid,A_OVERALL_DECLINE_AGE_ROLE_REFINEMENT,young_early_lifecycle,QB/RB/WR/TE,2846,477,16.8%,211,242,-31,193,190,3,14.2%,15.2%,-1.0%,improves_vs_pyf
REFINE_011_OVERALL_THREE_60_30_10_LATE_20,GAUNTLET_081_DECLINE_SMALL_LATE_GUARD_THREE,C01,overall_decline_age_role_hybrid,A_OVERALL_DECLINE_AGE_ROLE_REFINEMENT,high_volume_role,QB/RB/WR/TE,1405,644,45.8%,448,469,-21,85,85,0,37.9%,39.4%,-1.5%,improves_vs_pyf
REFINE_011_OVERALL_THREE_60_30_10_LATE_20,GAUNTLET_081_DECLINE_SMALL_LATE_GUARD_THREE,C01,overall_decline_age_role_hybrid,A_OVERALL_DECLINE_AGE_ROLE_REFINEMENT,low_or_sparse_role,QB/RB/WR/TE,1843,55,3.0%,5,0,5,45,54,-9,2.7%,2.9%,-0.2%,improves_vs_pyf
REFINE_011_OVERALL_THREE_60_30_10_LATE_20,GAUNTLET_081_DECLINE_SMALL_LATE_GUARD_THREE,C01,overall_decline_age_role_hybrid,A_OVERALL_DECLINE_AGE_ROLE_REFINEMENT,prior_decline_proxy,QB/RB/WR/TE,829,68,8.2%,448,469,-21,13,19,-6,55.6%,58.9%,-3.3%,improves_vs_pyf
REFINE_011_OVERALL_THREE_60_30_10_LATE_20,GAUNTLET_081_DECLINE_SMALL_LATE_GUARD_THREE,C01,overall_decline_age_role_hybrid,A_OVERALL_DECLINE_AGE_ROLE_REFINEMENT,rb_high_touch_role,QB/RB/WR/TE,361,173,47.9%,157,162,-5,10,6,4,46.3%,46.5%,-0.3%,improves_vs_pyf
REFINE_011_OVERALL_THREE_60_30_10_LATE_20,GAUNTLET_081_DECLINE_SMALL_LATE_GUARD_THREE,C01,overall_decline_age_role_hybrid,A_OVERALL_DECLINE_AGE_ROLE_REFINEMENT,receiver_high_target_role,QB/RB/WR/TE,850,391,46.0%,252,264,-12,51,53,-2,35.6%,37.3%,-1.6%,improves_vs_pyf
REFINE_011_OVERALL_THREE_60_30_10_LATE_20,GAUNTLET_081_DECLINE_SMALL_LATE_GUARD_THREE,C01,overall_decline_age_role_hybrid,A_OVERALL_DECLINE_AGE_ROLE_REFINEMENT,age_missing,QB/RB/WR/TE,8,0,0.0%,0,0,0,0,0,0,0.0%,0.0%,0.0%,no_added_harm_vs_pyf
REFINE_012_OVERALL_THREE_60_30_10_LATE_30,GAUNTLET_081_DECLINE_SMALL_LATE_GUARD_THREE,C01,overall_decline_age_role_hybrid,A_OVERALL_DECLINE_AGE_ROLE_REFINEMENT,sparse_history,QB/RB/WR/TE,1453,48,3.3%,5,0,5,39,48,-9,3.0%,3.3%,-0.3%,improves_vs_pyf
REFINE_012_OVERALL_THREE_60_30_10_LATE_30,GAUNTLET_081_DECLINE_SMALL_LATE_GUARD_THREE,C01,overall_decline_age_role_hybrid,A_OVERALL_DECLINE_AGE_ROLE_REFINEMENT,low_games,QB/RB/WR/TE,1453,48,3.3%,5,0,5,39,48,-9,3.0%,3.3%,-0.3%,improves_vs_pyf
REFINE_012_OVERALL_THREE_60_30_10_LATE_30,GAUNTLET_081_DECLINE_SMALL_LATE_GUARD_THREE,C01,overall_decline_age_role_hybrid,A_OVERALL_DECLINE_AGE_ROLE_REFINEMENT,older_late_lifecycle,QB/RB/WR/TE,478,91,19.0%,84,76,8,30,39,-9,23.8%,24.1%,-0.2%,improves_vs_pyf
REFINE_012_OVERALL_THREE_60_30_10_LATE_30,GAUNTLET_081_DECLINE_SMALL_LATE_GUARD_THREE,C01,overall_decline_age_role_hybrid,A_OVERALL_DECLINE_AGE_ROLE_REFINEMENT,young_early_lifecycle,QB/RB/WR/TE,2846,477,16.8%,212,242,-30,193,190,3,14.2%,15.2%,-0.9%,improves_vs_pyf
REFINE_012_OVERALL_THREE_60_30_10_LATE_30,GAUNTLET_081_DECLINE_SMALL_LATE_GUARD_THREE,C01,overall_decline_age_role_hybrid,A_OVERALL_DECLINE_AGE_ROLE_REFINEMENT,high_volume_role,QB/RB/WR/TE,1405,644,45.8%,449,469,-20,86,85,1,38.1%,39.4%,-1.4%,improves_vs_pyf
REFINE_012_OVERALL_THREE_60_30_10_LATE_30,GAUNTLET_081_DECLINE_SMALL_LATE_GUARD_THREE,C01,overall_decline_age_role_hybrid,A_OVERALL_DECLINE_AGE_ROLE_REFINEMENT,low_or_sparse_role,QB/RB/WR/TE,1843,55,3.0%,5,0,5,45,54,-9,2.7%,2.9%,-0.2%,improves_vs_pyf
REFINE_012_OVERALL_THREE_60_30_10_LATE_30,GAUNTLET_081_DECLINE_SMALL_LATE_GUARD_THREE,C01,overall_decline_age_role_hybrid,A_OVERALL_DECLINE_AGE_ROLE_REFINEMENT,prior_decline_proxy,QB/RB/WR/TE,829,68,8.2%,449,469,-20,14,19,-5,55.9%,58.9%,-3.0%,improves_vs_pyf
REFINE_012_OVERALL_THREE_60_30_10_LATE_30,GAUNTLET_081_DECLINE_SMALL_LATE_GUARD_THREE,C01,overall_decline_age_role_hybrid,A_OVERALL_DECLINE_AGE_ROLE_REFINEMENT,rb_high_touch_role,QB/RB/WR/TE,361,173,47.9%,157,162,-5,10,6,4,46.3%,46.5%,-0.3%,improves_vs_pyf
REFINE_012_OVERALL_THREE_60_30_10_LATE_30,GAUNTLET_081_DECLINE_SMALL_LATE_GUARD_THREE,C01,overall_decline_age_role_hybrid,A_OVERALL_DECLINE_AGE_ROLE_REFINEMENT,receiver_high_target_role,QB/RB/WR/TE,850,391,46.0%,253,264,-11,52,53,-1,35.9%,37.3%,-1.4%,improves_vs_pyf
REFINE_012_OVERALL_THREE_60_30_10_LATE_30,GAUNTLET_081_DECLINE_SMALL_LATE_GUARD_THREE,C01,overall_decline_age_role_hybrid,A_OVERALL_DECLINE_AGE_ROLE_REFINEMENT,age_missing,QB/RB/WR/TE,8,0,0.0%,0,0,0,0,0,0,0.0%,0.0%,0.0%,no_added_harm_vs_pyf
REFINE_013_OVERALL_THREE_55_30_15_LATE_0,GAUNTLET_081_DECLINE_SMALL_LATE_GUARD_THREE,C01,overall_decline_age_role_hybrid,A_OVERALL_DECLINE_AGE_ROLE_REFINEMENT,sparse_history,QB/RB/WR/TE,1453,48,3.3%,7,0,7,37,48,-11,3.0%,3.3%,-0.3%,improves_vs_pyf
REFINE_013_OVERALL_THREE_55_30_15_LATE_0,GAUNTLET_081_DECLINE_SMALL_LATE_GUARD_THREE,C01,overall_decline_age_role_hybrid,A_OVERALL_DECLINE_AGE_ROLE_REFINEMENT,low_games,QB/RB/WR/TE,1453,48,3.3%,7,0,7,37,48,-11,3.0%,3.3%,-0.3%,improves_vs_pyf
REFINE_013_OVERALL_THREE_55_30_15_LATE_0,GAUNTLET_081_DECLINE_SMALL_LATE_GUARD_THREE,C01,overall_decline_age_role_hybrid,A_OVERALL_DECLINE_AGE_ROLE_REFINEMENT,older_late_lifecycle,QB/RB/WR/TE,478,91,19.0%,99,76,23,28,39,-11,26.6%,24.1%,2.5%,worse_than_pyf
REFINE_013_OVERALL_THREE_55_30_15_LATE_0,GAUNTLET_081_DECLINE_SMALL_LATE_GUARD_THREE,C01,overall_decline_age_role_hybrid,A_OVERALL_DECLINE_AGE_ROLE_REFINEMENT,young_early_lifecycle,QB/RB/WR/TE,2846,477,16.8%,207,242,-35,198,190,8,14.2%,15.2%,-0.9%,improves_vs_pyf
REFINE_013_OVERALL_THREE_55_30_15_LATE_0,GAUNTLET_081_DECLINE_SMALL_LATE_GUARD_THREE,C01,overall_decline_age_role_hybrid,A_OVERALL_DECLINE_AGE_ROLE_REFINEMENT,high_volume_role,QB/RB/WR/TE,1405,644,45.8%,440,469,-29,95,85,10,38.1%,39.4%,-1.4%,improves_vs_pyf
REFINE_013_OVERALL_THREE_55_30_15_LATE_0,GAUNTLET_081_DECLINE_SMALL_LATE_GUARD_THREE,C01,overall_decline_age_role_hybrid,A_OVERALL_DECLINE_AGE_ROLE_REFINEMENT,low_or_sparse_role,QB/RB/WR/TE,1843,55,3.0%,7,0,7,43,54,-11,2.7%,2.9%,-0.2%,improves_vs_pyf
REFINE_013_OVERALL_THREE_55_30_15_LATE_0,GAUNTLET_081_DECLINE_SMALL_LATE_GUARD_THREE,C01,overall_decline_age_role_hybrid,A_OVERALL_DECLINE_AGE_ROLE_REFINEMENT,prior_decline_proxy,QB/RB/WR/TE,829,68,8.2%,440,469,-29,12,19,-7,54.5%,58.9%,-4.3%,improves_vs_pyf
REFINE_013_OVERALL_THREE_55_30_15_LATE_0,GAUNTLET_081_DECLINE_SMALL_LATE_GUARD_THREE,C01,overall_decline_age_role_hybrid,A_OVERALL_DECLINE_AGE_ROLE_REFINEMENT,rb_high_touch_role,QB/RB/WR/TE,361,173,47.9%,152,162,-10,14,6,8,46.0%,46.5%,-0.6%,improves_vs_pyf
REFINE_013_OVERALL_THREE_55_30_15_LATE_0,GAUNTLET_081_DECLINE_SMALL_LATE_GUARD_THREE,C01,overall_decline_age_role_hybrid,A_OVERALL_DECLINE_AGE_ROLE_REFINEMENT,receiver_high_target_role,QB/RB/WR/TE,850,391,46.0%,247,264,-17,57,53,4,35.8%,37.3%,-1.5%,improves_vs_pyf
REFINE_013_OVERALL_THREE_55_30_15_LATE_0,GAUNTLET_081_DECLINE_SMALL_LATE_GUARD_THREE,C01,overall_decline_age_role_hybrid,A_OVERALL_DECLINE_AGE_ROLE_REFINEMENT,age_missing,QB/RB/WR/TE,8,0,0.0%,0,0,0,0,0,0,0.0%,0.0%,0.0%,no_added_harm_vs_pyf
REFINE_014_OVERALL_THREE_55_30_15_LATE_10,GAUNTLET_081_DECLINE_SMALL_LATE_GUARD_THREE,C01,overall_decline_age_role_hybrid,A_OVERALL_DECLINE_AGE_ROLE_REFINEMENT,sparse_history,QB/RB/WR/TE,1453,48,3.3%,7,0,7,37,48,-11,3.0%,3.3%,-0.3%,improves_vs_pyf
REFINE_014_OVERALL_THREE_55_30_15_LATE_10,GAUNTLET_081_DECLINE_SMALL_LATE_GUARD_THREE,C01,overall_decline_age_role_hybrid,A_OVERALL_DECLINE_AGE_ROLE_REFINEMENT,low_games,QB/RB/WR/TE,1453,48,3.3%,7,0,7,37,48,-11,3.0%,3.3%,-0.3%,improves_vs_pyf
REFINE_014_OVERALL_THREE_55_30_15_LATE_10,GAUNTLET_081_DECLINE_SMALL_LATE_GUARD_THREE,C01,overall_decline_age_role_hybrid,A_OVERALL_DECLINE_AGE_ROLE_REFINEMENT,older_late_lifecycle,QB/RB/WR/TE,478,91,19.0%,93,76,17,28,39,-11,25.3%,24.1%,1.3%,worse_than_pyf
REFINE_014_OVERALL_THREE_55_30_15_LATE_10,GAUNTLET_081_DECLINE_SMALL_LATE_GUARD_THREE,C01,overall_decline_age_role_hybrid,A_OVERALL_DECLINE_AGE_ROLE_REFINEMENT,young_early_lifecycle,QB/RB/WR/TE,2846,477,16.8%,207,242,-35,195,190,5,14.1%,15.2%,-1.1%,improves_vs_pyf
REFINE_014_OVERALL_THREE_55_30_15_LATE_10,GAUNTLET_081_DECLINE_SMALL_LATE_GUARD_THREE,C01,overall_decline_age_role_hybrid,A_OVERALL_DECLINE_AGE_ROLE_REFINEMENT,high_volume_role,QB/RB/WR/TE,1405,644,45.8%,439,469,-30,93,85,8,37.9%,39.4%,-1.6%,improves_vs_pyf
REFINE_014_OVERALL_THREE_55_30_15_LATE_10,GAUNTLET_081_DECLINE_SMALL_LATE_GUARD_THREE,C01,overall_decline_age_role_hybrid,A_OVERALL_DECLINE_AGE_ROLE_REFINEMENT,low_or_sparse_role,QB/RB/WR/TE,1843,55,3.0%,7,0,7,43,54,-11,2.7%,2.9%,-0.2%,improves_vs_pyf
REFINE_014_OVERALL_THREE_55_30_15_LATE_10,GAUNTLET_081_DECLINE_SMALL_LATE_GUARD_THREE,C01,overall_decline_age_role_hybrid,A_OVERALL_DECLINE_AGE_ROLE_REFINEMENT,prior_decline_proxy,QB/RB/WR/TE,829,68,8.2%,439,469,-30,12,19,-7,54.4%,58.9%,-4.5%,improves_vs_pyf
REFINE_014_OVERALL_THREE_55_30_15_LATE_10,GAUNTLET_081_DECLINE_SMALL_LATE_GUARD_THREE,C01,overall_decline_age_role_hybrid,A_OVERALL_DECLINE_AGE_ROLE_REFINEMENT,rb_high_touch_role,QB/RB/WR/TE,361,173,47.9%,153,162,-9,14,6,8,46.3%,46.5%,-0.3%,improves_vs_pyf
REFINE_014_OVERALL_THREE_55_30_15_LATE_10,GAUNTLET_081_DECLINE_SMALL_LATE_GUARD_THREE,C01,overall_decline_age_role_hybrid,A_OVERALL_DECLINE_AGE_ROLE_REFINEMENT,receiver_high_target_role,QB/RB/WR/TE,850,391,46.0%,247,264,-17,56,53,3,35.6%,37.3%,-1.6%,improves_vs_pyf
REFINE_014_OVERALL_THREE_55_30_15_LATE_10,GAUNTLET_081_DECLINE_SMALL_LATE_GUARD_THREE,C01,overall_decline_age_role_hybrid,A_OVERALL_DECLINE_AGE_ROLE_REFINEMENT,age_missing,QB/RB/WR/TE,8,0,0.0%,0,0,0,0,0,0,0.0%,0.0%,0.0%,no_added_harm_vs_pyf
REFINE_015_OVERALL_THREE_55_30_15_LATE_20,GAUNTLET_081_DECLINE_SMALL_LATE_GUARD_THREE,C01,overall_decline_age_role_hybrid,A_OVERALL_DECLINE_AGE_ROLE_REFINEMENT,sparse_history,QB/RB/WR/TE,1453,48,3.3%,7,0,7,37,48,-11,3.0%,3.3%,-0.3%,improves_vs_pyf
REFINE_015_OVERALL_THREE_55_30_15_LATE_20,GAUNTLET_081_DECLINE_SMALL_LATE_GUARD_THREE,C01,overall_decline_age_role_hybrid,A_OVERALL_DECLINE_AGE_ROLE_REFINEMENT,low_games,QB/RB/WR/TE,1453,48,3.3%,7,0,7,37,48,-11,3.0%,3.3%,-0.3%,improves_vs_pyf
REFINE_015_OVERALL_THREE_55_30_15_LATE_20,GAUNTLET_081_DECLINE_SMALL_LATE_GUARD_THREE,C01,overall_decline_age_role_hybrid,A_OVERALL_DECLINE_AGE_ROLE_REFINEMENT,older_late_lifecycle,QB/RB/WR/TE,478,91,19.0%,89,76,13,30,39,-9,24.9%,24.1%,0.8%,worse_than_pyf
REFINE_015_OVERALL_THREE_55_30_15_LATE_20,GAUNTLET_081_DECLINE_SMALL_LATE_GUARD_THREE,C01,overall_decline_age_role_hybrid,A_OVERALL_DECLINE_AGE_ROLE_REFINEMENT,young_early_lifecycle,QB/RB/WR/TE,2846,477,16.8%,210,242,-32,195,190,5,14.2%,15.2%,-0.9%,improves_vs_pyf
REFINE_015_OVERALL_THREE_55_30_15_LATE_20,GAUNTLET_081_DECLINE_SMALL_LATE_GUARD_THREE,C01,overall_decline_age_role_hybrid,A_OVERALL_DECLINE_AGE_ROLE_REFINEMENT,high_volume_role,QB/RB/WR/TE,1405,644,45.8%,442,469,-27,95,85,10,38.2%,39.4%,-1.2%,improves_vs_pyf
REFINE_015_OVERALL_THREE_55_30_15_LATE_20,GAUNTLET_081_DECLINE_SMALL_LATE_GUARD_THREE,C01,overall_decline_age_role_hybrid,A_OVERALL_DECLINE_AGE_ROLE_REFINEMENT,low_or_sparse_role,QB/RB/WR/TE,1843,55,3.0%,7,0,7,43,54,-11,2.7%,2.9%,-0.2%,improves_vs_pyf
REFINE_015_OVERALL_THREE_55_30_15_LATE_20,GAUNTLET_081_DECLINE_SMALL_LATE_GUARD_THREE,C01,overall_decline_age_role_hybrid,A_OVERALL_DECLINE_AGE_ROLE_REFINEMENT,prior_decline_proxy,QB/RB/WR/TE,829,68,8.2%,442,469,-27,14,19,-5,55.0%,58.9%,-3.9%,improves_vs_pyf
REFINE_015_OVERALL_THREE_55_30_15_LATE_20,GAUNTLET_081_DECLINE_SMALL_LATE_GUARD_THREE,C01,overall_decline_age_role_hybrid,A_OVERALL_DECLINE_AGE_ROLE_REFINEMENT,rb_high_touch_role,QB/RB/WR/TE,361,173,47.9%,153,162,-9,14,6,8,46.3%,46.5%,-0.3%,improves_vs_pyf
REFINE_015_OVERALL_THREE_55_30_15_LATE_20,GAUNTLET_081_DECLINE_SMALL_LATE_GUARD_THREE,C01,overall_decline_age_role_hybrid,A_OVERALL_DECLINE_AGE_ROLE_REFINEMENT,receiver_high_target_role,QB/RB/WR/TE,850,391,46.0%,249,264,-15,57,53,4,36.0%,37.3%,-1.3%,improves_vs_pyf
REFINE_015_OVERALL_THREE_55_30_15_LATE_20,GAUNTLET_081_DECLINE_SMALL_LATE_GUARD_THREE,C01,overall_decline_age_role_hybrid,A_OVERALL_DECLINE_AGE_ROLE_REFINEMENT,age_missing,QB/RB/WR/TE,8,0,0.0%,0,0,0,0,0,0,0.0%,0.0%,0.0%,no_added_harm_vs_pyf
REFINE_016_OVERALL_THREE_55_30_15_LATE_30,GAUNTLET_081_DECLINE_SMALL_LATE_GUARD_THREE,C01,overall_decline_age_role_hybrid,A_OVERALL_DECLINE_AGE_ROLE_REFINEMENT,sparse_history,QB/RB/WR/TE,1453,48,3.3%,7,0,7,37,48,-11,3.0%,3.3%,-0.3%,improves_vs_pyf
REFINE_016_OVERALL_THREE_55_30_15_LATE_30,GAUNTLET_081_DECLINE_SMALL_LATE_GUARD_THREE,C01,overall_decline_age_role_hybrid,A_OVERALL_DECLINE_AGE_ROLE_REFINEMENT,low_games,QB/RB/WR/TE,1453,48,3.3%,7,0,7,37,48,-11,3.0%,3.3%,-0.3%,improves_vs_pyf
REFINE_016_OVERALL_THREE_55_30_15_LATE_30,GAUNTLET_081_DECLINE_SMALL_LATE_GUARD_THREE,C01,overall_decline_age_role_hybrid,A_OVERALL_DECLINE_AGE_ROLE_REFINEMENT,older_late_lifecycle,QB/RB/WR/TE,478,91,19.0%,86,76,10,30,39,-9,24.3%,24.1%,0.2%,worse_than_pyf
REFINE_016_OVERALL_THREE_55_30_15_LATE_30,GAUNTLET_081_DECLINE_SMALL_LATE_GUARD_THREE,C01,overall_decline_age_role_hybrid,A_OVERALL_DECLINE_AGE_ROLE_REFINEMENT,young_early_lifecycle,QB/RB/WR/TE,2846,477,16.8%,211,242,-31,195,190,5,14.3%,15.2%,-0.9%,improves_vs_pyf
REFINE_016_OVERALL_THREE_55_30_15_LATE_30,GAUNTLET_081_DECLINE_SMALL_LATE_GUARD_THREE,C01,overall_decline_age_role_hybrid,A_OVERALL_DECLINE_AGE_ROLE_REFINEMENT,high_volume_role,QB/RB/WR/TE,1405,644,45.8%,441,469,-28,95,85,10,38.1%,39.4%,-1.3%,improves_vs_pyf
REFINE_016_OVERALL_THREE_55_30_15_LATE_30,GAUNTLET_081_DECLINE_SMALL_LATE_GUARD_THREE,C01,overall_decline_age_role_hybrid,A_OVERALL_DECLINE_AGE_ROLE_REFINEMENT,low_or_sparse_role,QB/RB/WR/TE,1843,55,3.0%,7,0,7,43,54,-11,2.7%,2.9%,-0.2%,improves_vs_pyf
REFINE_016_OVERALL_THREE_55_30_15_LATE_30,GAUNTLET_081_DECLINE_SMALL_LATE_GUARD_THREE,C01,overall_decline_age_role_hybrid,A_OVERALL_DECLINE_AGE_ROLE_REFINEMENT,prior_decline_proxy,QB/RB/WR/TE,829,68,8.2%,441,469,-28,14,19,-5,54.9%,58.9%,-4.0%,improves_vs_pyf
REFINE_016_OVERALL_THREE_55_30_15_LATE_30,GAUNTLET_081_DECLINE_SMALL_LATE_GUARD_THREE,C01,overall_decline_age_role_hybrid,A_OVERALL_DECLINE_AGE_ROLE_REFINEMENT,rb_high_touch_role,QB/RB/WR/TE,361,173,47.9%,153,162,-9,14,6,8,46.3%,46.5%,-0.3%,improves_vs_pyf
REFINE_016_OVERALL_THREE_55_30_15_LATE_30,GAUNTLET_081_DECLINE_SMALL_LATE_GUARD_THREE,C01,overall_decline_age_role_hybrid,A_OVERALL_DECLINE_AGE_ROLE_REFINEMENT,receiver_high_target_role,QB/RB/WR/TE,850,391,46.0%,248,264,-16,57,53,4,35.9%,37.3%,-1.4%,improves_vs_pyf
REFINE_016_OVERALL_THREE_55_30_15_LATE_30,GAUNTLET_081_DECLINE_SMALL_LATE_GUARD_THREE,C01,overall_decline_age_role_hybrid,A_OVERALL_DECLINE_AGE_ROLE_REFINEMENT,age_missing,QB/RB/WR/TE,8,0,0.0%,0,0,0,0,0,0,0.0%,0.0%,0.0%,no_added_harm_vs_pyf
REFINE_017_OVERALL_THREE_50_35_15_LATE_0,GAUNTLET_081_DECLINE_SMALL_LATE_GUARD_THREE,C01,overall_decline_age_role_hybrid,A_OVERALL_DECLINE_AGE_ROLE_REFINEMENT,sparse_history,QB/RB/WR/TE,1453,48,3.3%,10,0,10,37,48,-11,3.2%,3.3%,-0.1%,improves_vs_pyf
REFINE_017_OVERALL_THREE_50_35_15_LATE_0,GAUNTLET_081_DECLINE_SMALL_LATE_GUARD_THREE,C01,overall_decline_age_role_hybrid,A_OVERALL_DECLINE_AGE_ROLE_REFINEMENT,low_games,QB/RB/WR/TE,1453,48,3.3%,10,0,10,37,48,-11,3.2%,3.3%,-0.1%,improves_vs_pyf
REFINE_017_OVERALL_THREE_50_35_15_LATE_0,GAUNTLET_081_DECLINE_SMALL_LATE_GUARD_THREE,C01,overall_decline_age_role_hybrid,A_OVERALL_DECLINE_AGE_ROLE_REFINEMENT,older_late_lifecycle,QB/RB/WR/TE,478,91,19.0%,102,76,26,27,39,-12,27.0%,24.1%,2.9%,worse_than_pyf
REFINE_017_OVERALL_THREE_50_35_15_LATE_0,GAUNTLET_081_DECLINE_SMALL_LATE_GUARD_THREE,C01,overall_decline_age_role_hybrid,A_OVERALL_DECLINE_AGE_ROLE_REFINEMENT,young_early_lifecycle,QB/RB/WR/TE,2846,477,16.8%,204,242,-38,201,190,11,14.2%,15.2%,-0.9%,improves_vs_pyf
REFINE_017_OVERALL_THREE_50_35_15_LATE_0,GAUNTLET_081_DECLINE_SMALL_LATE_GUARD_THREE,C01,overall_decline_age_role_hybrid,A_OVERALL_DECLINE_AGE_ROLE_REFINEMENT,high_volume_role,QB/RB/WR/TE,1405,644,45.8%,436,469,-33,98,85,13,38.0%,39.4%,-1.4%,improves_vs_pyf
REFINE_017_OVERALL_THREE_50_35_15_LATE_0,GAUNTLET_081_DECLINE_SMALL_LATE_GUARD_THREE,C01,overall_decline_age_role_hybrid,A_OVERALL_DECLINE_AGE_ROLE_REFINEMENT,low_or_sparse_role,QB/RB/WR/TE,1843,55,3.0%,10,0,10,43,54,-11,2.9%,2.9%,-0.1%,improves_vs_pyf
REFINE_017_OVERALL_THREE_50_35_15_LATE_0,GAUNTLET_081_DECLINE_SMALL_LATE_GUARD_THREE,C01,overall_decline_age_role_hybrid,A_OVERALL_DECLINE_AGE_ROLE_REFINEMENT,prior_decline_proxy,QB/RB/WR/TE,829,68,8.2%,436,469,-33,11,19,-8,53.9%,58.9%,-4.9%,improves_vs_pyf
REFINE_017_OVERALL_THREE_50_35_15_LATE_0,GAUNTLET_081_DECLINE_SMALL_LATE_GUARD_THREE,C01,overall_decline_age_role_hybrid,A_OVERALL_DECLINE_AGE_ROLE_REFINEMENT,rb_high_touch_role,QB/RB/WR/TE,361,173,47.9%,151,162,-11,15,6,9,46.0%,46.5%,-0.6%,improves_vs_pyf
REFINE_017_OVERALL_THREE_50_35_15_LATE_0,GAUNTLET_081_DECLINE_SMALL_LATE_GUARD_THREE,C01,overall_decline_age_role_hybrid,A_OVERALL_DECLINE_AGE_ROLE_REFINEMENT,receiver_high_target_role,QB/RB/WR/TE,850,391,46.0%,242,264,-22,57,53,4,35.2%,37.3%,-2.1%,improves_vs_pyf
REFINE_017_OVERALL_THREE_50_35_15_LATE_0,GAUNTLET_081_DECLINE_SMALL_LATE_GUARD_THREE,C01,overall_decline_age_role_hybrid,A_OVERALL_DECLINE_AGE_ROLE_REFINEMENT,age_missing,QB/RB/WR/TE,8,0,0.0%,0,0,0,0,0,0,0.0%,0.0%,0.0%,no_added_harm_vs_pyf
REFINE_018_OVERALL_THREE_50_35_15_LATE_10,GAUNTLET_081_DECLINE_SMALL_LATE_GUARD_THREE,C01,overall_decline_age_role_hybrid,A_OVERALL_DECLINE_AGE_ROLE_REFINEMENT,sparse_history,QB/RB/WR/TE,1453,48,3.3%,9,0,9,37,48,-11,3.2%,3.3%,-0.1%,improves_vs_pyf
REFINE_018_OVERALL_THREE_50_35_15_LATE_10,GAUNTLET_081_DECLINE_SMALL_LATE_GUARD_THREE,C01,overall_decline_age_role_hybrid,A_OVERALL_DECLINE_AGE_ROLE_REFINEMENT,low_games,QB/RB/WR/TE,1453,48,3.3%,9,0,9,37,48,-11,3.2%,3.3%,-0.1%,improves_vs_pyf
REFINE_018_OVERALL_THREE_50_35_15_LATE_10,GAUNTLET_081_DECLINE_SMALL_LATE_GUARD_THREE,C01,overall_decline_age_role_hybrid,A_OVERALL_DECLINE_AGE_ROLE_REFINEMENT,older_late_lifecycle,QB/RB/WR/TE,478,91,19.0%,96,76,20,28,39,-11,25.9%,24.1%,1.9%,worse_than_pyf
REFINE_018_OVERALL_THREE_50_35_15_LATE_10,GAUNTLET_081_DECLINE_SMALL_LATE_GUARD_THREE,C01,overall_decline_age_role_hybrid,A_OVERALL_DECLINE_AGE_ROLE_REFINEMENT,young_early_lifecycle,QB/RB/WR/TE,2846,477,16.8%,207,242,-35,198,190,8,14.2%,15.2%,-0.9%,improves_vs_pyf
REFINE_018_OVERALL_THREE_50_35_15_LATE_10,GAUNTLET_081_DECLINE_SMALL_LATE_GUARD_THREE,C01,overall_decline_age_role_hybrid,A_OVERALL_DECLINE_AGE_ROLE_REFINEMENT,high_volume_role,QB/RB/WR/TE,1405,644,45.8%,436,469,-33,95,85,10,37.8%,39.4%,-1.6%,improves_vs_pyf
REFINE_018_OVERALL_THREE_50_35_15_LATE_10,GAUNTLET_081_DECLINE_SMALL_LATE_GUARD_THREE,C01,overall_decline_age_role_hybrid,A_OVERALL_DECLINE_AGE_ROLE_REFINEMENT,low_or_sparse_role,QB/RB/WR/TE,1843,55,3.0%,9,0,9,43,54,-11,2.8%,2.9%,-0.1%,improves_vs_pyf
REFINE_018_OVERALL_THREE_50_35_15_LATE_10,GAUNTLET_081_DECLINE_SMALL_LATE_GUARD_THREE,C01,overall_decline_age_role_hybrid,A_OVERALL_DECLINE_AGE_ROLE_REFINEMENT,prior_decline_proxy,QB/RB/WR/TE,829,68,8.2%,436,469,-33,12,19,-7,54.0%,58.9%,-4.8%,improves_vs_pyf
REFINE_018_OVERALL_THREE_50_35_15_LATE_10,GAUNTLET_081_DECLINE_SMALL_LATE_GUARD_THREE,C01,overall_decline_age_role_hybrid,A_OVERALL_DECLINE_AGE_ROLE_REFINEMENT,rb_high_touch_role,QB/RB/WR/TE,361,173,47.9%,151,162,-11,15,6,9,46.0%,46.5%,-0.6%,improves_vs_pyf
REFINE_018_OVERALL_THREE_50_35_15_LATE_10,GAUNTLET_081_DECLINE_SMALL_LATE_GUARD_THREE,C01,overall_decline_age_role_hybrid,A_OVERALL_DECLINE_AGE_ROLE_REFINEMENT,receiver_high_target_role,QB/RB/WR/TE,850,391,46.0%,244,264,-20,57,53,4,35.4%,37.3%,-1.9%,improves_vs_pyf
REFINE_018_OVERALL_THREE_50_35_15_LATE_10,GAUNTLET_081_DECLINE_SMALL_LATE_GUARD_THREE,C01,overall_decline_age_role_hybrid,A_OVERALL_DECLINE_AGE_ROLE_REFINEMENT,age_missing,QB/RB/WR/TE,8,0,0.0%,0,0,0,0,0,0,0.0%,0.0%,0.0%,no_added_harm_vs_pyf
REFINE_019_OVERALL_THREE_50_35_15_LATE_20,GAUNTLET_081_DECLINE_SMALL_LATE_GUARD_THREE,C01,overall_decline_age_role_hybrid,A_OVERALL_DECLINE_AGE_ROLE_REFINEMENT,sparse_history,QB/RB/WR/TE,1453,48,3.3%,8,0,8,37,48,-11,3.1%,3.3%,-0.2%,improves_vs_pyf
REFINE_019_OVERALL_THREE_50_35_15_LATE_20,GAUNTLET_081_DECLINE_SMALL_LATE_GUARD_THREE,C01,overall_decline_age_role_hybrid,A_OVERALL_DECLINE_AGE_ROLE_REFINEMENT,low_games,QB/RB/WR/TE,1453,48,3.3%,8,0,8,37,48,-11,3.1%,3.3%,-0.2%,improves_vs_pyf
REFINE_019_OVERALL_THREE_50_35_15_LATE_20,GAUNTLET_081_DECLINE_SMALL_LATE_GUARD_THREE,C01,overall_decline_age_role_hybrid,A_OVERALL_DECLINE_AGE_ROLE_REFINEMENT,older_late_lifecycle,QB/RB/WR/TE,478,91,19.0%,94,76,18,29,39,-10,25.7%,24.1%,1.7%,worse_than_pyf
REFINE_019_OVERALL_THREE_50_35_15_LATE_20,GAUNTLET_081_DECLINE_SMALL_LATE_GUARD_THREE,C01,overall_decline_age_role_hybrid,A_OVERALL_DECLINE_AGE_ROLE_REFINEMENT,young_early_lifecycle,QB/RB/WR/TE,2846,477,16.8%,207,242,-35,198,190,8,14.2%,15.2%,-0.9%,improves_vs_pyf
REFINE_019_OVERALL_THREE_50_35_15_LATE_20,GAUNTLET_081_DECLINE_SMALL_LATE_GUARD_THREE,C01,overall_decline_age_role_hybrid,A_OVERALL_DECLINE_AGE_ROLE_REFINEMENT,high_volume_role,QB/RB/WR/TE,1405,644,45.8%,436,469,-33,95,85,10,37.8%,39.4%,-1.6%,improves_vs_pyf
REFINE_019_OVERALL_THREE_50_35_15_LATE_20,GAUNTLET_081_DECLINE_SMALL_LATE_GUARD_THREE,C01,overall_decline_age_role_hybrid,A_OVERALL_DECLINE_AGE_ROLE_REFINEMENT,low_or_sparse_role,QB/RB/WR/TE,1843,55,3.0%,8,0,8,43,54,-11,2.8%,2.9%,-0.2%,improves_vs_pyf
REFINE_019_OVERALL_THREE_50_35_15_LATE_20,GAUNTLET_081_DECLINE_SMALL_LATE_GUARD_THREE,C01,overall_decline_age_role_hybrid,A_OVERALL_DECLINE_AGE_ROLE_REFINEMENT,prior_decline_proxy,QB/RB/WR/TE,829,68,8.2%,436,469,-33,13,19,-6,54.2%,58.9%,-4.7%,improves_vs_pyf
REFINE_019_OVERALL_THREE_50_35_15_LATE_20,GAUNTLET_081_DECLINE_SMALL_LATE_GUARD_THREE,C01,overall_decline_age_role_hybrid,A_OVERALL_DECLINE_AGE_ROLE_REFINEMENT,rb_high_touch_role,QB/RB/WR/TE,361,173,47.9%,151,162,-11,15,6,9,46.0%,46.5%,-0.6%,improves_vs_pyf
REFINE_019_OVERALL_THREE_50_35_15_LATE_20,GAUNTLET_081_DECLINE_SMALL_LATE_GUARD_THREE,C01,overall_decline_age_role_hybrid,A_OVERALL_DECLINE_AGE_ROLE_REFINEMENT,receiver_high_target_role,QB/RB/WR/TE,850,391,46.0%,243,264,-21,56,53,3,35.2%,37.3%,-2.1%,improves_vs_pyf
REFINE_019_OVERALL_THREE_50_35_15_LATE_20,GAUNTLET_081_DECLINE_SMALL_LATE_GUARD_THREE,C01,overall_decline_age_role_hybrid,A_OVERALL_DECLINE_AGE_ROLE_REFINEMENT,age_missing,QB/RB/WR/TE,8,0,0.0%,0,0,0,0,0,0,0.0%,0.0%,0.0%,no_added_harm_vs_pyf
REFINE_020_OVERALL_THREE_50_35_15_LATE_30,GAUNTLET_081_DECLINE_SMALL_LATE_GUARD_THREE,C01,overall_decline_age_role_hybrid,A_OVERALL_DECLINE_AGE_ROLE_REFINEMENT,sparse_history,QB/RB/WR/TE,1453,48,3.3%,8,0,8,37,48,-11,3.1%,3.3%,-0.2%,improves_vs_pyf
REFINE_020_OVERALL_THREE_50_35_15_LATE_30,GAUNTLET_081_DECLINE_SMALL_LATE_GUARD_THREE,C01,overall_decline_age_role_hybrid,A_OVERALL_DECLINE_AGE_ROLE_REFINEMENT,low_games,QB/RB/WR/TE,1453,48,3.3%,8,0,8,37,48,-11,3.1%,3.3%,-0.2%,improves_vs_pyf
REFINE_020_OVERALL_THREE_50_35_15_LATE_30,GAUNTLET_081_DECLINE_SMALL_LATE_GUARD_THREE,C01,overall_decline_age_role_hybrid,A_OVERALL_DECLINE_AGE_ROLE_REFINEMENT,older_late_lifecycle,QB/RB/WR/TE,478,91,19.0%,90,76,14,30,39,-9,25.1%,24.1%,1.0%,worse_than_pyf
REFINE_020_OVERALL_THREE_50_35_15_LATE_30,GAUNTLET_081_DECLINE_SMALL_LATE_GUARD_THREE,C01,overall_decline_age_role_hybrid,A_OVERALL_DECLINE_AGE_ROLE_REFINEMENT,young_early_lifecycle,QB/RB/WR/TE,2846,477,16.8%,207,242,-35,197,190,7,14.2%,15.2%,-1.0%,improves_vs_pyf
REFINE_020_OVERALL_THREE_50_35_15_LATE_30,GAUNTLET_081_DECLINE_SMALL_LATE_GUARD_THREE,C01,overall_decline_age_role_hybrid,A_OVERALL_DECLINE_AGE_ROLE_REFINEMENT,high_volume_role,QB/RB/WR/TE,1405,644,45.8%,436,469,-33,96,85,11,37.9%,39.4%,-1.6%,improves_vs_pyf
REFINE_020_OVERALL_THREE_50_35_15_LATE_30,GAUNTLET_081_DECLINE_SMALL_LATE_GUARD_THREE,C01,overall_decline_age_role_hybrid,A_OVERALL_DECLINE_AGE_ROLE_REFINEMENT,low_or_sparse_role,QB/RB/WR/TE,1843,55,3.0%,8,0,8,43,54,-11,2.8%,2.9%,-0.2%,improves_vs_pyf
REFINE_020_OVERALL_THREE_50_35_15_LATE_30,GAUNTLET_081_DECLINE_SMALL_LATE_GUARD_THREE,C01,overall_decline_age_role_hybrid,A_OVERALL_DECLINE_AGE_ROLE_REFINEMENT,prior_decline_proxy,QB/RB/WR/TE,829,68,8.2%,436,469,-33,14,19,-5,54.3%,58.9%,-4.6%,improves_vs_pyf
REFINE_020_OVERALL_THREE_50_35_15_LATE_30,GAUNTLET_081_DECLINE_SMALL_LATE_GUARD_THREE,C01,overall_decline_age_role_hybrid,A_OVERALL_DECLINE_AGE_ROLE_REFINEMENT,rb_high_touch_role,QB/RB/WR/TE,361,173,47.9%,151,162,-11,15,6,9,46.0%,46.5%,-0.6%,improves_vs_pyf
REFINE_020_OVERALL_THREE_50_35_15_LATE_30,GAUNTLET_081_DECLINE_SMALL_LATE_GUARD_THREE,C01,overall_decline_age_role_hybrid,A_OVERALL_DECLINE_AGE_ROLE_REFINEMENT,receiver_high_target_role,QB/RB/WR/TE,850,391,46.0%,245,264,-19,57,53,4,35.5%,37.3%,-1.8%,improves_vs_pyf
REFINE_020_OVERALL_THREE_50_35_15_LATE_30,GAUNTLET_081_DECLINE_SMALL_LATE_GUARD_THREE,C01,overall_decline_age_role_hybrid,A_OVERALL_DECLINE_AGE_ROLE_REFINEMENT,age_missing,QB/RB/WR/TE,8,0,0.0%,0,0,0,0,0,0,0.0%,0.0%,0.0%,no_added_harm_vs_pyf
REFINE_021_OVERALL_THREE_50_30_20_LATE_0,GAUNTLET_081_DECLINE_SMALL_LATE_GUARD_THREE,C01,overall_decline_age_role_hybrid,A_OVERALL_DECLINE_AGE_ROLE_REFINEMENT,sparse_history,QB/RB/WR/TE,1453,48,3.3%,12,0,12,37,48,-11,3.4%,3.3%,0.1%,worse_than_pyf
REFINE_021_OVERALL_THREE_50_30_20_LATE_0,GAUNTLET_081_DECLINE_SMALL_LATE_GUARD_THREE,C01,overall_decline_age_role_hybrid,A_OVERALL_DECLINE_AGE_ROLE_REFINEMENT,low_games,QB/RB/WR/TE,1453,48,3.3%,12,0,12,37,48,-11,3.4%,3.3%,0.1%,worse_than_pyf
REFINE_021_OVERALL_THREE_50_30_20_LATE_0,GAUNTLET_081_DECLINE_SMALL_LATE_GUARD_THREE,C01,overall_decline_age_role_hybrid,A_OVERALL_DECLINE_AGE_ROLE_REFINEMENT,older_late_lifecycle,QB/RB/WR/TE,478,91,19.0%,102,76,26,27,39,-12,27.0%,24.1%,2.9%,worse_than_pyf
REFINE_021_OVERALL_THREE_50_30_20_LATE_0,GAUNTLET_081_DECLINE_SMALL_LATE_GUARD_THREE,C01,overall_decline_age_role_hybrid,A_OVERALL_DECLINE_AGE_ROLE_REFINEMENT,young_early_lifecycle,QB/RB/WR/TE,2846,477,16.8%,204,242,-38,202,190,12,14.3%,15.2%,-0.9%,improves_vs_pyf
REFINE_021_OVERALL_THREE_50_30_20_LATE_0,GAUNTLET_081_DECLINE_SMALL_LATE_GUARD_THREE,C01,overall_decline_age_role_hybrid,A_OVERALL_DECLINE_AGE_ROLE_REFINEMENT,high_volume_role,QB/RB/WR/TE,1405,644,45.8%,433,469,-36,103,85,18,38.1%,39.4%,-1.3%,improves_vs_pyf
REFINE_021_OVERALL_THREE_50_30_20_LATE_0,GAUNTLET_081_DECLINE_SMALL_LATE_GUARD_THREE,C01,overall_decline_age_role_hybrid,A_OVERALL_DECLINE_AGE_ROLE_REFINEMENT,low_or_sparse_role,QB/RB/WR/TE,1843,55,3.0%,12,0,12,43,54,-11,3.0%,2.9%,0.1%,worse_than_pyf
REFINE_021_OVERALL_THREE_50_30_20_LATE_0,GAUNTLET_081_DECLINE_SMALL_LATE_GUARD_THREE,C01,overall_decline_age_role_hybrid,A_OVERALL_DECLINE_AGE_ROLE_REFINEMENT,prior_decline_proxy,QB/RB/WR/TE,829,68,8.2%,433,469,-36,11,19,-8,53.6%,58.9%,-5.3%,improves_vs_pyf
REFINE_021_OVERALL_THREE_50_30_20_LATE_0,GAUNTLET_081_DECLINE_SMALL_LATE_GUARD_THREE,C01,overall_decline_age_role_hybrid,A_OVERALL_DECLINE_AGE_ROLE_REFINEMENT,rb_high_touch_role,QB/RB/WR/TE,361,173,47.9%,146,162,-16,15,6,9,44.6%,46.5%,-1.9%,improves_vs_pyf
REFINE_021_OVERALL_THREE_50_30_20_LATE_0,GAUNTLET_081_DECLINE_SMALL_LATE_GUARD_THREE,C01,overall_decline_age_role_hybrid,A_OVERALL_DECLINE_AGE_ROLE_REFINEMENT,receiver_high_target_role,QB/RB/WR/TE,850,391,46.0%,244,264,-20,62,53,9,36.0%,37.3%,-1.3%,improves_vs_pyf
REFINE_021_OVERALL_THREE_50_30_20_LATE_0,GAUNTLET_081_DECLINE_SMALL_LATE_GUARD_THREE,C01,overall_decline_age_role_hybrid,A_OVERALL_DECLINE_AGE_ROLE_REFINEMENT,age_missing,QB/RB/WR/TE,8,0,0.0%,0,0,0,0,0,0,0.0%,0.0%,0.0%,no_added_harm_vs_pyf
REFINE_022_OVERALL_THREE_50_30_20_LATE_10,GAUNTLET_081_DECLINE_SMALL_LATE_GUARD_THREE,C01,overall_decline_age_role_hybrid,A_OVERALL_DECLINE_AGE_ROLE_REFINEMENT,sparse_history,QB/RB/WR/TE,1453,48,3.3%,11,0,11,37,48,-11,3.3%,3.3%,0.0%,no_added_harm_vs_pyf
REFINE_022_OVERALL_THREE_50_30_20_LATE_10,GAUNTLET_081_DECLINE_SMALL_LATE_GUARD_THREE,C01,overall_decline_age_role_hybrid,A_OVERALL_DECLINE_AGE_ROLE_REFINEMENT,low_games,QB/RB/WR/TE,1453,48,3.3%,11,0,11,37,48,-11,3.3%,3.3%,0.0%,no_added_harm_vs_pyf
REFINE_022_OVERALL_THREE_50_30_20_LATE_10,GAUNTLET_081_DECLINE_SMALL_LATE_GUARD_THREE,C01,overall_decline_age_role_hybrid,A_OVERALL_DECLINE_AGE_ROLE_REFINEMENT,older_late_lifecycle,QB/RB/WR/TE,478,91,19.0%,98,76,22,28,39,-11,26.4%,24.1%,2.3%,worse_than_pyf
REFINE_022_OVERALL_THREE_50_30_20_LATE_10,GAUNTLET_081_DECLINE_SMALL_LATE_GUARD_THREE,C01,overall_decline_age_role_hybrid,A_OVERALL_DECLINE_AGE_ROLE_REFINEMENT,young_early_lifecycle,QB/RB/WR/TE,2846,477,16.8%,205,242,-37,200,190,10,14.2%,15.2%,-0.9%,improves_vs_pyf
REFINE_022_OVERALL_THREE_50_30_20_LATE_10,GAUNTLET_081_DECLINE_SMALL_LATE_GUARD_THREE,C01,overall_decline_age_role_hybrid,A_OVERALL_DECLINE_AGE_ROLE_REFINEMENT,high_volume_role,QB/RB/WR/TE,1405,644,45.8%,433,469,-36,101,85,16,38.0%,39.4%,-1.4%,improves_vs_pyf
REFINE_022_OVERALL_THREE_50_30_20_LATE_10,GAUNTLET_081_DECLINE_SMALL_LATE_GUARD_THREE,C01,overall_decline_age_role_hybrid,A_OVERALL_DECLINE_AGE_ROLE_REFINEMENT,low_or_sparse_role,QB/RB/WR/TE,1843,55,3.0%,11,0,11,43,54,-11,2.9%,2.9%,0.0%,no_added_harm_vs_pyf
REFINE_022_OVERALL_THREE_50_30_20_LATE_10,GAUNTLET_081_DECLINE_SMALL_LATE_GUARD_THREE,C01,overall_decline_age_role_hybrid,A_OVERALL_DECLINE_AGE_ROLE_REFINEMENT,prior_decline_proxy,QB/RB/WR/TE,829,68,8.2%,433,469,-36,12,19,-7,53.7%,58.9%,-5.2%,improves_vs_pyf
REFINE_022_OVERALL_THREE_50_30_20_LATE_10,GAUNTLET_081_DECLINE_SMALL_LATE_GUARD_THREE,C01,overall_decline_age_role_hybrid,A_OVERALL_DECLINE_AGE_ROLE_REFINEMENT,rb_high_touch_role,QB/RB/WR/TE,361,173,47.9%,146,162,-16,15,6,9,44.6%,46.5%,-1.9%,improves_vs_pyf
REFINE_022_OVERALL_THREE_50_30_20_LATE_10,GAUNTLET_081_DECLINE_SMALL_LATE_GUARD_THREE,C01,overall_decline_age_role_hybrid,A_OVERALL_DECLINE_AGE_ROLE_REFINEMENT,receiver_high_target_role,QB/RB/WR/TE,850,391,46.0%,246,264,-18,62,53,9,36.2%,37.3%,-1.1%,improves_vs_pyf
REFINE_022_OVERALL_THREE_50_30_20_LATE_10,GAUNTLET_081_DECLINE_SMALL_LATE_GUARD_THREE,C01,overall_decline_age_role_hybrid,A_OVERALL_DECLINE_AGE_ROLE_REFINEMENT,age_missing,QB/RB/WR/TE,8,0,0.0%,0,0,0,0,0,0,0.0%,0.0%,0.0%,no_added_harm_vs_pyf
REFINE_023_OVERALL_THREE_50_30_20_LATE_20,GAUNTLET_081_DECLINE_SMALL_LATE_GUARD_THREE,C01,overall_decline_age_role_hybrid,A_OVERALL_DECLINE_AGE_ROLE_REFINEMENT,sparse_history,QB/RB/WR/TE,1453,48,3.3%,11,0,11,37,48,-11,3.3%,3.3%,0.0%,no_added_harm_vs_pyf
REFINE_023_OVERALL_THREE_50_30_20_LATE_20,GAUNTLET_081_DECLINE_SMALL_LATE_GUARD_THREE,C01,overall_decline_age_role_hybrid,A_OVERALL_DECLINE_AGE_ROLE_REFINEMENT,low_games,QB/RB/WR/TE,1453,48,3.3%,11,0,11,37,48,-11,3.3%,3.3%,0.0%,no_added_harm_vs_pyf
REFINE_023_OVERALL_THREE_50_30_20_LATE_20,GAUNTLET_081_DECLINE_SMALL_LATE_GUARD_THREE,C01,overall_decline_age_role_hybrid,A_OVERALL_DECLINE_AGE_ROLE_REFINEMENT,older_late_lifecycle,QB/RB/WR/TE,478,91,19.0%,93,76,17,29,39,-10,25.5%,24.1%,1.5%,worse_than_pyf
REFINE_023_OVERALL_THREE_50_30_20_LATE_20,GAUNTLET_081_DECLINE_SMALL_LATE_GUARD_THREE,C01,overall_decline_age_role_hybrid,A_OVERALL_DECLINE_AGE_ROLE_REFINEMENT,young_early_lifecycle,QB/RB/WR/TE,2846,477,16.8%,207,242,-35,200,190,10,14.3%,15.2%,-0.9%,improves_vs_pyf
REFINE_023_OVERALL_THREE_50_30_20_LATE_20,GAUNTLET_081_DECLINE_SMALL_LATE_GUARD_THREE,C01,overall_decline_age_role_hybrid,A_OVERALL_DECLINE_AGE_ROLE_REFINEMENT,high_volume_role,QB/RB/WR/TE,1405,644,45.8%,434,469,-35,100,85,15,38.0%,39.4%,-1.4%,improves_vs_pyf
REFINE_023_OVERALL_THREE_50_30_20_LATE_20,GAUNTLET_081_DECLINE_SMALL_LATE_GUARD_THREE,C01,overall_decline_age_role_hybrid,A_OVERALL_DECLINE_AGE_ROLE_REFINEMENT,low_or_sparse_role,QB/RB/WR/TE,1843,55,3.0%,11,0,11,43,54,-11,2.9%,2.9%,0.0%,no_added_harm_vs_pyf
REFINE_023_OVERALL_THREE_50_30_20_LATE_20,GAUNTLET_081_DECLINE_SMALL_LATE_GUARD_THREE,C01,overall_decline_age_role_hybrid,A_OVERALL_DECLINE_AGE_ROLE_REFINEMENT,prior_decline_proxy,QB/RB/WR/TE,829,68,8.2%,434,469,-35,12,19,-7,53.8%,58.9%,-5.1%,improves_vs_pyf
REFINE_023_OVERALL_THREE_50_30_20_LATE_20,GAUNTLET_081_DECLINE_SMALL_LATE_GUARD_THREE,C01,overall_decline_age_role_hybrid,A_OVERALL_DECLINE_AGE_ROLE_REFINEMENT,rb_high_touch_role,QB/RB/WR/TE,361,173,47.9%,146,162,-16,15,6,9,44.6%,46.5%,-1.9%,improves_vs_pyf
REFINE_023_OVERALL_THREE_50_30_20_LATE_20,GAUNTLET_081_DECLINE_SMALL_LATE_GUARD_THREE,C01,overall_decline_age_role_hybrid,A_OVERALL_DECLINE_AGE_ROLE_REFINEMENT,receiver_high_target_role,QB/RB/WR/TE,850,391,46.0%,246,264,-18,61,53,8,36.1%,37.3%,-1.2%,improves_vs_pyf
REFINE_023_OVERALL_THREE_50_30_20_LATE_20,GAUNTLET_081_DECLINE_SMALL_LATE_GUARD_THREE,C01,overall_decline_age_role_hybrid,A_OVERALL_DECLINE_AGE_ROLE_REFINEMENT,age_missing,QB/RB/WR/TE,8,0,0.0%,0,0,0,0,0,0,0.0%,0.0%,0.0%,no_added_harm_vs_pyf
REFINE_024_OVERALL_THREE_50_30_20_LATE_30,GAUNTLET_081_DECLINE_SMALL_LATE_GUARD_THREE,C01,overall_decline_age_role_hybrid,A_OVERALL_DECLINE_AGE_ROLE_REFINEMENT,sparse_history,QB/RB/WR/TE,1453,48,3.3%,11,0,11,37,48,-11,3.3%,3.3%,0.0%,no_added_harm_vs_pyf
REFINE_024_OVERALL_THREE_50_30_20_LATE_30,GAUNTLET_081_DECLINE_SMALL_LATE_GUARD_THREE,C01,overall_decline_age_role_hybrid,A_OVERALL_DECLINE_AGE_ROLE_REFINEMENT,low_games,QB/RB/WR/TE,1453,48,3.3%,11,0,11,37,48,-11,3.3%,3.3%,0.0%,no_added_harm_vs_pyf
REFINE_024_OVERALL_THREE_50_30_20_LATE_30,GAUNTLET_081_DECLINE_SMALL_LATE_GUARD_THREE,C01,overall_decline_age_role_hybrid,A_OVERALL_DECLINE_AGE_ROLE_REFINEMENT,older_late_lifecycle,QB/RB/WR/TE,478,91,19.0%,91,76,15,31,39,-8,25.5%,24.1%,1.5%,worse_than_pyf
REFINE_024_OVERALL_THREE_50_30_20_LATE_30,GAUNTLET_081_DECLINE_SMALL_LATE_GUARD_THREE,C01,overall_decline_age_role_hybrid,A_OVERALL_DECLINE_AGE_ROLE_REFINEMENT,young_early_lifecycle,QB/RB/WR/TE,2846,477,16.8%,208,242,-34,198,190,8,14.3%,15.2%,-0.9%,improves_vs_pyf
REFINE_024_OVERALL_THREE_50_30_20_LATE_30,GAUNTLET_081_DECLINE_SMALL_LATE_GUARD_THREE,C01,overall_decline_age_role_hybrid,A_OVERALL_DECLINE_AGE_ROLE_REFINEMENT,high_volume_role,QB/RB/WR/TE,1405,644,45.8%,434,469,-35,101,85,16,38.1%,39.4%,-1.4%,improves_vs_pyf
REFINE_024_OVERALL_THREE_50_30_20_LATE_30,GAUNTLET_081_DECLINE_SMALL_LATE_GUARD_THREE,C01,overall_decline_age_role_hybrid,A_OVERALL_DECLINE_AGE_ROLE_REFINEMENT,low_or_sparse_role,QB/RB/WR/TE,1843,55,3.0%,11,0,11,43,54,-11,2.9%,2.9%,0.0%,no_added_harm_vs_pyf
REFINE_024_OVERALL_THREE_50_30_20_LATE_30,GAUNTLET_081_DECLINE_SMALL_LATE_GUARD_THREE,C01,overall_decline_age_role_hybrid,A_OVERALL_DECLINE_AGE_ROLE_REFINEMENT,prior_decline_proxy,QB/RB/WR/TE,829,68,8.2%,434,469,-35,14,19,-5,54.0%,58.9%,-4.8%,improves_vs_pyf
REFINE_024_OVERALL_THREE_50_30_20_LATE_30,GAUNTLET_081_DECLINE_SMALL_LATE_GUARD_THREE,C01,overall_decline_age_role_hybrid,A_OVERALL_DECLINE_AGE_ROLE_REFINEMENT,rb_high_touch_role,QB/RB/WR/TE,361,173,47.9%,146,162,-16,15,6,9,44.6%,46.5%,-1.9%,improves_vs_pyf
REFINE_024_OVERALL_THREE_50_30_20_LATE_30,GAUNTLET_081_DECLINE_SMALL_LATE_GUARD_THREE,C01,overall_decline_age_role_hybrid,A_OVERALL_DECLINE_AGE_ROLE_REFINEMENT,receiver_high_target_role,QB/RB/WR/TE,850,391,46.0%,246,264,-18,60,53,7,36.0%,37.3%,-1.3%,improves_vs_pyf
REFINE_024_OVERALL_THREE_50_30_20_LATE_30,GAUNTLET_081_DECLINE_SMALL_LATE_GUARD_THREE,C01,overall_decline_age_role_hybrid,A_OVERALL_DECLINE_AGE_ROLE_REFINEMENT,age_missing,QB/RB/WR/TE,8,0,0.0%,0,0,0,0,0,0,0.0%,0.0%,0.0%,no_added_harm_vs_pyf
REFINE_025_WRTE_THREE_75_20_5_PLAIN,GAUNTLET_103_HYBRID_WR_TE_THREE_65_ROLE_AGE,C02,wr_te_hybrid_role_age,B_WR_TE_HYBRID_ROLE_AGE_REFINEMENT,sparse_history,WR/TE,781,17,2.2%,0,0,0,15,17,-2,1.9%,2.2%,-0.3%,improves_vs_pyf
REFINE_025_WRTE_THREE_75_20_5_PLAIN,GAUNTLET_103_HYBRID_WR_TE_THREE_65_ROLE_AGE,C02,wr_te_hybrid_role_age,B_WR_TE_HYBRID_ROLE_AGE_REFINEMENT,low_games,WR/TE,781,17,2.2%,0,0,0,15,17,-2,1.9%,2.2%,-0.3%,improves_vs_pyf
REFINE_025_WRTE_THREE_75_20_5_PLAIN,GAUNTLET_103_HYBRID_WR_TE_THREE_65_ROLE_AGE,C02,wr_te_hybrid_role_age,B_WR_TE_HYBRID_ROLE_AGE_REFINEMENT,older_late_lifecycle,WR/TE,216,43,19.9%,48,44,4,9,13,-4,26.4%,26.4%,0.0%,no_added_harm_vs_pyf
REFINE_025_WRTE_THREE_75_20_5_PLAIN,GAUNTLET_103_HYBRID_WR_TE_THREE_65_ROLE_AGE,C02,wr_te_hybrid_role_age,B_WR_TE_HYBRID_ROLE_AGE_REFINEMENT,young_early_lifecycle,WR/TE,1748,270,15.4%,115,125,-10,115,112,3,13.2%,13.6%,-0.4%,improves_vs_pyf
REFINE_025_WRTE_THREE_75_20_5_PLAIN,GAUNTLET_103_HYBRID_WR_TE_THREE_65_ROLE_AGE,C02,wr_te_hybrid_role_age,B_WR_TE_HYBRID_ROLE_AGE_REFINEMENT,high_volume_role,WR/TE,850,391,46.0%,265,264,1,53,53,0,37.4%,37.3%,0.1%,worse_than_pyf
REFINE_025_WRTE_THREE_75_20_5_PLAIN,GAUNTLET_103_HYBRID_WR_TE_THREE_65_ROLE_AGE,C02,wr_te_hybrid_role_age,B_WR_TE_HYBRID_ROLE_AGE_REFINEMENT,low_or_sparse_role,WR/TE,1028,21,2.0%,0,0,0,18,20,-2,1.8%,1.9%,-0.2%,improves_vs_pyf
REFINE_025_WRTE_THREE_75_20_5_PLAIN,GAUNTLET_103_HYBRID_WR_TE_THREE_65_ROLE_AGE,C02,wr_te_hybrid_role_age,B_WR_TE_HYBRID_ROLE_AGE_REFINEMENT,prior_decline_proxy,WR/TE,492,33,6.7%,265,264,1,4,6,-2,54.7%,54.9%,-0.2%,improves_vs_pyf
REFINE_025_WRTE_THREE_75_20_5_PLAIN,GAUNTLET_103_HYBRID_WR_TE_THREE_65_ROLE_AGE,C02,wr_te_hybrid_role_age,B_WR_TE_HYBRID_ROLE_AGE_REFINEMENT,rb_high_touch_role,WR/TE,0,0,,0,0,0,0,0,0,,,,slice_not_present
REFINE_025_WRTE_THREE_75_20_5_PLAIN,GAUNTLET_103_HYBRID_WR_TE_THREE_65_ROLE_AGE,C02,wr_te_hybrid_role_age,B_WR_TE_HYBRID_ROLE_AGE_REFINEMENT,receiver_high_target_role,WR/TE,850,391,46.0%,265,264,1,53,53,0,37.4%,37.3%,0.1%,worse_than_pyf
REFINE_025_WRTE_THREE_75_20_5_PLAIN,GAUNTLET_103_HYBRID_WR_TE_THREE_65_ROLE_AGE,C02,wr_te_hybrid_role_age,B_WR_TE_HYBRID_ROLE_AGE_REFINEMENT,age_missing,WR/TE,8,0,0.0%,0,0,0,0,0,0,0.0%,0.0%,0.0%,no_added_harm_vs_pyf
REFINE_026_WRTE_THREE_75_20_5_LATE_010,GAUNTLET_103_HYBRID_WR_TE_THREE_65_ROLE_AGE,C02,wr_te_hybrid_role_age,B_WR_TE_HYBRID_ROLE_AGE_REFINEMENT,sparse_history,WR/TE,781,17,2.2%,0,0,0,15,17,-2,1.9%,2.2%,-0.3%,improves_vs_pyf
REFINE_026_WRTE_THREE_75_20_5_LATE_010,GAUNTLET_103_HYBRID_WR_TE_THREE_65_ROLE_AGE,C02,wr_te_hybrid_role_age,B_WR_TE_HYBRID_ROLE_AGE_REFINEMENT,low_games,WR/TE,781,17,2.2%,0,0,0,15,17,-2,1.9%,2.2%,-0.3%,improves_vs_pyf
REFINE_026_WRTE_THREE_75_20_5_LATE_010,GAUNTLET_103_HYBRID_WR_TE_THREE_65_ROLE_AGE,C02,wr_te_hybrid_role_age,B_WR_TE_HYBRID_ROLE_AGE_REFINEMENT,older_late_lifecycle,WR/TE,216,43,19.9%,46,44,2,9,13,-4,25.5%,26.4%,-0.9%,improves_vs_pyf
REFINE_026_WRTE_THREE_75_20_5_LATE_010,GAUNTLET_103_HYBRID_WR_TE_THREE_65_ROLE_AGE,C02,wr_te_hybrid_role_age,B_WR_TE_HYBRID_ROLE_AGE_REFINEMENT,young_early_lifecycle,WR/TE,1748,270,15.4%,116,125,-9,115,112,3,13.2%,13.6%,-0.3%,improves_vs_pyf
REFINE_026_WRTE_THREE_75_20_5_LATE_010,GAUNTLET_103_HYBRID_WR_TE_THREE_65_ROLE_AGE,C02,wr_te_hybrid_role_age,B_WR_TE_HYBRID_ROLE_AGE_REFINEMENT,high_volume_role,WR/TE,850,391,46.0%,265,264,1,52,53,-1,37.3%,37.3%,0.0%,no_added_harm_vs_pyf
REFINE_026_WRTE_THREE_75_20_5_LATE_010,GAUNTLET_103_HYBRID_WR_TE_THREE_65_ROLE_AGE,C02,wr_te_hybrid_role_age,B_WR_TE_HYBRID_ROLE_AGE_REFINEMENT,low_or_sparse_role,WR/TE,1028,21,2.0%,0,0,0,18,20,-2,1.8%,1.9%,-0.2%,improves_vs_pyf
REFINE_026_WRTE_THREE_75_20_5_LATE_010,GAUNTLET_103_HYBRID_WR_TE_THREE_65_ROLE_AGE,C02,wr_te_hybrid_role_age,B_WR_TE_HYBRID_ROLE_AGE_REFINEMENT,prior_decline_proxy,WR/TE,492,33,6.7%,265,264,1,4,6,-2,54.7%,54.9%,-0.2%,improves_vs_pyf
REFINE_026_WRTE_THREE_75_20_5_LATE_010,GAUNTLET_103_HYBRID_WR_TE_THREE_65_ROLE_AGE,C02,wr_te_hybrid_role_age,B_WR_TE_HYBRID_ROLE_AGE_REFINEMENT,rb_high_touch_role,WR/TE,0,0,,0,0,0,0,0,0,,,,slice_not_present
REFINE_026_WRTE_THREE_75_20_5_LATE_010,GAUNTLET_103_HYBRID_WR_TE_THREE_65_ROLE_AGE,C02,wr_te_hybrid_role_age,B_WR_TE_HYBRID_ROLE_AGE_REFINEMENT,receiver_high_target_role,WR/TE,850,391,46.0%,265,264,1,52,53,-1,37.3%,37.3%,0.0%,no_added_harm_vs_pyf
REFINE_026_WRTE_THREE_75_20_5_LATE_010,GAUNTLET_103_HYBRID_WR_TE_THREE_65_ROLE_AGE,C02,wr_te_hybrid_role_age,B_WR_TE_HYBRID_ROLE_AGE_REFINEMENT,age_missing,WR/TE,8,0,0.0%,0,0,0,0,0,0,0.0%,0.0%,0.0%,no_added_harm_vs_pyf
REFINE_027_WRTE_THREE_75_20_5_YOUNG_010,GAUNTLET_103_HYBRID_WR_TE_THREE_65_ROLE_AGE,C02,wr_te_hybrid_role_age,B_WR_TE_HYBRID_ROLE_AGE_REFINEMENT,sparse_history,WR/TE,781,17,2.2%,0,0,0,15,17,-2,1.9%,2.2%,-0.3%,improves_vs_pyf
REFINE_027_WRTE_THREE_75_20_5_YOUNG_010,GAUNTLET_103_HYBRID_WR_TE_THREE_65_ROLE_AGE,C02,wr_te_hybrid_role_age,B_WR_TE_HYBRID_ROLE_AGE_REFINEMENT,low_games,WR/TE,781,17,2.2%,0,0,0,15,17,-2,1.9%,2.2%,-0.3%,improves_vs_pyf
REFINE_027_WRTE_THREE_75_20_5_YOUNG_010,GAUNTLET_103_HYBRID_WR_TE_THREE_65_ROLE_AGE,C02,wr_te_hybrid_role_age,B_WR_TE_HYBRID_ROLE_AGE_REFINEMENT,older_late_lifecycle,WR/TE,216,43,19.9%,47,44,3,9,13,-4,25.9%,26.4%,-0.5%,improves_vs_pyf
REFINE_027_WRTE_THREE_75_20_5_YOUNG_010,GAUNTLET_103_HYBRID_WR_TE_THREE_65_ROLE_AGE,C02,wr_te_hybrid_role_age,B_WR_TE_HYBRID_ROLE_AGE_REFINEMENT,young_early_lifecycle,WR/TE,1748,270,15.4%,118,125,-7,112,112,0,13.2%,13.6%,-0.4%,improves_vs_pyf
REFINE_027_WRTE_THREE_75_20_5_YOUNG_010,GAUNTLET_103_HYBRID_WR_TE_THREE_65_ROLE_AGE,C02,wr_te_hybrid_role_age,B_WR_TE_HYBRID_ROLE_AGE_REFINEMENT,high_volume_role,WR/TE,850,391,46.0%,264,264,0,52,53,-1,37.2%,37.3%,-0.1%,improves_vs_pyf
REFINE_027_WRTE_THREE_75_20_5_YOUNG_010,GAUNTLET_103_HYBRID_WR_TE_THREE_65_ROLE_AGE,C02,wr_te_hybrid_role_age,B_WR_TE_HYBRID_ROLE_AGE_REFINEMENT,low_or_sparse_role,WR/TE,1028,21,2.0%,0,0,0,18,20,-2,1.8%,1.9%,-0.2%,improves_vs_pyf
REFINE_027_WRTE_THREE_75_20_5_YOUNG_010,GAUNTLET_103_HYBRID_WR_TE_THREE_65_ROLE_AGE,C02,wr_te_hybrid_role_age,B_WR_TE_HYBRID_ROLE_AGE_REFINEMENT,prior_decline_proxy,WR/TE,492,33,6.7%,264,264,0,4,6,-2,54.5%,54.9%,-0.4%,improves_vs_pyf
REFINE_027_WRTE_THREE_75_20_5_YOUNG_010,GAUNTLET_103_HYBRID_WR_TE_THREE_65_ROLE_AGE,C02,wr_te_hybrid_role_age,B_WR_TE_HYBRID_ROLE_AGE_REFINEMENT,rb_high_touch_role,WR/TE,0,0,,0,0,0,0,0,0,,,,slice_not_present
REFINE_027_WRTE_THREE_75_20_5_YOUNG_010,GAUNTLET_103_HYBRID_WR_TE_THREE_65_ROLE_AGE,C02,wr_te_hybrid_role_age,B_WR_TE_HYBRID_ROLE_AGE_REFINEMENT,receiver_high_target_role,WR/TE,850,391,46.0%,264,264,0,52,53,-1,37.2%,37.3%,-0.1%,improves_vs_pyf
REFINE_027_WRTE_THREE_75_20_5_YOUNG_010,GAUNTLET_103_HYBRID_WR_TE_THREE_65_ROLE_AGE,C02,wr_te_hybrid_role_age,B_WR_TE_HYBRID_ROLE_AGE_REFINEMENT,age_missing,WR/TE,8,0,0.0%,0,0,0,0,0,0,0.0%,0.0%,0.0%,no_added_harm_vs_pyf
REFINE_028_WRTE_THREE_75_20_5_LOWSPARSE_YOUNG_010,GAUNTLET_103_HYBRID_WR_TE_THREE_65_ROLE_AGE,C02,wr_te_hybrid_role_age,B_WR_TE_HYBRID_ROLE_AGE_REFINEMENT,sparse_history,WR/TE,781,17,2.2%,0,0,0,15,17,-2,1.9%,2.2%,-0.3%,improves_vs_pyf
REFINE_028_WRTE_THREE_75_20_5_LOWSPARSE_YOUNG_010,GAUNTLET_103_HYBRID_WR_TE_THREE_65_ROLE_AGE,C02,wr_te_hybrid_role_age,B_WR_TE_HYBRID_ROLE_AGE_REFINEMENT,low_games,WR/TE,781,17,2.2%,0,0,0,15,17,-2,1.9%,2.2%,-0.3%,improves_vs_pyf
REFINE_028_WRTE_THREE_75_20_5_LOWSPARSE_YOUNG_010,GAUNTLET_103_HYBRID_WR_TE_THREE_65_ROLE_AGE,C02,wr_te_hybrid_role_age,B_WR_TE_HYBRID_ROLE_AGE_REFINEMENT,older_late_lifecycle,WR/TE,216,43,19.9%,48,44,4,9,13,-4,26.4%,26.4%,0.0%,no_added_harm_vs_pyf
REFINE_028_WRTE_THREE_75_20_5_LOWSPARSE_YOUNG_010,GAUNTLET_103_HYBRID_WR_TE_THREE_65_ROLE_AGE,C02,wr_te_hybrid_role_age,B_WR_TE_HYBRID_ROLE_AGE_REFINEMENT,young_early_lifecycle,WR/TE,1748,270,15.4%,115,125,-10,115,112,3,13.2%,13.6%,-0.4%,improves_vs_pyf
REFINE_028_WRTE_THREE_75_20_5_LOWSPARSE_YOUNG_010,GAUNTLET_103_HYBRID_WR_TE_THREE_65_ROLE_AGE,C02,wr_te_hybrid_role_age,B_WR_TE_HYBRID_ROLE_AGE_REFINEMENT,high_volume_role,WR/TE,850,391,46.0%,265,264,1,53,53,0,37.4%,37.3%,0.1%,worse_than_pyf
REFINE_028_WRTE_THREE_75_20_5_LOWSPARSE_YOUNG_010,GAUNTLET_103_HYBRID_WR_TE_THREE_65_ROLE_AGE,C02,wr_te_hybrid_role_age,B_WR_TE_HYBRID_ROLE_AGE_REFINEMENT,low_or_sparse_role,WR/TE,1028,21,2.0%,0,0,0,18,20,-2,1.8%,1.9%,-0.2%,improves_vs_pyf
REFINE_028_WRTE_THREE_75_20_5_LOWSPARSE_YOUNG_010,GAUNTLET_103_HYBRID_WR_TE_THREE_65_ROLE_AGE,C02,wr_te_hybrid_role_age,B_WR_TE_HYBRID_ROLE_AGE_REFINEMENT,prior_decline_proxy,WR/TE,492,33,6.7%,265,264,1,4,6,-2,54.7%,54.9%,-0.2%,improves_vs_pyf
REFINE_028_WRTE_THREE_75_20_5_LOWSPARSE_YOUNG_010,GAUNTLET_103_HYBRID_WR_TE_THREE_65_ROLE_AGE,C02,wr_te_hybrid_role_age,B_WR_TE_HYBRID_ROLE_AGE_REFINEMENT,rb_high_touch_role,WR/TE,0,0,,0,0,0,0,0,0,,,,slice_not_present
REFINE_028_WRTE_THREE_75_20_5_LOWSPARSE_YOUNG_010,GAUNTLET_103_HYBRID_WR_TE_THREE_65_ROLE_AGE,C02,wr_te_hybrid_role_age,B_WR_TE_HYBRID_ROLE_AGE_REFINEMENT,receiver_high_target_role,WR/TE,850,391,46.0%,265,264,1,53,53,0,37.4%,37.3%,0.1%,worse_than_pyf
REFINE_028_WRTE_THREE_75_20_5_LOWSPARSE_YOUNG_010,GAUNTLET_103_HYBRID_WR_TE_THREE_65_ROLE_AGE,C02,wr_te_hybrid_role_age,B_WR_TE_HYBRID_ROLE_AGE_REFINEMENT,age_missing,WR/TE,8,0,0.0%,0,0,0,0,0,0,0.0%,0.0%,0.0%,no_added_harm_vs_pyf
REFINE_029_WRTE_THREE_70_20_10_PLAIN,GAUNTLET_103_HYBRID_WR_TE_THREE_65_ROLE_AGE,C02,wr_te_hybrid_role_age,B_WR_TE_HYBRID_ROLE_AGE_REFINEMENT,sparse_history,WR/TE,781,17,2.2%,0,0,0,14,17,-3,1.8%,2.2%,-0.4%,improves_vs_pyf
REFINE_029_WRTE_THREE_70_20_10_PLAIN,GAUNTLET_103_HYBRID_WR_TE_THREE_65_ROLE_AGE,C02,wr_te_hybrid_role_age,B_WR_TE_HYBRID_ROLE_AGE_REFINEMENT,low_games,WR/TE,781,17,2.2%,0,0,0,14,17,-3,1.8%,2.2%,-0.4%,improves_vs_pyf
REFINE_029_WRTE_THREE_70_20_10_PLAIN,GAUNTLET_103_HYBRID_WR_TE_THREE_65_ROLE_AGE,C02,wr_te_hybrid_role_age,B_WR_TE_HYBRID_ROLE_AGE_REFINEMENT,older_late_lifecycle,WR/TE,216,43,19.9%,49,44,5,6,13,-7,25.5%,26.4%,-0.9%,improves_vs_pyf
REFINE_029_WRTE_THREE_70_20_10_PLAIN,GAUNTLET_103_HYBRID_WR_TE_THREE_65_ROLE_AGE,C02,wr_te_hybrid_role_age,B_WR_TE_HYBRID_ROLE_AGE_REFINEMENT,young_early_lifecycle,WR/TE,1748,270,15.4%,109,125,-16,115,112,3,12.8%,13.6%,-0.7%,improves_vs_pyf
REFINE_029_WRTE_THREE_70_20_10_PLAIN,GAUNTLET_103_HYBRID_WR_TE_THREE_65_ROLE_AGE,C02,wr_te_hybrid_role_age,B_WR_TE_HYBRID_ROLE_AGE_REFINEMENT,high_volume_role,WR/TE,850,391,46.0%,259,264,-5,50,53,-3,36.4%,37.3%,-0.9%,improves_vs_pyf
REFINE_029_WRTE_THREE_70_20_10_PLAIN,GAUNTLET_103_HYBRID_WR_TE_THREE_65_ROLE_AGE,C02,wr_te_hybrid_role_age,B_WR_TE_HYBRID_ROLE_AGE_REFINEMENT,low_or_sparse_role,WR/TE,1028,21,2.0%,0,0,0,17,20,-3,1.7%,1.9%,-0.3%,improves_vs_pyf
REFINE_029_WRTE_THREE_70_20_10_PLAIN,GAUNTLET_103_HYBRID_WR_TE_THREE_65_ROLE_AGE,C02,wr_te_hybrid_role_age,B_WR_TE_HYBRID_ROLE_AGE_REFINEMENT,prior_decline_proxy,WR/TE,492,33,6.7%,259,264,-5,2,6,-4,53.0%,54.9%,-1.8%,improves_vs_pyf
REFINE_029_WRTE_THREE_70_20_10_PLAIN,GAUNTLET_103_HYBRID_WR_TE_THREE_65_ROLE_AGE,C02,wr_te_hybrid_role_age,B_WR_TE_HYBRID_ROLE_AGE_REFINEMENT,rb_high_touch_role,WR/TE,0,0,,0,0,0,0,0,0,,,,slice_not_present
REFINE_029_WRTE_THREE_70_20_10_PLAIN,GAUNTLET_103_HYBRID_WR_TE_THREE_65_ROLE_AGE,C02,wr_te_hybrid_role_age,B_WR_TE_HYBRID_ROLE_AGE_REFINEMENT,receiver_high_target_role,WR/TE,850,391,46.0%,259,264,-5,50,53,-3,36.4%,37.3%,-0.9%,improves_vs_pyf
REFINE_029_WRTE_THREE_70_20_10_PLAIN,GAUNTLET_103_HYBRID_WR_TE_THREE_65_ROLE_AGE,C02,wr_te_hybrid_role_age,B_WR_TE_HYBRID_ROLE_AGE_REFINEMENT,age_missing,WR/TE,8,0,0.0%,0,0,0,0,0,0,0.0%,0.0%,0.0%,no_added_harm_vs_pyf
REFINE_030_WRTE_THREE_70_20_10_LATE_010,GAUNTLET_103_HYBRID_WR_TE_THREE_65_ROLE_AGE,C02,wr_te_hybrid_role_age,B_WR_TE_HYBRID_ROLE_AGE_REFINEMENT,sparse_history,WR/TE,781,17,2.2%,0,0,0,14,17,-3,1.8%,2.2%,-0.4%,improves_vs_pyf
REFINE_030_WRTE_THREE_70_20_10_LATE_010,GAUNTLET_103_HYBRID_WR_TE_THREE_65_ROLE_AGE,C02,wr_te_hybrid_role_age,B_WR_TE_HYBRID_ROLE_AGE_REFINEMENT,low_games,WR/TE,781,17,2.2%,0,0,0,14,17,-3,1.8%,2.2%,-0.4%,improves_vs_pyf
REFINE_030_WRTE_THREE_70_20_10_LATE_010,GAUNTLET_103_HYBRID_WR_TE_THREE_65_ROLE_AGE,C02,wr_te_hybrid_role_age,B_WR_TE_HYBRID_ROLE_AGE_REFINEMENT,older_late_lifecycle,WR/TE,216,43,19.9%,48,44,4,6,13,-7,25.0%,26.4%,-1.4%,improves_vs_pyf
REFINE_030_WRTE_THREE_70_20_10_LATE_010,GAUNTLET_103_HYBRID_WR_TE_THREE_65_ROLE_AGE,C02,wr_te_hybrid_role_age,B_WR_TE_HYBRID_ROLE_AGE_REFINEMENT,young_early_lifecycle,WR/TE,1748,270,15.4%,110,125,-15,115,112,3,12.9%,13.6%,-0.7%,improves_vs_pyf
REFINE_030_WRTE_THREE_70_20_10_LATE_010,GAUNTLET_103_HYBRID_WR_TE_THREE_65_ROLE_AGE,C02,wr_te_hybrid_role_age,B_WR_TE_HYBRID_ROLE_AGE_REFINEMENT,high_volume_role,WR/TE,850,391,46.0%,259,264,-5,50,53,-3,36.4%,37.3%,-0.9%,improves_vs_pyf
REFINE_030_WRTE_THREE_70_20_10_LATE_010,GAUNTLET_103_HYBRID_WR_TE_THREE_65_ROLE_AGE,C02,wr_te_hybrid_role_age,B_WR_TE_HYBRID_ROLE_AGE_REFINEMENT,low_or_sparse_role,WR/TE,1028,21,2.0%,0,0,0,17,20,-3,1.7%,1.9%,-0.3%,improves_vs_pyf
REFINE_030_WRTE_THREE_70_20_10_LATE_010,GAUNTLET_103_HYBRID_WR_TE_THREE_65_ROLE_AGE,C02,wr_te_hybrid_role_age,B_WR_TE_HYBRID_ROLE_AGE_REFINEMENT,prior_decline_proxy,WR/TE,492,33,6.7%,259,264,-5,2,6,-4,53.0%,54.9%,-1.8%,improves_vs_pyf
REFINE_030_WRTE_THREE_70_20_10_LATE_010,GAUNTLET_103_HYBRID_WR_TE_THREE_65_ROLE_AGE,C02,wr_te_hybrid_role_age,B_WR_TE_HYBRID_ROLE_AGE_REFINEMENT,rb_high_touch_role,WR/TE,0,0,,0,0,0,0,0,0,,,,slice_not_present
REFINE_030_WRTE_THREE_70_20_10_LATE_010,GAUNTLET_103_HYBRID_WR_TE_THREE_65_ROLE_AGE,C02,wr_te_hybrid_role_age,B_WR_TE_HYBRID_ROLE_AGE_REFINEMENT,receiver_high_target_role,WR/TE,850,391,46.0%,259,264,-5,50,53,-3,36.4%,37.3%,-0.9%,improves_vs_pyf
REFINE_030_WRTE_THREE_70_20_10_LATE_010,GAUNTLET_103_HYBRID_WR_TE_THREE_65_ROLE_AGE,C02,wr_te_hybrid_role_age,B_WR_TE_HYBRID_ROLE_AGE_REFINEMENT,age_missing,WR/TE,8,0,0.0%,0,0,0,0,0,0,0.0%,0.0%,0.0%,no_added_harm_vs_pyf
REFINE_031_WRTE_THREE_70_20_10_YOUNG_010,GAUNTLET_103_HYBRID_WR_TE_THREE_65_ROLE_AGE,C02,wr_te_hybrid_role_age,B_WR_TE_HYBRID_ROLE_AGE_REFINEMENT,sparse_history,WR/TE,781,17,2.2%,0,0,0,14,17,-3,1.8%,2.2%,-0.4%,improves_vs_pyf
REFINE_031_WRTE_THREE_70_20_10_YOUNG_010,GAUNTLET_103_HYBRID_WR_TE_THREE_65_ROLE_AGE,C02,wr_te_hybrid_role_age,B_WR_TE_HYBRID_ROLE_AGE_REFINEMENT,low_games,WR/TE,781,17,2.2%,0,0,0,14,17,-3,1.8%,2.2%,-0.4%,improves_vs_pyf
REFINE_031_WRTE_THREE_70_20_10_YOUNG_010,GAUNTLET_103_HYBRID_WR_TE_THREE_65_ROLE_AGE,C02,wr_te_hybrid_role_age,B_WR_TE_HYBRID_ROLE_AGE_REFINEMENT,older_late_lifecycle,WR/TE,216,43,19.9%,48,44,4,6,13,-7,25.0%,26.4%,-1.4%,improves_vs_pyf
REFINE_031_WRTE_THREE_70_20_10_YOUNG_010,GAUNTLET_103_HYBRID_WR_TE_THREE_65_ROLE_AGE,C02,wr_te_hybrid_role_age,B_WR_TE_HYBRID_ROLE_AGE_REFINEMENT,young_early_lifecycle,WR/TE,1748,270,15.4%,111,125,-14,115,112,3,12.9%,13.6%,-0.6%,improves_vs_pyf
REFINE_031_WRTE_THREE_70_20_10_YOUNG_010,GAUNTLET_103_HYBRID_WR_TE_THREE_65_ROLE_AGE,C02,wr_te_hybrid_role_age,B_WR_TE_HYBRID_ROLE_AGE_REFINEMENT,high_volume_role,WR/TE,850,391,46.0%,259,264,-5,50,53,-3,36.4%,37.3%,-0.9%,improves_vs_pyf
REFINE_031_WRTE_THREE_70_20_10_YOUNG_010,GAUNTLET_103_HYBRID_WR_TE_THREE_65_ROLE_AGE,C02,wr_te_hybrid_role_age,B_WR_TE_HYBRID_ROLE_AGE_REFINEMENT,low_or_sparse_role,WR/TE,1028,21,2.0%,0,0,0,17,20,-3,1.7%,1.9%,-0.3%,improves_vs_pyf
REFINE_031_WRTE_THREE_70_20_10_YOUNG_010,GAUNTLET_103_HYBRID_WR_TE_THREE_65_ROLE_AGE,C02,wr_te_hybrid_role_age,B_WR_TE_HYBRID_ROLE_AGE_REFINEMENT,prior_decline_proxy,WR/TE,492,33,6.7%,259,264,-5,2,6,-4,53.0%,54.9%,-1.8%,improves_vs_pyf
REFINE_031_WRTE_THREE_70_20_10_YOUNG_010,GAUNTLET_103_HYBRID_WR_TE_THREE_65_ROLE_AGE,C02,wr_te_hybrid_role_age,B_WR_TE_HYBRID_ROLE_AGE_REFINEMENT,rb_high_touch_role,WR/TE,0,0,,0,0,0,0,0,0,,,,slice_not_present
REFINE_031_WRTE_THREE_70_20_10_YOUNG_010,GAUNTLET_103_HYBRID_WR_TE_THREE_65_ROLE_AGE,C02,wr_te_hybrid_role_age,B_WR_TE_HYBRID_ROLE_AGE_REFINEMENT,receiver_high_target_role,WR/TE,850,391,46.0%,259,264,-5,50,53,-3,36.4%,37.3%,-0.9%,improves_vs_pyf
REFINE_031_WRTE_THREE_70_20_10_YOUNG_010,GAUNTLET_103_HYBRID_WR_TE_THREE_65_ROLE_AGE,C02,wr_te_hybrid_role_age,B_WR_TE_HYBRID_ROLE_AGE_REFINEMENT,age_missing,WR/TE,8,0,0.0%,0,0,0,0,0,0,0.0%,0.0%,0.0%,no_added_harm_vs_pyf
REFINE_032_WRTE_THREE_70_20_10_LOWSPARSE_YOUNG_010,GAUNTLET_103_HYBRID_WR_TE_THREE_65_ROLE_AGE,C02,wr_te_hybrid_role_age,B_WR_TE_HYBRID_ROLE_AGE_REFINEMENT,sparse_history,WR/TE,781,17,2.2%,0,0,0,14,17,-3,1.8%,2.2%,-0.4%,improves_vs_pyf
REFINE_032_WRTE_THREE_70_20_10_LOWSPARSE_YOUNG_010,GAUNTLET_103_HYBRID_WR_TE_THREE_65_ROLE_AGE,C02,wr_te_hybrid_role_age,B_WR_TE_HYBRID_ROLE_AGE_REFINEMENT,low_games,WR/TE,781,17,2.2%,0,0,0,14,17,-3,1.8%,2.2%,-0.4%,improves_vs_pyf
REFINE_032_WRTE_THREE_70_20_10_LOWSPARSE_YOUNG_010,GAUNTLET_103_HYBRID_WR_TE_THREE_65_ROLE_AGE,C02,wr_te_hybrid_role_age,B_WR_TE_HYBRID_ROLE_AGE_REFINEMENT,older_late_lifecycle,WR/TE,216,43,19.9%,49,44,5,6,13,-7,25.5%,26.4%,-0.9%,improves_vs_pyf
REFINE_032_WRTE_THREE_70_20_10_LOWSPARSE_YOUNG_010,GAUNTLET_103_HYBRID_WR_TE_THREE_65_ROLE_AGE,C02,wr_te_hybrid_role_age,B_WR_TE_HYBRID_ROLE_AGE_REFINEMENT,young_early_lifecycle,WR/TE,1748,270,15.4%,109,125,-16,115,112,3,12.8%,13.6%,-0.7%,improves_vs_pyf
REFINE_032_WRTE_THREE_70_20_10_LOWSPARSE_YOUNG_010,GAUNTLET_103_HYBRID_WR_TE_THREE_65_ROLE_AGE,C02,wr_te_hybrid_role_age,B_WR_TE_HYBRID_ROLE_AGE_REFINEMENT,high_volume_role,WR/TE,850,391,46.0%,259,264,-5,50,53,-3,36.4%,37.3%,-0.9%,improves_vs_pyf
REFINE_032_WRTE_THREE_70_20_10_LOWSPARSE_YOUNG_010,GAUNTLET_103_HYBRID_WR_TE_THREE_65_ROLE_AGE,C02,wr_te_hybrid_role_age,B_WR_TE_HYBRID_ROLE_AGE_REFINEMENT,low_or_sparse_role,WR/TE,1028,21,2.0%,0,0,0,17,20,-3,1.7%,1.9%,-0.3%,improves_vs_pyf
REFINE_032_WRTE_THREE_70_20_10_LOWSPARSE_YOUNG_010,GAUNTLET_103_HYBRID_WR_TE_THREE_65_ROLE_AGE,C02,wr_te_hybrid_role_age,B_WR_TE_HYBRID_ROLE_AGE_REFINEMENT,prior_decline_proxy,WR/TE,492,33,6.7%,259,264,-5,2,6,-4,53.0%,54.9%,-1.8%,improves_vs_pyf
REFINE_032_WRTE_THREE_70_20_10_LOWSPARSE_YOUNG_010,GAUNTLET_103_HYBRID_WR_TE_THREE_65_ROLE_AGE,C02,wr_te_hybrid_role_age,B_WR_TE_HYBRID_ROLE_AGE_REFINEMENT,rb_high_touch_role,WR/TE,0,0,,0,0,0,0,0,0,,,,slice_not_present
REFINE_032_WRTE_THREE_70_20_10_LOWSPARSE_YOUNG_010,GAUNTLET_103_HYBRID_WR_TE_THREE_65_ROLE_AGE,C02,wr_te_hybrid_role_age,B_WR_TE_HYBRID_ROLE_AGE_REFINEMENT,receiver_high_target_role,WR/TE,850,391,46.0%,259,264,-5,50,53,-3,36.4%,37.3%,-0.9%,improves_vs_pyf
REFINE_032_WRTE_THREE_70_20_10_LOWSPARSE_YOUNG_010,GAUNTLET_103_HYBRID_WR_TE_THREE_65_ROLE_AGE,C02,wr_te_hybrid_role_age,B_WR_TE_HYBRID_ROLE_AGE_REFINEMENT,age_missing,WR/TE,8,0,0.0%,0,0,0,0,0,0,0.0%,0.0%,0.0%,no_added_harm_vs_pyf
REFINE_033_WRTE_THREE_65_25_10_PLAIN,GAUNTLET_103_HYBRID_WR_TE_THREE_65_ROLE_AGE,C02,wr_te_hybrid_role_age,B_WR_TE_HYBRID_ROLE_AGE_REFINEMENT,sparse_history,WR/TE,781,17,2.2%,1,0,1,13,17,-4,1.8%,2.2%,-0.4%,improves_vs_pyf
REFINE_033_WRTE_THREE_65_25_10_PLAIN,GAUNTLET_103_HYBRID_WR_TE_THREE_65_ROLE_AGE,C02,wr_te_hybrid_role_age,B_WR_TE_HYBRID_ROLE_AGE_REFINEMENT,low_games,WR/TE,781,17,2.2%,1,0,1,13,17,-4,1.8%,2.2%,-0.4%,improves_vs_pyf
REFINE_033_WRTE_THREE_65_25_10_PLAIN,GAUNTLET_103_HYBRID_WR_TE_THREE_65_ROLE_AGE,C02,wr_te_hybrid_role_age,B_WR_TE_HYBRID_ROLE_AGE_REFINEMENT,older_late_lifecycle,WR/TE,216,43,19.9%,53,44,9,6,13,-7,27.3%,26.4%,0.9%,worse_than_pyf
REFINE_033_WRTE_THREE_65_25_10_PLAIN,GAUNTLET_103_HYBRID_WR_TE_THREE_65_ROLE_AGE,C02,wr_te_hybrid_role_age,B_WR_TE_HYBRID_ROLE_AGE_REFINEMENT,young_early_lifecycle,WR/TE,1748,270,15.4%,103,125,-22,115,112,3,12.5%,13.6%,-1.1%,improves_vs_pyf
REFINE_033_WRTE_THREE_65_25_10_PLAIN,GAUNTLET_103_HYBRID_WR_TE_THREE_65_ROLE_AGE,C02,wr_te_hybrid_role_age,B_WR_TE_HYBRID_ROLE_AGE_REFINEMENT,high_volume_role,WR/TE,850,391,46.0%,254,264,-10,53,53,0,36.1%,37.3%,-1.2%,improves_vs_pyf
REFINE_033_WRTE_THREE_65_25_10_PLAIN,GAUNTLET_103_HYBRID_WR_TE_THREE_65_ROLE_AGE,C02,wr_te_hybrid_role_age,B_WR_TE_HYBRID_ROLE_AGE_REFINEMENT,low_or_sparse_role,WR/TE,1028,21,2.0%,1,0,1,16,20,-4,1.7%,1.9%,-0.3%,improves_vs_pyf
REFINE_033_WRTE_THREE_65_25_10_PLAIN,GAUNTLET_103_HYBRID_WR_TE_THREE_65_ROLE_AGE,C02,wr_te_hybrid_role_age,B_WR_TE_HYBRID_ROLE_AGE_REFINEMENT,prior_decline_proxy,WR/TE,492,33,6.7%,254,264,-10,2,6,-4,52.0%,54.9%,-2.8%,improves_vs_pyf
REFINE_033_WRTE_THREE_65_25_10_PLAIN,GAUNTLET_103_HYBRID_WR_TE_THREE_65_ROLE_AGE,C02,wr_te_hybrid_role_age,B_WR_TE_HYBRID_ROLE_AGE_REFINEMENT,rb_high_touch_role,WR/TE,0,0,,0,0,0,0,0,0,,,,slice_not_present
REFINE_033_WRTE_THREE_65_25_10_PLAIN,GAUNTLET_103_HYBRID_WR_TE_THREE_65_ROLE_AGE,C02,wr_te_hybrid_role_age,B_WR_TE_HYBRID_ROLE_AGE_REFINEMENT,receiver_high_target_role,WR/TE,850,391,46.0%,254,264,-10,53,53,0,36.1%,37.3%,-1.2%,improves_vs_pyf
REFINE_033_WRTE_THREE_65_25_10_PLAIN,GAUNTLET_103_HYBRID_WR_TE_THREE_65_ROLE_AGE,C02,wr_te_hybrid_role_age,B_WR_TE_HYBRID_ROLE_AGE_REFINEMENT,age_missing,WR/TE,8,0,0.0%,0,0,0,0,0,0,0.0%,0.0%,0.0%,no_added_harm_vs_pyf
REFINE_034_WRTE_THREE_65_25_10_LATE_010,GAUNTLET_103_HYBRID_WR_TE_THREE_65_ROLE_AGE,C02,wr_te_hybrid_role_age,B_WR_TE_HYBRID_ROLE_AGE_REFINEMENT,sparse_history,WR/TE,781,17,2.2%,1,0,1,13,17,-4,1.8%,2.2%,-0.4%,improves_vs_pyf
REFINE_034_WRTE_THREE_65_25_10_LATE_010,GAUNTLET_103_HYBRID_WR_TE_THREE_65_ROLE_AGE,C02,wr_te_hybrid_role_age,B_WR_TE_HYBRID_ROLE_AGE_REFINEMENT,low_games,WR/TE,781,17,2.2%,1,0,1,13,17,-4,1.8%,2.2%,-0.4%,improves_vs_pyf
REFINE_034_WRTE_THREE_65_25_10_LATE_010,GAUNTLET_103_HYBRID_WR_TE_THREE_65_ROLE_AGE,C02,wr_te_hybrid_role_age,B_WR_TE_HYBRID_ROLE_AGE_REFINEMENT,older_late_lifecycle,WR/TE,216,43,19.9%,50,44,6,6,13,-7,25.9%,26.4%,-0.5%,improves_vs_pyf
REFINE_034_WRTE_THREE_65_25_10_LATE_010,GAUNTLET_103_HYBRID_WR_TE_THREE_65_ROLE_AGE,C02,wr_te_hybrid_role_age,B_WR_TE_HYBRID_ROLE_AGE_REFINEMENT,young_early_lifecycle,WR/TE,1748,270,15.4%,104,125,-21,115,112,3,12.5%,13.6%,-1.0%,improves_vs_pyf
REFINE_034_WRTE_THREE_65_25_10_LATE_010,GAUNTLET_103_HYBRID_WR_TE_THREE_65_ROLE_AGE,C02,wr_te_hybrid_role_age,B_WR_TE_HYBRID_ROLE_AGE_REFINEMENT,high_volume_role,WR/TE,850,391,46.0%,254,264,-10,52,53,-1,36.0%,37.3%,-1.3%,improves_vs_pyf
REFINE_034_WRTE_THREE_65_25_10_LATE_010,GAUNTLET_103_HYBRID_WR_TE_THREE_65_ROLE_AGE,C02,wr_te_hybrid_role_age,B_WR_TE_HYBRID_ROLE_AGE_REFINEMENT,low_or_sparse_role,WR/TE,1028,21,2.0%,1,0,1,16,20,-4,1.7%,1.9%,-0.3%,improves_vs_pyf
REFINE_034_WRTE_THREE_65_25_10_LATE_010,GAUNTLET_103_HYBRID_WR_TE_THREE_65_ROLE_AGE,C02,wr_te_hybrid_role_age,B_WR_TE_HYBRID_ROLE_AGE_REFINEMENT,prior_decline_proxy,WR/TE,492,33,6.7%,254,264,-10,2,6,-4,52.0%,54.9%,-2.8%,improves_vs_pyf
REFINE_034_WRTE_THREE_65_25_10_LATE_010,GAUNTLET_103_HYBRID_WR_TE_THREE_65_ROLE_AGE,C02,wr_te_hybrid_role_age,B_WR_TE_HYBRID_ROLE_AGE_REFINEMENT,rb_high_touch_role,WR/TE,0,0,,0,0,0,0,0,0,,,,slice_not_present
REFINE_034_WRTE_THREE_65_25_10_LATE_010,GAUNTLET_103_HYBRID_WR_TE_THREE_65_ROLE_AGE,C02,wr_te_hybrid_role_age,B_WR_TE_HYBRID_ROLE_AGE_REFINEMENT,receiver_high_target_role,WR/TE,850,391,46.0%,254,264,-10,52,53,-1,36.0%,37.3%,-1.3%,improves_vs_pyf
REFINE_034_WRTE_THREE_65_25_10_LATE_010,GAUNTLET_103_HYBRID_WR_TE_THREE_65_ROLE_AGE,C02,wr_te_hybrid_role_age,B_WR_TE_HYBRID_ROLE_AGE_REFINEMENT,age_missing,WR/TE,8,0,0.0%,0,0,0,0,0,0,0.0%,0.0%,0.0%,no_added_harm_vs_pyf
REFINE_035_WRTE_THREE_65_25_10_YOUNG_010,GAUNTLET_103_HYBRID_WR_TE_THREE_65_ROLE_AGE,C02,wr_te_hybrid_role_age,B_WR_TE_HYBRID_ROLE_AGE_REFINEMENT,sparse_history,WR/TE,781,17,2.2%,1,0,1,13,17,-4,1.8%,2.2%,-0.4%,improves_vs_pyf
REFINE_035_WRTE_THREE_65_25_10_YOUNG_010,GAUNTLET_103_HYBRID_WR_TE_THREE_65_ROLE_AGE,C02,wr_te_hybrid_role_age,B_WR_TE_HYBRID_ROLE_AGE_REFINEMENT,low_games,WR/TE,781,17,2.2%,1,0,1,13,17,-4,1.8%,2.2%,-0.4%,improves_vs_pyf
REFINE_035_WRTE_THREE_65_25_10_YOUNG_010,GAUNTLET_103_HYBRID_WR_TE_THREE_65_ROLE_AGE,C02,wr_te_hybrid_role_age,B_WR_TE_HYBRID_ROLE_AGE_REFINEMENT,older_late_lifecycle,WR/TE,216,43,19.9%,52,44,8,6,13,-7,26.9%,26.4%,0.5%,worse_than_pyf
REFINE_035_WRTE_THREE_65_25_10_YOUNG_010,GAUNTLET_103_HYBRID_WR_TE_THREE_65_ROLE_AGE,C02,wr_te_hybrid_role_age,B_WR_TE_HYBRID_ROLE_AGE_REFINEMENT,young_early_lifecycle,WR/TE,1748,270,15.4%,108,125,-17,115,112,3,12.8%,13.6%,-0.8%,improves_vs_pyf
REFINE_035_WRTE_THREE_65_25_10_YOUNG_010,GAUNTLET_103_HYBRID_WR_TE_THREE_65_ROLE_AGE,C02,wr_te_hybrid_role_age,B_WR_TE_HYBRID_ROLE_AGE_REFINEMENT,high_volume_role,WR/TE,850,391,46.0%,255,264,-9,53,53,0,36.2%,37.3%,-1.1%,improves_vs_pyf
REFINE_035_WRTE_THREE_65_25_10_YOUNG_010,GAUNTLET_103_HYBRID_WR_TE_THREE_65_ROLE_AGE,C02,wr_te_hybrid_role_age,B_WR_TE_HYBRID_ROLE_AGE_REFINEMENT,low_or_sparse_role,WR/TE,1028,21,2.0%,1,0,1,16,20,-4,1.7%,1.9%,-0.3%,improves_vs_pyf
REFINE_035_WRTE_THREE_65_25_10_YOUNG_010,GAUNTLET_103_HYBRID_WR_TE_THREE_65_ROLE_AGE,C02,wr_te_hybrid_role_age,B_WR_TE_HYBRID_ROLE_AGE_REFINEMENT,prior_decline_proxy,WR/TE,492,33,6.7%,255,264,-9,2,6,-4,52.2%,54.9%,-2.6%,improves_vs_pyf
REFINE_035_WRTE_THREE_65_25_10_YOUNG_010,GAUNTLET_103_HYBRID_WR_TE_THREE_65_ROLE_AGE,C02,wr_te_hybrid_role_age,B_WR_TE_HYBRID_ROLE_AGE_REFINEMENT,rb_high_touch_role,WR/TE,0,0,,0,0,0,0,0,0,,,,slice_not_present
REFINE_035_WRTE_THREE_65_25_10_YOUNG_010,GAUNTLET_103_HYBRID_WR_TE_THREE_65_ROLE_AGE,C02,wr_te_hybrid_role_age,B_WR_TE_HYBRID_ROLE_AGE_REFINEMENT,receiver_high_target_role,WR/TE,850,391,46.0%,255,264,-9,53,53,0,36.2%,37.3%,-1.1%,improves_vs_pyf
REFINE_035_WRTE_THREE_65_25_10_YOUNG_010,GAUNTLET_103_HYBRID_WR_TE_THREE_65_ROLE_AGE,C02,wr_te_hybrid_role_age,B_WR_TE_HYBRID_ROLE_AGE_REFINEMENT,age_missing,WR/TE,8,0,0.0%,0,0,0,0,0,0,0.0%,0.0%,0.0%,no_added_harm_vs_pyf
REFINE_036_WRTE_THREE_65_25_10_LOWSPARSE_YOUNG_010,GAUNTLET_103_HYBRID_WR_TE_THREE_65_ROLE_AGE,C02,wr_te_hybrid_role_age,B_WR_TE_HYBRID_ROLE_AGE_REFINEMENT,sparse_history,WR/TE,781,17,2.2%,1,0,1,13,17,-4,1.8%,2.2%,-0.4%,improves_vs_pyf
REFINE_036_WRTE_THREE_65_25_10_LOWSPARSE_YOUNG_010,GAUNTLET_103_HYBRID_WR_TE_THREE_65_ROLE_AGE,C02,wr_te_hybrid_role_age,B_WR_TE_HYBRID_ROLE_AGE_REFINEMENT,low_games,WR/TE,781,17,2.2%,1,0,1,13,17,-4,1.8%,2.2%,-0.4%,improves_vs_pyf
REFINE_036_WRTE_THREE_65_25_10_LOWSPARSE_YOUNG_010,GAUNTLET_103_HYBRID_WR_TE_THREE_65_ROLE_AGE,C02,wr_te_hybrid_role_age,B_WR_TE_HYBRID_ROLE_AGE_REFINEMENT,older_late_lifecycle,WR/TE,216,43,19.9%,53,44,9,6,13,-7,27.3%,26.4%,0.9%,worse_than_pyf
REFINE_036_WRTE_THREE_65_25_10_LOWSPARSE_YOUNG_010,GAUNTLET_103_HYBRID_WR_TE_THREE_65_ROLE_AGE,C02,wr_te_hybrid_role_age,B_WR_TE_HYBRID_ROLE_AGE_REFINEMENT,young_early_lifecycle,WR/TE,1748,270,15.4%,103,125,-22,115,112,3,12.5%,13.6%,-1.1%,improves_vs_pyf
REFINE_036_WRTE_THREE_65_25_10_LOWSPARSE_YOUNG_010,GAUNTLET_103_HYBRID_WR_TE_THREE_65_ROLE_AGE,C02,wr_te_hybrid_role_age,B_WR_TE_HYBRID_ROLE_AGE_REFINEMENT,high_volume_role,WR/TE,850,391,46.0%,254,264,-10,53,53,0,36.1%,37.3%,-1.2%,improves_vs_pyf
REFINE_036_WRTE_THREE_65_25_10_LOWSPARSE_YOUNG_010,GAUNTLET_103_HYBRID_WR_TE_THREE_65_ROLE_AGE,C02,wr_te_hybrid_role_age,B_WR_TE_HYBRID_ROLE_AGE_REFINEMENT,low_or_sparse_role,WR/TE,1028,21,2.0%,1,0,1,16,20,-4,1.7%,1.9%,-0.3%,improves_vs_pyf
REFINE_036_WRTE_THREE_65_25_10_LOWSPARSE_YOUNG_010,GAUNTLET_103_HYBRID_WR_TE_THREE_65_ROLE_AGE,C02,wr_te_hybrid_role_age,B_WR_TE_HYBRID_ROLE_AGE_REFINEMENT,prior_decline_proxy,WR/TE,492,33,6.7%,254,264,-10,2,6,-4,52.0%,54.9%,-2.8%,improves_vs_pyf
REFINE_036_WRTE_THREE_65_25_10_LOWSPARSE_YOUNG_010,GAUNTLET_103_HYBRID_WR_TE_THREE_65_ROLE_AGE,C02,wr_te_hybrid_role_age,B_WR_TE_HYBRID_ROLE_AGE_REFINEMENT,rb_high_touch_role,WR/TE,0,0,,0,0,0,0,0,0,,,,slice_not_present
REFINE_036_WRTE_THREE_65_25_10_LOWSPARSE_YOUNG_010,GAUNTLET_103_HYBRID_WR_TE_THREE_65_ROLE_AGE,C02,wr_te_hybrid_role_age,B_WR_TE_HYBRID_ROLE_AGE_REFINEMENT,receiver_high_target_role,WR/TE,850,391,46.0%,254,264,-10,53,53,0,36.1%,37.3%,-1.2%,improves_vs_pyf
REFINE_036_WRTE_THREE_65_25_10_LOWSPARSE_YOUNG_010,GAUNTLET_103_HYBRID_WR_TE_THREE_65_ROLE_AGE,C02,wr_te_hybrid_role_age,B_WR_TE_HYBRID_ROLE_AGE_REFINEMENT,age_missing,WR/TE,8,0,0.0%,0,0,0,0,0,0,0.0%,0.0%,0.0%,no_added_harm_vs_pyf
REFINE_037_WRTE_THREE_60_30_10_PLAIN,GAUNTLET_103_HYBRID_WR_TE_THREE_65_ROLE_AGE,C02,wr_te_hybrid_role_age,B_WR_TE_HYBRID_ROLE_AGE_REFINEMENT,sparse_history,WR/TE,781,17,2.2%,2,0,2,13,17,-4,1.9%,2.2%,-0.3%,improves_vs_pyf
REFINE_037_WRTE_THREE_60_30_10_PLAIN,GAUNTLET_103_HYBRID_WR_TE_THREE_65_ROLE_AGE,C02,wr_te_hybrid_role_age,B_WR_TE_HYBRID_ROLE_AGE_REFINEMENT,low_games,WR/TE,781,17,2.2%,2,0,2,13,17,-4,1.9%,2.2%,-0.3%,improves_vs_pyf
REFINE_037_WRTE_THREE_60_30_10_PLAIN,GAUNTLET_103_HYBRID_WR_TE_THREE_65_ROLE_AGE,C02,wr_te_hybrid_role_age,B_WR_TE_HYBRID_ROLE_AGE_REFINEMENT,older_late_lifecycle,WR/TE,216,43,19.9%,52,44,8,5,13,-8,26.4%,26.4%,0.0%,no_added_harm_vs_pyf
REFINE_037_WRTE_THREE_60_30_10_PLAIN,GAUNTLET_103_HYBRID_WR_TE_THREE_65_ROLE_AGE,C02,wr_te_hybrid_role_age,B_WR_TE_HYBRID_ROLE_AGE_REFINEMENT,young_early_lifecycle,WR/TE,1748,270,15.4%,99,125,-26,115,112,3,12.2%,13.6%,-1.3%,improves_vs_pyf
REFINE_037_WRTE_THREE_60_30_10_PLAIN,GAUNTLET_103_HYBRID_WR_TE_THREE_65_ROLE_AGE,C02,wr_te_hybrid_role_age,B_WR_TE_HYBRID_ROLE_AGE_REFINEMENT,high_volume_role,WR/TE,850,391,46.0%,251,264,-13,52,53,-1,35.6%,37.3%,-1.6%,improves_vs_pyf
REFINE_037_WRTE_THREE_60_30_10_PLAIN,GAUNTLET_103_HYBRID_WR_TE_THREE_65_ROLE_AGE,C02,wr_te_hybrid_role_age,B_WR_TE_HYBRID_ROLE_AGE_REFINEMENT,low_or_sparse_role,WR/TE,1028,21,2.0%,2,0,2,16,20,-4,1.8%,1.9%,-0.2%,improves_vs_pyf
REFINE_037_WRTE_THREE_60_30_10_PLAIN,GAUNTLET_103_HYBRID_WR_TE_THREE_65_ROLE_AGE,C02,wr_te_hybrid_role_age,B_WR_TE_HYBRID_ROLE_AGE_REFINEMENT,prior_decline_proxy,WR/TE,492,33,6.7%,251,264,-13,1,6,-5,51.2%,54.9%,-3.7%,improves_vs_pyf
REFINE_037_WRTE_THREE_60_30_10_PLAIN,GAUNTLET_103_HYBRID_WR_TE_THREE_65_ROLE_AGE,C02,wr_te_hybrid_role_age,B_WR_TE_HYBRID_ROLE_AGE_REFINEMENT,rb_high_touch_role,WR/TE,0,0,,0,0,0,0,0,0,,,,slice_not_present
REFINE_037_WRTE_THREE_60_30_10_PLAIN,GAUNTLET_103_HYBRID_WR_TE_THREE_65_ROLE_AGE,C02,wr_te_hybrid_role_age,B_WR_TE_HYBRID_ROLE_AGE_REFINEMENT,receiver_high_target_role,WR/TE,850,391,46.0%,251,264,-13,52,53,-1,35.6%,37.3%,-1.6%,improves_vs_pyf
REFINE_037_WRTE_THREE_60_30_10_PLAIN,GAUNTLET_103_HYBRID_WR_TE_THREE_65_ROLE_AGE,C02,wr_te_hybrid_role_age,B_WR_TE_HYBRID_ROLE_AGE_REFINEMENT,age_missing,WR/TE,8,0,0.0%,0,0,0,0,0,0,0.0%,0.0%,0.0%,no_added_harm_vs_pyf
REFINE_038_WRTE_THREE_60_30_10_LATE_010,GAUNTLET_103_HYBRID_WR_TE_THREE_65_ROLE_AGE,C02,wr_te_hybrid_role_age,B_WR_TE_HYBRID_ROLE_AGE_REFINEMENT,sparse_history,WR/TE,781,17,2.2%,2,0,2,13,17,-4,1.9%,2.2%,-0.3%,improves_vs_pyf
REFINE_038_WRTE_THREE_60_30_10_LATE_010,GAUNTLET_103_HYBRID_WR_TE_THREE_65_ROLE_AGE,C02,wr_te_hybrid_role_age,B_WR_TE_HYBRID_ROLE_AGE_REFINEMENT,low_games,WR/TE,781,17,2.2%,2,0,2,13,17,-4,1.9%,2.2%,-0.3%,improves_vs_pyf
REFINE_038_WRTE_THREE_60_30_10_LATE_010,GAUNTLET_103_HYBRID_WR_TE_THREE_65_ROLE_AGE,C02,wr_te_hybrid_role_age,B_WR_TE_HYBRID_ROLE_AGE_REFINEMENT,older_late_lifecycle,WR/TE,216,43,19.9%,51,44,7,6,13,-7,26.4%,26.4%,0.0%,no_added_harm_vs_pyf
REFINE_038_WRTE_THREE_60_30_10_LATE_010,GAUNTLET_103_HYBRID_WR_TE_THREE_65_ROLE_AGE,C02,wr_te_hybrid_role_age,B_WR_TE_HYBRID_ROLE_AGE_REFINEMENT,young_early_lifecycle,WR/TE,1748,270,15.4%,99,125,-26,114,112,2,12.2%,13.6%,-1.4%,improves_vs_pyf
REFINE_038_WRTE_THREE_60_30_10_LATE_010,GAUNTLET_103_HYBRID_WR_TE_THREE_65_ROLE_AGE,C02,wr_te_hybrid_role_age,B_WR_TE_HYBRID_ROLE_AGE_REFINEMENT,high_volume_role,WR/TE,850,391,46.0%,251,264,-13,51,53,-2,35.5%,37.3%,-1.8%,improves_vs_pyf
REFINE_038_WRTE_THREE_60_30_10_LATE_010,GAUNTLET_103_HYBRID_WR_TE_THREE_65_ROLE_AGE,C02,wr_te_hybrid_role_age,B_WR_TE_HYBRID_ROLE_AGE_REFINEMENT,low_or_sparse_role,WR/TE,1028,21,2.0%,2,0,2,16,20,-4,1.8%,1.9%,-0.2%,improves_vs_pyf
REFINE_038_WRTE_THREE_60_30_10_LATE_010,GAUNTLET_103_HYBRID_WR_TE_THREE_65_ROLE_AGE,C02,wr_te_hybrid_role_age,B_WR_TE_HYBRID_ROLE_AGE_REFINEMENT,prior_decline_proxy,WR/TE,492,33,6.7%,251,264,-13,2,6,-4,51.4%,54.9%,-3.5%,improves_vs_pyf
REFINE_038_WRTE_THREE_60_30_10_LATE_010,GAUNTLET_103_HYBRID_WR_TE_THREE_65_ROLE_AGE,C02,wr_te_hybrid_role_age,B_WR_TE_HYBRID_ROLE_AGE_REFINEMENT,rb_high_touch_role,WR/TE,0,0,,0,0,0,0,0,0,,,,slice_not_present
REFINE_038_WRTE_THREE_60_30_10_LATE_010,GAUNTLET_103_HYBRID_WR_TE_THREE_65_ROLE_AGE,C02,wr_te_hybrid_role_age,B_WR_TE_HYBRID_ROLE_AGE_REFINEMENT,receiver_high_target_role,WR/TE,850,391,46.0%,251,264,-13,51,53,-2,35.5%,37.3%,-1.8%,improves_vs_pyf
REFINE_038_WRTE_THREE_60_30_10_LATE_010,GAUNTLET_103_HYBRID_WR_TE_THREE_65_ROLE_AGE,C02,wr_te_hybrid_role_age,B_WR_TE_HYBRID_ROLE_AGE_REFINEMENT,age_missing,WR/TE,8,0,0.0%,0,0,0,0,0,0,0.0%,0.0%,0.0%,no_added_harm_vs_pyf
REFINE_039_WRTE_THREE_60_30_10_YOUNG_010,GAUNTLET_103_HYBRID_WR_TE_THREE_65_ROLE_AGE,C02,wr_te_hybrid_role_age,B_WR_TE_HYBRID_ROLE_AGE_REFINEMENT,sparse_history,WR/TE,781,17,2.2%,2,0,2,13,17,-4,1.9%,2.2%,-0.3%,improves_vs_pyf
REFINE_039_WRTE_THREE_60_30_10_YOUNG_010,GAUNTLET_103_HYBRID_WR_TE_THREE_65_ROLE_AGE,C02,wr_te_hybrid_role_age,B_WR_TE_HYBRID_ROLE_AGE_REFINEMENT,low_games,WR/TE,781,17,2.2%,2,0,2,13,17,-4,1.9%,2.2%,-0.3%,improves_vs_pyf
REFINE_039_WRTE_THREE_60_30_10_YOUNG_010,GAUNTLET_103_HYBRID_WR_TE_THREE_65_ROLE_AGE,C02,wr_te_hybrid_role_age,B_WR_TE_HYBRID_ROLE_AGE_REFINEMENT,older_late_lifecycle,WR/TE,216,43,19.9%,51,44,7,5,13,-8,25.9%,26.4%,-0.5%,improves_vs_pyf
REFINE_039_WRTE_THREE_60_30_10_YOUNG_010,GAUNTLET_103_HYBRID_WR_TE_THREE_65_ROLE_AGE,C02,wr_te_hybrid_role_age,B_WR_TE_HYBRID_ROLE_AGE_REFINEMENT,young_early_lifecycle,WR/TE,1748,270,15.4%,101,125,-24,114,112,2,12.3%,13.6%,-1.3%,improves_vs_pyf
REFINE_039_WRTE_THREE_60_30_10_YOUNG_010,GAUNTLET_103_HYBRID_WR_TE_THREE_65_ROLE_AGE,C02,wr_te_hybrid_role_age,B_WR_TE_HYBRID_ROLE_AGE_REFINEMENT,high_volume_role,WR/TE,850,391,46.0%,251,264,-13,52,53,-1,35.6%,37.3%,-1.6%,improves_vs_pyf
REFINE_039_WRTE_THREE_60_30_10_YOUNG_010,GAUNTLET_103_HYBRID_WR_TE_THREE_65_ROLE_AGE,C02,wr_te_hybrid_role_age,B_WR_TE_HYBRID_ROLE_AGE_REFINEMENT,low_or_sparse_role,WR/TE,1028,21,2.0%,2,0,2,16,20,-4,1.8%,1.9%,-0.2%,improves_vs_pyf
REFINE_039_WRTE_THREE_60_30_10_YOUNG_010,GAUNTLET_103_HYBRID_WR_TE_THREE_65_ROLE_AGE,C02,wr_te_hybrid_role_age,B_WR_TE_HYBRID_ROLE_AGE_REFINEMENT,prior_decline_proxy,WR/TE,492,33,6.7%,251,264,-13,1,6,-5,51.2%,54.9%,-3.7%,improves_vs_pyf
REFINE_039_WRTE_THREE_60_30_10_YOUNG_010,GAUNTLET_103_HYBRID_WR_TE_THREE_65_ROLE_AGE,C02,wr_te_hybrid_role_age,B_WR_TE_HYBRID_ROLE_AGE_REFINEMENT,rb_high_touch_role,WR/TE,0,0,,0,0,0,0,0,0,,,,slice_not_present
REFINE_039_WRTE_THREE_60_30_10_YOUNG_010,GAUNTLET_103_HYBRID_WR_TE_THREE_65_ROLE_AGE,C02,wr_te_hybrid_role_age,B_WR_TE_HYBRID_ROLE_AGE_REFINEMENT,receiver_high_target_role,WR/TE,850,391,46.0%,251,264,-13,52,53,-1,35.6%,37.3%,-1.6%,improves_vs_pyf
REFINE_039_WRTE_THREE_60_30_10_YOUNG_010,GAUNTLET_103_HYBRID_WR_TE_THREE_65_ROLE_AGE,C02,wr_te_hybrid_role_age,B_WR_TE_HYBRID_ROLE_AGE_REFINEMENT,age_missing,WR/TE,8,0,0.0%,0,0,0,0,0,0,0.0%,0.0%,0.0%,no_added_harm_vs_pyf
REFINE_040_WRTE_THREE_60_30_10_LOWSPARSE_YOUNG_010,GAUNTLET_103_HYBRID_WR_TE_THREE_65_ROLE_AGE,C02,wr_te_hybrid_role_age,B_WR_TE_HYBRID_ROLE_AGE_REFINEMENT,sparse_history,WR/TE,781,17,2.2%,2,0,2,13,17,-4,1.9%,2.2%,-0.3%,improves_vs_pyf
REFINE_040_WRTE_THREE_60_30_10_LOWSPARSE_YOUNG_010,GAUNTLET_103_HYBRID_WR_TE_THREE_65_ROLE_AGE,C02,wr_te_hybrid_role_age,B_WR_TE_HYBRID_ROLE_AGE_REFINEMENT,low_games,WR/TE,781,17,2.2%,2,0,2,13,17,-4,1.9%,2.2%,-0.3%,improves_vs_pyf
REFINE_040_WRTE_THREE_60_30_10_LOWSPARSE_YOUNG_010,GAUNTLET_103_HYBRID_WR_TE_THREE_65_ROLE_AGE,C02,wr_te_hybrid_role_age,B_WR_TE_HYBRID_ROLE_AGE_REFINEMENT,older_late_lifecycle,WR/TE,216,43,19.9%,52,44,8,5,13,-8,26.4%,26.4%,0.0%,no_added_harm_vs_pyf
REFINE_040_WRTE_THREE_60_30_10_LOWSPARSE_YOUNG_010,GAUNTLET_103_HYBRID_WR_TE_THREE_65_ROLE_AGE,C02,wr_te_hybrid_role_age,B_WR_TE_HYBRID_ROLE_AGE_REFINEMENT,young_early_lifecycle,WR/TE,1748,270,15.4%,99,125,-26,115,112,3,12.2%,13.6%,-1.3%,improves_vs_pyf
REFINE_040_WRTE_THREE_60_30_10_LOWSPARSE_YOUNG_010,GAUNTLET_103_HYBRID_WR_TE_THREE_65_ROLE_AGE,C02,wr_te_hybrid_role_age,B_WR_TE_HYBRID_ROLE_AGE_REFINEMENT,high_volume_role,WR/TE,850,391,46.0%,251,264,-13,52,53,-1,35.6%,37.3%,-1.6%,improves_vs_pyf
REFINE_040_WRTE_THREE_60_30_10_LOWSPARSE_YOUNG_010,GAUNTLET_103_HYBRID_WR_TE_THREE_65_ROLE_AGE,C02,wr_te_hybrid_role_age,B_WR_TE_HYBRID_ROLE_AGE_REFINEMENT,low_or_sparse_role,WR/TE,1028,21,2.0%,2,0,2,16,20,-4,1.8%,1.9%,-0.2%,improves_vs_pyf
REFINE_040_WRTE_THREE_60_30_10_LOWSPARSE_YOUNG_010,GAUNTLET_103_HYBRID_WR_TE_THREE_65_ROLE_AGE,C02,wr_te_hybrid_role_age,B_WR_TE_HYBRID_ROLE_AGE_REFINEMENT,prior_decline_proxy,WR/TE,492,33,6.7%,251,264,-13,1,6,-5,51.2%,54.9%,-3.7%,improves_vs_pyf
REFINE_040_WRTE_THREE_60_30_10_LOWSPARSE_YOUNG_010,GAUNTLET_103_HYBRID_WR_TE_THREE_65_ROLE_AGE,C02,wr_te_hybrid_role_age,B_WR_TE_HYBRID_ROLE_AGE_REFINEMENT,rb_high_touch_role,WR/TE,0,0,,0,0,0,0,0,0,,,,slice_not_present
REFINE_040_WRTE_THREE_60_30_10_LOWSPARSE_YOUNG_010,GAUNTLET_103_HYBRID_WR_TE_THREE_65_ROLE_AGE,C02,wr_te_hybrid_role_age,B_WR_TE_HYBRID_ROLE_AGE_REFINEMENT,receiver_high_target_role,WR/TE,850,391,46.0%,251,264,-13,52,53,-1,35.6%,37.3%,-1.6%,improves_vs_pyf
REFINE_040_WRTE_THREE_60_30_10_LOWSPARSE_YOUNG_010,GAUNTLET_103_HYBRID_WR_TE_THREE_65_ROLE_AGE,C02,wr_te_hybrid_role_age,B_WR_TE_HYBRID_ROLE_AGE_REFINEMENT,age_missing,WR/TE,8,0,0.0%,0,0,0,0,0,0,0.0%,0.0%,0.0%,no_added_harm_vs_pyf
REFINE_041_WRTE_THREE_55_30_15_PLAIN,GAUNTLET_103_HYBRID_WR_TE_THREE_65_ROLE_AGE,C02,wr_te_hybrid_role_age,B_WR_TE_HYBRID_ROLE_AGE_REFINEMENT,sparse_history,WR/TE,781,17,2.2%,4,0,4,13,17,-4,2.2%,2.2%,0.0%,no_added_harm_vs_pyf
REFINE_041_WRTE_THREE_55_30_15_PLAIN,GAUNTLET_103_HYBRID_WR_TE_THREE_65_ROLE_AGE,C02,wr_te_hybrid_role_age,B_WR_TE_HYBRID_ROLE_AGE_REFINEMENT,low_games,WR/TE,781,17,2.2%,4,0,4,13,17,-4,2.2%,2.2%,0.0%,no_added_harm_vs_pyf
REFINE_041_WRTE_THREE_55_30_15_PLAIN,GAUNTLET_103_HYBRID_WR_TE_THREE_65_ROLE_AGE,C02,wr_te_hybrid_role_age,B_WR_TE_HYBRID_ROLE_AGE_REFINEMENT,older_late_lifecycle,WR/TE,216,43,19.9%,57,44,13,6,13,-7,29.2%,26.4%,2.8%,worse_than_pyf
REFINE_041_WRTE_THREE_55_30_15_PLAIN,GAUNTLET_103_HYBRID_WR_TE_THREE_65_ROLE_AGE,C02,wr_te_hybrid_role_age,B_WR_TE_HYBRID_ROLE_AGE_REFINEMENT,young_early_lifecycle,WR/TE,1748,270,15.4%,99,125,-26,116,112,4,12.3%,13.6%,-1.3%,improves_vs_pyf
REFINE_041_WRTE_THREE_55_30_15_PLAIN,GAUNTLET_103_HYBRID_WR_TE_THREE_65_ROLE_AGE,C02,wr_te_hybrid_role_age,B_WR_TE_HYBRID_ROLE_AGE_REFINEMENT,high_volume_role,WR/TE,850,391,46.0%,247,264,-17,57,53,4,35.8%,37.3%,-1.5%,improves_vs_pyf
REFINE_041_WRTE_THREE_55_30_15_PLAIN,GAUNTLET_103_HYBRID_WR_TE_THREE_65_ROLE_AGE,C02,wr_te_hybrid_role_age,B_WR_TE_HYBRID_ROLE_AGE_REFINEMENT,low_or_sparse_role,WR/TE,1028,21,2.0%,4,0,4,16,20,-4,1.9%,1.9%,0.0%,no_added_harm_vs_pyf
REFINE_041_WRTE_THREE_55_30_15_PLAIN,GAUNTLET_103_HYBRID_WR_TE_THREE_65_ROLE_AGE,C02,wr_te_hybrid_role_age,B_WR_TE_HYBRID_ROLE_AGE_REFINEMENT,prior_decline_proxy,WR/TE,492,33,6.7%,247,264,-17,2,6,-4,50.6%,54.9%,-4.3%,improves_vs_pyf
REFINE_041_WRTE_THREE_55_30_15_PLAIN,GAUNTLET_103_HYBRID_WR_TE_THREE_65_ROLE_AGE,C02,wr_te_hybrid_role_age,B_WR_TE_HYBRID_ROLE_AGE_REFINEMENT,rb_high_touch_role,WR/TE,0,0,,0,0,0,0,0,0,,,,slice_not_present
REFINE_041_WRTE_THREE_55_30_15_PLAIN,GAUNTLET_103_HYBRID_WR_TE_THREE_65_ROLE_AGE,C02,wr_te_hybrid_role_age,B_WR_TE_HYBRID_ROLE_AGE_REFINEMENT,receiver_high_target_role,WR/TE,850,391,46.0%,247,264,-17,57,53,4,35.8%,37.3%,-1.5%,improves_vs_pyf
REFINE_041_WRTE_THREE_55_30_15_PLAIN,GAUNTLET_103_HYBRID_WR_TE_THREE_65_ROLE_AGE,C02,wr_te_hybrid_role_age,B_WR_TE_HYBRID_ROLE_AGE_REFINEMENT,age_missing,WR/TE,8,0,0.0%,0,0,0,0,0,0,0.0%,0.0%,0.0%,no_added_harm_vs_pyf
REFINE_042_WRTE_THREE_55_30_15_LATE_010,GAUNTLET_103_HYBRID_WR_TE_THREE_65_ROLE_AGE,C02,wr_te_hybrid_role_age,B_WR_TE_HYBRID_ROLE_AGE_REFINEMENT,sparse_history,WR/TE,781,17,2.2%,4,0,4,13,17,-4,2.2%,2.2%,0.0%,no_added_harm_vs_pyf
REFINE_042_WRTE_THREE_55_30_15_LATE_010,GAUNTLET_103_HYBRID_WR_TE_THREE_65_ROLE_AGE,C02,wr_te_hybrid_role_age,B_WR_TE_HYBRID_ROLE_AGE_REFINEMENT,low_games,WR/TE,781,17,2.2%,4,0,4,13,17,-4,2.2%,2.2%,0.0%,no_added_harm_vs_pyf
REFINE_042_WRTE_THREE_55_30_15_LATE_010,GAUNTLET_103_HYBRID_WR_TE_THREE_65_ROLE_AGE,C02,wr_te_hybrid_role_age,B_WR_TE_HYBRID_ROLE_AGE_REFINEMENT,older_late_lifecycle,WR/TE,216,43,19.9%,56,44,12,6,13,-7,28.7%,26.4%,2.3%,worse_than_pyf
REFINE_042_WRTE_THREE_55_30_15_LATE_010,GAUNTLET_103_HYBRID_WR_TE_THREE_65_ROLE_AGE,C02,wr_te_hybrid_role_age,B_WR_TE_HYBRID_ROLE_AGE_REFINEMENT,young_early_lifecycle,WR/TE,1748,270,15.4%,99,125,-26,115,112,3,12.2%,13.6%,-1.3%,improves_vs_pyf
REFINE_042_WRTE_THREE_55_30_15_LATE_010,GAUNTLET_103_HYBRID_WR_TE_THREE_65_ROLE_AGE,C02,wr_te_hybrid_role_age,B_WR_TE_HYBRID_ROLE_AGE_REFINEMENT,high_volume_role,WR/TE,850,391,46.0%,247,264,-17,56,53,3,35.6%,37.3%,-1.6%,improves_vs_pyf
REFINE_042_WRTE_THREE_55_30_15_LATE_010,GAUNTLET_103_HYBRID_WR_TE_THREE_65_ROLE_AGE,C02,wr_te_hybrid_role_age,B_WR_TE_HYBRID_ROLE_AGE_REFINEMENT,low_or_sparse_role,WR/TE,1028,21,2.0%,4,0,4,16,20,-4,1.9%,1.9%,0.0%,no_added_harm_vs_pyf
REFINE_042_WRTE_THREE_55_30_15_LATE_010,GAUNTLET_103_HYBRID_WR_TE_THREE_65_ROLE_AGE,C02,wr_te_hybrid_role_age,B_WR_TE_HYBRID_ROLE_AGE_REFINEMENT,prior_decline_proxy,WR/TE,492,33,6.7%,247,264,-17,2,6,-4,50.6%,54.9%,-4.3%,improves_vs_pyf
REFINE_042_WRTE_THREE_55_30_15_LATE_010,GAUNTLET_103_HYBRID_WR_TE_THREE_65_ROLE_AGE,C02,wr_te_hybrid_role_age,B_WR_TE_HYBRID_ROLE_AGE_REFINEMENT,rb_high_touch_role,WR/TE,0,0,,0,0,0,0,0,0,,,,slice_not_present
REFINE_042_WRTE_THREE_55_30_15_LATE_010,GAUNTLET_103_HYBRID_WR_TE_THREE_65_ROLE_AGE,C02,wr_te_hybrid_role_age,B_WR_TE_HYBRID_ROLE_AGE_REFINEMENT,receiver_high_target_role,WR/TE,850,391,46.0%,247,264,-17,56,53,3,35.6%,37.3%,-1.6%,improves_vs_pyf
REFINE_042_WRTE_THREE_55_30_15_LATE_010,GAUNTLET_103_HYBRID_WR_TE_THREE_65_ROLE_AGE,C02,wr_te_hybrid_role_age,B_WR_TE_HYBRID_ROLE_AGE_REFINEMENT,age_missing,WR/TE,8,0,0.0%,0,0,0,0,0,0,0.0%,0.0%,0.0%,no_added_harm_vs_pyf
REFINE_043_WRTE_THREE_55_30_15_YOUNG_010,GAUNTLET_103_HYBRID_WR_TE_THREE_65_ROLE_AGE,C02,wr_te_hybrid_role_age,B_WR_TE_HYBRID_ROLE_AGE_REFINEMENT,sparse_history,WR/TE,781,17,2.2%,4,0,4,13,17,-4,2.2%,2.2%,0.0%,no_added_harm_vs_pyf
REFINE_043_WRTE_THREE_55_30_15_YOUNG_010,GAUNTLET_103_HYBRID_WR_TE_THREE_65_ROLE_AGE,C02,wr_te_hybrid_role_age,B_WR_TE_HYBRID_ROLE_AGE_REFINEMENT,low_games,WR/TE,781,17,2.2%,4,0,4,13,17,-4,2.2%,2.2%,0.0%,no_added_harm_vs_pyf
REFINE_043_WRTE_THREE_55_30_15_YOUNG_010,GAUNTLET_103_HYBRID_WR_TE_THREE_65_ROLE_AGE,C02,wr_te_hybrid_role_age,B_WR_TE_HYBRID_ROLE_AGE_REFINEMENT,older_late_lifecycle,WR/TE,216,43,19.9%,56,44,12,6,13,-7,28.7%,26.4%,2.3%,worse_than_pyf
REFINE_043_WRTE_THREE_55_30_15_YOUNG_010,GAUNTLET_103_HYBRID_WR_TE_THREE_65_ROLE_AGE,C02,wr_te_hybrid_role_age,B_WR_TE_HYBRID_ROLE_AGE_REFINEMENT,young_early_lifecycle,WR/TE,1748,270,15.4%,101,125,-24,114,112,2,12.3%,13.6%,-1.3%,improves_vs_pyf
REFINE_043_WRTE_THREE_55_30_15_YOUNG_010,GAUNTLET_103_HYBRID_WR_TE_THREE_65_ROLE_AGE,C02,wr_te_hybrid_role_age,B_WR_TE_HYBRID_ROLE_AGE_REFINEMENT,high_volume_role,WR/TE,850,391,46.0%,246,264,-18,56,53,3,35.5%,37.3%,-1.8%,improves_vs_pyf
REFINE_043_WRTE_THREE_55_30_15_YOUNG_010,GAUNTLET_103_HYBRID_WR_TE_THREE_65_ROLE_AGE,C02,wr_te_hybrid_role_age,B_WR_TE_HYBRID_ROLE_AGE_REFINEMENT,low_or_sparse_role,WR/TE,1028,21,2.0%,4,0,4,16,20,-4,1.9%,1.9%,0.0%,no_added_harm_vs_pyf
REFINE_043_WRTE_THREE_55_30_15_YOUNG_010,GAUNTLET_103_HYBRID_WR_TE_THREE_65_ROLE_AGE,C02,wr_te_hybrid_role_age,B_WR_TE_HYBRID_ROLE_AGE_REFINEMENT,prior_decline_proxy,WR/TE,492,33,6.7%,246,264,-18,2,6,-4,50.4%,54.9%,-4.5%,improves_vs_pyf
REFINE_043_WRTE_THREE_55_30_15_YOUNG_010,GAUNTLET_103_HYBRID_WR_TE_THREE_65_ROLE_AGE,C02,wr_te_hybrid_role_age,B_WR_TE_HYBRID_ROLE_AGE_REFINEMENT,rb_high_touch_role,WR/TE,0,0,,0,0,0,0,0,0,,,,slice_not_present
REFINE_043_WRTE_THREE_55_30_15_YOUNG_010,GAUNTLET_103_HYBRID_WR_TE_THREE_65_ROLE_AGE,C02,wr_te_hybrid_role_age,B_WR_TE_HYBRID_ROLE_AGE_REFINEMENT,receiver_high_target_role,WR/TE,850,391,46.0%,246,264,-18,56,53,3,35.5%,37.3%,-1.8%,improves_vs_pyf
REFINE_043_WRTE_THREE_55_30_15_YOUNG_010,GAUNTLET_103_HYBRID_WR_TE_THREE_65_ROLE_AGE,C02,wr_te_hybrid_role_age,B_WR_TE_HYBRID_ROLE_AGE_REFINEMENT,age_missing,WR/TE,8,0,0.0%,0,0,0,0,0,0,0.0%,0.0%,0.0%,no_added_harm_vs_pyf
REFINE_044_WRTE_THREE_55_30_15_LOWSPARSE_YOUNG_010,GAUNTLET_103_HYBRID_WR_TE_THREE_65_ROLE_AGE,C02,wr_te_hybrid_role_age,B_WR_TE_HYBRID_ROLE_AGE_REFINEMENT,sparse_history,WR/TE,781,17,2.2%,4,0,4,13,17,-4,2.2%,2.2%,0.0%,no_added_harm_vs_pyf
REFINE_044_WRTE_THREE_55_30_15_LOWSPARSE_YOUNG_010,GAUNTLET_103_HYBRID_WR_TE_THREE_65_ROLE_AGE,C02,wr_te_hybrid_role_age,B_WR_TE_HYBRID_ROLE_AGE_REFINEMENT,low_games,WR/TE,781,17,2.2%,4,0,4,13,17,-4,2.2%,2.2%,0.0%,no_added_harm_vs_pyf
REFINE_044_WRTE_THREE_55_30_15_LOWSPARSE_YOUNG_010,GAUNTLET_103_HYBRID_WR_TE_THREE_65_ROLE_AGE,C02,wr_te_hybrid_role_age,B_WR_TE_HYBRID_ROLE_AGE_REFINEMENT,older_late_lifecycle,WR/TE,216,43,19.9%,57,44,13,6,13,-7,29.2%,26.4%,2.8%,worse_than_pyf
REFINE_044_WRTE_THREE_55_30_15_LOWSPARSE_YOUNG_010,GAUNTLET_103_HYBRID_WR_TE_THREE_65_ROLE_AGE,C02,wr_te_hybrid_role_age,B_WR_TE_HYBRID_ROLE_AGE_REFINEMENT,young_early_lifecycle,WR/TE,1748,270,15.4%,99,125,-26,116,112,4,12.3%,13.6%,-1.3%,improves_vs_pyf
REFINE_044_WRTE_THREE_55_30_15_LOWSPARSE_YOUNG_010,GAUNTLET_103_HYBRID_WR_TE_THREE_65_ROLE_AGE,C02,wr_te_hybrid_role_age,B_WR_TE_HYBRID_ROLE_AGE_REFINEMENT,high_volume_role,WR/TE,850,391,46.0%,247,264,-17,57,53,4,35.8%,37.3%,-1.5%,improves_vs_pyf
REFINE_044_WRTE_THREE_55_30_15_LOWSPARSE_YOUNG_010,GAUNTLET_103_HYBRID_WR_TE_THREE_65_ROLE_AGE,C02,wr_te_hybrid_role_age,B_WR_TE_HYBRID_ROLE_AGE_REFINEMENT,low_or_sparse_role,WR/TE,1028,21,2.0%,4,0,4,16,20,-4,1.9%,1.9%,0.0%,no_added_harm_vs_pyf
REFINE_044_WRTE_THREE_55_30_15_LOWSPARSE_YOUNG_010,GAUNTLET_103_HYBRID_WR_TE_THREE_65_ROLE_AGE,C02,wr_te_hybrid_role_age,B_WR_TE_HYBRID_ROLE_AGE_REFINEMENT,prior_decline_proxy,WR/TE,492,33,6.7%,247,264,-17,2,6,-4,50.6%,54.9%,-4.3%,improves_vs_pyf
REFINE_044_WRTE_THREE_55_30_15_LOWSPARSE_YOUNG_010,GAUNTLET_103_HYBRID_WR_TE_THREE_65_ROLE_AGE,C02,wr_te_hybrid_role_age,B_WR_TE_HYBRID_ROLE_AGE_REFINEMENT,rb_high_touch_role,WR/TE,0,0,,0,0,0,0,0,0,,,,slice_not_present
REFINE_044_WRTE_THREE_55_30_15_LOWSPARSE_YOUNG_010,GAUNTLET_103_HYBRID_WR_TE_THREE_65_ROLE_AGE,C02,wr_te_hybrid_role_age,B_WR_TE_HYBRID_ROLE_AGE_REFINEMENT,receiver_high_target_role,WR/TE,850,391,46.0%,247,264,-17,57,53,4,35.8%,37.3%,-1.5%,improves_vs_pyf
REFINE_044_WRTE_THREE_55_30_15_LOWSPARSE_YOUNG_010,GAUNTLET_103_HYBRID_WR_TE_THREE_65_ROLE_AGE,C02,wr_te_hybrid_role_age,B_WR_TE_HYBRID_ROLE_AGE_REFINEMENT,age_missing,WR/TE,8,0,0.0%,0,0,0,0,0,0,0.0%,0.0%,0.0%,no_added_harm_vs_pyf
REFINE_045_WRTE_TWO_70_30_0_PLAIN,GAUNTLET_103_HYBRID_WR_TE_THREE_65_ROLE_AGE,C02,wr_te_hybrid_role_age,B_WR_TE_HYBRID_ROLE_AGE_REFINEMENT,sparse_history,WR/TE,781,17,2.2%,1,0,1,14,17,-3,1.9%,2.2%,-0.3%,improves_vs_pyf
REFINE_045_WRTE_TWO_70_30_0_PLAIN,GAUNTLET_103_HYBRID_WR_TE_THREE_65_ROLE_AGE,C02,wr_te_hybrid_role_age,B_WR_TE_HYBRID_ROLE_AGE_REFINEMENT,low_games,WR/TE,781,17,2.2%,1,0,1,14,17,-3,1.9%,2.2%,-0.3%,improves_vs_pyf
REFINE_045_WRTE_TWO_70_30_0_PLAIN,GAUNTLET_103_HYBRID_WR_TE_THREE_65_ROLE_AGE,C02,wr_te_hybrid_role_age,B_WR_TE_HYBRID_ROLE_AGE_REFINEMENT,older_late_lifecycle,WR/TE,216,43,19.9%,48,44,4,8,13,-5,25.9%,26.4%,-0.5%,improves_vs_pyf
REFINE_045_WRTE_TWO_70_30_0_PLAIN,GAUNTLET_103_HYBRID_WR_TE_THREE_65_ROLE_AGE,C02,wr_te_hybrid_role_age,B_WR_TE_HYBRID_ROLE_AGE_REFINEMENT,young_early_lifecycle,WR/TE,1748,270,15.4%,113,125,-12,112,112,0,12.9%,13.6%,-0.7%,improves_vs_pyf
REFINE_045_WRTE_TWO_70_30_0_PLAIN,GAUNTLET_103_HYBRID_WR_TE_THREE_65_ROLE_AGE,C02,wr_te_hybrid_role_age,B_WR_TE_HYBRID_ROLE_AGE_REFINEMENT,high_volume_role,WR/TE,850,391,46.0%,259,264,-5,49,53,-4,36.2%,37.3%,-1.1%,improves_vs_pyf
REFINE_045_WRTE_TWO_70_30_0_PLAIN,GAUNTLET_103_HYBRID_WR_TE_THREE_65_ROLE_AGE,C02,wr_te_hybrid_role_age,B_WR_TE_HYBRID_ROLE_AGE_REFINEMENT,low_or_sparse_role,WR/TE,1028,21,2.0%,1,0,1,17,20,-3,1.8%,1.9%,-0.2%,improves_vs_pyf
REFINE_045_WRTE_TWO_70_30_0_PLAIN,GAUNTLET_103_HYBRID_WR_TE_THREE_65_ROLE_AGE,C02,wr_te_hybrid_role_age,B_WR_TE_HYBRID_ROLE_AGE_REFINEMENT,prior_decline_proxy,WR/TE,492,33,6.7%,259,264,-5,3,6,-3,53.3%,54.9%,-1.6%,improves_vs_pyf
REFINE_045_WRTE_TWO_70_30_0_PLAIN,GAUNTLET_103_HYBRID_WR_TE_THREE_65_ROLE_AGE,C02,wr_te_hybrid_role_age,B_WR_TE_HYBRID_ROLE_AGE_REFINEMENT,rb_high_touch_role,WR/TE,0,0,,0,0,0,0,0,0,,,,slice_not_present
REFINE_045_WRTE_TWO_70_30_0_PLAIN,GAUNTLET_103_HYBRID_WR_TE_THREE_65_ROLE_AGE,C02,wr_te_hybrid_role_age,B_WR_TE_HYBRID_ROLE_AGE_REFINEMENT,receiver_high_target_role,WR/TE,850,391,46.0%,259,264,-5,49,53,-4,36.2%,37.3%,-1.1%,improves_vs_pyf
REFINE_045_WRTE_TWO_70_30_0_PLAIN,GAUNTLET_103_HYBRID_WR_TE_THREE_65_ROLE_AGE,C02,wr_te_hybrid_role_age,B_WR_TE_HYBRID_ROLE_AGE_REFINEMENT,age_missing,WR/TE,8,0,0.0%,0,0,0,0,0,0,0.0%,0.0%,0.0%,no_added_harm_vs_pyf
REFINE_046_WRTE_TWO_70_30_0_LATE_010,GAUNTLET_103_HYBRID_WR_TE_THREE_65_ROLE_AGE,C02,wr_te_hybrid_role_age,B_WR_TE_HYBRID_ROLE_AGE_REFINEMENT,sparse_history,WR/TE,781,17,2.2%,1,0,1,14,17,-3,1.9%,2.2%,-0.3%,improves_vs_pyf
REFINE_046_WRTE_TWO_70_30_0_LATE_010,GAUNTLET_103_HYBRID_WR_TE_THREE_65_ROLE_AGE,C02,wr_te_hybrid_role_age,B_WR_TE_HYBRID_ROLE_AGE_REFINEMENT,low_games,WR/TE,781,17,2.2%,1,0,1,14,17,-3,1.9%,2.2%,-0.3%,improves_vs_pyf
REFINE_046_WRTE_TWO_70_30_0_LATE_010,GAUNTLET_103_HYBRID_WR_TE_THREE_65_ROLE_AGE,C02,wr_te_hybrid_role_age,B_WR_TE_HYBRID_ROLE_AGE_REFINEMENT,older_late_lifecycle,WR/TE,216,43,19.9%,46,44,2,8,13,-5,25.0%,26.4%,-1.4%,improves_vs_pyf
REFINE_046_WRTE_TWO_70_30_0_LATE_010,GAUNTLET_103_HYBRID_WR_TE_THREE_65_ROLE_AGE,C02,wr_te_hybrid_role_age,B_WR_TE_HYBRID_ROLE_AGE_REFINEMENT,young_early_lifecycle,WR/TE,1748,270,15.4%,113,125,-12,111,112,-1,12.8%,13.6%,-0.7%,improves_vs_pyf
REFINE_046_WRTE_TWO_70_30_0_LATE_010,GAUNTLET_103_HYBRID_WR_TE_THREE_65_ROLE_AGE,C02,wr_te_hybrid_role_age,B_WR_TE_HYBRID_ROLE_AGE_REFINEMENT,high_volume_role,WR/TE,850,391,46.0%,258,264,-6,49,53,-4,36.1%,37.3%,-1.2%,improves_vs_pyf
REFINE_046_WRTE_TWO_70_30_0_LATE_010,GAUNTLET_103_HYBRID_WR_TE_THREE_65_ROLE_AGE,C02,wr_te_hybrid_role_age,B_WR_TE_HYBRID_ROLE_AGE_REFINEMENT,low_or_sparse_role,WR/TE,1028,21,2.0%,1,0,1,17,20,-3,1.8%,1.9%,-0.2%,improves_vs_pyf
REFINE_046_WRTE_TWO_70_30_0_LATE_010,GAUNTLET_103_HYBRID_WR_TE_THREE_65_ROLE_AGE,C02,wr_te_hybrid_role_age,B_WR_TE_HYBRID_ROLE_AGE_REFINEMENT,prior_decline_proxy,WR/TE,492,33,6.7%,258,264,-6,3,6,-3,53.0%,54.9%,-1.8%,improves_vs_pyf
REFINE_046_WRTE_TWO_70_30_0_LATE_010,GAUNTLET_103_HYBRID_WR_TE_THREE_65_ROLE_AGE,C02,wr_te_hybrid_role_age,B_WR_TE_HYBRID_ROLE_AGE_REFINEMENT,rb_high_touch_role,WR/TE,0,0,,0,0,0,0,0,0,,,,slice_not_present
REFINE_046_WRTE_TWO_70_30_0_LATE_010,GAUNTLET_103_HYBRID_WR_TE_THREE_65_ROLE_AGE,C02,wr_te_hybrid_role_age,B_WR_TE_HYBRID_ROLE_AGE_REFINEMENT,receiver_high_target_role,WR/TE,850,391,46.0%,258,264,-6,49,53,-4,36.1%,37.3%,-1.2%,improves_vs_pyf
REFINE_046_WRTE_TWO_70_30_0_LATE_010,GAUNTLET_103_HYBRID_WR_TE_THREE_65_ROLE_AGE,C02,wr_te_hybrid_role_age,B_WR_TE_HYBRID_ROLE_AGE_REFINEMENT,age_missing,WR/TE,8,0,0.0%,0,0,0,0,0,0,0.0%,0.0%,0.0%,no_added_harm_vs_pyf
REFINE_047_WRTE_TWO_70_30_0_YOUNG_010,GAUNTLET_103_HYBRID_WR_TE_THREE_65_ROLE_AGE,C02,wr_te_hybrid_role_age,B_WR_TE_HYBRID_ROLE_AGE_REFINEMENT,sparse_history,WR/TE,781,17,2.2%,1,0,1,14,17,-3,1.9%,2.2%,-0.3%,improves_vs_pyf
REFINE_047_WRTE_TWO_70_30_0_YOUNG_010,GAUNTLET_103_HYBRID_WR_TE_THREE_65_ROLE_AGE,C02,wr_te_hybrid_role_age,B_WR_TE_HYBRID_ROLE_AGE_REFINEMENT,low_games,WR/TE,781,17,2.2%,1,0,1,14,17,-3,1.9%,2.2%,-0.3%,improves_vs_pyf
REFINE_047_WRTE_TWO_70_30_0_YOUNG_010,GAUNTLET_103_HYBRID_WR_TE_THREE_65_ROLE_AGE,C02,wr_te_hybrid_role_age,B_WR_TE_HYBRID_ROLE_AGE_REFINEMENT,older_late_lifecycle,WR/TE,216,43,19.9%,48,44,4,8,13,-5,25.9%,26.4%,-0.5%,improves_vs_pyf
REFINE_047_WRTE_TWO_70_30_0_YOUNG_010,GAUNTLET_103_HYBRID_WR_TE_THREE_65_ROLE_AGE,C02,wr_te_hybrid_role_age,B_WR_TE_HYBRID_ROLE_AGE_REFINEMENT,young_early_lifecycle,WR/TE,1748,270,15.4%,114,125,-11,110,112,-2,12.8%,13.6%,-0.7%,improves_vs_pyf
REFINE_047_WRTE_TWO_70_30_0_YOUNG_010,GAUNTLET_103_HYBRID_WR_TE_THREE_65_ROLE_AGE,C02,wr_te_hybrid_role_age,B_WR_TE_HYBRID_ROLE_AGE_REFINEMENT,high_volume_role,WR/TE,850,391,46.0%,259,264,-5,50,53,-3,36.4%,37.3%,-0.9%,improves_vs_pyf
REFINE_047_WRTE_TWO_70_30_0_YOUNG_010,GAUNTLET_103_HYBRID_WR_TE_THREE_65_ROLE_AGE,C02,wr_te_hybrid_role_age,B_WR_TE_HYBRID_ROLE_AGE_REFINEMENT,low_or_sparse_role,WR/TE,1028,21,2.0%,1,0,1,17,20,-3,1.8%,1.9%,-0.2%,improves_vs_pyf
REFINE_047_WRTE_TWO_70_30_0_YOUNG_010,GAUNTLET_103_HYBRID_WR_TE_THREE_65_ROLE_AGE,C02,wr_te_hybrid_role_age,B_WR_TE_HYBRID_ROLE_AGE_REFINEMENT,prior_decline_proxy,WR/TE,492,33,6.7%,259,264,-5,3,6,-3,53.3%,54.9%,-1.6%,improves_vs_pyf
REFINE_047_WRTE_TWO_70_30_0_YOUNG_010,GAUNTLET_103_HYBRID_WR_TE_THREE_65_ROLE_AGE,C02,wr_te_hybrid_role_age,B_WR_TE_HYBRID_ROLE_AGE_REFINEMENT,rb_high_touch_role,WR/TE,0,0,,0,0,0,0,0,0,,,,slice_not_present
REFINE_047_WRTE_TWO_70_30_0_YOUNG_010,GAUNTLET_103_HYBRID_WR_TE_THREE_65_ROLE_AGE,C02,wr_te_hybrid_role_age,B_WR_TE_HYBRID_ROLE_AGE_REFINEMENT,receiver_high_target_role,WR/TE,850,391,46.0%,259,264,-5,50,53,-3,36.4%,37.3%,-0.9%,improves_vs_pyf
REFINE_047_WRTE_TWO_70_30_0_YOUNG_010,GAUNTLET_103_HYBRID_WR_TE_THREE_65_ROLE_AGE,C02,wr_te_hybrid_role_age,B_WR_TE_HYBRID_ROLE_AGE_REFINEMENT,age_missing,WR/TE,8,0,0.0%,0,0,0,0,0,0,0.0%,0.0%,0.0%,no_added_harm_vs_pyf
REFINE_048_WRTE_TWO_70_30_0_LOWSPARSE_YOUNG_010,GAUNTLET_103_HYBRID_WR_TE_THREE_65_ROLE_AGE,C02,wr_te_hybrid_role_age,B_WR_TE_HYBRID_ROLE_AGE_REFINEMENT,sparse_history,WR/TE,781,17,2.2%,1,0,1,14,17,-3,1.9%,2.2%,-0.3%,improves_vs_pyf
REFINE_048_WRTE_TWO_70_30_0_LOWSPARSE_YOUNG_010,GAUNTLET_103_HYBRID_WR_TE_THREE_65_ROLE_AGE,C02,wr_te_hybrid_role_age,B_WR_TE_HYBRID_ROLE_AGE_REFINEMENT,low_games,WR/TE,781,17,2.2%,1,0,1,14,17,-3,1.9%,2.2%,-0.3%,improves_vs_pyf
REFINE_048_WRTE_TWO_70_30_0_LOWSPARSE_YOUNG_010,GAUNTLET_103_HYBRID_WR_TE_THREE_65_ROLE_AGE,C02,wr_te_hybrid_role_age,B_WR_TE_HYBRID_ROLE_AGE_REFINEMENT,older_late_lifecycle,WR/TE,216,43,19.9%,48,44,4,8,13,-5,25.9%,26.4%,-0.5%,improves_vs_pyf
REFINE_048_WRTE_TWO_70_30_0_LOWSPARSE_YOUNG_010,GAUNTLET_103_HYBRID_WR_TE_THREE_65_ROLE_AGE,C02,wr_te_hybrid_role_age,B_WR_TE_HYBRID_ROLE_AGE_REFINEMENT,young_early_lifecycle,WR/TE,1748,270,15.4%,113,125,-12,112,112,0,12.9%,13.6%,-0.7%,improves_vs_pyf
REFINE_048_WRTE_TWO_70_30_0_LOWSPARSE_YOUNG_010,GAUNTLET_103_HYBRID_WR_TE_THREE_65_ROLE_AGE,C02,wr_te_hybrid_role_age,B_WR_TE_HYBRID_ROLE_AGE_REFINEMENT,high_volume_role,WR/TE,850,391,46.0%,259,264,-5,49,53,-4,36.2%,37.3%,-1.1%,improves_vs_pyf
REFINE_048_WRTE_TWO_70_30_0_LOWSPARSE_YOUNG_010,GAUNTLET_103_HYBRID_WR_TE_THREE_65_ROLE_AGE,C02,wr_te_hybrid_role_age,B_WR_TE_HYBRID_ROLE_AGE_REFINEMENT,low_or_sparse_role,WR/TE,1028,21,2.0%,1,0,1,17,20,-3,1.8%,1.9%,-0.2%,improves_vs_pyf
REFINE_048_WRTE_TWO_70_30_0_LOWSPARSE_YOUNG_010,GAUNTLET_103_HYBRID_WR_TE_THREE_65_ROLE_AGE,C02,wr_te_hybrid_role_age,B_WR_TE_HYBRID_ROLE_AGE_REFINEMENT,prior_decline_proxy,WR/TE,492,33,6.7%,259,264,-5,3,6,-3,53.3%,54.9%,-1.6%,improves_vs_pyf
REFINE_048_WRTE_TWO_70_30_0_LOWSPARSE_YOUNG_010,GAUNTLET_103_HYBRID_WR_TE_THREE_65_ROLE_AGE,C02,wr_te_hybrid_role_age,B_WR_TE_HYBRID_ROLE_AGE_REFINEMENT,rb_high_touch_role,WR/TE,0,0,,0,0,0,0,0,0,,,,slice_not_present
REFINE_048_WRTE_TWO_70_30_0_LOWSPARSE_YOUNG_010,GAUNTLET_103_HYBRID_WR_TE_THREE_65_ROLE_AGE,C02,wr_te_hybrid_role_age,B_WR_TE_HYBRID_ROLE_AGE_REFINEMENT,receiver_high_target_role,WR/TE,850,391,46.0%,259,264,-5,49,53,-4,36.2%,37.3%,-1.1%,improves_vs_pyf
REFINE_048_WRTE_TWO_70_30_0_LOWSPARSE_YOUNG_010,GAUNTLET_103_HYBRID_WR_TE_THREE_65_ROLE_AGE,C02,wr_te_hybrid_role_age,B_WR_TE_HYBRID_ROLE_AGE_REFINEMENT,age_missing,WR/TE,8,0,0.0%,0,0,0,0,0,0,0.0%,0.0%,0.0%,no_added_harm_vs_pyf
REFINE_049_QB_THREE_70_20_10,GAUNTLET_039_QB_THREE_55_30_15,C03,qb_three_year,C_QB_THREE_YEAR_REFINEMENT,sparse_history,QB,328,11,3.4%,0,0,0,11,11,0,3.4%,3.4%,0.0%,no_added_harm_vs_pyf
REFINE_049_QB_THREE_70_20_10,GAUNTLET_039_QB_THREE_55_30_15,C03,qb_three_year,C_QB_THREE_YEAR_REFINEMENT,low_games,QB,328,11,3.4%,0,0,0,11,11,0,3.4%,3.4%,0.0%,no_added_harm_vs_pyf
REFINE_049_QB_THREE_70_20_10,GAUNTLET_039_QB_THREE_55_30_15,C03,qb_three_year,C_QB_THREE_YEAR_REFINEMENT,older_late_lifecycle,QB,212,41,19.3%,19,19,0,19,23,-4,17.9%,19.8%,-1.9%,improves_vs_pyf
REFINE_049_QB_THREE_70_20_10,GAUNTLET_039_QB_THREE_55_30_15,C03,qb_three_year,C_QB_THREE_YEAR_REFINEMENT,young_early_lifecycle,QB,254,57,22.4%,17,16,1,31,27,4,18.9%,16.9%,2.0%,worse_than_pyf
REFINE_049_QB_THREE_70_20_10,GAUNTLET_039_QB_THREE_55_30_15,C03,qb_three_year,C_QB_THREE_YEAR_REFINEMENT,high_volume_role,QB,194,80,41.2%,40,43,-3,23,26,-3,32.5%,35.6%,-3.1%,improves_vs_pyf
REFINE_049_QB_THREE_70_20_10,GAUNTLET_039_QB_THREE_55_30_15,C03,qb_three_year,C_QB_THREE_YEAR_REFINEMENT,low_or_sparse_role,QB,336,12,3.6%,0,0,0,12,12,0,3.6%,3.6%,0.0%,no_added_harm_vs_pyf
REFINE_049_QB_THREE_70_20_10,GAUNTLET_039_QB_THREE_55_30_15,C03,qb_three_year,C_QB_THREE_YEAR_REFINEMENT,prior_decline_proxy,QB,145,31,21.4%,40,43,-3,9,13,-4,33.8%,38.6%,-4.8%,improves_vs_pyf
REFINE_049_QB_THREE_70_20_10,GAUNTLET_039_QB_THREE_55_30_15,C03,qb_three_year,C_QB_THREE_YEAR_REFINEMENT,rb_high_touch_role,QB,0,0,,0,0,0,0,0,0,,,,slice_not_present
REFINE_049_QB_THREE_70_20_10,GAUNTLET_039_QB_THREE_55_30_15,C03,qb_three_year,C_QB_THREE_YEAR_REFINEMENT,receiver_high_target_role,QB,0,0,,0,0,0,0,0,0,,,,slice_not_present
REFINE_049_QB_THREE_70_20_10,GAUNTLET_039_QB_THREE_55_30_15,C03,qb_three_year,C_QB_THREE_YEAR_REFINEMENT,age_missing,QB,0,0,,0,0,0,0,0,0,,,,slice_not_present
REFINE_050_QB_THREE_70_20_10_SPARSE25,GAUNTLET_039_QB_THREE_55_30_15,C03,qb_three_year,C_QB_THREE_YEAR_REFINEMENT,sparse_history,QB,328,11,3.4%,0,0,0,11,11,0,3.4%,3.4%,0.0%,no_added_harm_vs_pyf
REFINE_050_QB_THREE_70_20_10_SPARSE25,GAUNTLET_039_QB_THREE_55_30_15,C03,qb_three_year,C_QB_THREE_YEAR_REFINEMENT,low_games,QB,328,11,3.4%,0,0,0,11,11,0,3.4%,3.4%,0.0%,no_added_harm_vs_pyf
REFINE_050_QB_THREE_70_20_10_SPARSE25,GAUNTLET_039_QB_THREE_55_30_15,C03,qb_three_year,C_QB_THREE_YEAR_REFINEMENT,older_late_lifecycle,QB,212,41,19.3%,19,19,0,19,23,-4,17.9%,19.8%,-1.9%,improves_vs_pyf
REFINE_050_QB_THREE_70_20_10_SPARSE25,GAUNTLET_039_QB_THREE_55_30_15,C03,qb_three_year,C_QB_THREE_YEAR_REFINEMENT,young_early_lifecycle,QB,254,57,22.4%,17,16,1,31,27,4,18.9%,16.9%,2.0%,worse_than_pyf
REFINE_050_QB_THREE_70_20_10_SPARSE25,GAUNTLET_039_QB_THREE_55_30_15,C03,qb_three_year,C_QB_THREE_YEAR_REFINEMENT,high_volume_role,QB,194,80,41.2%,40,43,-3,23,26,-3,32.5%,35.6%,-3.1%,improves_vs_pyf
REFINE_050_QB_THREE_70_20_10_SPARSE25,GAUNTLET_039_QB_THREE_55_30_15,C03,qb_three_year,C_QB_THREE_YEAR_REFINEMENT,low_or_sparse_role,QB,336,12,3.6%,0,0,0,12,12,0,3.6%,3.6%,0.0%,no_added_harm_vs_pyf
REFINE_050_QB_THREE_70_20_10_SPARSE25,GAUNTLET_039_QB_THREE_55_30_15,C03,qb_three_year,C_QB_THREE_YEAR_REFINEMENT,prior_decline_proxy,QB,145,31,21.4%,40,43,-3,9,13,-4,33.8%,38.6%,-4.8%,improves_vs_pyf
REFINE_050_QB_THREE_70_20_10_SPARSE25,GAUNTLET_039_QB_THREE_55_30_15,C03,qb_three_year,C_QB_THREE_YEAR_REFINEMENT,rb_high_touch_role,QB,0,0,,0,0,0,0,0,0,,,,slice_not_present
REFINE_050_QB_THREE_70_20_10_SPARSE25,GAUNTLET_039_QB_THREE_55_30_15,C03,qb_three_year,C_QB_THREE_YEAR_REFINEMENT,receiver_high_target_role,QB,0,0,,0,0,0,0,0,0,,,,slice_not_present
REFINE_050_QB_THREE_70_20_10_SPARSE25,GAUNTLET_039_QB_THREE_55_30_15,C03,qb_three_year,C_QB_THREE_YEAR_REFINEMENT,age_missing,QB,0,0,,0,0,0,0,0,0,,,,slice_not_present
REFINE_051_QB_THREE_65_25_10,GAUNTLET_039_QB_THREE_55_30_15,C03,qb_three_year,C_QB_THREE_YEAR_REFINEMENT,sparse_history,QB,328,11,3.4%,0,0,0,11,11,0,3.4%,3.4%,0.0%,no_added_harm_vs_pyf
REFINE_051_QB_THREE_65_25_10,GAUNTLET_039_QB_THREE_55_30_15,C03,qb_three_year,C_QB_THREE_YEAR_REFINEMENT,low_games,QB,328,11,3.4%,0,0,0,11,11,0,3.4%,3.4%,0.0%,no_added_harm_vs_pyf
REFINE_051_QB_THREE_65_25_10,GAUNTLET_039_QB_THREE_55_30_15,C03,qb_three_year,C_QB_THREE_YEAR_REFINEMENT,older_late_lifecycle,QB,212,41,19.3%,21,19,2,20,23,-3,19.3%,19.8%,-0.5%,improves_vs_pyf
REFINE_051_QB_THREE_65_25_10,GAUNTLET_039_QB_THREE_55_30_15,C03,qb_three_year,C_QB_THREE_YEAR_REFINEMENT,young_early_lifecycle,QB,254,57,22.4%,17,16,1,31,27,4,18.9%,16.9%,2.0%,worse_than_pyf
REFINE_051_QB_THREE_65_25_10,GAUNTLET_039_QB_THREE_55_30_15,C03,qb_three_year,C_QB_THREE_YEAR_REFINEMENT,high_volume_role,QB,194,80,41.2%,41,43,-2,26,26,0,34.5%,35.6%,-1.0%,improves_vs_pyf
REFINE_051_QB_THREE_65_25_10,GAUNTLET_039_QB_THREE_55_30_15,C03,qb_three_year,C_QB_THREE_YEAR_REFINEMENT,low_or_sparse_role,QB,336,12,3.6%,0,0,0,12,12,0,3.6%,3.6%,0.0%,no_added_harm_vs_pyf
REFINE_051_QB_THREE_65_25_10,GAUNTLET_039_QB_THREE_55_30_15,C03,qb_three_year,C_QB_THREE_YEAR_REFINEMENT,prior_decline_proxy,QB,145,31,21.4%,41,43,-2,11,13,-2,35.9%,38.6%,-2.8%,improves_vs_pyf
REFINE_051_QB_THREE_65_25_10,GAUNTLET_039_QB_THREE_55_30_15,C03,qb_three_year,C_QB_THREE_YEAR_REFINEMENT,rb_high_touch_role,QB,0,0,,0,0,0,0,0,0,,,,slice_not_present
REFINE_051_QB_THREE_65_25_10,GAUNTLET_039_QB_THREE_55_30_15,C03,qb_three_year,C_QB_THREE_YEAR_REFINEMENT,receiver_high_target_role,QB,0,0,,0,0,0,0,0,0,,,,slice_not_present
REFINE_051_QB_THREE_65_25_10,GAUNTLET_039_QB_THREE_55_30_15,C03,qb_three_year,C_QB_THREE_YEAR_REFINEMENT,age_missing,QB,0,0,,0,0,0,0,0,0,,,,slice_not_present
REFINE_052_QB_THREE_65_25_10_SPARSE25,GAUNTLET_039_QB_THREE_55_30_15,C03,qb_three_year,C_QB_THREE_YEAR_REFINEMENT,sparse_history,QB,328,11,3.4%,0,0,0,11,11,0,3.4%,3.4%,0.0%,no_added_harm_vs_pyf
REFINE_052_QB_THREE_65_25_10_SPARSE25,GAUNTLET_039_QB_THREE_55_30_15,C03,qb_three_year,C_QB_THREE_YEAR_REFINEMENT,low_games,QB,328,11,3.4%,0,0,0,11,11,0,3.4%,3.4%,0.0%,no_added_harm_vs_pyf
REFINE_052_QB_THREE_65_25_10_SPARSE25,GAUNTLET_039_QB_THREE_55_30_15,C03,qb_three_year,C_QB_THREE_YEAR_REFINEMENT,older_late_lifecycle,QB,212,41,19.3%,21,19,2,20,23,-3,19.3%,19.8%,-0.5%,improves_vs_pyf
REFINE_052_QB_THREE_65_25_10_SPARSE25,GAUNTLET_039_QB_THREE_55_30_15,C03,qb_three_year,C_QB_THREE_YEAR_REFINEMENT,young_early_lifecycle,QB,254,57,22.4%,17,16,1,31,27,4,18.9%,16.9%,2.0%,worse_than_pyf
REFINE_052_QB_THREE_65_25_10_SPARSE25,GAUNTLET_039_QB_THREE_55_30_15,C03,qb_three_year,C_QB_THREE_YEAR_REFINEMENT,high_volume_role,QB,194,80,41.2%,41,43,-2,26,26,0,34.5%,35.6%,-1.0%,improves_vs_pyf
REFINE_052_QB_THREE_65_25_10_SPARSE25,GAUNTLET_039_QB_THREE_55_30_15,C03,qb_three_year,C_QB_THREE_YEAR_REFINEMENT,low_or_sparse_role,QB,336,12,3.6%,0,0,0,12,12,0,3.6%,3.6%,0.0%,no_added_harm_vs_pyf
REFINE_052_QB_THREE_65_25_10_SPARSE25,GAUNTLET_039_QB_THREE_55_30_15,C03,qb_three_year,C_QB_THREE_YEAR_REFINEMENT,prior_decline_proxy,QB,145,31,21.4%,41,43,-2,11,13,-2,35.9%,38.6%,-2.8%,improves_vs_pyf
REFINE_052_QB_THREE_65_25_10_SPARSE25,GAUNTLET_039_QB_THREE_55_30_15,C03,qb_three_year,C_QB_THREE_YEAR_REFINEMENT,rb_high_touch_role,QB,0,0,,0,0,0,0,0,0,,,,slice_not_present
REFINE_052_QB_THREE_65_25_10_SPARSE25,GAUNTLET_039_QB_THREE_55_30_15,C03,qb_three_year,C_QB_THREE_YEAR_REFINEMENT,receiver_high_target_role,QB,0,0,,0,0,0,0,0,0,,,,slice_not_present
REFINE_052_QB_THREE_65_25_10_SPARSE25,GAUNTLET_039_QB_THREE_55_30_15,C03,qb_three_year,C_QB_THREE_YEAR_REFINEMENT,age_missing,QB,0,0,,0,0,0,0,0,0,,,,slice_not_present
REFINE_053_QB_THREE_60_25_15,GAUNTLET_039_QB_THREE_55_30_15,C03,qb_three_year,C_QB_THREE_YEAR_REFINEMENT,sparse_history,QB,328,11,3.4%,0,0,0,11,11,0,3.4%,3.4%,0.0%,no_added_harm_vs_pyf
REFINE_053_QB_THREE_60_25_15,GAUNTLET_039_QB_THREE_55_30_15,C03,qb_three_year,C_QB_THREE_YEAR_REFINEMENT,low_games,QB,328,11,3.4%,0,0,0,11,11,0,3.4%,3.4%,0.0%,no_added_harm_vs_pyf
REFINE_053_QB_THREE_60_25_15,GAUNTLET_039_QB_THREE_55_30_15,C03,qb_three_year,C_QB_THREE_YEAR_REFINEMENT,older_late_lifecycle,QB,212,41,19.3%,23,19,4,20,23,-3,20.3%,19.8%,0.5%,worse_than_pyf
REFINE_053_QB_THREE_60_25_15,GAUNTLET_039_QB_THREE_55_30_15,C03,qb_three_year,C_QB_THREE_YEAR_REFINEMENT,young_early_lifecycle,QB,254,57,22.4%,14,16,-2,32,27,5,18.1%,16.9%,1.2%,worse_than_pyf
REFINE_053_QB_THREE_60_25_15,GAUNTLET_039_QB_THREE_55_30_15,C03,qb_three_year,C_QB_THREE_YEAR_REFINEMENT,high_volume_role,QB,194,80,41.2%,41,43,-2,25,26,-1,34.0%,35.6%,-1.5%,improves_vs_pyf
REFINE_053_QB_THREE_60_25_15,GAUNTLET_039_QB_THREE_55_30_15,C03,qb_three_year,C_QB_THREE_YEAR_REFINEMENT,low_or_sparse_role,QB,336,12,3.6%,0,0,0,12,12,0,3.6%,3.6%,0.0%,no_added_harm_vs_pyf
REFINE_053_QB_THREE_60_25_15,GAUNTLET_039_QB_THREE_55_30_15,C03,qb_three_year,C_QB_THREE_YEAR_REFINEMENT,prior_decline_proxy,QB,145,31,21.4%,41,43,-2,11,13,-2,35.9%,38.6%,-2.8%,improves_vs_pyf
REFINE_053_QB_THREE_60_25_15,GAUNTLET_039_QB_THREE_55_30_15,C03,qb_three_year,C_QB_THREE_YEAR_REFINEMENT,rb_high_touch_role,QB,0,0,,0,0,0,0,0,0,,,,slice_not_present
REFINE_053_QB_THREE_60_25_15,GAUNTLET_039_QB_THREE_55_30_15,C03,qb_three_year,C_QB_THREE_YEAR_REFINEMENT,receiver_high_target_role,QB,0,0,,0,0,0,0,0,0,,,,slice_not_present
REFINE_053_QB_THREE_60_25_15,GAUNTLET_039_QB_THREE_55_30_15,C03,qb_three_year,C_QB_THREE_YEAR_REFINEMENT,age_missing,QB,0,0,,0,0,0,0,0,0,,,,slice_not_present
REFINE_054_QB_THREE_60_25_15_SPARSE25,GAUNTLET_039_QB_THREE_55_30_15,C03,qb_three_year,C_QB_THREE_YEAR_REFINEMENT,sparse_history,QB,328,11,3.4%,0,0,0,11,11,0,3.4%,3.4%,0.0%,no_added_harm_vs_pyf
REFINE_054_QB_THREE_60_25_15_SPARSE25,GAUNTLET_039_QB_THREE_55_30_15,C03,qb_three_year,C_QB_THREE_YEAR_REFINEMENT,low_games,QB,328,11,3.4%,0,0,0,11,11,0,3.4%,3.4%,0.0%,no_added_harm_vs_pyf
REFINE_054_QB_THREE_60_25_15_SPARSE25,GAUNTLET_039_QB_THREE_55_30_15,C03,qb_three_year,C_QB_THREE_YEAR_REFINEMENT,older_late_lifecycle,QB,212,41,19.3%,23,19,4,20,23,-3,20.3%,19.8%,0.5%,worse_than_pyf
REFINE_054_QB_THREE_60_25_15_SPARSE25,GAUNTLET_039_QB_THREE_55_30_15,C03,qb_three_year,C_QB_THREE_YEAR_REFINEMENT,young_early_lifecycle,QB,254,57,22.4%,14,16,-2,32,27,5,18.1%,16.9%,1.2%,worse_than_pyf
REFINE_054_QB_THREE_60_25_15_SPARSE25,GAUNTLET_039_QB_THREE_55_30_15,C03,qb_three_year,C_QB_THREE_YEAR_REFINEMENT,high_volume_role,QB,194,80,41.2%,41,43,-2,25,26,-1,34.0%,35.6%,-1.5%,improves_vs_pyf
REFINE_054_QB_THREE_60_25_15_SPARSE25,GAUNTLET_039_QB_THREE_55_30_15,C03,qb_three_year,C_QB_THREE_YEAR_REFINEMENT,low_or_sparse_role,QB,336,12,3.6%,0,0,0,12,12,0,3.6%,3.6%,0.0%,no_added_harm_vs_pyf
REFINE_054_QB_THREE_60_25_15_SPARSE25,GAUNTLET_039_QB_THREE_55_30_15,C03,qb_three_year,C_QB_THREE_YEAR_REFINEMENT,prior_decline_proxy,QB,145,31,21.4%,41,43,-2,11,13,-2,35.9%,38.6%,-2.8%,improves_vs_pyf
REFINE_054_QB_THREE_60_25_15_SPARSE25,GAUNTLET_039_QB_THREE_55_30_15,C03,qb_three_year,C_QB_THREE_YEAR_REFINEMENT,rb_high_touch_role,QB,0,0,,0,0,0,0,0,0,,,,slice_not_present
REFINE_054_QB_THREE_60_25_15_SPARSE25,GAUNTLET_039_QB_THREE_55_30_15,C03,qb_three_year,C_QB_THREE_YEAR_REFINEMENT,receiver_high_target_role,QB,0,0,,0,0,0,0,0,0,,,,slice_not_present
REFINE_054_QB_THREE_60_25_15_SPARSE25,GAUNTLET_039_QB_THREE_55_30_15,C03,qb_three_year,C_QB_THREE_YEAR_REFINEMENT,age_missing,QB,0,0,,0,0,0,0,0,0,,,,slice_not_present
REFINE_055_QB_THREE_60_30_10,GAUNTLET_039_QB_THREE_55_30_15,C03,qb_three_year,C_QB_THREE_YEAR_REFINEMENT,sparse_history,QB,328,11,3.4%,0,0,0,11,11,0,3.4%,3.4%,0.0%,no_added_harm_vs_pyf
REFINE_055_QB_THREE_60_30_10,GAUNTLET_039_QB_THREE_55_30_15,C03,qb_three_year,C_QB_THREE_YEAR_REFINEMENT,low_games,QB,328,11,3.4%,0,0,0,11,11,0,3.4%,3.4%,0.0%,no_added_harm_vs_pyf
REFINE_055_QB_THREE_60_30_10,GAUNTLET_039_QB_THREE_55_30_15,C03,qb_three_year,C_QB_THREE_YEAR_REFINEMENT,older_late_lifecycle,QB,212,41,19.3%,22,19,3,19,23,-4,19.3%,19.8%,-0.5%,improves_vs_pyf
REFINE_055_QB_THREE_60_30_10,GAUNTLET_039_QB_THREE_55_30_15,C03,qb_three_year,C_QB_THREE_YEAR_REFINEMENT,young_early_lifecycle,QB,254,57,22.4%,15,16,-1,31,27,4,18.1%,16.9%,1.2%,worse_than_pyf
REFINE_055_QB_THREE_60_30_10,GAUNTLET_039_QB_THREE_55_30_15,C03,qb_three_year,C_QB_THREE_YEAR_REFINEMENT,high_volume_role,QB,194,80,41.2%,39,43,-4,24,26,-2,32.5%,35.6%,-3.1%,improves_vs_pyf
REFINE_055_QB_THREE_60_30_10,GAUNTLET_039_QB_THREE_55_30_15,C03,qb_three_year,C_QB_THREE_YEAR_REFINEMENT,low_or_sparse_role,QB,336,12,3.6%,0,0,0,12,12,0,3.6%,3.6%,0.0%,no_added_harm_vs_pyf
REFINE_055_QB_THREE_60_30_10,GAUNTLET_039_QB_THREE_55_30_15,C03,qb_three_year,C_QB_THREE_YEAR_REFINEMENT,prior_decline_proxy,QB,145,31,21.4%,39,43,-4,10,13,-3,33.8%,38.6%,-4.8%,improves_vs_pyf
REFINE_055_QB_THREE_60_30_10,GAUNTLET_039_QB_THREE_55_30_15,C03,qb_three_year,C_QB_THREE_YEAR_REFINEMENT,rb_high_touch_role,QB,0,0,,0,0,0,0,0,0,,,,slice_not_present
REFINE_055_QB_THREE_60_30_10,GAUNTLET_039_QB_THREE_55_30_15,C03,qb_three_year,C_QB_THREE_YEAR_REFINEMENT,receiver_high_target_role,QB,0,0,,0,0,0,0,0,0,,,,slice_not_present
REFINE_055_QB_THREE_60_30_10,GAUNTLET_039_QB_THREE_55_30_15,C03,qb_three_year,C_QB_THREE_YEAR_REFINEMENT,age_missing,QB,0,0,,0,0,0,0,0,0,,,,slice_not_present
REFINE_056_QB_THREE_60_30_10_SPARSE25,GAUNTLET_039_QB_THREE_55_30_15,C03,qb_three_year,C_QB_THREE_YEAR_REFINEMENT,sparse_history,QB,328,11,3.4%,0,0,0,11,11,0,3.4%,3.4%,0.0%,no_added_harm_vs_pyf
REFINE_056_QB_THREE_60_30_10_SPARSE25,GAUNTLET_039_QB_THREE_55_30_15,C03,qb_three_year,C_QB_THREE_YEAR_REFINEMENT,low_games,QB,328,11,3.4%,0,0,0,11,11,0,3.4%,3.4%,0.0%,no_added_harm_vs_pyf
REFINE_056_QB_THREE_60_30_10_SPARSE25,GAUNTLET_039_QB_THREE_55_30_15,C03,qb_three_year,C_QB_THREE_YEAR_REFINEMENT,older_late_lifecycle,QB,212,41,19.3%,22,19,3,19,23,-4,19.3%,19.8%,-0.5%,improves_vs_pyf
REFINE_056_QB_THREE_60_30_10_SPARSE25,GAUNTLET_039_QB_THREE_55_30_15,C03,qb_three_year,C_QB_THREE_YEAR_REFINEMENT,young_early_lifecycle,QB,254,57,22.4%,15,16,-1,31,27,4,18.1%,16.9%,1.2%,worse_than_pyf
REFINE_056_QB_THREE_60_30_10_SPARSE25,GAUNTLET_039_QB_THREE_55_30_15,C03,qb_three_year,C_QB_THREE_YEAR_REFINEMENT,high_volume_role,QB,194,80,41.2%,39,43,-4,24,26,-2,32.5%,35.6%,-3.1%,improves_vs_pyf
REFINE_056_QB_THREE_60_30_10_SPARSE25,GAUNTLET_039_QB_THREE_55_30_15,C03,qb_three_year,C_QB_THREE_YEAR_REFINEMENT,low_or_sparse_role,QB,336,12,3.6%,0,0,0,12,12,0,3.6%,3.6%,0.0%,no_added_harm_vs_pyf
REFINE_056_QB_THREE_60_30_10_SPARSE25,GAUNTLET_039_QB_THREE_55_30_15,C03,qb_three_year,C_QB_THREE_YEAR_REFINEMENT,prior_decline_proxy,QB,145,31,21.4%,39,43,-4,10,13,-3,33.8%,38.6%,-4.8%,improves_vs_pyf
REFINE_056_QB_THREE_60_30_10_SPARSE25,GAUNTLET_039_QB_THREE_55_30_15,C03,qb_three_year,C_QB_THREE_YEAR_REFINEMENT,rb_high_touch_role,QB,0,0,,0,0,0,0,0,0,,,,slice_not_present
REFINE_056_QB_THREE_60_30_10_SPARSE25,GAUNTLET_039_QB_THREE_55_30_15,C03,qb_three_year,C_QB_THREE_YEAR_REFINEMENT,receiver_high_target_role,QB,0,0,,0,0,0,0,0,0,,,,slice_not_present
REFINE_056_QB_THREE_60_30_10_SPARSE25,GAUNTLET_039_QB_THREE_55_30_15,C03,qb_three_year,C_QB_THREE_YEAR_REFINEMENT,age_missing,QB,0,0,,0,0,0,0,0,0,,,,slice_not_present
REFINE_057_QB_THREE_55_30_15,GAUNTLET_039_QB_THREE_55_30_15,C03,qb_three_year,C_QB_THREE_YEAR_REFINEMENT,sparse_history,QB,328,11,3.4%,0,0,0,11,11,0,3.4%,3.4%,0.0%,no_added_harm_vs_pyf
REFINE_057_QB_THREE_55_30_15,GAUNTLET_039_QB_THREE_55_30_15,C03,qb_three_year,C_QB_THREE_YEAR_REFINEMENT,low_games,QB,328,11,3.4%,0,0,0,11,11,0,3.4%,3.4%,0.0%,no_added_harm_vs_pyf
REFINE_057_QB_THREE_55_30_15,GAUNTLET_039_QB_THREE_55_30_15,C03,qb_three_year,C_QB_THREE_YEAR_REFINEMENT,older_late_lifecycle,QB,212,41,19.3%,23,19,4,19,23,-4,19.8%,19.8%,0.0%,no_added_harm_vs_pyf
REFINE_057_QB_THREE_55_30_15,GAUNTLET_039_QB_THREE_55_30_15,C03,qb_three_year,C_QB_THREE_YEAR_REFINEMENT,young_early_lifecycle,QB,254,57,22.4%,14,16,-2,33,27,6,18.5%,16.9%,1.6%,worse_than_pyf
REFINE_057_QB_THREE_55_30_15,GAUNTLET_039_QB_THREE_55_30_15,C03,qb_three_year,C_QB_THREE_YEAR_REFINEMENT,high_volume_role,QB,194,80,41.2%,41,43,-2,24,26,-2,33.5%,35.6%,-2.1%,improves_vs_pyf
REFINE_057_QB_THREE_55_30_15,GAUNTLET_039_QB_THREE_55_30_15,C03,qb_three_year,C_QB_THREE_YEAR_REFINEMENT,low_or_sparse_role,QB,336,12,3.6%,0,0,0,12,12,0,3.6%,3.6%,0.0%,no_added_harm_vs_pyf
REFINE_057_QB_THREE_55_30_15,GAUNTLET_039_QB_THREE_55_30_15,C03,qb_three_year,C_QB_THREE_YEAR_REFINEMENT,prior_decline_proxy,QB,145,31,21.4%,41,43,-2,10,13,-3,35.2%,38.6%,-3.4%,improves_vs_pyf
REFINE_057_QB_THREE_55_30_15,GAUNTLET_039_QB_THREE_55_30_15,C03,qb_three_year,C_QB_THREE_YEAR_REFINEMENT,rb_high_touch_role,QB,0,0,,0,0,0,0,0,0,,,,slice_not_present
REFINE_057_QB_THREE_55_30_15,GAUNTLET_039_QB_THREE_55_30_15,C03,qb_three_year,C_QB_THREE_YEAR_REFINEMENT,receiver_high_target_role,QB,0,0,,0,0,0,0,0,0,,,,slice_not_present
REFINE_057_QB_THREE_55_30_15,GAUNTLET_039_QB_THREE_55_30_15,C03,qb_three_year,C_QB_THREE_YEAR_REFINEMENT,age_missing,QB,0,0,,0,0,0,0,0,0,,,,slice_not_present
REFINE_058_QB_THREE_55_30_15_SPARSE25,GAUNTLET_039_QB_THREE_55_30_15,C03,qb_three_year,C_QB_THREE_YEAR_REFINEMENT,sparse_history,QB,328,11,3.4%,0,0,0,11,11,0,3.4%,3.4%,0.0%,no_added_harm_vs_pyf
REFINE_058_QB_THREE_55_30_15_SPARSE25,GAUNTLET_039_QB_THREE_55_30_15,C03,qb_three_year,C_QB_THREE_YEAR_REFINEMENT,low_games,QB,328,11,3.4%,0,0,0,11,11,0,3.4%,3.4%,0.0%,no_added_harm_vs_pyf
REFINE_058_QB_THREE_55_30_15_SPARSE25,GAUNTLET_039_QB_THREE_55_30_15,C03,qb_three_year,C_QB_THREE_YEAR_REFINEMENT,older_late_lifecycle,QB,212,41,19.3%,23,19,4,19,23,-4,19.8%,19.8%,0.0%,no_added_harm_vs_pyf
REFINE_058_QB_THREE_55_30_15_SPARSE25,GAUNTLET_039_QB_THREE_55_30_15,C03,qb_three_year,C_QB_THREE_YEAR_REFINEMENT,young_early_lifecycle,QB,254,57,22.4%,14,16,-2,33,27,6,18.5%,16.9%,1.6%,worse_than_pyf
REFINE_058_QB_THREE_55_30_15_SPARSE25,GAUNTLET_039_QB_THREE_55_30_15,C03,qb_three_year,C_QB_THREE_YEAR_REFINEMENT,high_volume_role,QB,194,80,41.2%,41,43,-2,24,26,-2,33.5%,35.6%,-2.1%,improves_vs_pyf
REFINE_058_QB_THREE_55_30_15_SPARSE25,GAUNTLET_039_QB_THREE_55_30_15,C03,qb_three_year,C_QB_THREE_YEAR_REFINEMENT,low_or_sparse_role,QB,336,12,3.6%,0,0,0,12,12,0,3.6%,3.6%,0.0%,no_added_harm_vs_pyf
REFINE_058_QB_THREE_55_30_15_SPARSE25,GAUNTLET_039_QB_THREE_55_30_15,C03,qb_three_year,C_QB_THREE_YEAR_REFINEMENT,prior_decline_proxy,QB,145,31,21.4%,41,43,-2,10,13,-3,35.2%,38.6%,-3.4%,improves_vs_pyf
REFINE_058_QB_THREE_55_30_15_SPARSE25,GAUNTLET_039_QB_THREE_55_30_15,C03,qb_three_year,C_QB_THREE_YEAR_REFINEMENT,rb_high_touch_role,QB,0,0,,0,0,0,0,0,0,,,,slice_not_present
REFINE_058_QB_THREE_55_30_15_SPARSE25,GAUNTLET_039_QB_THREE_55_30_15,C03,qb_three_year,C_QB_THREE_YEAR_REFINEMENT,receiver_high_target_role,QB,0,0,,0,0,0,0,0,0,,,,slice_not_present
REFINE_058_QB_THREE_55_30_15_SPARSE25,GAUNTLET_039_QB_THREE_55_30_15,C03,qb_three_year,C_QB_THREE_YEAR_REFINEMENT,age_missing,QB,0,0,,0,0,0,0,0,0,,,,slice_not_present
REFINE_059_QB_THREE_55_25_20,GAUNTLET_039_QB_THREE_55_30_15,C03,qb_three_year,C_QB_THREE_YEAR_REFINEMENT,sparse_history,QB,328,11,3.4%,0,0,0,11,11,0,3.4%,3.4%,0.0%,no_added_harm_vs_pyf
REFINE_059_QB_THREE_55_25_20,GAUNTLET_039_QB_THREE_55_30_15,C03,qb_three_year,C_QB_THREE_YEAR_REFINEMENT,low_games,QB,328,11,3.4%,0,0,0,11,11,0,3.4%,3.4%,0.0%,no_added_harm_vs_pyf
REFINE_059_QB_THREE_55_25_20,GAUNTLET_039_QB_THREE_55_30_15,C03,qb_three_year,C_QB_THREE_YEAR_REFINEMENT,older_late_lifecycle,QB,212,41,19.3%,25,19,6,18,23,-5,20.3%,19.8%,0.5%,worse_than_pyf
REFINE_059_QB_THREE_55_25_20,GAUNTLET_039_QB_THREE_55_30_15,C03,qb_three_year,C_QB_THREE_YEAR_REFINEMENT,young_early_lifecycle,QB,254,57,22.4%,14,16,-2,35,27,8,19.3%,16.9%,2.4%,worse_than_pyf
REFINE_059_QB_THREE_55_25_20,GAUNTLET_039_QB_THREE_55_30_15,C03,qb_three_year,C_QB_THREE_YEAR_REFINEMENT,high_volume_role,QB,194,80,41.2%,43,43,0,26,26,0,35.6%,35.6%,0.0%,no_added_harm_vs_pyf
REFINE_059_QB_THREE_55_25_20,GAUNTLET_039_QB_THREE_55_30_15,C03,qb_three_year,C_QB_THREE_YEAR_REFINEMENT,low_or_sparse_role,QB,336,12,3.6%,0,0,0,12,12,0,3.6%,3.6%,0.0%,no_added_harm_vs_pyf
REFINE_059_QB_THREE_55_25_20,GAUNTLET_039_QB_THREE_55_30_15,C03,qb_three_year,C_QB_THREE_YEAR_REFINEMENT,prior_decline_proxy,QB,145,31,21.4%,43,43,0,9,13,-4,35.9%,38.6%,-2.8%,improves_vs_pyf
REFINE_059_QB_THREE_55_25_20,GAUNTLET_039_QB_THREE_55_30_15,C03,qb_three_year,C_QB_THREE_YEAR_REFINEMENT,rb_high_touch_role,QB,0,0,,0,0,0,0,0,0,,,,slice_not_present
REFINE_059_QB_THREE_55_25_20,GAUNTLET_039_QB_THREE_55_30_15,C03,qb_three_year,C_QB_THREE_YEAR_REFINEMENT,receiver_high_target_role,QB,0,0,,0,0,0,0,0,0,,,,slice_not_present
REFINE_059_QB_THREE_55_25_20,GAUNTLET_039_QB_THREE_55_30_15,C03,qb_three_year,C_QB_THREE_YEAR_REFINEMENT,age_missing,QB,0,0,,0,0,0,0,0,0,,,,slice_not_present
REFINE_060_QB_THREE_55_25_20_SPARSE25,GAUNTLET_039_QB_THREE_55_30_15,C03,qb_three_year,C_QB_THREE_YEAR_REFINEMENT,sparse_history,QB,328,11,3.4%,0,0,0,11,11,0,3.4%,3.4%,0.0%,no_added_harm_vs_pyf
REFINE_060_QB_THREE_55_25_20_SPARSE25,GAUNTLET_039_QB_THREE_55_30_15,C03,qb_three_year,C_QB_THREE_YEAR_REFINEMENT,low_games,QB,328,11,3.4%,0,0,0,11,11,0,3.4%,3.4%,0.0%,no_added_harm_vs_pyf
REFINE_060_QB_THREE_55_25_20_SPARSE25,GAUNTLET_039_QB_THREE_55_30_15,C03,qb_three_year,C_QB_THREE_YEAR_REFINEMENT,older_late_lifecycle,QB,212,41,19.3%,25,19,6,18,23,-5,20.3%,19.8%,0.5%,worse_than_pyf
REFINE_060_QB_THREE_55_25_20_SPARSE25,GAUNTLET_039_QB_THREE_55_30_15,C03,qb_three_year,C_QB_THREE_YEAR_REFINEMENT,young_early_lifecycle,QB,254,57,22.4%,14,16,-2,35,27,8,19.3%,16.9%,2.4%,worse_than_pyf
REFINE_060_QB_THREE_55_25_20_SPARSE25,GAUNTLET_039_QB_THREE_55_30_15,C03,qb_three_year,C_QB_THREE_YEAR_REFINEMENT,high_volume_role,QB,194,80,41.2%,43,43,0,26,26,0,35.6%,35.6%,0.0%,no_added_harm_vs_pyf
REFINE_060_QB_THREE_55_25_20_SPARSE25,GAUNTLET_039_QB_THREE_55_30_15,C03,qb_three_year,C_QB_THREE_YEAR_REFINEMENT,low_or_sparse_role,QB,336,12,3.6%,0,0,0,12,12,0,3.6%,3.6%,0.0%,no_added_harm_vs_pyf
REFINE_060_QB_THREE_55_25_20_SPARSE25,GAUNTLET_039_QB_THREE_55_30_15,C03,qb_three_year,C_QB_THREE_YEAR_REFINEMENT,prior_decline_proxy,QB,145,31,21.4%,43,43,0,9,13,-4,35.9%,38.6%,-2.8%,improves_vs_pyf
REFINE_060_QB_THREE_55_25_20_SPARSE25,GAUNTLET_039_QB_THREE_55_30_15,C03,qb_three_year,C_QB_THREE_YEAR_REFINEMENT,rb_high_touch_role,QB,0,0,,0,0,0,0,0,0,,,,slice_not_present
REFINE_060_QB_THREE_55_25_20_SPARSE25,GAUNTLET_039_QB_THREE_55_30_15,C03,qb_three_year,C_QB_THREE_YEAR_REFINEMENT,receiver_high_target_role,QB,0,0,,0,0,0,0,0,0,,,,slice_not_present
REFINE_060_QB_THREE_55_25_20_SPARSE25,GAUNTLET_039_QB_THREE_55_30_15,C03,qb_three_year,C_QB_THREE_YEAR_REFINEMENT,age_missing,QB,0,0,,0,0,0,0,0,0,,,,slice_not_present
REFINE_061_QB_THREE_50_35_15,GAUNTLET_039_QB_THREE_55_30_15,C03,qb_three_year,C_QB_THREE_YEAR_REFINEMENT,sparse_history,QB,328,11,3.4%,0,0,0,11,11,0,3.4%,3.4%,0.0%,no_added_harm_vs_pyf
REFINE_061_QB_THREE_50_35_15,GAUNTLET_039_QB_THREE_55_30_15,C03,qb_three_year,C_QB_THREE_YEAR_REFINEMENT,low_games,QB,328,11,3.4%,0,0,0,11,11,0,3.4%,3.4%,0.0%,no_added_harm_vs_pyf
REFINE_061_QB_THREE_50_35_15,GAUNTLET_039_QB_THREE_55_30_15,C03,qb_three_year,C_QB_THREE_YEAR_REFINEMENT,older_late_lifecycle,QB,212,41,19.3%,24,19,5,19,23,-4,20.3%,19.8%,0.5%,worse_than_pyf
REFINE_061_QB_THREE_50_35_15,GAUNTLET_039_QB_THREE_55_30_15,C03,qb_three_year,C_QB_THREE_YEAR_REFINEMENT,young_early_lifecycle,QB,254,57,22.4%,16,16,0,35,27,8,20.1%,16.9%,3.1%,worse_than_pyf
REFINE_061_QB_THREE_50_35_15,GAUNTLET_039_QB_THREE_55_30_15,C03,qb_three_year,C_QB_THREE_YEAR_REFINEMENT,high_volume_role,QB,194,80,41.2%,43,43,0,26,26,0,35.6%,35.6%,0.0%,no_added_harm_vs_pyf
REFINE_061_QB_THREE_50_35_15,GAUNTLET_039_QB_THREE_55_30_15,C03,qb_three_year,C_QB_THREE_YEAR_REFINEMENT,low_or_sparse_role,QB,336,12,3.6%,0,0,0,12,12,0,3.6%,3.6%,0.0%,no_added_harm_vs_pyf
REFINE_061_QB_THREE_50_35_15,GAUNTLET_039_QB_THREE_55_30_15,C03,qb_three_year,C_QB_THREE_YEAR_REFINEMENT,prior_decline_proxy,QB,145,31,21.4%,43,43,0,10,13,-3,36.6%,38.6%,-2.1%,improves_vs_pyf
REFINE_061_QB_THREE_50_35_15,GAUNTLET_039_QB_THREE_55_30_15,C03,qb_three_year,C_QB_THREE_YEAR_REFINEMENT,rb_high_touch_role,QB,0,0,,0,0,0,0,0,0,,,,slice_not_present
REFINE_061_QB_THREE_50_35_15,GAUNTLET_039_QB_THREE_55_30_15,C03,qb_three_year,C_QB_THREE_YEAR_REFINEMENT,receiver_high_target_role,QB,0,0,,0,0,0,0,0,0,,,,slice_not_present
REFINE_061_QB_THREE_50_35_15,GAUNTLET_039_QB_THREE_55_30_15,C03,qb_three_year,C_QB_THREE_YEAR_REFINEMENT,age_missing,QB,0,0,,0,0,0,0,0,0,,,,slice_not_present
REFINE_062_QB_THREE_50_35_15_SPARSE25,GAUNTLET_039_QB_THREE_55_30_15,C03,qb_three_year,C_QB_THREE_YEAR_REFINEMENT,sparse_history,QB,328,11,3.4%,0,0,0,11,11,0,3.4%,3.4%,0.0%,no_added_harm_vs_pyf
REFINE_062_QB_THREE_50_35_15_SPARSE25,GAUNTLET_039_QB_THREE_55_30_15,C03,qb_three_year,C_QB_THREE_YEAR_REFINEMENT,low_games,QB,328,11,3.4%,0,0,0,11,11,0,3.4%,3.4%,0.0%,no_added_harm_vs_pyf
REFINE_062_QB_THREE_50_35_15_SPARSE25,GAUNTLET_039_QB_THREE_55_30_15,C03,qb_three_year,C_QB_THREE_YEAR_REFINEMENT,older_late_lifecycle,QB,212,41,19.3%,24,19,5,19,23,-4,20.3%,19.8%,0.5%,worse_than_pyf
REFINE_062_QB_THREE_50_35_15_SPARSE25,GAUNTLET_039_QB_THREE_55_30_15,C03,qb_three_year,C_QB_THREE_YEAR_REFINEMENT,young_early_lifecycle,QB,254,57,22.4%,16,16,0,35,27,8,20.1%,16.9%,3.1%,worse_than_pyf
REFINE_062_QB_THREE_50_35_15_SPARSE25,GAUNTLET_039_QB_THREE_55_30_15,C03,qb_three_year,C_QB_THREE_YEAR_REFINEMENT,high_volume_role,QB,194,80,41.2%,43,43,0,26,26,0,35.6%,35.6%,0.0%,no_added_harm_vs_pyf
REFINE_062_QB_THREE_50_35_15_SPARSE25,GAUNTLET_039_QB_THREE_55_30_15,C03,qb_three_year,C_QB_THREE_YEAR_REFINEMENT,low_or_sparse_role,QB,336,12,3.6%,0,0,0,12,12,0,3.6%,3.6%,0.0%,no_added_harm_vs_pyf
REFINE_062_QB_THREE_50_35_15_SPARSE25,GAUNTLET_039_QB_THREE_55_30_15,C03,qb_three_year,C_QB_THREE_YEAR_REFINEMENT,prior_decline_proxy,QB,145,31,21.4%,43,43,0,10,13,-3,36.6%,38.6%,-2.1%,improves_vs_pyf
REFINE_062_QB_THREE_50_35_15_SPARSE25,GAUNTLET_039_QB_THREE_55_30_15,C03,qb_three_year,C_QB_THREE_YEAR_REFINEMENT,rb_high_touch_role,QB,0,0,,0,0,0,0,0,0,,,,slice_not_present
REFINE_062_QB_THREE_50_35_15_SPARSE25,GAUNTLET_039_QB_THREE_55_30_15,C03,qb_three_year,C_QB_THREE_YEAR_REFINEMENT,receiver_high_target_role,QB,0,0,,0,0,0,0,0,0,,,,slice_not_present
REFINE_062_QB_THREE_50_35_15_SPARSE25,GAUNTLET_039_QB_THREE_55_30_15,C03,qb_three_year,C_QB_THREE_YEAR_REFINEMENT,age_missing,QB,0,0,,0,0,0,0,0,0,,,,slice_not_present
REFINE_063_QB_THREE_50_30_20,GAUNTLET_039_QB_THREE_55_30_15,C03,qb_three_year,C_QB_THREE_YEAR_REFINEMENT,sparse_history,QB,328,11,3.4%,0,0,0,11,11,0,3.4%,3.4%,0.0%,no_added_harm_vs_pyf
REFINE_063_QB_THREE_50_30_20,GAUNTLET_039_QB_THREE_55_30_15,C03,qb_three_year,C_QB_THREE_YEAR_REFINEMENT,low_games,QB,328,11,3.4%,0,0,0,11,11,0,3.4%,3.4%,0.0%,no_added_harm_vs_pyf
REFINE_063_QB_THREE_50_30_20,GAUNTLET_039_QB_THREE_55_30_15,C03,qb_three_year,C_QB_THREE_YEAR_REFINEMENT,older_late_lifecycle,QB,212,41,19.3%,25,19,6,18,23,-5,20.3%,19.8%,0.5%,worse_than_pyf
REFINE_063_QB_THREE_50_30_20,GAUNTLET_039_QB_THREE_55_30_15,C03,qb_three_year,C_QB_THREE_YEAR_REFINEMENT,young_early_lifecycle,QB,254,57,22.4%,14,16,-2,35,27,8,19.3%,16.9%,2.4%,worse_than_pyf
REFINE_063_QB_THREE_50_30_20,GAUNTLET_039_QB_THREE_55_30_15,C03,qb_three_year,C_QB_THREE_YEAR_REFINEMENT,high_volume_role,QB,194,80,41.2%,43,43,0,26,26,0,35.6%,35.6%,0.0%,no_added_harm_vs_pyf
REFINE_063_QB_THREE_50_30_20,GAUNTLET_039_QB_THREE_55_30_15,C03,qb_three_year,C_QB_THREE_YEAR_REFINEMENT,low_or_sparse_role,QB,336,12,3.6%,0,0,0,12,12,0,3.6%,3.6%,0.0%,no_added_harm_vs_pyf
REFINE_063_QB_THREE_50_30_20,GAUNTLET_039_QB_THREE_55_30_15,C03,qb_three_year,C_QB_THREE_YEAR_REFINEMENT,prior_decline_proxy,QB,145,31,21.4%,43,43,0,9,13,-4,35.9%,38.6%,-2.8%,improves_vs_pyf
REFINE_063_QB_THREE_50_30_20,GAUNTLET_039_QB_THREE_55_30_15,C03,qb_three_year,C_QB_THREE_YEAR_REFINEMENT,rb_high_touch_role,QB,0,0,,0,0,0,0,0,0,,,,slice_not_present
REFINE_063_QB_THREE_50_30_20,GAUNTLET_039_QB_THREE_55_30_15,C03,qb_three_year,C_QB_THREE_YEAR_REFINEMENT,receiver_high_target_role,QB,0,0,,0,0,0,0,0,0,,,,slice_not_present
REFINE_063_QB_THREE_50_30_20,GAUNTLET_039_QB_THREE_55_30_15,C03,qb_three_year,C_QB_THREE_YEAR_REFINEMENT,age_missing,QB,0,0,,0,0,0,0,0,0,,,,slice_not_present
REFINE_064_QB_THREE_50_30_20_SPARSE25,GAUNTLET_039_QB_THREE_55_30_15,C03,qb_three_year,C_QB_THREE_YEAR_REFINEMENT,sparse_history,QB,328,11,3.4%,0,0,0,11,11,0,3.4%,3.4%,0.0%,no_added_harm_vs_pyf
REFINE_064_QB_THREE_50_30_20_SPARSE25,GAUNTLET_039_QB_THREE_55_30_15,C03,qb_three_year,C_QB_THREE_YEAR_REFINEMENT,low_games,QB,328,11,3.4%,0,0,0,11,11,0,3.4%,3.4%,0.0%,no_added_harm_vs_pyf
REFINE_064_QB_THREE_50_30_20_SPARSE25,GAUNTLET_039_QB_THREE_55_30_15,C03,qb_three_year,C_QB_THREE_YEAR_REFINEMENT,older_late_lifecycle,QB,212,41,19.3%,25,19,6,18,23,-5,20.3%,19.8%,0.5%,worse_than_pyf
REFINE_064_QB_THREE_50_30_20_SPARSE25,GAUNTLET_039_QB_THREE_55_30_15,C03,qb_three_year,C_QB_THREE_YEAR_REFINEMENT,young_early_lifecycle,QB,254,57,22.4%,14,16,-2,35,27,8,19.3%,16.9%,2.4%,worse_than_pyf
REFINE_064_QB_THREE_50_30_20_SPARSE25,GAUNTLET_039_QB_THREE_55_30_15,C03,qb_three_year,C_QB_THREE_YEAR_REFINEMENT,high_volume_role,QB,194,80,41.2%,43,43,0,26,26,0,35.6%,35.6%,0.0%,no_added_harm_vs_pyf
REFINE_064_QB_THREE_50_30_20_SPARSE25,GAUNTLET_039_QB_THREE_55_30_15,C03,qb_three_year,C_QB_THREE_YEAR_REFINEMENT,low_or_sparse_role,QB,336,12,3.6%,0,0,0,12,12,0,3.6%,3.6%,0.0%,no_added_harm_vs_pyf
REFINE_064_QB_THREE_50_30_20_SPARSE25,GAUNTLET_039_QB_THREE_55_30_15,C03,qb_three_year,C_QB_THREE_YEAR_REFINEMENT,prior_decline_proxy,QB,145,31,21.4%,43,43,0,9,13,-4,35.9%,38.6%,-2.8%,improves_vs_pyf
REFINE_064_QB_THREE_50_30_20_SPARSE25,GAUNTLET_039_QB_THREE_55_30_15,C03,qb_three_year,C_QB_THREE_YEAR_REFINEMENT,rb_high_touch_role,QB,0,0,,0,0,0,0,0,0,,,,slice_not_present
REFINE_064_QB_THREE_50_30_20_SPARSE25,GAUNTLET_039_QB_THREE_55_30_15,C03,qb_three_year,C_QB_THREE_YEAR_REFINEMENT,receiver_high_target_role,QB,0,0,,0,0,0,0,0,0,,,,slice_not_present
REFINE_064_QB_THREE_50_30_20_SPARSE25,GAUNTLET_039_QB_THREE_55_30_15,C03,qb_three_year,C_QB_THREE_YEAR_REFINEMENT,age_missing,QB,0,0,,0,0,0,0,0,0,,,,slice_not_present
REFINE_065_QB_THREE_45_35_20,GAUNTLET_039_QB_THREE_55_30_15,C03,qb_three_year,C_QB_THREE_YEAR_REFINEMENT,sparse_history,QB,328,11,3.4%,0,0,0,11,11,0,3.4%,3.4%,0.0%,no_added_harm_vs_pyf
REFINE_065_QB_THREE_45_35_20,GAUNTLET_039_QB_THREE_55_30_15,C03,qb_three_year,C_QB_THREE_YEAR_REFINEMENT,low_games,QB,328,11,3.4%,0,0,0,11,11,0,3.4%,3.4%,0.0%,no_added_harm_vs_pyf
REFINE_065_QB_THREE_45_35_20,GAUNTLET_039_QB_THREE_55_30_15,C03,qb_three_year,C_QB_THREE_YEAR_REFINEMENT,older_late_lifecycle,QB,212,41,19.3%,25,19,6,18,23,-5,20.3%,19.8%,0.5%,worse_than_pyf
REFINE_065_QB_THREE_45_35_20,GAUNTLET_039_QB_THREE_55_30_15,C03,qb_three_year,C_QB_THREE_YEAR_REFINEMENT,young_early_lifecycle,QB,254,57,22.4%,14,16,-2,35,27,8,19.3%,16.9%,2.4%,worse_than_pyf
REFINE_065_QB_THREE_45_35_20,GAUNTLET_039_QB_THREE_55_30_15,C03,qb_three_year,C_QB_THREE_YEAR_REFINEMENT,high_volume_role,QB,194,80,41.2%,43,43,0,27,26,1,36.1%,35.6%,0.5%,worse_than_pyf
REFINE_065_QB_THREE_45_35_20,GAUNTLET_039_QB_THREE_55_30_15,C03,qb_three_year,C_QB_THREE_YEAR_REFINEMENT,low_or_sparse_role,QB,336,12,3.6%,0,0,0,12,12,0,3.6%,3.6%,0.0%,no_added_harm_vs_pyf
REFINE_065_QB_THREE_45_35_20,GAUNTLET_039_QB_THREE_55_30_15,C03,qb_three_year,C_QB_THREE_YEAR_REFINEMENT,prior_decline_proxy,QB,145,31,21.4%,43,43,0,10,13,-3,36.6%,38.6%,-2.1%,improves_vs_pyf
REFINE_065_QB_THREE_45_35_20,GAUNTLET_039_QB_THREE_55_30_15,C03,qb_three_year,C_QB_THREE_YEAR_REFINEMENT,rb_high_touch_role,QB,0,0,,0,0,0,0,0,0,,,,slice_not_present
REFINE_065_QB_THREE_45_35_20,GAUNTLET_039_QB_THREE_55_30_15,C03,qb_three_year,C_QB_THREE_YEAR_REFINEMENT,receiver_high_target_role,QB,0,0,,0,0,0,0,0,0,,,,slice_not_present
REFINE_065_QB_THREE_45_35_20,GAUNTLET_039_QB_THREE_55_30_15,C03,qb_three_year,C_QB_THREE_YEAR_REFINEMENT,age_missing,QB,0,0,,0,0,0,0,0,0,,,,slice_not_present
REFINE_066_QB_THREE_45_35_20_SPARSE25,GAUNTLET_039_QB_THREE_55_30_15,C03,qb_three_year,C_QB_THREE_YEAR_REFINEMENT,sparse_history,QB,328,11,3.4%,0,0,0,11,11,0,3.4%,3.4%,0.0%,no_added_harm_vs_pyf
REFINE_066_QB_THREE_45_35_20_SPARSE25,GAUNTLET_039_QB_THREE_55_30_15,C03,qb_three_year,C_QB_THREE_YEAR_REFINEMENT,low_games,QB,328,11,3.4%,0,0,0,11,11,0,3.4%,3.4%,0.0%,no_added_harm_vs_pyf
REFINE_066_QB_THREE_45_35_20_SPARSE25,GAUNTLET_039_QB_THREE_55_30_15,C03,qb_three_year,C_QB_THREE_YEAR_REFINEMENT,older_late_lifecycle,QB,212,41,19.3%,25,19,6,18,23,-5,20.3%,19.8%,0.5%,worse_than_pyf
REFINE_066_QB_THREE_45_35_20_SPARSE25,GAUNTLET_039_QB_THREE_55_30_15,C03,qb_three_year,C_QB_THREE_YEAR_REFINEMENT,young_early_lifecycle,QB,254,57,22.4%,14,16,-2,35,27,8,19.3%,16.9%,2.4%,worse_than_pyf
REFINE_066_QB_THREE_45_35_20_SPARSE25,GAUNTLET_039_QB_THREE_55_30_15,C03,qb_three_year,C_QB_THREE_YEAR_REFINEMENT,high_volume_role,QB,194,80,41.2%,43,43,0,27,26,1,36.1%,35.6%,0.5%,worse_than_pyf
REFINE_066_QB_THREE_45_35_20_SPARSE25,GAUNTLET_039_QB_THREE_55_30_15,C03,qb_three_year,C_QB_THREE_YEAR_REFINEMENT,low_or_sparse_role,QB,336,12,3.6%,0,0,0,12,12,0,3.6%,3.6%,0.0%,no_added_harm_vs_pyf
REFINE_066_QB_THREE_45_35_20_SPARSE25,GAUNTLET_039_QB_THREE_55_30_15,C03,qb_three_year,C_QB_THREE_YEAR_REFINEMENT,prior_decline_proxy,QB,145,31,21.4%,43,43,0,10,13,-3,36.6%,38.6%,-2.1%,improves_vs_pyf
REFINE_066_QB_THREE_45_35_20_SPARSE25,GAUNTLET_039_QB_THREE_55_30_15,C03,qb_three_year,C_QB_THREE_YEAR_REFINEMENT,rb_high_touch_role,QB,0,0,,0,0,0,0,0,0,,,,slice_not_present
REFINE_066_QB_THREE_45_35_20_SPARSE25,GAUNTLET_039_QB_THREE_55_30_15,C03,qb_three_year,C_QB_THREE_YEAR_REFINEMENT,receiver_high_target_role,QB,0,0,,0,0,0,0,0,0,,,,slice_not_present
REFINE_066_QB_THREE_45_35_20_SPARSE25,GAUNTLET_039_QB_THREE_55_30_15,C03,qb_three_year,C_QB_THREE_YEAR_REFINEMENT,age_missing,QB,0,0,,0,0,0,0,0,0,,,,slice_not_present
REFINE_067_QB_THREE_40_35_25,GAUNTLET_039_QB_THREE_55_30_15,C03,qb_three_year,C_QB_THREE_YEAR_REFINEMENT,sparse_history,QB,328,11,3.4%,0,0,0,11,11,0,3.4%,3.4%,0.0%,no_added_harm_vs_pyf
REFINE_067_QB_THREE_40_35_25,GAUNTLET_039_QB_THREE_55_30_15,C03,qb_three_year,C_QB_THREE_YEAR_REFINEMENT,low_games,QB,328,11,3.4%,0,0,0,11,11,0,3.4%,3.4%,0.0%,no_added_harm_vs_pyf
REFINE_067_QB_THREE_40_35_25,GAUNTLET_039_QB_THREE_55_30_15,C03,qb_three_year,C_QB_THREE_YEAR_REFINEMENT,older_late_lifecycle,QB,212,41,19.3%,25,19,6,17,23,-6,19.8%,19.8%,0.0%,no_added_harm_vs_pyf
REFINE_067_QB_THREE_40_35_25,GAUNTLET_039_QB_THREE_55_30_15,C03,qb_three_year,C_QB_THREE_YEAR_REFINEMENT,young_early_lifecycle,QB,254,57,22.4%,14,16,-2,37,27,10,20.1%,16.9%,3.1%,worse_than_pyf
REFINE_067_QB_THREE_40_35_25,GAUNTLET_039_QB_THREE_55_30_15,C03,qb_three_year,C_QB_THREE_YEAR_REFINEMENT,high_volume_role,QB,194,80,41.2%,42,43,-1,28,26,2,36.1%,35.6%,0.5%,worse_than_pyf
REFINE_067_QB_THREE_40_35_25,GAUNTLET_039_QB_THREE_55_30_15,C03,qb_three_year,C_QB_THREE_YEAR_REFINEMENT,low_or_sparse_role,QB,336,12,3.6%,0,0,0,12,12,0,3.6%,3.6%,0.0%,no_added_harm_vs_pyf
REFINE_067_QB_THREE_40_35_25,GAUNTLET_039_QB_THREE_55_30_15,C03,qb_three_year,C_QB_THREE_YEAR_REFINEMENT,prior_decline_proxy,QB,145,31,21.4%,42,43,-1,9,13,-4,35.2%,38.6%,-3.4%,improves_vs_pyf
REFINE_067_QB_THREE_40_35_25,GAUNTLET_039_QB_THREE_55_30_15,C03,qb_three_year,C_QB_THREE_YEAR_REFINEMENT,rb_high_touch_role,QB,0,0,,0,0,0,0,0,0,,,,slice_not_present
REFINE_067_QB_THREE_40_35_25,GAUNTLET_039_QB_THREE_55_30_15,C03,qb_three_year,C_QB_THREE_YEAR_REFINEMENT,receiver_high_target_role,QB,0,0,,0,0,0,0,0,0,,,,slice_not_present
REFINE_067_QB_THREE_40_35_25,GAUNTLET_039_QB_THREE_55_30_15,C03,qb_three_year,C_QB_THREE_YEAR_REFINEMENT,age_missing,QB,0,0,,0,0,0,0,0,0,,,,slice_not_present
REFINE_068_QB_THREE_40_35_25_SPARSE25,GAUNTLET_039_QB_THREE_55_30_15,C03,qb_three_year,C_QB_THREE_YEAR_REFINEMENT,sparse_history,QB,328,11,3.4%,0,0,0,11,11,0,3.4%,3.4%,0.0%,no_added_harm_vs_pyf
REFINE_068_QB_THREE_40_35_25_SPARSE25,GAUNTLET_039_QB_THREE_55_30_15,C03,qb_three_year,C_QB_THREE_YEAR_REFINEMENT,low_games,QB,328,11,3.4%,0,0,0,11,11,0,3.4%,3.4%,0.0%,no_added_harm_vs_pyf
REFINE_068_QB_THREE_40_35_25_SPARSE25,GAUNTLET_039_QB_THREE_55_30_15,C03,qb_three_year,C_QB_THREE_YEAR_REFINEMENT,older_late_lifecycle,QB,212,41,19.3%,25,19,6,17,23,-6,19.8%,19.8%,0.0%,no_added_harm_vs_pyf
REFINE_068_QB_THREE_40_35_25_SPARSE25,GAUNTLET_039_QB_THREE_55_30_15,C03,qb_three_year,C_QB_THREE_YEAR_REFINEMENT,young_early_lifecycle,QB,254,57,22.4%,14,16,-2,37,27,10,20.1%,16.9%,3.1%,worse_than_pyf
REFINE_068_QB_THREE_40_35_25_SPARSE25,GAUNTLET_039_QB_THREE_55_30_15,C03,qb_three_year,C_QB_THREE_YEAR_REFINEMENT,high_volume_role,QB,194,80,41.2%,42,43,-1,28,26,2,36.1%,35.6%,0.5%,worse_than_pyf
REFINE_068_QB_THREE_40_35_25_SPARSE25,GAUNTLET_039_QB_THREE_55_30_15,C03,qb_three_year,C_QB_THREE_YEAR_REFINEMENT,low_or_sparse_role,QB,336,12,3.6%,0,0,0,12,12,0,3.6%,3.6%,0.0%,no_added_harm_vs_pyf
REFINE_068_QB_THREE_40_35_25_SPARSE25,GAUNTLET_039_QB_THREE_55_30_15,C03,qb_three_year,C_QB_THREE_YEAR_REFINEMENT,prior_decline_proxy,QB,145,31,21.4%,42,43,-1,9,13,-4,35.2%,38.6%,-3.4%,improves_vs_pyf
REFINE_068_QB_THREE_40_35_25_SPARSE25,GAUNTLET_039_QB_THREE_55_30_15,C03,qb_three_year,C_QB_THREE_YEAR_REFINEMENT,rb_high_touch_role,QB,0,0,,0,0,0,0,0,0,,,,slice_not_present
REFINE_068_QB_THREE_40_35_25_SPARSE25,GAUNTLET_039_QB_THREE_55_30_15,C03,qb_three_year,C_QB_THREE_YEAR_REFINEMENT,receiver_high_target_role,QB,0,0,,0,0,0,0,0,0,,,,slice_not_present
REFINE_068_QB_THREE_40_35_25_SPARSE25,GAUNTLET_039_QB_THREE_55_30_15,C03,qb_three_year,C_QB_THREE_YEAR_REFINEMENT,age_missing,QB,0,0,,0,0,0,0,0,0,,,,slice_not_present
REFINE_069_TE_THREE_85_10_5,GAUNTLET_057_TE_THREE_75_20_5,C05,te_three_year,D_TE_THREE_YEAR_REFINEMENT,sparse_history,TE,342,4,1.2%,0,0,0,3,4,-1,0.9%,1.2%,-0.3%,improves_vs_pyf
REFINE_069_TE_THREE_85_10_5,GAUNTLET_057_TE_THREE_75_20_5,C05,te_three_year,D_TE_THREE_YEAR_REFINEMENT,low_games,TE,342,4,1.2%,0,0,0,3,4,-1,0.9%,1.2%,-0.3%,improves_vs_pyf
REFINE_069_TE_THREE_85_10_5,GAUNTLET_057_TE_THREE_75_20_5,C05,te_three_year,D_TE_THREE_YEAR_REFINEMENT,older_late_lifecycle,TE,86,21,24.4%,14,11,3,4,5,-1,20.9%,18.6%,2.3%,worse_than_pyf
REFINE_069_TE_THREE_85_10_5,GAUNTLET_057_TE_THREE_75_20_5,C05,te_three_year,D_TE_THREE_YEAR_REFINEMENT,young_early_lifecycle,TE,599,59,9.8%,26,32,-6,37,37,0,10.5%,11.5%,-1.0%,improves_vs_pyf
REFINE_069_TE_THREE_85_10_5,GAUNTLET_057_TE_THREE_75_20_5,C05,te_three_year,D_TE_THREE_YEAR_REFINEMENT,high_volume_role,TE,312,106,34.0%,75,80,-5,30,34,-4,33.7%,36.5%,-2.9%,improves_vs_pyf
REFINE_069_TE_THREE_85_10_5,GAUNTLET_057_TE_THREE_75_20_5,C05,te_three_year,D_TE_THREE_YEAR_REFINEMENT,low_or_sparse_role,TE,404,5,1.2%,0,0,0,3,4,-1,0.7%,1.0%,-0.2%,improves_vs_pyf
REFINE_069_TE_THREE_85_10_5,GAUNTLET_057_TE_THREE_75_20_5,C05,te_three_year,D_TE_THREE_YEAR_REFINEMENT,prior_decline_proxy,TE,222,16,7.2%,75,80,-5,1,2,-1,34.2%,36.9%,-2.7%,improves_vs_pyf
REFINE_069_TE_THREE_85_10_5,GAUNTLET_057_TE_THREE_75_20_5,C05,te_three_year,D_TE_THREE_YEAR_REFINEMENT,rb_high_touch_role,TE,0,0,,0,0,0,0,0,0,,,,slice_not_present
REFINE_069_TE_THREE_85_10_5,GAUNTLET_057_TE_THREE_75_20_5,C05,te_three_year,D_TE_THREE_YEAR_REFINEMENT,receiver_high_target_role,TE,312,106,34.0%,75,80,-5,30,34,-4,33.7%,36.5%,-2.9%,improves_vs_pyf
REFINE_069_TE_THREE_85_10_5,GAUNTLET_057_TE_THREE_75_20_5,C05,te_three_year,D_TE_THREE_YEAR_REFINEMENT,age_missing,TE,4,0,0.0%,0,0,0,0,0,0,0.0%,0.0%,0.0%,no_added_harm_vs_pyf
REFINE_070_TE_THREE_85_10_5_LOWGAMES20,GAUNTLET_057_TE_THREE_75_20_5,C05,te_three_year,D_TE_THREE_YEAR_REFINEMENT,sparse_history,TE,342,4,1.2%,0,0,0,3,4,-1,0.9%,1.2%,-0.3%,improves_vs_pyf
REFINE_070_TE_THREE_85_10_5_LOWGAMES20,GAUNTLET_057_TE_THREE_75_20_5,C05,te_three_year,D_TE_THREE_YEAR_REFINEMENT,low_games,TE,342,4,1.2%,0,0,0,3,4,-1,0.9%,1.2%,-0.3%,improves_vs_pyf
REFINE_070_TE_THREE_85_10_5_LOWGAMES20,GAUNTLET_057_TE_THREE_75_20_5,C05,te_three_year,D_TE_THREE_YEAR_REFINEMENT,older_late_lifecycle,TE,86,21,24.4%,14,11,3,4,5,-1,20.9%,18.6%,2.3%,worse_than_pyf
REFINE_070_TE_THREE_85_10_5_LOWGAMES20,GAUNTLET_057_TE_THREE_75_20_5,C05,te_three_year,D_TE_THREE_YEAR_REFINEMENT,young_early_lifecycle,TE,599,59,9.8%,26,32,-6,37,37,0,10.5%,11.5%,-1.0%,improves_vs_pyf
REFINE_070_TE_THREE_85_10_5_LOWGAMES20,GAUNTLET_057_TE_THREE_75_20_5,C05,te_three_year,D_TE_THREE_YEAR_REFINEMENT,high_volume_role,TE,312,106,34.0%,75,80,-5,30,34,-4,33.7%,36.5%,-2.9%,improves_vs_pyf
REFINE_070_TE_THREE_85_10_5_LOWGAMES20,GAUNTLET_057_TE_THREE_75_20_5,C05,te_three_year,D_TE_THREE_YEAR_REFINEMENT,low_or_sparse_role,TE,404,5,1.2%,0,0,0,3,4,-1,0.7%,1.0%,-0.2%,improves_vs_pyf
REFINE_070_TE_THREE_85_10_5_LOWGAMES20,GAUNTLET_057_TE_THREE_75_20_5,C05,te_three_year,D_TE_THREE_YEAR_REFINEMENT,prior_decline_proxy,TE,222,16,7.2%,75,80,-5,1,2,-1,34.2%,36.9%,-2.7%,improves_vs_pyf
REFINE_070_TE_THREE_85_10_5_LOWGAMES20,GAUNTLET_057_TE_THREE_75_20_5,C05,te_three_year,D_TE_THREE_YEAR_REFINEMENT,rb_high_touch_role,TE,0,0,,0,0,0,0,0,0,,,,slice_not_present
REFINE_070_TE_THREE_85_10_5_LOWGAMES20,GAUNTLET_057_TE_THREE_75_20_5,C05,te_three_year,D_TE_THREE_YEAR_REFINEMENT,receiver_high_target_role,TE,312,106,34.0%,75,80,-5,30,34,-4,33.7%,36.5%,-2.9%,improves_vs_pyf
REFINE_070_TE_THREE_85_10_5_LOWGAMES20,GAUNTLET_057_TE_THREE_75_20_5,C05,te_three_year,D_TE_THREE_YEAR_REFINEMENT,age_missing,TE,4,0,0.0%,0,0,0,0,0,0,0.0%,0.0%,0.0%,no_added_harm_vs_pyf
REFINE_071_TE_THREE_80_15_5,GAUNTLET_057_TE_THREE_75_20_5,C05,te_three_year,D_TE_THREE_YEAR_REFINEMENT,sparse_history,TE,342,4,1.2%,0,0,0,3,4,-1,0.9%,1.2%,-0.3%,improves_vs_pyf
REFINE_071_TE_THREE_80_15_5,GAUNTLET_057_TE_THREE_75_20_5,C05,te_three_year,D_TE_THREE_YEAR_REFINEMENT,low_games,TE,342,4,1.2%,0,0,0,3,4,-1,0.9%,1.2%,-0.3%,improves_vs_pyf
REFINE_071_TE_THREE_80_15_5,GAUNTLET_057_TE_THREE_75_20_5,C05,te_three_year,D_TE_THREE_YEAR_REFINEMENT,older_late_lifecycle,TE,86,21,24.4%,14,11,3,5,5,0,22.1%,18.6%,3.5%,worse_than_pyf
REFINE_071_TE_THREE_80_15_5,GAUNTLET_057_TE_THREE_75_20_5,C05,te_three_year,D_TE_THREE_YEAR_REFINEMENT,young_early_lifecycle,TE,599,59,9.8%,27,32,-5,38,37,1,10.9%,11.5%,-0.7%,improves_vs_pyf
REFINE_071_TE_THREE_80_15_5,GAUNTLET_057_TE_THREE_75_20_5,C05,te_three_year,D_TE_THREE_YEAR_REFINEMENT,high_volume_role,TE,312,106,34.0%,77,80,-3,34,34,0,35.6%,36.5%,-1.0%,improves_vs_pyf
REFINE_071_TE_THREE_80_15_5,GAUNTLET_057_TE_THREE_75_20_5,C05,te_three_year,D_TE_THREE_YEAR_REFINEMENT,low_or_sparse_role,TE,404,5,1.2%,0,0,0,3,4,-1,0.7%,1.0%,-0.2%,improves_vs_pyf
REFINE_071_TE_THREE_80_15_5,GAUNTLET_057_TE_THREE_75_20_5,C05,te_three_year,D_TE_THREE_YEAR_REFINEMENT,prior_decline_proxy,TE,222,16,7.2%,77,80,-3,2,2,0,35.6%,36.9%,-1.4%,improves_vs_pyf
REFINE_071_TE_THREE_80_15_5,GAUNTLET_057_TE_THREE_75_20_5,C05,te_three_year,D_TE_THREE_YEAR_REFINEMENT,rb_high_touch_role,TE,0,0,,0,0,0,0,0,0,,,,slice_not_present
REFINE_071_TE_THREE_80_15_5,GAUNTLET_057_TE_THREE_75_20_5,C05,te_three_year,D_TE_THREE_YEAR_REFINEMENT,receiver_high_target_role,TE,312,106,34.0%,77,80,-3,34,34,0,35.6%,36.5%,-1.0%,improves_vs_pyf
REFINE_071_TE_THREE_80_15_5,GAUNTLET_057_TE_THREE_75_20_5,C05,te_three_year,D_TE_THREE_YEAR_REFINEMENT,age_missing,TE,4,0,0.0%,0,0,0,0,0,0,0.0%,0.0%,0.0%,no_added_harm_vs_pyf
REFINE_072_TE_THREE_80_15_5_LOWGAMES20,GAUNTLET_057_TE_THREE_75_20_5,C05,te_three_year,D_TE_THREE_YEAR_REFINEMENT,sparse_history,TE,342,4,1.2%,0,0,0,3,4,-1,0.9%,1.2%,-0.3%,improves_vs_pyf
REFINE_072_TE_THREE_80_15_5_LOWGAMES20,GAUNTLET_057_TE_THREE_75_20_5,C05,te_three_year,D_TE_THREE_YEAR_REFINEMENT,low_games,TE,342,4,1.2%,0,0,0,3,4,-1,0.9%,1.2%,-0.3%,improves_vs_pyf
REFINE_072_TE_THREE_80_15_5_LOWGAMES20,GAUNTLET_057_TE_THREE_75_20_5,C05,te_three_year,D_TE_THREE_YEAR_REFINEMENT,older_late_lifecycle,TE,86,21,24.4%,14,11,3,5,5,0,22.1%,18.6%,3.5%,worse_than_pyf
REFINE_072_TE_THREE_80_15_5_LOWGAMES20,GAUNTLET_057_TE_THREE_75_20_5,C05,te_three_year,D_TE_THREE_YEAR_REFINEMENT,young_early_lifecycle,TE,599,59,9.8%,27,32,-5,38,37,1,10.9%,11.5%,-0.7%,improves_vs_pyf
REFINE_072_TE_THREE_80_15_5_LOWGAMES20,GAUNTLET_057_TE_THREE_75_20_5,C05,te_three_year,D_TE_THREE_YEAR_REFINEMENT,high_volume_role,TE,312,106,34.0%,77,80,-3,34,34,0,35.6%,36.5%,-1.0%,improves_vs_pyf
REFINE_072_TE_THREE_80_15_5_LOWGAMES20,GAUNTLET_057_TE_THREE_75_20_5,C05,te_three_year,D_TE_THREE_YEAR_REFINEMENT,low_or_sparse_role,TE,404,5,1.2%,0,0,0,3,4,-1,0.7%,1.0%,-0.2%,improves_vs_pyf
REFINE_072_TE_THREE_80_15_5_LOWGAMES20,GAUNTLET_057_TE_THREE_75_20_5,C05,te_three_year,D_TE_THREE_YEAR_REFINEMENT,prior_decline_proxy,TE,222,16,7.2%,77,80,-3,2,2,0,35.6%,36.9%,-1.4%,improves_vs_pyf
REFINE_072_TE_THREE_80_15_5_LOWGAMES20,GAUNTLET_057_TE_THREE_75_20_5,C05,te_three_year,D_TE_THREE_YEAR_REFINEMENT,rb_high_touch_role,TE,0,0,,0,0,0,0,0,0,,,,slice_not_present
REFINE_072_TE_THREE_80_15_5_LOWGAMES20,GAUNTLET_057_TE_THREE_75_20_5,C05,te_three_year,D_TE_THREE_YEAR_REFINEMENT,receiver_high_target_role,TE,312,106,34.0%,77,80,-3,34,34,0,35.6%,36.5%,-1.0%,improves_vs_pyf
REFINE_072_TE_THREE_80_15_5_LOWGAMES20,GAUNTLET_057_TE_THREE_75_20_5,C05,te_three_year,D_TE_THREE_YEAR_REFINEMENT,age_missing,TE,4,0,0.0%,0,0,0,0,0,0,0.0%,0.0%,0.0%,no_added_harm_vs_pyf
REFINE_073_TE_THREE_75_20_5,GAUNTLET_057_TE_THREE_75_20_5,C05,te_three_year,D_TE_THREE_YEAR_REFINEMENT,sparse_history,TE,342,4,1.2%,0,0,0,3,4,-1,0.9%,1.2%,-0.3%,improves_vs_pyf
REFINE_073_TE_THREE_75_20_5,GAUNTLET_057_TE_THREE_75_20_5,C05,te_three_year,D_TE_THREE_YEAR_REFINEMENT,low_games,TE,342,4,1.2%,0,0,0,3,4,-1,0.9%,1.2%,-0.3%,improves_vs_pyf
REFINE_073_TE_THREE_75_20_5,GAUNTLET_057_TE_THREE_75_20_5,C05,te_three_year,D_TE_THREE_YEAR_REFINEMENT,older_late_lifecycle,TE,86,21,24.4%,14,11,3,5,5,0,22.1%,18.6%,3.5%,worse_than_pyf
REFINE_073_TE_THREE_75_20_5,GAUNTLET_057_TE_THREE_75_20_5,C05,te_three_year,D_TE_THREE_YEAR_REFINEMENT,young_early_lifecycle,TE,599,59,9.8%,27,32,-5,38,37,1,10.9%,11.5%,-0.7%,improves_vs_pyf
REFINE_073_TE_THREE_75_20_5,GAUNTLET_057_TE_THREE_75_20_5,C05,te_three_year,D_TE_THREE_YEAR_REFINEMENT,high_volume_role,TE,312,106,34.0%,77,80,-3,34,34,0,35.6%,36.5%,-1.0%,improves_vs_pyf
REFINE_073_TE_THREE_75_20_5,GAUNTLET_057_TE_THREE_75_20_5,C05,te_three_year,D_TE_THREE_YEAR_REFINEMENT,low_or_sparse_role,TE,404,5,1.2%,0,0,0,3,4,-1,0.7%,1.0%,-0.2%,improves_vs_pyf
REFINE_073_TE_THREE_75_20_5,GAUNTLET_057_TE_THREE_75_20_5,C05,te_three_year,D_TE_THREE_YEAR_REFINEMENT,prior_decline_proxy,TE,222,16,7.2%,77,80,-3,2,2,0,35.6%,36.9%,-1.4%,improves_vs_pyf
REFINE_073_TE_THREE_75_20_5,GAUNTLET_057_TE_THREE_75_20_5,C05,te_three_year,D_TE_THREE_YEAR_REFINEMENT,rb_high_touch_role,TE,0,0,,0,0,0,0,0,0,,,,slice_not_present
REFINE_073_TE_THREE_75_20_5,GAUNTLET_057_TE_THREE_75_20_5,C05,te_three_year,D_TE_THREE_YEAR_REFINEMENT,receiver_high_target_role,TE,312,106,34.0%,77,80,-3,34,34,0,35.6%,36.5%,-1.0%,improves_vs_pyf
REFINE_073_TE_THREE_75_20_5,GAUNTLET_057_TE_THREE_75_20_5,C05,te_three_year,D_TE_THREE_YEAR_REFINEMENT,age_missing,TE,4,0,0.0%,0,0,0,0,0,0,0.0%,0.0%,0.0%,no_added_harm_vs_pyf
REFINE_074_TE_THREE_75_20_5_LOWGAMES20,GAUNTLET_057_TE_THREE_75_20_5,C05,te_three_year,D_TE_THREE_YEAR_REFINEMENT,sparse_history,TE,342,4,1.2%,0,0,0,3,4,-1,0.9%,1.2%,-0.3%,improves_vs_pyf
REFINE_074_TE_THREE_75_20_5_LOWGAMES20,GAUNTLET_057_TE_THREE_75_20_5,C05,te_three_year,D_TE_THREE_YEAR_REFINEMENT,low_games,TE,342,4,1.2%,0,0,0,3,4,-1,0.9%,1.2%,-0.3%,improves_vs_pyf
REFINE_074_TE_THREE_75_20_5_LOWGAMES20,GAUNTLET_057_TE_THREE_75_20_5,C05,te_three_year,D_TE_THREE_YEAR_REFINEMENT,older_late_lifecycle,TE,86,21,24.4%,14,11,3,5,5,0,22.1%,18.6%,3.5%,worse_than_pyf
REFINE_074_TE_THREE_75_20_5_LOWGAMES20,GAUNTLET_057_TE_THREE_75_20_5,C05,te_three_year,D_TE_THREE_YEAR_REFINEMENT,young_early_lifecycle,TE,599,59,9.8%,27,32,-5,38,37,1,10.9%,11.5%,-0.7%,improves_vs_pyf
REFINE_074_TE_THREE_75_20_5_LOWGAMES20,GAUNTLET_057_TE_THREE_75_20_5,C05,te_three_year,D_TE_THREE_YEAR_REFINEMENT,high_volume_role,TE,312,106,34.0%,77,80,-3,34,34,0,35.6%,36.5%,-1.0%,improves_vs_pyf
REFINE_074_TE_THREE_75_20_5_LOWGAMES20,GAUNTLET_057_TE_THREE_75_20_5,C05,te_three_year,D_TE_THREE_YEAR_REFINEMENT,low_or_sparse_role,TE,404,5,1.2%,0,0,0,3,4,-1,0.7%,1.0%,-0.2%,improves_vs_pyf
REFINE_074_TE_THREE_75_20_5_LOWGAMES20,GAUNTLET_057_TE_THREE_75_20_5,C05,te_three_year,D_TE_THREE_YEAR_REFINEMENT,prior_decline_proxy,TE,222,16,7.2%,77,80,-3,2,2,0,35.6%,36.9%,-1.4%,improves_vs_pyf
REFINE_074_TE_THREE_75_20_5_LOWGAMES20,GAUNTLET_057_TE_THREE_75_20_5,C05,te_three_year,D_TE_THREE_YEAR_REFINEMENT,rb_high_touch_role,TE,0,0,,0,0,0,0,0,0,,,,slice_not_present
REFINE_074_TE_THREE_75_20_5_LOWGAMES20,GAUNTLET_057_TE_THREE_75_20_5,C05,te_three_year,D_TE_THREE_YEAR_REFINEMENT,receiver_high_target_role,TE,312,106,34.0%,77,80,-3,34,34,0,35.6%,36.5%,-1.0%,improves_vs_pyf
REFINE_074_TE_THREE_75_20_5_LOWGAMES20,GAUNTLET_057_TE_THREE_75_20_5,C05,te_three_year,D_TE_THREE_YEAR_REFINEMENT,age_missing,TE,4,0,0.0%,0,0,0,0,0,0,0.0%,0.0%,0.0%,no_added_harm_vs_pyf
REFINE_075_TE_THREE_70_20_10,GAUNTLET_057_TE_THREE_75_20_5,C05,te_three_year,D_TE_THREE_YEAR_REFINEMENT,sparse_history,TE,342,4,1.2%,0,0,0,3,4,-1,0.9%,1.2%,-0.3%,improves_vs_pyf
REFINE_075_TE_THREE_70_20_10,GAUNTLET_057_TE_THREE_75_20_5,C05,te_three_year,D_TE_THREE_YEAR_REFINEMENT,low_games,TE,342,4,1.2%,0,0,0,3,4,-1,0.9%,1.2%,-0.3%,improves_vs_pyf
REFINE_075_TE_THREE_70_20_10,GAUNTLET_057_TE_THREE_75_20_5,C05,te_three_year,D_TE_THREE_YEAR_REFINEMENT,older_late_lifecycle,TE,86,21,24.4%,14,11,3,4,5,-1,20.9%,18.6%,2.3%,worse_than_pyf
REFINE_075_TE_THREE_70_20_10,GAUNTLET_057_TE_THREE_75_20_5,C05,te_three_year,D_TE_THREE_YEAR_REFINEMENT,young_early_lifecycle,TE,599,59,9.8%,25,32,-7,39,37,2,10.7%,11.5%,-0.8%,improves_vs_pyf
REFINE_075_TE_THREE_70_20_10,GAUNTLET_057_TE_THREE_75_20_5,C05,te_three_year,D_TE_THREE_YEAR_REFINEMENT,high_volume_role,TE,312,106,34.0%,76,80,-4,33,34,-1,34.9%,36.5%,-1.6%,improves_vs_pyf
REFINE_075_TE_THREE_70_20_10,GAUNTLET_057_TE_THREE_75_20_5,C05,te_three_year,D_TE_THREE_YEAR_REFINEMENT,low_or_sparse_role,TE,404,5,1.2%,0,0,0,3,4,-1,0.7%,1.0%,-0.2%,improves_vs_pyf
REFINE_075_TE_THREE_70_20_10,GAUNTLET_057_TE_THREE_75_20_5,C05,te_three_year,D_TE_THREE_YEAR_REFINEMENT,prior_decline_proxy,TE,222,16,7.2%,76,80,-4,1,2,-1,34.7%,36.9%,-2.3%,improves_vs_pyf
REFINE_075_TE_THREE_70_20_10,GAUNTLET_057_TE_THREE_75_20_5,C05,te_three_year,D_TE_THREE_YEAR_REFINEMENT,rb_high_touch_role,TE,0,0,,0,0,0,0,0,0,,,,slice_not_present
REFINE_075_TE_THREE_70_20_10,GAUNTLET_057_TE_THREE_75_20_5,C05,te_three_year,D_TE_THREE_YEAR_REFINEMENT,receiver_high_target_role,TE,312,106,34.0%,76,80,-4,33,34,-1,34.9%,36.5%,-1.6%,improves_vs_pyf
REFINE_075_TE_THREE_70_20_10,GAUNTLET_057_TE_THREE_75_20_5,C05,te_three_year,D_TE_THREE_YEAR_REFINEMENT,age_missing,TE,4,0,0.0%,0,0,0,0,0,0,0.0%,0.0%,0.0%,no_added_harm_vs_pyf
REFINE_076_TE_THREE_70_20_10_LOWGAMES20,GAUNTLET_057_TE_THREE_75_20_5,C05,te_three_year,D_TE_THREE_YEAR_REFINEMENT,sparse_history,TE,342,4,1.2%,0,0,0,3,4,-1,0.9%,1.2%,-0.3%,improves_vs_pyf
REFINE_076_TE_THREE_70_20_10_LOWGAMES20,GAUNTLET_057_TE_THREE_75_20_5,C05,te_three_year,D_TE_THREE_YEAR_REFINEMENT,low_games,TE,342,4,1.2%,0,0,0,3,4,-1,0.9%,1.2%,-0.3%,improves_vs_pyf
REFINE_076_TE_THREE_70_20_10_LOWGAMES20,GAUNTLET_057_TE_THREE_75_20_5,C05,te_three_year,D_TE_THREE_YEAR_REFINEMENT,older_late_lifecycle,TE,86,21,24.4%,14,11,3,4,5,-1,20.9%,18.6%,2.3%,worse_than_pyf
REFINE_076_TE_THREE_70_20_10_LOWGAMES20,GAUNTLET_057_TE_THREE_75_20_5,C05,te_three_year,D_TE_THREE_YEAR_REFINEMENT,young_early_lifecycle,TE,599,59,9.8%,25,32,-7,39,37,2,10.7%,11.5%,-0.8%,improves_vs_pyf
REFINE_076_TE_THREE_70_20_10_LOWGAMES20,GAUNTLET_057_TE_THREE_75_20_5,C05,te_three_year,D_TE_THREE_YEAR_REFINEMENT,high_volume_role,TE,312,106,34.0%,76,80,-4,33,34,-1,34.9%,36.5%,-1.6%,improves_vs_pyf
REFINE_076_TE_THREE_70_20_10_LOWGAMES20,GAUNTLET_057_TE_THREE_75_20_5,C05,te_three_year,D_TE_THREE_YEAR_REFINEMENT,low_or_sparse_role,TE,404,5,1.2%,0,0,0,3,4,-1,0.7%,1.0%,-0.2%,improves_vs_pyf
REFINE_076_TE_THREE_70_20_10_LOWGAMES20,GAUNTLET_057_TE_THREE_75_20_5,C05,te_three_year,D_TE_THREE_YEAR_REFINEMENT,prior_decline_proxy,TE,222,16,7.2%,76,80,-4,1,2,-1,34.7%,36.9%,-2.3%,improves_vs_pyf
REFINE_076_TE_THREE_70_20_10_LOWGAMES20,GAUNTLET_057_TE_THREE_75_20_5,C05,te_three_year,D_TE_THREE_YEAR_REFINEMENT,rb_high_touch_role,TE,0,0,,0,0,0,0,0,0,,,,slice_not_present
REFINE_076_TE_THREE_70_20_10_LOWGAMES20,GAUNTLET_057_TE_THREE_75_20_5,C05,te_three_year,D_TE_THREE_YEAR_REFINEMENT,receiver_high_target_role,TE,312,106,34.0%,76,80,-4,33,34,-1,34.9%,36.5%,-1.6%,improves_vs_pyf
REFINE_076_TE_THREE_70_20_10_LOWGAMES20,GAUNTLET_057_TE_THREE_75_20_5,C05,te_three_year,D_TE_THREE_YEAR_REFINEMENT,age_missing,TE,4,0,0.0%,0,0,0,0,0,0,0.0%,0.0%,0.0%,no_added_harm_vs_pyf
REFINE_077_TE_THREE_65_25_10,GAUNTLET_057_TE_THREE_75_20_5,C05,te_three_year,D_TE_THREE_YEAR_REFINEMENT,sparse_history,TE,342,4,1.2%,0,0,0,3,4,-1,0.9%,1.2%,-0.3%,improves_vs_pyf
REFINE_077_TE_THREE_65_25_10,GAUNTLET_057_TE_THREE_75_20_5,C05,te_three_year,D_TE_THREE_YEAR_REFINEMENT,low_games,TE,342,4,1.2%,0,0,0,3,4,-1,0.9%,1.2%,-0.3%,improves_vs_pyf
REFINE_077_TE_THREE_65_25_10,GAUNTLET_057_TE_THREE_75_20_5,C05,te_three_year,D_TE_THREE_YEAR_REFINEMENT,older_late_lifecycle,TE,86,21,24.4%,15,11,4,4,5,-1,22.1%,18.6%,3.5%,worse_than_pyf
REFINE_077_TE_THREE_65_25_10,GAUNTLET_057_TE_THREE_75_20_5,C05,te_three_year,D_TE_THREE_YEAR_REFINEMENT,young_early_lifecycle,TE,599,59,9.8%,24,32,-8,39,37,2,10.5%,11.5%,-1.0%,improves_vs_pyf
REFINE_077_TE_THREE_65_25_10,GAUNTLET_057_TE_THREE_75_20_5,C05,te_three_year,D_TE_THREE_YEAR_REFINEMENT,high_volume_role,TE,312,106,34.0%,76,80,-4,34,34,0,35.3%,36.5%,-1.3%,improves_vs_pyf
REFINE_077_TE_THREE_65_25_10,GAUNTLET_057_TE_THREE_75_20_5,C05,te_three_year,D_TE_THREE_YEAR_REFINEMENT,low_or_sparse_role,TE,404,5,1.2%,0,0,0,3,4,-1,0.7%,1.0%,-0.2%,improves_vs_pyf
REFINE_077_TE_THREE_65_25_10,GAUNTLET_057_TE_THREE_75_20_5,C05,te_three_year,D_TE_THREE_YEAR_REFINEMENT,prior_decline_proxy,TE,222,16,7.2%,76,80,-4,1,2,-1,34.7%,36.9%,-2.3%,improves_vs_pyf
REFINE_077_TE_THREE_65_25_10,GAUNTLET_057_TE_THREE_75_20_5,C05,te_three_year,D_TE_THREE_YEAR_REFINEMENT,rb_high_touch_role,TE,0,0,,0,0,0,0,0,0,,,,slice_not_present
REFINE_077_TE_THREE_65_25_10,GAUNTLET_057_TE_THREE_75_20_5,C05,te_three_year,D_TE_THREE_YEAR_REFINEMENT,receiver_high_target_role,TE,312,106,34.0%,76,80,-4,34,34,0,35.3%,36.5%,-1.3%,improves_vs_pyf
REFINE_077_TE_THREE_65_25_10,GAUNTLET_057_TE_THREE_75_20_5,C05,te_three_year,D_TE_THREE_YEAR_REFINEMENT,age_missing,TE,4,0,0.0%,0,0,0,0,0,0,0.0%,0.0%,0.0%,no_added_harm_vs_pyf
REFINE_078_TE_THREE_65_25_10_LOWGAMES20,GAUNTLET_057_TE_THREE_75_20_5,C05,te_three_year,D_TE_THREE_YEAR_REFINEMENT,sparse_history,TE,342,4,1.2%,0,0,0,3,4,-1,0.9%,1.2%,-0.3%,improves_vs_pyf
REFINE_078_TE_THREE_65_25_10_LOWGAMES20,GAUNTLET_057_TE_THREE_75_20_5,C05,te_three_year,D_TE_THREE_YEAR_REFINEMENT,low_games,TE,342,4,1.2%,0,0,0,3,4,-1,0.9%,1.2%,-0.3%,improves_vs_pyf
REFINE_078_TE_THREE_65_25_10_LOWGAMES20,GAUNTLET_057_TE_THREE_75_20_5,C05,te_three_year,D_TE_THREE_YEAR_REFINEMENT,older_late_lifecycle,TE,86,21,24.4%,15,11,4,4,5,-1,22.1%,18.6%,3.5%,worse_than_pyf
REFINE_078_TE_THREE_65_25_10_LOWGAMES20,GAUNTLET_057_TE_THREE_75_20_5,C05,te_three_year,D_TE_THREE_YEAR_REFINEMENT,young_early_lifecycle,TE,599,59,9.8%,24,32,-8,39,37,2,10.5%,11.5%,-1.0%,improves_vs_pyf
REFINE_078_TE_THREE_65_25_10_LOWGAMES20,GAUNTLET_057_TE_THREE_75_20_5,C05,te_three_year,D_TE_THREE_YEAR_REFINEMENT,high_volume_role,TE,312,106,34.0%,76,80,-4,34,34,0,35.3%,36.5%,-1.3%,improves_vs_pyf
REFINE_078_TE_THREE_65_25_10_LOWGAMES20,GAUNTLET_057_TE_THREE_75_20_5,C05,te_three_year,D_TE_THREE_YEAR_REFINEMENT,low_or_sparse_role,TE,404,5,1.2%,0,0,0,3,4,-1,0.7%,1.0%,-0.2%,improves_vs_pyf
REFINE_078_TE_THREE_65_25_10_LOWGAMES20,GAUNTLET_057_TE_THREE_75_20_5,C05,te_three_year,D_TE_THREE_YEAR_REFINEMENT,prior_decline_proxy,TE,222,16,7.2%,76,80,-4,1,2,-1,34.7%,36.9%,-2.3%,improves_vs_pyf
REFINE_078_TE_THREE_65_25_10_LOWGAMES20,GAUNTLET_057_TE_THREE_75_20_5,C05,te_three_year,D_TE_THREE_YEAR_REFINEMENT,rb_high_touch_role,TE,0,0,,0,0,0,0,0,0,,,,slice_not_present
REFINE_078_TE_THREE_65_25_10_LOWGAMES20,GAUNTLET_057_TE_THREE_75_20_5,C05,te_three_year,D_TE_THREE_YEAR_REFINEMENT,receiver_high_target_role,TE,312,106,34.0%,76,80,-4,34,34,0,35.3%,36.5%,-1.3%,improves_vs_pyf
REFINE_078_TE_THREE_65_25_10_LOWGAMES20,GAUNTLET_057_TE_THREE_75_20_5,C05,te_three_year,D_TE_THREE_YEAR_REFINEMENT,age_missing,TE,4,0,0.0%,0,0,0,0,0,0,0.0%,0.0%,0.0%,no_added_harm_vs_pyf
REFINE_079_TE_THREE_60_30_10,GAUNTLET_057_TE_THREE_75_20_5,C05,te_three_year,D_TE_THREE_YEAR_REFINEMENT,sparse_history,TE,342,4,1.2%,0,0,0,3,4,-1,0.9%,1.2%,-0.3%,improves_vs_pyf
REFINE_079_TE_THREE_60_30_10,GAUNTLET_057_TE_THREE_75_20_5,C05,te_three_year,D_TE_THREE_YEAR_REFINEMENT,low_games,TE,342,4,1.2%,0,0,0,3,4,-1,0.9%,1.2%,-0.3%,improves_vs_pyf
REFINE_079_TE_THREE_60_30_10,GAUNTLET_057_TE_THREE_75_20_5,C05,te_three_year,D_TE_THREE_YEAR_REFINEMENT,older_late_lifecycle,TE,86,21,24.4%,13,11,2,4,5,-1,19.8%,18.6%,1.2%,worse_than_pyf
REFINE_079_TE_THREE_60_30_10,GAUNTLET_057_TE_THREE_75_20_5,C05,te_three_year,D_TE_THREE_YEAR_REFINEMENT,young_early_lifecycle,TE,599,59,9.8%,22,32,-10,39,37,2,10.2%,11.5%,-1.3%,improves_vs_pyf
REFINE_079_TE_THREE_60_30_10,GAUNTLET_057_TE_THREE_75_20_5,C05,te_three_year,D_TE_THREE_YEAR_REFINEMENT,high_volume_role,TE,312,106,34.0%,74,80,-6,33,34,-1,34.3%,36.5%,-2.2%,improves_vs_pyf
REFINE_079_TE_THREE_60_30_10,GAUNTLET_057_TE_THREE_75_20_5,C05,te_three_year,D_TE_THREE_YEAR_REFINEMENT,low_or_sparse_role,TE,404,5,1.2%,0,0,0,3,4,-1,0.7%,1.0%,-0.2%,improves_vs_pyf
REFINE_079_TE_THREE_60_30_10,GAUNTLET_057_TE_THREE_75_20_5,C05,te_three_year,D_TE_THREE_YEAR_REFINEMENT,prior_decline_proxy,TE,222,16,7.2%,74,80,-6,1,2,-1,33.8%,36.9%,-3.2%,improves_vs_pyf
REFINE_079_TE_THREE_60_30_10,GAUNTLET_057_TE_THREE_75_20_5,C05,te_three_year,D_TE_THREE_YEAR_REFINEMENT,rb_high_touch_role,TE,0,0,,0,0,0,0,0,0,,,,slice_not_present
REFINE_079_TE_THREE_60_30_10,GAUNTLET_057_TE_THREE_75_20_5,C05,te_three_year,D_TE_THREE_YEAR_REFINEMENT,receiver_high_target_role,TE,312,106,34.0%,74,80,-6,33,34,-1,34.3%,36.5%,-2.2%,improves_vs_pyf
REFINE_079_TE_THREE_60_30_10,GAUNTLET_057_TE_THREE_75_20_5,C05,te_three_year,D_TE_THREE_YEAR_REFINEMENT,age_missing,TE,4,0,0.0%,0,0,0,0,0,0,0.0%,0.0%,0.0%,no_added_harm_vs_pyf
REFINE_080_TE_THREE_60_30_10_LOWGAMES20,GAUNTLET_057_TE_THREE_75_20_5,C05,te_three_year,D_TE_THREE_YEAR_REFINEMENT,sparse_history,TE,342,4,1.2%,0,0,0,3,4,-1,0.9%,1.2%,-0.3%,improves_vs_pyf
REFINE_080_TE_THREE_60_30_10_LOWGAMES20,GAUNTLET_057_TE_THREE_75_20_5,C05,te_three_year,D_TE_THREE_YEAR_REFINEMENT,low_games,TE,342,4,1.2%,0,0,0,3,4,-1,0.9%,1.2%,-0.3%,improves_vs_pyf
REFINE_080_TE_THREE_60_30_10_LOWGAMES20,GAUNTLET_057_TE_THREE_75_20_5,C05,te_three_year,D_TE_THREE_YEAR_REFINEMENT,older_late_lifecycle,TE,86,21,24.4%,13,11,2,4,5,-1,19.8%,18.6%,1.2%,worse_than_pyf
REFINE_080_TE_THREE_60_30_10_LOWGAMES20,GAUNTLET_057_TE_THREE_75_20_5,C05,te_three_year,D_TE_THREE_YEAR_REFINEMENT,young_early_lifecycle,TE,599,59,9.8%,22,32,-10,39,37,2,10.2%,11.5%,-1.3%,improves_vs_pyf
REFINE_080_TE_THREE_60_30_10_LOWGAMES20,GAUNTLET_057_TE_THREE_75_20_5,C05,te_three_year,D_TE_THREE_YEAR_REFINEMENT,high_volume_role,TE,312,106,34.0%,74,80,-6,33,34,-1,34.3%,36.5%,-2.2%,improves_vs_pyf
REFINE_080_TE_THREE_60_30_10_LOWGAMES20,GAUNTLET_057_TE_THREE_75_20_5,C05,te_three_year,D_TE_THREE_YEAR_REFINEMENT,low_or_sparse_role,TE,404,5,1.2%,0,0,0,3,4,-1,0.7%,1.0%,-0.2%,improves_vs_pyf
REFINE_080_TE_THREE_60_30_10_LOWGAMES20,GAUNTLET_057_TE_THREE_75_20_5,C05,te_three_year,D_TE_THREE_YEAR_REFINEMENT,prior_decline_proxy,TE,222,16,7.2%,74,80,-6,1,2,-1,33.8%,36.9%,-3.2%,improves_vs_pyf
REFINE_080_TE_THREE_60_30_10_LOWGAMES20,GAUNTLET_057_TE_THREE_75_20_5,C05,te_three_year,D_TE_THREE_YEAR_REFINEMENT,rb_high_touch_role,TE,0,0,,0,0,0,0,0,0,,,,slice_not_present
REFINE_080_TE_THREE_60_30_10_LOWGAMES20,GAUNTLET_057_TE_THREE_75_20_5,C05,te_three_year,D_TE_THREE_YEAR_REFINEMENT,receiver_high_target_role,TE,312,106,34.0%,74,80,-6,33,34,-1,34.3%,36.5%,-2.2%,improves_vs_pyf
REFINE_080_TE_THREE_60_30_10_LOWGAMES20,GAUNTLET_057_TE_THREE_75_20_5,C05,te_three_year,D_TE_THREE_YEAR_REFINEMENT,age_missing,TE,4,0,0.0%,0,0,0,0,0,0,0.0%,0.0%,0.0%,no_added_harm_vs_pyf
REFINE_081_TE_THREE_55_30_15,GAUNTLET_057_TE_THREE_75_20_5,C05,te_three_year,D_TE_THREE_YEAR_REFINEMENT,sparse_history,TE,342,4,1.2%,2,0,2,3,4,-1,1.5%,1.2%,0.3%,worse_than_pyf
REFINE_081_TE_THREE_55_30_15,GAUNTLET_057_TE_THREE_75_20_5,C05,te_three_year,D_TE_THREE_YEAR_REFINEMENT,low_games,TE,342,4,1.2%,2,0,2,3,4,-1,1.5%,1.2%,0.3%,worse_than_pyf
REFINE_081_TE_THREE_55_30_15,GAUNTLET_057_TE_THREE_75_20_5,C05,te_three_year,D_TE_THREE_YEAR_REFINEMENT,older_late_lifecycle,TE,86,21,24.4%,14,11,3,4,5,-1,20.9%,18.6%,2.3%,worse_than_pyf
REFINE_081_TE_THREE_55_30_15,GAUNTLET_057_TE_THREE_75_20_5,C05,te_three_year,D_TE_THREE_YEAR_REFINEMENT,young_early_lifecycle,TE,599,59,9.8%,20,32,-12,39,37,2,9.8%,11.5%,-1.7%,improves_vs_pyf
REFINE_081_TE_THREE_55_30_15,GAUNTLET_057_TE_THREE_75_20_5,C05,te_three_year,D_TE_THREE_YEAR_REFINEMENT,high_volume_role,TE,312,106,34.0%,71,80,-9,33,34,-1,33.3%,36.5%,-3.2%,improves_vs_pyf
REFINE_081_TE_THREE_55_30_15,GAUNTLET_057_TE_THREE_75_20_5,C05,te_three_year,D_TE_THREE_YEAR_REFINEMENT,low_or_sparse_role,TE,404,5,1.2%,2,0,2,3,4,-1,1.2%,1.0%,0.2%,worse_than_pyf
REFINE_081_TE_THREE_55_30_15,GAUNTLET_057_TE_THREE_75_20_5,C05,te_three_year,D_TE_THREE_YEAR_REFINEMENT,prior_decline_proxy,TE,222,16,7.2%,71,80,-9,1,2,-1,32.4%,36.9%,-4.5%,improves_vs_pyf
REFINE_081_TE_THREE_55_30_15,GAUNTLET_057_TE_THREE_75_20_5,C05,te_three_year,D_TE_THREE_YEAR_REFINEMENT,rb_high_touch_role,TE,0,0,,0,0,0,0,0,0,,,,slice_not_present
REFINE_081_TE_THREE_55_30_15,GAUNTLET_057_TE_THREE_75_20_5,C05,te_three_year,D_TE_THREE_YEAR_REFINEMENT,receiver_high_target_role,TE,312,106,34.0%,71,80,-9,33,34,-1,33.3%,36.5%,-3.2%,improves_vs_pyf
REFINE_081_TE_THREE_55_30_15,GAUNTLET_057_TE_THREE_75_20_5,C05,te_three_year,D_TE_THREE_YEAR_REFINEMENT,age_missing,TE,4,0,0.0%,0,0,0,0,0,0,0.0%,0.0%,0.0%,no_added_harm_vs_pyf
REFINE_082_TE_THREE_55_30_15_LOWGAMES20,GAUNTLET_057_TE_THREE_75_20_5,C05,te_three_year,D_TE_THREE_YEAR_REFINEMENT,sparse_history,TE,342,4,1.2%,0,0,0,3,4,-1,0.9%,1.2%,-0.3%,improves_vs_pyf
REFINE_082_TE_THREE_55_30_15_LOWGAMES20,GAUNTLET_057_TE_THREE_75_20_5,C05,te_three_year,D_TE_THREE_YEAR_REFINEMENT,low_games,TE,342,4,1.2%,0,0,0,3,4,-1,0.9%,1.2%,-0.3%,improves_vs_pyf
REFINE_082_TE_THREE_55_30_15_LOWGAMES20,GAUNTLET_057_TE_THREE_75_20_5,C05,te_three_year,D_TE_THREE_YEAR_REFINEMENT,older_late_lifecycle,TE,86,21,24.4%,13,11,2,4,5,-1,19.8%,18.6%,1.2%,worse_than_pyf
REFINE_082_TE_THREE_55_30_15_LOWGAMES20,GAUNTLET_057_TE_THREE_75_20_5,C05,te_three_year,D_TE_THREE_YEAR_REFINEMENT,young_early_lifecycle,TE,599,59,9.8%,20,32,-12,39,37,2,9.8%,11.5%,-1.7%,improves_vs_pyf
REFINE_082_TE_THREE_55_30_15_LOWGAMES20,GAUNTLET_057_TE_THREE_75_20_5,C05,te_three_year,D_TE_THREE_YEAR_REFINEMENT,high_volume_role,TE,312,106,34.0%,72,80,-8,33,34,-1,33.7%,36.5%,-2.9%,improves_vs_pyf
REFINE_082_TE_THREE_55_30_15_LOWGAMES20,GAUNTLET_057_TE_THREE_75_20_5,C05,te_three_year,D_TE_THREE_YEAR_REFINEMENT,low_or_sparse_role,TE,404,5,1.2%,0,0,0,3,4,-1,0.7%,1.0%,-0.2%,improves_vs_pyf
REFINE_082_TE_THREE_55_30_15_LOWGAMES20,GAUNTLET_057_TE_THREE_75_20_5,C05,te_three_year,D_TE_THREE_YEAR_REFINEMENT,prior_decline_proxy,TE,222,16,7.2%,72,80,-8,1,2,-1,32.9%,36.9%,-4.1%,improves_vs_pyf
REFINE_082_TE_THREE_55_30_15_LOWGAMES20,GAUNTLET_057_TE_THREE_75_20_5,C05,te_three_year,D_TE_THREE_YEAR_REFINEMENT,rb_high_touch_role,TE,0,0,,0,0,0,0,0,0,,,,slice_not_present
REFINE_082_TE_THREE_55_30_15_LOWGAMES20,GAUNTLET_057_TE_THREE_75_20_5,C05,te_three_year,D_TE_THREE_YEAR_REFINEMENT,receiver_high_target_role,TE,312,106,34.0%,72,80,-8,33,34,-1,33.7%,36.5%,-2.9%,improves_vs_pyf
REFINE_082_TE_THREE_55_30_15_LOWGAMES20,GAUNTLET_057_TE_THREE_75_20_5,C05,te_three_year,D_TE_THREE_YEAR_REFINEMENT,age_missing,TE,4,0,0.0%,0,0,0,0,0,0,0.0%,0.0%,0.0%,no_added_harm_vs_pyf
REFINE_083_TE_TWO_85_15,GAUNTLET_057_TE_THREE_75_20_5,C05,te_three_year,D_TE_THREE_YEAR_REFINEMENT,sparse_history,TE,342,4,1.2%,0,0,0,3,4,-1,0.9%,1.2%,-0.3%,improves_vs_pyf
REFINE_083_TE_TWO_85_15,GAUNTLET_057_TE_THREE_75_20_5,C05,te_three_year,D_TE_THREE_YEAR_REFINEMENT,low_games,TE,342,4,1.2%,0,0,0,3,4,-1,0.9%,1.2%,-0.3%,improves_vs_pyf
REFINE_083_TE_TWO_85_15,GAUNTLET_057_TE_THREE_75_20_5,C05,te_three_year,D_TE_THREE_YEAR_REFINEMENT,older_late_lifecycle,TE,86,21,24.4%,14,11,3,5,5,0,22.1%,18.6%,3.5%,worse_than_pyf
REFINE_083_TE_TWO_85_15,GAUNTLET_057_TE_THREE_75_20_5,C05,te_three_year,D_TE_THREE_YEAR_REFINEMENT,young_early_lifecycle,TE,599,59,9.8%,27,32,-5,38,37,1,10.9%,11.5%,-0.7%,improves_vs_pyf
REFINE_083_TE_TWO_85_15,GAUNTLET_057_TE_THREE_75_20_5,C05,te_three_year,D_TE_THREE_YEAR_REFINEMENT,high_volume_role,TE,312,106,34.0%,78,80,-2,32,34,-2,35.3%,36.5%,-1.3%,improves_vs_pyf
REFINE_083_TE_TWO_85_15,GAUNTLET_057_TE_THREE_75_20_5,C05,te_three_year,D_TE_THREE_YEAR_REFINEMENT,low_or_sparse_role,TE,404,5,1.2%,0,0,0,3,4,-1,0.7%,1.0%,-0.2%,improves_vs_pyf
REFINE_083_TE_TWO_85_15,GAUNTLET_057_TE_THREE_75_20_5,C05,te_three_year,D_TE_THREE_YEAR_REFINEMENT,prior_decline_proxy,TE,222,16,7.2%,78,80,-2,2,2,0,36.0%,36.9%,-0.9%,improves_vs_pyf
REFINE_083_TE_TWO_85_15,GAUNTLET_057_TE_THREE_75_20_5,C05,te_three_year,D_TE_THREE_YEAR_REFINEMENT,rb_high_touch_role,TE,0,0,,0,0,0,0,0,0,,,,slice_not_present
REFINE_083_TE_TWO_85_15,GAUNTLET_057_TE_THREE_75_20_5,C05,te_three_year,D_TE_THREE_YEAR_REFINEMENT,receiver_high_target_role,TE,312,106,34.0%,78,80,-2,32,34,-2,35.3%,36.5%,-1.3%,improves_vs_pyf
REFINE_083_TE_TWO_85_15,GAUNTLET_057_TE_THREE_75_20_5,C05,te_three_year,D_TE_THREE_YEAR_REFINEMENT,age_missing,TE,4,0,0.0%,0,0,0,0,0,0,0.0%,0.0%,0.0%,no_added_harm_vs_pyf
REFINE_084_TE_TWO_85_15_LOWGAMES20,GAUNTLET_057_TE_THREE_75_20_5,C05,te_three_year,D_TE_THREE_YEAR_REFINEMENT,sparse_history,TE,342,4,1.2%,0,0,0,3,4,-1,0.9%,1.2%,-0.3%,improves_vs_pyf
REFINE_084_TE_TWO_85_15_LOWGAMES20,GAUNTLET_057_TE_THREE_75_20_5,C05,te_three_year,D_TE_THREE_YEAR_REFINEMENT,low_games,TE,342,4,1.2%,0,0,0,3,4,-1,0.9%,1.2%,-0.3%,improves_vs_pyf
REFINE_084_TE_TWO_85_15_LOWGAMES20,GAUNTLET_057_TE_THREE_75_20_5,C05,te_three_year,D_TE_THREE_YEAR_REFINEMENT,older_late_lifecycle,TE,86,21,24.4%,14,11,3,5,5,0,22.1%,18.6%,3.5%,worse_than_pyf
REFINE_084_TE_TWO_85_15_LOWGAMES20,GAUNTLET_057_TE_THREE_75_20_5,C05,te_three_year,D_TE_THREE_YEAR_REFINEMENT,young_early_lifecycle,TE,599,59,9.8%,27,32,-5,38,37,1,10.9%,11.5%,-0.7%,improves_vs_pyf
REFINE_084_TE_TWO_85_15_LOWGAMES20,GAUNTLET_057_TE_THREE_75_20_5,C05,te_three_year,D_TE_THREE_YEAR_REFINEMENT,high_volume_role,TE,312,106,34.0%,78,80,-2,32,34,-2,35.3%,36.5%,-1.3%,improves_vs_pyf
REFINE_084_TE_TWO_85_15_LOWGAMES20,GAUNTLET_057_TE_THREE_75_20_5,C05,te_three_year,D_TE_THREE_YEAR_REFINEMENT,low_or_sparse_role,TE,404,5,1.2%,0,0,0,3,4,-1,0.7%,1.0%,-0.2%,improves_vs_pyf
REFINE_084_TE_TWO_85_15_LOWGAMES20,GAUNTLET_057_TE_THREE_75_20_5,C05,te_three_year,D_TE_THREE_YEAR_REFINEMENT,prior_decline_proxy,TE,222,16,7.2%,78,80,-2,2,2,0,36.0%,36.9%,-0.9%,improves_vs_pyf
REFINE_084_TE_TWO_85_15_LOWGAMES20,GAUNTLET_057_TE_THREE_75_20_5,C05,te_three_year,D_TE_THREE_YEAR_REFINEMENT,rb_high_touch_role,TE,0,0,,0,0,0,0,0,0,,,,slice_not_present
REFINE_084_TE_TWO_85_15_LOWGAMES20,GAUNTLET_057_TE_THREE_75_20_5,C05,te_three_year,D_TE_THREE_YEAR_REFINEMENT,receiver_high_target_role,TE,312,106,34.0%,78,80,-2,32,34,-2,35.3%,36.5%,-1.3%,improves_vs_pyf
REFINE_084_TE_TWO_85_15_LOWGAMES20,GAUNTLET_057_TE_THREE_75_20_5,C05,te_three_year,D_TE_THREE_YEAR_REFINEMENT,age_missing,TE,4,0,0.0%,0,0,0,0,0,0,0.0%,0.0%,0.0%,no_added_harm_vs_pyf
REFINE_085_TE_TWO_80_20,GAUNTLET_057_TE_THREE_75_20_5,C05,te_three_year,D_TE_THREE_YEAR_REFINEMENT,sparse_history,TE,342,4,1.2%,0,0,0,3,4,-1,0.9%,1.2%,-0.3%,improves_vs_pyf
REFINE_085_TE_TWO_80_20,GAUNTLET_057_TE_THREE_75_20_5,C05,te_three_year,D_TE_THREE_YEAR_REFINEMENT,low_games,TE,342,4,1.2%,0,0,0,3,4,-1,0.9%,1.2%,-0.3%,improves_vs_pyf
REFINE_085_TE_TWO_80_20,GAUNTLET_057_TE_THREE_75_20_5,C05,te_three_year,D_TE_THREE_YEAR_REFINEMENT,older_late_lifecycle,TE,86,21,24.4%,13,11,2,5,5,0,20.9%,18.6%,2.3%,worse_than_pyf
REFINE_085_TE_TWO_80_20,GAUNTLET_057_TE_THREE_75_20_5,C05,te_three_year,D_TE_THREE_YEAR_REFINEMENT,young_early_lifecycle,TE,599,59,9.8%,26,32,-6,38,37,1,10.7%,11.5%,-0.8%,improves_vs_pyf
REFINE_085_TE_TWO_80_20,GAUNTLET_057_TE_THREE_75_20_5,C05,te_three_year,D_TE_THREE_YEAR_REFINEMENT,high_volume_role,TE,312,106,34.0%,77,80,-3,33,34,-1,35.3%,36.5%,-1.3%,improves_vs_pyf
REFINE_085_TE_TWO_80_20,GAUNTLET_057_TE_THREE_75_20_5,C05,te_three_year,D_TE_THREE_YEAR_REFINEMENT,low_or_sparse_role,TE,404,5,1.2%,0,0,0,3,4,-1,0.7%,1.0%,-0.2%,improves_vs_pyf
REFINE_085_TE_TWO_80_20,GAUNTLET_057_TE_THREE_75_20_5,C05,te_three_year,D_TE_THREE_YEAR_REFINEMENT,prior_decline_proxy,TE,222,16,7.2%,77,80,-3,2,2,0,35.6%,36.9%,-1.4%,improves_vs_pyf
REFINE_085_TE_TWO_80_20,GAUNTLET_057_TE_THREE_75_20_5,C05,te_three_year,D_TE_THREE_YEAR_REFINEMENT,rb_high_touch_role,TE,0,0,,0,0,0,0,0,0,,,,slice_not_present
REFINE_085_TE_TWO_80_20,GAUNTLET_057_TE_THREE_75_20_5,C05,te_three_year,D_TE_THREE_YEAR_REFINEMENT,receiver_high_target_role,TE,312,106,34.0%,77,80,-3,33,34,-1,35.3%,36.5%,-1.3%,improves_vs_pyf
REFINE_085_TE_TWO_80_20,GAUNTLET_057_TE_THREE_75_20_5,C05,te_three_year,D_TE_THREE_YEAR_REFINEMENT,age_missing,TE,4,0,0.0%,0,0,0,0,0,0,0.0%,0.0%,0.0%,no_added_harm_vs_pyf
REFINE_086_TE_TWO_80_20_LOWGAMES20,GAUNTLET_057_TE_THREE_75_20_5,C05,te_three_year,D_TE_THREE_YEAR_REFINEMENT,sparse_history,TE,342,4,1.2%,0,0,0,3,4,-1,0.9%,1.2%,-0.3%,improves_vs_pyf
REFINE_086_TE_TWO_80_20_LOWGAMES20,GAUNTLET_057_TE_THREE_75_20_5,C05,te_three_year,D_TE_THREE_YEAR_REFINEMENT,low_games,TE,342,4,1.2%,0,0,0,3,4,-1,0.9%,1.2%,-0.3%,improves_vs_pyf
REFINE_086_TE_TWO_80_20_LOWGAMES20,GAUNTLET_057_TE_THREE_75_20_5,C05,te_three_year,D_TE_THREE_YEAR_REFINEMENT,older_late_lifecycle,TE,86,21,24.4%,13,11,2,5,5,0,20.9%,18.6%,2.3%,worse_than_pyf
REFINE_086_TE_TWO_80_20_LOWGAMES20,GAUNTLET_057_TE_THREE_75_20_5,C05,te_three_year,D_TE_THREE_YEAR_REFINEMENT,young_early_lifecycle,TE,599,59,9.8%,26,32,-6,38,37,1,10.7%,11.5%,-0.8%,improves_vs_pyf
REFINE_086_TE_TWO_80_20_LOWGAMES20,GAUNTLET_057_TE_THREE_75_20_5,C05,te_three_year,D_TE_THREE_YEAR_REFINEMENT,high_volume_role,TE,312,106,34.0%,77,80,-3,33,34,-1,35.3%,36.5%,-1.3%,improves_vs_pyf
REFINE_086_TE_TWO_80_20_LOWGAMES20,GAUNTLET_057_TE_THREE_75_20_5,C05,te_three_year,D_TE_THREE_YEAR_REFINEMENT,low_or_sparse_role,TE,404,5,1.2%,0,0,0,3,4,-1,0.7%,1.0%,-0.2%,improves_vs_pyf
REFINE_086_TE_TWO_80_20_LOWGAMES20,GAUNTLET_057_TE_THREE_75_20_5,C05,te_three_year,D_TE_THREE_YEAR_REFINEMENT,prior_decline_proxy,TE,222,16,7.2%,77,80,-3,2,2,0,35.6%,36.9%,-1.4%,improves_vs_pyf
REFINE_086_TE_TWO_80_20_LOWGAMES20,GAUNTLET_057_TE_THREE_75_20_5,C05,te_three_year,D_TE_THREE_YEAR_REFINEMENT,rb_high_touch_role,TE,0,0,,0,0,0,0,0,0,,,,slice_not_present
REFINE_086_TE_TWO_80_20_LOWGAMES20,GAUNTLET_057_TE_THREE_75_20_5,C05,te_three_year,D_TE_THREE_YEAR_REFINEMENT,receiver_high_target_role,TE,312,106,34.0%,77,80,-3,33,34,-1,35.3%,36.5%,-1.3%,improves_vs_pyf
REFINE_086_TE_TWO_80_20_LOWGAMES20,GAUNTLET_057_TE_THREE_75_20_5,C05,te_three_year,D_TE_THREE_YEAR_REFINEMENT,age_missing,TE,4,0,0.0%,0,0,0,0,0,0,0.0%,0.0%,0.0%,no_added_harm_vs_pyf
REFINE_087_TE_TWO_75_25,GAUNTLET_057_TE_THREE_75_20_5,C05,te_three_year,D_TE_THREE_YEAR_REFINEMENT,sparse_history,TE,342,4,1.2%,0,0,0,3,4,-1,0.9%,1.2%,-0.3%,improves_vs_pyf
REFINE_087_TE_TWO_75_25,GAUNTLET_057_TE_THREE_75_20_5,C05,te_three_year,D_TE_THREE_YEAR_REFINEMENT,low_games,TE,342,4,1.2%,0,0,0,3,4,-1,0.9%,1.2%,-0.3%,improves_vs_pyf
REFINE_087_TE_TWO_75_25,GAUNTLET_057_TE_THREE_75_20_5,C05,te_three_year,D_TE_THREE_YEAR_REFINEMENT,older_late_lifecycle,TE,86,21,24.4%,15,11,4,5,5,0,23.3%,18.6%,4.7%,worse_than_pyf
REFINE_087_TE_TWO_75_25,GAUNTLET_057_TE_THREE_75_20_5,C05,te_three_year,D_TE_THREE_YEAR_REFINEMENT,young_early_lifecycle,TE,599,59,9.8%,26,32,-6,37,37,0,10.5%,11.5%,-1.0%,improves_vs_pyf
REFINE_087_TE_TWO_75_25,GAUNTLET_057_TE_THREE_75_20_5,C05,te_three_year,D_TE_THREE_YEAR_REFINEMENT,high_volume_role,TE,312,106,34.0%,77,80,-3,34,34,0,35.6%,36.5%,-1.0%,improves_vs_pyf
REFINE_087_TE_TWO_75_25,GAUNTLET_057_TE_THREE_75_20_5,C05,te_three_year,D_TE_THREE_YEAR_REFINEMENT,low_or_sparse_role,TE,404,5,1.2%,0,0,0,3,4,-1,0.7%,1.0%,-0.2%,improves_vs_pyf
REFINE_087_TE_TWO_75_25,GAUNTLET_057_TE_THREE_75_20_5,C05,te_three_year,D_TE_THREE_YEAR_REFINEMENT,prior_decline_proxy,TE,222,16,7.2%,77,80,-3,2,2,0,35.6%,36.9%,-1.4%,improves_vs_pyf
REFINE_087_TE_TWO_75_25,GAUNTLET_057_TE_THREE_75_20_5,C05,te_three_year,D_TE_THREE_YEAR_REFINEMENT,rb_high_touch_role,TE,0,0,,0,0,0,0,0,0,,,,slice_not_present
REFINE_087_TE_TWO_75_25,GAUNTLET_057_TE_THREE_75_20_5,C05,te_three_year,D_TE_THREE_YEAR_REFINEMENT,receiver_high_target_role,TE,312,106,34.0%,77,80,-3,34,34,0,35.6%,36.5%,-1.0%,improves_vs_pyf
REFINE_087_TE_TWO_75_25,GAUNTLET_057_TE_THREE_75_20_5,C05,te_three_year,D_TE_THREE_YEAR_REFINEMENT,age_missing,TE,4,0,0.0%,0,0,0,0,0,0,0.0%,0.0%,0.0%,no_added_harm_vs_pyf
REFINE_088_TE_TWO_75_25_LOWGAMES20,GAUNTLET_057_TE_THREE_75_20_5,C05,te_three_year,D_TE_THREE_YEAR_REFINEMENT,sparse_history,TE,342,4,1.2%,0,0,0,3,4,-1,0.9%,1.2%,-0.3%,improves_vs_pyf
REFINE_088_TE_TWO_75_25_LOWGAMES20,GAUNTLET_057_TE_THREE_75_20_5,C05,te_three_year,D_TE_THREE_YEAR_REFINEMENT,low_games,TE,342,4,1.2%,0,0,0,3,4,-1,0.9%,1.2%,-0.3%,improves_vs_pyf
REFINE_088_TE_TWO_75_25_LOWGAMES20,GAUNTLET_057_TE_THREE_75_20_5,C05,te_three_year,D_TE_THREE_YEAR_REFINEMENT,older_late_lifecycle,TE,86,21,24.4%,15,11,4,5,5,0,23.3%,18.6%,4.7%,worse_than_pyf
REFINE_088_TE_TWO_75_25_LOWGAMES20,GAUNTLET_057_TE_THREE_75_20_5,C05,te_three_year,D_TE_THREE_YEAR_REFINEMENT,young_early_lifecycle,TE,599,59,9.8%,26,32,-6,37,37,0,10.5%,11.5%,-1.0%,improves_vs_pyf
REFINE_088_TE_TWO_75_25_LOWGAMES20,GAUNTLET_057_TE_THREE_75_20_5,C05,te_three_year,D_TE_THREE_YEAR_REFINEMENT,high_volume_role,TE,312,106,34.0%,77,80,-3,34,34,0,35.6%,36.5%,-1.0%,improves_vs_pyf
REFINE_088_TE_TWO_75_25_LOWGAMES20,GAUNTLET_057_TE_THREE_75_20_5,C05,te_three_year,D_TE_THREE_YEAR_REFINEMENT,low_or_sparse_role,TE,404,5,1.2%,0,0,0,3,4,-1,0.7%,1.0%,-0.2%,improves_vs_pyf
REFINE_088_TE_TWO_75_25_LOWGAMES20,GAUNTLET_057_TE_THREE_75_20_5,C05,te_three_year,D_TE_THREE_YEAR_REFINEMENT,prior_decline_proxy,TE,222,16,7.2%,77,80,-3,2,2,0,35.6%,36.9%,-1.4%,improves_vs_pyf
REFINE_088_TE_TWO_75_25_LOWGAMES20,GAUNTLET_057_TE_THREE_75_20_5,C05,te_three_year,D_TE_THREE_YEAR_REFINEMENT,rb_high_touch_role,TE,0,0,,0,0,0,0,0,0,,,,slice_not_present
REFINE_088_TE_TWO_75_25_LOWGAMES20,GAUNTLET_057_TE_THREE_75_20_5,C05,te_three_year,D_TE_THREE_YEAR_REFINEMENT,receiver_high_target_role,TE,312,106,34.0%,77,80,-3,34,34,0,35.6%,36.5%,-1.0%,improves_vs_pyf
REFINE_088_TE_TWO_75_25_LOWGAMES20,GAUNTLET_057_TE_THREE_75_20_5,C05,te_three_year,D_TE_THREE_YEAR_REFINEMENT,age_missing,TE,4,0,0.0%,0,0,0,0,0,0,0.0%,0.0%,0.0%,no_added_harm_vs_pyf
REFINE_089_TE_TWO_70_30,GAUNTLET_057_TE_THREE_75_20_5,C05,te_three_year,D_TE_THREE_YEAR_REFINEMENT,sparse_history,TE,342,4,1.2%,0,0,0,3,4,-1,0.9%,1.2%,-0.3%,improves_vs_pyf
REFINE_089_TE_TWO_70_30,GAUNTLET_057_TE_THREE_75_20_5,C05,te_three_year,D_TE_THREE_YEAR_REFINEMENT,low_games,TE,342,4,1.2%,0,0,0,3,4,-1,0.9%,1.2%,-0.3%,improves_vs_pyf
REFINE_089_TE_TWO_70_30,GAUNTLET_057_TE_THREE_75_20_5,C05,te_three_year,D_TE_THREE_YEAR_REFINEMENT,older_late_lifecycle,TE,86,21,24.4%,14,11,3,5,5,0,22.1%,18.6%,3.5%,worse_than_pyf
REFINE_089_TE_TWO_70_30,GAUNTLET_057_TE_THREE_75_20_5,C05,te_three_year,D_TE_THREE_YEAR_REFINEMENT,young_early_lifecycle,TE,599,59,9.8%,25,32,-7,37,37,0,10.4%,11.5%,-1.2%,improves_vs_pyf
REFINE_089_TE_TWO_70_30,GAUNTLET_057_TE_THREE_75_20_5,C05,te_three_year,D_TE_THREE_YEAR_REFINEMENT,high_volume_role,TE,312,106,34.0%,75,80,-5,32,34,-2,34.3%,36.5%,-2.2%,improves_vs_pyf
REFINE_089_TE_TWO_70_30,GAUNTLET_057_TE_THREE_75_20_5,C05,te_three_year,D_TE_THREE_YEAR_REFINEMENT,low_or_sparse_role,TE,404,5,1.2%,0,0,0,3,4,-1,0.7%,1.0%,-0.2%,improves_vs_pyf
REFINE_089_TE_TWO_70_30,GAUNTLET_057_TE_THREE_75_20_5,C05,te_three_year,D_TE_THREE_YEAR_REFINEMENT,prior_decline_proxy,TE,222,16,7.2%,75,80,-5,2,2,0,34.7%,36.9%,-2.3%,improves_vs_pyf
REFINE_089_TE_TWO_70_30,GAUNTLET_057_TE_THREE_75_20_5,C05,te_three_year,D_TE_THREE_YEAR_REFINEMENT,rb_high_touch_role,TE,0,0,,0,0,0,0,0,0,,,,slice_not_present
REFINE_089_TE_TWO_70_30,GAUNTLET_057_TE_THREE_75_20_5,C05,te_three_year,D_TE_THREE_YEAR_REFINEMENT,receiver_high_target_role,TE,312,106,34.0%,75,80,-5,32,34,-2,34.3%,36.5%,-2.2%,improves_vs_pyf
REFINE_089_TE_TWO_70_30,GAUNTLET_057_TE_THREE_75_20_5,C05,te_three_year,D_TE_THREE_YEAR_REFINEMENT,age_missing,TE,4,0,0.0%,0,0,0,0,0,0,0.0%,0.0%,0.0%,no_added_harm_vs_pyf
REFINE_090_TE_TWO_70_30_LOWGAMES20,GAUNTLET_057_TE_THREE_75_20_5,C05,te_three_year,D_TE_THREE_YEAR_REFINEMENT,sparse_history,TE,342,4,1.2%,0,0,0,3,4,-1,0.9%,1.2%,-0.3%,improves_vs_pyf
REFINE_090_TE_TWO_70_30_LOWGAMES20,GAUNTLET_057_TE_THREE_75_20_5,C05,te_three_year,D_TE_THREE_YEAR_REFINEMENT,low_games,TE,342,4,1.2%,0,0,0,3,4,-1,0.9%,1.2%,-0.3%,improves_vs_pyf
REFINE_090_TE_TWO_70_30_LOWGAMES20,GAUNTLET_057_TE_THREE_75_20_5,C05,te_three_year,D_TE_THREE_YEAR_REFINEMENT,older_late_lifecycle,TE,86,21,24.4%,14,11,3,5,5,0,22.1%,18.6%,3.5%,worse_than_pyf
REFINE_090_TE_TWO_70_30_LOWGAMES20,GAUNTLET_057_TE_THREE_75_20_5,C05,te_three_year,D_TE_THREE_YEAR_REFINEMENT,young_early_lifecycle,TE,599,59,9.8%,25,32,-7,37,37,0,10.4%,11.5%,-1.2%,improves_vs_pyf
REFINE_090_TE_TWO_70_30_LOWGAMES20,GAUNTLET_057_TE_THREE_75_20_5,C05,te_three_year,D_TE_THREE_YEAR_REFINEMENT,high_volume_role,TE,312,106,34.0%,75,80,-5,32,34,-2,34.3%,36.5%,-2.2%,improves_vs_pyf
REFINE_090_TE_TWO_70_30_LOWGAMES20,GAUNTLET_057_TE_THREE_75_20_5,C05,te_three_year,D_TE_THREE_YEAR_REFINEMENT,low_or_sparse_role,TE,404,5,1.2%,0,0,0,3,4,-1,0.7%,1.0%,-0.2%,improves_vs_pyf
REFINE_090_TE_TWO_70_30_LOWGAMES20,GAUNTLET_057_TE_THREE_75_20_5,C05,te_three_year,D_TE_THREE_YEAR_REFINEMENT,prior_decline_proxy,TE,222,16,7.2%,75,80,-5,2,2,0,34.7%,36.9%,-2.3%,improves_vs_pyf
REFINE_090_TE_TWO_70_30_LOWGAMES20,GAUNTLET_057_TE_THREE_75_20_5,C05,te_three_year,D_TE_THREE_YEAR_REFINEMENT,rb_high_touch_role,TE,0,0,,0,0,0,0,0,0,,,,slice_not_present
REFINE_090_TE_TWO_70_30_LOWGAMES20,GAUNTLET_057_TE_THREE_75_20_5,C05,te_three_year,D_TE_THREE_YEAR_REFINEMENT,receiver_high_target_role,TE,312,106,34.0%,75,80,-5,32,34,-2,34.3%,36.5%,-2.2%,improves_vs_pyf
REFINE_090_TE_TWO_70_30_LOWGAMES20,GAUNTLET_057_TE_THREE_75_20_5,C05,te_three_year,D_TE_THREE_YEAR_REFINEMENT,age_missing,TE,4,0,0.0%,0,0,0,0,0,0,0.0%,0.0%,0.0%,no_added_harm_vs_pyf
REFINE_091_WR_THREE_80_15_5,GAUNTLET_051_WR_THREE_65_25_10,C06,wr_three_year,E_WR_THREE_YEAR_REFINEMENT,sparse_history,WR,439,13,3.0%,0,0,0,13,13,0,3.0%,3.0%,0.0%,no_added_harm_vs_pyf
REFINE_091_WR_THREE_80_15_5,GAUNTLET_051_WR_THREE_65_25_10,C06,wr_three_year,E_WR_THREE_YEAR_REFINEMENT,low_games,WR,439,13,3.0%,0,0,0,13,13,0,3.0%,3.0%,0.0%,no_added_harm_vs_pyf
REFINE_091_WR_THREE_80_15_5,GAUNTLET_051_WR_THREE_65_25_10,C06,wr_three_year,E_WR_THREE_YEAR_REFINEMENT,older_late_lifecycle,WR,130,22,16.9%,36,33,3,5,8,-3,31.5%,31.5%,0.0%,no_added_harm_vs_pyf
REFINE_091_WR_THREE_80_15_5,GAUNTLET_051_WR_THREE_65_25_10,C06,wr_three_year,E_WR_THREE_YEAR_REFINEMENT,young_early_lifecycle,WR,1149,211,18.4%,91,93,-2,78,75,3,14.7%,14.6%,0.1%,worse_than_pyf
REFINE_091_WR_THREE_80_15_5,GAUNTLET_051_WR_THREE_65_25_10,C06,wr_three_year,E_WR_THREE_YEAR_REFINEMENT,high_volume_role,WR,538,285,53.0%,189,184,5,20,19,1,38.8%,37.7%,1.1%,worse_than_pyf
REFINE_091_WR_THREE_80_15_5,GAUNTLET_051_WR_THREE_65_25_10,C06,wr_three_year,E_WR_THREE_YEAR_REFINEMENT,low_or_sparse_role,WR,624,16,2.6%,0,0,0,16,16,0,2.6%,2.6%,0.0%,no_added_harm_vs_pyf
REFINE_091_WR_THREE_80_15_5,GAUNTLET_051_WR_THREE_65_25_10,C06,wr_three_year,E_WR_THREE_YEAR_REFINEMENT,prior_decline_proxy,WR,270,17,6.3%,189,184,5,3,4,-1,71.1%,69.6%,1.5%,worse_than_pyf
REFINE_091_WR_THREE_80_15_5,GAUNTLET_051_WR_THREE_65_25_10,C06,wr_three_year,E_WR_THREE_YEAR_REFINEMENT,rb_high_touch_role,WR,0,0,,0,0,0,0,0,0,,,,slice_not_present
REFINE_091_WR_THREE_80_15_5,GAUNTLET_051_WR_THREE_65_25_10,C06,wr_three_year,E_WR_THREE_YEAR_REFINEMENT,receiver_high_target_role,WR,538,285,53.0%,189,184,5,20,19,1,38.8%,37.7%,1.1%,worse_than_pyf
REFINE_091_WR_THREE_80_15_5,GAUNTLET_051_WR_THREE_65_25_10,C06,wr_three_year,E_WR_THREE_YEAR_REFINEMENT,age_missing,WR,4,0,0.0%,0,0,0,0,0,0,0.0%,0.0%,0.0%,no_added_harm_vs_pyf
REFINE_092_WR_THREE_80_15_5_YOUNG005,GAUNTLET_051_WR_THREE_65_25_10,C06,wr_three_year,E_WR_THREE_YEAR_REFINEMENT,sparse_history,WR,439,13,3.0%,0,0,0,13,13,0,3.0%,3.0%,0.0%,no_added_harm_vs_pyf
REFINE_092_WR_THREE_80_15_5_YOUNG005,GAUNTLET_051_WR_THREE_65_25_10,C06,wr_three_year,E_WR_THREE_YEAR_REFINEMENT,low_games,WR,439,13,3.0%,0,0,0,13,13,0,3.0%,3.0%,0.0%,no_added_harm_vs_pyf
REFINE_092_WR_THREE_80_15_5_YOUNG005,GAUNTLET_051_WR_THREE_65_25_10,C06,wr_three_year,E_WR_THREE_YEAR_REFINEMENT,older_late_lifecycle,WR,130,22,16.9%,36,33,3,5,8,-3,31.5%,31.5%,0.0%,no_added_harm_vs_pyf
REFINE_092_WR_THREE_80_15_5_YOUNG005,GAUNTLET_051_WR_THREE_65_25_10,C06,wr_three_year,E_WR_THREE_YEAR_REFINEMENT,young_early_lifecycle,WR,1149,211,18.4%,92,93,-1,77,75,2,14.7%,14.6%,0.1%,worse_than_pyf
REFINE_092_WR_THREE_80_15_5_YOUNG005,GAUNTLET_051_WR_THREE_65_25_10,C06,wr_three_year,E_WR_THREE_YEAR_REFINEMENT,high_volume_role,WR,538,285,53.0%,189,184,5,20,19,1,38.8%,37.7%,1.1%,worse_than_pyf
REFINE_092_WR_THREE_80_15_5_YOUNG005,GAUNTLET_051_WR_THREE_65_25_10,C06,wr_three_year,E_WR_THREE_YEAR_REFINEMENT,low_or_sparse_role,WR,624,16,2.6%,0,0,0,16,16,0,2.6%,2.6%,0.0%,no_added_harm_vs_pyf
REFINE_092_WR_THREE_80_15_5_YOUNG005,GAUNTLET_051_WR_THREE_65_25_10,C06,wr_three_year,E_WR_THREE_YEAR_REFINEMENT,prior_decline_proxy,WR,270,17,6.3%,189,184,5,3,4,-1,71.1%,69.6%,1.5%,worse_than_pyf
REFINE_092_WR_THREE_80_15_5_YOUNG005,GAUNTLET_051_WR_THREE_65_25_10,C06,wr_three_year,E_WR_THREE_YEAR_REFINEMENT,rb_high_touch_role,WR,0,0,,0,0,0,0,0,0,,,,slice_not_present
REFINE_092_WR_THREE_80_15_5_YOUNG005,GAUNTLET_051_WR_THREE_65_25_10,C06,wr_three_year,E_WR_THREE_YEAR_REFINEMENT,receiver_high_target_role,WR,538,285,53.0%,189,184,5,20,19,1,38.8%,37.7%,1.1%,worse_than_pyf
REFINE_092_WR_THREE_80_15_5_YOUNG005,GAUNTLET_051_WR_THREE_65_25_10,C06,wr_three_year,E_WR_THREE_YEAR_REFINEMENT,age_missing,WR,4,0,0.0%,0,0,0,0,0,0,0.0%,0.0%,0.0%,no_added_harm_vs_pyf
REFINE_093_WR_THREE_75_20_5,GAUNTLET_051_WR_THREE_65_25_10,C06,wr_three_year,E_WR_THREE_YEAR_REFINEMENT,sparse_history,WR,439,13,3.0%,0,0,0,12,13,-1,2.7%,3.0%,-0.2%,improves_vs_pyf
REFINE_093_WR_THREE_75_20_5,GAUNTLET_051_WR_THREE_65_25_10,C06,wr_three_year,E_WR_THREE_YEAR_REFINEMENT,low_games,WR,439,13,3.0%,0,0,0,12,13,-1,2.7%,3.0%,-0.2%,improves_vs_pyf
REFINE_093_WR_THREE_75_20_5,GAUNTLET_051_WR_THREE_65_25_10,C06,wr_three_year,E_WR_THREE_YEAR_REFINEMENT,older_late_lifecycle,WR,130,22,16.9%,34,33,1,4,8,-4,29.2%,31.5%,-2.3%,improves_vs_pyf
REFINE_093_WR_THREE_75_20_5,GAUNTLET_051_WR_THREE_65_25_10,C06,wr_three_year,E_WR_THREE_YEAR_REFINEMENT,young_early_lifecycle,WR,1149,211,18.4%,88,93,-5,77,75,2,14.4%,14.6%,-0.3%,improves_vs_pyf
REFINE_093_WR_THREE_75_20_5,GAUNTLET_051_WR_THREE_65_25_10,C06,wr_three_year,E_WR_THREE_YEAR_REFINEMENT,high_volume_role,WR,538,285,53.0%,188,184,4,19,19,0,38.5%,37.7%,0.7%,worse_than_pyf
REFINE_093_WR_THREE_75_20_5,GAUNTLET_051_WR_THREE_65_25_10,C06,wr_three_year,E_WR_THREE_YEAR_REFINEMENT,low_or_sparse_role,WR,624,16,2.6%,0,0,0,15,16,-1,2.4%,2.6%,-0.2%,improves_vs_pyf
REFINE_093_WR_THREE_75_20_5,GAUNTLET_051_WR_THREE_65_25_10,C06,wr_three_year,E_WR_THREE_YEAR_REFINEMENT,prior_decline_proxy,WR,270,17,6.3%,188,184,4,2,4,-2,70.4%,69.6%,0.7%,worse_than_pyf
REFINE_093_WR_THREE_75_20_5,GAUNTLET_051_WR_THREE_65_25_10,C06,wr_three_year,E_WR_THREE_YEAR_REFINEMENT,rb_high_touch_role,WR,0,0,,0,0,0,0,0,0,,,,slice_not_present
REFINE_093_WR_THREE_75_20_5,GAUNTLET_051_WR_THREE_65_25_10,C06,wr_three_year,E_WR_THREE_YEAR_REFINEMENT,receiver_high_target_role,WR,538,285,53.0%,188,184,4,19,19,0,38.5%,37.7%,0.7%,worse_than_pyf
REFINE_093_WR_THREE_75_20_5,GAUNTLET_051_WR_THREE_65_25_10,C06,wr_three_year,E_WR_THREE_YEAR_REFINEMENT,age_missing,WR,4,0,0.0%,0,0,0,0,0,0,0.0%,0.0%,0.0%,no_added_harm_vs_pyf
REFINE_094_WR_THREE_75_20_5_YOUNG005,GAUNTLET_051_WR_THREE_65_25_10,C06,wr_three_year,E_WR_THREE_YEAR_REFINEMENT,sparse_history,WR,439,13,3.0%,0,0,0,12,13,-1,2.7%,3.0%,-0.2%,improves_vs_pyf
REFINE_094_WR_THREE_75_20_5_YOUNG005,GAUNTLET_051_WR_THREE_65_25_10,C06,wr_three_year,E_WR_THREE_YEAR_REFINEMENT,low_games,WR,439,13,3.0%,0,0,0,12,13,-1,2.7%,3.0%,-0.2%,improves_vs_pyf
REFINE_094_WR_THREE_75_20_5_YOUNG005,GAUNTLET_051_WR_THREE_65_25_10,C06,wr_three_year,E_WR_THREE_YEAR_REFINEMENT,older_late_lifecycle,WR,130,22,16.9%,33,33,0,4,8,-4,28.5%,31.5%,-3.1%,improves_vs_pyf
REFINE_094_WR_THREE_75_20_5_YOUNG005,GAUNTLET_051_WR_THREE_65_25_10,C06,wr_three_year,E_WR_THREE_YEAR_REFINEMENT,young_early_lifecycle,WR,1149,211,18.4%,90,93,-3,77,75,2,14.5%,14.6%,-0.1%,improves_vs_pyf
REFINE_094_WR_THREE_75_20_5_YOUNG005,GAUNTLET_051_WR_THREE_65_25_10,C06,wr_three_year,E_WR_THREE_YEAR_REFINEMENT,high_volume_role,WR,538,285,53.0%,188,184,4,19,19,0,38.5%,37.7%,0.7%,worse_than_pyf
REFINE_094_WR_THREE_75_20_5_YOUNG005,GAUNTLET_051_WR_THREE_65_25_10,C06,wr_three_year,E_WR_THREE_YEAR_REFINEMENT,low_or_sparse_role,WR,624,16,2.6%,0,0,0,15,16,-1,2.4%,2.6%,-0.2%,improves_vs_pyf
REFINE_094_WR_THREE_75_20_5_YOUNG005,GAUNTLET_051_WR_THREE_65_25_10,C06,wr_three_year,E_WR_THREE_YEAR_REFINEMENT,prior_decline_proxy,WR,270,17,6.3%,188,184,4,2,4,-2,70.4%,69.6%,0.7%,worse_than_pyf
REFINE_094_WR_THREE_75_20_5_YOUNG005,GAUNTLET_051_WR_THREE_65_25_10,C06,wr_three_year,E_WR_THREE_YEAR_REFINEMENT,rb_high_touch_role,WR,0,0,,0,0,0,0,0,0,,,,slice_not_present
REFINE_094_WR_THREE_75_20_5_YOUNG005,GAUNTLET_051_WR_THREE_65_25_10,C06,wr_three_year,E_WR_THREE_YEAR_REFINEMENT,receiver_high_target_role,WR,538,285,53.0%,188,184,4,19,19,0,38.5%,37.7%,0.7%,worse_than_pyf
REFINE_094_WR_THREE_75_20_5_YOUNG005,GAUNTLET_051_WR_THREE_65_25_10,C06,wr_three_year,E_WR_THREE_YEAR_REFINEMENT,age_missing,WR,4,0,0.0%,0,0,0,0,0,0,0.0%,0.0%,0.0%,no_added_harm_vs_pyf
REFINE_095_WR_THREE_70_20_10,GAUNTLET_051_WR_THREE_65_25_10,C06,wr_three_year,E_WR_THREE_YEAR_REFINEMENT,sparse_history,WR,439,13,3.0%,0,0,0,11,13,-2,2.5%,3.0%,-0.5%,improves_vs_pyf
REFINE_095_WR_THREE_70_20_10,GAUNTLET_051_WR_THREE_65_25_10,C06,wr_three_year,E_WR_THREE_YEAR_REFINEMENT,low_games,WR,439,13,3.0%,0,0,0,11,13,-2,2.5%,3.0%,-0.5%,improves_vs_pyf
REFINE_095_WR_THREE_70_20_10,GAUNTLET_051_WR_THREE_65_25_10,C06,wr_three_year,E_WR_THREE_YEAR_REFINEMENT,older_late_lifecycle,WR,130,22,16.9%,35,33,2,2,8,-6,28.5%,31.5%,-3.1%,improves_vs_pyf
REFINE_095_WR_THREE_70_20_10,GAUNTLET_051_WR_THREE_65_25_10,C06,wr_three_year,E_WR_THREE_YEAR_REFINEMENT,young_early_lifecycle,WR,1149,211,18.4%,84,93,-9,76,75,1,13.9%,14.6%,-0.7%,improves_vs_pyf
REFINE_095_WR_THREE_70_20_10,GAUNTLET_051_WR_THREE_65_25_10,C06,wr_three_year,E_WR_THREE_YEAR_REFINEMENT,high_volume_role,WR,538,285,53.0%,183,184,-1,17,19,-2,37.2%,37.7%,-0.6%,improves_vs_pyf
REFINE_095_WR_THREE_70_20_10,GAUNTLET_051_WR_THREE_65_25_10,C06,wr_three_year,E_WR_THREE_YEAR_REFINEMENT,low_or_sparse_role,WR,624,16,2.6%,0,0,0,14,16,-2,2.2%,2.6%,-0.3%,improves_vs_pyf
REFINE_095_WR_THREE_70_20_10,GAUNTLET_051_WR_THREE_65_25_10,C06,wr_three_year,E_WR_THREE_YEAR_REFINEMENT,prior_decline_proxy,WR,270,17,6.3%,183,184,-1,1,4,-3,68.1%,69.6%,-1.5%,improves_vs_pyf
REFINE_095_WR_THREE_70_20_10,GAUNTLET_051_WR_THREE_65_25_10,C06,wr_three_year,E_WR_THREE_YEAR_REFINEMENT,rb_high_touch_role,WR,0,0,,0,0,0,0,0,0,,,,slice_not_present
REFINE_095_WR_THREE_70_20_10,GAUNTLET_051_WR_THREE_65_25_10,C06,wr_three_year,E_WR_THREE_YEAR_REFINEMENT,receiver_high_target_role,WR,538,285,53.0%,183,184,-1,17,19,-2,37.2%,37.7%,-0.6%,improves_vs_pyf
REFINE_095_WR_THREE_70_20_10,GAUNTLET_051_WR_THREE_65_25_10,C06,wr_three_year,E_WR_THREE_YEAR_REFINEMENT,age_missing,WR,4,0,0.0%,0,0,0,0,0,0,0.0%,0.0%,0.0%,no_added_harm_vs_pyf
REFINE_096_WR_THREE_70_20_10_YOUNG005,GAUNTLET_051_WR_THREE_65_25_10,C06,wr_three_year,E_WR_THREE_YEAR_REFINEMENT,sparse_history,WR,439,13,3.0%,0,0,0,11,13,-2,2.5%,3.0%,-0.5%,improves_vs_pyf
REFINE_096_WR_THREE_70_20_10_YOUNG005,GAUNTLET_051_WR_THREE_65_25_10,C06,wr_three_year,E_WR_THREE_YEAR_REFINEMENT,low_games,WR,439,13,3.0%,0,0,0,11,13,-2,2.5%,3.0%,-0.5%,improves_vs_pyf
REFINE_096_WR_THREE_70_20_10_YOUNG005,GAUNTLET_051_WR_THREE_65_25_10,C06,wr_three_year,E_WR_THREE_YEAR_REFINEMENT,older_late_lifecycle,WR,130,22,16.9%,34,33,1,2,8,-6,27.7%,31.5%,-3.8%,improves_vs_pyf
REFINE_096_WR_THREE_70_20_10_YOUNG005,GAUNTLET_051_WR_THREE_65_25_10,C06,wr_three_year,E_WR_THREE_YEAR_REFINEMENT,young_early_lifecycle,WR,1149,211,18.4%,86,93,-7,76,75,1,14.1%,14.6%,-0.5%,improves_vs_pyf
REFINE_096_WR_THREE_70_20_10_YOUNG005,GAUNTLET_051_WR_THREE_65_25_10,C06,wr_three_year,E_WR_THREE_YEAR_REFINEMENT,high_volume_role,WR,538,285,53.0%,183,184,-1,17,19,-2,37.2%,37.7%,-0.6%,improves_vs_pyf
REFINE_096_WR_THREE_70_20_10_YOUNG005,GAUNTLET_051_WR_THREE_65_25_10,C06,wr_three_year,E_WR_THREE_YEAR_REFINEMENT,low_or_sparse_role,WR,624,16,2.6%,0,0,0,14,16,-2,2.2%,2.6%,-0.3%,improves_vs_pyf
REFINE_096_WR_THREE_70_20_10_YOUNG005,GAUNTLET_051_WR_THREE_65_25_10,C06,wr_three_year,E_WR_THREE_YEAR_REFINEMENT,prior_decline_proxy,WR,270,17,6.3%,183,184,-1,1,4,-3,68.1%,69.6%,-1.5%,improves_vs_pyf
REFINE_096_WR_THREE_70_20_10_YOUNG005,GAUNTLET_051_WR_THREE_65_25_10,C06,wr_three_year,E_WR_THREE_YEAR_REFINEMENT,rb_high_touch_role,WR,0,0,,0,0,0,0,0,0,,,,slice_not_present
REFINE_096_WR_THREE_70_20_10_YOUNG005,GAUNTLET_051_WR_THREE_65_25_10,C06,wr_three_year,E_WR_THREE_YEAR_REFINEMENT,receiver_high_target_role,WR,538,285,53.0%,183,184,-1,17,19,-2,37.2%,37.7%,-0.6%,improves_vs_pyf
REFINE_096_WR_THREE_70_20_10_YOUNG005,GAUNTLET_051_WR_THREE_65_25_10,C06,wr_three_year,E_WR_THREE_YEAR_REFINEMENT,age_missing,WR,4,0,0.0%,0,0,0,0,0,0,0.0%,0.0%,0.0%,no_added_harm_vs_pyf
REFINE_097_WR_THREE_65_25_10,GAUNTLET_051_WR_THREE_65_25_10,C06,wr_three_year,E_WR_THREE_YEAR_REFINEMENT,sparse_history,WR,439,13,3.0%,1,0,1,10,13,-3,2.5%,3.0%,-0.5%,improves_vs_pyf
REFINE_097_WR_THREE_65_25_10,GAUNTLET_051_WR_THREE_65_25_10,C06,wr_three_year,E_WR_THREE_YEAR_REFINEMENT,low_games,WR,439,13,3.0%,1,0,1,10,13,-3,2.5%,3.0%,-0.5%,improves_vs_pyf
REFINE_097_WR_THREE_65_25_10,GAUNTLET_051_WR_THREE_65_25_10,C06,wr_three_year,E_WR_THREE_YEAR_REFINEMENT,older_late_lifecycle,WR,130,22,16.9%,38,33,5,2,8,-6,30.8%,31.5%,-0.8%,improves_vs_pyf
REFINE_097_WR_THREE_65_25_10,GAUNTLET_051_WR_THREE_65_25_10,C06,wr_three_year,E_WR_THREE_YEAR_REFINEMENT,young_early_lifecycle,WR,1149,211,18.4%,79,93,-14,76,75,1,13.5%,14.6%,-1.1%,improves_vs_pyf
REFINE_097_WR_THREE_65_25_10,GAUNTLET_051_WR_THREE_65_25_10,C06,wr_three_year,E_WR_THREE_YEAR_REFINEMENT,high_volume_role,WR,538,285,53.0%,178,184,-6,19,19,0,36.6%,37.7%,-1.1%,improves_vs_pyf
REFINE_097_WR_THREE_65_25_10,GAUNTLET_051_WR_THREE_65_25_10,C06,wr_three_year,E_WR_THREE_YEAR_REFINEMENT,low_or_sparse_role,WR,624,16,2.6%,1,0,1,13,16,-3,2.2%,2.6%,-0.3%,improves_vs_pyf
REFINE_097_WR_THREE_65_25_10,GAUNTLET_051_WR_THREE_65_25_10,C06,wr_three_year,E_WR_THREE_YEAR_REFINEMENT,prior_decline_proxy,WR,270,17,6.3%,178,184,-6,1,4,-3,66.3%,69.6%,-3.3%,improves_vs_pyf
REFINE_097_WR_THREE_65_25_10,GAUNTLET_051_WR_THREE_65_25_10,C06,wr_three_year,E_WR_THREE_YEAR_REFINEMENT,rb_high_touch_role,WR,0,0,,0,0,0,0,0,0,,,,slice_not_present
REFINE_097_WR_THREE_65_25_10,GAUNTLET_051_WR_THREE_65_25_10,C06,wr_three_year,E_WR_THREE_YEAR_REFINEMENT,receiver_high_target_role,WR,538,285,53.0%,178,184,-6,19,19,0,36.6%,37.7%,-1.1%,improves_vs_pyf
REFINE_097_WR_THREE_65_25_10,GAUNTLET_051_WR_THREE_65_25_10,C06,wr_three_year,E_WR_THREE_YEAR_REFINEMENT,age_missing,WR,4,0,0.0%,0,0,0,0,0,0,0.0%,0.0%,0.0%,no_added_harm_vs_pyf
REFINE_098_WR_THREE_65_25_10_YOUNG005,GAUNTLET_051_WR_THREE_65_25_10,C06,wr_three_year,E_WR_THREE_YEAR_REFINEMENT,sparse_history,WR,439,13,3.0%,1,0,1,10,13,-3,2.5%,3.0%,-0.5%,improves_vs_pyf
REFINE_098_WR_THREE_65_25_10_YOUNG005,GAUNTLET_051_WR_THREE_65_25_10,C06,wr_three_year,E_WR_THREE_YEAR_REFINEMENT,low_games,WR,439,13,3.0%,1,0,1,10,13,-3,2.5%,3.0%,-0.5%,improves_vs_pyf
REFINE_098_WR_THREE_65_25_10_YOUNG005,GAUNTLET_051_WR_THREE_65_25_10,C06,wr_three_year,E_WR_THREE_YEAR_REFINEMENT,older_late_lifecycle,WR,130,22,16.9%,37,33,4,2,8,-6,30.0%,31.5%,-1.5%,improves_vs_pyf
REFINE_098_WR_THREE_65_25_10_YOUNG005,GAUNTLET_051_WR_THREE_65_25_10,C06,wr_three_year,E_WR_THREE_YEAR_REFINEMENT,young_early_lifecycle,WR,1149,211,18.4%,83,93,-10,76,75,1,13.8%,14.6%,-0.8%,improves_vs_pyf
REFINE_098_WR_THREE_65_25_10_YOUNG005,GAUNTLET_051_WR_THREE_65_25_10,C06,wr_three_year,E_WR_THREE_YEAR_REFINEMENT,high_volume_role,WR,538,285,53.0%,179,184,-5,19,19,0,36.8%,37.7%,-0.9%,improves_vs_pyf
REFINE_098_WR_THREE_65_25_10_YOUNG005,GAUNTLET_051_WR_THREE_65_25_10,C06,wr_three_year,E_WR_THREE_YEAR_REFINEMENT,low_or_sparse_role,WR,624,16,2.6%,1,0,1,13,16,-3,2.2%,2.6%,-0.3%,improves_vs_pyf
REFINE_098_WR_THREE_65_25_10_YOUNG005,GAUNTLET_051_WR_THREE_65_25_10,C06,wr_three_year,E_WR_THREE_YEAR_REFINEMENT,prior_decline_proxy,WR,270,17,6.3%,179,184,-5,1,4,-3,66.7%,69.6%,-3.0%,improves_vs_pyf
REFINE_098_WR_THREE_65_25_10_YOUNG005,GAUNTLET_051_WR_THREE_65_25_10,C06,wr_three_year,E_WR_THREE_YEAR_REFINEMENT,rb_high_touch_role,WR,0,0,,0,0,0,0,0,0,,,,slice_not_present
REFINE_098_WR_THREE_65_25_10_YOUNG005,GAUNTLET_051_WR_THREE_65_25_10,C06,wr_three_year,E_WR_THREE_YEAR_REFINEMENT,receiver_high_target_role,WR,538,285,53.0%,179,184,-5,19,19,0,36.8%,37.7%,-0.9%,improves_vs_pyf
REFINE_098_WR_THREE_65_25_10_YOUNG005,GAUNTLET_051_WR_THREE_65_25_10,C06,wr_three_year,E_WR_THREE_YEAR_REFINEMENT,age_missing,WR,4,0,0.0%,0,0,0,0,0,0,0.0%,0.0%,0.0%,no_added_harm_vs_pyf
REFINE_099_WR_THREE_60_30_10,GAUNTLET_051_WR_THREE_65_25_10,C06,wr_three_year,E_WR_THREE_YEAR_REFINEMENT,sparse_history,WR,439,13,3.0%,2,0,2,10,13,-3,2.7%,3.0%,-0.2%,improves_vs_pyf
REFINE_099_WR_THREE_60_30_10,GAUNTLET_051_WR_THREE_65_25_10,C06,wr_three_year,E_WR_THREE_YEAR_REFINEMENT,low_games,WR,439,13,3.0%,2,0,2,10,13,-3,2.7%,3.0%,-0.2%,improves_vs_pyf
REFINE_099_WR_THREE_60_30_10,GAUNTLET_051_WR_THREE_65_25_10,C06,wr_three_year,E_WR_THREE_YEAR_REFINEMENT,older_late_lifecycle,WR,130,22,16.9%,39,33,6,1,8,-7,30.8%,31.5%,-0.8%,improves_vs_pyf
REFINE_099_WR_THREE_60_30_10,GAUNTLET_051_WR_THREE_65_25_10,C06,wr_three_year,E_WR_THREE_YEAR_REFINEMENT,young_early_lifecycle,WR,1149,211,18.4%,77,93,-16,76,75,1,13.3%,14.6%,-1.3%,improves_vs_pyf
REFINE_099_WR_THREE_60_30_10,GAUNTLET_051_WR_THREE_65_25_10,C06,wr_three_year,E_WR_THREE_YEAR_REFINEMENT,high_volume_role,WR,538,285,53.0%,177,184,-7,19,19,0,36.4%,37.7%,-1.3%,improves_vs_pyf
REFINE_099_WR_THREE_60_30_10,GAUNTLET_051_WR_THREE_65_25_10,C06,wr_three_year,E_WR_THREE_YEAR_REFINEMENT,low_or_sparse_role,WR,624,16,2.6%,2,0,2,13,16,-3,2.4%,2.6%,-0.2%,improves_vs_pyf
REFINE_099_WR_THREE_60_30_10,GAUNTLET_051_WR_THREE_65_25_10,C06,wr_three_year,E_WR_THREE_YEAR_REFINEMENT,prior_decline_proxy,WR,270,17,6.3%,177,184,-7,0,4,-4,65.6%,69.6%,-4.1%,improves_vs_pyf
REFINE_099_WR_THREE_60_30_10,GAUNTLET_051_WR_THREE_65_25_10,C06,wr_three_year,E_WR_THREE_YEAR_REFINEMENT,rb_high_touch_role,WR,0,0,,0,0,0,0,0,0,,,,slice_not_present
REFINE_099_WR_THREE_60_30_10,GAUNTLET_051_WR_THREE_65_25_10,C06,wr_three_year,E_WR_THREE_YEAR_REFINEMENT,receiver_high_target_role,WR,538,285,53.0%,177,184,-7,19,19,0,36.4%,37.7%,-1.3%,improves_vs_pyf
REFINE_099_WR_THREE_60_30_10,GAUNTLET_051_WR_THREE_65_25_10,C06,wr_three_year,E_WR_THREE_YEAR_REFINEMENT,age_missing,WR,4,0,0.0%,0,0,0,0,0,0,0.0%,0.0%,0.0%,no_added_harm_vs_pyf
REFINE_100_WR_THREE_60_30_10_YOUNG005,GAUNTLET_051_WR_THREE_65_25_10,C06,wr_three_year,E_WR_THREE_YEAR_REFINEMENT,sparse_history,WR,439,13,3.0%,2,0,2,10,13,-3,2.7%,3.0%,-0.2%,improves_vs_pyf
REFINE_100_WR_THREE_60_30_10_YOUNG005,GAUNTLET_051_WR_THREE_65_25_10,C06,wr_three_year,E_WR_THREE_YEAR_REFINEMENT,low_games,WR,439,13,3.0%,2,0,2,10,13,-3,2.7%,3.0%,-0.2%,improves_vs_pyf
REFINE_100_WR_THREE_60_30_10_YOUNG005,GAUNTLET_051_WR_THREE_65_25_10,C06,wr_three_year,E_WR_THREE_YEAR_REFINEMENT,older_late_lifecycle,WR,130,22,16.9%,38,33,5,1,8,-7,30.0%,31.5%,-1.5%,improves_vs_pyf
REFINE_100_WR_THREE_60_30_10_YOUNG005,GAUNTLET_051_WR_THREE_65_25_10,C06,wr_three_year,E_WR_THREE_YEAR_REFINEMENT,young_early_lifecycle,WR,1149,211,18.4%,79,93,-14,75,75,0,13.4%,14.6%,-1.2%,improves_vs_pyf
REFINE_100_WR_THREE_60_30_10_YOUNG005,GAUNTLET_051_WR_THREE_65_25_10,C06,wr_three_year,E_WR_THREE_YEAR_REFINEMENT,high_volume_role,WR,538,285,53.0%,177,184,-7,19,19,0,36.4%,37.7%,-1.3%,improves_vs_pyf
REFINE_100_WR_THREE_60_30_10_YOUNG005,GAUNTLET_051_WR_THREE_65_25_10,C06,wr_three_year,E_WR_THREE_YEAR_REFINEMENT,low_or_sparse_role,WR,624,16,2.6%,2,0,2,13,16,-3,2.4%,2.6%,-0.2%,improves_vs_pyf
REFINE_100_WR_THREE_60_30_10_YOUNG005,GAUNTLET_051_WR_THREE_65_25_10,C06,wr_three_year,E_WR_THREE_YEAR_REFINEMENT,prior_decline_proxy,WR,270,17,6.3%,177,184,-7,0,4,-4,65.6%,69.6%,-4.1%,improves_vs_pyf
REFINE_100_WR_THREE_60_30_10_YOUNG005,GAUNTLET_051_WR_THREE_65_25_10,C06,wr_three_year,E_WR_THREE_YEAR_REFINEMENT,rb_high_touch_role,WR,0,0,,0,0,0,0,0,0,,,,slice_not_present
REFINE_100_WR_THREE_60_30_10_YOUNG005,GAUNTLET_051_WR_THREE_65_25_10,C06,wr_three_year,E_WR_THREE_YEAR_REFINEMENT,receiver_high_target_role,WR,538,285,53.0%,177,184,-7,19,19,0,36.4%,37.7%,-1.3%,improves_vs_pyf
REFINE_100_WR_THREE_60_30_10_YOUNG005,GAUNTLET_051_WR_THREE_65_25_10,C06,wr_three_year,E_WR_THREE_YEAR_REFINEMENT,age_missing,WR,4,0,0.0%,0,0,0,0,0,0,0.0%,0.0%,0.0%,no_added_harm_vs_pyf
REFINE_101_WR_THREE_55_30_15,GAUNTLET_051_WR_THREE_65_25_10,C06,wr_three_year,E_WR_THREE_YEAR_REFINEMENT,sparse_history,WR,439,13,3.0%,2,0,2,10,13,-3,2.7%,3.0%,-0.2%,improves_vs_pyf
REFINE_101_WR_THREE_55_30_15,GAUNTLET_051_WR_THREE_65_25_10,C06,wr_three_year,E_WR_THREE_YEAR_REFINEMENT,low_games,WR,439,13,3.0%,2,0,2,10,13,-3,2.7%,3.0%,-0.2%,improves_vs_pyf
REFINE_101_WR_THREE_55_30_15,GAUNTLET_051_WR_THREE_65_25_10,C06,wr_three_year,E_WR_THREE_YEAR_REFINEMENT,older_late_lifecycle,WR,130,22,16.9%,43,33,10,2,8,-6,34.6%,31.5%,3.1%,worse_than_pyf
REFINE_101_WR_THREE_55_30_15,GAUNTLET_051_WR_THREE_65_25_10,C06,wr_three_year,E_WR_THREE_YEAR_REFINEMENT,young_early_lifecycle,WR,1149,211,18.4%,79,93,-14,77,75,2,13.6%,14.6%,-1.0%,improves_vs_pyf
REFINE_101_WR_THREE_55_30_15,GAUNTLET_051_WR_THREE_65_25_10,C06,wr_three_year,E_WR_THREE_YEAR_REFINEMENT,high_volume_role,WR,538,285,53.0%,176,184,-8,24,19,5,37.2%,37.7%,-0.6%,improves_vs_pyf
REFINE_101_WR_THREE_55_30_15,GAUNTLET_051_WR_THREE_65_25_10,C06,wr_three_year,E_WR_THREE_YEAR_REFINEMENT,low_or_sparse_role,WR,624,16,2.6%,2,0,2,13,16,-3,2.4%,2.6%,-0.2%,improves_vs_pyf
REFINE_101_WR_THREE_55_30_15,GAUNTLET_051_WR_THREE_65_25_10,C06,wr_three_year,E_WR_THREE_YEAR_REFINEMENT,prior_decline_proxy,WR,270,17,6.3%,176,184,-8,1,4,-3,65.6%,69.6%,-4.1%,improves_vs_pyf
REFINE_101_WR_THREE_55_30_15,GAUNTLET_051_WR_THREE_65_25_10,C06,wr_three_year,E_WR_THREE_YEAR_REFINEMENT,rb_high_touch_role,WR,0,0,,0,0,0,0,0,0,,,,slice_not_present
REFINE_101_WR_THREE_55_30_15,GAUNTLET_051_WR_THREE_65_25_10,C06,wr_three_year,E_WR_THREE_YEAR_REFINEMENT,receiver_high_target_role,WR,538,285,53.0%,176,184,-8,24,19,5,37.2%,37.7%,-0.6%,improves_vs_pyf
REFINE_101_WR_THREE_55_30_15,GAUNTLET_051_WR_THREE_65_25_10,C06,wr_three_year,E_WR_THREE_YEAR_REFINEMENT,age_missing,WR,4,0,0.0%,0,0,0,0,0,0,0.0%,0.0%,0.0%,no_added_harm_vs_pyf
REFINE_102_WR_THREE_55_30_15_YOUNG005,GAUNTLET_051_WR_THREE_65_25_10,C06,wr_three_year,E_WR_THREE_YEAR_REFINEMENT,sparse_history,WR,439,13,3.0%,2,0,2,10,13,-3,2.7%,3.0%,-0.2%,improves_vs_pyf
REFINE_102_WR_THREE_55_30_15_YOUNG005,GAUNTLET_051_WR_THREE_65_25_10,C06,wr_three_year,E_WR_THREE_YEAR_REFINEMENT,low_games,WR,439,13,3.0%,2,0,2,10,13,-3,2.7%,3.0%,-0.2%,improves_vs_pyf
REFINE_102_WR_THREE_55_30_15_YOUNG005,GAUNTLET_051_WR_THREE_65_25_10,C06,wr_three_year,E_WR_THREE_YEAR_REFINEMENT,older_late_lifecycle,WR,130,22,16.9%,42,33,9,2,8,-6,33.8%,31.5%,2.3%,worse_than_pyf
REFINE_102_WR_THREE_55_30_15_YOUNG005,GAUNTLET_051_WR_THREE_65_25_10,C06,wr_three_year,E_WR_THREE_YEAR_REFINEMENT,young_early_lifecycle,WR,1149,211,18.4%,80,93,-13,75,75,0,13.5%,14.6%,-1.1%,improves_vs_pyf
REFINE_102_WR_THREE_55_30_15_YOUNG005,GAUNTLET_051_WR_THREE_65_25_10,C06,wr_three_year,E_WR_THREE_YEAR_REFINEMENT,high_volume_role,WR,538,285,53.0%,175,184,-9,23,19,4,36.8%,37.7%,-0.9%,improves_vs_pyf
REFINE_102_WR_THREE_55_30_15_YOUNG005,GAUNTLET_051_WR_THREE_65_25_10,C06,wr_three_year,E_WR_THREE_YEAR_REFINEMENT,low_or_sparse_role,WR,624,16,2.6%,2,0,2,13,16,-3,2.4%,2.6%,-0.2%,improves_vs_pyf
REFINE_102_WR_THREE_55_30_15_YOUNG005,GAUNTLET_051_WR_THREE_65_25_10,C06,wr_three_year,E_WR_THREE_YEAR_REFINEMENT,prior_decline_proxy,WR,270,17,6.3%,175,184,-9,1,4,-3,65.2%,69.6%,-4.4%,improves_vs_pyf
REFINE_102_WR_THREE_55_30_15_YOUNG005,GAUNTLET_051_WR_THREE_65_25_10,C06,wr_three_year,E_WR_THREE_YEAR_REFINEMENT,rb_high_touch_role,WR,0,0,,0,0,0,0,0,0,,,,slice_not_present
REFINE_102_WR_THREE_55_30_15_YOUNG005,GAUNTLET_051_WR_THREE_65_25_10,C06,wr_three_year,E_WR_THREE_YEAR_REFINEMENT,receiver_high_target_role,WR,538,285,53.0%,175,184,-9,23,19,4,36.8%,37.7%,-0.9%,improves_vs_pyf
REFINE_102_WR_THREE_55_30_15_YOUNG005,GAUNTLET_051_WR_THREE_65_25_10,C06,wr_three_year,E_WR_THREE_YEAR_REFINEMENT,age_missing,WR,4,0,0.0%,0,0,0,0,0,0,0.0%,0.0%,0.0%,no_added_harm_vs_pyf
REFINE_103_WR_TWO_85_15,GAUNTLET_051_WR_THREE_65_25_10,C06,wr_three_year,E_WR_THREE_YEAR_REFINEMENT,sparse_history,WR,439,13,3.0%,0,0,0,13,13,0,3.0%,3.0%,0.0%,no_added_harm_vs_pyf
REFINE_103_WR_TWO_85_15,GAUNTLET_051_WR_THREE_65_25_10,C06,wr_three_year,E_WR_THREE_YEAR_REFINEMENT,low_games,WR,439,13,3.0%,0,0,0,13,13,0,3.0%,3.0%,0.0%,no_added_harm_vs_pyf
REFINE_103_WR_TWO_85_15,GAUNTLET_051_WR_THREE_65_25_10,C06,wr_three_year,E_WR_THREE_YEAR_REFINEMENT,older_late_lifecycle,WR,130,22,16.9%,33,33,0,5,8,-3,29.2%,31.5%,-2.3%,improves_vs_pyf
REFINE_103_WR_TWO_85_15,GAUNTLET_051_WR_THREE_65_25_10,C06,wr_three_year,E_WR_THREE_YEAR_REFINEMENT,young_early_lifecycle,WR,1149,211,18.4%,94,93,1,76,75,1,14.8%,14.6%,0.2%,worse_than_pyf
REFINE_103_WR_TWO_85_15,GAUNTLET_051_WR_THREE_65_25_10,C06,wr_three_year,E_WR_THREE_YEAR_REFINEMENT,high_volume_role,WR,538,285,53.0%,186,184,2,19,19,0,38.1%,37.7%,0.4%,worse_than_pyf
REFINE_103_WR_TWO_85_15,GAUNTLET_051_WR_THREE_65_25_10,C06,wr_three_year,E_WR_THREE_YEAR_REFINEMENT,low_or_sparse_role,WR,624,16,2.6%,0,0,0,16,16,0,2.6%,2.6%,0.0%,no_added_harm_vs_pyf
REFINE_103_WR_TWO_85_15,GAUNTLET_051_WR_THREE_65_25_10,C06,wr_three_year,E_WR_THREE_YEAR_REFINEMENT,prior_decline_proxy,WR,270,17,6.3%,186,184,2,3,4,-1,70.0%,69.6%,0.4%,worse_than_pyf
REFINE_103_WR_TWO_85_15,GAUNTLET_051_WR_THREE_65_25_10,C06,wr_three_year,E_WR_THREE_YEAR_REFINEMENT,rb_high_touch_role,WR,0,0,,0,0,0,0,0,0,,,,slice_not_present
REFINE_103_WR_TWO_85_15,GAUNTLET_051_WR_THREE_65_25_10,C06,wr_three_year,E_WR_THREE_YEAR_REFINEMENT,receiver_high_target_role,WR,538,285,53.0%,186,184,2,19,19,0,38.1%,37.7%,0.4%,worse_than_pyf
REFINE_103_WR_TWO_85_15,GAUNTLET_051_WR_THREE_65_25_10,C06,wr_three_year,E_WR_THREE_YEAR_REFINEMENT,age_missing,WR,4,0,0.0%,0,0,0,0,0,0,0.0%,0.0%,0.0%,no_added_harm_vs_pyf
REFINE_104_WR_TWO_85_15_YOUNG005,GAUNTLET_051_WR_THREE_65_25_10,C06,wr_three_year,E_WR_THREE_YEAR_REFINEMENT,sparse_history,WR,439,13,3.0%,0,0,0,13,13,0,3.0%,3.0%,0.0%,no_added_harm_vs_pyf
REFINE_104_WR_TWO_85_15_YOUNG005,GAUNTLET_051_WR_THREE_65_25_10,C06,wr_three_year,E_WR_THREE_YEAR_REFINEMENT,low_games,WR,439,13,3.0%,0,0,0,13,13,0,3.0%,3.0%,0.0%,no_added_harm_vs_pyf
REFINE_104_WR_TWO_85_15_YOUNG005,GAUNTLET_051_WR_THREE_65_25_10,C06,wr_three_year,E_WR_THREE_YEAR_REFINEMENT,older_late_lifecycle,WR,130,22,16.9%,33,33,0,5,8,-3,29.2%,31.5%,-2.3%,improves_vs_pyf
REFINE_104_WR_TWO_85_15_YOUNG005,GAUNTLET_051_WR_THREE_65_25_10,C06,wr_three_year,E_WR_THREE_YEAR_REFINEMENT,young_early_lifecycle,WR,1149,211,18.4%,96,93,3,76,75,1,15.0%,14.6%,0.3%,worse_than_pyf
REFINE_104_WR_TWO_85_15_YOUNG005,GAUNTLET_051_WR_THREE_65_25_10,C06,wr_three_year,E_WR_THREE_YEAR_REFINEMENT,high_volume_role,WR,538,285,53.0%,187,184,3,19,19,0,38.3%,37.7%,0.6%,worse_than_pyf
REFINE_104_WR_TWO_85_15_YOUNG005,GAUNTLET_051_WR_THREE_65_25_10,C06,wr_three_year,E_WR_THREE_YEAR_REFINEMENT,low_or_sparse_role,WR,624,16,2.6%,0,0,0,16,16,0,2.6%,2.6%,0.0%,no_added_harm_vs_pyf
REFINE_104_WR_TWO_85_15_YOUNG005,GAUNTLET_051_WR_THREE_65_25_10,C06,wr_three_year,E_WR_THREE_YEAR_REFINEMENT,prior_decline_proxy,WR,270,17,6.3%,187,184,3,3,4,-1,70.4%,69.6%,0.7%,worse_than_pyf
REFINE_104_WR_TWO_85_15_YOUNG005,GAUNTLET_051_WR_THREE_65_25_10,C06,wr_three_year,E_WR_THREE_YEAR_REFINEMENT,rb_high_touch_role,WR,0,0,,0,0,0,0,0,0,,,,slice_not_present
REFINE_104_WR_TWO_85_15_YOUNG005,GAUNTLET_051_WR_THREE_65_25_10,C06,wr_three_year,E_WR_THREE_YEAR_REFINEMENT,receiver_high_target_role,WR,538,285,53.0%,187,184,3,19,19,0,38.3%,37.7%,0.6%,worse_than_pyf
REFINE_104_WR_TWO_85_15_YOUNG005,GAUNTLET_051_WR_THREE_65_25_10,C06,wr_three_year,E_WR_THREE_YEAR_REFINEMENT,age_missing,WR,4,0,0.0%,0,0,0,0,0,0,0.0%,0.0%,0.0%,no_added_harm_vs_pyf
REFINE_105_WR_TWO_80_20,GAUNTLET_051_WR_THREE_65_25_10,C06,wr_three_year,E_WR_THREE_YEAR_REFINEMENT,sparse_history,WR,439,13,3.0%,0,0,0,13,13,0,3.0%,3.0%,0.0%,no_added_harm_vs_pyf
REFINE_105_WR_TWO_80_20,GAUNTLET_051_WR_THREE_65_25_10,C06,wr_three_year,E_WR_THREE_YEAR_REFINEMENT,low_games,WR,439,13,3.0%,0,0,0,13,13,0,3.0%,3.0%,0.0%,no_added_harm_vs_pyf
REFINE_105_WR_TWO_80_20,GAUNTLET_051_WR_THREE_65_25_10,C06,wr_three_year,E_WR_THREE_YEAR_REFINEMENT,older_late_lifecycle,WR,130,22,16.9%,33,33,0,4,8,-4,28.5%,31.5%,-3.1%,improves_vs_pyf
REFINE_105_WR_TWO_80_20,GAUNTLET_051_WR_THREE_65_25_10,C06,wr_three_year,E_WR_THREE_YEAR_REFINEMENT,young_early_lifecycle,WR,1149,211,18.4%,92,93,-1,76,75,1,14.6%,14.6%,0.0%,no_added_harm_vs_pyf
REFINE_105_WR_TWO_80_20,GAUNTLET_051_WR_THREE_65_25_10,C06,wr_three_year,E_WR_THREE_YEAR_REFINEMENT,high_volume_role,WR,538,285,53.0%,186,184,2,16,19,-3,37.5%,37.7%,-0.2%,improves_vs_pyf
REFINE_105_WR_TWO_80_20,GAUNTLET_051_WR_THREE_65_25_10,C06,wr_three_year,E_WR_THREE_YEAR_REFINEMENT,low_or_sparse_role,WR,624,16,2.6%,0,0,0,16,16,0,2.6%,2.6%,0.0%,no_added_harm_vs_pyf
REFINE_105_WR_TWO_80_20,GAUNTLET_051_WR_THREE_65_25_10,C06,wr_three_year,E_WR_THREE_YEAR_REFINEMENT,prior_decline_proxy,WR,270,17,6.3%,186,184,2,2,4,-2,69.6%,69.6%,0.0%,no_added_harm_vs_pyf
REFINE_105_WR_TWO_80_20,GAUNTLET_051_WR_THREE_65_25_10,C06,wr_three_year,E_WR_THREE_YEAR_REFINEMENT,rb_high_touch_role,WR,0,0,,0,0,0,0,0,0,,,,slice_not_present
REFINE_105_WR_TWO_80_20,GAUNTLET_051_WR_THREE_65_25_10,C06,wr_three_year,E_WR_THREE_YEAR_REFINEMENT,receiver_high_target_role,WR,538,285,53.0%,186,184,2,16,19,-3,37.5%,37.7%,-0.2%,improves_vs_pyf
REFINE_105_WR_TWO_80_20,GAUNTLET_051_WR_THREE_65_25_10,C06,wr_three_year,E_WR_THREE_YEAR_REFINEMENT,age_missing,WR,4,0,0.0%,0,0,0,0,0,0,0.0%,0.0%,0.0%,no_added_harm_vs_pyf
REFINE_106_WR_TWO_80_20_YOUNG005,GAUNTLET_051_WR_THREE_65_25_10,C06,wr_three_year,E_WR_THREE_YEAR_REFINEMENT,sparse_history,WR,439,13,3.0%,0,0,0,13,13,0,3.0%,3.0%,0.0%,no_added_harm_vs_pyf
REFINE_106_WR_TWO_80_20_YOUNG005,GAUNTLET_051_WR_THREE_65_25_10,C06,wr_three_year,E_WR_THREE_YEAR_REFINEMENT,low_games,WR,439,13,3.0%,0,0,0,13,13,0,3.0%,3.0%,0.0%,no_added_harm_vs_pyf
REFINE_106_WR_TWO_80_20_YOUNG005,GAUNTLET_051_WR_THREE_65_25_10,C06,wr_three_year,E_WR_THREE_YEAR_REFINEMENT,older_late_lifecycle,WR,130,22,16.9%,33,33,0,4,8,-4,28.5%,31.5%,-3.1%,improves_vs_pyf
REFINE_106_WR_TWO_80_20_YOUNG005,GAUNTLET_051_WR_THREE_65_25_10,C06,wr_three_year,E_WR_THREE_YEAR_REFINEMENT,young_early_lifecycle,WR,1149,211,18.4%,94,93,1,76,75,1,14.8%,14.6%,0.2%,worse_than_pyf
REFINE_106_WR_TWO_80_20_YOUNG005,GAUNTLET_051_WR_THREE_65_25_10,C06,wr_three_year,E_WR_THREE_YEAR_REFINEMENT,high_volume_role,WR,538,285,53.0%,186,184,2,16,19,-3,37.5%,37.7%,-0.2%,improves_vs_pyf
REFINE_106_WR_TWO_80_20_YOUNG005,GAUNTLET_051_WR_THREE_65_25_10,C06,wr_three_year,E_WR_THREE_YEAR_REFINEMENT,low_or_sparse_role,WR,624,16,2.6%,0,0,0,16,16,0,2.6%,2.6%,0.0%,no_added_harm_vs_pyf
REFINE_106_WR_TWO_80_20_YOUNG005,GAUNTLET_051_WR_THREE_65_25_10,C06,wr_three_year,E_WR_THREE_YEAR_REFINEMENT,prior_decline_proxy,WR,270,17,6.3%,186,184,2,2,4,-2,69.6%,69.6%,0.0%,no_added_harm_vs_pyf
REFINE_106_WR_TWO_80_20_YOUNG005,GAUNTLET_051_WR_THREE_65_25_10,C06,wr_three_year,E_WR_THREE_YEAR_REFINEMENT,rb_high_touch_role,WR,0,0,,0,0,0,0,0,0,,,,slice_not_present
REFINE_106_WR_TWO_80_20_YOUNG005,GAUNTLET_051_WR_THREE_65_25_10,C06,wr_three_year,E_WR_THREE_YEAR_REFINEMENT,receiver_high_target_role,WR,538,285,53.0%,186,184,2,16,19,-3,37.5%,37.7%,-0.2%,improves_vs_pyf
REFINE_106_WR_TWO_80_20_YOUNG005,GAUNTLET_051_WR_THREE_65_25_10,C06,wr_three_year,E_WR_THREE_YEAR_REFINEMENT,age_missing,WR,4,0,0.0%,0,0,0,0,0,0,0.0%,0.0%,0.0%,no_added_harm_vs_pyf
REFINE_107_WR_TWO_75_25,GAUNTLET_051_WR_THREE_65_25_10,C06,wr_three_year,E_WR_THREE_YEAR_REFINEMENT,sparse_history,WR,439,13,3.0%,1,0,1,12,13,-1,3.0%,3.0%,0.0%,no_added_harm_vs_pyf
REFINE_107_WR_TWO_75_25,GAUNTLET_051_WR_THREE_65_25_10,C06,wr_three_year,E_WR_THREE_YEAR_REFINEMENT,low_games,WR,439,13,3.0%,1,0,1,12,13,-1,3.0%,3.0%,0.0%,no_added_harm_vs_pyf
REFINE_107_WR_TWO_75_25,GAUNTLET_051_WR_THREE_65_25_10,C06,wr_three_year,E_WR_THREE_YEAR_REFINEMENT,older_late_lifecycle,WR,130,22,16.9%,35,33,2,3,8,-5,29.2%,31.5%,-2.3%,improves_vs_pyf
REFINE_107_WR_TWO_75_25,GAUNTLET_051_WR_THREE_65_25_10,C06,wr_three_year,E_WR_THREE_YEAR_REFINEMENT,young_early_lifecycle,WR,1149,211,18.4%,89,93,-4,77,75,2,14.4%,14.6%,-0.2%,improves_vs_pyf
REFINE_107_WR_TWO_75_25,GAUNTLET_051_WR_THREE_65_25_10,C06,wr_three_year,E_WR_THREE_YEAR_REFINEMENT,high_volume_role,WR,538,285,53.0%,184,184,0,16,19,-3,37.2%,37.7%,-0.6%,improves_vs_pyf
REFINE_107_WR_TWO_75_25,GAUNTLET_051_WR_THREE_65_25_10,C06,wr_three_year,E_WR_THREE_YEAR_REFINEMENT,low_or_sparse_role,WR,624,16,2.6%,1,0,1,15,16,-1,2.6%,2.6%,0.0%,no_added_harm_vs_pyf
REFINE_107_WR_TWO_75_25,GAUNTLET_051_WR_THREE_65_25_10,C06,wr_three_year,E_WR_THREE_YEAR_REFINEMENT,prior_decline_proxy,WR,270,17,6.3%,184,184,0,1,4,-3,68.5%,69.6%,-1.1%,improves_vs_pyf
REFINE_107_WR_TWO_75_25,GAUNTLET_051_WR_THREE_65_25_10,C06,wr_three_year,E_WR_THREE_YEAR_REFINEMENT,rb_high_touch_role,WR,0,0,,0,0,0,0,0,0,,,,slice_not_present
REFINE_107_WR_TWO_75_25,GAUNTLET_051_WR_THREE_65_25_10,C06,wr_three_year,E_WR_THREE_YEAR_REFINEMENT,receiver_high_target_role,WR,538,285,53.0%,184,184,0,16,19,-3,37.2%,37.7%,-0.6%,improves_vs_pyf
REFINE_107_WR_TWO_75_25,GAUNTLET_051_WR_THREE_65_25_10,C06,wr_three_year,E_WR_THREE_YEAR_REFINEMENT,age_missing,WR,4,0,0.0%,0,0,0,0,0,0,0.0%,0.0%,0.0%,no_added_harm_vs_pyf
REFINE_108_WR_TWO_75_25_YOUNG005,GAUNTLET_051_WR_THREE_65_25_10,C06,wr_three_year,E_WR_THREE_YEAR_REFINEMENT,sparse_history,WR,439,13,3.0%,1,0,1,12,13,-1,3.0%,3.0%,0.0%,no_added_harm_vs_pyf
REFINE_108_WR_TWO_75_25_YOUNG005,GAUNTLET_051_WR_THREE_65_25_10,C06,wr_three_year,E_WR_THREE_YEAR_REFINEMENT,low_games,WR,439,13,3.0%,1,0,1,12,13,-1,3.0%,3.0%,0.0%,no_added_harm_vs_pyf
REFINE_108_WR_TWO_75_25_YOUNG005,GAUNTLET_051_WR_THREE_65_25_10,C06,wr_three_year,E_WR_THREE_YEAR_REFINEMENT,older_late_lifecycle,WR,130,22,16.9%,34,33,1,3,8,-5,28.5%,31.5%,-3.1%,improves_vs_pyf
REFINE_108_WR_TWO_75_25_YOUNG005,GAUNTLET_051_WR_THREE_65_25_10,C06,wr_three_year,E_WR_THREE_YEAR_REFINEMENT,young_early_lifecycle,WR,1149,211,18.4%,90,93,-3,76,75,1,14.4%,14.6%,-0.2%,improves_vs_pyf
REFINE_108_WR_TWO_75_25_YOUNG005,GAUNTLET_051_WR_THREE_65_25_10,C06,wr_three_year,E_WR_THREE_YEAR_REFINEMENT,high_volume_role,WR,538,285,53.0%,184,184,0,16,19,-3,37.2%,37.7%,-0.6%,improves_vs_pyf
REFINE_108_WR_TWO_75_25_YOUNG005,GAUNTLET_051_WR_THREE_65_25_10,C06,wr_three_year,E_WR_THREE_YEAR_REFINEMENT,low_or_sparse_role,WR,624,16,2.6%,1,0,1,15,16,-1,2.6%,2.6%,0.0%,no_added_harm_vs_pyf
REFINE_108_WR_TWO_75_25_YOUNG005,GAUNTLET_051_WR_THREE_65_25_10,C06,wr_three_year,E_WR_THREE_YEAR_REFINEMENT,prior_decline_proxy,WR,270,17,6.3%,184,184,0,1,4,-3,68.5%,69.6%,-1.1%,improves_vs_pyf
REFINE_108_WR_TWO_75_25_YOUNG005,GAUNTLET_051_WR_THREE_65_25_10,C06,wr_three_year,E_WR_THREE_YEAR_REFINEMENT,rb_high_touch_role,WR,0,0,,0,0,0,0,0,0,,,,slice_not_present
REFINE_108_WR_TWO_75_25_YOUNG005,GAUNTLET_051_WR_THREE_65_25_10,C06,wr_three_year,E_WR_THREE_YEAR_REFINEMENT,receiver_high_target_role,WR,538,285,53.0%,184,184,0,16,19,-3,37.2%,37.7%,-0.6%,improves_vs_pyf
REFINE_108_WR_TWO_75_25_YOUNG005,GAUNTLET_051_WR_THREE_65_25_10,C06,wr_three_year,E_WR_THREE_YEAR_REFINEMENT,age_missing,WR,4,0,0.0%,0,0,0,0,0,0,0.0%,0.0%,0.0%,no_added_harm_vs_pyf
REFINE_109_WR_TWO_70_30,GAUNTLET_051_WR_THREE_65_25_10,C06,wr_three_year,E_WR_THREE_YEAR_REFINEMENT,sparse_history,WR,439,13,3.0%,1,0,1,11,13,-2,2.7%,3.0%,-0.2%,improves_vs_pyf
REFINE_109_WR_TWO_70_30,GAUNTLET_051_WR_THREE_65_25_10,C06,wr_three_year,E_WR_THREE_YEAR_REFINEMENT,low_games,WR,439,13,3.0%,1,0,1,11,13,-2,2.7%,3.0%,-0.2%,improves_vs_pyf
REFINE_109_WR_TWO_70_30,GAUNTLET_051_WR_THREE_65_25_10,C06,wr_three_year,E_WR_THREE_YEAR_REFINEMENT,older_late_lifecycle,WR,130,22,16.9%,34,33,1,3,8,-5,28.5%,31.5%,-3.1%,improves_vs_pyf
REFINE_109_WR_TWO_70_30,GAUNTLET_051_WR_THREE_65_25_10,C06,wr_three_year,E_WR_THREE_YEAR_REFINEMENT,young_early_lifecycle,WR,1149,211,18.4%,88,93,-5,75,75,0,14.2%,14.6%,-0.4%,improves_vs_pyf
REFINE_109_WR_TWO_70_30,GAUNTLET_051_WR_THREE_65_25_10,C06,wr_three_year,E_WR_THREE_YEAR_REFINEMENT,high_volume_role,WR,538,285,53.0%,184,184,0,17,19,-2,37.4%,37.7%,-0.4%,improves_vs_pyf
REFINE_109_WR_TWO_70_30,GAUNTLET_051_WR_THREE_65_25_10,C06,wr_three_year,E_WR_THREE_YEAR_REFINEMENT,low_or_sparse_role,WR,624,16,2.6%,1,0,1,14,16,-2,2.4%,2.6%,-0.2%,improves_vs_pyf
REFINE_109_WR_TWO_70_30,GAUNTLET_051_WR_THREE_65_25_10,C06,wr_three_year,E_WR_THREE_YEAR_REFINEMENT,prior_decline_proxy,WR,270,17,6.3%,184,184,0,1,4,-3,68.5%,69.6%,-1.1%,improves_vs_pyf
REFINE_109_WR_TWO_70_30,GAUNTLET_051_WR_THREE_65_25_10,C06,wr_three_year,E_WR_THREE_YEAR_REFINEMENT,rb_high_touch_role,WR,0,0,,0,0,0,0,0,0,,,,slice_not_present
REFINE_109_WR_TWO_70_30,GAUNTLET_051_WR_THREE_65_25_10,C06,wr_three_year,E_WR_THREE_YEAR_REFINEMENT,receiver_high_target_role,WR,538,285,53.0%,184,184,0,17,19,-2,37.4%,37.7%,-0.4%,improves_vs_pyf
REFINE_109_WR_TWO_70_30,GAUNTLET_051_WR_THREE_65_25_10,C06,wr_three_year,E_WR_THREE_YEAR_REFINEMENT,age_missing,WR,4,0,0.0%,0,0,0,0,0,0,0.0%,0.0%,0.0%,no_added_harm_vs_pyf
REFINE_110_WR_TWO_70_30_YOUNG005,GAUNTLET_051_WR_THREE_65_25_10,C06,wr_three_year,E_WR_THREE_YEAR_REFINEMENT,sparse_history,WR,439,13,3.0%,1,0,1,11,13,-2,2.7%,3.0%,-0.2%,improves_vs_pyf
REFINE_110_WR_TWO_70_30_YOUNG005,GAUNTLET_051_WR_THREE_65_25_10,C06,wr_three_year,E_WR_THREE_YEAR_REFINEMENT,low_games,WR,439,13,3.0%,1,0,1,11,13,-2,2.7%,3.0%,-0.2%,improves_vs_pyf
REFINE_110_WR_TWO_70_30_YOUNG005,GAUNTLET_051_WR_THREE_65_25_10,C06,wr_three_year,E_WR_THREE_YEAR_REFINEMENT,older_late_lifecycle,WR,130,22,16.9%,34,33,1,3,8,-5,28.5%,31.5%,-3.1%,improves_vs_pyf
REFINE_110_WR_TWO_70_30_YOUNG005,GAUNTLET_051_WR_THREE_65_25_10,C06,wr_three_year,E_WR_THREE_YEAR_REFINEMENT,young_early_lifecycle,WR,1149,211,18.4%,89,93,-4,75,75,0,14.3%,14.6%,-0.3%,improves_vs_pyf
REFINE_110_WR_TWO_70_30_YOUNG005,GAUNTLET_051_WR_THREE_65_25_10,C06,wr_three_year,E_WR_THREE_YEAR_REFINEMENT,high_volume_role,WR,538,285,53.0%,184,184,0,17,19,-2,37.4%,37.7%,-0.4%,improves_vs_pyf
REFINE_110_WR_TWO_70_30_YOUNG005,GAUNTLET_051_WR_THREE_65_25_10,C06,wr_three_year,E_WR_THREE_YEAR_REFINEMENT,low_or_sparse_role,WR,624,16,2.6%,1,0,1,14,16,-2,2.4%,2.6%,-0.2%,improves_vs_pyf
REFINE_110_WR_TWO_70_30_YOUNG005,GAUNTLET_051_WR_THREE_65_25_10,C06,wr_three_year,E_WR_THREE_YEAR_REFINEMENT,prior_decline_proxy,WR,270,17,6.3%,184,184,0,1,4,-3,68.5%,69.6%,-1.1%,improves_vs_pyf
REFINE_110_WR_TWO_70_30_YOUNG005,GAUNTLET_051_WR_THREE_65_25_10,C06,wr_three_year,E_WR_THREE_YEAR_REFINEMENT,rb_high_touch_role,WR,0,0,,0,0,0,0,0,0,,,,slice_not_present
REFINE_110_WR_TWO_70_30_YOUNG005,GAUNTLET_051_WR_THREE_65_25_10,C06,wr_three_year,E_WR_THREE_YEAR_REFINEMENT,receiver_high_target_role,WR,538,285,53.0%,184,184,0,17,19,-2,37.4%,37.7%,-0.4%,improves_vs_pyf
REFINE_110_WR_TWO_70_30_YOUNG005,GAUNTLET_051_WR_THREE_65_25_10,C06,wr_three_year,E_WR_THREE_YEAR_REFINEMENT,age_missing,WR,4,0,0.0%,0,0,0,0,0,0,0.0%,0.0%,0.0%,no_added_harm_vs_pyf
REFINE_111_WR_TWO_65_35,GAUNTLET_051_WR_THREE_65_25_10,C06,wr_three_year,E_WR_THREE_YEAR_REFINEMENT,sparse_history,WR,439,13,3.0%,2,0,2,10,13,-3,2.7%,3.0%,-0.2%,improves_vs_pyf
REFINE_111_WR_TWO_65_35,GAUNTLET_051_WR_THREE_65_25_10,C06,wr_three_year,E_WR_THREE_YEAR_REFINEMENT,low_games,WR,439,13,3.0%,2,0,2,10,13,-3,2.7%,3.0%,-0.2%,improves_vs_pyf
REFINE_111_WR_TWO_65_35,GAUNTLET_051_WR_THREE_65_25_10,C06,wr_three_year,E_WR_THREE_YEAR_REFINEMENT,older_late_lifecycle,WR,130,22,16.9%,37,33,4,2,8,-6,30.0%,31.5%,-1.5%,improves_vs_pyf
REFINE_111_WR_TWO_65_35,GAUNTLET_051_WR_THREE_65_25_10,C06,wr_three_year,E_WR_THREE_YEAR_REFINEMENT,young_early_lifecycle,WR,1149,211,18.4%,83,93,-10,74,75,-1,13.7%,14.6%,-1.0%,improves_vs_pyf
REFINE_111_WR_TWO_65_35,GAUNTLET_051_WR_THREE_65_25_10,C06,wr_three_year,E_WR_THREE_YEAR_REFINEMENT,high_volume_role,WR,538,285,53.0%,176,184,-8,20,19,1,36.4%,37.7%,-1.3%,improves_vs_pyf
REFINE_111_WR_TWO_65_35,GAUNTLET_051_WR_THREE_65_25_10,C06,wr_three_year,E_WR_THREE_YEAR_REFINEMENT,low_or_sparse_role,WR,624,16,2.6%,2,0,2,13,16,-3,2.4%,2.6%,-0.2%,improves_vs_pyf
REFINE_111_WR_TWO_65_35,GAUNTLET_051_WR_THREE_65_25_10,C06,wr_three_year,E_WR_THREE_YEAR_REFINEMENT,prior_decline_proxy,WR,270,17,6.3%,176,184,-8,1,4,-3,65.6%,69.6%,-4.1%,improves_vs_pyf
REFINE_111_WR_TWO_65_35,GAUNTLET_051_WR_THREE_65_25_10,C06,wr_three_year,E_WR_THREE_YEAR_REFINEMENT,rb_high_touch_role,WR,0,0,,0,0,0,0,0,0,,,,slice_not_present
REFINE_111_WR_TWO_65_35,GAUNTLET_051_WR_THREE_65_25_10,C06,wr_three_year,E_WR_THREE_YEAR_REFINEMENT,receiver_high_target_role,WR,538,285,53.0%,176,184,-8,20,19,1,36.4%,37.7%,-1.3%,improves_vs_pyf
REFINE_111_WR_TWO_65_35,GAUNTLET_051_WR_THREE_65_25_10,C06,wr_three_year,E_WR_THREE_YEAR_REFINEMENT,age_missing,WR,4,0,0.0%,0,0,0,0,0,0,0.0%,0.0%,0.0%,no_added_harm_vs_pyf
REFINE_112_WR_TWO_65_35_YOUNG005,GAUNTLET_051_WR_THREE_65_25_10,C06,wr_three_year,E_WR_THREE_YEAR_REFINEMENT,sparse_history,WR,439,13,3.0%,2,0,2,10,13,-3,2.7%,3.0%,-0.2%,improves_vs_pyf
REFINE_112_WR_TWO_65_35_YOUNG005,GAUNTLET_051_WR_THREE_65_25_10,C06,wr_three_year,E_WR_THREE_YEAR_REFINEMENT,low_games,WR,439,13,3.0%,2,0,2,10,13,-3,2.7%,3.0%,-0.2%,improves_vs_pyf
REFINE_112_WR_TWO_65_35_YOUNG005,GAUNTLET_051_WR_THREE_65_25_10,C06,wr_three_year,E_WR_THREE_YEAR_REFINEMENT,older_late_lifecycle,WR,130,22,16.9%,36,33,3,2,8,-6,29.2%,31.5%,-2.3%,improves_vs_pyf
REFINE_112_WR_TWO_65_35_YOUNG005,GAUNTLET_051_WR_THREE_65_25_10,C06,wr_three_year,E_WR_THREE_YEAR_REFINEMENT,young_early_lifecycle,WR,1149,211,18.4%,86,93,-7,74,75,-1,13.9%,14.6%,-0.7%,improves_vs_pyf
REFINE_112_WR_TWO_65_35_YOUNG005,GAUNTLET_051_WR_THREE_65_25_10,C06,wr_three_year,E_WR_THREE_YEAR_REFINEMENT,high_volume_role,WR,538,285,53.0%,177,184,-7,20,19,1,36.6%,37.7%,-1.1%,improves_vs_pyf
REFINE_112_WR_TWO_65_35_YOUNG005,GAUNTLET_051_WR_THREE_65_25_10,C06,wr_three_year,E_WR_THREE_YEAR_REFINEMENT,low_or_sparse_role,WR,624,16,2.6%,2,0,2,13,16,-3,2.4%,2.6%,-0.2%,improves_vs_pyf
REFINE_112_WR_TWO_65_35_YOUNG005,GAUNTLET_051_WR_THREE_65_25_10,C06,wr_three_year,E_WR_THREE_YEAR_REFINEMENT,prior_decline_proxy,WR,270,17,6.3%,177,184,-7,1,4,-3,65.9%,69.6%,-3.7%,improves_vs_pyf
REFINE_112_WR_TWO_65_35_YOUNG005,GAUNTLET_051_WR_THREE_65_25_10,C06,wr_three_year,E_WR_THREE_YEAR_REFINEMENT,rb_high_touch_role,WR,0,0,,0,0,0,0,0,0,,,,slice_not_present
REFINE_112_WR_TWO_65_35_YOUNG005,GAUNTLET_051_WR_THREE_65_25_10,C06,wr_three_year,E_WR_THREE_YEAR_REFINEMENT,receiver_high_target_role,WR,538,285,53.0%,177,184,-7,20,19,1,36.6%,37.7%,-1.1%,improves_vs_pyf
REFINE_112_WR_TWO_65_35_YOUNG005,GAUNTLET_051_WR_THREE_65_25_10,C06,wr_three_year,E_WR_THREE_YEAR_REFINEMENT,age_missing,WR,4,0,0.0%,0,0,0,0,0,0,0.0%,0.0%,0.0%,no_added_harm_vs_pyf
REFINE_113_RB_THREE_80_15_5,GAUNTLET_093_ROLE_RB_TOUCH_ROLE_REPORT,C07,rb_role_touch_context,F_RB_ROLE_TOUCH_REFINEMENT,sparse_history,RB,344,20,5.8%,1,0,1,19,20,-1,5.8%,5.8%,0.0%,no_added_harm_vs_pyf
REFINE_113_RB_THREE_80_15_5,GAUNTLET_093_ROLE_RB_TOUCH_ROLE_REPORT,C07,rb_role_touch_context,F_RB_ROLE_TOUCH_REFINEMENT,low_games,RB,344,20,5.8%,1,0,1,19,20,-1,5.8%,5.8%,0.0%,no_added_harm_vs_pyf
REFINE_113_RB_THREE_80_15_5,GAUNTLET_093_ROLE_RB_TOUCH_ROLE_REPORT,C07,rb_role_touch_context,F_RB_ROLE_TOUCH_REFINEMENT,older_late_lifecycle,RB,50,7,14.0%,16,13,3,3,3,0,38.0%,32.0%,6.0%,worse_than_pyf
REFINE_113_RB_THREE_80_15_5,GAUNTLET_093_ROLE_RB_TOUCH_ROLE_REPORT,C07,rb_role_touch_context,F_RB_ROLE_TOUCH_REFINEMENT,young_early_lifecycle,RB,844,150,17.8%,96,101,-5,47,51,-4,16.9%,18.0%,-1.1%,improves_vs_pyf
REFINE_113_RB_THREE_80_15_5,GAUNTLET_093_ROLE_RB_TOUCH_ROLE_REPORT,C07,rb_role_touch_context,F_RB_ROLE_TOUCH_REFINEMENT,high_volume_role,RB,361,173,47.9%,166,162,4,9,6,3,48.5%,46.5%,1.9%,worse_than_pyf
REFINE_113_RB_THREE_80_15_5,GAUNTLET_093_ROLE_RB_TOUCH_ROLE_REPORT,C07,rb_role_touch_context,F_RB_ROLE_TOUCH_REFINEMENT,low_or_sparse_role,RB,479,22,4.6%,1,0,1,21,22,-1,4.6%,4.6%,0.0%,no_added_harm_vs_pyf
REFINE_113_RB_THREE_80_15_5,GAUNTLET_093_ROLE_RB_TOUCH_ROLE_REPORT,C07,rb_role_touch_context,F_RB_ROLE_TOUCH_REFINEMENT,prior_decline_proxy,RB,192,4,2.1%,166,162,4,0,0,0,86.5%,84.4%,2.1%,worse_than_pyf
REFINE_113_RB_THREE_80_15_5,GAUNTLET_093_ROLE_RB_TOUCH_ROLE_REPORT,C07,rb_role_touch_context,F_RB_ROLE_TOUCH_REFINEMENT,rb_high_touch_role,RB,361,173,47.9%,166,162,4,9,6,3,48.5%,46.5%,1.9%,worse_than_pyf
REFINE_113_RB_THREE_80_15_5,GAUNTLET_093_ROLE_RB_TOUCH_ROLE_REPORT,C07,rb_role_touch_context,F_RB_ROLE_TOUCH_REFINEMENT,receiver_high_target_role,RB,0,0,,0,0,0,0,0,0,,,,slice_not_present
REFINE_113_RB_THREE_80_15_5,GAUNTLET_093_ROLE_RB_TOUCH_ROLE_REPORT,C07,rb_role_touch_context,F_RB_ROLE_TOUCH_REFINEMENT,age_missing,RB,0,0,,0,0,0,0,0,0,,,,slice_not_present
REFINE_114_RB_THREE_80_15_5_SPARSE20,GAUNTLET_093_ROLE_RB_TOUCH_ROLE_REPORT,C07,rb_role_touch_context,F_RB_ROLE_TOUCH_REFINEMENT,sparse_history,RB,344,20,5.8%,1,0,1,20,20,0,6.1%,5.8%,0.3%,worse_than_pyf
REFINE_114_RB_THREE_80_15_5_SPARSE20,GAUNTLET_093_ROLE_RB_TOUCH_ROLE_REPORT,C07,rb_role_touch_context,F_RB_ROLE_TOUCH_REFINEMENT,low_games,RB,344,20,5.8%,1,0,1,20,20,0,6.1%,5.8%,0.3%,worse_than_pyf
REFINE_114_RB_THREE_80_15_5_SPARSE20,GAUNTLET_093_ROLE_RB_TOUCH_ROLE_REPORT,C07,rb_role_touch_context,F_RB_ROLE_TOUCH_REFINEMENT,older_late_lifecycle,RB,50,7,14.0%,16,13,3,3,3,0,38.0%,32.0%,6.0%,worse_than_pyf
REFINE_114_RB_THREE_80_15_5_SPARSE20,GAUNTLET_093_ROLE_RB_TOUCH_ROLE_REPORT,C07,rb_role_touch_context,F_RB_ROLE_TOUCH_REFINEMENT,young_early_lifecycle,RB,844,150,17.8%,96,101,-5,48,51,-3,17.1%,18.0%,-0.9%,improves_vs_pyf
REFINE_114_RB_THREE_80_15_5_SPARSE20,GAUNTLET_093_ROLE_RB_TOUCH_ROLE_REPORT,C07,rb_role_touch_context,F_RB_ROLE_TOUCH_REFINEMENT,high_volume_role,RB,361,173,47.9%,167,162,5,9,6,3,48.8%,46.5%,2.2%,worse_than_pyf
REFINE_114_RB_THREE_80_15_5_SPARSE20,GAUNTLET_093_ROLE_RB_TOUCH_ROLE_REPORT,C07,rb_role_touch_context,F_RB_ROLE_TOUCH_REFINEMENT,low_or_sparse_role,RB,479,22,4.6%,1,0,1,22,22,0,4.8%,4.6%,0.2%,worse_than_pyf
REFINE_114_RB_THREE_80_15_5_SPARSE20,GAUNTLET_093_ROLE_RB_TOUCH_ROLE_REPORT,C07,rb_role_touch_context,F_RB_ROLE_TOUCH_REFINEMENT,prior_decline_proxy,RB,192,4,2.1%,167,162,5,0,0,0,87.0%,84.4%,2.6%,worse_than_pyf
REFINE_114_RB_THREE_80_15_5_SPARSE20,GAUNTLET_093_ROLE_RB_TOUCH_ROLE_REPORT,C07,rb_role_touch_context,F_RB_ROLE_TOUCH_REFINEMENT,rb_high_touch_role,RB,361,173,47.9%,167,162,5,9,6,3,48.8%,46.5%,2.2%,worse_than_pyf
REFINE_114_RB_THREE_80_15_5_SPARSE20,GAUNTLET_093_ROLE_RB_TOUCH_ROLE_REPORT,C07,rb_role_touch_context,F_RB_ROLE_TOUCH_REFINEMENT,receiver_high_target_role,RB,0,0,,0,0,0,0,0,0,,,,slice_not_present
REFINE_114_RB_THREE_80_15_5_SPARSE20,GAUNTLET_093_ROLE_RB_TOUCH_ROLE_REPORT,C07,rb_role_touch_context,F_RB_ROLE_TOUCH_REFINEMENT,age_missing,RB,0,0,,0,0,0,0,0,0,,,,slice_not_present
REFINE_115_RB_THREE_80_15_5_TOUCH005,GAUNTLET_093_ROLE_RB_TOUCH_ROLE_REPORT,C07,rb_role_touch_context,F_RB_ROLE_TOUCH_REFINEMENT,sparse_history,RB,344,20,5.8%,1,0,1,19,20,-1,5.8%,5.8%,0.0%,no_added_harm_vs_pyf
REFINE_115_RB_THREE_80_15_5_TOUCH005,GAUNTLET_093_ROLE_RB_TOUCH_ROLE_REPORT,C07,rb_role_touch_context,F_RB_ROLE_TOUCH_REFINEMENT,low_games,RB,344,20,5.8%,1,0,1,19,20,-1,5.8%,5.8%,0.0%,no_added_harm_vs_pyf
REFINE_115_RB_THREE_80_15_5_TOUCH005,GAUNTLET_093_ROLE_RB_TOUCH_ROLE_REPORT,C07,rb_role_touch_context,F_RB_ROLE_TOUCH_REFINEMENT,older_late_lifecycle,RB,50,7,14.0%,16,13,3,3,3,0,38.0%,32.0%,6.0%,worse_than_pyf
REFINE_115_RB_THREE_80_15_5_TOUCH005,GAUNTLET_093_ROLE_RB_TOUCH_ROLE_REPORT,C07,rb_role_touch_context,F_RB_ROLE_TOUCH_REFINEMENT,young_early_lifecycle,RB,844,150,17.8%,95,101,-6,47,51,-4,16.8%,18.0%,-1.2%,improves_vs_pyf
REFINE_115_RB_THREE_80_15_5_TOUCH005,GAUNTLET_093_ROLE_RB_TOUCH_ROLE_REPORT,C07,rb_role_touch_context,F_RB_ROLE_TOUCH_REFINEMENT,high_volume_role,RB,361,173,47.9%,167,162,5,9,6,3,48.8%,46.5%,2.2%,worse_than_pyf
REFINE_115_RB_THREE_80_15_5_TOUCH005,GAUNTLET_093_ROLE_RB_TOUCH_ROLE_REPORT,C07,rb_role_touch_context,F_RB_ROLE_TOUCH_REFINEMENT,low_or_sparse_role,RB,479,22,4.6%,1,0,1,21,22,-1,4.6%,4.6%,0.0%,no_added_harm_vs_pyf
REFINE_115_RB_THREE_80_15_5_TOUCH005,GAUNTLET_093_ROLE_RB_TOUCH_ROLE_REPORT,C07,rb_role_touch_context,F_RB_ROLE_TOUCH_REFINEMENT,prior_decline_proxy,RB,192,4,2.1%,167,162,5,0,0,0,87.0%,84.4%,2.6%,worse_than_pyf
REFINE_115_RB_THREE_80_15_5_TOUCH005,GAUNTLET_093_ROLE_RB_TOUCH_ROLE_REPORT,C07,rb_role_touch_context,F_RB_ROLE_TOUCH_REFINEMENT,rb_high_touch_role,RB,361,173,47.9%,167,162,5,9,6,3,48.8%,46.5%,2.2%,worse_than_pyf
REFINE_115_RB_THREE_80_15_5_TOUCH005,GAUNTLET_093_ROLE_RB_TOUCH_ROLE_REPORT,C07,rb_role_touch_context,F_RB_ROLE_TOUCH_REFINEMENT,receiver_high_target_role,RB,0,0,,0,0,0,0,0,0,,,,slice_not_present
REFINE_115_RB_THREE_80_15_5_TOUCH005,GAUNTLET_093_ROLE_RB_TOUCH_ROLE_REPORT,C07,rb_role_touch_context,F_RB_ROLE_TOUCH_REFINEMENT,age_missing,RB,0,0,,0,0,0,0,0,0,,,,slice_not_present
REFINE_116_RB_THREE_75_20_5,GAUNTLET_093_ROLE_RB_TOUCH_ROLE_REPORT,C07,rb_role_touch_context,F_RB_ROLE_TOUCH_REFINEMENT,sparse_history,RB,344,20,5.8%,2,0,2,19,20,-1,6.1%,5.8%,0.3%,worse_than_pyf
REFINE_116_RB_THREE_75_20_5,GAUNTLET_093_ROLE_RB_TOUCH_ROLE_REPORT,C07,rb_role_touch_context,F_RB_ROLE_TOUCH_REFINEMENT,low_games,RB,344,20,5.8%,2,0,2,19,20,-1,6.1%,5.8%,0.3%,worse_than_pyf
REFINE_116_RB_THREE_75_20_5,GAUNTLET_093_ROLE_RB_TOUCH_ROLE_REPORT,C07,rb_role_touch_context,F_RB_ROLE_TOUCH_REFINEMENT,older_late_lifecycle,RB,50,7,14.0%,17,13,4,3,3,0,40.0%,32.0%,8.0%,worse_than_pyf
REFINE_116_RB_THREE_75_20_5,GAUNTLET_093_ROLE_RB_TOUCH_ROLE_REPORT,C07,rb_role_touch_context,F_RB_ROLE_TOUCH_REFINEMENT,young_early_lifecycle,RB,844,150,17.8%,95,101,-6,49,51,-2,17.1%,18.0%,-0.9%,improves_vs_pyf
REFINE_116_RB_THREE_75_20_5,GAUNTLET_093_ROLE_RB_TOUCH_ROLE_REPORT,C07,rb_role_touch_context,F_RB_ROLE_TOUCH_REFINEMENT,high_volume_role,RB,361,173,47.9%,164,162,2,11,6,5,48.5%,46.5%,1.9%,worse_than_pyf
REFINE_116_RB_THREE_75_20_5,GAUNTLET_093_ROLE_RB_TOUCH_ROLE_REPORT,C07,rb_role_touch_context,F_RB_ROLE_TOUCH_REFINEMENT,low_or_sparse_role,RB,479,22,4.6%,2,0,2,21,22,-1,4.8%,4.6%,0.2%,worse_than_pyf
REFINE_116_RB_THREE_75_20_5,GAUNTLET_093_ROLE_RB_TOUCH_ROLE_REPORT,C07,rb_role_touch_context,F_RB_ROLE_TOUCH_REFINEMENT,prior_decline_proxy,RB,192,4,2.1%,164,162,2,0,0,0,85.4%,84.4%,1.0%,worse_than_pyf
REFINE_116_RB_THREE_75_20_5,GAUNTLET_093_ROLE_RB_TOUCH_ROLE_REPORT,C07,rb_role_touch_context,F_RB_ROLE_TOUCH_REFINEMENT,rb_high_touch_role,RB,361,173,47.9%,164,162,2,11,6,5,48.5%,46.5%,1.9%,worse_than_pyf
REFINE_116_RB_THREE_75_20_5,GAUNTLET_093_ROLE_RB_TOUCH_ROLE_REPORT,C07,rb_role_touch_context,F_RB_ROLE_TOUCH_REFINEMENT,receiver_high_target_role,RB,0,0,,0,0,0,0,0,0,,,,slice_not_present
REFINE_116_RB_THREE_75_20_5,GAUNTLET_093_ROLE_RB_TOUCH_ROLE_REPORT,C07,rb_role_touch_context,F_RB_ROLE_TOUCH_REFINEMENT,age_missing,RB,0,0,,0,0,0,0,0,0,,,,slice_not_present
REFINE_117_RB_THREE_75_20_5_SPARSE20,GAUNTLET_093_ROLE_RB_TOUCH_ROLE_REPORT,C07,rb_role_touch_context,F_RB_ROLE_TOUCH_REFINEMENT,sparse_history,RB,344,20,5.8%,1,0,1,19,20,-1,5.8%,5.8%,0.0%,no_added_harm_vs_pyf
REFINE_117_RB_THREE_75_20_5_SPARSE20,GAUNTLET_093_ROLE_RB_TOUCH_ROLE_REPORT,C07,rb_role_touch_context,F_RB_ROLE_TOUCH_REFINEMENT,low_games,RB,344,20,5.8%,1,0,1,19,20,-1,5.8%,5.8%,0.0%,no_added_harm_vs_pyf
REFINE_117_RB_THREE_75_20_5_SPARSE20,GAUNTLET_093_ROLE_RB_TOUCH_ROLE_REPORT,C07,rb_role_touch_context,F_RB_ROLE_TOUCH_REFINEMENT,older_late_lifecycle,RB,50,7,14.0%,17,13,4,3,3,0,40.0%,32.0%,8.0%,worse_than_pyf
REFINE_117_RB_THREE_75_20_5_SPARSE20,GAUNTLET_093_ROLE_RB_TOUCH_ROLE_REPORT,C07,rb_role_touch_context,F_RB_ROLE_TOUCH_REFINEMENT,young_early_lifecycle,RB,844,150,17.8%,95,101,-6,48,51,-3,16.9%,18.0%,-1.1%,improves_vs_pyf
REFINE_117_RB_THREE_75_20_5_SPARSE20,GAUNTLET_093_ROLE_RB_TOUCH_ROLE_REPORT,C07,rb_role_touch_context,F_RB_ROLE_TOUCH_REFINEMENT,high_volume_role,RB,361,173,47.9%,164,162,2,10,6,4,48.2%,46.5%,1.7%,worse_than_pyf
REFINE_117_RB_THREE_75_20_5_SPARSE20,GAUNTLET_093_ROLE_RB_TOUCH_ROLE_REPORT,C07,rb_role_touch_context,F_RB_ROLE_TOUCH_REFINEMENT,low_or_sparse_role,RB,479,22,4.6%,1,0,1,21,22,-1,4.6%,4.6%,0.0%,no_added_harm_vs_pyf
REFINE_117_RB_THREE_75_20_5_SPARSE20,GAUNTLET_093_ROLE_RB_TOUCH_ROLE_REPORT,C07,rb_role_touch_context,F_RB_ROLE_TOUCH_REFINEMENT,prior_decline_proxy,RB,192,4,2.1%,164,162,2,0,0,0,85.4%,84.4%,1.0%,worse_than_pyf
REFINE_117_RB_THREE_75_20_5_SPARSE20,GAUNTLET_093_ROLE_RB_TOUCH_ROLE_REPORT,C07,rb_role_touch_context,F_RB_ROLE_TOUCH_REFINEMENT,rb_high_touch_role,RB,361,173,47.9%,164,162,2,10,6,4,48.2%,46.5%,1.7%,worse_than_pyf
REFINE_117_RB_THREE_75_20_5_SPARSE20,GAUNTLET_093_ROLE_RB_TOUCH_ROLE_REPORT,C07,rb_role_touch_context,F_RB_ROLE_TOUCH_REFINEMENT,receiver_high_target_role,RB,0,0,,0,0,0,0,0,0,,,,slice_not_present
REFINE_117_RB_THREE_75_20_5_SPARSE20,GAUNTLET_093_ROLE_RB_TOUCH_ROLE_REPORT,C07,rb_role_touch_context,F_RB_ROLE_TOUCH_REFINEMENT,age_missing,RB,0,0,,0,0,0,0,0,0,,,,slice_not_present
REFINE_118_RB_THREE_75_20_5_TOUCH005,GAUNTLET_093_ROLE_RB_TOUCH_ROLE_REPORT,C07,rb_role_touch_context,F_RB_ROLE_TOUCH_REFINEMENT,sparse_history,RB,344,20,5.8%,2,0,2,19,20,-1,6.1%,5.8%,0.3%,worse_than_pyf
REFINE_118_RB_THREE_75_20_5_TOUCH005,GAUNTLET_093_ROLE_RB_TOUCH_ROLE_REPORT,C07,rb_role_touch_context,F_RB_ROLE_TOUCH_REFINEMENT,low_games,RB,344,20,5.8%,2,0,2,19,20,-1,6.1%,5.8%,0.3%,worse_than_pyf
REFINE_118_RB_THREE_75_20_5_TOUCH005,GAUNTLET_093_ROLE_RB_TOUCH_ROLE_REPORT,C07,rb_role_touch_context,F_RB_ROLE_TOUCH_REFINEMENT,older_late_lifecycle,RB,50,7,14.0%,17,13,4,3,3,0,40.0%,32.0%,8.0%,worse_than_pyf
REFINE_118_RB_THREE_75_20_5_TOUCH005,GAUNTLET_093_ROLE_RB_TOUCH_ROLE_REPORT,C07,rb_role_touch_context,F_RB_ROLE_TOUCH_REFINEMENT,young_early_lifecycle,RB,844,150,17.8%,96,101,-5,50,51,-1,17.3%,18.0%,-0.7%,improves_vs_pyf
REFINE_118_RB_THREE_75_20_5_TOUCH005,GAUNTLET_093_ROLE_RB_TOUCH_ROLE_REPORT,C07,rb_role_touch_context,F_RB_ROLE_TOUCH_REFINEMENT,high_volume_role,RB,361,173,47.9%,165,162,3,11,6,5,48.8%,46.5%,2.2%,worse_than_pyf
REFINE_118_RB_THREE_75_20_5_TOUCH005,GAUNTLET_093_ROLE_RB_TOUCH_ROLE_REPORT,C07,rb_role_touch_context,F_RB_ROLE_TOUCH_REFINEMENT,low_or_sparse_role,RB,479,22,4.6%,2,0,2,21,22,-1,4.8%,4.6%,0.2%,worse_than_pyf
REFINE_118_RB_THREE_75_20_5_TOUCH005,GAUNTLET_093_ROLE_RB_TOUCH_ROLE_REPORT,C07,rb_role_touch_context,F_RB_ROLE_TOUCH_REFINEMENT,prior_decline_proxy,RB,192,4,2.1%,165,162,3,0,0,0,85.9%,84.4%,1.6%,worse_than_pyf
REFINE_118_RB_THREE_75_20_5_TOUCH005,GAUNTLET_093_ROLE_RB_TOUCH_ROLE_REPORT,C07,rb_role_touch_context,F_RB_ROLE_TOUCH_REFINEMENT,rb_high_touch_role,RB,361,173,47.9%,165,162,3,11,6,5,48.8%,46.5%,2.2%,worse_than_pyf
REFINE_118_RB_THREE_75_20_5_TOUCH005,GAUNTLET_093_ROLE_RB_TOUCH_ROLE_REPORT,C07,rb_role_touch_context,F_RB_ROLE_TOUCH_REFINEMENT,receiver_high_target_role,RB,0,0,,0,0,0,0,0,0,,,,slice_not_present
REFINE_118_RB_THREE_75_20_5_TOUCH005,GAUNTLET_093_ROLE_RB_TOUCH_ROLE_REPORT,C07,rb_role_touch_context,F_RB_ROLE_TOUCH_REFINEMENT,age_missing,RB,0,0,,0,0,0,0,0,0,,,,slice_not_present
REFINE_119_RB_THREE_70_20_10,GAUNTLET_093_ROLE_RB_TOUCH_ROLE_REPORT,C07,rb_role_touch_context,F_RB_ROLE_TOUCH_REFINEMENT,sparse_history,RB,344,20,5.8%,2,0,2,17,20,-3,5.5%,5.8%,-0.3%,improves_vs_pyf
REFINE_119_RB_THREE_70_20_10,GAUNTLET_093_ROLE_RB_TOUCH_ROLE_REPORT,C07,rb_role_touch_context,F_RB_ROLE_TOUCH_REFINEMENT,low_games,RB,344,20,5.8%,2,0,2,17,20,-3,5.5%,5.8%,-0.3%,improves_vs_pyf
REFINE_119_RB_THREE_70_20_10,GAUNTLET_093_ROLE_RB_TOUCH_ROLE_REPORT,C07,rb_role_touch_context,F_RB_ROLE_TOUCH_REFINEMENT,older_late_lifecycle,RB,50,7,14.0%,18,13,5,3,3,0,42.0%,32.0%,10.0%,worse_than_pyf
REFINE_119_RB_THREE_70_20_10,GAUNTLET_093_ROLE_RB_TOUCH_ROLE_REPORT,C07,rb_role_touch_context,F_RB_ROLE_TOUCH_REFINEMENT,young_early_lifecycle,RB,844,150,17.8%,91,101,-10,48,51,-3,16.5%,18.0%,-1.5%,improves_vs_pyf
REFINE_119_RB_THREE_70_20_10,GAUNTLET_093_ROLE_RB_TOUCH_ROLE_REPORT,C07,rb_role_touch_context,F_RB_ROLE_TOUCH_REFINEMENT,high_volume_role,RB,361,173,47.9%,163,162,1,11,6,5,48.2%,46.5%,1.7%,worse_than_pyf
REFINE_119_RB_THREE_70_20_10,GAUNTLET_093_ROLE_RB_TOUCH_ROLE_REPORT,C07,rb_role_touch_context,F_RB_ROLE_TOUCH_REFINEMENT,low_or_sparse_role,RB,479,22,4.6%,2,0,2,19,22,-3,4.4%,4.6%,-0.2%,improves_vs_pyf
REFINE_119_RB_THREE_70_20_10,GAUNTLET_093_ROLE_RB_TOUCH_ROLE_REPORT,C07,rb_role_touch_context,F_RB_ROLE_TOUCH_REFINEMENT,prior_decline_proxy,RB,192,4,2.1%,163,162,1,0,0,0,84.9%,84.4%,0.5%,worse_than_pyf
REFINE_119_RB_THREE_70_20_10,GAUNTLET_093_ROLE_RB_TOUCH_ROLE_REPORT,C07,rb_role_touch_context,F_RB_ROLE_TOUCH_REFINEMENT,rb_high_touch_role,RB,361,173,47.9%,163,162,1,11,6,5,48.2%,46.5%,1.7%,worse_than_pyf
REFINE_119_RB_THREE_70_20_10,GAUNTLET_093_ROLE_RB_TOUCH_ROLE_REPORT,C07,rb_role_touch_context,F_RB_ROLE_TOUCH_REFINEMENT,receiver_high_target_role,RB,0,0,,0,0,0,0,0,0,,,,slice_not_present
REFINE_119_RB_THREE_70_20_10,GAUNTLET_093_ROLE_RB_TOUCH_ROLE_REPORT,C07,rb_role_touch_context,F_RB_ROLE_TOUCH_REFINEMENT,age_missing,RB,0,0,,0,0,0,0,0,0,,,,slice_not_present
REFINE_120_RB_THREE_70_20_10_SPARSE20,GAUNTLET_093_ROLE_RB_TOUCH_ROLE_REPORT,C07,rb_role_touch_context,F_RB_ROLE_TOUCH_REFINEMENT,sparse_history,RB,344,20,5.8%,2,0,2,18,20,-2,5.8%,5.8%,0.0%,no_added_harm_vs_pyf
REFINE_120_RB_THREE_70_20_10_SPARSE20,GAUNTLET_093_ROLE_RB_TOUCH_ROLE_REPORT,C07,rb_role_touch_context,F_RB_ROLE_TOUCH_REFINEMENT,low_games,RB,344,20,5.8%,2,0,2,18,20,-2,5.8%,5.8%,0.0%,no_added_harm_vs_pyf
REFINE_120_RB_THREE_70_20_10_SPARSE20,GAUNTLET_093_ROLE_RB_TOUCH_ROLE_REPORT,C07,rb_role_touch_context,F_RB_ROLE_TOUCH_REFINEMENT,older_late_lifecycle,RB,50,7,14.0%,18,13,5,3,3,0,42.0%,32.0%,10.0%,worse_than_pyf
REFINE_120_RB_THREE_70_20_10_SPARSE20,GAUNTLET_093_ROLE_RB_TOUCH_ROLE_REPORT,C07,rb_role_touch_context,F_RB_ROLE_TOUCH_REFINEMENT,young_early_lifecycle,RB,844,150,17.8%,92,101,-9,49,51,-2,16.7%,18.0%,-1.3%,improves_vs_pyf
REFINE_120_RB_THREE_70_20_10_SPARSE20,GAUNTLET_093_ROLE_RB_TOUCH_ROLE_REPORT,C07,rb_role_touch_context,F_RB_ROLE_TOUCH_REFINEMENT,high_volume_role,RB,361,173,47.9%,163,162,1,11,6,5,48.2%,46.5%,1.7%,worse_than_pyf
REFINE_120_RB_THREE_70_20_10_SPARSE20,GAUNTLET_093_ROLE_RB_TOUCH_ROLE_REPORT,C07,rb_role_touch_context,F_RB_ROLE_TOUCH_REFINEMENT,low_or_sparse_role,RB,479,22,4.6%,2,0,2,20,22,-2,4.6%,4.6%,0.0%,no_added_harm_vs_pyf
REFINE_120_RB_THREE_70_20_10_SPARSE20,GAUNTLET_093_ROLE_RB_TOUCH_ROLE_REPORT,C07,rb_role_touch_context,F_RB_ROLE_TOUCH_REFINEMENT,prior_decline_proxy,RB,192,4,2.1%,163,162,1,0,0,0,84.9%,84.4%,0.5%,worse_than_pyf
REFINE_120_RB_THREE_70_20_10_SPARSE20,GAUNTLET_093_ROLE_RB_TOUCH_ROLE_REPORT,C07,rb_role_touch_context,F_RB_ROLE_TOUCH_REFINEMENT,rb_high_touch_role,RB,361,173,47.9%,163,162,1,11,6,5,48.2%,46.5%,1.7%,worse_than_pyf
REFINE_120_RB_THREE_70_20_10_SPARSE20,GAUNTLET_093_ROLE_RB_TOUCH_ROLE_REPORT,C07,rb_role_touch_context,F_RB_ROLE_TOUCH_REFINEMENT,receiver_high_target_role,RB,0,0,,0,0,0,0,0,0,,,,slice_not_present
REFINE_120_RB_THREE_70_20_10_SPARSE20,GAUNTLET_093_ROLE_RB_TOUCH_ROLE_REPORT,C07,rb_role_touch_context,F_RB_ROLE_TOUCH_REFINEMENT,age_missing,RB,0,0,,0,0,0,0,0,0,,,,slice_not_present
REFINE_121_RB_THREE_70_20_10_TOUCH005,GAUNTLET_093_ROLE_RB_TOUCH_ROLE_REPORT,C07,rb_role_touch_context,F_RB_ROLE_TOUCH_REFINEMENT,sparse_history,RB,344,20,5.8%,2,0,2,17,20,-3,5.5%,5.8%,-0.3%,improves_vs_pyf
REFINE_121_RB_THREE_70_20_10_TOUCH005,GAUNTLET_093_ROLE_RB_TOUCH_ROLE_REPORT,C07,rb_role_touch_context,F_RB_ROLE_TOUCH_REFINEMENT,low_games,RB,344,20,5.8%,2,0,2,17,20,-3,5.5%,5.8%,-0.3%,improves_vs_pyf
REFINE_121_RB_THREE_70_20_10_TOUCH005,GAUNTLET_093_ROLE_RB_TOUCH_ROLE_REPORT,C07,rb_role_touch_context,F_RB_ROLE_TOUCH_REFINEMENT,older_late_lifecycle,RB,50,7,14.0%,18,13,5,3,3,0,42.0%,32.0%,10.0%,worse_than_pyf
REFINE_121_RB_THREE_70_20_10_TOUCH005,GAUNTLET_093_ROLE_RB_TOUCH_ROLE_REPORT,C07,rb_role_touch_context,F_RB_ROLE_TOUCH_REFINEMENT,young_early_lifecycle,RB,844,150,17.8%,91,101,-10,48,51,-3,16.5%,18.0%,-1.5%,improves_vs_pyf
REFINE_121_RB_THREE_70_20_10_TOUCH005,GAUNTLET_093_ROLE_RB_TOUCH_ROLE_REPORT,C07,rb_role_touch_context,F_RB_ROLE_TOUCH_REFINEMENT,high_volume_role,RB,361,173,47.9%,163,162,1,11,6,5,48.2%,46.5%,1.7%,worse_than_pyf
REFINE_121_RB_THREE_70_20_10_TOUCH005,GAUNTLET_093_ROLE_RB_TOUCH_ROLE_REPORT,C07,rb_role_touch_context,F_RB_ROLE_TOUCH_REFINEMENT,low_or_sparse_role,RB,479,22,4.6%,2,0,2,19,22,-3,4.4%,4.6%,-0.2%,improves_vs_pyf
REFINE_121_RB_THREE_70_20_10_TOUCH005,GAUNTLET_093_ROLE_RB_TOUCH_ROLE_REPORT,C07,rb_role_touch_context,F_RB_ROLE_TOUCH_REFINEMENT,prior_decline_proxy,RB,192,4,2.1%,163,162,1,0,0,0,84.9%,84.4%,0.5%,worse_than_pyf
REFINE_121_RB_THREE_70_20_10_TOUCH005,GAUNTLET_093_ROLE_RB_TOUCH_ROLE_REPORT,C07,rb_role_touch_context,F_RB_ROLE_TOUCH_REFINEMENT,rb_high_touch_role,RB,361,173,47.9%,163,162,1,11,6,5,48.2%,46.5%,1.7%,worse_than_pyf
REFINE_121_RB_THREE_70_20_10_TOUCH005,GAUNTLET_093_ROLE_RB_TOUCH_ROLE_REPORT,C07,rb_role_touch_context,F_RB_ROLE_TOUCH_REFINEMENT,receiver_high_target_role,RB,0,0,,0,0,0,0,0,0,,,,slice_not_present
REFINE_121_RB_THREE_70_20_10_TOUCH005,GAUNTLET_093_ROLE_RB_TOUCH_ROLE_REPORT,C07,rb_role_touch_context,F_RB_ROLE_TOUCH_REFINEMENT,age_missing,RB,0,0,,0,0,0,0,0,0,,,,slice_not_present
REFINE_122_RB_THREE_65_25_10,GAUNTLET_093_ROLE_RB_TOUCH_ROLE_REPORT,C07,rb_role_touch_context,F_RB_ROLE_TOUCH_REFINEMENT,sparse_history,RB,344,20,5.8%,3,0,3,16,20,-4,5.5%,5.8%,-0.3%,improves_vs_pyf
REFINE_122_RB_THREE_65_25_10,GAUNTLET_093_ROLE_RB_TOUCH_ROLE_REPORT,C07,rb_role_touch_context,F_RB_ROLE_TOUCH_REFINEMENT,low_games,RB,344,20,5.8%,3,0,3,16,20,-4,5.5%,5.8%,-0.3%,improves_vs_pyf
REFINE_122_RB_THREE_65_25_10,GAUNTLET_093_ROLE_RB_TOUCH_ROLE_REPORT,C07,rb_role_touch_context,F_RB_ROLE_TOUCH_REFINEMENT,older_late_lifecycle,RB,50,7,14.0%,18,13,5,3,3,0,42.0%,32.0%,10.0%,worse_than_pyf
REFINE_122_RB_THREE_65_25_10,GAUNTLET_093_ROLE_RB_TOUCH_ROLE_REPORT,C07,rb_role_touch_context,F_RB_ROLE_TOUCH_REFINEMENT,young_early_lifecycle,RB,844,150,17.8%,94,101,-7,49,51,-2,16.9%,18.0%,-1.1%,improves_vs_pyf
REFINE_122_RB_THREE_65_25_10,GAUNTLET_093_ROLE_RB_TOUCH_ROLE_REPORT,C07,rb_role_touch_context,F_RB_ROLE_TOUCH_REFINEMENT,high_volume_role,RB,361,173,47.9%,159,162,-3,10,6,4,46.8%,46.5%,0.3%,worse_than_pyf
REFINE_122_RB_THREE_65_25_10,GAUNTLET_093_ROLE_RB_TOUCH_ROLE_REPORT,C07,rb_role_touch_context,F_RB_ROLE_TOUCH_REFINEMENT,low_or_sparse_role,RB,479,22,4.6%,3,0,3,18,22,-4,4.4%,4.6%,-0.2%,improves_vs_pyf
REFINE_122_RB_THREE_65_25_10,GAUNTLET_093_ROLE_RB_TOUCH_ROLE_REPORT,C07,rb_role_touch_context,F_RB_ROLE_TOUCH_REFINEMENT,prior_decline_proxy,RB,192,4,2.1%,159,162,-3,0,0,0,82.8%,84.4%,-1.6%,improves_vs_pyf
REFINE_122_RB_THREE_65_25_10,GAUNTLET_093_ROLE_RB_TOUCH_ROLE_REPORT,C07,rb_role_touch_context,F_RB_ROLE_TOUCH_REFINEMENT,rb_high_touch_role,RB,361,173,47.9%,159,162,-3,10,6,4,46.8%,46.5%,0.3%,worse_than_pyf
REFINE_122_RB_THREE_65_25_10,GAUNTLET_093_ROLE_RB_TOUCH_ROLE_REPORT,C07,rb_role_touch_context,F_RB_ROLE_TOUCH_REFINEMENT,receiver_high_target_role,RB,0,0,,0,0,0,0,0,0,,,,slice_not_present
REFINE_122_RB_THREE_65_25_10,GAUNTLET_093_ROLE_RB_TOUCH_ROLE_REPORT,C07,rb_role_touch_context,F_RB_ROLE_TOUCH_REFINEMENT,age_missing,RB,0,0,,0,0,0,0,0,0,,,,slice_not_present
REFINE_123_RB_THREE_65_25_10_SPARSE20,GAUNTLET_093_ROLE_RB_TOUCH_ROLE_REPORT,C07,rb_role_touch_context,F_RB_ROLE_TOUCH_REFINEMENT,sparse_history,RB,344,20,5.8%,2,0,2,17,20,-3,5.5%,5.8%,-0.3%,improves_vs_pyf
REFINE_123_RB_THREE_65_25_10_SPARSE20,GAUNTLET_093_ROLE_RB_TOUCH_ROLE_REPORT,C07,rb_role_touch_context,F_RB_ROLE_TOUCH_REFINEMENT,low_games,RB,344,20,5.8%,2,0,2,17,20,-3,5.5%,5.8%,-0.3%,improves_vs_pyf
REFINE_123_RB_THREE_65_25_10_SPARSE20,GAUNTLET_093_ROLE_RB_TOUCH_ROLE_REPORT,C07,rb_role_touch_context,F_RB_ROLE_TOUCH_REFINEMENT,older_late_lifecycle,RB,50,7,14.0%,18,13,5,3,3,0,42.0%,32.0%,10.0%,worse_than_pyf
REFINE_123_RB_THREE_65_25_10_SPARSE20,GAUNTLET_093_ROLE_RB_TOUCH_ROLE_REPORT,C07,rb_role_touch_context,F_RB_ROLE_TOUCH_REFINEMENT,young_early_lifecycle,RB,844,150,17.8%,93,101,-8,48,51,-3,16.7%,18.0%,-1.3%,improves_vs_pyf
REFINE_123_RB_THREE_65_25_10_SPARSE20,GAUNTLET_093_ROLE_RB_TOUCH_ROLE_REPORT,C07,rb_role_touch_context,F_RB_ROLE_TOUCH_REFINEMENT,high_volume_role,RB,361,173,47.9%,160,162,-2,10,6,4,47.1%,46.5%,0.6%,worse_than_pyf
REFINE_123_RB_THREE_65_25_10_SPARSE20,GAUNTLET_093_ROLE_RB_TOUCH_ROLE_REPORT,C07,rb_role_touch_context,F_RB_ROLE_TOUCH_REFINEMENT,low_or_sparse_role,RB,479,22,4.6%,2,0,2,19,22,-3,4.4%,4.6%,-0.2%,improves_vs_pyf
REFINE_123_RB_THREE_65_25_10_SPARSE20,GAUNTLET_093_ROLE_RB_TOUCH_ROLE_REPORT,C07,rb_role_touch_context,F_RB_ROLE_TOUCH_REFINEMENT,prior_decline_proxy,RB,192,4,2.1%,160,162,-2,0,0,0,83.3%,84.4%,-1.0%,improves_vs_pyf
REFINE_123_RB_THREE_65_25_10_SPARSE20,GAUNTLET_093_ROLE_RB_TOUCH_ROLE_REPORT,C07,rb_role_touch_context,F_RB_ROLE_TOUCH_REFINEMENT,rb_high_touch_role,RB,361,173,47.9%,160,162,-2,10,6,4,47.1%,46.5%,0.6%,worse_than_pyf
REFINE_123_RB_THREE_65_25_10_SPARSE20,GAUNTLET_093_ROLE_RB_TOUCH_ROLE_REPORT,C07,rb_role_touch_context,F_RB_ROLE_TOUCH_REFINEMENT,receiver_high_target_role,RB,0,0,,0,0,0,0,0,0,,,,slice_not_present
REFINE_123_RB_THREE_65_25_10_SPARSE20,GAUNTLET_093_ROLE_RB_TOUCH_ROLE_REPORT,C07,rb_role_touch_context,F_RB_ROLE_TOUCH_REFINEMENT,age_missing,RB,0,0,,0,0,0,0,0,0,,,,slice_not_present
REFINE_124_RB_THREE_65_25_10_TOUCH005,GAUNTLET_093_ROLE_RB_TOUCH_ROLE_REPORT,C07,rb_role_touch_context,F_RB_ROLE_TOUCH_REFINEMENT,sparse_history,RB,344,20,5.8%,3,0,3,16,20,-4,5.5%,5.8%,-0.3%,improves_vs_pyf
REFINE_124_RB_THREE_65_25_10_TOUCH005,GAUNTLET_093_ROLE_RB_TOUCH_ROLE_REPORT,C07,rb_role_touch_context,F_RB_ROLE_TOUCH_REFINEMENT,low_games,RB,344,20,5.8%,3,0,3,16,20,-4,5.5%,5.8%,-0.3%,improves_vs_pyf
REFINE_124_RB_THREE_65_25_10_TOUCH005,GAUNTLET_093_ROLE_RB_TOUCH_ROLE_REPORT,C07,rb_role_touch_context,F_RB_ROLE_TOUCH_REFINEMENT,older_late_lifecycle,RB,50,7,14.0%,18,13,5,3,3,0,42.0%,32.0%,10.0%,worse_than_pyf
REFINE_124_RB_THREE_65_25_10_TOUCH005,GAUNTLET_093_ROLE_RB_TOUCH_ROLE_REPORT,C07,rb_role_touch_context,F_RB_ROLE_TOUCH_REFINEMENT,young_early_lifecycle,RB,844,150,17.8%,93,101,-8,49,51,-2,16.8%,18.0%,-1.2%,improves_vs_pyf
REFINE_124_RB_THREE_65_25_10_TOUCH005,GAUNTLET_093_ROLE_RB_TOUCH_ROLE_REPORT,C07,rb_role_touch_context,F_RB_ROLE_TOUCH_REFINEMENT,high_volume_role,RB,361,173,47.9%,160,162,-2,10,6,4,47.1%,46.5%,0.6%,worse_than_pyf
REFINE_124_RB_THREE_65_25_10_TOUCH005,GAUNTLET_093_ROLE_RB_TOUCH_ROLE_REPORT,C07,rb_role_touch_context,F_RB_ROLE_TOUCH_REFINEMENT,low_or_sparse_role,RB,479,22,4.6%,3,0,3,18,22,-4,4.4%,4.6%,-0.2%,improves_vs_pyf
REFINE_124_RB_THREE_65_25_10_TOUCH005,GAUNTLET_093_ROLE_RB_TOUCH_ROLE_REPORT,C07,rb_role_touch_context,F_RB_ROLE_TOUCH_REFINEMENT,prior_decline_proxy,RB,192,4,2.1%,160,162,-2,0,0,0,83.3%,84.4%,-1.0%,improves_vs_pyf
REFINE_124_RB_THREE_65_25_10_TOUCH005,GAUNTLET_093_ROLE_RB_TOUCH_ROLE_REPORT,C07,rb_role_touch_context,F_RB_ROLE_TOUCH_REFINEMENT,rb_high_touch_role,RB,361,173,47.9%,160,162,-2,10,6,4,47.1%,46.5%,0.6%,worse_than_pyf
REFINE_124_RB_THREE_65_25_10_TOUCH005,GAUNTLET_093_ROLE_RB_TOUCH_ROLE_REPORT,C07,rb_role_touch_context,F_RB_ROLE_TOUCH_REFINEMENT,receiver_high_target_role,RB,0,0,,0,0,0,0,0,0,,,,slice_not_present
REFINE_124_RB_THREE_65_25_10_TOUCH005,GAUNTLET_093_ROLE_RB_TOUCH_ROLE_REPORT,C07,rb_role_touch_context,F_RB_ROLE_TOUCH_REFINEMENT,age_missing,RB,0,0,,0,0,0,0,0,0,,,,slice_not_present
REFINE_125_RB_THREE_60_30_10,GAUNTLET_093_ROLE_RB_TOUCH_ROLE_REPORT,C07,rb_role_touch_context,F_RB_ROLE_TOUCH_REFINEMENT,sparse_history,RB,344,20,5.8%,3,0,3,15,20,-5,5.2%,5.8%,-0.6%,improves_vs_pyf
REFINE_125_RB_THREE_60_30_10,GAUNTLET_093_ROLE_RB_TOUCH_ROLE_REPORT,C07,rb_role_touch_context,F_RB_ROLE_TOUCH_REFINEMENT,low_games,RB,344,20,5.8%,3,0,3,15,20,-5,5.2%,5.8%,-0.6%,improves_vs_pyf
REFINE_125_RB_THREE_60_30_10,GAUNTLET_093_ROLE_RB_TOUCH_ROLE_REPORT,C07,rb_role_touch_context,F_RB_ROLE_TOUCH_REFINEMENT,older_late_lifecycle,RB,50,7,14.0%,18,13,5,3,3,0,42.0%,32.0%,10.0%,worse_than_pyf
REFINE_125_RB_THREE_60_30_10,GAUNTLET_093_ROLE_RB_TOUCH_ROLE_REPORT,C07,rb_role_touch_context,F_RB_ROLE_TOUCH_REFINEMENT,young_early_lifecycle,RB,844,150,17.8%,94,101,-7,49,51,-2,16.9%,18.0%,-1.1%,improves_vs_pyf
REFINE_125_RB_THREE_60_30_10,GAUNTLET_093_ROLE_RB_TOUCH_ROLE_REPORT,C07,rb_role_touch_context,F_RB_ROLE_TOUCH_REFINEMENT,high_volume_role,RB,361,173,47.9%,157,162,-5,10,6,4,46.3%,46.5%,-0.3%,improves_vs_pyf
REFINE_125_RB_THREE_60_30_10,GAUNTLET_093_ROLE_RB_TOUCH_ROLE_REPORT,C07,rb_role_touch_context,F_RB_ROLE_TOUCH_REFINEMENT,low_or_sparse_role,RB,479,22,4.6%,3,0,3,17,22,-5,4.2%,4.6%,-0.4%,improves_vs_pyf
REFINE_125_RB_THREE_60_30_10,GAUNTLET_093_ROLE_RB_TOUCH_ROLE_REPORT,C07,rb_role_touch_context,F_RB_ROLE_TOUCH_REFINEMENT,prior_decline_proxy,RB,192,4,2.1%,157,162,-5,0,0,0,81.8%,84.4%,-2.6%,improves_vs_pyf
REFINE_125_RB_THREE_60_30_10,GAUNTLET_093_ROLE_RB_TOUCH_ROLE_REPORT,C07,rb_role_touch_context,F_RB_ROLE_TOUCH_REFINEMENT,rb_high_touch_role,RB,361,173,47.9%,157,162,-5,10,6,4,46.3%,46.5%,-0.3%,improves_vs_pyf
REFINE_125_RB_THREE_60_30_10,GAUNTLET_093_ROLE_RB_TOUCH_ROLE_REPORT,C07,rb_role_touch_context,F_RB_ROLE_TOUCH_REFINEMENT,receiver_high_target_role,RB,0,0,,0,0,0,0,0,0,,,,slice_not_present
REFINE_125_RB_THREE_60_30_10,GAUNTLET_093_ROLE_RB_TOUCH_ROLE_REPORT,C07,rb_role_touch_context,F_RB_ROLE_TOUCH_REFINEMENT,age_missing,RB,0,0,,0,0,0,0,0,0,,,,slice_not_present
REFINE_126_RB_THREE_60_30_10_SPARSE20,GAUNTLET_093_ROLE_RB_TOUCH_ROLE_REPORT,C07,rb_role_touch_context,F_RB_ROLE_TOUCH_REFINEMENT,sparse_history,RB,344,20,5.8%,3,0,3,16,20,-4,5.5%,5.8%,-0.3%,improves_vs_pyf
REFINE_126_RB_THREE_60_30_10_SPARSE20,GAUNTLET_093_ROLE_RB_TOUCH_ROLE_REPORT,C07,rb_role_touch_context,F_RB_ROLE_TOUCH_REFINEMENT,low_games,RB,344,20,5.8%,3,0,3,16,20,-4,5.5%,5.8%,-0.3%,improves_vs_pyf
REFINE_126_RB_THREE_60_30_10_SPARSE20,GAUNTLET_093_ROLE_RB_TOUCH_ROLE_REPORT,C07,rb_role_touch_context,F_RB_ROLE_TOUCH_REFINEMENT,older_late_lifecycle,RB,50,7,14.0%,18,13,5,3,3,0,42.0%,32.0%,10.0%,worse_than_pyf
REFINE_126_RB_THREE_60_30_10_SPARSE20,GAUNTLET_093_ROLE_RB_TOUCH_ROLE_REPORT,C07,rb_role_touch_context,F_RB_ROLE_TOUCH_REFINEMENT,young_early_lifecycle,RB,844,150,17.8%,94,101,-7,50,51,-1,17.1%,18.0%,-0.9%,improves_vs_pyf
REFINE_126_RB_THREE_60_30_10_SPARSE20,GAUNTLET_093_ROLE_RB_TOUCH_ROLE_REPORT,C07,rb_role_touch_context,F_RB_ROLE_TOUCH_REFINEMENT,high_volume_role,RB,361,173,47.9%,157,162,-5,10,6,4,46.3%,46.5%,-0.3%,improves_vs_pyf
REFINE_126_RB_THREE_60_30_10_SPARSE20,GAUNTLET_093_ROLE_RB_TOUCH_ROLE_REPORT,C07,rb_role_touch_context,F_RB_ROLE_TOUCH_REFINEMENT,low_or_sparse_role,RB,479,22,4.6%,3,0,3,18,22,-4,4.4%,4.6%,-0.2%,improves_vs_pyf
REFINE_126_RB_THREE_60_30_10_SPARSE20,GAUNTLET_093_ROLE_RB_TOUCH_ROLE_REPORT,C07,rb_role_touch_context,F_RB_ROLE_TOUCH_REFINEMENT,prior_decline_proxy,RB,192,4,2.1%,157,162,-5,0,0,0,81.8%,84.4%,-2.6%,improves_vs_pyf
REFINE_126_RB_THREE_60_30_10_SPARSE20,GAUNTLET_093_ROLE_RB_TOUCH_ROLE_REPORT,C07,rb_role_touch_context,F_RB_ROLE_TOUCH_REFINEMENT,rb_high_touch_role,RB,361,173,47.9%,157,162,-5,10,6,4,46.3%,46.5%,-0.3%,improves_vs_pyf
REFINE_126_RB_THREE_60_30_10_SPARSE20,GAUNTLET_093_ROLE_RB_TOUCH_ROLE_REPORT,C07,rb_role_touch_context,F_RB_ROLE_TOUCH_REFINEMENT,receiver_high_target_role,RB,0,0,,0,0,0,0,0,0,,,,slice_not_present
REFINE_126_RB_THREE_60_30_10_SPARSE20,GAUNTLET_093_ROLE_RB_TOUCH_ROLE_REPORT,C07,rb_role_touch_context,F_RB_ROLE_TOUCH_REFINEMENT,age_missing,RB,0,0,,0,0,0,0,0,0,,,,slice_not_present
REFINE_127_RB_THREE_60_30_10_TOUCH005,GAUNTLET_093_ROLE_RB_TOUCH_ROLE_REPORT,C07,rb_role_touch_context,F_RB_ROLE_TOUCH_REFINEMENT,sparse_history,RB,344,20,5.8%,3,0,3,15,20,-5,5.2%,5.8%,-0.6%,improves_vs_pyf
REFINE_127_RB_THREE_60_30_10_TOUCH005,GAUNTLET_093_ROLE_RB_TOUCH_ROLE_REPORT,C07,rb_role_touch_context,F_RB_ROLE_TOUCH_REFINEMENT,low_games,RB,344,20,5.8%,3,0,3,15,20,-5,5.2%,5.8%,-0.6%,improves_vs_pyf
REFINE_127_RB_THREE_60_30_10_TOUCH005,GAUNTLET_093_ROLE_RB_TOUCH_ROLE_REPORT,C07,rb_role_touch_context,F_RB_ROLE_TOUCH_REFINEMENT,older_late_lifecycle,RB,50,7,14.0%,18,13,5,3,3,0,42.0%,32.0%,10.0%,worse_than_pyf
REFINE_127_RB_THREE_60_30_10_TOUCH005,GAUNTLET_093_ROLE_RB_TOUCH_ROLE_REPORT,C07,rb_role_touch_context,F_RB_ROLE_TOUCH_REFINEMENT,young_early_lifecycle,RB,844,150,17.8%,94,101,-7,49,51,-2,16.9%,18.0%,-1.1%,improves_vs_pyf
REFINE_127_RB_THREE_60_30_10_TOUCH005,GAUNTLET_093_ROLE_RB_TOUCH_ROLE_REPORT,C07,rb_role_touch_context,F_RB_ROLE_TOUCH_REFINEMENT,high_volume_role,RB,361,173,47.9%,157,162,-5,10,6,4,46.3%,46.5%,-0.3%,improves_vs_pyf
REFINE_127_RB_THREE_60_30_10_TOUCH005,GAUNTLET_093_ROLE_RB_TOUCH_ROLE_REPORT,C07,rb_role_touch_context,F_RB_ROLE_TOUCH_REFINEMENT,low_or_sparse_role,RB,479,22,4.6%,3,0,3,17,22,-5,4.2%,4.6%,-0.4%,improves_vs_pyf
REFINE_127_RB_THREE_60_30_10_TOUCH005,GAUNTLET_093_ROLE_RB_TOUCH_ROLE_REPORT,C07,rb_role_touch_context,F_RB_ROLE_TOUCH_REFINEMENT,prior_decline_proxy,RB,192,4,2.1%,157,162,-5,0,0,0,81.8%,84.4%,-2.6%,improves_vs_pyf
REFINE_127_RB_THREE_60_30_10_TOUCH005,GAUNTLET_093_ROLE_RB_TOUCH_ROLE_REPORT,C07,rb_role_touch_context,F_RB_ROLE_TOUCH_REFINEMENT,rb_high_touch_role,RB,361,173,47.9%,157,162,-5,10,6,4,46.3%,46.5%,-0.3%,improves_vs_pyf
REFINE_127_RB_THREE_60_30_10_TOUCH005,GAUNTLET_093_ROLE_RB_TOUCH_ROLE_REPORT,C07,rb_role_touch_context,F_RB_ROLE_TOUCH_REFINEMENT,receiver_high_target_role,RB,0,0,,0,0,0,0,0,0,,,,slice_not_present
REFINE_127_RB_THREE_60_30_10_TOUCH005,GAUNTLET_093_ROLE_RB_TOUCH_ROLE_REPORT,C07,rb_role_touch_context,F_RB_ROLE_TOUCH_REFINEMENT,age_missing,RB,0,0,,0,0,0,0,0,0,,,,slice_not_present
REFINE_128_RB_THREE_55_30_15,GAUNTLET_093_ROLE_RB_TOUCH_ROLE_REPORT,C07,rb_role_touch_context,F_RB_ROLE_TOUCH_REFINEMENT,sparse_history,RB,344,20,5.8%,3,0,3,13,20,-7,4.7%,5.8%,-1.2%,improves_vs_pyf
REFINE_128_RB_THREE_55_30_15,GAUNTLET_093_ROLE_RB_TOUCH_ROLE_REPORT,C07,rb_role_touch_context,F_RB_ROLE_TOUCH_REFINEMENT,low_games,RB,344,20,5.8%,3,0,3,13,20,-7,4.7%,5.8%,-1.2%,improves_vs_pyf
REFINE_128_RB_THREE_55_30_15,GAUNTLET_093_ROLE_RB_TOUCH_ROLE_REPORT,C07,rb_role_touch_context,F_RB_ROLE_TOUCH_REFINEMENT,older_late_lifecycle,RB,50,7,14.0%,19,13,6,3,3,0,44.0%,32.0%,12.0%,worse_than_pyf
REFINE_128_RB_THREE_55_30_15,GAUNTLET_093_ROLE_RB_TOUCH_ROLE_REPORT,C07,rb_role_touch_context,F_RB_ROLE_TOUCH_REFINEMENT,young_early_lifecycle,RB,844,150,17.8%,94,101,-7,49,51,-2,16.9%,18.0%,-1.1%,improves_vs_pyf
REFINE_128_RB_THREE_55_30_15,GAUNTLET_093_ROLE_RB_TOUCH_ROLE_REPORT,C07,rb_role_touch_context,F_RB_ROLE_TOUCH_REFINEMENT,high_volume_role,RB,361,173,47.9%,152,162,-10,14,6,8,46.0%,46.5%,-0.6%,improves_vs_pyf
REFINE_128_RB_THREE_55_30_15,GAUNTLET_093_ROLE_RB_TOUCH_ROLE_REPORT,C07,rb_role_touch_context,F_RB_ROLE_TOUCH_REFINEMENT,low_or_sparse_role,RB,479,22,4.6%,3,0,3,15,22,-7,3.8%,4.6%,-0.8%,improves_vs_pyf
REFINE_128_RB_THREE_55_30_15,GAUNTLET_093_ROLE_RB_TOUCH_ROLE_REPORT,C07,rb_role_touch_context,F_RB_ROLE_TOUCH_REFINEMENT,prior_decline_proxy,RB,192,4,2.1%,152,162,-10,0,0,0,79.2%,84.4%,-5.2%,improves_vs_pyf
REFINE_128_RB_THREE_55_30_15,GAUNTLET_093_ROLE_RB_TOUCH_ROLE_REPORT,C07,rb_role_touch_context,F_RB_ROLE_TOUCH_REFINEMENT,rb_high_touch_role,RB,361,173,47.9%,152,162,-10,14,6,8,46.0%,46.5%,-0.6%,improves_vs_pyf
REFINE_128_RB_THREE_55_30_15,GAUNTLET_093_ROLE_RB_TOUCH_ROLE_REPORT,C07,rb_role_touch_context,F_RB_ROLE_TOUCH_REFINEMENT,receiver_high_target_role,RB,0,0,,0,0,0,0,0,0,,,,slice_not_present
REFINE_128_RB_THREE_55_30_15,GAUNTLET_093_ROLE_RB_TOUCH_ROLE_REPORT,C07,rb_role_touch_context,F_RB_ROLE_TOUCH_REFINEMENT,age_missing,RB,0,0,,0,0,0,0,0,0,,,,slice_not_present
REFINE_129_RB_THREE_55_30_15_SPARSE20,GAUNTLET_093_ROLE_RB_TOUCH_ROLE_REPORT,C07,rb_role_touch_context,F_RB_ROLE_TOUCH_REFINEMENT,sparse_history,RB,344,20,5.8%,3,0,3,15,20,-5,5.2%,5.8%,-0.6%,improves_vs_pyf
REFINE_129_RB_THREE_55_30_15_SPARSE20,GAUNTLET_093_ROLE_RB_TOUCH_ROLE_REPORT,C07,rb_role_touch_context,F_RB_ROLE_TOUCH_REFINEMENT,low_games,RB,344,20,5.8%,3,0,3,15,20,-5,5.2%,5.8%,-0.6%,improves_vs_pyf
REFINE_129_RB_THREE_55_30_15_SPARSE20,GAUNTLET_093_ROLE_RB_TOUCH_ROLE_REPORT,C07,rb_role_touch_context,F_RB_ROLE_TOUCH_REFINEMENT,older_late_lifecycle,RB,50,7,14.0%,19,13,6,3,3,0,44.0%,32.0%,12.0%,worse_than_pyf
REFINE_129_RB_THREE_55_30_15_SPARSE20,GAUNTLET_093_ROLE_RB_TOUCH_ROLE_REPORT,C07,rb_role_touch_context,F_RB_ROLE_TOUCH_REFINEMENT,young_early_lifecycle,RB,844,150,17.8%,94,101,-7,49,51,-2,16.9%,18.0%,-1.1%,improves_vs_pyf
REFINE_129_RB_THREE_55_30_15_SPARSE20,GAUNTLET_093_ROLE_RB_TOUCH_ROLE_REPORT,C07,rb_role_touch_context,F_RB_ROLE_TOUCH_REFINEMENT,high_volume_role,RB,361,173,47.9%,152,162,-10,13,6,7,45.7%,46.5%,-0.8%,improves_vs_pyf
REFINE_129_RB_THREE_55_30_15_SPARSE20,GAUNTLET_093_ROLE_RB_TOUCH_ROLE_REPORT,C07,rb_role_touch_context,F_RB_ROLE_TOUCH_REFINEMENT,low_or_sparse_role,RB,479,22,4.6%,3,0,3,17,22,-5,4.2%,4.6%,-0.4%,improves_vs_pyf
REFINE_129_RB_THREE_55_30_15_SPARSE20,GAUNTLET_093_ROLE_RB_TOUCH_ROLE_REPORT,C07,rb_role_touch_context,F_RB_ROLE_TOUCH_REFINEMENT,prior_decline_proxy,RB,192,4,2.1%,152,162,-10,0,0,0,79.2%,84.4%,-5.2%,improves_vs_pyf
REFINE_129_RB_THREE_55_30_15_SPARSE20,GAUNTLET_093_ROLE_RB_TOUCH_ROLE_REPORT,C07,rb_role_touch_context,F_RB_ROLE_TOUCH_REFINEMENT,rb_high_touch_role,RB,361,173,47.9%,152,162,-10,13,6,7,45.7%,46.5%,-0.8%,improves_vs_pyf
REFINE_129_RB_THREE_55_30_15_SPARSE20,GAUNTLET_093_ROLE_RB_TOUCH_ROLE_REPORT,C07,rb_role_touch_context,F_RB_ROLE_TOUCH_REFINEMENT,receiver_high_target_role,RB,0,0,,0,0,0,0,0,0,,,,slice_not_present
REFINE_129_RB_THREE_55_30_15_SPARSE20,GAUNTLET_093_ROLE_RB_TOUCH_ROLE_REPORT,C07,rb_role_touch_context,F_RB_ROLE_TOUCH_REFINEMENT,age_missing,RB,0,0,,0,0,0,0,0,0,,,,slice_not_present
REFINE_130_RB_THREE_55_30_15_TOUCH005,GAUNTLET_093_ROLE_RB_TOUCH_ROLE_REPORT,C07,rb_role_touch_context,F_RB_ROLE_TOUCH_REFINEMENT,sparse_history,RB,344,20,5.8%,3,0,3,13,20,-7,4.7%,5.8%,-1.2%,improves_vs_pyf
REFINE_130_RB_THREE_55_30_15_TOUCH005,GAUNTLET_093_ROLE_RB_TOUCH_ROLE_REPORT,C07,rb_role_touch_context,F_RB_ROLE_TOUCH_REFINEMENT,low_games,RB,344,20,5.8%,3,0,3,13,20,-7,4.7%,5.8%,-1.2%,improves_vs_pyf
REFINE_130_RB_THREE_55_30_15_TOUCH005,GAUNTLET_093_ROLE_RB_TOUCH_ROLE_REPORT,C07,rb_role_touch_context,F_RB_ROLE_TOUCH_REFINEMENT,older_late_lifecycle,RB,50,7,14.0%,19,13,6,3,3,0,44.0%,32.0%,12.0%,worse_than_pyf
REFINE_130_RB_THREE_55_30_15_TOUCH005,GAUNTLET_093_ROLE_RB_TOUCH_ROLE_REPORT,C07,rb_role_touch_context,F_RB_ROLE_TOUCH_REFINEMENT,young_early_lifecycle,RB,844,150,17.8%,93,101,-8,49,51,-2,16.8%,18.0%,-1.2%,improves_vs_pyf
REFINE_130_RB_THREE_55_30_15_TOUCH005,GAUNTLET_093_ROLE_RB_TOUCH_ROLE_REPORT,C07,rb_role_touch_context,F_RB_ROLE_TOUCH_REFINEMENT,high_volume_role,RB,361,173,47.9%,153,162,-9,14,6,8,46.3%,46.5%,-0.3%,improves_vs_pyf
REFINE_130_RB_THREE_55_30_15_TOUCH005,GAUNTLET_093_ROLE_RB_TOUCH_ROLE_REPORT,C07,rb_role_touch_context,F_RB_ROLE_TOUCH_REFINEMENT,low_or_sparse_role,RB,479,22,4.6%,3,0,3,15,22,-7,3.8%,4.6%,-0.8%,improves_vs_pyf
REFINE_130_RB_THREE_55_30_15_TOUCH005,GAUNTLET_093_ROLE_RB_TOUCH_ROLE_REPORT,C07,rb_role_touch_context,F_RB_ROLE_TOUCH_REFINEMENT,prior_decline_proxy,RB,192,4,2.1%,153,162,-9,0,0,0,79.7%,84.4%,-4.7%,improves_vs_pyf
REFINE_130_RB_THREE_55_30_15_TOUCH005,GAUNTLET_093_ROLE_RB_TOUCH_ROLE_REPORT,C07,rb_role_touch_context,F_RB_ROLE_TOUCH_REFINEMENT,rb_high_touch_role,RB,361,173,47.9%,153,162,-9,14,6,8,46.3%,46.5%,-0.3%,improves_vs_pyf
REFINE_130_RB_THREE_55_30_15_TOUCH005,GAUNTLET_093_ROLE_RB_TOUCH_ROLE_REPORT,C07,rb_role_touch_context,F_RB_ROLE_TOUCH_REFINEMENT,receiver_high_target_role,RB,0,0,,0,0,0,0,0,0,,,,slice_not_present
REFINE_130_RB_THREE_55_30_15_TOUCH005,GAUNTLET_093_ROLE_RB_TOUCH_ROLE_REPORT,C07,rb_role_touch_context,F_RB_ROLE_TOUCH_REFINEMENT,age_missing,RB,0,0,,0,0,0,0,0,0,,,,slice_not_present
REFINE_131_RB_TWO_80_20,GAUNTLET_093_ROLE_RB_TOUCH_ROLE_REPORT,C07,rb_role_touch_context,F_RB_ROLE_TOUCH_REFINEMENT,sparse_history,RB,344,20,5.8%,1,0,1,19,20,-1,5.8%,5.8%,0.0%,no_added_harm_vs_pyf
REFINE_131_RB_TWO_80_20,GAUNTLET_093_ROLE_RB_TOUCH_ROLE_REPORT,C07,rb_role_touch_context,F_RB_ROLE_TOUCH_REFINEMENT,low_games,RB,344,20,5.8%,1,0,1,19,20,-1,5.8%,5.8%,0.0%,no_added_harm_vs_pyf
REFINE_131_RB_TWO_80_20,GAUNTLET_093_ROLE_RB_TOUCH_ROLE_REPORT,C07,rb_role_touch_context,F_RB_ROLE_TOUCH_REFINEMENT,older_late_lifecycle,RB,50,7,14.0%,15,13,2,3,3,0,36.0%,32.0%,4.0%,worse_than_pyf
REFINE_131_RB_TWO_80_20,GAUNTLET_093_ROLE_RB_TOUCH_ROLE_REPORT,C07,rb_role_touch_context,F_RB_ROLE_TOUCH_REFINEMENT,young_early_lifecycle,RB,844,150,17.8%,97,101,-4,49,51,-2,17.3%,18.0%,-0.7%,improves_vs_pyf
REFINE_131_RB_TWO_80_20,GAUNTLET_093_ROLE_RB_TOUCH_ROLE_REPORT,C07,rb_role_touch_context,F_RB_ROLE_TOUCH_REFINEMENT,high_volume_role,RB,361,173,47.9%,165,162,3,11,6,5,48.8%,46.5%,2.2%,worse_than_pyf
REFINE_131_RB_TWO_80_20,GAUNTLET_093_ROLE_RB_TOUCH_ROLE_REPORT,C07,rb_role_touch_context,F_RB_ROLE_TOUCH_REFINEMENT,low_or_sparse_role,RB,479,22,4.6%,1,0,1,21,22,-1,4.6%,4.6%,0.0%,no_added_harm_vs_pyf
REFINE_131_RB_TWO_80_20,GAUNTLET_093_ROLE_RB_TOUCH_ROLE_REPORT,C07,rb_role_touch_context,F_RB_ROLE_TOUCH_REFINEMENT,prior_decline_proxy,RB,192,4,2.1%,165,162,3,0,0,0,85.9%,84.4%,1.6%,worse_than_pyf
REFINE_131_RB_TWO_80_20,GAUNTLET_093_ROLE_RB_TOUCH_ROLE_REPORT,C07,rb_role_touch_context,F_RB_ROLE_TOUCH_REFINEMENT,rb_high_touch_role,RB,361,173,47.9%,165,162,3,11,6,5,48.8%,46.5%,2.2%,worse_than_pyf
REFINE_131_RB_TWO_80_20,GAUNTLET_093_ROLE_RB_TOUCH_ROLE_REPORT,C07,rb_role_touch_context,F_RB_ROLE_TOUCH_REFINEMENT,receiver_high_target_role,RB,0,0,,0,0,0,0,0,0,,,,slice_not_present
REFINE_131_RB_TWO_80_20,GAUNTLET_093_ROLE_RB_TOUCH_ROLE_REPORT,C07,rb_role_touch_context,F_RB_ROLE_TOUCH_REFINEMENT,age_missing,RB,0,0,,0,0,0,0,0,0,,,,slice_not_present
REFINE_132_RB_TWO_80_20_SPARSE20,GAUNTLET_093_ROLE_RB_TOUCH_ROLE_REPORT,C07,rb_role_touch_context,F_RB_ROLE_TOUCH_REFINEMENT,sparse_history,RB,344,20,5.8%,1,0,1,19,20,-1,5.8%,5.8%,0.0%,no_added_harm_vs_pyf
REFINE_132_RB_TWO_80_20_SPARSE20,GAUNTLET_093_ROLE_RB_TOUCH_ROLE_REPORT,C07,rb_role_touch_context,F_RB_ROLE_TOUCH_REFINEMENT,low_games,RB,344,20,5.8%,1,0,1,19,20,-1,5.8%,5.8%,0.0%,no_added_harm_vs_pyf
REFINE_132_RB_TWO_80_20_SPARSE20,GAUNTLET_093_ROLE_RB_TOUCH_ROLE_REPORT,C07,rb_role_touch_context,F_RB_ROLE_TOUCH_REFINEMENT,older_late_lifecycle,RB,50,7,14.0%,15,13,2,3,3,0,36.0%,32.0%,4.0%,worse_than_pyf
REFINE_132_RB_TWO_80_20_SPARSE20,GAUNTLET_093_ROLE_RB_TOUCH_ROLE_REPORT,C07,rb_role_touch_context,F_RB_ROLE_TOUCH_REFINEMENT,young_early_lifecycle,RB,844,150,17.8%,97,101,-4,49,51,-2,17.3%,18.0%,-0.7%,improves_vs_pyf
REFINE_132_RB_TWO_80_20_SPARSE20,GAUNTLET_093_ROLE_RB_TOUCH_ROLE_REPORT,C07,rb_role_touch_context,F_RB_ROLE_TOUCH_REFINEMENT,high_volume_role,RB,361,173,47.9%,165,162,3,11,6,5,48.8%,46.5%,2.2%,worse_than_pyf
REFINE_132_RB_TWO_80_20_SPARSE20,GAUNTLET_093_ROLE_RB_TOUCH_ROLE_REPORT,C07,rb_role_touch_context,F_RB_ROLE_TOUCH_REFINEMENT,low_or_sparse_role,RB,479,22,4.6%,1,0,1,21,22,-1,4.6%,4.6%,0.0%,no_added_harm_vs_pyf
REFINE_132_RB_TWO_80_20_SPARSE20,GAUNTLET_093_ROLE_RB_TOUCH_ROLE_REPORT,C07,rb_role_touch_context,F_RB_ROLE_TOUCH_REFINEMENT,prior_decline_proxy,RB,192,4,2.1%,165,162,3,0,0,0,85.9%,84.4%,1.6%,worse_than_pyf
REFINE_132_RB_TWO_80_20_SPARSE20,GAUNTLET_093_ROLE_RB_TOUCH_ROLE_REPORT,C07,rb_role_touch_context,F_RB_ROLE_TOUCH_REFINEMENT,rb_high_touch_role,RB,361,173,47.9%,165,162,3,11,6,5,48.8%,46.5%,2.2%,worse_than_pyf
REFINE_132_RB_TWO_80_20_SPARSE20,GAUNTLET_093_ROLE_RB_TOUCH_ROLE_REPORT,C07,rb_role_touch_context,F_RB_ROLE_TOUCH_REFINEMENT,receiver_high_target_role,RB,0,0,,0,0,0,0,0,0,,,,slice_not_present
REFINE_132_RB_TWO_80_20_SPARSE20,GAUNTLET_093_ROLE_RB_TOUCH_ROLE_REPORT,C07,rb_role_touch_context,F_RB_ROLE_TOUCH_REFINEMENT,age_missing,RB,0,0,,0,0,0,0,0,0,,,,slice_not_present
REFINE_133_RB_TWO_80_20_TOUCH005,GAUNTLET_093_ROLE_RB_TOUCH_ROLE_REPORT,C07,rb_role_touch_context,F_RB_ROLE_TOUCH_REFINEMENT,sparse_history,RB,344,20,5.8%,1,0,1,19,20,-1,5.8%,5.8%,0.0%,no_added_harm_vs_pyf
REFINE_133_RB_TWO_80_20_TOUCH005,GAUNTLET_093_ROLE_RB_TOUCH_ROLE_REPORT,C07,rb_role_touch_context,F_RB_ROLE_TOUCH_REFINEMENT,low_games,RB,344,20,5.8%,1,0,1,19,20,-1,5.8%,5.8%,0.0%,no_added_harm_vs_pyf
REFINE_133_RB_TWO_80_20_TOUCH005,GAUNTLET_093_ROLE_RB_TOUCH_ROLE_REPORT,C07,rb_role_touch_context,F_RB_ROLE_TOUCH_REFINEMENT,older_late_lifecycle,RB,50,7,14.0%,16,13,3,3,3,0,38.0%,32.0%,6.0%,worse_than_pyf
REFINE_133_RB_TWO_80_20_TOUCH005,GAUNTLET_093_ROLE_RB_TOUCH_ROLE_REPORT,C07,rb_role_touch_context,F_RB_ROLE_TOUCH_REFINEMENT,young_early_lifecycle,RB,844,150,17.8%,97,101,-4,49,51,-2,17.3%,18.0%,-0.7%,improves_vs_pyf
REFINE_133_RB_TWO_80_20_TOUCH005,GAUNTLET_093_ROLE_RB_TOUCH_ROLE_REPORT,C07,rb_role_touch_context,F_RB_ROLE_TOUCH_REFINEMENT,high_volume_role,RB,361,173,47.9%,166,162,4,11,6,5,49.0%,46.5%,2.5%,worse_than_pyf
REFINE_133_RB_TWO_80_20_TOUCH005,GAUNTLET_093_ROLE_RB_TOUCH_ROLE_REPORT,C07,rb_role_touch_context,F_RB_ROLE_TOUCH_REFINEMENT,low_or_sparse_role,RB,479,22,4.6%,1,0,1,21,22,-1,4.6%,4.6%,0.0%,no_added_harm_vs_pyf
REFINE_133_RB_TWO_80_20_TOUCH005,GAUNTLET_093_ROLE_RB_TOUCH_ROLE_REPORT,C07,rb_role_touch_context,F_RB_ROLE_TOUCH_REFINEMENT,prior_decline_proxy,RB,192,4,2.1%,166,162,4,0,0,0,86.5%,84.4%,2.1%,worse_than_pyf
REFINE_133_RB_TWO_80_20_TOUCH005,GAUNTLET_093_ROLE_RB_TOUCH_ROLE_REPORT,C07,rb_role_touch_context,F_RB_ROLE_TOUCH_REFINEMENT,rb_high_touch_role,RB,361,173,47.9%,166,162,4,11,6,5,49.0%,46.5%,2.5%,worse_than_pyf
REFINE_133_RB_TWO_80_20_TOUCH005,GAUNTLET_093_ROLE_RB_TOUCH_ROLE_REPORT,C07,rb_role_touch_context,F_RB_ROLE_TOUCH_REFINEMENT,receiver_high_target_role,RB,0,0,,0,0,0,0,0,0,,,,slice_not_present
REFINE_133_RB_TWO_80_20_TOUCH005,GAUNTLET_093_ROLE_RB_TOUCH_ROLE_REPORT,C07,rb_role_touch_context,F_RB_ROLE_TOUCH_REFINEMENT,age_missing,RB,0,0,,0,0,0,0,0,0,,,,slice_not_present
REFINE_134_RB_TWO_75_25,GAUNTLET_093_ROLE_RB_TOUCH_ROLE_REPORT,C07,rb_role_touch_context,F_RB_ROLE_TOUCH_REFINEMENT,sparse_history,RB,344,20,5.8%,1,0,1,19,20,-1,5.8%,5.8%,0.0%,no_added_harm_vs_pyf
REFINE_134_RB_TWO_75_25,GAUNTLET_093_ROLE_RB_TOUCH_ROLE_REPORT,C07,rb_role_touch_context,F_RB_ROLE_TOUCH_REFINEMENT,low_games,RB,344,20,5.8%,1,0,1,19,20,-1,5.8%,5.8%,0.0%,no_added_harm_vs_pyf
REFINE_134_RB_TWO_75_25,GAUNTLET_093_ROLE_RB_TOUCH_ROLE_REPORT,C07,rb_role_touch_context,F_RB_ROLE_TOUCH_REFINEMENT,older_late_lifecycle,RB,50,7,14.0%,17,13,4,3,3,0,40.0%,32.0%,8.0%,worse_than_pyf
REFINE_134_RB_TWO_75_25,GAUNTLET_093_ROLE_RB_TOUCH_ROLE_REPORT,C07,rb_role_touch_context,F_RB_ROLE_TOUCH_REFINEMENT,young_early_lifecycle,RB,844,150,17.8%,98,101,-3,50,51,-1,17.5%,18.0%,-0.5%,improves_vs_pyf
REFINE_134_RB_TWO_75_25,GAUNTLET_093_ROLE_RB_TOUCH_ROLE_REPORT,C07,rb_role_touch_context,F_RB_ROLE_TOUCH_REFINEMENT,high_volume_role,RB,361,173,47.9%,164,162,2,11,6,5,48.5%,46.5%,1.9%,worse_than_pyf
REFINE_134_RB_TWO_75_25,GAUNTLET_093_ROLE_RB_TOUCH_ROLE_REPORT,C07,rb_role_touch_context,F_RB_ROLE_TOUCH_REFINEMENT,low_or_sparse_role,RB,479,22,4.6%,1,0,1,21,22,-1,4.6%,4.6%,0.0%,no_added_harm_vs_pyf
REFINE_134_RB_TWO_75_25,GAUNTLET_093_ROLE_RB_TOUCH_ROLE_REPORT,C07,rb_role_touch_context,F_RB_ROLE_TOUCH_REFINEMENT,prior_decline_proxy,RB,192,4,2.1%,164,162,2,0,0,0,85.4%,84.4%,1.0%,worse_than_pyf
REFINE_134_RB_TWO_75_25,GAUNTLET_093_ROLE_RB_TOUCH_ROLE_REPORT,C07,rb_role_touch_context,F_RB_ROLE_TOUCH_REFINEMENT,rb_high_touch_role,RB,361,173,47.9%,164,162,2,11,6,5,48.5%,46.5%,1.9%,worse_than_pyf
REFINE_134_RB_TWO_75_25,GAUNTLET_093_ROLE_RB_TOUCH_ROLE_REPORT,C07,rb_role_touch_context,F_RB_ROLE_TOUCH_REFINEMENT,receiver_high_target_role,RB,0,0,,0,0,0,0,0,0,,,,slice_not_present
REFINE_134_RB_TWO_75_25,GAUNTLET_093_ROLE_RB_TOUCH_ROLE_REPORT,C07,rb_role_touch_context,F_RB_ROLE_TOUCH_REFINEMENT,age_missing,RB,0,0,,0,0,0,0,0,0,,,,slice_not_present
REFINE_135_RB_TWO_75_25_SPARSE20,GAUNTLET_093_ROLE_RB_TOUCH_ROLE_REPORT,C07,rb_role_touch_context,F_RB_ROLE_TOUCH_REFINEMENT,sparse_history,RB,344,20,5.8%,1,0,1,19,20,-1,5.8%,5.8%,0.0%,no_added_harm_vs_pyf
REFINE_135_RB_TWO_75_25_SPARSE20,GAUNTLET_093_ROLE_RB_TOUCH_ROLE_REPORT,C07,rb_role_touch_context,F_RB_ROLE_TOUCH_REFINEMENT,low_games,RB,344,20,5.8%,1,0,1,19,20,-1,5.8%,5.8%,0.0%,no_added_harm_vs_pyf
REFINE_135_RB_TWO_75_25_SPARSE20,GAUNTLET_093_ROLE_RB_TOUCH_ROLE_REPORT,C07,rb_role_touch_context,F_RB_ROLE_TOUCH_REFINEMENT,older_late_lifecycle,RB,50,7,14.0%,17,13,4,3,3,0,40.0%,32.0%,8.0%,worse_than_pyf
REFINE_135_RB_TWO_75_25_SPARSE20,GAUNTLET_093_ROLE_RB_TOUCH_ROLE_REPORT,C07,rb_role_touch_context,F_RB_ROLE_TOUCH_REFINEMENT,young_early_lifecycle,RB,844,150,17.8%,98,101,-3,50,51,-1,17.5%,18.0%,-0.5%,improves_vs_pyf
REFINE_135_RB_TWO_75_25_SPARSE20,GAUNTLET_093_ROLE_RB_TOUCH_ROLE_REPORT,C07,rb_role_touch_context,F_RB_ROLE_TOUCH_REFINEMENT,high_volume_role,RB,361,173,47.9%,164,162,2,11,6,5,48.5%,46.5%,1.9%,worse_than_pyf
REFINE_135_RB_TWO_75_25_SPARSE20,GAUNTLET_093_ROLE_RB_TOUCH_ROLE_REPORT,C07,rb_role_touch_context,F_RB_ROLE_TOUCH_REFINEMENT,low_or_sparse_role,RB,479,22,4.6%,1,0,1,21,22,-1,4.6%,4.6%,0.0%,no_added_harm_vs_pyf
REFINE_135_RB_TWO_75_25_SPARSE20,GAUNTLET_093_ROLE_RB_TOUCH_ROLE_REPORT,C07,rb_role_touch_context,F_RB_ROLE_TOUCH_REFINEMENT,prior_decline_proxy,RB,192,4,2.1%,164,162,2,0,0,0,85.4%,84.4%,1.0%,worse_than_pyf
REFINE_135_RB_TWO_75_25_SPARSE20,GAUNTLET_093_ROLE_RB_TOUCH_ROLE_REPORT,C07,rb_role_touch_context,F_RB_ROLE_TOUCH_REFINEMENT,rb_high_touch_role,RB,361,173,47.9%,164,162,2,11,6,5,48.5%,46.5%,1.9%,worse_than_pyf
REFINE_135_RB_TWO_75_25_SPARSE20,GAUNTLET_093_ROLE_RB_TOUCH_ROLE_REPORT,C07,rb_role_touch_context,F_RB_ROLE_TOUCH_REFINEMENT,receiver_high_target_role,RB,0,0,,0,0,0,0,0,0,,,,slice_not_present
REFINE_135_RB_TWO_75_25_SPARSE20,GAUNTLET_093_ROLE_RB_TOUCH_ROLE_REPORT,C07,rb_role_touch_context,F_RB_ROLE_TOUCH_REFINEMENT,age_missing,RB,0,0,,0,0,0,0,0,0,,,,slice_not_present
REFINE_136_RB_TWO_75_25_TOUCH005,GAUNTLET_093_ROLE_RB_TOUCH_ROLE_REPORT,C07,rb_role_touch_context,F_RB_ROLE_TOUCH_REFINEMENT,sparse_history,RB,344,20,5.8%,1,0,1,19,20,-1,5.8%,5.8%,0.0%,no_added_harm_vs_pyf
REFINE_136_RB_TWO_75_25_TOUCH005,GAUNTLET_093_ROLE_RB_TOUCH_ROLE_REPORT,C07,rb_role_touch_context,F_RB_ROLE_TOUCH_REFINEMENT,low_games,RB,344,20,5.8%,1,0,1,19,20,-1,5.8%,5.8%,0.0%,no_added_harm_vs_pyf
REFINE_136_RB_TWO_75_25_TOUCH005,GAUNTLET_093_ROLE_RB_TOUCH_ROLE_REPORT,C07,rb_role_touch_context,F_RB_ROLE_TOUCH_REFINEMENT,older_late_lifecycle,RB,50,7,14.0%,17,13,4,3,3,0,40.0%,32.0%,8.0%,worse_than_pyf
REFINE_136_RB_TWO_75_25_TOUCH005,GAUNTLET_093_ROLE_RB_TOUCH_ROLE_REPORT,C07,rb_role_touch_context,F_RB_ROLE_TOUCH_REFINEMENT,young_early_lifecycle,RB,844,150,17.8%,98,101,-3,50,51,-1,17.5%,18.0%,-0.5%,improves_vs_pyf
REFINE_136_RB_TWO_75_25_TOUCH005,GAUNTLET_093_ROLE_RB_TOUCH_ROLE_REPORT,C07,rb_role_touch_context,F_RB_ROLE_TOUCH_REFINEMENT,high_volume_role,RB,361,173,47.9%,164,162,2,11,6,5,48.5%,46.5%,1.9%,worse_than_pyf
REFINE_136_RB_TWO_75_25_TOUCH005,GAUNTLET_093_ROLE_RB_TOUCH_ROLE_REPORT,C07,rb_role_touch_context,F_RB_ROLE_TOUCH_REFINEMENT,low_or_sparse_role,RB,479,22,4.6%,1,0,1,21,22,-1,4.6%,4.6%,0.0%,no_added_harm_vs_pyf
REFINE_136_RB_TWO_75_25_TOUCH005,GAUNTLET_093_ROLE_RB_TOUCH_ROLE_REPORT,C07,rb_role_touch_context,F_RB_ROLE_TOUCH_REFINEMENT,prior_decline_proxy,RB,192,4,2.1%,164,162,2,0,0,0,85.4%,84.4%,1.0%,worse_than_pyf
REFINE_136_RB_TWO_75_25_TOUCH005,GAUNTLET_093_ROLE_RB_TOUCH_ROLE_REPORT,C07,rb_role_touch_context,F_RB_ROLE_TOUCH_REFINEMENT,rb_high_touch_role,RB,361,173,47.9%,164,162,2,11,6,5,48.5%,46.5%,1.9%,worse_than_pyf
REFINE_136_RB_TWO_75_25_TOUCH005,GAUNTLET_093_ROLE_RB_TOUCH_ROLE_REPORT,C07,rb_role_touch_context,F_RB_ROLE_TOUCH_REFINEMENT,receiver_high_target_role,RB,0,0,,0,0,0,0,0,0,,,,slice_not_present
REFINE_136_RB_TWO_75_25_TOUCH005,GAUNTLET_093_ROLE_RB_TOUCH_ROLE_REPORT,C07,rb_role_touch_context,F_RB_ROLE_TOUCH_REFINEMENT,age_missing,RB,0,0,,0,0,0,0,0,0,,,,slice_not_present
