run_id,ingredient_set,row_count,overall_spearman,pyf_delta,current_best_delta,sparse_history_impact,low_games_impact,age_lifecycle_slice,role_slice,outlier_flags,use_decision
INGREDIENT_ONLY_SNAP_OFFENSIVE_SNAPS,nflverse_snap_depth_role,5118,0.680,-0.064,-0.075,rows=1346;candidate_error=3.3%;pyf_error=3.3%,rows=1346;candidate_error=3.3%;pyf_error=3.3%,older_late_rows=448;young_early_rows=2630,high_role_rows=1304;low_sparse_role_rows=1714,partial_coverage_not_full_2013_2025_comparable,DESCRIPTIVE_ONLY
INGREDIENT_ONLY_SNAP_OFFENSIVE_SNAP_SHARE,nflverse_snap_depth_role,5118,0.682,-0.061,-0.073,rows=1346;candidate_error=6.8%;pyf_error=3.3%,rows=1346;candidate_error=6.8%;pyf_error=3.3%,older_late_rows=448;young_early_rows=2630,high_role_rows=1304;low_sparse_role_rows=1714,partial_coverage_not_full_2013_2025_comparable,DESCRIPTIVE_ONLY
INGREDIENT_ONLY_SNAP_GAMES_WITH_OFFENSIVE_SNAPS,nflverse_snap_depth_role,5118,0.482,-0.262,-0.273,rows=1346;candidate_error=4.5%;pyf_error=3.3%,rows=1346;candidate_error=4.5%;pyf_error=3.3%,older_late_rows=448;young_early_rows=2630,high_role_rows=1304;low_sparse_role_rows=1714,partial_coverage_not_full_2013_2025_comparable,DESCRIPTIVE_ONLY
INGREDIENT_ONLY_SNAP_NOT_LOW_SNAP_SCORE,nflverse_snap_depth_role,5122,0.498,-0.246,-0.257,rows=1350;candidate_error=11.6%;pyf_error=3.3%,rows=1350;candidate_error=11.6%;pyf_error=3.3%,older_late_rows=449;young_early_rows=2632,high_role_rows=1304;low_sparse_role_rows=1718,partial_coverage_not_full_2013_2025_comparable,DESCRIPTIVE_ONLY
INGREDIENT_ONLY_SNAP_ROLE_SCORE,nflverse_snap_depth_role,5122,0.692,-0.052,-0.063,rows=1350;candidate_error=3.3%;pyf_error=3.3%,rows=1350;candidate_error=3.3%;pyf_error=3.3%,older_late_rows=449;young_early_rows=2632,high_role_rows=1304;low_sparse_role_rows=1718,partial_coverage_not_full_2013_2025_comparable,DESCRIPTIVE_ONLY
INGREDIENT_ONLY_DEPTH_WEEKS_AS_STARTER,nflverse_snap_depth_role,5405,0.597,-0.138,-0.158,rows=1369;candidate_error=4.0%;pyf_error=3.5%,rows=1369;candidate_error=4.0%;pyf_error=3.5%,older_late_rows=476;young_early_rows=2778,high_role_rows=1405;low_sparse_role_rows=1735,partial_coverage_not_full_2013_2025_comparable,DESCRIPTIVE_ONLY
INGREDIENT_ONLY_DEPTH_ROLE_SCORE,nflverse_snap_depth_role,5518,0.612,-0.129,-0.143,rows=1453;candidate_error=5.8%;pyf_error=3.3%,rows=1453;candidate_error=5.8%;pyf_error=3.3%,older_late_rows=478;young_early_rows=2846,high_role_rows=1405;low_sparse_role_rows=1843,none,DESCRIPTIVE_ONLY
INGREDIENT_ONLY_DEPTH_STABILITY_SCORE,nflverse_snap_depth_role,5518,0.290,-0.452,-0.465,rows=1453;candidate_error=27.5%;pyf_error=3.3%,rows=1453;candidate_error=27.5%;pyf_error=3.3%,older_late_rows=478;young_early_rows=2846,high_role_rows=1405;low_sparse_role_rows=1843,none,DESCRIPTIVE_ONLY
INGREDIENT_ONLY_SNAP_DEPTH_ROLE_SCORE,nflverse_snap_depth_role,5518,0.670,-0.072,-0.085,rows=1453;candidate_error=4.1%;pyf_error=3.3%,rows=1453;candidate_error=4.1%;pyf_error=3.3%,older_late_rows=478;young_early_rows=2846,high_role_rows=1405;low_sparse_role_rows=1843,none,DESCRIPTIVE_ONLY
GAUNTLET_081_DECLINE_SMALL_LATE_GUARD_THREE__PLUS_SNAPDEPTH_SNAP_SNAPS_PCT025,nflverse_snap_depth_role,5118,0.758,0.014,0.003,rows=1346;candidate_error=3.0%;pyf_error=3.3%,rows=1346;candidate_error=3.0%;pyf_error=3.3%,older_late_rows=448;young_early_rows=2630,high_role_rows=1304;low_sparse_role_rows=1714,partial_coverage_not_full_2013_2025_comparable,ADDITIVE_CANDIDATE
GAUNTLET_081_DECLINE_SMALL_LATE_GUARD_THREE__PLUS_SNAPDEPTH_SNAP_SNAPS_PCT050,nflverse_snap_depth_role,5118,0.757,0.014,0.002,rows=1346;candidate_error=3.0%;pyf_error=3.3%,rows=1346;candidate_error=3.0%;pyf_error=3.3%,older_late_rows=448;young_early_rows=2630,high_role_rows=1304;low_sparse_role_rows=1714,partial_coverage_not_full_2013_2025_comparable,ADDITIVE_CANDIDATE
GAUNTLET_081_DECLINE_SMALL_LATE_GUARD_THREE__PLUS_SNAPDEPTH_SNAP_SNAPS_PCT100,nflverse_snap_depth_role,5118,0.757,0.013,0.002,rows=1346;candidate_error=3.0%;pyf_error=3.3%,rows=1346;candidate_error=3.0%;pyf_error=3.3%,older_late_rows=448;young_early_rows=2630,high_role_rows=1304;low_sparse_role_rows=1714,partial_coverage_not_full_2013_2025_comparable,ADDITIVE_CANDIDATE
GAUNTLET_081_DECLINE_SMALL_LATE_GUARD_THREE__PLUS_SNAPDEPTH_SNAP_SHARE_PCT025,nflverse_snap_depth_role,5118,0.758,0.014,0.003,rows=1346;candidate_error=3.0%;pyf_error=3.3%,rows=1346;candidate_error=3.0%;pyf_error=3.3%,older_late_rows=448;young_early_rows=2630,high_role_rows=1304;low_sparse_role_rows=1714,partial_coverage_not_full_2013_2025_comparable,ADDITIVE_CANDIDATE
GAUNTLET_081_DECLINE_SMALL_LATE_GUARD_THREE__PLUS_SNAPDEPTH_SNAP_SHARE_PCT050,nflverse_snap_depth_role,5118,0.758,0.014,0.003,rows=1346;candidate_error=2.8%;pyf_error=3.3%,rows=1346;candidate_error=2.8%;pyf_error=3.3%,older_late_rows=448;young_early_rows=2630,high_role_rows=1304;low_sparse_role_rows=1714,partial_coverage_not_full_2013_2025_comparable,ADDITIVE_CANDIDATE
GAUNTLET_081_DECLINE_SMALL_LATE_GUARD_THREE__PLUS_SNAPDEPTH_SNAP_SHARE_PCT100,nflverse_snap_depth_role,5118,0.758,0.015,0.003,rows=1346;candidate_error=2.9%;pyf_error=3.3%,rows=1346;candidate_error=2.9%;pyf_error=3.3%,older_late_rows=448;young_early_rows=2630,high_role_rows=1304;low_sparse_role_rows=1714,partial_coverage_not_full_2013_2025_comparable,ADDITIVE_CANDIDATE
GAUNTLET_081_DECLINE_SMALL_LATE_GUARD_THREE__PLUS_SNAPDEPTH_SNAP_GAMES_PCT025,nflverse_snap_depth_role,5118,0.758,0.014,0.003,rows=1346;candidate_error=3.0%;pyf_error=3.3%,rows=1346;candidate_error=3.0%;pyf_error=3.3%,older_late_rows=448;young_early_rows=2630,high_role_rows=1304;low_sparse_role_rows=1714,partial_coverage_not_full_2013_2025_comparable,ADDITIVE_CANDIDATE
GAUNTLET_081_DECLINE_SMALL_LATE_GUARD_THREE__PLUS_SNAPDEPTH_SNAP_GAMES_PCT050,nflverse_snap_depth_role,5118,0.757,0.014,0.002,rows=1346;candidate_error=3.0%;pyf_error=3.3%,rows=1346;candidate_error=3.0%;pyf_error=3.3%,older_late_rows=448;young_early_rows=2630,high_role_rows=1304;low_sparse_role_rows=1714,partial_coverage_not_full_2013_2025_comparable,ADDITIVE_CANDIDATE
GAUNTLET_081_DECLINE_SMALL_LATE_GUARD_THREE__PLUS_SNAPDEPTH_SNAP_GAMES_PCT100,nflverse_snap_depth_role,5118,0.756,0.012,0.001,rows=1346;candidate_error=3.3%;pyf_error=3.3%,rows=1346;candidate_error=3.3%;pyf_error=3.3%,older_late_rows=448;young_early_rows=2630,high_role_rows=1304;low_sparse_role_rows=1714,partial_coverage_not_full_2013_2025_comparable,ADDITIVE_CANDIDATE
GAUNTLET_081_DECLINE_SMALL_LATE_GUARD_THREE__PLUS_SNAPDEPTH_SNAP_NOT_LOW_PCT025,nflverse_snap_depth_role,5122,0.759,0.015,0.004,rows=1350;candidate_error=3.0%;pyf_error=3.3%,rows=1350;candidate_error=3.0%;pyf_error=3.3%,older_late_rows=449;young_early_rows=2632,high_role_rows=1304;low_sparse_role_rows=1718,partial_coverage_not_full_2013_2025_comparable,ADDITIVE_CANDIDATE
GAUNTLET_081_DECLINE_SMALL_LATE_GUARD_THREE__PLUS_SNAPDEPTH_SNAP_NOT_LOW_PCT050,nflverse_snap_depth_role,5122,0.761,0.017,0.006,rows=1350;candidate_error=3.0%;pyf_error=3.3%,rows=1350;candidate_error=3.0%;pyf_error=3.3%,older_late_rows=449;young_early_rows=2632,high_role_rows=1304;low_sparse_role_rows=1718,partial_coverage_not_full_2013_2025_comparable,ADDITIVE_CANDIDATE
GAUNTLET_081_DECLINE_SMALL_LATE_GUARD_THREE__PLUS_SNAPDEPTH_SNAP_NOT_LOW_PCT100,nflverse_snap_depth_role,5122,0.763,0.019,0.008,rows=1350;candidate_error=3.0%;pyf_error=3.3%,rows=1350;candidate_error=3.0%;pyf_error=3.3%,older_late_rows=449;young_early_rows=2632,high_role_rows=1304;low_sparse_role_rows=1718,partial_coverage_not_full_2013_2025_comparable,ADDITIVE_CANDIDATE
GAUNTLET_081_DECLINE_SMALL_LATE_GUARD_THREE__PLUS_SNAPDEPTH_SNAP_ROLE_PCT025,nflverse_snap_depth_role,5122,0.758,0.014,0.003,rows=1350;candidate_error=3.0%;pyf_error=3.3%,rows=1350;candidate_error=3.0%;pyf_error=3.3%,older_late_rows=449;young_early_rows=2632,high_role_rows=1304;low_sparse_role_rows=1718,partial_coverage_not_full_2013_2025_comparable,ADDITIVE_CANDIDATE
GAUNTLET_081_DECLINE_SMALL_LATE_GUARD_THREE__PLUS_SNAPDEPTH_SNAP_ROLE_PCT050,nflverse_snap_depth_role,5122,0.758,0.014,0.003,rows=1350;candidate_error=3.0%;pyf_error=3.3%,rows=1350;candidate_error=3.0%;pyf_error=3.3%,older_late_rows=449;young_early_rows=2632,high_role_rows=1304;low_sparse_role_rows=1718,partial_coverage_not_full_2013_2025_comparable,ADDITIVE_CANDIDATE
GAUNTLET_081_DECLINE_SMALL_LATE_GUARD_THREE__PLUS_SNAPDEPTH_SNAP_ROLE_PCT100,nflverse_snap_depth_role,5122,0.758,0.014,0.003,rows=1350;candidate_error=2.9%;pyf_error=3.3%,rows=1350;candidate_error=2.9%;pyf_error=3.3%,older_late_rows=449;young_early_rows=2632,high_role_rows=1304;low_sparse_role_rows=1718,partial_coverage_not_full_2013_2025_comparable,ADDITIVE_CANDIDATE
GAUNTLET_081_DECLINE_SMALL_LATE_GUARD_THREE__PLUS_SNAPDEPTH_DEPTH_STARTER_WEEKS_PCT025,nflverse_snap_depth_role,5405,0.749,0.014,-0.006,rows=1369;candidate_error=3.2%;pyf_error=3.5%,rows=1369;candidate_error=3.2%;pyf_error=3.5%,older_late_rows=476;young_early_rows=2778,high_role_rows=1405;low_sparse_role_rows=1735,partial_coverage_not_full_2013_2025_comparable,ADDITIVE_CANDIDATE
GAUNTLET_081_DECLINE_SMALL_LATE_GUARD_THREE__PLUS_SNAPDEPTH_DEPTH_STARTER_WEEKS_PCT050,nflverse_snap_depth_role,5405,0.748,0.014,-0.007,rows=1369;candidate_error=3.1%;pyf_error=3.5%,rows=1369;candidate_error=3.1%;pyf_error=3.5%,older_late_rows=476;young_early_rows=2778,high_role_rows=1405;low_sparse_role_rows=1735,partial_coverage_not_full_2013_2025_comparable,ADDITIVE_CANDIDATE
GAUNTLET_081_DECLINE_SMALL_LATE_GUARD_THREE__PLUS_SNAPDEPTH_DEPTH_STARTER_WEEKS_PCT100,nflverse_snap_depth_role,5405,0.748,0.013,-0.007,rows=1369;candidate_error=3.1%;pyf_error=3.5%,rows=1369;candidate_error=3.1%;pyf_error=3.5%,older_late_rows=476;young_early_rows=2778,high_role_rows=1405;low_sparse_role_rows=1735,partial_coverage_not_full_2013_2025_comparable,ADDITIVE_CANDIDATE
GAUNTLET_081_DECLINE_SMALL_LATE_GUARD_THREE__PLUS_SNAPDEPTH_DEPTH_ROLE_PCT025,nflverse_snap_depth_role,5518,0.755,0.014,-0.000,rows=1453;candidate_error=2.9%;pyf_error=3.3%,rows=1453;candidate_error=2.9%;pyf_error=3.3%,older_late_rows=478;young_early_rows=2846,high_role_rows=1405;low_sparse_role_rows=1843,none,ADDITIVE_CANDIDATE
GAUNTLET_081_DECLINE_SMALL_LATE_GUARD_THREE__PLUS_SNAPDEPTH_DEPTH_ROLE_PCT050,nflverse_snap_depth_role,5518,0.755,0.014,0.000,rows=1453;candidate_error=2.9%;pyf_error=3.3%,rows=1453;candidate_error=2.9%;pyf_error=3.3%,older_late_rows=478;young_early_rows=2846,high_role_rows=1405;low_sparse_role_rows=1843,none,ADDITIVE_CANDIDATE
GAUNTLET_081_DECLINE_SMALL_LATE_GUARD_THREE__PLUS_SNAPDEPTH_DEPTH_ROLE_PCT100,nflverse_snap_depth_role,5518,0.755,0.014,0.000,rows=1453;candidate_error=2.9%;pyf_error=3.3%,rows=1453;candidate_error=2.9%;pyf_error=3.3%,older_late_rows=478;young_early_rows=2846,high_role_rows=1405;low_sparse_role_rows=1843,none,ADDITIVE_CANDIDATE
GAUNTLET_081_DECLINE_SMALL_LATE_GUARD_THREE__PLUS_SNAPDEPTH_DEPTH_STABILITY_PCT025,nflverse_snap_depth_role,5518,0.756,0.014,0.001,rows=1453;candidate_error=3.0%;pyf_error=3.3%,rows=1453;candidate_error=3.0%;pyf_error=3.3%,older_late_rows=478;young_early_rows=2846,high_role_rows=1405;low_sparse_role_rows=1843,none,ADDITIVE_CANDIDATE
GAUNTLET_081_DECLINE_SMALL_LATE_GUARD_THREE__PLUS_SNAPDEPTH_DEPTH_STABILITY_PCT050,nflverse_snap_depth_role,5518,0.757,0.015,0.002,rows=1453;candidate_error=3.0%;pyf_error=3.3%,rows=1453;candidate_error=3.0%;pyf_error=3.3%,older_late_rows=478;young_early_rows=2846,high_role_rows=1405;low_sparse_role_rows=1843,none,ADDITIVE_CANDIDATE
GAUNTLET_081_DECLINE_SMALL_LATE_GUARD_THREE__PLUS_SNAPDEPTH_DEPTH_STABILITY_PCT100,nflverse_snap_depth_role,5518,0.758,0.017,0.003,rows=1453;candidate_error=3.0%;pyf_error=3.3%,rows=1453;candidate_error=3.0%;pyf_error=3.3%,older_late_rows=478;young_early_rows=2846,high_role_rows=1405;low_sparse_role_rows=1843,none,ADDITIVE_CANDIDATE
GAUNTLET_081_DECLINE_SMALL_LATE_GUARD_THREE__PLUS_SNAPDEPTH_SNAP_DEPTH_ROLE_PCT025,nflverse_snap_depth_role,5518,0.755,0.013,-0.000,rows=1453;candidate_error=3.0%;pyf_error=3.3%,rows=1453;candidate_error=3.0%;pyf_error=3.3%,older_late_rows=478;young_early_rows=2846,high_role_rows=1405;low_sparse_role_rows=1843,none,ADDITIVE_CANDIDATE
GAUNTLET_081_DECLINE_SMALL_LATE_GUARD_THREE__PLUS_SNAPDEPTH_SNAP_DEPTH_ROLE_PCT050,nflverse_snap_depth_role,5518,0.754,0.013,-0.001,rows=1453;candidate_error=2.8%;pyf_error=3.3%,rows=1453;candidate_error=2.8%;pyf_error=3.3%,older_late_rows=478;young_early_rows=2846,high_role_rows=1405;low_sparse_role_rows=1843,none,ADDITIVE_CANDIDATE
GAUNTLET_081_DECLINE_SMALL_LATE_GUARD_THREE__PLUS_SNAPDEPTH_SNAP_DEPTH_ROLE_PCT100,nflverse_snap_depth_role,5518,0.754,0.012,-0.001,rows=1453;candidate_error=2.9%;pyf_error=3.3%,rows=1453;candidate_error=2.9%;pyf_error=3.3%,older_late_rows=478;young_early_rows=2846,high_role_rows=1405;low_sparse_role_rows=1843,none,ADDITIVE_CANDIDATE
GAUNTLET_082_DECLINE_SMALL_HIGH_VOLUME_LATE_GUARD__PLUS_SNAPDEPTH_SNAP_SNAPS_PCT025,nflverse_snap_depth_role,5118,0.758,0.014,0.003,rows=1346;candidate_error=3.0%;pyf_error=3.3%,rows=1346;candidate_error=3.0%;pyf_error=3.3%,older_late_rows=448;young_early_rows=2630,high_role_rows=1304;low_sparse_role_rows=1714,partial_coverage_not_full_2013_2025_comparable,ADDITIVE_CANDIDATE
GAUNTLET_082_DECLINE_SMALL_HIGH_VOLUME_LATE_GUARD__PLUS_SNAPDEPTH_SNAP_SNAPS_PCT050,nflverse_snap_depth_role,5118,0.757,0.014,0.002,rows=1346;candidate_error=3.0%;pyf_error=3.3%,rows=1346;candidate_error=3.0%;pyf_error=3.3%,older_late_rows=448;young_early_rows=2630,high_role_rows=1304;low_sparse_role_rows=1714,partial_coverage_not_full_2013_2025_comparable,ADDITIVE_CANDIDATE
GAUNTLET_082_DECLINE_SMALL_HIGH_VOLUME_LATE_GUARD__PLUS_SNAPDEPTH_SNAP_SNAPS_PCT100,nflverse_snap_depth_role,5118,0.757,0.013,0.002,rows=1346;candidate_error=3.0%;pyf_error=3.3%,rows=1346;candidate_error=3.0%;pyf_error=3.3%,older_late_rows=448;young_early_rows=2630,high_role_rows=1304;low_sparse_role_rows=1714,partial_coverage_not_full_2013_2025_comparable,ADDITIVE_CANDIDATE
GAUNTLET_082_DECLINE_SMALL_HIGH_VOLUME_LATE_GUARD__PLUS_SNAPDEPTH_SNAP_SHARE_PCT025,nflverse_snap_depth_role,5118,0.758,0.014,0.003,rows=1346;candidate_error=3.0%;pyf_error=3.3%,rows=1346;candidate_error=3.0%;pyf_error=3.3%,older_late_rows=448;young_early_rows=2630,high_role_rows=1304;low_sparse_role_rows=1714,partial_coverage_not_full_2013_2025_comparable,ADDITIVE_CANDIDATE
GAUNTLET_082_DECLINE_SMALL_HIGH_VOLUME_LATE_GUARD__PLUS_SNAPDEPTH_SNAP_SHARE_PCT050,nflverse_snap_depth_role,5118,0.758,0.015,0.003,rows=1346;candidate_error=2.8%;pyf_error=3.3%,rows=1346;candidate_error=2.8%;pyf_error=3.3%,older_late_rows=448;young_early_rows=2630,high_role_rows=1304;low_sparse_role_rows=1714,partial_coverage_not_full_2013_2025_comparable,ADDITIVE_CANDIDATE
GAUNTLET_082_DECLINE_SMALL_HIGH_VOLUME_LATE_GUARD__PLUS_SNAPDEPTH_SNAP_SHARE_PCT100,nflverse_snap_depth_role,5118,0.758,0.015,0.003,rows=1346;candidate_error=2.9%;pyf_error=3.3%,rows=1346;candidate_error=2.9%;pyf_error=3.3%,older_late_rows=448;young_early_rows=2630,high_role_rows=1304;low_sparse_role_rows=1714,partial_coverage_not_full_2013_2025_comparable,ADDITIVE_CANDIDATE
GAUNTLET_082_DECLINE_SMALL_HIGH_VOLUME_LATE_GUARD__PLUS_SNAPDEPTH_SNAP_GAMES_PCT025,nflverse_snap_depth_role,5118,0.757,0.014,0.002,rows=1346;candidate_error=3.0%;pyf_error=3.3%,rows=1346;candidate_error=3.0%;pyf_error=3.3%,older_late_rows=448;young_early_rows=2630,high_role_rows=1304;low_sparse_role_rows=1714,partial_coverage_not_full_2013_2025_comparable,ADDITIVE_CANDIDATE
GAUNTLET_082_DECLINE_SMALL_HIGH_VOLUME_LATE_GUARD__PLUS_SNAPDEPTH_SNAP_GAMES_PCT050,nflverse_snap_depth_role,5118,0.757,0.014,0.002,rows=1346;candidate_error=3.0%;pyf_error=3.3%,rows=1346;candidate_error=3.0%;pyf_error=3.3%,older_late_rows=448;young_early_rows=2630,high_role_rows=1304;low_sparse_role_rows=1714,partial_coverage_not_full_2013_2025_comparable,ADDITIVE_CANDIDATE
GAUNTLET_082_DECLINE_SMALL_HIGH_VOLUME_LATE_GUARD__PLUS_SNAPDEPTH_SNAP_GAMES_PCT100,nflverse_snap_depth_role,5118,0.756,0.012,0.001,rows=1346;candidate_error=3.3%;pyf_error=3.3%,rows=1346;candidate_error=3.3%;pyf_error=3.3%,older_late_rows=448;young_early_rows=2630,high_role_rows=1304;low_sparse_role_rows=1714,partial_coverage_not_full_2013_2025_comparable,ADDITIVE_CANDIDATE
GAUNTLET_082_DECLINE_SMALL_HIGH_VOLUME_LATE_GUARD__PLUS_SNAPDEPTH_SNAP_NOT_LOW_PCT025,nflverse_snap_depth_role,5122,0.759,0.015,0.004,rows=1350;candidate_error=3.0%;pyf_error=3.3%,rows=1350;candidate_error=3.0%;pyf_error=3.3%,older_late_rows=449;young_early_rows=2632,high_role_rows=1304;low_sparse_role_rows=1718,partial_coverage_not_full_2013_2025_comparable,ADDITIVE_CANDIDATE
GAUNTLET_082_DECLINE_SMALL_HIGH_VOLUME_LATE_GUARD__PLUS_SNAPDEPTH_SNAP_NOT_LOW_PCT050,nflverse_snap_depth_role,5122,0.760,0.017,0.005,rows=1350;candidate_error=3.0%;pyf_error=3.3%,rows=1350;candidate_error=3.0%;pyf_error=3.3%,older_late_rows=449;young_early_rows=2632,high_role_rows=1304;low_sparse_role_rows=1718,partial_coverage_not_full_2013_2025_comparable,ADDITIVE_CANDIDATE
GAUNTLET_082_DECLINE_SMALL_HIGH_VOLUME_LATE_GUARD__PLUS_SNAPDEPTH_SNAP_NOT_LOW_PCT100,nflverse_snap_depth_role,5122,0.763,0.019,0.008,rows=1350;candidate_error=3.0%;pyf_error=3.3%,rows=1350;candidate_error=3.0%;pyf_error=3.3%,older_late_rows=449;young_early_rows=2632,high_role_rows=1304;low_sparse_role_rows=1718,partial_coverage_not_full_2013_2025_comparable,ADDITIVE_CANDIDATE
GAUNTLET_082_DECLINE_SMALL_HIGH_VOLUME_LATE_GUARD__PLUS_SNAPDEPTH_SNAP_ROLE_PCT025,nflverse_snap_depth_role,5122,0.758,0.014,0.003,rows=1350;candidate_error=3.0%;pyf_error=3.3%,rows=1350;candidate_error=3.0%;pyf_error=3.3%,older_late_rows=449;young_early_rows=2632,high_role_rows=1304;low_sparse_role_rows=1718,partial_coverage_not_full_2013_2025_comparable,ADDITIVE_CANDIDATE
GAUNTLET_082_DECLINE_SMALL_HIGH_VOLUME_LATE_GUARD__PLUS_SNAPDEPTH_SNAP_ROLE_PCT050,nflverse_snap_depth_role,5122,0.758,0.014,0.003,rows=1350;candidate_error=3.0%;pyf_error=3.3%,rows=1350;candidate_error=3.0%;pyf_error=3.3%,older_late_rows=449;young_early_rows=2632,high_role_rows=1304;low_sparse_role_rows=1718,partial_coverage_not_full_2013_2025_comparable,ADDITIVE_CANDIDATE
GAUNTLET_082_DECLINE_SMALL_HIGH_VOLUME_LATE_GUARD__PLUS_SNAPDEPTH_SNAP_ROLE_PCT100,nflverse_snap_depth_role,5122,0.758,0.014,0.003,rows=1350;candidate_error=2.9%;pyf_error=3.3%,rows=1350;candidate_error=2.9%;pyf_error=3.3%,older_late_rows=449;young_early_rows=2632,high_role_rows=1304;low_sparse_role_rows=1718,partial_coverage_not_full_2013_2025_comparable,ADDITIVE_CANDIDATE
GAUNTLET_082_DECLINE_SMALL_HIGH_VOLUME_LATE_GUARD__PLUS_SNAPDEPTH_DEPTH_STARTER_WEEKS_PCT025,nflverse_snap_depth_role,5405,0.749,0.014,-0.006,rows=1369;candidate_error=3.2%;pyf_error=3.5%,rows=1369;candidate_error=3.2%;pyf_error=3.5%,older_late_rows=476;young_early_rows=2778,high_role_rows=1405;low_sparse_role_rows=1735,partial_coverage_not_full_2013_2025_comparable,ADDITIVE_CANDIDATE
GAUNTLET_082_DECLINE_SMALL_HIGH_VOLUME_LATE_GUARD__PLUS_SNAPDEPTH_DEPTH_STARTER_WEEKS_PCT050,nflverse_snap_depth_role,5405,0.749,0.014,-0.006,rows=1369;candidate_error=3.1%;pyf_error=3.5%,rows=1369;candidate_error=3.1%;pyf_error=3.5%,older_late_rows=476;young_early_rows=2778,high_role_rows=1405;low_sparse_role_rows=1735,partial_coverage_not_full_2013_2025_comparable,ADDITIVE_CANDIDATE
GAUNTLET_082_DECLINE_SMALL_HIGH_VOLUME_LATE_GUARD__PLUS_SNAPDEPTH_DEPTH_STARTER_WEEKS_PCT100,nflverse_snap_depth_role,5405,0.748,0.013,-0.007,rows=1369;candidate_error=3.1%;pyf_error=3.5%,rows=1369;candidate_error=3.1%;pyf_error=3.5%,older_late_rows=476;young_early_rows=2778,high_role_rows=1405;low_sparse_role_rows=1735,partial_coverage_not_full_2013_2025_comparable,ADDITIVE_CANDIDATE
GAUNTLET_082_DECLINE_SMALL_HIGH_VOLUME_LATE_GUARD__PLUS_SNAPDEPTH_DEPTH_ROLE_PCT025,nflverse_snap_depth_role,5518,0.755,0.014,-0.000,rows=1453;candidate_error=2.9%;pyf_error=3.3%,rows=1453;candidate_error=2.9%;pyf_error=3.3%,older_late_rows=478;young_early_rows=2846,high_role_rows=1405;low_sparse_role_rows=1843,none,ADDITIVE_CANDIDATE
GAUNTLET_082_DECLINE_SMALL_HIGH_VOLUME_LATE_GUARD__PLUS_SNAPDEPTH_DEPTH_ROLE_PCT050,nflverse_snap_depth_role,5518,0.755,0.014,0.000,rows=1453;candidate_error=2.9%;pyf_error=3.3%,rows=1453;candidate_error=2.9%;pyf_error=3.3%,older_late_rows=478;young_early_rows=2846,high_role_rows=1405;low_sparse_role_rows=1843,none,ADDITIVE_CANDIDATE
GAUNTLET_082_DECLINE_SMALL_HIGH_VOLUME_LATE_GUARD__PLUS_SNAPDEPTH_DEPTH_ROLE_PCT100,nflverse_snap_depth_role,5518,0.755,0.014,0.000,rows=1453;candidate_error=2.9%;pyf_error=3.3%,rows=1453;candidate_error=2.9%;pyf_error=3.3%,older_late_rows=478;young_early_rows=2846,high_role_rows=1405;low_sparse_role_rows=1843,none,ADDITIVE_CANDIDATE
GAUNTLET_082_DECLINE_SMALL_HIGH_VOLUME_LATE_GUARD__PLUS_SNAPDEPTH_DEPTH_STABILITY_PCT025,nflverse_snap_depth_role,5518,0.756,0.014,0.001,rows=1453;candidate_error=3.0%;pyf_error=3.3%,rows=1453;candidate_error=3.0%;pyf_error=3.3%,older_late_rows=478;young_early_rows=2846,high_role_rows=1405;low_sparse_role_rows=1843,none,ADDITIVE_CANDIDATE
GAUNTLET_082_DECLINE_SMALL_HIGH_VOLUME_LATE_GUARD__PLUS_SNAPDEPTH_DEPTH_STABILITY_PCT050,nflverse_snap_depth_role,5518,0.757,0.015,0.002,rows=1453;candidate_error=3.0%;pyf_error=3.3%,rows=1453;candidate_error=3.0%;pyf_error=3.3%,older_late_rows=478;young_early_rows=2846,high_role_rows=1405;low_sparse_role_rows=1843,none,ADDITIVE_CANDIDATE
GAUNTLET_082_DECLINE_SMALL_HIGH_VOLUME_LATE_GUARD__PLUS_SNAPDEPTH_DEPTH_STABILITY_PCT100,nflverse_snap_depth_role,5518,0.758,0.016,0.003,rows=1453;candidate_error=3.0%;pyf_error=3.3%,rows=1453;candidate_error=3.0%;pyf_error=3.3%,older_late_rows=478;young_early_rows=2846,high_role_rows=1405;low_sparse_role_rows=1843,none,ADDITIVE_CANDIDATE
GAUNTLET_082_DECLINE_SMALL_HIGH_VOLUME_LATE_GUARD__PLUS_SNAPDEPTH_SNAP_DEPTH_ROLE_PCT025,nflverse_snap_depth_role,5518,0.755,0.013,-0.000,rows=1453;candidate_error=3.0%;pyf_error=3.3%,rows=1453;candidate_error=3.0%;pyf_error=3.3%,older_late_rows=478;young_early_rows=2846,high_role_rows=1405;low_sparse_role_rows=1843,none,ADDITIVE_CANDIDATE
GAUNTLET_082_DECLINE_SMALL_HIGH_VOLUME_LATE_GUARD__PLUS_SNAPDEPTH_SNAP_DEPTH_ROLE_PCT050,nflverse_snap_depth_role,5518,0.754,0.013,-0.001,rows=1453;candidate_error=2.8%;pyf_error=3.3%,rows=1453;candidate_error=2.8%;pyf_error=3.3%,older_late_rows=478;young_early_rows=2846,high_role_rows=1405;low_sparse_role_rows=1843,none,ADDITIVE_CANDIDATE
GAUNTLET_082_DECLINE_SMALL_HIGH_VOLUME_LATE_GUARD__PLUS_SNAPDEPTH_SNAP_DEPTH_ROLE_PCT100,nflverse_snap_depth_role,5518,0.754,0.012,-0.001,rows=1453;candidate_error=2.9%;pyf_error=3.3%,rows=1453;candidate_error=2.9%;pyf_error=3.3%,older_late_rows=478;young_early_rows=2846,high_role_rows=1405;low_sparse_role_rows=1843,none,ADDITIVE_CANDIDATE
GAUNTLET_083_DECLINE_DECLINE_COMBO_GUARD__PLUS_SNAPDEPTH_SNAP_SNAPS_PCT025,nflverse_snap_depth_role,5118,0.758,0.014,0.003,rows=1346;candidate_error=3.0%;pyf_error=3.3%,rows=1346;candidate_error=3.0%;pyf_error=3.3%,older_late_rows=448;young_early_rows=2630,high_role_rows=1304;low_sparse_role_rows=1714,partial_coverage_not_full_2013_2025_comparable,ADDITIVE_CANDIDATE
GAUNTLET_083_DECLINE_DECLINE_COMBO_GUARD__PLUS_SNAPDEPTH_SNAP_SNAPS_PCT050,nflverse_snap_depth_role,5118,0.757,0.014,0.002,rows=1346;candidate_error=3.0%;pyf_error=3.3%,rows=1346;candidate_error=3.0%;pyf_error=3.3%,older_late_rows=448;young_early_rows=2630,high_role_rows=1304;low_sparse_role_rows=1714,partial_coverage_not_full_2013_2025_comparable,ADDITIVE_CANDIDATE
GAUNTLET_083_DECLINE_DECLINE_COMBO_GUARD__PLUS_SNAPDEPTH_SNAP_SNAPS_PCT100,nflverse_snap_depth_role,5118,0.756,0.013,0.001,rows=1346;candidate_error=3.0%;pyf_error=3.3%,rows=1346;candidate_error=3.0%;pyf_error=3.3%,older_late_rows=448;young_early_rows=2630,high_role_rows=1304;low_sparse_role_rows=1714,partial_coverage_not_full_2013_2025_comparable,ADDITIVE_CANDIDATE
GAUNTLET_083_DECLINE_DECLINE_COMBO_GUARD__PLUS_SNAPDEPTH_SNAP_SHARE_PCT025,nflverse_snap_depth_role,5118,0.758,0.015,0.003,rows=1346;candidate_error=3.1%;pyf_error=3.3%,rows=1346;candidate_error=3.1%;pyf_error=3.3%,older_late_rows=448;young_early_rows=2630,high_role_rows=1304;low_sparse_role_rows=1714,partial_coverage_not_full_2013_2025_comparable,ADDITIVE_CANDIDATE
GAUNTLET_083_DECLINE_DECLINE_COMBO_GUARD__PLUS_SNAPDEPTH_SNAP_SHARE_PCT050,nflverse_snap_depth_role,5118,0.758,0.014,0.003,rows=1346;candidate_error=3.1%;pyf_error=3.3%,rows=1346;candidate_error=3.1%;pyf_error=3.3%,older_late_rows=448;young_early_rows=2630,high_role_rows=1304;low_sparse_role_rows=1714,partial_coverage_not_full_2013_2025_comparable,ADDITIVE_CANDIDATE
GAUNTLET_083_DECLINE_DECLINE_COMBO_GUARD__PLUS_SNAPDEPTH_SNAP_SHARE_PCT100,nflverse_snap_depth_role,5118,0.758,0.014,0.003,rows=1346;candidate_error=3.0%;pyf_error=3.3%,rows=1346;candidate_error=3.0%;pyf_error=3.3%,older_late_rows=448;young_early_rows=2630,high_role_rows=1304;low_sparse_role_rows=1714,partial_coverage_not_full_2013_2025_comparable,ADDITIVE_CANDIDATE
GAUNTLET_083_DECLINE_DECLINE_COMBO_GUARD__PLUS_SNAPDEPTH_SNAP_GAMES_PCT025,nflverse_snap_depth_role,5118,0.758,0.014,0.003,rows=1346;candidate_error=3.0%;pyf_error=3.3%,rows=1346;candidate_error=3.0%;pyf_error=3.3%,older_late_rows=448;young_early_rows=2630,high_role_rows=1304;low_sparse_role_rows=1714,partial_coverage_not_full_2013_2025_comparable,ADDITIVE_CANDIDATE
GAUNTLET_083_DECLINE_DECLINE_COMBO_GUARD__PLUS_SNAPDEPTH_SNAP_GAMES_PCT050,nflverse_snap_depth_role,5118,0.758,0.014,0.003,rows=1346;candidate_error=3.0%;pyf_error=3.3%,rows=1346;candidate_error=3.0%;pyf_error=3.3%,older_late_rows=448;young_early_rows=2630,high_role_rows=1304;low_sparse_role_rows=1714,partial_coverage_not_full_2013_2025_comparable,ADDITIVE_CANDIDATE
GAUNTLET_083_DECLINE_DECLINE_COMBO_GUARD__PLUS_SNAPDEPTH_SNAP_GAMES_PCT100,nflverse_snap_depth_role,5118,0.756,0.013,0.001,rows=1346;candidate_error=3.3%;pyf_error=3.3%,rows=1346;candidate_error=3.3%;pyf_error=3.3%,older_late_rows=448;young_early_rows=2630,high_role_rows=1304;low_sparse_role_rows=1714,partial_coverage_not_full_2013_2025_comparable,ADDITIVE_CANDIDATE
GAUNTLET_083_DECLINE_DECLINE_COMBO_GUARD__PLUS_SNAPDEPTH_SNAP_NOT_LOW_PCT025,nflverse_snap_depth_role,5122,0.759,0.015,0.004,rows=1350;candidate_error=3.1%;pyf_error=3.3%,rows=1350;candidate_error=3.1%;pyf_error=3.3%,older_late_rows=449;young_early_rows=2632,high_role_rows=1304;low_sparse_role_rows=1718,partial_coverage_not_full_2013_2025_comparable,ADDITIVE_CANDIDATE
GAUNTLET_083_DECLINE_DECLINE_COMBO_GUARD__PLUS_SNAPDEPTH_SNAP_NOT_LOW_PCT050,nflverse_snap_depth_role,5122,0.760,0.016,0.005,rows=1350;candidate_error=3.0%;pyf_error=3.3%,rows=1350;candidate_error=3.0%;pyf_error=3.3%,older_late_rows=449;young_early_rows=2632,high_role_rows=1304;low_sparse_role_rows=1718,partial_coverage_not_full_2013_2025_comparable,ADDITIVE_CANDIDATE
GAUNTLET_083_DECLINE_DECLINE_COMBO_GUARD__PLUS_SNAPDEPTH_SNAP_NOT_LOW_PCT100,nflverse_snap_depth_role,5122,0.763,0.019,0.008,rows=1350;candidate_error=3.0%;pyf_error=3.3%,rows=1350;candidate_error=3.0%;pyf_error=3.3%,older_late_rows=449;young_early_rows=2632,high_role_rows=1304;low_sparse_role_rows=1718,partial_coverage_not_full_2013_2025_comparable,ADDITIVE_CANDIDATE
GAUNTLET_083_DECLINE_DECLINE_COMBO_GUARD__PLUS_SNAPDEPTH_SNAP_ROLE_PCT025,nflverse_snap_depth_role,5122,0.758,0.014,0.003,rows=1350;candidate_error=3.1%;pyf_error=3.3%,rows=1350;candidate_error=3.1%;pyf_error=3.3%,older_late_rows=449;young_early_rows=2632,high_role_rows=1304;low_sparse_role_rows=1718,partial_coverage_not_full_2013_2025_comparable,ADDITIVE_CANDIDATE
GAUNTLET_083_DECLINE_DECLINE_COMBO_GUARD__PLUS_SNAPDEPTH_SNAP_ROLE_PCT050,nflverse_snap_depth_role,5122,0.758,0.014,0.003,rows=1350;candidate_error=3.1%;pyf_error=3.3%,rows=1350;candidate_error=3.1%;pyf_error=3.3%,older_late_rows=449;young_early_rows=2632,high_role_rows=1304;low_sparse_role_rows=1718,partial_coverage_not_full_2013_2025_comparable,ADDITIVE_CANDIDATE
GAUNTLET_083_DECLINE_DECLINE_COMBO_GUARD__PLUS_SNAPDEPTH_SNAP_ROLE_PCT100,nflverse_snap_depth_role,5122,0.758,0.014,0.003,rows=1350;candidate_error=3.0%;pyf_error=3.3%,rows=1350;candidate_error=3.0%;pyf_error=3.3%,older_late_rows=449;young_early_rows=2632,high_role_rows=1304;low_sparse_role_rows=1718,partial_coverage_not_full_2013_2025_comparable,ADDITIVE_CANDIDATE
GAUNTLET_083_DECLINE_DECLINE_COMBO_GUARD__PLUS_SNAPDEPTH_DEPTH_STARTER_WEEKS_PCT025,nflverse_snap_depth_role,5405,0.749,0.014,-0.006,rows=1369;candidate_error=3.3%;pyf_error=3.5%,rows=1369;candidate_error=3.3%;pyf_error=3.5%,older_late_rows=476;young_early_rows=2778,high_role_rows=1405;low_sparse_role_rows=1735,partial_coverage_not_full_2013_2025_comparable,ADDITIVE_CANDIDATE
GAUNTLET_083_DECLINE_DECLINE_COMBO_GUARD__PLUS_SNAPDEPTH_DEPTH_STARTER_WEEKS_PCT050,nflverse_snap_depth_role,5405,0.749,0.014,-0.006,rows=1369;candidate_error=3.1%;pyf_error=3.5%,rows=1369;candidate_error=3.1%;pyf_error=3.5%,older_late_rows=476;young_early_rows=2778,high_role_rows=1405;low_sparse_role_rows=1735,partial_coverage_not_full_2013_2025_comparable,ADDITIVE_CANDIDATE
GAUNTLET_083_DECLINE_DECLINE_COMBO_GUARD__PLUS_SNAPDEPTH_DEPTH_STARTER_WEEKS_PCT100,nflverse_snap_depth_role,5405,0.748,0.013,-0.007,rows=1369;candidate_error=3.1%;pyf_error=3.5%,rows=1369;candidate_error=3.1%;pyf_error=3.5%,older_late_rows=476;young_early_rows=2778,high_role_rows=1405;low_sparse_role_rows=1735,partial_coverage_not_full_2013_2025_comparable,ADDITIVE_CANDIDATE
GAUNTLET_083_DECLINE_DECLINE_COMBO_GUARD__PLUS_SNAPDEPTH_DEPTH_ROLE_PCT025,nflverse_snap_depth_role,5518,0.755,0.014,0.000,rows=1453;candidate_error=3.1%;pyf_error=3.3%,rows=1453;candidate_error=3.1%;pyf_error=3.3%,older_late_rows=478;young_early_rows=2846,high_role_rows=1405;low_sparse_role_rows=1843,none,ADDITIVE_CANDIDATE
GAUNTLET_083_DECLINE_DECLINE_COMBO_GUARD__PLUS_SNAPDEPTH_DEPTH_ROLE_PCT050,nflverse_snap_depth_role,5518,0.755,0.014,0.000,rows=1453;candidate_error=3.0%;pyf_error=3.3%,rows=1453;candidate_error=3.0%;pyf_error=3.3%,older_late_rows=478;young_early_rows=2846,high_role_rows=1405;low_sparse_role_rows=1843,none,ADDITIVE_CANDIDATE
GAUNTLET_083_DECLINE_DECLINE_COMBO_GUARD__PLUS_SNAPDEPTH_DEPTH_ROLE_PCT100,nflverse_snap_depth_role,5518,0.756,0.014,0.001,rows=1453;candidate_error=3.0%;pyf_error=3.3%,rows=1453;candidate_error=3.0%;pyf_error=3.3%,older_late_rows=478;young_early_rows=2846,high_role_rows=1405;low_sparse_role_rows=1843,none,ADDITIVE_CANDIDATE
GAUNTLET_083_DECLINE_DECLINE_COMBO_GUARD__PLUS_SNAPDEPTH_DEPTH_STABILITY_PCT025,nflverse_snap_depth_role,5518,0.756,0.014,0.001,rows=1453;candidate_error=3.1%;pyf_error=3.3%,rows=1453;candidate_error=3.1%;pyf_error=3.3%,older_late_rows=478;young_early_rows=2846,high_role_rows=1405;low_sparse_role_rows=1843,none,ADDITIVE_CANDIDATE
GAUNTLET_083_DECLINE_DECLINE_COMBO_GUARD__PLUS_SNAPDEPTH_DEPTH_STABILITY_PCT050,nflverse_snap_depth_role,5518,0.757,0.016,0.002,rows=1453;candidate_error=3.0%;pyf_error=3.3%,rows=1453;candidate_error=3.0%;pyf_error=3.3%,older_late_rows=478;young_early_rows=2846,high_role_rows=1405;low_sparse_role_rows=1843,none,ADDITIVE_CANDIDATE
GAUNTLET_083_DECLINE_DECLINE_COMBO_GUARD__PLUS_SNAPDEPTH_DEPTH_STABILITY_PCT100,nflverse_snap_depth_role,5518,0.758,0.017,0.003,rows=1453;candidate_error=3.0%;pyf_error=3.3%,rows=1453;candidate_error=3.0%;pyf_error=3.3%,older_late_rows=478;young_early_rows=2846,high_role_rows=1405;low_sparse_role_rows=1843,none,ADDITIVE_CANDIDATE
GAUNTLET_083_DECLINE_DECLINE_COMBO_GUARD__PLUS_SNAPDEPTH_SNAP_DEPTH_ROLE_PCT025,nflverse_snap_depth_role,5518,0.755,0.013,-0.000,rows=1453;candidate_error=3.1%;pyf_error=3.3%,rows=1453;candidate_error=3.1%;pyf_error=3.3%,older_late_rows=478;young_early_rows=2846,high_role_rows=1405;low_sparse_role_rows=1843,none,ADDITIVE_CANDIDATE
GAUNTLET_083_DECLINE_DECLINE_COMBO_GUARD__PLUS_SNAPDEPTH_SNAP_DEPTH_ROLE_PCT050,nflverse_snap_depth_role,5518,0.755,0.013,-0.000,rows=1453;candidate_error=3.1%;pyf_error=3.3%,rows=1453;candidate_error=3.1%;pyf_error=3.3%,older_late_rows=478;young_early_rows=2846,high_role_rows=1405;low_sparse_role_rows=1843,none,ADDITIVE_CANDIDATE
GAUNTLET_083_DECLINE_DECLINE_COMBO_GUARD__PLUS_SNAPDEPTH_SNAP_DEPTH_ROLE_PCT100,nflverse_snap_depth_role,5518,0.754,0.012,-0.001,rows=1453;candidate_error=3.0%;pyf_error=3.3%,rows=1453;candidate_error=3.0%;pyf_error=3.3%,older_late_rows=478;young_early_rows=2846,high_role_rows=1405;low_sparse_role_rows=1843,none,ADDITIVE_CANDIDATE
GAUNTLET_103_HYBRID_WR_TE_THREE_65_ROLE_AGE__PLUS_SNAPDEPTH_SNAP_SNAPS_PCT025,nflverse_snap_depth_role,3092,0.752,0.013,-0.003,rows=718;candidate_error=1.8%;pyf_error=2.2%,rows=718;candidate_error=1.8%;pyf_error=2.2%,older_late_rows=199;young_early_rows=1613,high_role_rows=789;low_sparse_role_rows=952,partial_coverage_not_full_2013_2025_comparable,ADDITIVE_CANDIDATE
GAUNTLET_103_HYBRID_WR_TE_THREE_65_ROLE_AGE__PLUS_SNAPDEPTH_SNAP_SNAPS_PCT050,nflverse_snap_depth_role,3092,0.752,0.013,-0.003,rows=718;candidate_error=1.8%;pyf_error=2.2%,rows=718;candidate_error=1.8%;pyf_error=2.2%,older_late_rows=199;young_early_rows=1613,high_role_rows=789;low_sparse_role_rows=952,partial_coverage_not_full_2013_2025_comparable,ADDITIVE_CANDIDATE
GAUNTLET_103_HYBRID_WR_TE_THREE_65_ROLE_AGE__PLUS_SNAPDEPTH_SNAP_SNAPS_PCT100,nflverse_snap_depth_role,3092,0.751,0.012,-0.004,rows=718;candidate_error=1.8%;pyf_error=2.2%,rows=718;candidate_error=1.8%;pyf_error=2.2%,older_late_rows=199;young_early_rows=1613,high_role_rows=789;low_sparse_role_rows=952,partial_coverage_not_full_2013_2025_comparable,ADDITIVE_CANDIDATE
GAUNTLET_103_HYBRID_WR_TE_THREE_65_ROLE_AGE__PLUS_SNAPDEPTH_SNAP_SHARE_PCT025,nflverse_snap_depth_role,3092,0.753,0.014,-0.002,rows=718;candidate_error=1.8%;pyf_error=2.2%,rows=718;candidate_error=1.8%;pyf_error=2.2%,older_late_rows=199;young_early_rows=1613,high_role_rows=789;low_sparse_role_rows=952,partial_coverage_not_full_2013_2025_comparable,ADDITIVE_CANDIDATE
GAUNTLET_103_HYBRID_WR_TE_THREE_65_ROLE_AGE__PLUS_SNAPDEPTH_SNAP_SHARE_PCT050,nflverse_snap_depth_role,3092,0.753,0.013,-0.002,rows=718;candidate_error=1.8%;pyf_error=2.2%,rows=718;candidate_error=1.8%;pyf_error=2.2%,older_late_rows=199;young_early_rows=1613,high_role_rows=789;low_sparse_role_rows=952,partial_coverage_not_full_2013_2025_comparable,ADDITIVE_CANDIDATE
GAUNTLET_103_HYBRID_WR_TE_THREE_65_ROLE_AGE__PLUS_SNAPDEPTH_SNAP_SHARE_PCT100,nflverse_snap_depth_role,3092,0.752,0.013,-0.003,rows=718;candidate_error=1.9%;pyf_error=2.2%,rows=718;candidate_error=1.9%;pyf_error=2.2%,older_late_rows=199;young_early_rows=1613,high_role_rows=789;low_sparse_role_rows=952,partial_coverage_not_full_2013_2025_comparable,ADDITIVE_CANDIDATE
GAUNTLET_103_HYBRID_WR_TE_THREE_65_ROLE_AGE__PLUS_SNAPDEPTH_SNAP_GAMES_PCT025,nflverse_snap_depth_role,3092,0.753,0.013,-0.002,rows=718;candidate_error=1.8%;pyf_error=2.2%,rows=718;candidate_error=1.8%;pyf_error=2.2%,older_late_rows=199;young_early_rows=1613,high_role_rows=789;low_sparse_role_rows=952,partial_coverage_not_full_2013_2025_comparable,ADDITIVE_CANDIDATE
GAUNTLET_103_HYBRID_WR_TE_THREE_65_ROLE_AGE__PLUS_SNAPDEPTH_SNAP_GAMES_PCT050,nflverse_snap_depth_role,3092,0.752,0.013,-0.003,rows=718;candidate_error=1.8%;pyf_error=2.2%,rows=718;candidate_error=1.8%;pyf_error=2.2%,older_late_rows=199;young_early_rows=1613,high_role_rows=789;low_sparse_role_rows=952,partial_coverage_not_full_2013_2025_comparable,ADDITIVE_CANDIDATE
GAUNTLET_103_HYBRID_WR_TE_THREE_65_ROLE_AGE__PLUS_SNAPDEPTH_SNAP_GAMES_PCT100,nflverse_snap_depth_role,3092,0.751,0.012,-0.004,rows=718;candidate_error=2.1%;pyf_error=2.2%,rows=718;candidate_error=2.1%;pyf_error=2.2%,older_late_rows=199;young_early_rows=1613,high_role_rows=789;low_sparse_role_rows=952,partial_coverage_not_full_2013_2025_comparable,ADDITIVE_CANDIDATE
GAUNTLET_103_HYBRID_WR_TE_THREE_65_ROLE_AGE__PLUS_SNAPDEPTH_SNAP_NOT_LOW_PCT025,nflverse_snap_depth_role,3096,0.755,0.015,-0.000,rows=722;candidate_error=1.8%;pyf_error=2.2%,rows=722;candidate_error=1.8%;pyf_error=2.2%,older_late_rows=200;young_early_rows=1615,high_role_rows=789;low_sparse_role_rows=956,partial_coverage_not_full_2013_2025_comparable,ADDITIVE_CANDIDATE
GAUNTLET_103_HYBRID_WR_TE_THREE_65_ROLE_AGE__PLUS_SNAPDEPTH_SNAP_NOT_LOW_PCT050,nflverse_snap_depth_role,3096,0.756,0.016,0.001,rows=722;candidate_error=1.8%;pyf_error=2.2%,rows=722;candidate_error=1.8%;pyf_error=2.2%,older_late_rows=200;young_early_rows=1615,high_role_rows=789;low_sparse_role_rows=956,partial_coverage_not_full_2013_2025_comparable,ADDITIVE_CANDIDATE
GAUNTLET_103_HYBRID_WR_TE_THREE_65_ROLE_AGE__PLUS_SNAPDEPTH_SNAP_NOT_LOW_PCT100,nflverse_snap_depth_role,3096,0.759,0.019,0.004,rows=722;candidate_error=1.7%;pyf_error=2.2%,rows=722;candidate_error=1.7%;pyf_error=2.2%,older_late_rows=200;young_early_rows=1615,high_role_rows=789;low_sparse_role_rows=956,partial_coverage_not_full_2013_2025_comparable,ADDITIVE_CANDIDATE
GAUNTLET_103_HYBRID_WR_TE_THREE_65_ROLE_AGE__PLUS_SNAPDEPTH_SNAP_ROLE_PCT025,nflverse_snap_depth_role,3096,0.753,0.013,-0.002,rows=722;candidate_error=1.8%;pyf_error=2.2%,rows=722;candidate_error=1.8%;pyf_error=2.2%,older_late_rows=200;young_early_rows=1615,high_role_rows=789;low_sparse_role_rows=956,partial_coverage_not_full_2013_2025_comparable,ADDITIVE_CANDIDATE
GAUNTLET_103_HYBRID_WR_TE_THREE_65_ROLE_AGE__PLUS_SNAPDEPTH_SNAP_ROLE_PCT050,nflverse_snap_depth_role,3096,0.753,0.013,-0.002,rows=722;candidate_error=1.8%;pyf_error=2.2%,rows=722;candidate_error=1.8%;pyf_error=2.2%,older_late_rows=200;young_early_rows=1615,high_role_rows=789;low_sparse_role_rows=956,partial_coverage_not_full_2013_2025_comparable,ADDITIVE_CANDIDATE
GAUNTLET_103_HYBRID_WR_TE_THREE_65_ROLE_AGE__PLUS_SNAPDEPTH_SNAP_ROLE_PCT100,nflverse_snap_depth_role,3096,0.752,0.013,-0.003,rows=722;candidate_error=1.8%;pyf_error=2.2%,rows=722;candidate_error=1.8%;pyf_error=2.2%,older_late_rows=200;young_early_rows=1615,high_role_rows=789;low_sparse_role_rows=956,partial_coverage_not_full_2013_2025_comparable,ADDITIVE_CANDIDATE
GAUNTLET_103_HYBRID_WR_TE_THREE_65_ROLE_AGE__PLUS_SNAPDEPTH_DEPTH_STARTER_WEEKS_PCT025,nflverse_snap_depth_role,3283,0.744,0.013,-0.011,rows=735;candidate_error=1.9%;pyf_error=2.3%,rows=735;candidate_error=1.9%;pyf_error=2.3%,older_late_rows=214;young_early_rows=1718,high_role_rows=850;low_sparse_role_rows=977,partial_coverage_not_full_2013_2025_comparable,ADDITIVE_CANDIDATE
GAUNTLET_103_HYBRID_WR_TE_THREE_65_ROLE_AGE__PLUS_SNAPDEPTH_DEPTH_STARTER_WEEKS_PCT050,nflverse_snap_depth_role,3283,0.744,0.013,-0.011,rows=735;candidate_error=1.9%;pyf_error=2.3%,rows=735;candidate_error=1.9%;pyf_error=2.3%,older_late_rows=214;young_early_rows=1718,high_role_rows=850;low_sparse_role_rows=977,partial_coverage_not_full_2013_2025_comparable,ADDITIVE_CANDIDATE
GAUNTLET_103_HYBRID_WR_TE_THREE_65_ROLE_AGE__PLUS_SNAPDEPTH_DEPTH_STARTER_WEEKS_PCT100,nflverse_snap_depth_role,3283,0.743,0.013,-0.012,rows=735;candidate_error=1.9%;pyf_error=2.3%,rows=735;candidate_error=1.9%;pyf_error=2.3%,older_late_rows=214;young_early_rows=1718,high_role_rows=850;low_sparse_role_rows=977,partial_coverage_not_full_2013_2025_comparable,ADDITIVE_CANDIDATE
GAUNTLET_103_HYBRID_WR_TE_THREE_65_ROLE_AGE__PLUS_SNAPDEPTH_DEPTH_ROLE_PCT025,nflverse_snap_depth_role,3335,0.749,0.013,-0.006,rows=781;candidate_error=1.8%;pyf_error=2.2%,rows=781;candidate_error=1.8%;pyf_error=2.2%,older_late_rows=216;young_early_rows=1748,high_role_rows=850;low_sparse_role_rows=1028,partial_coverage_not_full_2013_2025_comparable,ADDITIVE_CANDIDATE
GAUNTLET_103_HYBRID_WR_TE_THREE_65_ROLE_AGE__PLUS_SNAPDEPTH_DEPTH_ROLE_PCT050,nflverse_snap_depth_role,3335,0.749,0.013,-0.006,rows=781;candidate_error=1.8%;pyf_error=2.2%,rows=781;candidate_error=1.8%;pyf_error=2.2%,older_late_rows=216;young_early_rows=1748,high_role_rows=850;low_sparse_role_rows=1028,partial_coverage_not_full_2013_2025_comparable,ADDITIVE_CANDIDATE
GAUNTLET_103_HYBRID_WR_TE_THREE_65_ROLE_AGE__PLUS_SNAPDEPTH_DEPTH_ROLE_PCT100,nflverse_snap_depth_role,3335,0.750,0.014,-0.005,rows=781;candidate_error=1.8%;pyf_error=2.2%,rows=781;candidate_error=1.8%;pyf_error=2.2%,older_late_rows=216;young_early_rows=1748,high_role_rows=850;low_sparse_role_rows=1028,partial_coverage_not_full_2013_2025_comparable,ADDITIVE_CANDIDATE
GAUNTLET_103_HYBRID_WR_TE_THREE_65_ROLE_AGE__PLUS_SNAPDEPTH_DEPTH_STABILITY_PCT025,nflverse_snap_depth_role,3335,0.750,0.014,-0.005,rows=781;candidate_error=1.8%;pyf_error=2.2%,rows=781;candidate_error=1.8%;pyf_error=2.2%,older_late_rows=216;young_early_rows=1748,high_role_rows=850;low_sparse_role_rows=1028,partial_coverage_not_full_2013_2025_comparable,ADDITIVE_CANDIDATE
GAUNTLET_103_HYBRID_WR_TE_THREE_65_ROLE_AGE__PLUS_SNAPDEPTH_DEPTH_STABILITY_PCT050,nflverse_snap_depth_role,3335,0.751,0.015,-0.004,rows=781;candidate_error=1.8%;pyf_error=2.2%,rows=781;candidate_error=1.8%;pyf_error=2.2%,older_late_rows=216;young_early_rows=1748,high_role_rows=850;low_sparse_role_rows=1028,partial_coverage_not_full_2013_2025_comparable,ADDITIVE_CANDIDATE
GAUNTLET_103_HYBRID_WR_TE_THREE_65_ROLE_AGE__PLUS_SNAPDEPTH_DEPTH_STABILITY_PCT100,nflverse_snap_depth_role,3335,0.752,0.016,-0.003,rows=781;candidate_error=1.7%;pyf_error=2.2%,rows=781;candidate_error=1.7%;pyf_error=2.2%,older_late_rows=216;young_early_rows=1748,high_role_rows=850;low_sparse_role_rows=1028,partial_coverage_not_full_2013_2025_comparable,ADDITIVE_CANDIDATE
GAUNTLET_103_HYBRID_WR_TE_THREE_65_ROLE_AGE__PLUS_SNAPDEPTH_SNAP_DEPTH_ROLE_PCT025,nflverse_snap_depth_role,3335,0.749,0.012,-0.006,rows=781;candidate_error=1.8%;pyf_error=2.2%,rows=781;candidate_error=1.8%;pyf_error=2.2%,older_late_rows=216;young_early_rows=1748,high_role_rows=850;low_sparse_role_rows=1028,partial_coverage_not_full_2013_2025_comparable,ADDITIVE_CANDIDATE
GAUNTLET_103_HYBRID_WR_TE_THREE_65_ROLE_AGE__PLUS_SNAPDEPTH_SNAP_DEPTH_ROLE_PCT050,nflverse_snap_depth_role,3335,0.748,0.012,-0.007,rows=781;candidate_error=1.8%;pyf_error=2.2%,rows=781;candidate_error=1.8%;pyf_error=2.2%,older_late_rows=216;young_early_rows=1748,high_role_rows=850;low_sparse_role_rows=1028,partial_coverage_not_full_2013_2025_comparable,ADDITIVE_CANDIDATE
GAUNTLET_103_HYBRID_WR_TE_THREE_65_ROLE_AGE__PLUS_SNAPDEPTH_SNAP_DEPTH_ROLE_PCT100,nflverse_snap_depth_role,3335,0.747,0.011,-0.008,rows=781;candidate_error=1.8%;pyf_error=2.2%,rows=781;candidate_error=1.8%;pyf_error=2.2%,older_late_rows=216;young_early_rows=1748,high_role_rows=850;low_sparse_role_rows=1028,partial_coverage_not_full_2013_2025_comparable,ADDITIVE_CANDIDATE
GAUNTLET_094_ROLE_WR_TE_TARGET_ROLE_REPORT__PLUS_SNAPDEPTH_SNAP_SNAPS_PCT025,nflverse_snap_depth_role,3092,0.752,0.013,-0.003,rows=718;candidate_error=1.9%;pyf_error=2.2%,rows=718;candidate_error=1.9%;pyf_error=2.2%,older_late_rows=199;young_early_rows=1613,high_role_rows=789;low_sparse_role_rows=952,partial_coverage_not_full_2013_2025_comparable,ADDITIVE_CANDIDATE
GAUNTLET_094_ROLE_WR_TE_TARGET_ROLE_REPORT__PLUS_SNAPDEPTH_SNAP_SNAPS_PCT050,nflverse_snap_depth_role,3092,0.752,0.013,-0.003,rows=718;candidate_error=1.8%;pyf_error=2.2%,rows=718;candidate_error=1.8%;pyf_error=2.2%,older_late_rows=199;young_early_rows=1613,high_role_rows=789;low_sparse_role_rows=952,partial_coverage_not_full_2013_2025_comparable,ADDITIVE_CANDIDATE
GAUNTLET_094_ROLE_WR_TE_TARGET_ROLE_REPORT__PLUS_SNAPDEPTH_SNAP_SNAPS_PCT100,nflverse_snap_depth_role,3092,0.751,0.012,-0.004,rows=718;candidate_error=1.8%;pyf_error=2.2%,rows=718;candidate_error=1.8%;pyf_error=2.2%,older_late_rows=199;young_early_rows=1613,high_role_rows=789;low_sparse_role_rows=952,partial_coverage_not_full_2013_2025_comparable,ADDITIVE_CANDIDATE
GAUNTLET_094_ROLE_WR_TE_TARGET_ROLE_REPORT__PLUS_SNAPDEPTH_SNAP_SHARE_PCT025,nflverse_snap_depth_role,3092,0.752,0.013,-0.003,rows=718;candidate_error=1.8%;pyf_error=2.2%,rows=718;candidate_error=1.8%;pyf_error=2.2%,older_late_rows=199;young_early_rows=1613,high_role_rows=789;low_sparse_role_rows=952,partial_coverage_not_full_2013_2025_comparable,ADDITIVE_CANDIDATE
GAUNTLET_094_ROLE_WR_TE_TARGET_ROLE_REPORT__PLUS_SNAPDEPTH_SNAP_SHARE_PCT050,nflverse_snap_depth_role,3092,0.752,0.013,-0.003,rows=718;candidate_error=1.8%;pyf_error=2.2%,rows=718;candidate_error=1.8%;pyf_error=2.2%,older_late_rows=199;young_early_rows=1613,high_role_rows=789;low_sparse_role_rows=952,partial_coverage_not_full_2013_2025_comparable,ADDITIVE_CANDIDATE
GAUNTLET_094_ROLE_WR_TE_TARGET_ROLE_REPORT__PLUS_SNAPDEPTH_SNAP_SHARE_PCT100,nflverse_snap_depth_role,3092,0.752,0.013,-0.003,rows=718;candidate_error=1.9%;pyf_error=2.2%,rows=718;candidate_error=1.9%;pyf_error=2.2%,older_late_rows=199;young_early_rows=1613,high_role_rows=789;low_sparse_role_rows=952,partial_coverage_not_full_2013_2025_comparable,ADDITIVE_CANDIDATE
GAUNTLET_094_ROLE_WR_TE_TARGET_ROLE_REPORT__PLUS_SNAPDEPTH_SNAP_GAMES_PCT025,nflverse_snap_depth_role,3092,0.752,0.013,-0.003,rows=718;candidate_error=1.9%;pyf_error=2.2%,rows=718;candidate_error=1.9%;pyf_error=2.2%,older_late_rows=199;young_early_rows=1613,high_role_rows=789;low_sparse_role_rows=952,partial_coverage_not_full_2013_2025_comparable,ADDITIVE_CANDIDATE
GAUNTLET_094_ROLE_WR_TE_TARGET_ROLE_REPORT__PLUS_SNAPDEPTH_SNAP_GAMES_PCT050,nflverse_snap_depth_role,3092,0.752,0.013,-0.003,rows=718;candidate_error=1.8%;pyf_error=2.2%,rows=718;candidate_error=1.8%;pyf_error=2.2%,older_late_rows=199;young_early_rows=1613,high_role_rows=789;low_sparse_role_rows=952,partial_coverage_not_full_2013_2025_comparable,ADDITIVE_CANDIDATE
GAUNTLET_094_ROLE_WR_TE_TARGET_ROLE_REPORT__PLUS_SNAPDEPTH_SNAP_GAMES_PCT100,nflverse_snap_depth_role,3092,0.750,0.011,-0.005,rows=718;candidate_error=2.2%;pyf_error=2.2%,rows=718;candidate_error=2.2%;pyf_error=2.2%,older_late_rows=199;young_early_rows=1613,high_role_rows=789;low_sparse_role_rows=952,partial_coverage_not_full_2013_2025_comparable,ADDITIVE_CANDIDATE
GAUNTLET_094_ROLE_WR_TE_TARGET_ROLE_REPORT__PLUS_SNAPDEPTH_SNAP_NOT_LOW_PCT025,nflverse_snap_depth_role,3096,0.754,0.014,-0.001,rows=722;candidate_error=1.8%;pyf_error=2.2%,rows=722;candidate_error=1.8%;pyf_error=2.2%,older_late_rows=200;young_early_rows=1615,high_role_rows=789;low_sparse_role_rows=956,partial_coverage_not_full_2013_2025_comparable,ADDITIVE_CANDIDATE
GAUNTLET_094_ROLE_WR_TE_TARGET_ROLE_REPORT__PLUS_SNAPDEPTH_SNAP_NOT_LOW_PCT050,nflverse_snap_depth_role,3096,0.756,0.016,0.001,rows=722;candidate_error=1.8%;pyf_error=2.2%,rows=722;candidate_error=1.8%;pyf_error=2.2%,older_late_rows=200;young_early_rows=1615,high_role_rows=789;low_sparse_role_rows=956,partial_coverage_not_full_2013_2025_comparable,ADDITIVE_CANDIDATE
GAUNTLET_094_ROLE_WR_TE_TARGET_ROLE_REPORT__PLUS_SNAPDEPTH_SNAP_NOT_LOW_PCT100,nflverse_snap_depth_role,3096,0.758,0.019,0.003,rows=722;candidate_error=1.7%;pyf_error=2.2%,rows=722;candidate_error=1.7%;pyf_error=2.2%,older_late_rows=200;young_early_rows=1615,high_role_rows=789;low_sparse_role_rows=956,partial_coverage_not_full_2013_2025_comparable,ADDITIVE_CANDIDATE
GAUNTLET_094_ROLE_WR_TE_TARGET_ROLE_REPORT__PLUS_SNAPDEPTH_SNAP_ROLE_PCT025,nflverse_snap_depth_role,3096,0.753,0.013,-0.002,rows=722;candidate_error=1.9%;pyf_error=2.2%,rows=722;candidate_error=1.9%;pyf_error=2.2%,older_late_rows=200;young_early_rows=1615,high_role_rows=789;low_sparse_role_rows=956,partial_coverage_not_full_2013_2025_comparable,ADDITIVE_CANDIDATE
GAUNTLET_094_ROLE_WR_TE_TARGET_ROLE_REPORT__PLUS_SNAPDEPTH_SNAP_ROLE_PCT050,nflverse_snap_depth_role,3096,0.753,0.013,-0.002,rows=722;candidate_error=1.8%;pyf_error=2.2%,rows=722;candidate_error=1.8%;pyf_error=2.2%,older_late_rows=200;young_early_rows=1615,high_role_rows=789;low_sparse_role_rows=956,partial_coverage_not_full_2013_2025_comparable,ADDITIVE_CANDIDATE
GAUNTLET_094_ROLE_WR_TE_TARGET_ROLE_REPORT__PLUS_SNAPDEPTH_SNAP_ROLE_PCT100,nflverse_snap_depth_role,3096,0.752,0.013,-0.003,rows=722;candidate_error=1.7%;pyf_error=2.2%,rows=722;candidate_error=1.7%;pyf_error=2.2%,older_late_rows=200;young_early_rows=1615,high_role_rows=789;low_sparse_role_rows=956,partial_coverage_not_full_2013_2025_comparable,ADDITIVE_CANDIDATE
GAUNTLET_094_ROLE_WR_TE_TARGET_ROLE_REPORT__PLUS_SNAPDEPTH_DEPTH_STARTER_WEEKS_PCT025,nflverse_snap_depth_role,3283,0.743,0.013,-0.012,rows=735;candidate_error=2.0%;pyf_error=2.3%,rows=735;candidate_error=2.0%;pyf_error=2.3%,older_late_rows=214;young_early_rows=1718,high_role_rows=850;low_sparse_role_rows=977,partial_coverage_not_full_2013_2025_comparable,ADDITIVE_CANDIDATE
GAUNTLET_094_ROLE_WR_TE_TARGET_ROLE_REPORT__PLUS_SNAPDEPTH_DEPTH_STARTER_WEEKS_PCT050,nflverse_snap_depth_role,3283,0.743,0.013,-0.012,rows=735;candidate_error=2.0%;pyf_error=2.3%,rows=735;candidate_error=2.0%;pyf_error=2.3%,older_late_rows=214;young_early_rows=1718,high_role_rows=850;low_sparse_role_rows=977,partial_coverage_not_full_2013_2025_comparable,ADDITIVE_CANDIDATE
GAUNTLET_094_ROLE_WR_TE_TARGET_ROLE_REPORT__PLUS_SNAPDEPTH_DEPTH_STARTER_WEEKS_PCT100,nflverse_snap_depth_role,3283,0.743,0.013,-0.012,rows=735;candidate_error=1.9%;pyf_error=2.3%,rows=735;candidate_error=1.9%;pyf_error=2.3%,older_late_rows=214;young_early_rows=1718,high_role_rows=850;low_sparse_role_rows=977,partial_coverage_not_full_2013_2025_comparable,ADDITIVE_CANDIDATE
GAUNTLET_094_ROLE_WR_TE_TARGET_ROLE_REPORT__PLUS_SNAPDEPTH_DEPTH_ROLE_PCT025,nflverse_snap_depth_role,3335,0.748,0.012,-0.007,rows=781;candidate_error=1.8%;pyf_error=2.2%,rows=781;candidate_error=1.8%;pyf_error=2.2%,older_late_rows=216;young_early_rows=1748,high_role_rows=850;low_sparse_role_rows=1028,partial_coverage_not_full_2013_2025_comparable,ADDITIVE_CANDIDATE
GAUNTLET_094_ROLE_WR_TE_TARGET_ROLE_REPORT__PLUS_SNAPDEPTH_DEPTH_ROLE_PCT050,nflverse_snap_depth_role,3335,0.749,0.013,-0.006,rows=781;candidate_error=1.8%;pyf_error=2.2%,rows=781;candidate_error=1.8%;pyf_error=2.2%,older_late_rows=216;young_early_rows=1748,high_role_rows=850;low_sparse_role_rows=1028,partial_coverage_not_full_2013_2025_comparable,ADDITIVE_CANDIDATE
GAUNTLET_094_ROLE_WR_TE_TARGET_ROLE_REPORT__PLUS_SNAPDEPTH_DEPTH_ROLE_PCT100,nflverse_snap_depth_role,3335,0.749,0.013,-0.006,rows=781;candidate_error=1.8%;pyf_error=2.2%,rows=781;candidate_error=1.8%;pyf_error=2.2%,older_late_rows=216;young_early_rows=1748,high_role_rows=850;low_sparse_role_rows=1028,partial_coverage_not_full_2013_2025_comparable,ADDITIVE_CANDIDATE
GAUNTLET_094_ROLE_WR_TE_TARGET_ROLE_REPORT__PLUS_SNAPDEPTH_DEPTH_STABILITY_PCT025,nflverse_snap_depth_role,3335,0.750,0.013,-0.005,rows=781;candidate_error=1.8%;pyf_error=2.2%,rows=781;candidate_error=1.8%;pyf_error=2.2%,older_late_rows=216;young_early_rows=1748,high_role_rows=850;low_sparse_role_rows=1028,partial_coverage_not_full_2013_2025_comparable,ADDITIVE_CANDIDATE
GAUNTLET_094_ROLE_WR_TE_TARGET_ROLE_REPORT__PLUS_SNAPDEPTH_DEPTH_STABILITY_PCT050,nflverse_snap_depth_role,3335,0.751,0.015,-0.004,rows=781;candidate_error=1.8%;pyf_error=2.2%,rows=781;candidate_error=1.8%;pyf_error=2.2%,older_late_rows=216;young_early_rows=1748,high_role_rows=850;low_sparse_role_rows=1028,partial_coverage_not_full_2013_2025_comparable,ADDITIVE_CANDIDATE
GAUNTLET_094_ROLE_WR_TE_TARGET_ROLE_REPORT__PLUS_SNAPDEPTH_DEPTH_STABILITY_PCT100,nflverse_snap_depth_role,3335,0.752,0.016,-0.003,rows=781;candidate_error=1.8%;pyf_error=2.2%,rows=781;candidate_error=1.8%;pyf_error=2.2%,older_late_rows=216;young_early_rows=1748,high_role_rows=850;low_sparse_role_rows=1028,partial_coverage_not_full_2013_2025_comparable,ADDITIVE_CANDIDATE
GAUNTLET_094_ROLE_WR_TE_TARGET_ROLE_REPORT__PLUS_SNAPDEPTH_SNAP_DEPTH_ROLE_PCT025,nflverse_snap_depth_role,3335,0.748,0.012,-0.007,rows=781;candidate_error=1.8%;pyf_error=2.2%,rows=781;candidate_error=1.8%;pyf_error=2.2%,older_late_rows=216;young_early_rows=1748,high_role_rows=850;low_sparse_role_rows=1028,partial_coverage_not_full_2013_2025_comparable,ADDITIVE_CANDIDATE
GAUNTLET_094_ROLE_WR_TE_TARGET_ROLE_REPORT__PLUS_SNAPDEPTH_SNAP_DEPTH_ROLE_PCT050,nflverse_snap_depth_role,3335,0.748,0.012,-0.007,rows=781;candidate_error=1.8%;pyf_error=2.2%,rows=781;candidate_error=1.8%;pyf_error=2.2%,older_late_rows=216;young_early_rows=1748,high_role_rows=850;low_sparse_role_rows=1028,partial_coverage_not_full_2013_2025_comparable,ADDITIVE_CANDIDATE
GAUNTLET_094_ROLE_WR_TE_TARGET_ROLE_REPORT__PLUS_SNAPDEPTH_SNAP_DEPTH_ROLE_PCT100,nflverse_snap_depth_role,3335,0.747,0.011,-0.008,rows=781;candidate_error=1.7%;pyf_error=2.2%,rows=781;candidate_error=1.7%;pyf_error=2.2%,older_late_rows=216;young_early_rows=1748,high_role_rows=850;low_sparse_role_rows=1028,partial_coverage_not_full_2013_2025_comparable,ADDITIVE_CANDIDATE
GAUNTLET_039_QB_THREE_55_30_15__PLUS_SNAPDEPTH_SNAP_SNAPS_PCT025,nflverse_snap_depth_role,702,0.731,0.026,-0.024,rows=309;candidate_error=3.2%;pyf_error=3.2%,rows=309;candidate_error=3.2%;pyf_error=3.2%,older_late_rows=201;young_early_rows=232,high_role_rows=181;low_sparse_role_rows=317,partial_coverage_not_full_2013_2025_comparable,ADDITIVE_CANDIDATE
GAUNTLET_039_QB_THREE_55_30_15__PLUS_SNAPDEPTH_SNAP_SNAPS_PCT050,nflverse_snap_depth_role,702,0.731,0.025,-0.024,rows=309;candidate_error=3.2%;pyf_error=3.2%,rows=309;candidate_error=3.2%;pyf_error=3.2%,older_late_rows=201;young_early_rows=232,high_role_rows=181;low_sparse_role_rows=317,partial_coverage_not_full_2013_2025_comparable,ADDITIVE_CANDIDATE
GAUNTLET_039_QB_THREE_55_30_15__PLUS_SNAPDEPTH_SNAP_SNAPS_PCT100,nflverse_snap_depth_role,702,0.731,0.025,-0.024,rows=309;candidate_error=3.2%;pyf_error=3.2%,rows=309;candidate_error=3.2%;pyf_error=3.2%,older_late_rows=201;young_early_rows=232,high_role_rows=181;low_sparse_role_rows=317,partial_coverage_not_full_2013_2025_comparable,ADDITIVE_CANDIDATE
GAUNTLET_039_QB_THREE_55_30_15__PLUS_SNAPDEPTH_SNAP_SHARE_PCT025,nflverse_snap_depth_role,702,0.731,0.025,-0.024,rows=309;candidate_error=3.2%;pyf_error=3.2%,rows=309;candidate_error=3.2%;pyf_error=3.2%,older_late_rows=201;young_early_rows=232,high_role_rows=181;low_sparse_role_rows=317,partial_coverage_not_full_2013_2025_comparable,ADDITIVE_CANDIDATE
GAUNTLET_039_QB_THREE_55_30_15__PLUS_SNAPDEPTH_SNAP_SHARE_PCT050,nflverse_snap_depth_role,702,0.730,0.025,-0.025,rows=309;candidate_error=3.2%;pyf_error=3.2%,rows=309;candidate_error=3.2%;pyf_error=3.2%,older_late_rows=201;young_early_rows=232,high_role_rows=181;low_sparse_role_rows=317,partial_coverage_not_full_2013_2025_comparable,ADDITIVE_CANDIDATE
GAUNTLET_039_QB_THREE_55_30_15__PLUS_SNAPDEPTH_SNAP_SHARE_PCT100,nflverse_snap_depth_role,702,0.732,0.026,-0.023,rows=309;candidate_error=3.2%;pyf_error=3.2%,rows=309;candidate_error=3.2%;pyf_error=3.2%,older_late_rows=201;young_early_rows=232,high_role_rows=181;low_sparse_role_rows=317,partial_coverage_not_full_2013_2025_comparable,ADDITIVE_CANDIDATE
GAUNTLET_039_QB_THREE_55_30_15__PLUS_SNAPDEPTH_SNAP_GAMES_PCT025,nflverse_snap_depth_role,702,0.731,0.026,-0.024,rows=309;candidate_error=3.2%;pyf_error=3.2%,rows=309;candidate_error=3.2%;pyf_error=3.2%,older_late_rows=201;young_early_rows=232,high_role_rows=181;low_sparse_role_rows=317,partial_coverage_not_full_2013_2025_comparable,ADDITIVE_CANDIDATE
GAUNTLET_039_QB_THREE_55_30_15__PLUS_SNAPDEPTH_SNAP_GAMES_PCT050,nflverse_snap_depth_role,702,0.731,0.025,-0.024,rows=309;candidate_error=3.2%;pyf_error=3.2%,rows=309;candidate_error=3.2%;pyf_error=3.2%,older_late_rows=201;young_early_rows=232,high_role_rows=181;low_sparse_role_rows=317,partial_coverage_not_full_2013_2025_comparable,ADDITIVE_CANDIDATE
GAUNTLET_039_QB_THREE_55_30_15__PLUS_SNAPDEPTH_SNAP_GAMES_PCT100,nflverse_snap_depth_role,702,0.731,0.025,-0.024,rows=309;candidate_error=3.2%;pyf_error=3.2%,rows=309;candidate_error=3.2%;pyf_error=3.2%,older_late_rows=201;young_early_rows=232,high_role_rows=181;low_sparse_role_rows=317,partial_coverage_not_full_2013_2025_comparable,ADDITIVE_CANDIDATE
GAUNTLET_039_QB_THREE_55_30_15__PLUS_SNAPDEPTH_SNAP_NOT_LOW_PCT025,nflverse_snap_depth_role,702,0.731,0.026,-0.024,rows=309;candidate_error=3.2%;pyf_error=3.2%,rows=309;candidate_error=3.2%;pyf_error=3.2%,older_late_rows=201;young_early_rows=232,high_role_rows=181;low_sparse_role_rows=317,partial_coverage_not_full_2013_2025_comparable,ADDITIVE_CANDIDATE
GAUNTLET_039_QB_THREE_55_30_15__PLUS_SNAPDEPTH_SNAP_NOT_LOW_PCT050,nflverse_snap_depth_role,702,0.732,0.026,-0.023,rows=309;candidate_error=3.2%;pyf_error=3.2%,rows=309;candidate_error=3.2%;pyf_error=3.2%,older_late_rows=201;young_early_rows=232,high_role_rows=181;low_sparse_role_rows=317,partial_coverage_not_full_2013_2025_comparable,ADDITIVE_CANDIDATE
GAUNTLET_039_QB_THREE_55_30_15__PLUS_SNAPDEPTH_SNAP_NOT_LOW_PCT100,nflverse_snap_depth_role,702,0.733,0.027,-0.022,rows=309;candidate_error=3.2%;pyf_error=3.2%,rows=309;candidate_error=3.2%;pyf_error=3.2%,older_late_rows=201;young_early_rows=232,high_role_rows=181;low_sparse_role_rows=317,partial_coverage_not_full_2013_2025_comparable,ADDITIVE_CANDIDATE
GAUNTLET_039_QB_THREE_55_30_15__PLUS_SNAPDEPTH_SNAP_ROLE_PCT025,nflverse_snap_depth_role,702,0.731,0.026,-0.024,rows=309;candidate_error=3.2%;pyf_error=3.2%,rows=309;candidate_error=3.2%;pyf_error=3.2%,older_late_rows=201;young_early_rows=232,high_role_rows=181;low_sparse_role_rows=317,partial_coverage_not_full_2013_2025_comparable,ADDITIVE_CANDIDATE
GAUNTLET_039_QB_THREE_55_30_15__PLUS_SNAPDEPTH_SNAP_ROLE_PCT050,nflverse_snap_depth_role,702,0.730,0.025,-0.025,rows=309;candidate_error=3.2%;pyf_error=3.2%,rows=309;candidate_error=3.2%;pyf_error=3.2%,older_late_rows=201;young_early_rows=232,high_role_rows=181;low_sparse_role_rows=317,partial_coverage_not_full_2013_2025_comparable,ADDITIVE_CANDIDATE
GAUNTLET_039_QB_THREE_55_30_15__PLUS_SNAPDEPTH_SNAP_ROLE_PCT100,nflverse_snap_depth_role,702,0.730,0.025,-0.025,rows=309;candidate_error=3.2%;pyf_error=3.2%,rows=309;candidate_error=3.2%;pyf_error=3.2%,older_late_rows=201;young_early_rows=232,high_role_rows=181;low_sparse_role_rows=317,partial_coverage_not_full_2013_2025_comparable,ADDITIVE_CANDIDATE
GAUNTLET_039_QB_THREE_55_30_15__PLUS_SNAPDEPTH_DEPTH_STARTER_WEEKS_PCT025,nflverse_snap_depth_role,753,0.735,0.024,-0.020,rows=327;candidate_error=3.4%;pyf_error=3.4%,rows=327;candidate_error=3.4%;pyf_error=3.4%,older_late_rows=212;young_early_rows=253,high_role_rows=194;low_sparse_role_rows=335,partial_coverage_not_full_2013_2025_comparable,ADDITIVE_CANDIDATE
GAUNTLET_039_QB_THREE_55_30_15__PLUS_SNAPDEPTH_DEPTH_STARTER_WEEKS_PCT050,nflverse_snap_depth_role,753,0.735,0.024,-0.020,rows=327;candidate_error=3.4%;pyf_error=3.4%,rows=327;candidate_error=3.4%;pyf_error=3.4%,older_late_rows=212;young_early_rows=253,high_role_rows=194;low_sparse_role_rows=335,partial_coverage_not_full_2013_2025_comparable,ADDITIVE_CANDIDATE
GAUNTLET_039_QB_THREE_55_30_15__PLUS_SNAPDEPTH_DEPTH_STARTER_WEEKS_PCT100,nflverse_snap_depth_role,753,0.734,0.023,-0.021,rows=327;candidate_error=3.4%;pyf_error=3.4%,rows=327;candidate_error=3.4%;pyf_error=3.4%,older_late_rows=212;young_early_rows=253,high_role_rows=194;low_sparse_role_rows=335,partial_coverage_not_full_2013_2025_comparable,ADDITIVE_CANDIDATE
GAUNTLET_039_QB_THREE_55_30_15__PLUS_SNAPDEPTH_DEPTH_ROLE_PCT025,nflverse_snap_depth_role,754,0.736,0.024,-0.019,rows=328;candidate_error=3.4%;pyf_error=3.4%,rows=328;candidate_error=3.4%;pyf_error=3.4%,older_late_rows=212;young_early_rows=254,high_role_rows=194;low_sparse_role_rows=336,partial_coverage_not_full_2013_2025_comparable,ADDITIVE_CANDIDATE
GAUNTLET_039_QB_THREE_55_30_15__PLUS_SNAPDEPTH_DEPTH_ROLE_PCT050,nflverse_snap_depth_role,754,0.736,0.024,-0.019,rows=328;candidate_error=3.4%;pyf_error=3.4%,rows=328;candidate_error=3.4%;pyf_error=3.4%,older_late_rows=212;young_early_rows=254,high_role_rows=194;low_sparse_role_rows=336,partial_coverage_not_full_2013_2025_comparable,ADDITIVE_CANDIDATE
GAUNTLET_039_QB_THREE_55_30_15__PLUS_SNAPDEPTH_DEPTH_ROLE_PCT100,nflverse_snap_depth_role,754,0.738,0.026,-0.017,rows=328;candidate_error=3.4%;pyf_error=3.4%,rows=328;candidate_error=3.4%;pyf_error=3.4%,older_late_rows=212;young_early_rows=254,high_role_rows=194;low_sparse_role_rows=336,partial_coverage_not_full_2013_2025_comparable,ADDITIVE_CANDIDATE
GAUNTLET_039_QB_THREE_55_30_15__PLUS_SNAPDEPTH_DEPTH_STABILITY_PCT025,nflverse_snap_depth_role,754,0.736,0.024,-0.019,rows=328;candidate_error=3.4%;pyf_error=3.4%,rows=328;candidate_error=3.4%;pyf_error=3.4%,older_late_rows=212;young_early_rows=254,high_role_rows=194;low_sparse_role_rows=336,partial_coverage_not_full_2013_2025_comparable,ADDITIVE_CANDIDATE
GAUNTLET_039_QB_THREE_55_30_15__PLUS_SNAPDEPTH_DEPTH_STABILITY_PCT050,nflverse_snap_depth_role,754,0.738,0.026,-0.017,rows=328;candidate_error=3.4%;pyf_error=3.4%,rows=328;candidate_error=3.4%;pyf_error=3.4%,older_late_rows=212;young_early_rows=254,high_role_rows=194;low_sparse_role_rows=336,partial_coverage_not_full_2013_2025_comparable,ADDITIVE_CANDIDATE
GAUNTLET_039_QB_THREE_55_30_15__PLUS_SNAPDEPTH_DEPTH_STABILITY_PCT100,nflverse_snap_depth_role,754,0.740,0.028,-0.015,rows=328;candidate_error=3.4%;pyf_error=3.4%,rows=328;candidate_error=3.4%;pyf_error=3.4%,older_late_rows=212;young_early_rows=254,high_role_rows=194;low_sparse_role_rows=336,partial_coverage_not_full_2013_2025_comparable,ADDITIVE_CANDIDATE
GAUNTLET_039_QB_THREE_55_30_15__PLUS_SNAPDEPTH_SNAP_DEPTH_ROLE_PCT025,nflverse_snap_depth_role,754,0.736,0.024,-0.019,rows=328;candidate_error=3.4%;pyf_error=3.4%,rows=328;candidate_error=3.4%;pyf_error=3.4%,older_late_rows=212;young_early_rows=254,high_role_rows=194;low_sparse_role_rows=336,partial_coverage_not_full_2013_2025_comparable,ADDITIVE_CANDIDATE
GAUNTLET_039_QB_THREE_55_30_15__PLUS_SNAPDEPTH_SNAP_DEPTH_ROLE_PCT050,nflverse_snap_depth_role,754,0.736,0.024,-0.019,rows=328;candidate_error=3.4%;pyf_error=3.4%,rows=328;candidate_error=3.4%;pyf_error=3.4%,older_late_rows=212;young_early_rows=254,high_role_rows=194;low_sparse_role_rows=336,partial_coverage_not_full_2013_2025_comparable,ADDITIVE_CANDIDATE
GAUNTLET_039_QB_THREE_55_30_15__PLUS_SNAPDEPTH_SNAP_DEPTH_ROLE_PCT100,nflverse_snap_depth_role,754,0.736,0.024,-0.019,rows=328;candidate_error=3.4%;pyf_error=3.4%,rows=328;candidate_error=3.4%;pyf_error=3.4%,older_late_rows=212;young_early_rows=254,high_role_rows=194;low_sparse_role_rows=336,partial_coverage_not_full_2013_2025_comparable,ADDITIVE_CANDIDATE
GAUNTLET_101_HYBRID_QB_THREE_55_AGE_ROLE__PLUS_SNAPDEPTH_SNAP_SNAPS_PCT025,nflverse_snap_depth_role,702,0.732,0.026,-0.023,rows=309;candidate_error=3.2%;pyf_error=3.2%,rows=309;candidate_error=3.2%;pyf_error=3.2%,older_late_rows=201;young_early_rows=232,high_role_rows=181;low_sparse_role_rows=317,partial_coverage_not_full_2013_2025_comparable,ADDITIVE_CANDIDATE
GAUNTLET_101_HYBRID_QB_THREE_55_AGE_ROLE__PLUS_SNAPDEPTH_SNAP_SNAPS_PCT050,nflverse_snap_depth_role,702,0.732,0.026,-0.023,rows=309;candidate_error=3.2%;pyf_error=3.2%,rows=309;candidate_error=3.2%;pyf_error=3.2%,older_late_rows=201;young_early_rows=232,high_role_rows=181;low_sparse_role_rows=317,partial_coverage_not_full_2013_2025_comparable,ADDITIVE_CANDIDATE
GAUNTLET_101_HYBRID_QB_THREE_55_AGE_ROLE__PLUS_SNAPDEPTH_SNAP_SNAPS_PCT100,nflverse_snap_depth_role,702,0.731,0.025,-0.024,rows=309;candidate_error=3.2%;pyf_error=3.2%,rows=309;candidate_error=3.2%;pyf_error=3.2%,older_late_rows=201;young_early_rows=232,high_role_rows=181;low_sparse_role_rows=317,partial_coverage_not_full_2013_2025_comparable,ADDITIVE_CANDIDATE
GAUNTLET_101_HYBRID_QB_THREE_55_AGE_ROLE__PLUS_SNAPDEPTH_SNAP_SHARE_PCT025,nflverse_snap_depth_role,702,0.731,0.026,-0.024,rows=309;candidate_error=3.2%;pyf_error=3.2%,rows=309;candidate_error=3.2%;pyf_error=3.2%,older_late_rows=201;young_early_rows=232,high_role_rows=181;low_sparse_role_rows=317,partial_coverage_not_full_2013_2025_comparable,ADDITIVE_CANDIDATE
GAUNTLET_101_HYBRID_QB_THREE_55_AGE_ROLE__PLUS_SNAPDEPTH_SNAP_SHARE_PCT050,nflverse_snap_depth_role,702,0.731,0.025,-0.024,rows=309;candidate_error=3.2%;pyf_error=3.2%,rows=309;candidate_error=3.2%;pyf_error=3.2%,older_late_rows=201;young_early_rows=232,high_role_rows=181;low_sparse_role_rows=317,partial_coverage_not_full_2013_2025_comparable,ADDITIVE_CANDIDATE
GAUNTLET_101_HYBRID_QB_THREE_55_AGE_ROLE__PLUS_SNAPDEPTH_SNAP_SHARE_PCT100,nflverse_snap_depth_role,702,0.731,0.026,-0.024,rows=309;candidate_error=3.2%;pyf_error=3.2%,rows=309;candidate_error=3.2%;pyf_error=3.2%,older_late_rows=201;young_early_rows=232,high_role_rows=181;low_sparse_role_rows=317,partial_coverage_not_full_2013_2025_comparable,ADDITIVE_CANDIDATE
GAUNTLET_101_HYBRID_QB_THREE_55_AGE_ROLE__PLUS_SNAPDEPTH_SNAP_GAMES_PCT025,nflverse_snap_depth_role,702,0.732,0.026,-0.023,rows=309;candidate_error=3.2%;pyf_error=3.2%,rows=309;candidate_error=3.2%;pyf_error=3.2%,older_late_rows=201;young_early_rows=232,high_role_rows=181;low_sparse_role_rows=317,partial_coverage_not_full_2013_2025_comparable,ADDITIVE_CANDIDATE
GAUNTLET_101_HYBRID_QB_THREE_55_AGE_ROLE__PLUS_SNAPDEPTH_SNAP_GAMES_PCT050,nflverse_snap_depth_role,702,0.732,0.026,-0.023,rows=309;candidate_error=3.2%;pyf_error=3.2%,rows=309;candidate_error=3.2%;pyf_error=3.2%,older_late_rows=201;young_early_rows=232,high_role_rows=181;low_sparse_role_rows=317,partial_coverage_not_full_2013_2025_comparable,ADDITIVE_CANDIDATE
GAUNTLET_101_HYBRID_QB_THREE_55_AGE_ROLE__PLUS_SNAPDEPTH_SNAP_GAMES_PCT100,nflverse_snap_depth_role,702,0.731,0.025,-0.024,rows=309;candidate_error=3.2%;pyf_error=3.2%,rows=309;candidate_error=3.2%;pyf_error=3.2%,older_late_rows=201;young_early_rows=232,high_role_rows=181;low_sparse_role_rows=317,partial_coverage_not_full_2013_2025_comparable,ADDITIVE_CANDIDATE
GAUNTLET_101_HYBRID_QB_THREE_55_AGE_ROLE__PLUS_SNAPDEPTH_SNAP_NOT_LOW_PCT025,nflverse_snap_depth_role,702,0.731,0.026,-0.024,rows=309;candidate_error=3.2%;pyf_error=3.2%,rows=309;candidate_error=3.2%;pyf_error=3.2%,older_late_rows=201;young_early_rows=232,high_role_rows=181;low_sparse_role_rows=317,partial_coverage_not_full_2013_2025_comparable,ADDITIVE_CANDIDATE
GAUNTLET_101_HYBRID_QB_THREE_55_AGE_ROLE__PLUS_SNAPDEPTH_SNAP_NOT_LOW_PCT050,nflverse_snap_depth_role,702,0.732,0.027,-0.023,rows=309;candidate_error=3.2%;pyf_error=3.2%,rows=309;candidate_error=3.2%;pyf_error=3.2%,older_late_rows=201;young_early_rows=232,high_role_rows=181;low_sparse_role_rows=317,partial_coverage_not_full_2013_2025_comparable,ADDITIVE_CANDIDATE
GAUNTLET_101_HYBRID_QB_THREE_55_AGE_ROLE__PLUS_SNAPDEPTH_SNAP_NOT_LOW_PCT100,nflverse_snap_depth_role,702,0.734,0.028,-0.021,rows=309;candidate_error=3.2%;pyf_error=3.2%,rows=309;candidate_error=3.2%;pyf_error=3.2%,older_late_rows=201;young_early_rows=232,high_role_rows=181;low_sparse_role_rows=317,partial_coverage_not_full_2013_2025_comparable,ADDITIVE_CANDIDATE
GAUNTLET_101_HYBRID_QB_THREE_55_AGE_ROLE__PLUS_SNAPDEPTH_SNAP_ROLE_PCT025,nflverse_snap_depth_role,702,0.732,0.026,-0.023,rows=309;candidate_error=3.2%;pyf_error=3.2%,rows=309;candidate_error=3.2%;pyf_error=3.2%,older_late_rows=201;young_early_rows=232,high_role_rows=181;low_sparse_role_rows=317,partial_coverage_not_full_2013_2025_comparable,ADDITIVE_CANDIDATE
GAUNTLET_101_HYBRID_QB_THREE_55_AGE_ROLE__PLUS_SNAPDEPTH_SNAP_ROLE_PCT050,nflverse_snap_depth_role,702,0.731,0.026,-0.024,rows=309;candidate_error=3.2%;pyf_error=3.2%,rows=309;candidate_error=3.2%;pyf_error=3.2%,older_late_rows=201;young_early_rows=232,high_role_rows=181;low_sparse_role_rows=317,partial_coverage_not_full_2013_2025_comparable,ADDITIVE_CANDIDATE
GAUNTLET_101_HYBRID_QB_THREE_55_AGE_ROLE__PLUS_SNAPDEPTH_SNAP_ROLE_PCT100,nflverse_snap_depth_role,702,0.730,0.024,-0.025,rows=309;candidate_error=3.2%;pyf_error=3.2%,rows=309;candidate_error=3.2%;pyf_error=3.2%,older_late_rows=201;young_early_rows=232,high_role_rows=181;low_sparse_role_rows=317,partial_coverage_not_full_2013_2025_comparable,ADDITIVE_CANDIDATE
GAUNTLET_101_HYBRID_QB_THREE_55_AGE_ROLE__PLUS_SNAPDEPTH_DEPTH_STARTER_WEEKS_PCT025,nflverse_snap_depth_role,753,0.736,0.025,-0.019,rows=327;candidate_error=3.4%;pyf_error=3.4%,rows=327;candidate_error=3.4%;pyf_error=3.4%,older_late_rows=212;young_early_rows=253,high_role_rows=194;low_sparse_role_rows=335,partial_coverage_not_full_2013_2025_comparable,ADDITIVE_CANDIDATE
GAUNTLET_101_HYBRID_QB_THREE_55_AGE_ROLE__PLUS_SNAPDEPTH_DEPTH_STARTER_WEEKS_PCT050,nflverse_snap_depth_role,753,0.736,0.025,-0.019,rows=327;candidate_error=3.4%;pyf_error=3.4%,rows=327;candidate_error=3.4%;pyf_error=3.4%,older_late_rows=212;young_early_rows=253,high_role_rows=194;low_sparse_role_rows=335,partial_coverage_not_full_2013_2025_comparable,ADDITIVE_CANDIDATE
GAUNTLET_101_HYBRID_QB_THREE_55_AGE_ROLE__PLUS_SNAPDEPTH_DEPTH_STARTER_WEEKS_PCT100,nflverse_snap_depth_role,753,0.735,0.023,-0.020,rows=327;candidate_error=3.4%;pyf_error=3.4%,rows=327;candidate_error=3.4%;pyf_error=3.4%,older_late_rows=212;young_early_rows=253,high_role_rows=194;low_sparse_role_rows=335,partial_coverage_not_full_2013_2025_comparable,ADDITIVE_CANDIDATE
GAUNTLET_101_HYBRID_QB_THREE_55_AGE_ROLE__PLUS_SNAPDEPTH_DEPTH_ROLE_PCT025,nflverse_snap_depth_role,754,0.736,0.025,-0.019,rows=328;candidate_error=3.4%;pyf_error=3.4%,rows=328;candidate_error=3.4%;pyf_error=3.4%,older_late_rows=212;young_early_rows=254,high_role_rows=194;low_sparse_role_rows=336,partial_coverage_not_full_2013_2025_comparable,ADDITIVE_CANDIDATE
GAUNTLET_101_HYBRID_QB_THREE_55_AGE_ROLE__PLUS_SNAPDEPTH_DEPTH_ROLE_PCT050,nflverse_snap_depth_role,754,0.737,0.025,-0.018,rows=328;candidate_error=3.4%;pyf_error=3.4%,rows=328;candidate_error=3.4%;pyf_error=3.4%,older_late_rows=212;young_early_rows=254,high_role_rows=194;low_sparse_role_rows=336,partial_coverage_not_full_2013_2025_comparable,ADDITIVE_CANDIDATE
GAUNTLET_101_HYBRID_QB_THREE_55_AGE_ROLE__PLUS_SNAPDEPTH_DEPTH_ROLE_PCT100,nflverse_snap_depth_role,754,0.738,0.026,-0.017,rows=328;candidate_error=3.4%;pyf_error=3.4%,rows=328;candidate_error=3.4%;pyf_error=3.4%,older_late_rows=212;young_early_rows=254,high_role_rows=194;low_sparse_role_rows=336,partial_coverage_not_full_2013_2025_comparable,ADDITIVE_CANDIDATE
GAUNTLET_101_HYBRID_QB_THREE_55_AGE_ROLE__PLUS_SNAPDEPTH_DEPTH_STABILITY_PCT025,nflverse_snap_depth_role,754,0.737,0.025,-0.018,rows=328;candidate_error=3.4%;pyf_error=3.4%,rows=328;candidate_error=3.4%;pyf_error=3.4%,older_late_rows=212;young_early_rows=254,high_role_rows=194;low_sparse_role_rows=336,partial_coverage_not_full_2013_2025_comparable,ADDITIVE_CANDIDATE
GAUNTLET_101_HYBRID_QB_THREE_55_AGE_ROLE__PLUS_SNAPDEPTH_DEPTH_STABILITY_PCT050,nflverse_snap_depth_role,754,0.738,0.026,-0.017,rows=328;candidate_error=3.4%;pyf_error=3.4%,rows=328;candidate_error=3.4%;pyf_error=3.4%,older_late_rows=212;young_early_rows=254,high_role_rows=194;low_sparse_role_rows=336,partial_coverage_not_full_2013_2025_comparable,ADDITIVE_CANDIDATE
GAUNTLET_101_HYBRID_QB_THREE_55_AGE_ROLE__PLUS_SNAPDEPTH_DEPTH_STABILITY_PCT100,nflverse_snap_depth_role,754,0.740,0.028,-0.015,rows=328;candidate_error=3.4%;pyf_error=3.4%,rows=328;candidate_error=3.4%;pyf_error=3.4%,older_late_rows=212;young_early_rows=254,high_role_rows=194;low_sparse_role_rows=336,partial_coverage_not_full_2013_2025_comparable,ADDITIVE_CANDIDATE
GAUNTLET_101_HYBRID_QB_THREE_55_AGE_ROLE__PLUS_SNAPDEPTH_SNAP_DEPTH_ROLE_PCT025,nflverse_snap_depth_role,754,0.736,0.025,-0.019,rows=328;candidate_error=3.4%;pyf_error=3.4%,rows=328;candidate_error=3.4%;pyf_error=3.4%,older_late_rows=212;young_early_rows=254,high_role_rows=194;low_sparse_role_rows=336,partial_coverage_not_full_2013_2025_comparable,ADDITIVE_CANDIDATE
GAUNTLET_101_HYBRID_QB_THREE_55_AGE_ROLE__PLUS_SNAPDEPTH_SNAP_DEPTH_ROLE_PCT050,nflverse_snap_depth_role,754,0.736,0.025,-0.019,rows=328;candidate_error=3.4%;pyf_error=3.4%,rows=328;candidate_error=3.4%;pyf_error=3.4%,older_late_rows=212;young_early_rows=254,high_role_rows=194;low_sparse_role_rows=336,partial_coverage_not_full_2013_2025_comparable,ADDITIVE_CANDIDATE
GAUNTLET_101_HYBRID_QB_THREE_55_AGE_ROLE__PLUS_SNAPDEPTH_SNAP_DEPTH_ROLE_PCT100,nflverse_snap_depth_role,754,0.735,0.023,-0.020,rows=328;candidate_error=3.4%;pyf_error=3.4%,rows=328;candidate_error=3.4%;pyf_error=3.4%,older_late_rows=212;young_early_rows=254,high_role_rows=194;low_sparse_role_rows=336,partial_coverage_not_full_2013_2025_comparable,ADDITIVE_CANDIDATE
GAUNTLET_038_QB_THREE_60_30_10__PLUS_SNAPDEPTH_SNAP_SNAPS_PCT025,nflverse_snap_depth_role,702,0.730,0.024,-0.025,rows=309;candidate_error=3.2%;pyf_error=3.2%,rows=309;candidate_error=3.2%;pyf_error=3.2%,older_late_rows=201;young_early_rows=232,high_role_rows=181;low_sparse_role_rows=317,partial_coverage_not_full_2013_2025_comparable,ADDITIVE_CANDIDATE
GAUNTLET_038_QB_THREE_60_30_10__PLUS_SNAPDEPTH_SNAP_SNAPS_PCT050,nflverse_snap_depth_role,702,0.729,0.024,-0.026,rows=309;candidate_error=3.2%;pyf_error=3.2%,rows=309;candidate_error=3.2%;pyf_error=3.2%,older_late_rows=201;young_early_rows=232,high_role_rows=181;low_sparse_role_rows=317,partial_coverage_not_full_2013_2025_comparable,ADDITIVE_CANDIDATE
GAUNTLET_038_QB_THREE_60_30_10__PLUS_SNAPDEPTH_SNAP_SNAPS_PCT100,nflverse_snap_depth_role,702,0.728,0.023,-0.027,rows=309;candidate_error=3.2%;pyf_error=3.2%,rows=309;candidate_error=3.2%;pyf_error=3.2%,older_late_rows=201;young_early_rows=232,high_role_rows=181;low_sparse_role_rows=317,partial_coverage_not_full_2013_2025_comparable,ADDITIVE_CANDIDATE
GAUNTLET_038_QB_THREE_60_30_10__PLUS_SNAPDEPTH_SNAP_SHARE_PCT025,nflverse_snap_depth_role,702,0.730,0.024,-0.025,rows=309;candidate_error=3.2%;pyf_error=3.2%,rows=309;candidate_error=3.2%;pyf_error=3.2%,older_late_rows=201;young_early_rows=232,high_role_rows=181;low_sparse_role_rows=317,partial_coverage_not_full_2013_2025_comparable,ADDITIVE_CANDIDATE
GAUNTLET_038_QB_THREE_60_30_10__PLUS_SNAPDEPTH_SNAP_SHARE_PCT050,nflverse_snap_depth_role,702,0.730,0.024,-0.025,rows=309;candidate_error=3.2%;pyf_error=3.2%,rows=309;candidate_error=3.2%;pyf_error=3.2%,older_late_rows=201;young_early_rows=232,high_role_rows=181;low_sparse_role_rows=317,partial_coverage_not_full_2013_2025_comparable,ADDITIVE_CANDIDATE
GAUNTLET_038_QB_THREE_60_30_10__PLUS_SNAPDEPTH_SNAP_SHARE_PCT100,nflverse_snap_depth_role,702,0.729,0.024,-0.026,rows=309;candidate_error=3.2%;pyf_error=3.2%,rows=309;candidate_error=3.2%;pyf_error=3.2%,older_late_rows=201;young_early_rows=232,high_role_rows=181;low_sparse_role_rows=317,partial_coverage_not_full_2013_2025_comparable,ADDITIVE_CANDIDATE
GAUNTLET_038_QB_THREE_60_30_10__PLUS_SNAPDEPTH_SNAP_GAMES_PCT025,nflverse_snap_depth_role,702,0.730,0.024,-0.025,rows=309;candidate_error=3.2%;pyf_error=3.2%,rows=309;candidate_error=3.2%;pyf_error=3.2%,older_late_rows=201;young_early_rows=232,high_role_rows=181;low_sparse_role_rows=317,partial_coverage_not_full_2013_2025_comparable,ADDITIVE_CANDIDATE
GAUNTLET_038_QB_THREE_60_30_10__PLUS_SNAPDEPTH_SNAP_GAMES_PCT050,nflverse_snap_depth_role,702,0.729,0.024,-0.026,rows=309;candidate_error=3.2%;pyf_error=3.2%,rows=309;candidate_error=3.2%;pyf_error=3.2%,older_late_rows=201;young_early_rows=232,high_role_rows=181;low_sparse_role_rows=317,partial_coverage_not_full_2013_2025_comparable,ADDITIVE_CANDIDATE
GAUNTLET_038_QB_THREE_60_30_10__PLUS_SNAPDEPTH_SNAP_GAMES_PCT100,nflverse_snap_depth_role,702,0.728,0.022,-0.027,rows=309;candidate_error=3.2%;pyf_error=3.2%,rows=309;candidate_error=3.2%;pyf_error=3.2%,older_late_rows=201;young_early_rows=232,high_role_rows=181;low_sparse_role_rows=317,partial_coverage_not_full_2013_2025_comparable,ADDITIVE_CANDIDATE
GAUNTLET_038_QB_THREE_60_30_10__PLUS_SNAPDEPTH_SNAP_NOT_LOW_PCT025,nflverse_snap_depth_role,702,0.730,0.025,-0.025,rows=309;candidate_error=3.2%;pyf_error=3.2%,rows=309;candidate_error=3.2%;pyf_error=3.2%,older_late_rows=201;young_early_rows=232,high_role_rows=181;low_sparse_role_rows=317,partial_coverage_not_full_2013_2025_comparable,ADDITIVE_CANDIDATE
GAUNTLET_038_QB_THREE_60_30_10__PLUS_SNAPDEPTH_SNAP_NOT_LOW_PCT050,nflverse_snap_depth_role,702,0.730,0.025,-0.025,rows=309;candidate_error=3.2%;pyf_error=3.2%,rows=309;candidate_error=3.2%;pyf_error=3.2%,older_late_rows=201;young_early_rows=232,high_role_rows=181;low_sparse_role_rows=317,partial_coverage_not_full_2013_2025_comparable,ADDITIVE_CANDIDATE
GAUNTLET_038_QB_THREE_60_30_10__PLUS_SNAPDEPTH_SNAP_NOT_LOW_PCT100,nflverse_snap_depth_role,702,0.731,0.026,-0.024,rows=309;candidate_error=3.2%;pyf_error=3.2%,rows=309;candidate_error=3.2%;pyf_error=3.2%,older_late_rows=201;young_early_rows=232,high_role_rows=181;low_sparse_role_rows=317,partial_coverage_not_full_2013_2025_comparable,ADDITIVE_CANDIDATE
GAUNTLET_038_QB_THREE_60_30_10__PLUS_SNAPDEPTH_SNAP_ROLE_PCT025,nflverse_snap_depth_role,702,0.730,0.024,-0.025,rows=309;candidate_error=3.2%;pyf_error=3.2%,rows=309;candidate_error=3.2%;pyf_error=3.2%,older_late_rows=201;young_early_rows=232,high_role_rows=181;low_sparse_role_rows=317,partial_coverage_not_full_2013_2025_comparable,ADDITIVE_CANDIDATE
GAUNTLET_038_QB_THREE_60_30_10__PLUS_SNAPDEPTH_SNAP_ROLE_PCT050,nflverse_snap_depth_role,702,0.730,0.024,-0.025,rows=309;candidate_error=3.2%;pyf_error=3.2%,rows=309;candidate_error=3.2%;pyf_error=3.2%,older_late_rows=201;young_early_rows=232,high_role_rows=181;low_sparse_role_rows=317,partial_coverage_not_full_2013_2025_comparable,ADDITIVE_CANDIDATE
GAUNTLET_038_QB_THREE_60_30_10__PLUS_SNAPDEPTH_SNAP_ROLE_PCT100,nflverse_snap_depth_role,702,0.728,0.022,-0.027,rows=309;candidate_error=3.2%;pyf_error=3.2%,rows=309;candidate_error=3.2%;pyf_error=3.2%,older_late_rows=201;young_early_rows=232,high_role_rows=181;low_sparse_role_rows=317,partial_coverage_not_full_2013_2025_comparable,ADDITIVE_CANDIDATE
GAUNTLET_038_QB_THREE_60_30_10__PLUS_SNAPDEPTH_DEPTH_STARTER_WEEKS_PCT025,nflverse_snap_depth_role,753,0.734,0.023,-0.021,rows=327;candidate_error=3.4%;pyf_error=3.4%,rows=327;candidate_error=3.4%;pyf_error=3.4%,older_late_rows=212;young_early_rows=253,high_role_rows=194;low_sparse_role_rows=335,partial_coverage_not_full_2013_2025_comparable,ADDITIVE_CANDIDATE
GAUNTLET_038_QB_THREE_60_30_10__PLUS_SNAPDEPTH_DEPTH_STARTER_WEEKS_PCT050,nflverse_snap_depth_role,753,0.734,0.023,-0.021,rows=327;candidate_error=3.4%;pyf_error=3.4%,rows=327;candidate_error=3.4%;pyf_error=3.4%,older_late_rows=212;young_early_rows=253,high_role_rows=194;low_sparse_role_rows=335,partial_coverage_not_full_2013_2025_comparable,ADDITIVE_CANDIDATE
GAUNTLET_038_QB_THREE_60_30_10__PLUS_SNAPDEPTH_DEPTH_STARTER_WEEKS_PCT100,nflverse_snap_depth_role,753,0.733,0.022,-0.022,rows=327;candidate_error=3.4%;pyf_error=3.4%,rows=327;candidate_error=3.4%;pyf_error=3.4%,older_late_rows=212;young_early_rows=253,high_role_rows=194;low_sparse_role_rows=335,partial_coverage_not_full_2013_2025_comparable,ADDITIVE_CANDIDATE
GAUNTLET_038_QB_THREE_60_30_10__PLUS_SNAPDEPTH_DEPTH_ROLE_PCT025,nflverse_snap_depth_role,754,0.735,0.023,-0.020,rows=328;candidate_error=3.4%;pyf_error=3.4%,rows=328;candidate_error=3.4%;pyf_error=3.4%,older_late_rows=212;young_early_rows=254,high_role_rows=194;low_sparse_role_rows=336,partial_coverage_not_full_2013_2025_comparable,ADDITIVE_CANDIDATE
GAUNTLET_038_QB_THREE_60_30_10__PLUS_SNAPDEPTH_DEPTH_ROLE_PCT050,nflverse_snap_depth_role,754,0.735,0.023,-0.020,rows=328;candidate_error=3.4%;pyf_error=3.4%,rows=328;candidate_error=3.4%;pyf_error=3.4%,older_late_rows=212;young_early_rows=254,high_role_rows=194;low_sparse_role_rows=336,partial_coverage_not_full_2013_2025_comparable,ADDITIVE_CANDIDATE
GAUNTLET_038_QB_THREE_60_30_10__PLUS_SNAPDEPTH_DEPTH_ROLE_PCT100,nflverse_snap_depth_role,754,0.737,0.025,-0.018,rows=328;candidate_error=3.4%;pyf_error=3.4%,rows=328;candidate_error=3.4%;pyf_error=3.4%,older_late_rows=212;young_early_rows=254,high_role_rows=194;low_sparse_role_rows=336,partial_coverage_not_full_2013_2025_comparable,ADDITIVE_CANDIDATE
GAUNTLET_038_QB_THREE_60_30_10__PLUS_SNAPDEPTH_DEPTH_STABILITY_PCT025,nflverse_snap_depth_role,754,0.735,0.023,-0.020,rows=328;candidate_error=3.4%;pyf_error=3.4%,rows=328;candidate_error=3.4%;pyf_error=3.4%,older_late_rows=212;young_early_rows=254,high_role_rows=194;low_sparse_role_rows=336,partial_coverage_not_full_2013_2025_comparable,ADDITIVE_CANDIDATE
GAUNTLET_038_QB_THREE_60_30_10__PLUS_SNAPDEPTH_DEPTH_STABILITY_PCT050,nflverse_snap_depth_role,754,0.735,0.023,-0.020,rows=328;candidate_error=3.4%;pyf_error=3.4%,rows=328;candidate_error=3.4%;pyf_error=3.4%,older_late_rows=212;young_early_rows=254,high_role_rows=194;low_sparse_role_rows=336,partial_coverage_not_full_2013_2025_comparable,ADDITIVE_CANDIDATE
GAUNTLET_038_QB_THREE_60_30_10__PLUS_SNAPDEPTH_DEPTH_STABILITY_PCT100,nflverse_snap_depth_role,754,0.738,0.026,-0.017,rows=328;candidate_error=3.4%;pyf_error=3.4%,rows=328;candidate_error=3.4%;pyf_error=3.4%,older_late_rows=212;young_early_rows=254,high_role_rows=194;low_sparse_role_rows=336,partial_coverage_not_full_2013_2025_comparable,ADDITIVE_CANDIDATE
GAUNTLET_038_QB_THREE_60_30_10__PLUS_SNAPDEPTH_SNAP_DEPTH_ROLE_PCT025,nflverse_snap_depth_role,754,0.735,0.023,-0.020,rows=328;candidate_error=3.4%;pyf_error=3.4%,rows=328;candidate_error=3.4%;pyf_error=3.4%,older_late_rows=212;young_early_rows=254,high_role_rows=194;low_sparse_role_rows=336,partial_coverage_not_full_2013_2025_comparable,ADDITIVE_CANDIDATE
GAUNTLET_038_QB_THREE_60_30_10__PLUS_SNAPDEPTH_SNAP_DEPTH_ROLE_PCT050,nflverse_snap_depth_role,754,0.735,0.023,-0.020,rows=328;candidate_error=3.4%;pyf_error=3.4%,rows=328;candidate_error=3.4%;pyf_error=3.4%,older_late_rows=212;young_early_rows=254,high_role_rows=194;low_sparse_role_rows=336,partial_coverage_not_full_2013_2025_comparable,ADDITIVE_CANDIDATE
GAUNTLET_038_QB_THREE_60_30_10__PLUS_SNAPDEPTH_SNAP_DEPTH_ROLE_PCT100,nflverse_snap_depth_role,754,0.735,0.023,-0.020,rows=328;candidate_error=3.4%;pyf_error=3.4%,rows=328;candidate_error=3.4%;pyf_error=3.4%,older_late_rows=212;young_early_rows=254,high_role_rows=194;low_sparse_role_rows=336,partial_coverage_not_full_2013_2025_comparable,ADDITIVE_CANDIDATE
GAUNTLET_003_PRIOR_YEAR_PPG_BASELINE__PLUS_SNAPDEPTH_SNAP_SNAPS_PCT025,nflverse_snap_depth_role,5118,0.733,-0.010,-0.022,rows=1346;candidate_error=6.3%;pyf_error=3.3%,rows=1346;candidate_error=6.3%;pyf_error=3.3%,older_late_rows=448;young_early_rows=2630,high_role_rows=1304;low_sparse_role_rows=1714,partial_coverage_not_full_2013_2025_comparable,GUARDRAIL_CONTEXT
GAUNTLET_003_PRIOR_YEAR_PPG_BASELINE__PLUS_SNAPDEPTH_SNAP_SNAPS_PCT050,nflverse_snap_depth_role,5118,0.735,-0.008,-0.020,rows=1346;candidate_error=5.9%;pyf_error=3.3%,rows=1346;candidate_error=5.9%;pyf_error=3.3%,older_late_rows=448;young_early_rows=2630,high_role_rows=1304;low_sparse_role_rows=1714,partial_coverage_not_full_2013_2025_comparable,GUARDRAIL_CONTEXT
GAUNTLET_003_PRIOR_YEAR_PPG_BASELINE__PLUS_SNAPDEPTH_SNAP_SNAPS_PCT100,nflverse_snap_depth_role,5118,0.739,-0.005,-0.016,rows=1346;candidate_error=5.4%;pyf_error=3.3%,rows=1346;candidate_error=5.4%;pyf_error=3.3%,older_late_rows=448;young_early_rows=2630,high_role_rows=1304;low_sparse_role_rows=1714,partial_coverage_not_full_2013_2025_comparable,GUARDRAIL_CONTEXT
GAUNTLET_003_PRIOR_YEAR_PPG_BASELINE__PLUS_SNAPDEPTH_SNAP_SHARE_PCT025,nflverse_snap_depth_role,5118,0.733,-0.011,-0.022,rows=1346;candidate_error=6.4%;pyf_error=3.3%,rows=1346;candidate_error=6.4%;pyf_error=3.3%,older_late_rows=448;young_early_rows=2630,high_role_rows=1304;low_sparse_role_rows=1714,partial_coverage_not_full_2013_2025_comparable,DESCRIPTIVE_ONLY
GAUNTLET_003_PRIOR_YEAR_PPG_BASELINE__PLUS_SNAPDEPTH_SNAP_SHARE_PCT050,nflverse_snap_depth_role,5118,0.734,-0.010,-0.021,rows=1346;candidate_error=6.4%;pyf_error=3.3%,rows=1346;candidate_error=6.4%;pyf_error=3.3%,older_late_rows=448;young_early_rows=2630,high_role_rows=1304;low_sparse_role_rows=1714,partial_coverage_not_full_2013_2025_comparable,GUARDRAIL_CONTEXT
GAUNTLET_003_PRIOR_YEAR_PPG_BASELINE__PLUS_SNAPDEPTH_SNAP_SHARE_PCT100,nflverse_snap_depth_role,5118,0.736,-0.008,-0.019,rows=1346;candidate_error=6.2%;pyf_error=3.3%,rows=1346;candidate_error=6.2%;pyf_error=3.3%,older_late_rows=448;young_early_rows=2630,high_role_rows=1304;low_sparse_role_rows=1714,partial_coverage_not_full_2013_2025_comparable,GUARDRAIL_CONTEXT
GAUNTLET_003_PRIOR_YEAR_PPG_BASELINE__PLUS_SNAPDEPTH_SNAP_GAMES_PCT025,nflverse_snap_depth_role,5118,0.734,-0.009,-0.021,rows=1346;candidate_error=6.2%;pyf_error=3.3%,rows=1346;candidate_error=6.2%;pyf_error=3.3%,older_late_rows=448;young_early_rows=2630,high_role_rows=1304;low_sparse_role_rows=1714,partial_coverage_not_full_2013_2025_comparable,GUARDRAIL_CONTEXT
GAUNTLET_003_PRIOR_YEAR_PPG_BASELINE__PLUS_SNAPDEPTH_SNAP_GAMES_PCT050,nflverse_snap_depth_role,5118,0.737,-0.007,-0.018,rows=1346;candidate_error=5.9%;pyf_error=3.3%,rows=1346;candidate_error=5.9%;pyf_error=3.3%,older_late_rows=448;young_early_rows=2630,high_role_rows=1304;low_sparse_role_rows=1714,partial_coverage_not_full_2013_2025_comparable,GUARDRAIL_CONTEXT
GAUNTLET_003_PRIOR_YEAR_PPG_BASELINE__PLUS_SNAPDEPTH_SNAP_GAMES_PCT100,nflverse_snap_depth_role,5118,0.741,-0.002,-0.014,rows=1346;candidate_error=5.3%;pyf_error=3.3%,rows=1346;candidate_error=5.3%;pyf_error=3.3%,older_late_rows=448;young_early_rows=2630,high_role_rows=1304;low_sparse_role_rows=1714,partial_coverage_not_full_2013_2025_comparable,GUARDRAIL_CONTEXT
GAUNTLET_003_PRIOR_YEAR_PPG_BASELINE__PLUS_SNAPDEPTH_SNAP_NOT_LOW_PCT025,nflverse_snap_depth_role,5122,0.734,-0.010,-0.021,rows=1350;candidate_error=6.4%;pyf_error=3.3%,rows=1350;candidate_error=6.4%;pyf_error=3.3%,older_late_rows=449;young_early_rows=2632,high_role_rows=1304;low_sparse_role_rows=1718,partial_coverage_not_full_2013_2025_comparable,DESCRIPTIVE_ONLY
GAUNTLET_003_PRIOR_YEAR_PPG_BASELINE__PLUS_SNAPDEPTH_SNAP_NOT_LOW_PCT050,nflverse_snap_depth_role,5122,0.735,-0.009,-0.020,rows=1350;candidate_error=6.3%;pyf_error=3.3%,rows=1350;candidate_error=6.3%;pyf_error=3.3%,older_late_rows=449;young_early_rows=2632,high_role_rows=1304;low_sparse_role_rows=1718,partial_coverage_not_full_2013_2025_comparable,GUARDRAIL_CONTEXT
GAUNTLET_003_PRIOR_YEAR_PPG_BASELINE__PLUS_SNAPDEPTH_SNAP_NOT_LOW_PCT100,nflverse_snap_depth_role,5122,0.737,-0.006,-0.018,rows=1350;candidate_error=6.3%;pyf_error=3.3%,rows=1350;candidate_error=6.3%;pyf_error=3.3%,older_late_rows=449;young_early_rows=2632,high_role_rows=1304;low_sparse_role_rows=1718,partial_coverage_not_full_2013_2025_comparable,GUARDRAIL_CONTEXT
GAUNTLET_003_PRIOR_YEAR_PPG_BASELINE__PLUS_SNAPDEPTH_SNAP_ROLE_PCT025,nflverse_snap_depth_role,5122,0.734,-0.010,-0.021,rows=1350;candidate_error=6.3%;pyf_error=3.3%,rows=1350;candidate_error=6.3%;pyf_error=3.3%,older_late_rows=449;young_early_rows=2632,high_role_rows=1304;low_sparse_role_rows=1718,partial_coverage_not_full_2013_2025_comparable,DESCRIPTIVE_ONLY
GAUNTLET_003_PRIOR_YEAR_PPG_BASELINE__PLUS_SNAPDEPTH_SNAP_ROLE_PCT050,nflverse_snap_depth_role,5122,0.735,-0.008,-0.020,rows=1350;candidate_error=6.2%;pyf_error=3.3%,rows=1350;candidate_error=6.2%;pyf_error=3.3%,older_late_rows=449;young_early_rows=2632,high_role_rows=1304;low_sparse_role_rows=1718,partial_coverage_not_full_2013_2025_comparable,GUARDRAIL_CONTEXT
GAUNTLET_003_PRIOR_YEAR_PPG_BASELINE__PLUS_SNAPDEPTH_SNAP_ROLE_PCT100,nflverse_snap_depth_role,5122,0.738,-0.006,-0.017,rows=1350;candidate_error=5.6%;pyf_error=3.3%,rows=1350;candidate_error=5.6%;pyf_error=3.3%,older_late_rows=449;young_early_rows=2632,high_role_rows=1304;low_sparse_role_rows=1718,partial_coverage_not_full_2013_2025_comparable,GUARDRAIL_CONTEXT
GAUNTLET_003_PRIOR_YEAR_PPG_BASELINE__PLUS_SNAPDEPTH_DEPTH_STARTER_WEEKS_PCT025,nflverse_snap_depth_role,5405,0.729,-0.006,-0.026,rows=1369;candidate_error=6.4%;pyf_error=3.5%,rows=1369;candidate_error=6.4%;pyf_error=3.5%,older_late_rows=476;young_early_rows=2778,high_role_rows=1405;low_sparse_role_rows=1735,partial_coverage_not_full_2013_2025_comparable,GUARDRAIL_CONTEXT
GAUNTLET_003_PRIOR_YEAR_PPG_BASELINE__PLUS_SNAPDEPTH_DEPTH_STARTER_WEEKS_PCT050,nflverse_snap_depth_role,5405,0.730,-0.005,-0.025,rows=1369;candidate_error=6.2%;pyf_error=3.5%,rows=1369;candidate_error=6.2%;pyf_error=3.5%,older_late_rows=476;young_early_rows=2778,high_role_rows=1405;low_sparse_role_rows=1735,partial_coverage_not_full_2013_2025_comparable,GUARDRAIL_CONTEXT
GAUNTLET_003_PRIOR_YEAR_PPG_BASELINE__PLUS_SNAPDEPTH_DEPTH_STARTER_WEEKS_PCT100,nflverse_snap_depth_role,5405,0.732,-0.003,-0.023,rows=1369;candidate_error=5.8%;pyf_error=3.5%,rows=1369;candidate_error=5.8%;pyf_error=3.5%,older_late_rows=476;young_early_rows=2778,high_role_rows=1405;low_sparse_role_rows=1735,partial_coverage_not_full_2013_2025_comparable,GUARDRAIL_CONTEXT
GAUNTLET_003_PRIOR_YEAR_PPG_BASELINE__PLUS_SNAPDEPTH_DEPTH_ROLE_PCT025,nflverse_snap_depth_role,5518,0.734,-0.008,-0.021,rows=1453;candidate_error=6.2%;pyf_error=3.3%,rows=1453;candidate_error=6.2%;pyf_error=3.3%,older_late_rows=478;young_early_rows=2846,high_role_rows=1405;low_sparse_role_rows=1843,none,GUARDRAIL_CONTEXT
GAUNTLET_003_PRIOR_YEAR_PPG_BASELINE__PLUS_SNAPDEPTH_DEPTH_ROLE_PCT050,nflverse_snap_depth_role,5518,0.735,-0.007,-0.020,rows=1453;candidate_error=6.1%;pyf_error=3.3%,rows=1453;candidate_error=6.1%;pyf_error=3.3%,older_late_rows=478;young_early_rows=2846,high_role_rows=1405;low_sparse_role_rows=1843,none,GUARDRAIL_CONTEXT
GAUNTLET_003_PRIOR_YEAR_PPG_BASELINE__PLUS_SNAPDEPTH_DEPTH_ROLE_PCT100,nflverse_snap_depth_role,5518,0.737,-0.005,-0.018,rows=1453;candidate_error=5.6%;pyf_error=3.3%,rows=1453;candidate_error=5.6%;pyf_error=3.3%,older_late_rows=478;young_early_rows=2846,high_role_rows=1405;low_sparse_role_rows=1843,none,GUARDRAIL_CONTEXT
GAUNTLET_003_PRIOR_YEAR_PPG_BASELINE__PLUS_SNAPDEPTH_DEPTH_STABILITY_PCT025,nflverse_snap_depth_role,5518,0.734,-0.007,-0.021,rows=1453;candidate_error=6.2%;pyf_error=3.3%,rows=1453;candidate_error=6.2%;pyf_error=3.3%,older_late_rows=478;young_early_rows=2846,high_role_rows=1405;low_sparse_role_rows=1843,none,GUARDRAIL_CONTEXT
GAUNTLET_003_PRIOR_YEAR_PPG_BASELINE__PLUS_SNAPDEPTH_DEPTH_STABILITY_PCT050,nflverse_snap_depth_role,5518,0.735,-0.006,-0.020,rows=1453;candidate_error=6.1%;pyf_error=3.3%,rows=1453;candidate_error=6.1%;pyf_error=3.3%,older_late_rows=478;young_early_rows=2846,high_role_rows=1405;low_sparse_role_rows=1843,none,GUARDRAIL_CONTEXT
GAUNTLET_003_PRIOR_YEAR_PPG_BASELINE__PLUS_SNAPDEPTH_DEPTH_STABILITY_PCT100,nflverse_snap_depth_role,5518,0.737,-0.005,-0.018,rows=1453;candidate_error=6.1%;pyf_error=3.3%,rows=1453;candidate_error=6.1%;pyf_error=3.3%,older_late_rows=478;young_early_rows=2846,high_role_rows=1405;low_sparse_role_rows=1843,none,GUARDRAIL_CONTEXT
GAUNTLET_003_PRIOR_YEAR_PPG_BASELINE__PLUS_SNAPDEPTH_SNAP_DEPTH_ROLE_PCT025,nflverse_snap_depth_role,5518,0.733,-0.008,-0.022,rows=1453;candidate_error=6.1%;pyf_error=3.3%,rows=1453;candidate_error=6.1%;pyf_error=3.3%,older_late_rows=478;young_early_rows=2846,high_role_rows=1405;low_sparse_role_rows=1843,none,GUARDRAIL_CONTEXT
GAUNTLET_003_PRIOR_YEAR_PPG_BASELINE__PLUS_SNAPDEPTH_SNAP_DEPTH_ROLE_PCT050,nflverse_snap_depth_role,5518,0.734,-0.007,-0.021,rows=1453;candidate_error=6.1%;pyf_error=3.3%,rows=1453;candidate_error=6.1%;pyf_error=3.3%,older_late_rows=478;young_early_rows=2846,high_role_rows=1405;low_sparse_role_rows=1843,none,GUARDRAIL_CONTEXT
GAUNTLET_003_PRIOR_YEAR_PPG_BASELINE__PLUS_SNAPDEPTH_SNAP_DEPTH_ROLE_PCT100,nflverse_snap_depth_role,5518,0.736,-0.005,-0.019,rows=1453;candidate_error=5.8%;pyf_error=3.3%,rows=1453;candidate_error=5.8%;pyf_error=3.3%,older_late_rows=478;young_early_rows=2846,high_role_rows=1405;low_sparse_role_rows=1843,none,GUARDRAIL_CONTEXT
GAUNTLET_057_TE_THREE_75_20_5__PLUS_SNAPDEPTH_SNAP_SNAPS_PCT025,nflverse_snap_depth_role,1124,0.716,0.018,-0.039,rows=318;candidate_error=0.9%;pyf_error=1.3%,rows=318;candidate_error=0.9%;pyf_error=1.3%,older_late_rows=79;young_early_rows=555,high_role_rows=290;low_sparse_role_rows=377,partial_coverage_not_full_2013_2025_comparable,ADDITIVE_CANDIDATE
GAUNTLET_057_TE_THREE_75_20_5__PLUS_SNAPDEPTH_SNAP_SNAPS_PCT050,nflverse_snap_depth_role,1124,0.716,0.018,-0.039,rows=318;candidate_error=0.9%;pyf_error=1.3%,rows=318;candidate_error=0.9%;pyf_error=1.3%,older_late_rows=79;young_early_rows=555,high_role_rows=290;low_sparse_role_rows=377,partial_coverage_not_full_2013_2025_comparable,ADDITIVE_CANDIDATE
GAUNTLET_057_TE_THREE_75_20_5__PLUS_SNAPDEPTH_SNAP_SNAPS_PCT100,nflverse_snap_depth_role,1124,0.714,0.017,-0.041,rows=318;candidate_error=0.9%;pyf_error=1.3%,rows=318;candidate_error=0.9%;pyf_error=1.3%,older_late_rows=79;young_early_rows=555,high_role_rows=290;low_sparse_role_rows=377,partial_coverage_not_full_2013_2025_comparable,ADDITIVE_CANDIDATE
GAUNTLET_057_TE_THREE_75_20_5__PLUS_SNAPDEPTH_SNAP_SHARE_PCT025,nflverse_snap_depth_role,1124,0.716,0.019,-0.039,rows=318;candidate_error=0.9%;pyf_error=1.3%,rows=318;candidate_error=0.9%;pyf_error=1.3%,older_late_rows=79;young_early_rows=555,high_role_rows=290;low_sparse_role_rows=377,partial_coverage_not_full_2013_2025_comparable,ADDITIVE_CANDIDATE
GAUNTLET_057_TE_THREE_75_20_5__PLUS_SNAPDEPTH_SNAP_SHARE_PCT050,nflverse_snap_depth_role,1124,0.716,0.018,-0.039,rows=318;candidate_error=0.9%;pyf_error=1.3%,rows=318;candidate_error=0.9%;pyf_error=1.3%,older_late_rows=79;young_early_rows=555,high_role_rows=290;low_sparse_role_rows=377,partial_coverage_not_full_2013_2025_comparable,ADDITIVE_CANDIDATE
GAUNTLET_057_TE_THREE_75_20_5__PLUS_SNAPDEPTH_SNAP_SHARE_PCT100,nflverse_snap_depth_role,1124,0.714,0.017,-0.041,rows=318;candidate_error=0.9%;pyf_error=1.3%,rows=318;candidate_error=0.9%;pyf_error=1.3%,older_late_rows=79;young_early_rows=555,high_role_rows=290;low_sparse_role_rows=377,partial_coverage_not_full_2013_2025_comparable,ADDITIVE_CANDIDATE
GAUNTLET_057_TE_THREE_75_20_5__PLUS_SNAPDEPTH_SNAP_GAMES_PCT025,nflverse_snap_depth_role,1124,0.716,0.018,-0.039,rows=318;candidate_error=0.9%;pyf_error=1.3%,rows=318;candidate_error=0.9%;pyf_error=1.3%,older_late_rows=79;young_early_rows=555,high_role_rows=290;low_sparse_role_rows=377,partial_coverage_not_full_2013_2025_comparable,ADDITIVE_CANDIDATE
GAUNTLET_057_TE_THREE_75_20_5__PLUS_SNAPDEPTH_SNAP_GAMES_PCT050,nflverse_snap_depth_role,1124,0.715,0.018,-0.040,rows=318;candidate_error=0.9%;pyf_error=1.3%,rows=318;candidate_error=0.9%;pyf_error=1.3%,older_late_rows=79;young_early_rows=555,high_role_rows=290;low_sparse_role_rows=377,partial_coverage_not_full_2013_2025_comparable,ADDITIVE_CANDIDATE
GAUNTLET_057_TE_THREE_75_20_5__PLUS_SNAPDEPTH_SNAP_GAMES_PCT100,nflverse_snap_depth_role,1124,0.712,0.014,-0.043,rows=318;candidate_error=1.3%;pyf_error=1.3%,rows=318;candidate_error=1.3%;pyf_error=1.3%,older_late_rows=79;young_early_rows=555,high_role_rows=290;low_sparse_role_rows=377,partial_coverage_not_full_2013_2025_comparable,ADDITIVE_CANDIDATE
GAUNTLET_057_TE_THREE_75_20_5__PLUS_SNAPDEPTH_SNAP_NOT_LOW_PCT025,nflverse_snap_depth_role,1125,0.719,0.020,-0.036,rows=319;candidate_error=0.9%;pyf_error=1.3%,rows=319;candidate_error=0.9%;pyf_error=1.3%,older_late_rows=79;young_early_rows=555,high_role_rows=290;low_sparse_role_rows=378,partial_coverage_not_full_2013_2025_comparable,ADDITIVE_CANDIDATE
GAUNTLET_057_TE_THREE_75_20_5__PLUS_SNAPDEPTH_SNAP_NOT_LOW_PCT050,nflverse_snap_depth_role,1125,0.719,0.020,-0.036,rows=319;candidate_error=0.9%;pyf_error=1.3%,rows=319;candidate_error=0.9%;pyf_error=1.3%,older_late_rows=79;young_early_rows=555,high_role_rows=290;low_sparse_role_rows=378,partial_coverage_not_full_2013_2025_comparable,ADDITIVE_CANDIDATE
GAUNTLET_057_TE_THREE_75_20_5__PLUS_SNAPDEPTH_SNAP_NOT_LOW_PCT100,nflverse_snap_depth_role,1125,0.718,0.020,-0.037,rows=319;candidate_error=0.9%;pyf_error=1.3%,rows=319;candidate_error=0.9%;pyf_error=1.3%,older_late_rows=79;young_early_rows=555,high_role_rows=290;low_sparse_role_rows=378,partial_coverage_not_full_2013_2025_comparable,ADDITIVE_CANDIDATE
GAUNTLET_057_TE_THREE_75_20_5__PLUS_SNAPDEPTH_SNAP_ROLE_PCT025,nflverse_snap_depth_role,1125,0.717,0.019,-0.038,rows=319;candidate_error=0.9%;pyf_error=1.3%,rows=319;candidate_error=0.9%;pyf_error=1.3%,older_late_rows=79;young_early_rows=555,high_role_rows=290;low_sparse_role_rows=378,partial_coverage_not_full_2013_2025_comparable,ADDITIVE_CANDIDATE
GAUNTLET_057_TE_THREE_75_20_5__PLUS_SNAPDEPTH_SNAP_ROLE_PCT050,nflverse_snap_depth_role,1125,0.716,0.018,-0.039,rows=319;candidate_error=0.9%;pyf_error=1.3%,rows=319;candidate_error=0.9%;pyf_error=1.3%,older_late_rows=79;young_early_rows=555,high_role_rows=290;low_sparse_role_rows=378,partial_coverage_not_full_2013_2025_comparable,ADDITIVE_CANDIDATE
GAUNTLET_057_TE_THREE_75_20_5__PLUS_SNAPDEPTH_SNAP_ROLE_PCT100,nflverse_snap_depth_role,1125,0.715,0.016,-0.040,rows=319;candidate_error=0.9%;pyf_error=1.3%,rows=319;candidate_error=0.9%;pyf_error=1.3%,older_late_rows=79;young_early_rows=555,high_role_rows=290;low_sparse_role_rows=378,partial_coverage_not_full_2013_2025_comparable,ADDITIVE_CANDIDATE
GAUNTLET_057_TE_THREE_75_20_5__PLUS_SNAPDEPTH_DEPTH_STARTER_WEEKS_PCT025,nflverse_snap_depth_role,1198,0.715,0.018,-0.040,rows=331;candidate_error=0.9%;pyf_error=1.2%,rows=331;candidate_error=0.9%;pyf_error=1.2%,older_late_rows=86;young_early_rows=590,high_role_rows=312;low_sparse_role_rows=392,partial_coverage_not_full_2013_2025_comparable,ADDITIVE_CANDIDATE
GAUNTLET_057_TE_THREE_75_20_5__PLUS_SNAPDEPTH_DEPTH_STARTER_WEEKS_PCT050,nflverse_snap_depth_role,1198,0.714,0.017,-0.041,rows=331;candidate_error=0.9%;pyf_error=1.2%,rows=331;candidate_error=0.9%;pyf_error=1.2%,older_late_rows=86;young_early_rows=590,high_role_rows=312;low_sparse_role_rows=392,partial_coverage_not_full_2013_2025_comparable,ADDITIVE_CANDIDATE
GAUNTLET_057_TE_THREE_75_20_5__PLUS_SNAPDEPTH_DEPTH_STARTER_WEEKS_PCT100,nflverse_snap_depth_role,1198,0.711,0.014,-0.044,rows=331;candidate_error=0.9%;pyf_error=1.2%,rows=331;candidate_error=0.9%;pyf_error=1.2%,older_late_rows=86;young_early_rows=590,high_role_rows=312;low_sparse_role_rows=392,partial_coverage_not_full_2013_2025_comparable,ADDITIVE_CANDIDATE
GAUNTLET_057_TE_THREE_75_20_5__PLUS_SNAPDEPTH_DEPTH_ROLE_PCT025,nflverse_snap_depth_role,1211,0.718,0.017,-0.037,rows=342;candidate_error=0.9%;pyf_error=1.2%,rows=342;candidate_error=0.9%;pyf_error=1.2%,older_late_rows=86;young_early_rows=599,high_role_rows=312;low_sparse_role_rows=404,partial_coverage_not_full_2013_2025_comparable,ADDITIVE_CANDIDATE
GAUNTLET_057_TE_THREE_75_20_5__PLUS_SNAPDEPTH_DEPTH_ROLE_PCT050,nflverse_snap_depth_role,1211,0.718,0.016,-0.037,rows=342;candidate_error=0.9%;pyf_error=1.2%,rows=342;candidate_error=0.9%;pyf_error=1.2%,older_late_rows=86;young_early_rows=599,high_role_rows=312;low_sparse_role_rows=404,partial_coverage_not_full_2013_2025_comparable,ADDITIVE_CANDIDATE
GAUNTLET_057_TE_THREE_75_20_5__PLUS_SNAPDEPTH_DEPTH_ROLE_PCT100,nflverse_snap_depth_role,1211,0.715,0.014,-0.040,rows=342;candidate_error=0.9%;pyf_error=1.2%,rows=342;candidate_error=0.9%;pyf_error=1.2%,older_late_rows=86;young_early_rows=599,high_role_rows=312;low_sparse_role_rows=404,partial_coverage_not_full_2013_2025_comparable,ADDITIVE_CANDIDATE
GAUNTLET_057_TE_THREE_75_20_5__PLUS_SNAPDEPTH_DEPTH_STABILITY_PCT025,nflverse_snap_depth_role,1211,0.721,0.019,-0.034,rows=342;candidate_error=0.9%;pyf_error=1.2%,rows=342;candidate_error=0.9%;pyf_error=1.2%,older_late_rows=86;young_early_rows=599,high_role_rows=312;low_sparse_role_rows=404,partial_coverage_not_full_2013_2025_comparable,ADDITIVE_CANDIDATE
GAUNTLET_057_TE_THREE_75_20_5__PLUS_SNAPDEPTH_DEPTH_STABILITY_PCT050,nflverse_snap_depth_role,1211,0.722,0.021,-0.033,rows=342;candidate_error=0.9%;pyf_error=1.2%,rows=342;candidate_error=0.9%;pyf_error=1.2%,older_late_rows=86;young_early_rows=599,high_role_rows=312;low_sparse_role_rows=404,partial_coverage_not_full_2013_2025_comparable,ADDITIVE_CANDIDATE
GAUNTLET_057_TE_THREE_75_20_5__PLUS_SNAPDEPTH_DEPTH_STABILITY_PCT100,nflverse_snap_depth_role,1211,0.725,0.024,-0.030,rows=342;candidate_error=0.9%;pyf_error=1.2%,rows=342;candidate_error=0.9%;pyf_error=1.2%,older_late_rows=86;young_early_rows=599,high_role_rows=312;low_sparse_role_rows=404,partial_coverage_not_full_2013_2025_comparable,ADDITIVE_CANDIDATE
GAUNTLET_057_TE_THREE_75_20_5__PLUS_SNAPDEPTH_SNAP_DEPTH_ROLE_PCT025,nflverse_snap_depth_role,1211,0.718,0.017,-0.037,rows=342;candidate_error=0.9%;pyf_error=1.2%,rows=342;candidate_error=0.9%;pyf_error=1.2%,older_late_rows=86;young_early_rows=599,high_role_rows=312;low_sparse_role_rows=404,partial_coverage_not_full_2013_2025_comparable,ADDITIVE_CANDIDATE
GAUNTLET_057_TE_THREE_75_20_5__PLUS_SNAPDEPTH_SNAP_DEPTH_ROLE_PCT050,nflverse_snap_depth_role,1211,0.718,0.016,-0.037,rows=342;candidate_error=0.9%;pyf_error=1.2%,rows=342;candidate_error=0.9%;pyf_error=1.2%,older_late_rows=86;young_early_rows=599,high_role_rows=312;low_sparse_role_rows=404,partial_coverage_not_full_2013_2025_comparable,ADDITIVE_CANDIDATE
GAUNTLET_057_TE_THREE_75_20_5__PLUS_SNAPDEPTH_SNAP_DEPTH_ROLE_PCT100,nflverse_snap_depth_role,1211,0.715,0.014,-0.040,rows=342;candidate_error=0.9%;pyf_error=1.2%,rows=342;candidate_error=0.9%;pyf_error=1.2%,older_late_rows=86;young_early_rows=599,high_role_rows=312;low_sparse_role_rows=404,partial_coverage_not_full_2013_2025_comparable,ADDITIVE_CANDIDATE
GAUNTLET_058_TE_THREE_70_20_10__PLUS_SNAPDEPTH_SNAP_SNAPS_PCT025,nflverse_snap_depth_role,1124,0.716,0.019,-0.039,rows=318;candidate_error=0.9%;pyf_error=1.3%,rows=318;candidate_error=0.9%;pyf_error=1.3%,older_late_rows=79;young_early_rows=555,high_role_rows=290;low_sparse_role_rows=377,partial_coverage_not_full_2013_2025_comparable,ADDITIVE_CANDIDATE
GAUNTLET_058_TE_THREE_70_20_10__PLUS_SNAPDEPTH_SNAP_SNAPS_PCT050,nflverse_snap_depth_role,1124,0.715,0.017,-0.040,rows=318;candidate_error=0.9%;pyf_error=1.3%,rows=318;candidate_error=0.9%;pyf_error=1.3%,older_late_rows=79;young_early_rows=555,high_role_rows=290;low_sparse_role_rows=377,partial_coverage_not_full_2013_2025_comparable,ADDITIVE_CANDIDATE
GAUNTLET_058_TE_THREE_70_20_10__PLUS_SNAPDEPTH_SNAP_SNAPS_PCT100,nflverse_snap_depth_role,1124,0.713,0.015,-0.042,rows=318;candidate_error=0.9%;pyf_error=1.3%,rows=318;candidate_error=0.9%;pyf_error=1.3%,older_late_rows=79;young_early_rows=555,high_role_rows=290;low_sparse_role_rows=377,partial_coverage_not_full_2013_2025_comparable,ADDITIVE_CANDIDATE
GAUNTLET_058_TE_THREE_70_20_10__PLUS_SNAPDEPTH_SNAP_SHARE_PCT025,nflverse_snap_depth_role,1124,0.717,0.019,-0.038,rows=318;candidate_error=0.9%;pyf_error=1.3%,rows=318;candidate_error=0.9%;pyf_error=1.3%,older_late_rows=79;young_early_rows=555,high_role_rows=290;low_sparse_role_rows=377,partial_coverage_not_full_2013_2025_comparable,ADDITIVE_CANDIDATE
GAUNTLET_058_TE_THREE_70_20_10__PLUS_SNAPDEPTH_SNAP_SHARE_PCT050,nflverse_snap_depth_role,1124,0.716,0.019,-0.039,rows=318;candidate_error=0.9%;pyf_error=1.3%,rows=318;candidate_error=0.9%;pyf_error=1.3%,older_late_rows=79;young_early_rows=555,high_role_rows=290;low_sparse_role_rows=377,partial_coverage_not_full_2013_2025_comparable,ADDITIVE_CANDIDATE
GAUNTLET_058_TE_THREE_70_20_10__PLUS_SNAPDEPTH_SNAP_SHARE_PCT100,nflverse_snap_depth_role,1124,0.714,0.016,-0.041,rows=318;candidate_error=0.9%;pyf_error=1.3%,rows=318;candidate_error=0.9%;pyf_error=1.3%,older_late_rows=79;young_early_rows=555,high_role_rows=290;low_sparse_role_rows=377,partial_coverage_not_full_2013_2025_comparable,ADDITIVE_CANDIDATE
GAUNTLET_058_TE_THREE_70_20_10__PLUS_SNAPDEPTH_SNAP_GAMES_PCT025,nflverse_snap_depth_role,1124,0.716,0.018,-0.039,rows=318;candidate_error=0.9%;pyf_error=1.3%,rows=318;candidate_error=0.9%;pyf_error=1.3%,older_late_rows=79;young_early_rows=555,high_role_rows=290;low_sparse_role_rows=377,partial_coverage_not_full_2013_2025_comparable,ADDITIVE_CANDIDATE
GAUNTLET_058_TE_THREE_70_20_10__PLUS_SNAPDEPTH_SNAP_GAMES_PCT050,nflverse_snap_depth_role,1124,0.715,0.017,-0.040,rows=318;candidate_error=0.9%;pyf_error=1.3%,rows=318;candidate_error=0.9%;pyf_error=1.3%,older_late_rows=79;young_early_rows=555,high_role_rows=290;low_sparse_role_rows=377,partial_coverage_not_full_2013_2025_comparable,ADDITIVE_CANDIDATE
GAUNTLET_058_TE_THREE_70_20_10__PLUS_SNAPDEPTH_SNAP_GAMES_PCT100,nflverse_snap_depth_role,1124,0.713,0.015,-0.042,rows=318;candidate_error=1.3%;pyf_error=1.3%,rows=318;candidate_error=1.3%;pyf_error=1.3%,older_late_rows=79;young_early_rows=555,high_role_rows=290;low_sparse_role_rows=377,partial_coverage_not_full_2013_2025_comparable,ADDITIVE_CANDIDATE
GAUNTLET_058_TE_THREE_70_20_10__PLUS_SNAPDEPTH_SNAP_NOT_LOW_PCT025,nflverse_snap_depth_role,1125,0.718,0.019,-0.037,rows=319;candidate_error=0.9%;pyf_error=1.3%,rows=319;candidate_error=0.9%;pyf_error=1.3%,older_late_rows=79;young_early_rows=555,high_role_rows=290;low_sparse_role_rows=378,partial_coverage_not_full_2013_2025_comparable,ADDITIVE_CANDIDATE
GAUNTLET_058_TE_THREE_70_20_10__PLUS_SNAPDEPTH_SNAP_NOT_LOW_PCT050,nflverse_snap_depth_role,1125,0.719,0.021,-0.036,rows=319;candidate_error=0.9%;pyf_error=1.3%,rows=319;candidate_error=0.9%;pyf_error=1.3%,older_late_rows=79;young_early_rows=555,high_role_rows=290;low_sparse_role_rows=378,partial_coverage_not_full_2013_2025_comparable,ADDITIVE_CANDIDATE
GAUNTLET_058_TE_THREE_70_20_10__PLUS_SNAPDEPTH_SNAP_NOT_LOW_PCT100,nflverse_snap_depth_role,1125,0.720,0.021,-0.035,rows=319;candidate_error=0.9%;pyf_error=1.3%,rows=319;candidate_error=0.9%;pyf_error=1.3%,older_late_rows=79;young_early_rows=555,high_role_rows=290;low_sparse_role_rows=378,partial_coverage_not_full_2013_2025_comparable,ADDITIVE_CANDIDATE
GAUNTLET_058_TE_THREE_70_20_10__PLUS_SNAPDEPTH_SNAP_ROLE_PCT025,nflverse_snap_depth_role,1125,0.717,0.019,-0.038,rows=319;candidate_error=0.9%;pyf_error=1.3%,rows=319;candidate_error=0.9%;pyf_error=1.3%,older_late_rows=79;young_early_rows=555,high_role_rows=290;low_sparse_role_rows=378,partial_coverage_not_full_2013_2025_comparable,ADDITIVE_CANDIDATE
GAUNTLET_058_TE_THREE_70_20_10__PLUS_SNAPDEPTH_SNAP_ROLE_PCT050,nflverse_snap_depth_role,1125,0.716,0.018,-0.039,rows=319;candidate_error=0.9%;pyf_error=1.3%,rows=319;candidate_error=0.9%;pyf_error=1.3%,older_late_rows=79;young_early_rows=555,high_role_rows=290;low_sparse_role_rows=378,partial_coverage_not_full_2013_2025_comparable,ADDITIVE_CANDIDATE
GAUNTLET_058_TE_THREE_70_20_10__PLUS_SNAPDEPTH_SNAP_ROLE_PCT100,nflverse_snap_depth_role,1125,0.714,0.015,-0.041,rows=319;candidate_error=0.9%;pyf_error=1.3%,rows=319;candidate_error=0.9%;pyf_error=1.3%,older_late_rows=79;young_early_rows=555,high_role_rows=290;low_sparse_role_rows=378,partial_coverage_not_full_2013_2025_comparable,ADDITIVE_CANDIDATE
GAUNTLET_058_TE_THREE_70_20_10__PLUS_SNAPDEPTH_DEPTH_STARTER_WEEKS_PCT025,nflverse_snap_depth_role,1198,0.716,0.018,-0.039,rows=331;candidate_error=0.9%;pyf_error=1.2%,rows=331;candidate_error=0.9%;pyf_error=1.2%,older_late_rows=86;young_early_rows=590,high_role_rows=312;low_sparse_role_rows=392,partial_coverage_not_full_2013_2025_comparable,ADDITIVE_CANDIDATE
GAUNTLET_058_TE_THREE_70_20_10__PLUS_SNAPDEPTH_DEPTH_STARTER_WEEKS_PCT050,nflverse_snap_depth_role,1198,0.715,0.017,-0.040,rows=331;candidate_error=0.9%;pyf_error=1.2%,rows=331;candidate_error=0.9%;pyf_error=1.2%,older_late_rows=86;young_early_rows=590,high_role_rows=312;low_sparse_role_rows=392,partial_coverage_not_full_2013_2025_comparable,ADDITIVE_CANDIDATE
GAUNTLET_058_TE_THREE_70_20_10__PLUS_SNAPDEPTH_DEPTH_STARTER_WEEKS_PCT100,nflverse_snap_depth_role,1198,0.711,0.014,-0.044,rows=331;candidate_error=0.9%;pyf_error=1.2%,rows=331;candidate_error=0.9%;pyf_error=1.2%,older_late_rows=86;young_early_rows=590,high_role_rows=312;low_sparse_role_rows=392,partial_coverage_not_full_2013_2025_comparable,ADDITIVE_CANDIDATE
GAUNTLET_058_TE_THREE_70_20_10__PLUS_SNAPDEPTH_DEPTH_ROLE_PCT025,nflverse_snap_depth_role,1211,0.719,0.018,-0.036,rows=342;candidate_error=0.9%;pyf_error=1.2%,rows=342;candidate_error=0.9%;pyf_error=1.2%,older_late_rows=86;young_early_rows=599,high_role_rows=312;low_sparse_role_rows=404,partial_coverage_not_full_2013_2025_comparable,ADDITIVE_CANDIDATE
GAUNTLET_058_TE_THREE_70_20_10__PLUS_SNAPDEPTH_DEPTH_ROLE_PCT050,nflverse_snap_depth_role,1211,0.719,0.017,-0.036,rows=342;candidate_error=0.9%;pyf_error=1.2%,rows=342;candidate_error=0.9%;pyf_error=1.2%,older_late_rows=86;young_early_rows=599,high_role_rows=312;low_sparse_role_rows=404,partial_coverage_not_full_2013_2025_comparable,ADDITIVE_CANDIDATE
GAUNTLET_058_TE_THREE_70_20_10__PLUS_SNAPDEPTH_DEPTH_ROLE_PCT100,nflverse_snap_depth_role,1211,0.715,0.014,-0.040,rows=342;candidate_error=0.9%;pyf_error=1.2%,rows=342;candidate_error=0.9%;pyf_error=1.2%,older_late_rows=86;young_early_rows=599,high_role_rows=312;low_sparse_role_rows=404,partial_coverage_not_full_2013_2025_comparable,ADDITIVE_CANDIDATE
GAUNTLET_058_TE_THREE_70_20_10__PLUS_SNAPDEPTH_DEPTH_STABILITY_PCT025,nflverse_snap_depth_role,1211,0.720,0.019,-0.035,rows=342;candidate_error=0.9%;pyf_error=1.2%,rows=342;candidate_error=0.9%;pyf_error=1.2%,older_late_rows=86;young_early_rows=599,high_role_rows=312;low_sparse_role_rows=404,partial_coverage_not_full_2013_2025_comparable,ADDITIVE_CANDIDATE
GAUNTLET_058_TE_THREE_70_20_10__PLUS_SNAPDEPTH_DEPTH_STABILITY_PCT050,nflverse_snap_depth_role,1211,0.723,0.022,-0.032,rows=342;candidate_error=0.9%;pyf_error=1.2%,rows=342;candidate_error=0.9%;pyf_error=1.2%,older_late_rows=86;young_early_rows=599,high_role_rows=312;low_sparse_role_rows=404,partial_coverage_not_full_2013_2025_comparable,ADDITIVE_CANDIDATE
GAUNTLET_058_TE_THREE_70_20_10__PLUS_SNAPDEPTH_DEPTH_STABILITY_PCT100,nflverse_snap_depth_role,1211,0.726,0.024,-0.029,rows=342;candidate_error=0.9%;pyf_error=1.2%,rows=342;candidate_error=0.9%;pyf_error=1.2%,older_late_rows=86;young_early_rows=599,high_role_rows=312;low_sparse_role_rows=404,partial_coverage_not_full_2013_2025_comparable,ADDITIVE_CANDIDATE
GAUNTLET_058_TE_THREE_70_20_10__PLUS_SNAPDEPTH_SNAP_DEPTH_ROLE_PCT025,nflverse_snap_depth_role,1211,0.719,0.017,-0.036,rows=342;candidate_error=0.9%;pyf_error=1.2%,rows=342;candidate_error=0.9%;pyf_error=1.2%,older_late_rows=86;young_early_rows=599,high_role_rows=312;low_sparse_role_rows=404,partial_coverage_not_full_2013_2025_comparable,ADDITIVE_CANDIDATE
GAUNTLET_058_TE_THREE_70_20_10__PLUS_SNAPDEPTH_SNAP_DEPTH_ROLE_PCT050,nflverse_snap_depth_role,1211,0.718,0.017,-0.037,rows=342;candidate_error=0.9%;pyf_error=1.2%,rows=342;candidate_error=0.9%;pyf_error=1.2%,older_late_rows=86;young_early_rows=599,high_role_rows=312;low_sparse_role_rows=404,partial_coverage_not_full_2013_2025_comparable,ADDITIVE_CANDIDATE
GAUNTLET_058_TE_THREE_70_20_10__PLUS_SNAPDEPTH_SNAP_DEPTH_ROLE_PCT100,nflverse_snap_depth_role,1211,0.715,0.014,-0.040,rows=342;candidate_error=0.9%;pyf_error=1.2%,rows=342;candidate_error=0.9%;pyf_error=1.2%,older_late_rows=86;young_early_rows=599,high_role_rows=312;low_sparse_role_rows=404,partial_coverage_not_full_2013_2025_comparable,ADDITIVE_CANDIDATE
GAUNTLET_059_TE_THREE_65_25_10__PLUS_SNAPDEPTH_SNAP_SNAPS_PCT025,nflverse_snap_depth_role,1124,0.716,0.018,-0.039,rows=318;candidate_error=0.9%;pyf_error=1.3%,rows=318;candidate_error=0.9%;pyf_error=1.3%,older_late_rows=79;young_early_rows=555,high_role_rows=290;low_sparse_role_rows=377,partial_coverage_not_full_2013_2025_comparable,ADDITIVE_CANDIDATE
GAUNTLET_059_TE_THREE_65_25_10__PLUS_SNAPDEPTH_SNAP_SNAPS_PCT050,nflverse_snap_depth_role,1124,0.715,0.017,-0.040,rows=318;candidate_error=0.9%;pyf_error=1.3%,rows=318;candidate_error=0.9%;pyf_error=1.3%,older_late_rows=79;young_early_rows=555,high_role_rows=290;low_sparse_role_rows=377,partial_coverage_not_full_2013_2025_comparable,ADDITIVE_CANDIDATE
GAUNTLET_059_TE_THREE_65_25_10__PLUS_SNAPDEPTH_SNAP_SNAPS_PCT100,nflverse_snap_depth_role,1124,0.713,0.015,-0.042,rows=318;candidate_error=0.9%;pyf_error=1.3%,rows=318;candidate_error=0.9%;pyf_error=1.3%,older_late_rows=79;young_early_rows=555,high_role_rows=290;low_sparse_role_rows=377,partial_coverage_not_full_2013_2025_comparable,ADDITIVE_CANDIDATE
GAUNTLET_059_TE_THREE_65_25_10__PLUS_SNAPDEPTH_SNAP_SHARE_PCT025,nflverse_snap_depth_role,1124,0.716,0.018,-0.039,rows=318;candidate_error=0.9%;pyf_error=1.3%,rows=318;candidate_error=0.9%;pyf_error=1.3%,older_late_rows=79;young_early_rows=555,high_role_rows=290;low_sparse_role_rows=377,partial_coverage_not_full_2013_2025_comparable,ADDITIVE_CANDIDATE
GAUNTLET_059_TE_THREE_65_25_10__PLUS_SNAPDEPTH_SNAP_SHARE_PCT050,nflverse_snap_depth_role,1124,0.716,0.018,-0.039,rows=318;candidate_error=0.9%;pyf_error=1.3%,rows=318;candidate_error=0.9%;pyf_error=1.3%,older_late_rows=79;young_early_rows=555,high_role_rows=290;low_sparse_role_rows=377,partial_coverage_not_full_2013_2025_comparable,ADDITIVE_CANDIDATE
GAUNTLET_059_TE_THREE_65_25_10__PLUS_SNAPDEPTH_SNAP_SHARE_PCT100,nflverse_snap_depth_role,1124,0.714,0.016,-0.041,rows=318;candidate_error=0.9%;pyf_error=1.3%,rows=318;candidate_error=0.9%;pyf_error=1.3%,older_late_rows=79;young_early_rows=555,high_role_rows=290;low_sparse_role_rows=377,partial_coverage_not_full_2013_2025_comparable,ADDITIVE_CANDIDATE
GAUNTLET_059_TE_THREE_65_25_10__PLUS_SNAPDEPTH_SNAP_GAMES_PCT025,nflverse_snap_depth_role,1124,0.716,0.018,-0.039,rows=318;candidate_error=0.9%;pyf_error=1.3%,rows=318;candidate_error=0.9%;pyf_error=1.3%,older_late_rows=79;young_early_rows=555,high_role_rows=290;low_sparse_role_rows=377,partial_coverage_not_full_2013_2025_comparable,ADDITIVE_CANDIDATE
GAUNTLET_059_TE_THREE_65_25_10__PLUS_SNAPDEPTH_SNAP_GAMES_PCT050,nflverse_snap_depth_role,1124,0.715,0.017,-0.040,rows=318;candidate_error=0.9%;pyf_error=1.3%,rows=318;candidate_error=0.9%;pyf_error=1.3%,older_late_rows=79;young_early_rows=555,high_role_rows=290;low_sparse_role_rows=377,partial_coverage_not_full_2013_2025_comparable,ADDITIVE_CANDIDATE
GAUNTLET_059_TE_THREE_65_25_10__PLUS_SNAPDEPTH_SNAP_GAMES_PCT100,nflverse_snap_depth_role,1124,0.713,0.015,-0.042,rows=318;candidate_error=1.3%;pyf_error=1.3%,rows=318;candidate_error=1.3%;pyf_error=1.3%,older_late_rows=79;young_early_rows=555,high_role_rows=290;low_sparse_role_rows=377,partial_coverage_not_full_2013_2025_comparable,ADDITIVE_CANDIDATE
GAUNTLET_059_TE_THREE_65_25_10__PLUS_SNAPDEPTH_SNAP_NOT_LOW_PCT025,nflverse_snap_depth_role,1125,0.718,0.019,-0.037,rows=319;candidate_error=0.9%;pyf_error=1.3%,rows=319;candidate_error=0.9%;pyf_error=1.3%,older_late_rows=79;young_early_rows=555,high_role_rows=290;low_sparse_role_rows=378,partial_coverage_not_full_2013_2025_comparable,ADDITIVE_CANDIDATE
GAUNTLET_059_TE_THREE_65_25_10__PLUS_SNAPDEPTH_SNAP_NOT_LOW_PCT050,nflverse_snap_depth_role,1125,0.717,0.019,-0.038,rows=319;candidate_error=0.9%;pyf_error=1.3%,rows=319;candidate_error=0.9%;pyf_error=1.3%,older_late_rows=79;young_early_rows=555,high_role_rows=290;low_sparse_role_rows=378,partial_coverage_not_full_2013_2025_comparable,ADDITIVE_CANDIDATE
GAUNTLET_059_TE_THREE_65_25_10__PLUS_SNAPDEPTH_SNAP_NOT_LOW_PCT100,nflverse_snap_depth_role,1125,0.720,0.021,-0.035,rows=319;candidate_error=0.9%;pyf_error=1.3%,rows=319;candidate_error=0.9%;pyf_error=1.3%,older_late_rows=79;young_early_rows=555,high_role_rows=290;low_sparse_role_rows=378,partial_coverage_not_full_2013_2025_comparable,ADDITIVE_CANDIDATE
GAUNTLET_059_TE_THREE_65_25_10__PLUS_SNAPDEPTH_SNAP_ROLE_PCT025,nflverse_snap_depth_role,1125,0.717,0.018,-0.038,rows=319;candidate_error=0.9%;pyf_error=1.3%,rows=319;candidate_error=0.9%;pyf_error=1.3%,older_late_rows=79;young_early_rows=555,high_role_rows=290;low_sparse_role_rows=378,partial_coverage_not_full_2013_2025_comparable,ADDITIVE_CANDIDATE
GAUNTLET_059_TE_THREE_65_25_10__PLUS_SNAPDEPTH_SNAP_ROLE_PCT050,nflverse_snap_depth_role,1125,0.716,0.017,-0.039,rows=319;candidate_error=0.9%;pyf_error=1.3%,rows=319;candidate_error=0.9%;pyf_error=1.3%,older_late_rows=79;young_early_rows=555,high_role_rows=290;low_sparse_role_rows=378,partial_coverage_not_full_2013_2025_comparable,ADDITIVE_CANDIDATE
GAUNTLET_059_TE_THREE_65_25_10__PLUS_SNAPDEPTH_SNAP_ROLE_PCT100,nflverse_snap_depth_role,1125,0.714,0.015,-0.041,rows=319;candidate_error=0.9%;pyf_error=1.3%,rows=319;candidate_error=0.9%;pyf_error=1.3%,older_late_rows=79;young_early_rows=555,high_role_rows=290;low_sparse_role_rows=378,partial_coverage_not_full_2013_2025_comparable,ADDITIVE_CANDIDATE
GAUNTLET_059_TE_THREE_65_25_10__PLUS_SNAPDEPTH_DEPTH_STARTER_WEEKS_PCT025,nflverse_snap_depth_role,1198,0.715,0.018,-0.040,rows=331;candidate_error=0.9%;pyf_error=1.2%,rows=331;candidate_error=0.9%;pyf_error=1.2%,older_late_rows=86;young_early_rows=590,high_role_rows=312;low_sparse_role_rows=392,partial_coverage_not_full_2013_2025_comparable,ADDITIVE_CANDIDATE
GAUNTLET_059_TE_THREE_65_25_10__PLUS_SNAPDEPTH_DEPTH_STARTER_WEEKS_PCT050,nflverse_snap_depth_role,1198,0.714,0.016,-0.041,rows=331;candidate_error=0.9%;pyf_error=1.2%,rows=331;candidate_error=0.9%;pyf_error=1.2%,older_late_rows=86;young_early_rows=590,high_role_rows=312;low_sparse_role_rows=392,partial_coverage_not_full_2013_2025_comparable,ADDITIVE_CANDIDATE
GAUNTLET_059_TE_THREE_65_25_10__PLUS_SNAPDEPTH_DEPTH_STARTER_WEEKS_PCT100,nflverse_snap_depth_role,1198,0.711,0.014,-0.044,rows=331;candidate_error=0.9%;pyf_error=1.2%,rows=331;candidate_error=0.9%;pyf_error=1.2%,older_late_rows=86;young_early_rows=590,high_role_rows=312;low_sparse_role_rows=392,partial_coverage_not_full_2013_2025_comparable,ADDITIVE_CANDIDATE
GAUNTLET_059_TE_THREE_65_25_10__PLUS_SNAPDEPTH_DEPTH_ROLE_PCT025,nflverse_snap_depth_role,1211,0.718,0.017,-0.037,rows=342;candidate_error=0.9%;pyf_error=1.2%,rows=342;candidate_error=0.9%;pyf_error=1.2%,older_late_rows=86;young_early_rows=599,high_role_rows=312;low_sparse_role_rows=404,partial_coverage_not_full_2013_2025_comparable,ADDITIVE_CANDIDATE
GAUNTLET_059_TE_THREE_65_25_10__PLUS_SNAPDEPTH_DEPTH_ROLE_PCT050,nflverse_snap_depth_role,1211,0.717,0.016,-0.038,rows=342;candidate_error=0.9%;pyf_error=1.2%,rows=342;candidate_error=0.9%;pyf_error=1.2%,older_late_rows=86;young_early_rows=599,high_role_rows=312;low_sparse_role_rows=404,partial_coverage_not_full_2013_2025_comparable,ADDITIVE_CANDIDATE
GAUNTLET_059_TE_THREE_65_25_10__PLUS_SNAPDEPTH_DEPTH_ROLE_PCT100,nflverse_snap_depth_role,1211,0.715,0.014,-0.040,rows=342;candidate_error=0.9%;pyf_error=1.2%,rows=342;candidate_error=0.9%;pyf_error=1.2%,older_late_rows=86;young_early_rows=599,high_role_rows=312;low_sparse_role_rows=404,partial_coverage_not_full_2013_2025_comparable,ADDITIVE_CANDIDATE
GAUNTLET_059_TE_THREE_65_25_10__PLUS_SNAPDEPTH_DEPTH_STABILITY_PCT025,nflverse_snap_depth_role,1211,0.719,0.018,-0.036,rows=342;candidate_error=0.9%;pyf_error=1.2%,rows=342;candidate_error=0.9%;pyf_error=1.2%,older_late_rows=86;young_early_rows=599,high_role_rows=312;low_sparse_role_rows=404,partial_coverage_not_full_2013_2025_comparable,ADDITIVE_CANDIDATE
GAUNTLET_059_TE_THREE_65_25_10__PLUS_SNAPDEPTH_DEPTH_STABILITY_PCT050,nflverse_snap_depth_role,1211,0.722,0.021,-0.033,rows=342;candidate_error=0.9%;pyf_error=1.2%,rows=342;candidate_error=0.9%;pyf_error=1.2%,older_late_rows=86;young_early_rows=599,high_role_rows=312;low_sparse_role_rows=404,partial_coverage_not_full_2013_2025_comparable,ADDITIVE_CANDIDATE
GAUNTLET_059_TE_THREE_65_25_10__PLUS_SNAPDEPTH_DEPTH_STABILITY_PCT100,nflverse_snap_depth_role,1211,0.725,0.023,-0.030,rows=342;candidate_error=0.9%;pyf_error=1.2%,rows=342;candidate_error=0.9%;pyf_error=1.2%,older_late_rows=86;young_early_rows=599,high_role_rows=312;low_sparse_role_rows=404,partial_coverage_not_full_2013_2025_comparable,ADDITIVE_CANDIDATE
GAUNTLET_059_TE_THREE_65_25_10__PLUS_SNAPDEPTH_SNAP_DEPTH_ROLE_PCT025,nflverse_snap_depth_role,1211,0.718,0.017,-0.037,rows=342;candidate_error=0.9%;pyf_error=1.2%,rows=342;candidate_error=0.9%;pyf_error=1.2%,older_late_rows=86;young_early_rows=599,high_role_rows=312;low_sparse_role_rows=404,partial_coverage_not_full_2013_2025_comparable,ADDITIVE_CANDIDATE
GAUNTLET_059_TE_THREE_65_25_10__PLUS_SNAPDEPTH_SNAP_DEPTH_ROLE_PCT050,nflverse_snap_depth_role,1211,0.717,0.016,-0.038,rows=342;candidate_error=0.9%;pyf_error=1.2%,rows=342;candidate_error=0.9%;pyf_error=1.2%,older_late_rows=86;young_early_rows=599,high_role_rows=312;low_sparse_role_rows=404,partial_coverage_not_full_2013_2025_comparable,ADDITIVE_CANDIDATE
GAUNTLET_059_TE_THREE_65_25_10__PLUS_SNAPDEPTH_SNAP_DEPTH_ROLE_PCT100,nflverse_snap_depth_role,1211,0.715,0.014,-0.040,rows=342;candidate_error=0.9%;pyf_error=1.2%,rows=342;candidate_error=0.9%;pyf_error=1.2%,older_late_rows=86;young_early_rows=599,high_role_rows=312;low_sparse_role_rows=404,partial_coverage_not_full_2013_2025_comparable,ADDITIVE_CANDIDATE
GAUNTLET_051_WR_THREE_65_25_10__PLUS_SNAPDEPTH_SNAP_SNAPS_PCT025,nflverse_snap_depth_role,1968,0.707,0.012,-0.048,rows=400;candidate_error=2.5%;pyf_error=3.0%,rows=400;candidate_error=2.5%;pyf_error=3.0%,older_late_rows=120;young_early_rows=1058,high_role_rows=499;low_sparse_role_rows=575,partial_coverage_not_full_2013_2025_comparable,ADDITIVE_CANDIDATE
GAUNTLET_051_WR_THREE_65_25_10__PLUS_SNAPDEPTH_SNAP_SNAPS_PCT050,nflverse_snap_depth_role,1968,0.706,0.012,-0.049,rows=400;candidate_error=2.5%;pyf_error=3.0%,rows=400;candidate_error=2.5%;pyf_error=3.0%,older_late_rows=120;young_early_rows=1058,high_role_rows=499;low_sparse_role_rows=575,partial_coverage_not_full_2013_2025_comparable,ADDITIVE_CANDIDATE
GAUNTLET_051_WR_THREE_65_25_10__PLUS_SNAPDEPTH_SNAP_SNAPS_PCT100,nflverse_snap_depth_role,1968,0.706,0.012,-0.049,rows=400;candidate_error=2.5%;pyf_error=3.0%,rows=400;candidate_error=2.5%;pyf_error=3.0%,older_late_rows=120;young_early_rows=1058,high_role_rows=499;low_sparse_role_rows=575,partial_coverage_not_full_2013_2025_comparable,ADDITIVE_CANDIDATE
GAUNTLET_051_WR_THREE_65_25_10__PLUS_SNAPDEPTH_SNAP_SHARE_PCT025,nflverse_snap_depth_role,1968,0.708,0.013,-0.047,rows=400;candidate_error=2.5%;pyf_error=3.0%,rows=400;candidate_error=2.5%;pyf_error=3.0%,older_late_rows=120;young_early_rows=1058,high_role_rows=499;low_sparse_role_rows=575,partial_coverage_not_full_2013_2025_comparable,ADDITIVE_CANDIDATE
GAUNTLET_051_WR_THREE_65_25_10__PLUS_SNAPDEPTH_SNAP_SHARE_PCT050,nflverse_snap_depth_role,1968,0.707,0.013,-0.048,rows=400;candidate_error=2.5%;pyf_error=3.0%,rows=400;candidate_error=2.5%;pyf_error=3.0%,older_late_rows=120;young_early_rows=1058,high_role_rows=499;low_sparse_role_rows=575,partial_coverage_not_full_2013_2025_comparable,ADDITIVE_CANDIDATE
GAUNTLET_051_WR_THREE_65_25_10__PLUS_SNAPDEPTH_SNAP_SHARE_PCT100,nflverse_snap_depth_role,1968,0.708,0.013,-0.047,rows=400;candidate_error=2.8%;pyf_error=3.0%,rows=400;candidate_error=2.8%;pyf_error=3.0%,older_late_rows=120;young_early_rows=1058,high_role_rows=499;low_sparse_role_rows=575,partial_coverage_not_full_2013_2025_comparable,ADDITIVE_CANDIDATE
GAUNTLET_051_WR_THREE_65_25_10__PLUS_SNAPDEPTH_SNAP_GAMES_PCT025,nflverse_snap_depth_role,1968,0.707,0.013,-0.048,rows=400;candidate_error=2.5%;pyf_error=3.0%,rows=400;candidate_error=2.5%;pyf_error=3.0%,older_late_rows=120;young_early_rows=1058,high_role_rows=499;low_sparse_role_rows=575,partial_coverage_not_full_2013_2025_comparable,ADDITIVE_CANDIDATE
GAUNTLET_051_WR_THREE_65_25_10__PLUS_SNAPDEPTH_SNAP_GAMES_PCT050,nflverse_snap_depth_role,1968,0.707,0.012,-0.048,rows=400;candidate_error=2.5%;pyf_error=3.0%,rows=400;candidate_error=2.5%;pyf_error=3.0%,older_late_rows=120;young_early_rows=1058,high_role_rows=499;low_sparse_role_rows=575,partial_coverage_not_full_2013_2025_comparable,ADDITIVE_CANDIDATE
GAUNTLET_051_WR_THREE_65_25_10__PLUS_SNAPDEPTH_SNAP_GAMES_PCT100,nflverse_snap_depth_role,1968,0.706,0.011,-0.049,rows=400;candidate_error=2.8%;pyf_error=3.0%,rows=400;candidate_error=2.8%;pyf_error=3.0%,older_late_rows=120;young_early_rows=1058,high_role_rows=499;low_sparse_role_rows=575,partial_coverage_not_full_2013_2025_comparable,ADDITIVE_CANDIDATE
GAUNTLET_051_WR_THREE_65_25_10__PLUS_SNAPDEPTH_SNAP_NOT_LOW_PCT025,nflverse_snap_depth_role,1971,0.709,0.014,-0.046,rows=403;candidate_error=2.5%;pyf_error=3.0%,rows=403;candidate_error=2.5%;pyf_error=3.0%,older_late_rows=121;young_early_rows=1060,high_role_rows=499;low_sparse_role_rows=578,partial_coverage_not_full_2013_2025_comparable,ADDITIVE_CANDIDATE
GAUNTLET_051_WR_THREE_65_25_10__PLUS_SNAPDEPTH_SNAP_NOT_LOW_PCT050,nflverse_snap_depth_role,1971,0.711,0.016,-0.044,rows=403;candidate_error=2.5%;pyf_error=3.0%,rows=403;candidate_error=2.5%;pyf_error=3.0%,older_late_rows=121;young_early_rows=1060,high_role_rows=499;low_sparse_role_rows=578,partial_coverage_not_full_2013_2025_comparable,ADDITIVE_CANDIDATE
GAUNTLET_051_WR_THREE_65_25_10__PLUS_SNAPDEPTH_SNAP_NOT_LOW_PCT100,nflverse_snap_depth_role,1971,0.714,0.019,-0.041,rows=403;candidate_error=2.2%;pyf_error=3.0%,rows=403;candidate_error=2.2%;pyf_error=3.0%,older_late_rows=121;young_early_rows=1060,high_role_rows=499;low_sparse_role_rows=578,partial_coverage_not_full_2013_2025_comparable,ADDITIVE_CANDIDATE
GAUNTLET_051_WR_THREE_65_25_10__PLUS_SNAPDEPTH_SNAP_ROLE_PCT025,nflverse_snap_depth_role,1971,0.708,0.012,-0.047,rows=403;candidate_error=2.5%;pyf_error=3.0%,rows=403;candidate_error=2.5%;pyf_error=3.0%,older_late_rows=121;young_early_rows=1060,high_role_rows=499;low_sparse_role_rows=578,partial_coverage_not_full_2013_2025_comparable,ADDITIVE_CANDIDATE
GAUNTLET_051_WR_THREE_65_25_10__PLUS_SNAPDEPTH_SNAP_ROLE_PCT050,nflverse_snap_depth_role,1971,0.708,0.012,-0.047,rows=403;candidate_error=2.5%;pyf_error=3.0%,rows=403;candidate_error=2.5%;pyf_error=3.0%,older_late_rows=121;young_early_rows=1060,high_role_rows=499;low_sparse_role_rows=578,partial_coverage_not_full_2013_2025_comparable,ADDITIVE_CANDIDATE
GAUNTLET_051_WR_THREE_65_25_10__PLUS_SNAPDEPTH_SNAP_ROLE_PCT100,nflverse_snap_depth_role,1971,0.708,0.012,-0.047,rows=403;candidate_error=2.5%;pyf_error=3.0%,rows=403;candidate_error=2.5%;pyf_error=3.0%,older_late_rows=121;young_early_rows=1060,high_role_rows=499;low_sparse_role_rows=578,partial_coverage_not_full_2013_2025_comparable,ADDITIVE_CANDIDATE
GAUNTLET_051_WR_THREE_65_25_10__PLUS_SNAPDEPTH_DEPTH_STARTER_WEEKS_PCT025,nflverse_snap_depth_role,2085,0.697,0.013,-0.058,rows=404;candidate_error=2.7%;pyf_error=3.2%,rows=404;candidate_error=2.7%;pyf_error=3.2%,older_late_rows=128;young_early_rows=1128,high_role_rows=538;low_sparse_role_rows=585,partial_coverage_not_full_2013_2025_comparable,ADDITIVE_CANDIDATE
GAUNTLET_051_WR_THREE_65_25_10__PLUS_SNAPDEPTH_DEPTH_STARTER_WEEKS_PCT050,nflverse_snap_depth_role,2085,0.697,0.013,-0.058,rows=404;candidate_error=2.7%;pyf_error=3.2%,rows=404;candidate_error=2.7%;pyf_error=3.2%,older_late_rows=128;young_early_rows=1128,high_role_rows=538;low_sparse_role_rows=585,partial_coverage_not_full_2013_2025_comparable,ADDITIVE_CANDIDATE
GAUNTLET_051_WR_THREE_65_25_10__PLUS_SNAPDEPTH_DEPTH_STARTER_WEEKS_PCT100,nflverse_snap_depth_role,2085,0.697,0.013,-0.058,rows=404;candidate_error=2.7%;pyf_error=3.2%,rows=404;candidate_error=2.7%;pyf_error=3.2%,older_late_rows=128;young_early_rows=1128,high_role_rows=538;low_sparse_role_rows=585,partial_coverage_not_full_2013_2025_comparable,ADDITIVE_CANDIDATE
GAUNTLET_051_WR_THREE_65_25_10__PLUS_SNAPDEPTH_DEPTH_ROLE_PCT025,nflverse_snap_depth_role,2124,0.703,0.012,-0.052,rows=439;candidate_error=2.5%;pyf_error=3.0%,rows=439;candidate_error=2.5%;pyf_error=3.0%,older_late_rows=130;young_early_rows=1149,high_role_rows=538;low_sparse_role_rows=624,partial_coverage_not_full_2013_2025_comparable,ADDITIVE_CANDIDATE
GAUNTLET_051_WR_THREE_65_25_10__PLUS_SNAPDEPTH_DEPTH_ROLE_PCT050,nflverse_snap_depth_role,2124,0.704,0.013,-0.051,rows=439;candidate_error=2.5%;pyf_error=3.0%,rows=439;candidate_error=2.5%;pyf_error=3.0%,older_late_rows=130;young_early_rows=1149,high_role_rows=538;low_sparse_role_rows=624,partial_coverage_not_full_2013_2025_comparable,ADDITIVE_CANDIDATE
GAUNTLET_051_WR_THREE_65_25_10__PLUS_SNAPDEPTH_DEPTH_ROLE_PCT100,nflverse_snap_depth_role,2124,0.705,0.014,-0.050,rows=439;candidate_error=2.5%;pyf_error=3.0%,rows=439;candidate_error=2.5%;pyf_error=3.0%,older_late_rows=130;young_early_rows=1149,high_role_rows=538;low_sparse_role_rows=624,partial_coverage_not_full_2013_2025_comparable,ADDITIVE_CANDIDATE
GAUNTLET_051_WR_THREE_65_25_10__PLUS_SNAPDEPTH_DEPTH_STABILITY_PCT025,nflverse_snap_depth_role,2124,0.704,0.013,-0.051,rows=439;candidate_error=2.5%;pyf_error=3.0%,rows=439;candidate_error=2.5%;pyf_error=3.0%,older_late_rows=130;young_early_rows=1149,high_role_rows=538;low_sparse_role_rows=624,partial_coverage_not_full_2013_2025_comparable,ADDITIVE_CANDIDATE
GAUNTLET_051_WR_THREE_65_25_10__PLUS_SNAPDEPTH_DEPTH_STABILITY_PCT050,nflverse_snap_depth_role,2124,0.705,0.014,-0.050,rows=439;candidate_error=2.5%;pyf_error=3.0%,rows=439;candidate_error=2.5%;pyf_error=3.0%,older_late_rows=130;young_early_rows=1149,high_role_rows=538;low_sparse_role_rows=624,partial_coverage_not_full_2013_2025_comparable,ADDITIVE_CANDIDATE
GAUNTLET_051_WR_THREE_65_25_10__PLUS_SNAPDEPTH_DEPTH_STABILITY_PCT100,nflverse_snap_depth_role,2124,0.706,0.016,-0.049,rows=439;candidate_error=2.3%;pyf_error=3.0%,rows=439;candidate_error=2.3%;pyf_error=3.0%,older_late_rows=130;young_early_rows=1149,high_role_rows=538;low_sparse_role_rows=624,partial_coverage_not_full_2013_2025_comparable,ADDITIVE_CANDIDATE
GAUNTLET_051_WR_THREE_65_25_10__PLUS_SNAPDEPTH_SNAP_DEPTH_ROLE_PCT025,nflverse_snap_depth_role,2124,0.703,0.012,-0.052,rows=439;candidate_error=2.5%;pyf_error=3.0%,rows=439;candidate_error=2.5%;pyf_error=3.0%,older_late_rows=130;young_early_rows=1149,high_role_rows=538;low_sparse_role_rows=624,partial_coverage_not_full_2013_2025_comparable,ADDITIVE_CANDIDATE
GAUNTLET_051_WR_THREE_65_25_10__PLUS_SNAPDEPTH_SNAP_DEPTH_ROLE_PCT050,nflverse_snap_depth_role,2124,0.703,0.012,-0.052,rows=439;candidate_error=2.5%;pyf_error=3.0%,rows=439;candidate_error=2.5%;pyf_error=3.0%,older_late_rows=130;young_early_rows=1149,high_role_rows=538;low_sparse_role_rows=624,partial_coverage_not_full_2013_2025_comparable,ADDITIVE_CANDIDATE
GAUNTLET_051_WR_THREE_65_25_10__PLUS_SNAPDEPTH_SNAP_DEPTH_ROLE_PCT100,nflverse_snap_depth_role,2124,0.702,0.011,-0.053,rows=439;candidate_error=2.5%;pyf_error=3.0%,rows=439;candidate_error=2.5%;pyf_error=3.0%,older_late_rows=130;young_early_rows=1149,high_role_rows=538;low_sparse_role_rows=624,partial_coverage_not_full_2013_2025_comparable,ADDITIVE_CANDIDATE
GAUNTLET_048_WR_TWO_75_25__PLUS_SNAPDEPTH_SNAP_SNAPS_PCT025,nflverse_snap_depth_role,1968,0.707,0.012,-0.048,rows=400;candidate_error=3.0%;pyf_error=3.0%,rows=400;candidate_error=3.0%;pyf_error=3.0%,older_late_rows=120;young_early_rows=1058,high_role_rows=499;low_sparse_role_rows=575,partial_coverage_not_full_2013_2025_comparable,ADDITIVE_CANDIDATE
GAUNTLET_048_WR_TWO_75_25__PLUS_SNAPDEPTH_SNAP_SNAPS_PCT050,nflverse_snap_depth_role,1968,0.706,0.011,-0.049,rows=400;candidate_error=3.0%;pyf_error=3.0%,rows=400;candidate_error=3.0%;pyf_error=3.0%,older_late_rows=120;young_early_rows=1058,high_role_rows=499;low_sparse_role_rows=575,partial_coverage_not_full_2013_2025_comparable,ADDITIVE_CANDIDATE
GAUNTLET_048_WR_TWO_75_25__PLUS_SNAPDEPTH_SNAP_SNAPS_PCT100,nflverse_snap_depth_role,1968,0.705,0.010,-0.050,rows=400;candidate_error=3.0%;pyf_error=3.0%,rows=400;candidate_error=3.0%;pyf_error=3.0%,older_late_rows=120;young_early_rows=1058,high_role_rows=499;low_sparse_role_rows=575,partial_coverage_not_full_2013_2025_comparable,ADDITIVE_CANDIDATE
GAUNTLET_048_WR_TWO_75_25__PLUS_SNAPDEPTH_SNAP_SHARE_PCT025,nflverse_snap_depth_role,1968,0.707,0.012,-0.048,rows=400;candidate_error=3.0%;pyf_error=3.0%,rows=400;candidate_error=3.0%;pyf_error=3.0%,older_late_rows=120;young_early_rows=1058,high_role_rows=499;low_sparse_role_rows=575,partial_coverage_not_full_2013_2025_comparable,ADDITIVE_CANDIDATE
GAUNTLET_048_WR_TWO_75_25__PLUS_SNAPDEPTH_SNAP_SHARE_PCT050,nflverse_snap_depth_role,1968,0.707,0.012,-0.048,rows=400;candidate_error=3.0%;pyf_error=3.0%,rows=400;candidate_error=3.0%;pyf_error=3.0%,older_late_rows=120;young_early_rows=1058,high_role_rows=499;low_sparse_role_rows=575,partial_coverage_not_full_2013_2025_comparable,ADDITIVE_CANDIDATE
GAUNTLET_048_WR_TWO_75_25__PLUS_SNAPDEPTH_SNAP_SHARE_PCT100,nflverse_snap_depth_role,1968,0.707,0.012,-0.048,rows=400;candidate_error=2.8%;pyf_error=3.0%,rows=400;candidate_error=2.8%;pyf_error=3.0%,older_late_rows=120;young_early_rows=1058,high_role_rows=499;low_sparse_role_rows=575,partial_coverage_not_full_2013_2025_comparable,ADDITIVE_CANDIDATE
GAUNTLET_048_WR_TWO_75_25__PLUS_SNAPDEPTH_SNAP_GAMES_PCT025,nflverse_snap_depth_role,1968,0.706,0.012,-0.049,rows=400;candidate_error=3.2%;pyf_error=3.0%,rows=400;candidate_error=3.2%;pyf_error=3.0%,older_late_rows=120;young_early_rows=1058,high_role_rows=499;low_sparse_role_rows=575,partial_coverage_not_full_2013_2025_comparable,ADDITIVE_CANDIDATE
GAUNTLET_048_WR_TWO_75_25__PLUS_SNAPDEPTH_SNAP_GAMES_PCT050,nflverse_snap_depth_role,1968,0.706,0.011,-0.049,rows=400;candidate_error=3.0%;pyf_error=3.0%,rows=400;candidate_error=3.0%;pyf_error=3.0%,older_late_rows=120;young_early_rows=1058,high_role_rows=499;low_sparse_role_rows=575,partial_coverage_not_full_2013_2025_comparable,ADDITIVE_CANDIDATE
GAUNTLET_048_WR_TWO_75_25__PLUS_SNAPDEPTH_SNAP_GAMES_PCT100,nflverse_snap_depth_role,1968,0.704,0.010,-0.051,rows=400;candidate_error=3.0%;pyf_error=3.0%,rows=400;candidate_error=3.0%;pyf_error=3.0%,older_late_rows=120;young_early_rows=1058,high_role_rows=499;low_sparse_role_rows=575,partial_coverage_not_full_2013_2025_comparable,ADDITIVE_CANDIDATE
GAUNTLET_048_WR_TWO_75_25__PLUS_SNAPDEPTH_SNAP_NOT_LOW_PCT025,nflverse_snap_depth_role,1971,0.708,0.013,-0.047,rows=403;candidate_error=3.0%;pyf_error=3.0%,rows=403;candidate_error=3.0%;pyf_error=3.0%,older_late_rows=121;young_early_rows=1060,high_role_rows=499;low_sparse_role_rows=578,partial_coverage_not_full_2013_2025_comparable,ADDITIVE_CANDIDATE
GAUNTLET_048_WR_TWO_75_25__PLUS_SNAPDEPTH_SNAP_NOT_LOW_PCT050,nflverse_snap_depth_role,1971,0.710,0.014,-0.045,rows=403;candidate_error=2.7%;pyf_error=3.0%,rows=403;candidate_error=2.7%;pyf_error=3.0%,older_late_rows=121;young_early_rows=1060,high_role_rows=499;low_sparse_role_rows=578,partial_coverage_not_full_2013_2025_comparable,ADDITIVE_CANDIDATE
GAUNTLET_048_WR_TWO_75_25__PLUS_SNAPDEPTH_SNAP_NOT_LOW_PCT100,nflverse_snap_depth_role,1971,0.712,0.017,-0.043,rows=403;candidate_error=2.7%;pyf_error=3.0%,rows=403;candidate_error=2.7%;pyf_error=3.0%,older_late_rows=121;young_early_rows=1060,high_role_rows=499;low_sparse_role_rows=578,partial_coverage_not_full_2013_2025_comparable,ADDITIVE_CANDIDATE
GAUNTLET_048_WR_TWO_75_25__PLUS_SNAPDEPTH_SNAP_ROLE_PCT025,nflverse_snap_depth_role,1971,0.708,0.012,-0.047,rows=403;candidate_error=3.0%;pyf_error=3.0%,rows=403;candidate_error=3.0%;pyf_error=3.0%,older_late_rows=121;young_early_rows=1060,high_role_rows=499;low_sparse_role_rows=578,partial_coverage_not_full_2013_2025_comparable,ADDITIVE_CANDIDATE
GAUNTLET_048_WR_TWO_75_25__PLUS_SNAPDEPTH_SNAP_ROLE_PCT050,nflverse_snap_depth_role,1971,0.707,0.012,-0.048,rows=403;candidate_error=2.7%;pyf_error=3.0%,rows=403;candidate_error=2.7%;pyf_error=3.0%,older_late_rows=121;young_early_rows=1060,high_role_rows=499;low_sparse_role_rows=578,partial_coverage_not_full_2013_2025_comparable,ADDITIVE_CANDIDATE
GAUNTLET_048_WR_TWO_75_25__PLUS_SNAPDEPTH_SNAP_ROLE_PCT100,nflverse_snap_depth_role,1971,0.706,0.011,-0.049,rows=403;candidate_error=3.0%;pyf_error=3.0%,rows=403;candidate_error=3.0%;pyf_error=3.0%,older_late_rows=121;young_early_rows=1060,high_role_rows=499;low_sparse_role_rows=578,partial_coverage_not_full_2013_2025_comparable,ADDITIVE_CANDIDATE
GAUNTLET_048_WR_TWO_75_25__PLUS_SNAPDEPTH_DEPTH_STARTER_WEEKS_PCT025,nflverse_snap_depth_role,2085,0.696,0.012,-0.059,rows=404;candidate_error=3.5%;pyf_error=3.2%,rows=404;candidate_error=3.5%;pyf_error=3.2%,older_late_rows=128;young_early_rows=1128,high_role_rows=538;low_sparse_role_rows=585,partial_coverage_not_full_2013_2025_comparable,ADDITIVE_CANDIDATE
GAUNTLET_048_WR_TWO_75_25__PLUS_SNAPDEPTH_DEPTH_STARTER_WEEKS_PCT050,nflverse_snap_depth_role,2085,0.697,0.013,-0.058,rows=404;candidate_error=3.2%;pyf_error=3.2%,rows=404;candidate_error=3.2%;pyf_error=3.2%,older_late_rows=128;young_early_rows=1128,high_role_rows=538;low_sparse_role_rows=585,partial_coverage_not_full_2013_2025_comparable,ADDITIVE_CANDIDATE
GAUNTLET_048_WR_TWO_75_25__PLUS_SNAPDEPTH_DEPTH_STARTER_WEEKS_PCT100,nflverse_snap_depth_role,2085,0.697,0.013,-0.058,rows=404;candidate_error=3.5%;pyf_error=3.2%,rows=404;candidate_error=3.5%;pyf_error=3.2%,older_late_rows=128;young_early_rows=1128,high_role_rows=538;low_sparse_role_rows=585,partial_coverage_not_full_2013_2025_comparable,ADDITIVE_CANDIDATE
GAUNTLET_048_WR_TWO_75_25__PLUS_SNAPDEPTH_DEPTH_ROLE_PCT025,nflverse_snap_depth_role,2124,0.703,0.012,-0.052,rows=439;candidate_error=3.0%;pyf_error=3.0%,rows=439;candidate_error=3.0%;pyf_error=3.0%,older_late_rows=130;young_early_rows=1149,high_role_rows=538;low_sparse_role_rows=624,partial_coverage_not_full_2013_2025_comparable,ADDITIVE_CANDIDATE
GAUNTLET_048_WR_TWO_75_25__PLUS_SNAPDEPTH_DEPTH_ROLE_PCT050,nflverse_snap_depth_role,2124,0.703,0.012,-0.052,rows=439;candidate_error=3.0%;pyf_error=3.0%,rows=439;candidate_error=3.0%;pyf_error=3.0%,older_late_rows=130;young_early_rows=1149,high_role_rows=538;low_sparse_role_rows=624,partial_coverage_not_full_2013_2025_comparable,ADDITIVE_CANDIDATE
GAUNTLET_048_WR_TWO_75_25__PLUS_SNAPDEPTH_DEPTH_ROLE_PCT100,nflverse_snap_depth_role,2124,0.704,0.013,-0.051,rows=439;candidate_error=2.5%;pyf_error=3.0%,rows=439;candidate_error=2.5%;pyf_error=3.0%,older_late_rows=130;young_early_rows=1149,high_role_rows=538;low_sparse_role_rows=624,partial_coverage_not_full_2013_2025_comparable,ADDITIVE_CANDIDATE
GAUNTLET_048_WR_TWO_75_25__PLUS_SNAPDEPTH_DEPTH_STABILITY_PCT025,nflverse_snap_depth_role,2124,0.703,0.012,-0.052,rows=439;candidate_error=2.7%;pyf_error=3.0%,rows=439;candidate_error=2.7%;pyf_error=3.0%,older_late_rows=130;young_early_rows=1149,high_role_rows=538;low_sparse_role_rows=624,partial_coverage_not_full_2013_2025_comparable,ADDITIVE_CANDIDATE
GAUNTLET_048_WR_TWO_75_25__PLUS_SNAPDEPTH_DEPTH_STABILITY_PCT050,nflverse_snap_depth_role,2124,0.704,0.013,-0.051,rows=439;candidate_error=2.7%;pyf_error=3.0%,rows=439;candidate_error=2.7%;pyf_error=3.0%,older_late_rows=130;young_early_rows=1149,high_role_rows=538;low_sparse_role_rows=624,partial_coverage_not_full_2013_2025_comparable,ADDITIVE_CANDIDATE
GAUNTLET_048_WR_TWO_75_25__PLUS_SNAPDEPTH_DEPTH_STABILITY_PCT100,nflverse_snap_depth_role,2124,0.706,0.015,-0.049,rows=439;candidate_error=2.7%;pyf_error=3.0%,rows=439;candidate_error=2.7%;pyf_error=3.0%,older_late_rows=130;young_early_rows=1149,high_role_rows=538;low_sparse_role_rows=624,partial_coverage_not_full_2013_2025_comparable,ADDITIVE_CANDIDATE
GAUNTLET_048_WR_TWO_75_25__PLUS_SNAPDEPTH_SNAP_DEPTH_ROLE_PCT025,nflverse_snap_depth_role,2124,0.702,0.011,-0.053,rows=439;candidate_error=3.0%;pyf_error=3.0%,rows=439;candidate_error=3.0%;pyf_error=3.0%,older_late_rows=130;young_early_rows=1149,high_role_rows=538;low_sparse_role_rows=624,partial_coverage_not_full_2013_2025_comparable,ADDITIVE_CANDIDATE
GAUNTLET_048_WR_TWO_75_25__PLUS_SNAPDEPTH_SNAP_DEPTH_ROLE_PCT050,nflverse_snap_depth_role,2124,0.702,0.011,-0.053,rows=439;candidate_error=3.0%;pyf_error=3.0%,rows=439;candidate_error=3.0%;pyf_error=3.0%,older_late_rows=130;young_early_rows=1149,high_role_rows=538;low_sparse_role_rows=624,partial_coverage_not_full_2013_2025_comparable,ADDITIVE_CANDIDATE
GAUNTLET_048_WR_TWO_75_25__PLUS_SNAPDEPTH_SNAP_DEPTH_ROLE_PCT100,nflverse_snap_depth_role,2124,0.701,0.011,-0.054,rows=439;candidate_error=2.7%;pyf_error=3.0%,rows=439;candidate_error=2.7%;pyf_error=3.0%,older_late_rows=130;young_early_rows=1149,high_role_rows=538;low_sparse_role_rows=624,partial_coverage_not_full_2013_2025_comparable,ADDITIVE_CANDIDATE
GAUNTLET_049_WR_TWO_70_30__PLUS_SNAPDEPTH_SNAP_SNAPS_PCT025,nflverse_snap_depth_role,1968,0.706,0.012,-0.049,rows=400;candidate_error=3.0%;pyf_error=3.0%,rows=400;candidate_error=3.0%;pyf_error=3.0%,older_late_rows=120;young_early_rows=1058,high_role_rows=499;low_sparse_role_rows=575,partial_coverage_not_full_2013_2025_comparable,ADDITIVE_CANDIDATE
GAUNTLET_049_WR_TWO_70_30__PLUS_SNAPDEPTH_SNAP_SNAPS_PCT050,nflverse_snap_depth_role,1968,0.706,0.012,-0.049,rows=400;candidate_error=3.0%;pyf_error=3.0%,rows=400;candidate_error=3.0%;pyf_error=3.0%,older_late_rows=120;young_early_rows=1058,high_role_rows=499;low_sparse_role_rows=575,partial_coverage_not_full_2013_2025_comparable,ADDITIVE_CANDIDATE
GAUNTLET_049_WR_TWO_70_30__PLUS_SNAPDEPTH_SNAP_SNAPS_PCT100,nflverse_snap_depth_role,1968,0.706,0.011,-0.049,rows=400;candidate_error=2.8%;pyf_error=3.0%,rows=400;candidate_error=2.8%;pyf_error=3.0%,older_late_rows=120;young_early_rows=1058,high_role_rows=499;low_sparse_role_rows=575,partial_coverage_not_full_2013_2025_comparable,ADDITIVE_CANDIDATE
GAUNTLET_049_WR_TWO_70_30__PLUS_SNAPDEPTH_SNAP_SHARE_PCT025,nflverse_snap_depth_role,1968,0.707,0.012,-0.048,rows=400;candidate_error=2.8%;pyf_error=3.0%,rows=400;candidate_error=2.8%;pyf_error=3.0%,older_late_rows=120;young_early_rows=1058,high_role_rows=499;low_sparse_role_rows=575,partial_coverage_not_full_2013_2025_comparable,ADDITIVE_CANDIDATE
GAUNTLET_049_WR_TWO_70_30__PLUS_SNAPDEPTH_SNAP_SHARE_PCT050,nflverse_snap_depth_role,1968,0.706,0.012,-0.049,rows=400;candidate_error=2.8%;pyf_error=3.0%,rows=400;candidate_error=2.8%;pyf_error=3.0%,older_late_rows=120;young_early_rows=1058,high_role_rows=499;low_sparse_role_rows=575,partial_coverage_not_full_2013_2025_comparable,ADDITIVE_CANDIDATE
GAUNTLET_049_WR_TWO_70_30__PLUS_SNAPDEPTH_SNAP_SHARE_PCT100,nflverse_snap_depth_role,1968,0.707,0.012,-0.048,rows=400;candidate_error=2.5%;pyf_error=3.0%,rows=400;candidate_error=2.5%;pyf_error=3.0%,older_late_rows=120;young_early_rows=1058,high_role_rows=499;low_sparse_role_rows=575,partial_coverage_not_full_2013_2025_comparable,ADDITIVE_CANDIDATE
GAUNTLET_049_WR_TWO_70_30__PLUS_SNAPDEPTH_SNAP_GAMES_PCT025,nflverse_snap_depth_role,1968,0.706,0.012,-0.049,rows=400;candidate_error=3.0%;pyf_error=3.0%,rows=400;candidate_error=3.0%;pyf_error=3.0%,older_late_rows=120;young_early_rows=1058,high_role_rows=499;low_sparse_role_rows=575,partial_coverage_not_full_2013_2025_comparable,ADDITIVE_CANDIDATE
GAUNTLET_049_WR_TWO_70_30__PLUS_SNAPDEPTH_SNAP_GAMES_PCT050,nflverse_snap_depth_role,1968,0.706,0.012,-0.049,rows=400;candidate_error=2.8%;pyf_error=3.0%,rows=400;candidate_error=2.8%;pyf_error=3.0%,older_late_rows=120;young_early_rows=1058,high_role_rows=499;low_sparse_role_rows=575,partial_coverage_not_full_2013_2025_comparable,ADDITIVE_CANDIDATE
GAUNTLET_049_WR_TWO_70_30__PLUS_SNAPDEPTH_SNAP_GAMES_PCT100,nflverse_snap_depth_role,1968,0.705,0.010,-0.050,rows=400;candidate_error=3.0%;pyf_error=3.0%,rows=400;candidate_error=3.0%;pyf_error=3.0%,older_late_rows=120;young_early_rows=1058,high_role_rows=499;low_sparse_role_rows=575,partial_coverage_not_full_2013_2025_comparable,ADDITIVE_CANDIDATE
GAUNTLET_049_WR_TWO_70_30__PLUS_SNAPDEPTH_SNAP_NOT_LOW_PCT025,nflverse_snap_depth_role,1971,0.708,0.013,-0.047,rows=403;candidate_error=2.7%;pyf_error=3.0%,rows=403;candidate_error=2.7%;pyf_error=3.0%,older_late_rows=121;young_early_rows=1060,high_role_rows=499;low_sparse_role_rows=578,partial_coverage_not_full_2013_2025_comparable,ADDITIVE_CANDIDATE
GAUNTLET_049_WR_TWO_70_30__PLUS_SNAPDEPTH_SNAP_NOT_LOW_PCT050,nflverse_snap_depth_role,1971,0.710,0.015,-0.045,rows=403;candidate_error=2.5%;pyf_error=3.0%,rows=403;candidate_error=2.5%;pyf_error=3.0%,older_late_rows=121;young_early_rows=1060,high_role_rows=499;low_sparse_role_rows=578,partial_coverage_not_full_2013_2025_comparable,ADDITIVE_CANDIDATE
GAUNTLET_049_WR_TWO_70_30__PLUS_SNAPDEPTH_SNAP_NOT_LOW_PCT100,nflverse_snap_depth_role,1971,0.713,0.017,-0.042,rows=403;candidate_error=2.5%;pyf_error=3.0%,rows=403;candidate_error=2.5%;pyf_error=3.0%,older_late_rows=121;young_early_rows=1060,high_role_rows=499;low_sparse_role_rows=578,partial_coverage_not_full_2013_2025_comparable,ADDITIVE_CANDIDATE
GAUNTLET_049_WR_TWO_70_30__PLUS_SNAPDEPTH_SNAP_ROLE_PCT025,nflverse_snap_depth_role,1971,0.707,0.012,-0.048,rows=403;candidate_error=2.7%;pyf_error=3.0%,rows=403;candidate_error=2.7%;pyf_error=3.0%,older_late_rows=121;young_early_rows=1060,high_role_rows=499;low_sparse_role_rows=578,partial_coverage_not_full_2013_2025_comparable,ADDITIVE_CANDIDATE
GAUNTLET_049_WR_TWO_70_30__PLUS_SNAPDEPTH_SNAP_ROLE_PCT050,nflverse_snap_depth_role,1971,0.707,0.012,-0.048,rows=403;candidate_error=2.7%;pyf_error=3.0%,rows=403;candidate_error=2.7%;pyf_error=3.0%,older_late_rows=121;young_early_rows=1060,high_role_rows=499;low_sparse_role_rows=578,partial_coverage_not_full_2013_2025_comparable,ADDITIVE_CANDIDATE
GAUNTLET_049_WR_TWO_70_30__PLUS_SNAPDEPTH_SNAP_ROLE_PCT100,nflverse_snap_depth_role,1971,0.707,0.011,-0.048,rows=403;candidate_error=2.7%;pyf_error=3.0%,rows=403;candidate_error=2.7%;pyf_error=3.0%,older_late_rows=121;young_early_rows=1060,high_role_rows=499;low_sparse_role_rows=578,partial_coverage_not_full_2013_2025_comparable,ADDITIVE_CANDIDATE
GAUNTLET_049_WR_TWO_70_30__PLUS_SNAPDEPTH_DEPTH_STARTER_WEEKS_PCT025,nflverse_snap_depth_role,2085,0.696,0.012,-0.059,rows=404;candidate_error=3.2%;pyf_error=3.2%,rows=404;candidate_error=3.2%;pyf_error=3.2%,older_late_rows=128;young_early_rows=1128,high_role_rows=538;low_sparse_role_rows=585,partial_coverage_not_full_2013_2025_comparable,ADDITIVE_CANDIDATE
GAUNTLET_049_WR_TWO_70_30__PLUS_SNAPDEPTH_DEPTH_STARTER_WEEKS_PCT050,nflverse_snap_depth_role,2085,0.697,0.013,-0.058,rows=404;candidate_error=3.2%;pyf_error=3.2%,rows=404;candidate_error=3.2%;pyf_error=3.2%,older_late_rows=128;young_early_rows=1128,high_role_rows=538;low_sparse_role_rows=585,partial_coverage_not_full_2013_2025_comparable,ADDITIVE_CANDIDATE
GAUNTLET_049_WR_TWO_70_30__PLUS_SNAPDEPTH_DEPTH_STARTER_WEEKS_PCT100,nflverse_snap_depth_role,2085,0.697,0.013,-0.058,rows=404;candidate_error=3.0%;pyf_error=3.2%,rows=404;candidate_error=3.0%;pyf_error=3.2%,older_late_rows=128;young_early_rows=1128,high_role_rows=538;low_sparse_role_rows=585,partial_coverage_not_full_2013_2025_comparable,ADDITIVE_CANDIDATE
GAUNTLET_049_WR_TWO_70_30__PLUS_SNAPDEPTH_DEPTH_ROLE_PCT025,nflverse_snap_depth_role,2124,0.702,0.011,-0.053,rows=439;candidate_error=2.7%;pyf_error=3.0%,rows=439;candidate_error=2.7%;pyf_error=3.0%,older_late_rows=130;young_early_rows=1149,high_role_rows=538;low_sparse_role_rows=624,partial_coverage_not_full_2013_2025_comparable,ADDITIVE_CANDIDATE
GAUNTLET_049_WR_TWO_70_30__PLUS_SNAPDEPTH_DEPTH_ROLE_PCT050,nflverse_snap_depth_role,2124,0.703,0.012,-0.052,rows=439;candidate_error=2.7%;pyf_error=3.0%,rows=439;candidate_error=2.7%;pyf_error=3.0%,older_late_rows=130;young_early_rows=1149,high_role_rows=538;low_sparse_role_rows=624,partial_coverage_not_full_2013_2025_comparable,ADDITIVE_CANDIDATE
GAUNTLET_049_WR_TWO_70_30__PLUS_SNAPDEPTH_DEPTH_ROLE_PCT100,nflverse_snap_depth_role,2124,0.704,0.013,-0.051,rows=439;candidate_error=2.5%;pyf_error=3.0%,rows=439;candidate_error=2.5%;pyf_error=3.0%,older_late_rows=130;young_early_rows=1149,high_role_rows=538;low_sparse_role_rows=624,partial_coverage_not_full_2013_2025_comparable,ADDITIVE_CANDIDATE
GAUNTLET_049_WR_TWO_70_30__PLUS_SNAPDEPTH_DEPTH_STABILITY_PCT025,nflverse_snap_depth_role,2124,0.703,0.012,-0.052,rows=439;candidate_error=2.7%;pyf_error=3.0%,rows=439;candidate_error=2.7%;pyf_error=3.0%,older_late_rows=130;young_early_rows=1149,high_role_rows=538;low_sparse_role_rows=624,partial_coverage_not_full_2013_2025_comparable,ADDITIVE_CANDIDATE
GAUNTLET_049_WR_TWO_70_30__PLUS_SNAPDEPTH_DEPTH_STABILITY_PCT050,nflverse_snap_depth_role,2124,0.704,0.014,-0.051,rows=439;candidate_error=2.5%;pyf_error=3.0%,rows=439;candidate_error=2.5%;pyf_error=3.0%,older_late_rows=130;young_early_rows=1149,high_role_rows=538;low_sparse_role_rows=624,partial_coverage_not_full_2013_2025_comparable,ADDITIVE_CANDIDATE
GAUNTLET_049_WR_TWO_70_30__PLUS_SNAPDEPTH_DEPTH_STABILITY_PCT100,nflverse_snap_depth_role,2124,0.705,0.014,-0.050,rows=439;candidate_error=2.5%;pyf_error=3.0%,rows=439;candidate_error=2.5%;pyf_error=3.0%,older_late_rows=130;young_early_rows=1149,high_role_rows=538;low_sparse_role_rows=624,partial_coverage_not_full_2013_2025_comparable,ADDITIVE_CANDIDATE
GAUNTLET_049_WR_TWO_70_30__PLUS_SNAPDEPTH_SNAP_DEPTH_ROLE_PCT025,nflverse_snap_depth_role,2124,0.702,0.011,-0.053,rows=439;candidate_error=2.7%;pyf_error=3.0%,rows=439;candidate_error=2.7%;pyf_error=3.0%,older_late_rows=130;young_early_rows=1149,high_role_rows=538;low_sparse_role_rows=624,partial_coverage_not_full_2013_2025_comparable,ADDITIVE_CANDIDATE
GAUNTLET_049_WR_TWO_70_30__PLUS_SNAPDEPTH_SNAP_DEPTH_ROLE_PCT050,nflverse_snap_depth_role,2124,0.702,0.011,-0.053,rows=439;candidate_error=2.7%;pyf_error=3.0%,rows=439;candidate_error=2.7%;pyf_error=3.0%,older_late_rows=130;young_early_rows=1149,high_role_rows=538;low_sparse_role_rows=624,partial_coverage_not_full_2013_2025_comparable,ADDITIVE_CANDIDATE
GAUNTLET_049_WR_TWO_70_30__PLUS_SNAPDEPTH_SNAP_DEPTH_ROLE_PCT100,nflverse_snap_depth_role,2124,0.702,0.011,-0.053,rows=439;candidate_error=2.5%;pyf_error=3.0%,rows=439;candidate_error=2.5%;pyf_error=3.0%,older_late_rows=130;young_early_rows=1149,high_role_rows=538;low_sparse_role_rows=624,partial_coverage_not_full_2013_2025_comparable,ADDITIVE_CANDIDATE
GAUNTLET_093_ROLE_RB_TOUCH_ROLE_REPORT__PLUS_SNAPDEPTH_SNAP_SNAPS_PCT025,nflverse_snap_depth_role,1324,0.654,0.019,-0.101,rows=319;candidate_error=5.3%;pyf_error=6.0%,rows=319;candidate_error=5.3%;pyf_error=6.0%,older_late_rows=48;young_early_rows=785,high_role_rows=334;low_sparse_role_rows=445,partial_coverage_not_full_2013_2025_comparable,ADDITIVE_CANDIDATE
GAUNTLET_093_ROLE_RB_TOUCH_ROLE_REPORT__PLUS_SNAPDEPTH_SNAP_SNAPS_PCT050,nflverse_snap_depth_role,1324,0.653,0.019,-0.102,rows=319;candidate_error=5.3%;pyf_error=6.0%,rows=319;candidate_error=5.3%;pyf_error=6.0%,older_late_rows=48;young_early_rows=785,high_role_rows=334;low_sparse_role_rows=445,partial_coverage_not_full_2013_2025_comparable,ADDITIVE_CANDIDATE
GAUNTLET_093_ROLE_RB_TOUCH_ROLE_REPORT__PLUS_SNAPDEPTH_SNAP_SNAPS_PCT100,nflverse_snap_depth_role,1324,0.653,0.019,-0.102,rows=319;candidate_error=5.3%;pyf_error=6.0%,rows=319;candidate_error=5.3%;pyf_error=6.0%,older_late_rows=48;young_early_rows=785,high_role_rows=334;low_sparse_role_rows=445,partial_coverage_not_full_2013_2025_comparable,ADDITIVE_CANDIDATE
GAUNTLET_093_ROLE_RB_TOUCH_ROLE_REPORT__PLUS_SNAPDEPTH_SNAP_SHARE_PCT025,nflverse_snap_depth_role,1324,0.654,0.019,-0.101,rows=319;candidate_error=5.3%;pyf_error=6.0%,rows=319;candidate_error=5.3%;pyf_error=6.0%,older_late_rows=48;young_early_rows=785,high_role_rows=334;low_sparse_role_rows=445,partial_coverage_not_full_2013_2025_comparable,ADDITIVE_CANDIDATE
GAUNTLET_093_ROLE_RB_TOUCH_ROLE_REPORT__PLUS_SNAPDEPTH_SNAP_SHARE_PCT050,nflverse_snap_depth_role,1324,0.654,0.020,-0.101,rows=319;candidate_error=4.7%;pyf_error=6.0%,rows=319;candidate_error=4.7%;pyf_error=6.0%,older_late_rows=48;young_early_rows=785,high_role_rows=334;low_sparse_role_rows=445,partial_coverage_not_full_2013_2025_comparable,ADDITIVE_CANDIDATE
GAUNTLET_093_ROLE_RB_TOUCH_ROLE_REPORT__PLUS_SNAPDEPTH_SNAP_SHARE_PCT100,nflverse_snap_depth_role,1324,0.655,0.020,-0.100,rows=319;candidate_error=4.7%;pyf_error=6.0%,rows=319;candidate_error=4.7%;pyf_error=6.0%,older_late_rows=48;young_early_rows=785,high_role_rows=334;low_sparse_role_rows=445,partial_coverage_not_full_2013_2025_comparable,ADDITIVE_CANDIDATE
GAUNTLET_093_ROLE_RB_TOUCH_ROLE_REPORT__PLUS_SNAPDEPTH_SNAP_GAMES_PCT025,nflverse_snap_depth_role,1324,0.653,0.019,-0.102,rows=319;candidate_error=5.3%;pyf_error=6.0%,rows=319;candidate_error=5.3%;pyf_error=6.0%,older_late_rows=48;young_early_rows=785,high_role_rows=334;low_sparse_role_rows=445,partial_coverage_not_full_2013_2025_comparable,ADDITIVE_CANDIDATE
GAUNTLET_093_ROLE_RB_TOUCH_ROLE_REPORT__PLUS_SNAPDEPTH_SNAP_GAMES_PCT050,nflverse_snap_depth_role,1324,0.652,0.018,-0.103,rows=319;candidate_error=5.3%;pyf_error=6.0%,rows=319;candidate_error=5.3%;pyf_error=6.0%,older_late_rows=48;young_early_rows=785,high_role_rows=334;low_sparse_role_rows=445,partial_coverage_not_full_2013_2025_comparable,ADDITIVE_CANDIDATE
GAUNTLET_093_ROLE_RB_TOUCH_ROLE_REPORT__PLUS_SNAPDEPTH_SNAP_GAMES_PCT100,nflverse_snap_depth_role,1324,0.650,0.016,-0.105,rows=319;candidate_error=5.6%;pyf_error=6.0%,rows=319;candidate_error=5.6%;pyf_error=6.0%,older_late_rows=48;young_early_rows=785,high_role_rows=334;low_sparse_role_rows=445,partial_coverage_not_full_2013_2025_comparable,ADDITIVE_CANDIDATE
GAUNTLET_093_ROLE_RB_TOUCH_ROLE_REPORT__PLUS_SNAPDEPTH_SNAP_NOT_LOW_PCT025,nflverse_snap_depth_role,1324,0.654,0.020,-0.101,rows=319;candidate_error=5.3%;pyf_error=6.0%,rows=319;candidate_error=5.3%;pyf_error=6.0%,older_late_rows=48;young_early_rows=785,high_role_rows=334;low_sparse_role_rows=445,partial_coverage_not_full_2013_2025_comparable,ADDITIVE_CANDIDATE
GAUNTLET_093_ROLE_RB_TOUCH_ROLE_REPORT__PLUS_SNAPDEPTH_SNAP_NOT_LOW_PCT050,nflverse_snap_depth_role,1324,0.656,0.021,-0.099,rows=319;candidate_error=5.6%;pyf_error=6.0%,rows=319;candidate_error=5.6%;pyf_error=6.0%,older_late_rows=48;young_early_rows=785,high_role_rows=334;low_sparse_role_rows=445,partial_coverage_not_full_2013_2025_comparable,ADDITIVE_CANDIDATE
GAUNTLET_093_ROLE_RB_TOUCH_ROLE_REPORT__PLUS_SNAPDEPTH_SNAP_NOT_LOW_PCT100,nflverse_snap_depth_role,1324,0.658,0.023,-0.097,rows=319;candidate_error=5.6%;pyf_error=6.0%,rows=319;candidate_error=5.6%;pyf_error=6.0%,older_late_rows=48;young_early_rows=785,high_role_rows=334;low_sparse_role_rows=445,partial_coverage_not_full_2013_2025_comparable,ADDITIVE_CANDIDATE
GAUNTLET_093_ROLE_RB_TOUCH_ROLE_REPORT__PLUS_SNAPDEPTH_SNAP_ROLE_PCT025,nflverse_snap_depth_role,1324,0.654,0.019,-0.101,rows=319;candidate_error=5.3%;pyf_error=6.0%,rows=319;candidate_error=5.3%;pyf_error=6.0%,older_late_rows=48;young_early_rows=785,high_role_rows=334;low_sparse_role_rows=445,partial_coverage_not_full_2013_2025_comparable,ADDITIVE_CANDIDATE
GAUNTLET_093_ROLE_RB_TOUCH_ROLE_REPORT__PLUS_SNAPDEPTH_SNAP_ROLE_PCT050,nflverse_snap_depth_role,1324,0.654,0.019,-0.101,rows=319;candidate_error=5.3%;pyf_error=6.0%,rows=319;candidate_error=5.3%;pyf_error=6.0%,older_late_rows=48;young_early_rows=785,high_role_rows=334;low_sparse_role_rows=445,partial_coverage_not_full_2013_2025_comparable,ADDITIVE_CANDIDATE
GAUNTLET_093_ROLE_RB_TOUCH_ROLE_REPORT__PLUS_SNAPDEPTH_SNAP_ROLE_PCT100,nflverse_snap_depth_role,1324,0.654,0.019,-0.101,rows=319;candidate_error=5.0%;pyf_error=6.0%,rows=319;candidate_error=5.0%;pyf_error=6.0%,older_late_rows=48;young_early_rows=785,high_role_rows=334;low_sparse_role_rows=445,partial_coverage_not_full_2013_2025_comparable,ADDITIVE_CANDIDATE
GAUNTLET_093_ROLE_RB_TOUCH_ROLE_REPORT__PLUS_SNAPDEPTH_DEPTH_STARTER_WEEKS_PCT025,nflverse_snap_depth_role,1369,0.633,0.017,-0.122,rows=307;candidate_error=5.9%;pyf_error=6.5%,rows=307;candidate_error=5.9%;pyf_error=6.5%,older_late_rows=50;young_early_rows=807,high_role_rows=361;low_sparse_role_rows=423,partial_coverage_not_full_2013_2025_comparable,ADDITIVE_CANDIDATE
GAUNTLET_093_ROLE_RB_TOUCH_ROLE_REPORT__PLUS_SNAPDEPTH_DEPTH_STARTER_WEEKS_PCT050,nflverse_snap_depth_role,1369,0.633,0.017,-0.122,rows=307;candidate_error=5.5%;pyf_error=6.5%,rows=307;candidate_error=5.5%;pyf_error=6.5%,older_late_rows=50;young_early_rows=807,high_role_rows=361;low_sparse_role_rows=423,partial_coverage_not_full_2013_2025_comparable,ADDITIVE_CANDIDATE
GAUNTLET_093_ROLE_RB_TOUCH_ROLE_REPORT__PLUS_SNAPDEPTH_DEPTH_STARTER_WEEKS_PCT100,nflverse_snap_depth_role,1369,0.631,0.015,-0.124,rows=307;candidate_error=5.9%;pyf_error=6.5%,rows=307;candidate_error=5.9%;pyf_error=6.5%,older_late_rows=50;young_early_rows=807,high_role_rows=361;low_sparse_role_rows=423,partial_coverage_not_full_2013_2025_comparable,ADDITIVE_CANDIDATE
GAUNTLET_093_ROLE_RB_TOUCH_ROLE_REPORT__PLUS_SNAPDEPTH_DEPTH_ROLE_PCT025,nflverse_snap_depth_role,1429,0.651,0.018,-0.104,rows=344;candidate_error=4.9%;pyf_error=5.8%,rows=344;candidate_error=4.9%;pyf_error=5.8%,older_late_rows=50;young_early_rows=844,high_role_rows=361;low_sparse_role_rows=479,partial_coverage_not_full_2013_2025_comparable,ADDITIVE_CANDIDATE
GAUNTLET_093_ROLE_RB_TOUCH_ROLE_REPORT__PLUS_SNAPDEPTH_DEPTH_ROLE_PCT050,nflverse_snap_depth_role,1429,0.651,0.018,-0.104,rows=344;candidate_error=4.9%;pyf_error=5.8%,rows=344;candidate_error=4.9%;pyf_error=5.8%,older_late_rows=50;young_early_rows=844,high_role_rows=361;low_sparse_role_rows=479,partial_coverage_not_full_2013_2025_comparable,ADDITIVE_CANDIDATE
GAUNTLET_093_ROLE_RB_TOUCH_ROLE_REPORT__PLUS_SNAPDEPTH_DEPTH_ROLE_PCT100,nflverse_snap_depth_role,1429,0.651,0.018,-0.104,rows=344;candidate_error=4.9%;pyf_error=5.8%,rows=344;candidate_error=4.9%;pyf_error=5.8%,older_late_rows=50;young_early_rows=844,high_role_rows=361;low_sparse_role_rows=479,partial_coverage_not_full_2013_2025_comparable,ADDITIVE_CANDIDATE
GAUNTLET_093_ROLE_RB_TOUCH_ROLE_REPORT__PLUS_SNAPDEPTH_DEPTH_STABILITY_PCT025,nflverse_snap_depth_role,1429,0.652,0.019,-0.103,rows=344;candidate_error=5.5%;pyf_error=5.8%,rows=344;candidate_error=5.5%;pyf_error=5.8%,older_late_rows=50;young_early_rows=844,high_role_rows=361;low_sparse_role_rows=479,partial_coverage_not_full_2013_2025_comparable,ADDITIVE_CANDIDATE
GAUNTLET_093_ROLE_RB_TOUCH_ROLE_REPORT__PLUS_SNAPDEPTH_DEPTH_STABILITY_PCT050,nflverse_snap_depth_role,1429,0.653,0.020,-0.102,rows=344;candidate_error=5.5%;pyf_error=5.8%,rows=344;candidate_error=5.5%;pyf_error=5.8%,older_late_rows=50;young_early_rows=844,high_role_rows=361;low_sparse_role_rows=479,partial_coverage_not_full_2013_2025_comparable,ADDITIVE_CANDIDATE
GAUNTLET_093_ROLE_RB_TOUCH_ROLE_REPORT__PLUS_SNAPDEPTH_DEPTH_STABILITY_PCT100,nflverse_snap_depth_role,1429,0.654,0.021,-0.101,rows=344;candidate_error=5.2%;pyf_error=5.8%,rows=344;candidate_error=5.2%;pyf_error=5.8%,older_late_rows=50;young_early_rows=844,high_role_rows=361;low_sparse_role_rows=479,partial_coverage_not_full_2013_2025_comparable,ADDITIVE_CANDIDATE
GAUNTLET_093_ROLE_RB_TOUCH_ROLE_REPORT__PLUS_SNAPDEPTH_SNAP_DEPTH_ROLE_PCT025,nflverse_snap_depth_role,1429,0.651,0.018,-0.104,rows=344;candidate_error=5.2%;pyf_error=5.8%,rows=344;candidate_error=5.2%;pyf_error=5.8%,older_late_rows=50;young_early_rows=844,high_role_rows=361;low_sparse_role_rows=479,partial_coverage_not_full_2013_2025_comparable,ADDITIVE_CANDIDATE
GAUNTLET_093_ROLE_RB_TOUCH_ROLE_REPORT__PLUS_SNAPDEPTH_SNAP_DEPTH_ROLE_PCT050,nflverse_snap_depth_role,1429,0.651,0.018,-0.104,rows=344;candidate_error=4.7%;pyf_error=5.8%,rows=344;candidate_error=4.7%;pyf_error=5.8%,older_late_rows=50;young_early_rows=844,high_role_rows=361;low_sparse_role_rows=479,partial_coverage_not_full_2013_2025_comparable,ADDITIVE_CANDIDATE
GAUNTLET_093_ROLE_RB_TOUCH_ROLE_REPORT__PLUS_SNAPDEPTH_SNAP_DEPTH_ROLE_PCT100,nflverse_snap_depth_role,1429,0.650,0.017,-0.105,rows=344;candidate_error=4.9%;pyf_error=5.8%,rows=344;candidate_error=4.9%;pyf_error=5.8%,older_late_rows=50;young_early_rows=844,high_role_rows=361;low_sparse_role_rows=479,partial_coverage_not_full_2013_2025_comparable,ADDITIVE_CANDIDATE
GAUNTLET_102_HYBRID_RB_THREE_60_ROLE_AGE__PLUS_SNAPDEPTH_SNAP_SNAPS_PCT025,nflverse_snap_depth_role,1324,0.654,0.019,-0.101,rows=319;candidate_error=5.3%;pyf_error=6.0%,rows=319;candidate_error=5.3%;pyf_error=6.0%,older_late_rows=48;young_early_rows=785,high_role_rows=334;low_sparse_role_rows=445,partial_coverage_not_full_2013_2025_comparable,ADDITIVE_CANDIDATE
GAUNTLET_102_HYBRID_RB_THREE_60_ROLE_AGE__PLUS_SNAPDEPTH_SNAP_SNAPS_PCT050,nflverse_snap_depth_role,1324,0.653,0.019,-0.102,rows=319;candidate_error=5.3%;pyf_error=6.0%,rows=319;candidate_error=5.3%;pyf_error=6.0%,older_late_rows=48;young_early_rows=785,high_role_rows=334;low_sparse_role_rows=445,partial_coverage_not_full_2013_2025_comparable,ADDITIVE_CANDIDATE
GAUNTLET_102_HYBRID_RB_THREE_60_ROLE_AGE__PLUS_SNAPDEPTH_SNAP_SNAPS_PCT100,nflverse_snap_depth_role,1324,0.653,0.019,-0.102,rows=319;candidate_error=5.3%;pyf_error=6.0%,rows=319;candidate_error=5.3%;pyf_error=6.0%,older_late_rows=48;young_early_rows=785,high_role_rows=334;low_sparse_role_rows=445,partial_coverage_not_full_2013_2025_comparable,ADDITIVE_CANDIDATE
GAUNTLET_102_HYBRID_RB_THREE_60_ROLE_AGE__PLUS_SNAPDEPTH_SNAP_SHARE_PCT025,nflverse_snap_depth_role,1324,0.654,0.020,-0.101,rows=319;candidate_error=5.3%;pyf_error=6.0%,rows=319;candidate_error=5.3%;pyf_error=6.0%,older_late_rows=48;young_early_rows=785,high_role_rows=334;low_sparse_role_rows=445,partial_coverage_not_full_2013_2025_comparable,ADDITIVE_CANDIDATE
GAUNTLET_102_HYBRID_RB_THREE_60_ROLE_AGE__PLUS_SNAPDEPTH_SNAP_SHARE_PCT050,nflverse_snap_depth_role,1324,0.655,0.020,-0.100,rows=319;candidate_error=4.7%;pyf_error=6.0%,rows=319;candidate_error=4.7%;pyf_error=6.0%,older_late_rows=48;young_early_rows=785,high_role_rows=334;low_sparse_role_rows=445,partial_coverage_not_full_2013_2025_comparable,ADDITIVE_CANDIDATE
GAUNTLET_102_HYBRID_RB_THREE_60_ROLE_AGE__PLUS_SNAPDEPTH_SNAP_SHARE_PCT100,nflverse_snap_depth_role,1324,0.655,0.021,-0.100,rows=319;candidate_error=4.7%;pyf_error=6.0%,rows=319;candidate_error=4.7%;pyf_error=6.0%,older_late_rows=48;young_early_rows=785,high_role_rows=334;low_sparse_role_rows=445,partial_coverage_not_full_2013_2025_comparable,ADDITIVE_CANDIDATE
GAUNTLET_102_HYBRID_RB_THREE_60_ROLE_AGE__PLUS_SNAPDEPTH_SNAP_GAMES_PCT025,nflverse_snap_depth_role,1324,0.654,0.019,-0.101,rows=319;candidate_error=5.3%;pyf_error=6.0%,rows=319;candidate_error=5.3%;pyf_error=6.0%,older_late_rows=48;young_early_rows=785,high_role_rows=334;low_sparse_role_rows=445,partial_coverage_not_full_2013_2025_comparable,ADDITIVE_CANDIDATE
GAUNTLET_102_HYBRID_RB_THREE_60_ROLE_AGE__PLUS_SNAPDEPTH_SNAP_GAMES_PCT050,nflverse_snap_depth_role,1324,0.653,0.018,-0.102,rows=319;candidate_error=5.3%;pyf_error=6.0%,rows=319;candidate_error=5.3%;pyf_error=6.0%,older_late_rows=48;young_early_rows=785,high_role_rows=334;low_sparse_role_rows=445,partial_coverage_not_full_2013_2025_comparable,ADDITIVE_CANDIDATE
GAUNTLET_102_HYBRID_RB_THREE_60_ROLE_AGE__PLUS_SNAPDEPTH_SNAP_GAMES_PCT100,nflverse_snap_depth_role,1324,0.650,0.016,-0.105,rows=319;candidate_error=5.6%;pyf_error=6.0%,rows=319;candidate_error=5.6%;pyf_error=6.0%,older_late_rows=48;young_early_rows=785,high_role_rows=334;low_sparse_role_rows=445,partial_coverage_not_full_2013_2025_comparable,ADDITIVE_CANDIDATE
GAUNTLET_102_HYBRID_RB_THREE_60_ROLE_AGE__PLUS_SNAPDEPTH_SNAP_NOT_LOW_PCT025,nflverse_snap_depth_role,1324,0.654,0.020,-0.101,rows=319;candidate_error=5.3%;pyf_error=6.0%,rows=319;candidate_error=5.3%;pyf_error=6.0%,older_late_rows=48;young_early_rows=785,high_role_rows=334;low_sparse_role_rows=445,partial_coverage_not_full_2013_2025_comparable,ADDITIVE_CANDIDATE
GAUNTLET_102_HYBRID_RB_THREE_60_ROLE_AGE__PLUS_SNAPDEPTH_SNAP_NOT_LOW_PCT050,nflverse_snap_depth_role,1324,0.656,0.021,-0.099,rows=319;candidate_error=5.6%;pyf_error=6.0%,rows=319;candidate_error=5.6%;pyf_error=6.0%,older_late_rows=48;young_early_rows=785,high_role_rows=334;low_sparse_role_rows=445,partial_coverage_not_full_2013_2025_comparable,ADDITIVE_CANDIDATE
GAUNTLET_102_HYBRID_RB_THREE_60_ROLE_AGE__PLUS_SNAPDEPTH_SNAP_NOT_LOW_PCT100,nflverse_snap_depth_role,1324,0.658,0.023,-0.097,rows=319;candidate_error=5.3%;pyf_error=6.0%,rows=319;candidate_error=5.3%;pyf_error=6.0%,older_late_rows=48;young_early_rows=785,high_role_rows=334;low_sparse_role_rows=445,partial_coverage_not_full_2013_2025_comparable,ADDITIVE_CANDIDATE
GAUNTLET_102_HYBRID_RB_THREE_60_ROLE_AGE__PLUS_SNAPDEPTH_SNAP_ROLE_PCT025,nflverse_snap_depth_role,1324,0.654,0.019,-0.101,rows=319;candidate_error=5.3%;pyf_error=6.0%,rows=319;candidate_error=5.3%;pyf_error=6.0%,older_late_rows=48;young_early_rows=785,high_role_rows=334;low_sparse_role_rows=445,partial_coverage_not_full_2013_2025_comparable,ADDITIVE_CANDIDATE
GAUNTLET_102_HYBRID_RB_THREE_60_ROLE_AGE__PLUS_SNAPDEPTH_SNAP_ROLE_PCT050,nflverse_snap_depth_role,1324,0.654,0.020,-0.101,rows=319;candidate_error=5.3%;pyf_error=6.0%,rows=319;candidate_error=5.3%;pyf_error=6.0%,older_late_rows=48;young_early_rows=785,high_role_rows=334;low_sparse_role_rows=445,partial_coverage_not_full_2013_2025_comparable,ADDITIVE_CANDIDATE
GAUNTLET_102_HYBRID_RB_THREE_60_ROLE_AGE__PLUS_SNAPDEPTH_SNAP_ROLE_PCT100,nflverse_snap_depth_role,1324,0.654,0.019,-0.101,rows=319;candidate_error=5.0%;pyf_error=6.0%,rows=319;candidate_error=5.0%;pyf_error=6.0%,older_late_rows=48;young_early_rows=785,high_role_rows=334;low_sparse_role_rows=445,partial_coverage_not_full_2013_2025_comparable,ADDITIVE_CANDIDATE
GAUNTLET_102_HYBRID_RB_THREE_60_ROLE_AGE__PLUS_SNAPDEPTH_DEPTH_STARTER_WEEKS_PCT025,nflverse_snap_depth_role,1369,0.633,0.018,-0.122,rows=307;candidate_error=5.9%;pyf_error=6.5%,rows=307;candidate_error=5.9%;pyf_error=6.5%,older_late_rows=50;young_early_rows=807,high_role_rows=361;low_sparse_role_rows=423,partial_coverage_not_full_2013_2025_comparable,ADDITIVE_CANDIDATE
GAUNTLET_102_HYBRID_RB_THREE_60_ROLE_AGE__PLUS_SNAPDEPTH_DEPTH_STARTER_WEEKS_PCT050,nflverse_snap_depth_role,1369,0.633,0.018,-0.122,rows=307;candidate_error=5.5%;pyf_error=6.5%,rows=307;candidate_error=5.5%;pyf_error=6.5%,older_late_rows=50;young_early_rows=807,high_role_rows=361;low_sparse_role_rows=423,partial_coverage_not_full_2013_2025_comparable,ADDITIVE_CANDIDATE
GAUNTLET_102_HYBRID_RB_THREE_60_ROLE_AGE__PLUS_SNAPDEPTH_DEPTH_STARTER_WEEKS_PCT100,nflverse_snap_depth_role,1369,0.631,0.016,-0.124,rows=307;candidate_error=5.9%;pyf_error=6.5%,rows=307;candidate_error=5.9%;pyf_error=6.5%,older_late_rows=50;young_early_rows=807,high_role_rows=361;low_sparse_role_rows=423,partial_coverage_not_full_2013_2025_comparable,ADDITIVE_CANDIDATE
GAUNTLET_102_HYBRID_RB_THREE_60_ROLE_AGE__PLUS_SNAPDEPTH_DEPTH_ROLE_PCT025,nflverse_snap_depth_role,1429,0.651,0.018,-0.104,rows=344;candidate_error=4.9%;pyf_error=5.8%,rows=344;candidate_error=4.9%;pyf_error=5.8%,older_late_rows=50;young_early_rows=844,high_role_rows=361;low_sparse_role_rows=479,partial_coverage_not_full_2013_2025_comparable,ADDITIVE_CANDIDATE
GAUNTLET_102_HYBRID_RB_THREE_60_ROLE_AGE__PLUS_SNAPDEPTH_DEPTH_ROLE_PCT050,nflverse_snap_depth_role,1429,0.652,0.019,-0.103,rows=344;candidate_error=4.9%;pyf_error=5.8%,rows=344;candidate_error=4.9%;pyf_error=5.8%,older_late_rows=50;young_early_rows=844,high_role_rows=361;low_sparse_role_rows=479,partial_coverage_not_full_2013_2025_comparable,ADDITIVE_CANDIDATE
GAUNTLET_102_HYBRID_RB_THREE_60_ROLE_AGE__PLUS_SNAPDEPTH_DEPTH_ROLE_PCT100,nflverse_snap_depth_role,1429,0.651,0.018,-0.104,rows=344;candidate_error=4.9%;pyf_error=5.8%,rows=344;candidate_error=4.9%;pyf_error=5.8%,older_late_rows=50;young_early_rows=844,high_role_rows=361;low_sparse_role_rows=479,partial_coverage_not_full_2013_2025_comparable,ADDITIVE_CANDIDATE
GAUNTLET_102_HYBRID_RB_THREE_60_ROLE_AGE__PLUS_SNAPDEPTH_DEPTH_STABILITY_PCT025,nflverse_snap_depth_role,1429,0.652,0.019,-0.103,rows=344;candidate_error=5.5%;pyf_error=5.8%,rows=344;candidate_error=5.5%;pyf_error=5.8%,older_late_rows=50;young_early_rows=844,high_role_rows=361;low_sparse_role_rows=479,partial_coverage_not_full_2013_2025_comparable,ADDITIVE_CANDIDATE
GAUNTLET_102_HYBRID_RB_THREE_60_ROLE_AGE__PLUS_SNAPDEPTH_DEPTH_STABILITY_PCT050,nflverse_snap_depth_role,1429,0.653,0.020,-0.102,rows=344;candidate_error=5.5%;pyf_error=5.8%,rows=344;candidate_error=5.5%;pyf_error=5.8%,older_late_rows=50;young_early_rows=844,high_role_rows=361;low_sparse_role_rows=479,partial_coverage_not_full_2013_2025_comparable,ADDITIVE_CANDIDATE
GAUNTLET_102_HYBRID_RB_THREE_60_ROLE_AGE__PLUS_SNAPDEPTH_DEPTH_STABILITY_PCT100,nflverse_snap_depth_role,1429,0.654,0.021,-0.101,rows=344;candidate_error=5.2%;pyf_error=5.8%,rows=344;candidate_error=5.2%;pyf_error=5.8%,older_late_rows=50;young_early_rows=844,high_role_rows=361;low_sparse_role_rows=479,partial_coverage_not_full_2013_2025_comparable,ADDITIVE_CANDIDATE
GAUNTLET_102_HYBRID_RB_THREE_60_ROLE_AGE__PLUS_SNAPDEPTH_SNAP_DEPTH_ROLE_PCT025,nflverse_snap_depth_role,1429,0.651,0.018,-0.104,rows=344;candidate_error=5.2%;pyf_error=5.8%,rows=344;candidate_error=5.2%;pyf_error=5.8%,older_late_rows=50;young_early_rows=844,high_role_rows=361;low_sparse_role_rows=479,partial_coverage_not_full_2013_2025_comparable,ADDITIVE_CANDIDATE
GAUNTLET_102_HYBRID_RB_THREE_60_ROLE_AGE__PLUS_SNAPDEPTH_SNAP_DEPTH_ROLE_PCT050,nflverse_snap_depth_role,1429,0.651,0.018,-0.104,rows=344;candidate_error=4.7%;pyf_error=5.8%,rows=344;candidate_error=4.7%;pyf_error=5.8%,older_late_rows=50;young_early_rows=844,high_role_rows=361;low_sparse_role_rows=479,partial_coverage_not_full_2013_2025_comparable,ADDITIVE_CANDIDATE
GAUNTLET_102_HYBRID_RB_THREE_60_ROLE_AGE__PLUS_SNAPDEPTH_SNAP_DEPTH_ROLE_PCT100,nflverse_snap_depth_role,1429,0.650,0.017,-0.105,rows=344;candidate_error=4.9%;pyf_error=5.8%,rows=344;candidate_error=4.9%;pyf_error=5.8%,older_late_rows=50;young_early_rows=844,high_role_rows=361;low_sparse_role_rows=479,partial_coverage_not_full_2013_2025_comparable,ADDITIVE_CANDIDATE
GAUNTLET_044_RB_THREE_70_20_10__PLUS_SNAPDEPTH_SNAP_SNAPS_PCT025,nflverse_snap_depth_role,1324,0.653,0.018,-0.102,rows=319;candidate_error=5.6%;pyf_error=6.0%,rows=319;candidate_error=5.6%;pyf_error=6.0%,older_late_rows=48;young_early_rows=785,high_role_rows=334;low_sparse_role_rows=445,partial_coverage_not_full_2013_2025_comparable,ADDITIVE_CANDIDATE
GAUNTLET_044_RB_THREE_70_20_10__PLUS_SNAPDEPTH_SNAP_SNAPS_PCT050,nflverse_snap_depth_role,1324,0.652,0.018,-0.103,rows=319;candidate_error=5.6%;pyf_error=6.0%,rows=319;candidate_error=5.6%;pyf_error=6.0%,older_late_rows=48;young_early_rows=785,high_role_rows=334;low_sparse_role_rows=445,partial_coverage_not_full_2013_2025_comparable,ADDITIVE_CANDIDATE
GAUNTLET_044_RB_THREE_70_20_10__PLUS_SNAPDEPTH_SNAP_SNAPS_PCT100,nflverse_snap_depth_role,1324,0.651,0.017,-0.104,rows=319;candidate_error=6.0%;pyf_error=6.0%,rows=319;candidate_error=6.0%;pyf_error=6.0%,older_late_rows=48;young_early_rows=785,high_role_rows=334;low_sparse_role_rows=445,partial_coverage_not_full_2013_2025_comparable,ADDITIVE_CANDIDATE
GAUNTLET_044_RB_THREE_70_20_10__PLUS_SNAPDEPTH_SNAP_SHARE_PCT025,nflverse_snap_depth_role,1324,0.653,0.018,-0.102,rows=319;candidate_error=5.6%;pyf_error=6.0%,rows=319;candidate_error=5.6%;pyf_error=6.0%,older_late_rows=48;young_early_rows=785,high_role_rows=334;low_sparse_role_rows=445,partial_coverage_not_full_2013_2025_comparable,ADDITIVE_CANDIDATE
GAUNTLET_044_RB_THREE_70_20_10__PLUS_SNAPDEPTH_SNAP_SHARE_PCT050,nflverse_snap_depth_role,1324,0.653,0.019,-0.102,rows=319;candidate_error=5.3%;pyf_error=6.0%,rows=319;candidate_error=5.3%;pyf_error=6.0%,older_late_rows=48;young_early_rows=785,high_role_rows=334;low_sparse_role_rows=445,partial_coverage_not_full_2013_2025_comparable,ADDITIVE_CANDIDATE
GAUNTLET_044_RB_THREE_70_20_10__PLUS_SNAPDEPTH_SNAP_SHARE_PCT100,nflverse_snap_depth_role,1324,0.654,0.019,-0.101,rows=319;candidate_error=5.6%;pyf_error=6.0%,rows=319;candidate_error=5.6%;pyf_error=6.0%,older_late_rows=48;young_early_rows=785,high_role_rows=334;low_sparse_role_rows=445,partial_coverage_not_full_2013_2025_comparable,ADDITIVE_CANDIDATE
GAUNTLET_044_RB_THREE_70_20_10__PLUS_SNAPDEPTH_SNAP_GAMES_PCT025,nflverse_snap_depth_role,1324,0.652,0.017,-0.103,rows=319;candidate_error=6.0%;pyf_error=6.0%,rows=319;candidate_error=6.0%;pyf_error=6.0%,older_late_rows=48;young_early_rows=785,high_role_rows=334;low_sparse_role_rows=445,partial_coverage_not_full_2013_2025_comparable,ADDITIVE_CANDIDATE
GAUNTLET_044_RB_THREE_70_20_10__PLUS_SNAPDEPTH_SNAP_GAMES_PCT050,nflverse_snap_depth_role,1324,0.651,0.016,-0.104,rows=319;candidate_error=6.0%;pyf_error=6.0%,rows=319;candidate_error=6.0%;pyf_error=6.0%,older_late_rows=48;young_early_rows=785,high_role_rows=334;low_sparse_role_rows=445,partial_coverage_not_full_2013_2025_comparable,ADDITIVE_CANDIDATE
GAUNTLET_044_RB_THREE_70_20_10__PLUS_SNAPDEPTH_SNAP_GAMES_PCT100,nflverse_snap_depth_role,1324,0.649,0.014,-0.106,rows=319;candidate_error=5.6%;pyf_error=6.0%,rows=319;candidate_error=5.6%;pyf_error=6.0%,older_late_rows=48;young_early_rows=785,high_role_rows=334;low_sparse_role_rows=445,partial_coverage_not_full_2013_2025_comparable,ADDITIVE_CANDIDATE
GAUNTLET_044_RB_THREE_70_20_10__PLUS_SNAPDEPTH_SNAP_NOT_LOW_PCT025,nflverse_snap_depth_role,1324,0.653,0.018,-0.102,rows=319;candidate_error=5.6%;pyf_error=6.0%,rows=319;candidate_error=5.6%;pyf_error=6.0%,older_late_rows=48;young_early_rows=785,high_role_rows=334;low_sparse_role_rows=445,partial_coverage_not_full_2013_2025_comparable,ADDITIVE_CANDIDATE
GAUNTLET_044_RB_THREE_70_20_10__PLUS_SNAPDEPTH_SNAP_NOT_LOW_PCT050,nflverse_snap_depth_role,1324,0.654,0.020,-0.101,rows=319;candidate_error=6.0%;pyf_error=6.0%,rows=319;candidate_error=6.0%;pyf_error=6.0%,older_late_rows=48;young_early_rows=785,high_role_rows=334;low_sparse_role_rows=445,partial_coverage_not_full_2013_2025_comparable,ADDITIVE_CANDIDATE
GAUNTLET_044_RB_THREE_70_20_10__PLUS_SNAPDEPTH_SNAP_NOT_LOW_PCT100,nflverse_snap_depth_role,1324,0.657,0.022,-0.098,rows=319;candidate_error=6.0%;pyf_error=6.0%,rows=319;candidate_error=6.0%;pyf_error=6.0%,older_late_rows=48;young_early_rows=785,high_role_rows=334;low_sparse_role_rows=445,partial_coverage_not_full_2013_2025_comparable,ADDITIVE_CANDIDATE
GAUNTLET_044_RB_THREE_70_20_10__PLUS_SNAPDEPTH_SNAP_ROLE_PCT025,nflverse_snap_depth_role,1324,0.653,0.018,-0.102,rows=319;candidate_error=5.6%;pyf_error=6.0%,rows=319;candidate_error=5.6%;pyf_error=6.0%,older_late_rows=48;young_early_rows=785,high_role_rows=334;low_sparse_role_rows=445,partial_coverage_not_full_2013_2025_comparable,ADDITIVE_CANDIDATE
GAUNTLET_044_RB_THREE_70_20_10__PLUS_SNAPDEPTH_SNAP_ROLE_PCT050,nflverse_snap_depth_role,1324,0.652,0.018,-0.103,rows=319;candidate_error=5.6%;pyf_error=6.0%,rows=319;candidate_error=5.6%;pyf_error=6.0%,older_late_rows=48;young_early_rows=785,high_role_rows=334;low_sparse_role_rows=445,partial_coverage_not_full_2013_2025_comparable,ADDITIVE_CANDIDATE
GAUNTLET_044_RB_THREE_70_20_10__PLUS_SNAPDEPTH_SNAP_ROLE_PCT100,nflverse_snap_depth_role,1324,0.652,0.018,-0.103,rows=319;candidate_error=5.6%;pyf_error=6.0%,rows=319;candidate_error=5.6%;pyf_error=6.0%,older_late_rows=48;young_early_rows=785,high_role_rows=334;low_sparse_role_rows=445,partial_coverage_not_full_2013_2025_comparable,ADDITIVE_CANDIDATE
GAUNTLET_044_RB_THREE_70_20_10__PLUS_SNAPDEPTH_DEPTH_STARTER_WEEKS_PCT025,nflverse_snap_depth_role,1369,0.631,0.016,-0.124,rows=307;candidate_error=5.9%;pyf_error=6.5%,rows=307;candidate_error=5.9%;pyf_error=6.5%,older_late_rows=50;young_early_rows=807,high_role_rows=361;low_sparse_role_rows=423,partial_coverage_not_full_2013_2025_comparable,ADDITIVE_CANDIDATE
GAUNTLET_044_RB_THREE_70_20_10__PLUS_SNAPDEPTH_DEPTH_STARTER_WEEKS_PCT050,nflverse_snap_depth_role,1369,0.631,0.016,-0.124,rows=307;candidate_error=5.9%;pyf_error=6.5%,rows=307;candidate_error=5.9%;pyf_error=6.5%,older_late_rows=50;young_early_rows=807,high_role_rows=361;low_sparse_role_rows=423,partial_coverage_not_full_2013_2025_comparable,ADDITIVE_CANDIDATE
GAUNTLET_044_RB_THREE_70_20_10__PLUS_SNAPDEPTH_DEPTH_STARTER_WEEKS_PCT100,nflverse_snap_depth_role,1369,0.630,0.014,-0.125,rows=307;candidate_error=6.2%;pyf_error=6.5%,rows=307;candidate_error=6.2%;pyf_error=6.5%,older_late_rows=50;young_early_rows=807,high_role_rows=361;low_sparse_role_rows=423,partial_coverage_not_full_2013_2025_comparable,ADDITIVE_CANDIDATE
GAUNTLET_044_RB_THREE_70_20_10__PLUS_SNAPDEPTH_DEPTH_ROLE_PCT025,nflverse_snap_depth_role,1429,0.650,0.017,-0.105,rows=344;candidate_error=5.2%;pyf_error=5.8%,rows=344;candidate_error=5.2%;pyf_error=5.8%,older_late_rows=50;young_early_rows=844,high_role_rows=361;low_sparse_role_rows=479,partial_coverage_not_full_2013_2025_comparable,ADDITIVE_CANDIDATE
GAUNTLET_044_RB_THREE_70_20_10__PLUS_SNAPDEPTH_DEPTH_ROLE_PCT050,nflverse_snap_depth_role,1429,0.650,0.017,-0.105,rows=344;candidate_error=5.5%;pyf_error=5.8%,rows=344;candidate_error=5.5%;pyf_error=5.8%,older_late_rows=50;young_early_rows=844,high_role_rows=361;low_sparse_role_rows=479,partial_coverage_not_full_2013_2025_comparable,ADDITIVE_CANDIDATE
GAUNTLET_044_RB_THREE_70_20_10__PLUS_SNAPDEPTH_DEPTH_ROLE_PCT100,nflverse_snap_depth_role,1429,0.651,0.018,-0.104,rows=344;candidate_error=5.5%;pyf_error=5.8%,rows=344;candidate_error=5.5%;pyf_error=5.8%,older_late_rows=50;young_early_rows=844,high_role_rows=361;low_sparse_role_rows=479,partial_coverage_not_full_2013_2025_comparable,ADDITIVE_CANDIDATE
GAUNTLET_044_RB_THREE_70_20_10__PLUS_SNAPDEPTH_DEPTH_STABILITY_PCT025,nflverse_snap_depth_role,1429,0.651,0.018,-0.104,rows=344;candidate_error=5.8%;pyf_error=5.8%,rows=344;candidate_error=5.8%;pyf_error=5.8%,older_late_rows=50;young_early_rows=844,high_role_rows=361;low_sparse_role_rows=479,partial_coverage_not_full_2013_2025_comparable,ADDITIVE_CANDIDATE
GAUNTLET_044_RB_THREE_70_20_10__PLUS_SNAPDEPTH_DEPTH_STABILITY_PCT050,nflverse_snap_depth_role,1429,0.652,0.019,-0.103,rows=344;candidate_error=5.8%;pyf_error=5.8%,rows=344;candidate_error=5.8%;pyf_error=5.8%,older_late_rows=50;young_early_rows=844,high_role_rows=361;low_sparse_role_rows=479,partial_coverage_not_full_2013_2025_comparable,ADDITIVE_CANDIDATE
GAUNTLET_044_RB_THREE_70_20_10__PLUS_SNAPDEPTH_DEPTH_STABILITY_PCT100,nflverse_snap_depth_role,1429,0.652,0.019,-0.103,rows=344;candidate_error=5.8%;pyf_error=5.8%,rows=344;candidate_error=5.8%;pyf_error=5.8%,older_late_rows=50;young_early_rows=844,high_role_rows=361;low_sparse_role_rows=479,partial_coverage_not_full_2013_2025_comparable,ADDITIVE_CANDIDATE
GAUNTLET_044_RB_THREE_70_20_10__PLUS_SNAPDEPTH_SNAP_DEPTH_ROLE_PCT025,nflverse_snap_depth_role,1429,0.650,0.017,-0.105,rows=344;candidate_error=5.5%;pyf_error=5.8%,rows=344;candidate_error=5.5%;pyf_error=5.8%,older_late_rows=50;young_early_rows=844,high_role_rows=361;low_sparse_role_rows=479,partial_coverage_not_full_2013_2025_comparable,ADDITIVE_CANDIDATE
GAUNTLET_044_RB_THREE_70_20_10__PLUS_SNAPDEPTH_SNAP_DEPTH_ROLE_PCT050,nflverse_snap_depth_role,1429,0.650,0.017,-0.105,rows=344;candidate_error=5.2%;pyf_error=5.8%,rows=344;candidate_error=5.2%;pyf_error=5.8%,older_late_rows=50;young_early_rows=844,high_role_rows=361;low_sparse_role_rows=479,partial_coverage_not_full_2013_2025_comparable,ADDITIVE_CANDIDATE
GAUNTLET_044_RB_THREE_70_20_10__PLUS_SNAPDEPTH_SNAP_DEPTH_ROLE_PCT100,nflverse_snap_depth_role,1429,0.650,0.017,-0.105,rows=344;candidate_error=5.5%;pyf_error=5.8%,rows=344;candidate_error=5.5%;pyf_error=5.8%,older_late_rows=50;young_early_rows=844,high_role_rows=361;low_sparse_role_rows=479,partial_coverage_not_full_2013_2025_comparable,ADDITIVE_CANDIDATE
REFINE_007_OVERALL_THREE_65_25_10_LATE_20__PLUS_SNAPDEPTH_SNAP_SNAPS_PCT025,nflverse_snap_depth_role,5118,0.757,0.014,0.002,rows=1346;candidate_error=3.0%;pyf_error=3.3%,rows=1346;candidate_error=3.0%;pyf_error=3.3%,older_late_rows=448;young_early_rows=2630,high_role_rows=1304;low_sparse_role_rows=1714,partial_coverage_not_full_2013_2025_comparable,ADDITIVE_CANDIDATE
REFINE_007_OVERALL_THREE_65_25_10_LATE_20__PLUS_SNAPDEPTH_SNAP_SNAPS_PCT050,nflverse_snap_depth_role,5118,0.757,0.014,0.002,rows=1346;candidate_error=3.0%;pyf_error=3.3%,rows=1346;candidate_error=3.0%;pyf_error=3.3%,older_late_rows=448;young_early_rows=2630,high_role_rows=1304;low_sparse_role_rows=1714,partial_coverage_not_full_2013_2025_comparable,ADDITIVE_CANDIDATE
REFINE_007_OVERALL_THREE_65_25_10_LATE_20__PLUS_SNAPDEPTH_SNAP_SNAPS_PCT100,nflverse_snap_depth_role,5118,0.756,0.013,0.001,rows=1346;candidate_error=3.0%;pyf_error=3.3%,rows=1346;candidate_error=3.0%;pyf_error=3.3%,older_late_rows=448;young_early_rows=2630,high_role_rows=1304;low_sparse_role_rows=1714,partial_coverage_not_full_2013_2025_comparable,ADDITIVE_CANDIDATE
REFINE_007_OVERALL_THREE_65_25_10_LATE_20__PLUS_SNAPDEPTH_SNAP_SHARE_PCT025,nflverse_snap_depth_role,5118,0.758,0.014,0.003,rows=1346;candidate_error=3.0%;pyf_error=3.3%,rows=1346;candidate_error=3.0%;pyf_error=3.3%,older_late_rows=448;young_early_rows=2630,high_role_rows=1304;low_sparse_role_rows=1714,partial_coverage_not_full_2013_2025_comparable,ADDITIVE_CANDIDATE
REFINE_007_OVERALL_THREE_65_25_10_LATE_20__PLUS_SNAPDEPTH_SNAP_SHARE_PCT050,nflverse_snap_depth_role,5118,0.758,0.014,0.003,rows=1346;candidate_error=3.0%;pyf_error=3.3%,rows=1346;candidate_error=3.0%;pyf_error=3.3%,older_late_rows=448;young_early_rows=2630,high_role_rows=1304;low_sparse_role_rows=1714,partial_coverage_not_full_2013_2025_comparable,ADDITIVE_CANDIDATE
REFINE_007_OVERALL_THREE_65_25_10_LATE_20__PLUS_SNAPDEPTH_SNAP_SHARE_PCT100,nflverse_snap_depth_role,5118,0.758,0.014,0.003,rows=1346;candidate_error=3.0%;pyf_error=3.3%,rows=1346;candidate_error=3.0%;pyf_error=3.3%,older_late_rows=448;young_early_rows=2630,high_role_rows=1304;low_sparse_role_rows=1714,partial_coverage_not_full_2013_2025_comparable,ADDITIVE_CANDIDATE
REFINE_007_OVERALL_THREE_65_25_10_LATE_20__PLUS_SNAPDEPTH_SNAP_GAMES_PCT025,nflverse_snap_depth_role,5118,0.757,0.014,0.002,rows=1346;candidate_error=3.0%;pyf_error=3.3%,rows=1346;candidate_error=3.0%;pyf_error=3.3%,older_late_rows=448;young_early_rows=2630,high_role_rows=1304;low_sparse_role_rows=1714,partial_coverage_not_full_2013_2025_comparable,ADDITIVE_CANDIDATE
REFINE_007_OVERALL_THREE_65_25_10_LATE_20__PLUS_SNAPDEPTH_SNAP_GAMES_PCT050,nflverse_snap_depth_role,5118,0.757,0.014,0.002,rows=1346;candidate_error=3.0%;pyf_error=3.3%,rows=1346;candidate_error=3.0%;pyf_error=3.3%,older_late_rows=448;young_early_rows=2630,high_role_rows=1304;low_sparse_role_rows=1714,partial_coverage_not_full_2013_2025_comparable,ADDITIVE_CANDIDATE
REFINE_007_OVERALL_THREE_65_25_10_LATE_20__PLUS_SNAPDEPTH_SNAP_GAMES_PCT100,nflverse_snap_depth_role,5118,0.756,0.013,0.001,rows=1346;candidate_error=3.3%;pyf_error=3.3%,rows=1346;candidate_error=3.3%;pyf_error=3.3%,older_late_rows=448;young_early_rows=2630,high_role_rows=1304;low_sparse_role_rows=1714,partial_coverage_not_full_2013_2025_comparable,ADDITIVE_CANDIDATE
REFINE_007_OVERALL_THREE_65_25_10_LATE_20__PLUS_SNAPDEPTH_SNAP_NOT_LOW_PCT025,nflverse_snap_depth_role,5122,0.759,0.015,0.004,rows=1350;candidate_error=3.0%;pyf_error=3.3%,rows=1350;candidate_error=3.0%;pyf_error=3.3%,older_late_rows=449;young_early_rows=2632,high_role_rows=1304;low_sparse_role_rows=1718,partial_coverage_not_full_2013_2025_comparable,ADDITIVE_CANDIDATE
REFINE_007_OVERALL_THREE_65_25_10_LATE_20__PLUS_SNAPDEPTH_SNAP_NOT_LOW_PCT050,nflverse_snap_depth_role,5122,0.760,0.016,0.005,rows=1350;candidate_error=3.0%;pyf_error=3.3%,rows=1350;candidate_error=3.0%;pyf_error=3.3%,older_late_rows=449;young_early_rows=2632,high_role_rows=1304;low_sparse_role_rows=1718,partial_coverage_not_full_2013_2025_comparable,ADDITIVE_CANDIDATE
REFINE_007_OVERALL_THREE_65_25_10_LATE_20__PLUS_SNAPDEPTH_SNAP_NOT_LOW_PCT100,nflverse_snap_depth_role,5122,0.762,0.019,0.007,rows=1350;candidate_error=3.0%;pyf_error=3.3%,rows=1350;candidate_error=3.0%;pyf_error=3.3%,older_late_rows=449;young_early_rows=2632,high_role_rows=1304;low_sparse_role_rows=1718,partial_coverage_not_full_2013_2025_comparable,ADDITIVE_CANDIDATE
REFINE_007_OVERALL_THREE_65_25_10_LATE_20__PLUS_SNAPDEPTH_SNAP_ROLE_PCT025,nflverse_snap_depth_role,5122,0.758,0.014,0.003,rows=1350;candidate_error=3.0%;pyf_error=3.3%,rows=1350;candidate_error=3.0%;pyf_error=3.3%,older_late_rows=449;young_early_rows=2632,high_role_rows=1304;low_sparse_role_rows=1718,partial_coverage_not_full_2013_2025_comparable,ADDITIVE_CANDIDATE
REFINE_007_OVERALL_THREE_65_25_10_LATE_20__PLUS_SNAPDEPTH_SNAP_ROLE_PCT050,nflverse_snap_depth_role,5122,0.758,0.014,0.003,rows=1350;candidate_error=3.0%;pyf_error=3.3%,rows=1350;candidate_error=3.0%;pyf_error=3.3%,older_late_rows=449;young_early_rows=2632,high_role_rows=1304;low_sparse_role_rows=1718,partial_coverage_not_full_2013_2025_comparable,ADDITIVE_CANDIDATE
REFINE_007_OVERALL_THREE_65_25_10_LATE_20__PLUS_SNAPDEPTH_SNAP_ROLE_PCT100,nflverse_snap_depth_role,5122,0.757,0.013,0.002,rows=1350;candidate_error=3.0%;pyf_error=3.3%,rows=1350;candidate_error=3.0%;pyf_error=3.3%,older_late_rows=449;young_early_rows=2632,high_role_rows=1304;low_sparse_role_rows=1718,partial_coverage_not_full_2013_2025_comparable,ADDITIVE_CANDIDATE
REFINE_007_OVERALL_THREE_65_25_10_LATE_20__PLUS_SNAPDEPTH_DEPTH_STARTER_WEEKS_PCT025,nflverse_snap_depth_role,5405,0.749,0.014,-0.006,rows=1369;candidate_error=3.2%;pyf_error=3.5%,rows=1369;candidate_error=3.2%;pyf_error=3.5%,older_late_rows=476;young_early_rows=2778,high_role_rows=1405;low_sparse_role_rows=1735,partial_coverage_not_full_2013_2025_comparable,ADDITIVE_CANDIDATE
REFINE_007_OVERALL_THREE_65_25_10_LATE_20__PLUS_SNAPDEPTH_DEPTH_STARTER_WEEKS_PCT050,nflverse_snap_depth_role,5405,0.748,0.013,-0.007,rows=1369;candidate_error=3.1%;pyf_error=3.5%,rows=1369;candidate_error=3.1%;pyf_error=3.5%,older_late_rows=476;young_early_rows=2778,high_role_rows=1405;low_sparse_role_rows=1735,partial_coverage_not_full_2013_2025_comparable,ADDITIVE_CANDIDATE
REFINE_007_OVERALL_THREE_65_25_10_LATE_20__PLUS_SNAPDEPTH_DEPTH_STARTER_WEEKS_PCT100,nflverse_snap_depth_role,5405,0.748,0.013,-0.007,rows=1369;candidate_error=3.1%;pyf_error=3.5%,rows=1369;candidate_error=3.1%;pyf_error=3.5%,older_late_rows=476;young_early_rows=2778,high_role_rows=1405;low_sparse_role_rows=1735,partial_coverage_not_full_2013_2025_comparable,ADDITIVE_CANDIDATE
REFINE_007_OVERALL_THREE_65_25_10_LATE_20__PLUS_SNAPDEPTH_DEPTH_ROLE_PCT025,nflverse_snap_depth_role,5518,0.755,0.013,-0.000,rows=1453;candidate_error=3.0%;pyf_error=3.3%,rows=1453;candidate_error=3.0%;pyf_error=3.3%,older_late_rows=478;young_early_rows=2846,high_role_rows=1405;low_sparse_role_rows=1843,none,ADDITIVE_CANDIDATE
REFINE_007_OVERALL_THREE_65_25_10_LATE_20__PLUS_SNAPDEPTH_DEPTH_ROLE_PCT050,nflverse_snap_depth_role,5518,0.755,0.014,0.000,rows=1453;candidate_error=3.0%;pyf_error=3.3%,rows=1453;candidate_error=3.0%;pyf_error=3.3%,older_late_rows=478;young_early_rows=2846,high_role_rows=1405;low_sparse_role_rows=1843,none,ADDITIVE_CANDIDATE
REFINE_007_OVERALL_THREE_65_25_10_LATE_20__PLUS_SNAPDEPTH_DEPTH_ROLE_PCT100,nflverse_snap_depth_role,5518,0.756,0.014,0.001,rows=1453;candidate_error=3.0%;pyf_error=3.3%,rows=1453;candidate_error=3.0%;pyf_error=3.3%,older_late_rows=478;young_early_rows=2846,high_role_rows=1405;low_sparse_role_rows=1843,none,ADDITIVE_CANDIDATE
REFINE_007_OVERALL_THREE_65_25_10_LATE_20__PLUS_SNAPDEPTH_DEPTH_STABILITY_PCT025,nflverse_snap_depth_role,5518,0.755,0.014,0.000,rows=1453;candidate_error=3.0%;pyf_error=3.3%,rows=1453;candidate_error=3.0%;pyf_error=3.3%,older_late_rows=478;young_early_rows=2846,high_role_rows=1405;low_sparse_role_rows=1843,none,ADDITIVE_CANDIDATE
REFINE_007_OVERALL_THREE_65_25_10_LATE_20__PLUS_SNAPDEPTH_DEPTH_STABILITY_PCT050,nflverse_snap_depth_role,5518,0.757,0.015,0.002,rows=1453;candidate_error=3.0%;pyf_error=3.3%,rows=1453;candidate_error=3.0%;pyf_error=3.3%,older_late_rows=478;young_early_rows=2846,high_role_rows=1405;low_sparse_role_rows=1843,none,ADDITIVE_CANDIDATE
REFINE_007_OVERALL_THREE_65_25_10_LATE_20__PLUS_SNAPDEPTH_DEPTH_STABILITY_PCT100,nflverse_snap_depth_role,5518,0.758,0.017,0.003,rows=1453;candidate_error=3.0%;pyf_error=3.3%,rows=1453;candidate_error=3.0%;pyf_error=3.3%,older_late_rows=478;young_early_rows=2846,high_role_rows=1405;low_sparse_role_rows=1843,none,ADDITIVE_CANDIDATE
REFINE_007_OVERALL_THREE_65_25_10_LATE_20__PLUS_SNAPDEPTH_SNAP_DEPTH_ROLE_PCT025,nflverse_snap_depth_role,5518,0.754,0.013,-0.001,rows=1453;candidate_error=3.0%;pyf_error=3.3%,rows=1453;candidate_error=3.0%;pyf_error=3.3%,older_late_rows=478;young_early_rows=2846,high_role_rows=1405;low_sparse_role_rows=1843,none,ADDITIVE_CANDIDATE
REFINE_007_OVERALL_THREE_65_25_10_LATE_20__PLUS_SNAPDEPTH_SNAP_DEPTH_ROLE_PCT050,nflverse_snap_depth_role,5518,0.754,0.013,-0.001,rows=1453;candidate_error=3.0%;pyf_error=3.3%,rows=1453;candidate_error=3.0%;pyf_error=3.3%,older_late_rows=478;young_early_rows=2846,high_role_rows=1405;low_sparse_role_rows=1843,none,ADDITIVE_CANDIDATE
REFINE_007_OVERALL_THREE_65_25_10_LATE_20__PLUS_SNAPDEPTH_SNAP_DEPTH_ROLE_PCT100,nflverse_snap_depth_role,5518,0.754,0.012,-0.001,rows=1453;candidate_error=3.0%;pyf_error=3.3%,rows=1453;candidate_error=3.0%;pyf_error=3.3%,older_late_rows=478;young_early_rows=2846,high_role_rows=1405;low_sparse_role_rows=1843,none,ADDITIVE_CANDIDATE
GAUNTLET_081_DECLINE_SMALL_LATE_GUARD_THREE__PLUS_SNAPDEPTH_FFOP_PCT025_025,nflverse_snap_depth_role+prior_sidecars,1740,0.788,0.010,0.033,rows=437;candidate_error=2.3%;pyf_error=2.5%,rows=437;candidate_error=2.3%;pyf_error=2.5%,older_late_rows=130;young_early_rows=857,high_role_rows=456;low_sparse_role_rows=543,partial_coverage_not_full_2013_2025_comparable,INTERACTION_ONLY
GAUNTLET_081_DECLINE_SMALL_LATE_GUARD_THREE__PLUS_SNAPDEPTH_FFOP_PCT050_050,nflverse_snap_depth_role+prior_sidecars,1740,0.788,0.010,0.033,rows=437;candidate_error=2.3%;pyf_error=2.5%,rows=437;candidate_error=2.3%;pyf_error=2.5%,older_late_rows=130;young_early_rows=857,high_role_rows=456;low_sparse_role_rows=543,partial_coverage_not_full_2013_2025_comparable,INTERACTION_ONLY
GAUNTLET_081_DECLINE_SMALL_LATE_GUARD_THREE__PLUS_SNAPDEPTH_FFOP_PCT050_025,nflverse_snap_depth_role+prior_sidecars,1740,0.788,0.009,0.033,rows=437;candidate_error=2.3%;pyf_error=2.5%,rows=437;candidate_error=2.3%;pyf_error=2.5%,older_late_rows=130;young_early_rows=857,high_role_rows=456;low_sparse_role_rows=543,partial_coverage_not_full_2013_2025_comparable,INTERACTION_ONLY
GAUNTLET_081_DECLINE_SMALL_LATE_GUARD_THREE__PLUS_SNAPDEPTH_FFOP_PCT025_050,nflverse_snap_depth_role+prior_sidecars,1740,0.788,0.010,0.033,rows=437;candidate_error=2.3%;pyf_error=2.5%,rows=437;candidate_error=2.3%;pyf_error=2.5%,older_late_rows=130;young_early_rows=857,high_role_rows=456;low_sparse_role_rows=543,partial_coverage_not_full_2013_2025_comparable,INTERACTION_ONLY
GAUNTLET_081_DECLINE_SMALL_LATE_GUARD_THREE__PLUS_SNAPDEPTH_NGS_PCT025_025,nflverse_snap_depth_role+prior_sidecars,944,0.747,0.014,-0.008,rows=128;candidate_error=4.7%;pyf_error=5.5%,rows=128;candidate_error=4.7%;pyf_error=5.5%,older_late_rows=74;young_early_rows=431,high_role_rows=347;low_sparse_role_rows=135,partial_coverage_not_full_2013_2025_comparable,INTERACTION_ONLY
GAUNTLET_081_DECLINE_SMALL_LATE_GUARD_THREE__PLUS_SNAPDEPTH_NGS_PCT050_050,nflverse_snap_depth_role+prior_sidecars,944,0.749,0.016,-0.006,rows=128;candidate_error=4.7%;pyf_error=5.5%,rows=128;candidate_error=4.7%;pyf_error=5.5%,older_late_rows=74;young_early_rows=431,high_role_rows=347;low_sparse_role_rows=135,partial_coverage_not_full_2013_2025_comparable,INTERACTION_ONLY
GAUNTLET_081_DECLINE_SMALL_LATE_GUARD_THREE__PLUS_SNAPDEPTH_NGS_PCT050_025,nflverse_snap_depth_role+prior_sidecars,944,0.748,0.015,-0.007,rows=128;candidate_error=4.7%;pyf_error=5.5%,rows=128;candidate_error=4.7%;pyf_error=5.5%,older_late_rows=74;young_early_rows=431,high_role_rows=347;low_sparse_role_rows=135,partial_coverage_not_full_2013_2025_comparable,INTERACTION_ONLY
GAUNTLET_081_DECLINE_SMALL_LATE_GUARD_THREE__PLUS_SNAPDEPTH_NGS_PCT025_050,nflverse_snap_depth_role+prior_sidecars,944,0.749,0.016,-0.006,rows=128;candidate_error=4.7%;pyf_error=5.5%,rows=128;candidate_error=4.7%;pyf_error=5.5%,older_late_rows=74;young_early_rows=431,high_role_rows=347;low_sparse_role_rows=135,partial_coverage_not_full_2013_2025_comparable,INTERACTION_ONLY
GAUNTLET_081_DECLINE_SMALL_LATE_GUARD_THREE__PLUS_SNAPDEPTH_EPA_PCT025_025,nflverse_snap_depth_role+prior_sidecars,5360,0.747,0.014,-0.008,rows=1321;candidate_error=3.3%;pyf_error=3.6%,rows=1321;candidate_error=3.3%;pyf_error=3.6%,older_late_rows=464;young_early_rows=2748,high_role_rows=1405;low_sparse_role_rows=1685,partial_coverage_not_full_2013_2025_comparable,ADDITIVE_CANDIDATE
GAUNTLET_081_DECLINE_SMALL_LATE_GUARD_THREE__PLUS_SNAPDEPTH_EPA_PCT050_050,nflverse_snap_depth_role+prior_sidecars,5360,0.747,0.015,-0.008,rows=1321;candidate_error=3.2%;pyf_error=3.6%,rows=1321;candidate_error=3.2%;pyf_error=3.6%,older_late_rows=464;young_early_rows=2748,high_role_rows=1405;low_sparse_role_rows=1685,partial_coverage_not_full_2013_2025_comparable,ADDITIVE_CANDIDATE
GAUNTLET_081_DECLINE_SMALL_LATE_GUARD_THREE__PLUS_SNAPDEPTH_EPA_PCT050_025,nflverse_snap_depth_role+prior_sidecars,5360,0.747,0.014,-0.008,rows=1321;candidate_error=3.2%;pyf_error=3.6%,rows=1321;candidate_error=3.2%;pyf_error=3.6%,older_late_rows=464;young_early_rows=2748,high_role_rows=1405;low_sparse_role_rows=1685,partial_coverage_not_full_2013_2025_comparable,ADDITIVE_CANDIDATE
GAUNTLET_081_DECLINE_SMALL_LATE_GUARD_THREE__PLUS_SNAPDEPTH_EPA_PCT025_050,nflverse_snap_depth_role+prior_sidecars,5360,0.747,0.015,-0.008,rows=1321;candidate_error=3.2%;pyf_error=3.6%,rows=1321;candidate_error=3.2%;pyf_error=3.6%,older_late_rows=464;young_early_rows=2748,high_role_rows=1405;low_sparse_role_rows=1685,partial_coverage_not_full_2013_2025_comparable,ADDITIVE_CANDIDATE
GAUNTLET_081_DECLINE_SMALL_LATE_GUARD_THREE__PLUS_SNAPDEPTH_RECOPP_PCT025_025,nflverse_snap_depth_role+prior_sidecars,5518,0.755,0.013,-0.000,rows=1453;candidate_error=3.0%;pyf_error=3.3%,rows=1453;candidate_error=3.0%;pyf_error=3.3%,older_late_rows=478;young_early_rows=2846,high_role_rows=1405;low_sparse_role_rows=1843,none,ADDITIVE_CANDIDATE
GAUNTLET_081_DECLINE_SMALL_LATE_GUARD_THREE__PLUS_SNAPDEPTH_RECOPP_PCT050_050,nflverse_snap_depth_role+prior_sidecars,5518,0.754,0.013,-0.001,rows=1453;candidate_error=2.9%;pyf_error=3.3%,rows=1453;candidate_error=2.9%;pyf_error=3.3%,older_late_rows=478;young_early_rows=2846,high_role_rows=1405;low_sparse_role_rows=1843,none,ADDITIVE_CANDIDATE
GAUNTLET_081_DECLINE_SMALL_LATE_GUARD_THREE__PLUS_SNAPDEPTH_RECOPP_PCT050_025,nflverse_snap_depth_role+prior_sidecars,5518,0.754,0.013,-0.001,rows=1453;candidate_error=3.0%;pyf_error=3.3%,rows=1453;candidate_error=3.0%;pyf_error=3.3%,older_late_rows=478;young_early_rows=2846,high_role_rows=1405;low_sparse_role_rows=1843,none,ADDITIVE_CANDIDATE
GAUNTLET_081_DECLINE_SMALL_LATE_GUARD_THREE__PLUS_SNAPDEPTH_RECOPP_PCT025_050,nflverse_snap_depth_role+prior_sidecars,5518,0.754,0.013,-0.001,rows=1453;candidate_error=3.0%;pyf_error=3.3%,rows=1453;candidate_error=3.0%;pyf_error=3.3%,older_late_rows=478;young_early_rows=2846,high_role_rows=1405;low_sparse_role_rows=1843,none,ADDITIVE_CANDIDATE
GAUNTLET_081_DECLINE_SMALL_LATE_GUARD_THREE__PLUS_SNAPDEPTH_FFOP_NGS_PCT025_050_025,nflverse_snap_depth_role+prior_sidecars,943,0.748,0.015,-0.007,rows=128;candidate_error=4.7%;pyf_error=5.5%,rows=128;candidate_error=4.7%;pyf_error=5.5%,older_late_rows=74;young_early_rows=431,high_role_rows=347;low_sparse_role_rows=135,partial_coverage_not_full_2013_2025_comparable,INTERACTION_ONLY
GAUNTLET_081_DECLINE_SMALL_LATE_GUARD_THREE__PLUS_SNAPDEPTH_FFOP_NGS_PCT050_025_025,nflverse_snap_depth_role+prior_sidecars,943,0.748,0.015,-0.007,rows=128;candidate_error=4.7%;pyf_error=5.5%,rows=128;candidate_error=4.7%;pyf_error=5.5%,older_late_rows=74;young_early_rows=431,high_role_rows=347;low_sparse_role_rows=135,partial_coverage_not_full_2013_2025_comparable,INTERACTION_ONLY
GAUNTLET_081_DECLINE_SMALL_LATE_GUARD_THREE__PLUS_SNAPDEPTH_RECOPP_FFOP_PCT025_025_050,nflverse_snap_depth_role+prior_sidecars,1740,0.788,0.010,0.033,rows=437;candidate_error=2.3%;pyf_error=2.5%,rows=437;candidate_error=2.3%;pyf_error=2.5%,older_late_rows=130;young_early_rows=857,high_role_rows=456;low_sparse_role_rows=543,partial_coverage_not_full_2013_2025_comparable,INTERACTION_ONLY
GAUNTLET_081_DECLINE_SMALL_LATE_GUARD_THREE__PLUS_SNAPDEPTH_RECOPP_FFOP_PCT050_025_025,nflverse_snap_depth_role+prior_sidecars,1740,0.788,0.009,0.033,rows=437;candidate_error=2.1%;pyf_error=2.5%,rows=437;candidate_error=2.1%;pyf_error=2.5%,older_late_rows=130;young_early_rows=857,high_role_rows=456;low_sparse_role_rows=543,partial_coverage_not_full_2013_2025_comparable,INTERACTION_ONLY
GAUNTLET_081_DECLINE_SMALL_LATE_GUARD_THREE__PLUS_SNAPDEPTH_EPA_RECOPP_PCT025_025_050,nflverse_snap_depth_role+prior_sidecars,5360,0.747,0.014,-0.008,rows=1321;candidate_error=3.3%;pyf_error=3.6%,rows=1321;candidate_error=3.3%;pyf_error=3.6%,older_late_rows=464;young_early_rows=2748,high_role_rows=1405;low_sparse_role_rows=1685,partial_coverage_not_full_2013_2025_comparable,ADDITIVE_CANDIDATE
GAUNTLET_081_DECLINE_SMALL_LATE_GUARD_THREE__PLUS_SNAPDEPTH_EPA_RECOPP_PCT050_025_025,nflverse_snap_depth_role+prior_sidecars,5360,0.747,0.015,-0.008,rows=1321;candidate_error=3.3%;pyf_error=3.6%,rows=1321;candidate_error=3.3%;pyf_error=3.6%,older_late_rows=464;young_early_rows=2748,high_role_rows=1405;low_sparse_role_rows=1685,partial_coverage_not_full_2013_2025_comparable,ADDITIVE_CANDIDATE
GAUNTLET_082_DECLINE_SMALL_HIGH_VOLUME_LATE_GUARD__PLUS_SNAPDEPTH_FFOP_PCT025_025,nflverse_snap_depth_role+prior_sidecars,1740,0.788,0.009,0.033,rows=437;candidate_error=2.3%;pyf_error=2.5%,rows=437;candidate_error=2.3%;pyf_error=2.5%,older_late_rows=130;young_early_rows=857,high_role_rows=456;low_sparse_role_rows=543,partial_coverage_not_full_2013_2025_comparable,INTERACTION_ONLY
GAUNTLET_082_DECLINE_SMALL_HIGH_VOLUME_LATE_GUARD__PLUS_SNAPDEPTH_FFOP_PCT050_050,nflverse_snap_depth_role+prior_sidecars,1740,0.788,0.009,0.033,rows=437;candidate_error=2.3%;pyf_error=2.5%,rows=437;candidate_error=2.3%;pyf_error=2.5%,older_late_rows=130;young_early_rows=857,high_role_rows=456;low_sparse_role_rows=543,partial_coverage_not_full_2013_2025_comparable,INTERACTION_ONLY
GAUNTLET_082_DECLINE_SMALL_HIGH_VOLUME_LATE_GUARD__PLUS_SNAPDEPTH_FFOP_PCT050_025,nflverse_snap_depth_role+prior_sidecars,1740,0.788,0.009,0.033,rows=437;candidate_error=2.3%;pyf_error=2.5%,rows=437;candidate_error=2.3%;pyf_error=2.5%,older_late_rows=130;young_early_rows=857,high_role_rows=456;low_sparse_role_rows=543,partial_coverage_not_full_2013_2025_comparable,INTERACTION_ONLY
GAUNTLET_082_DECLINE_SMALL_HIGH_VOLUME_LATE_GUARD__PLUS_SNAPDEPTH_FFOP_PCT025_050,nflverse_snap_depth_role+prior_sidecars,1740,0.788,0.010,0.033,rows=437;candidate_error=2.3%;pyf_error=2.5%,rows=437;candidate_error=2.3%;pyf_error=2.5%,older_late_rows=130;young_early_rows=857,high_role_rows=456;low_sparse_role_rows=543,partial_coverage_not_full_2013_2025_comparable,INTERACTION_ONLY
GAUNTLET_082_DECLINE_SMALL_HIGH_VOLUME_LATE_GUARD__PLUS_SNAPDEPTH_NGS_PCT025_025,nflverse_snap_depth_role+prior_sidecars,944,0.747,0.015,-0.008,rows=128;candidate_error=4.7%;pyf_error=5.5%,rows=128;candidate_error=4.7%;pyf_error=5.5%,older_late_rows=74;young_early_rows=431,high_role_rows=347;low_sparse_role_rows=135,partial_coverage_not_full_2013_2025_comparable,INTERACTION_ONLY
GAUNTLET_082_DECLINE_SMALL_HIGH_VOLUME_LATE_GUARD__PLUS_SNAPDEPTH_NGS_PCT050_050,nflverse_snap_depth_role+prior_sidecars,944,0.749,0.016,-0.006,rows=128;candidate_error=4.7%;pyf_error=5.5%,rows=128;candidate_error=4.7%;pyf_error=5.5%,older_late_rows=74;young_early_rows=431,high_role_rows=347;low_sparse_role_rows=135,partial_coverage_not_full_2013_2025_comparable,INTERACTION_ONLY
GAUNTLET_082_DECLINE_SMALL_HIGH_VOLUME_LATE_GUARD__PLUS_SNAPDEPTH_NGS_PCT050_025,nflverse_snap_depth_role+prior_sidecars,944,0.747,0.015,-0.008,rows=128;candidate_error=4.7%;pyf_error=5.5%,rows=128;candidate_error=4.7%;pyf_error=5.5%,older_late_rows=74;young_early_rows=431,high_role_rows=347;low_sparse_role_rows=135,partial_coverage_not_full_2013_2025_comparable,INTERACTION_ONLY
GAUNTLET_082_DECLINE_SMALL_HIGH_VOLUME_LATE_GUARD__PLUS_SNAPDEPTH_NGS_PCT025_050,nflverse_snap_depth_role+prior_sidecars,944,0.749,0.016,-0.006,rows=128;candidate_error=4.7%;pyf_error=5.5%,rows=128;candidate_error=4.7%;pyf_error=5.5%,older_late_rows=74;young_early_rows=431,high_role_rows=347;low_sparse_role_rows=135,partial_coverage_not_full_2013_2025_comparable,INTERACTION_ONLY
GAUNTLET_082_DECLINE_SMALL_HIGH_VOLUME_LATE_GUARD__PLUS_SNAPDEPTH_EPA_PCT025_025,nflverse_snap_depth_role+prior_sidecars,5360,0.747,0.014,-0.008,rows=1321;candidate_error=3.3%;pyf_error=3.6%,rows=1321;candidate_error=3.3%;pyf_error=3.6%,older_late_rows=464;young_early_rows=2748,high_role_rows=1405;low_sparse_role_rows=1685,partial_coverage_not_full_2013_2025_comparable,ADDITIVE_CANDIDATE
GAUNTLET_082_DECLINE_SMALL_HIGH_VOLUME_LATE_GUARD__PLUS_SNAPDEPTH_EPA_PCT050_050,nflverse_snap_depth_role+prior_sidecars,5360,0.747,0.015,-0.008,rows=1321;candidate_error=3.2%;pyf_error=3.6%,rows=1321;candidate_error=3.2%;pyf_error=3.6%,older_late_rows=464;young_early_rows=2748,high_role_rows=1405;low_sparse_role_rows=1685,partial_coverage_not_full_2013_2025_comparable,ADDITIVE_CANDIDATE
GAUNTLET_082_DECLINE_SMALL_HIGH_VOLUME_LATE_GUARD__PLUS_SNAPDEPTH_EPA_PCT050_025,nflverse_snap_depth_role+prior_sidecars,5360,0.747,0.014,-0.008,rows=1321;candidate_error=3.2%;pyf_error=3.6%,rows=1321;candidate_error=3.2%;pyf_error=3.6%,older_late_rows=464;young_early_rows=2748,high_role_rows=1405;low_sparse_role_rows=1685,partial_coverage_not_full_2013_2025_comparable,ADDITIVE_CANDIDATE
GAUNTLET_082_DECLINE_SMALL_HIGH_VOLUME_LATE_GUARD__PLUS_SNAPDEPTH_EPA_PCT025_050,nflverse_snap_depth_role+prior_sidecars,5360,0.748,0.015,-0.007,rows=1321;candidate_error=3.2%;pyf_error=3.6%,rows=1321;candidate_error=3.2%;pyf_error=3.6%,older_late_rows=464;young_early_rows=2748,high_role_rows=1405;low_sparse_role_rows=1685,partial_coverage_not_full_2013_2025_comparable,ADDITIVE_CANDIDATE
GAUNTLET_082_DECLINE_SMALL_HIGH_VOLUME_LATE_GUARD__PLUS_SNAPDEPTH_RECOPP_PCT025_025,nflverse_snap_depth_role+prior_sidecars,5518,0.755,0.013,-0.000,rows=1453;candidate_error=3.0%;pyf_error=3.3%,rows=1453;candidate_error=3.0%;pyf_error=3.3%,older_late_rows=478;young_early_rows=2846,high_role_rows=1405;low_sparse_role_rows=1843,none,ADDITIVE_CANDIDATE
GAUNTLET_082_DECLINE_SMALL_HIGH_VOLUME_LATE_GUARD__PLUS_SNAPDEPTH_RECOPP_PCT050_050,nflverse_snap_depth_role+prior_sidecars,5518,0.754,0.013,-0.001,rows=1453;candidate_error=3.0%;pyf_error=3.3%,rows=1453;candidate_error=3.0%;pyf_error=3.3%,older_late_rows=478;young_early_rows=2846,high_role_rows=1405;low_sparse_role_rows=1843,none,ADDITIVE_CANDIDATE
GAUNTLET_082_DECLINE_SMALL_HIGH_VOLUME_LATE_GUARD__PLUS_SNAPDEPTH_RECOPP_PCT050_025,nflverse_snap_depth_role+prior_sidecars,5518,0.754,0.013,-0.001,rows=1453;candidate_error=3.0%;pyf_error=3.3%,rows=1453;candidate_error=3.0%;pyf_error=3.3%,older_late_rows=478;young_early_rows=2846,high_role_rows=1405;low_sparse_role_rows=1843,none,ADDITIVE_CANDIDATE
GAUNTLET_082_DECLINE_SMALL_HIGH_VOLUME_LATE_GUARD__PLUS_SNAPDEPTH_RECOPP_PCT025_050,nflverse_snap_depth_role+prior_sidecars,5518,0.755,0.013,-0.000,rows=1453;candidate_error=3.0%;pyf_error=3.3%,rows=1453;candidate_error=3.0%;pyf_error=3.3%,older_late_rows=478;young_early_rows=2846,high_role_rows=1405;low_sparse_role_rows=1843,none,ADDITIVE_CANDIDATE
GAUNTLET_082_DECLINE_SMALL_HIGH_VOLUME_LATE_GUARD__PLUS_SNAPDEPTH_FFOP_NGS_PCT025_050_025,nflverse_snap_depth_role+prior_sidecars,943,0.748,0.016,-0.007,rows=128;candidate_error=4.7%;pyf_error=5.5%,rows=128;candidate_error=4.7%;pyf_error=5.5%,older_late_rows=74;young_early_rows=431,high_role_rows=347;low_sparse_role_rows=135,partial_coverage_not_full_2013_2025_comparable,INTERACTION_ONLY
GAUNTLET_082_DECLINE_SMALL_HIGH_VOLUME_LATE_GUARD__PLUS_SNAPDEPTH_FFOP_NGS_PCT050_025_025,nflverse_snap_depth_role+prior_sidecars,943,0.748,0.015,-0.007,rows=128;candidate_error=4.7%;pyf_error=5.5%,rows=128;candidate_error=4.7%;pyf_error=5.5%,older_late_rows=74;young_early_rows=431,high_role_rows=347;low_sparse_role_rows=135,partial_coverage_not_full_2013_2025_comparable,INTERACTION_ONLY
GAUNTLET_082_DECLINE_SMALL_HIGH_VOLUME_LATE_GUARD__PLUS_SNAPDEPTH_RECOPP_FFOP_PCT025_025_050,nflverse_snap_depth_role+prior_sidecars,1740,0.788,0.010,0.033,rows=437;candidate_error=2.3%;pyf_error=2.5%,rows=437;candidate_error=2.3%;pyf_error=2.5%,older_late_rows=130;young_early_rows=857,high_role_rows=456;low_sparse_role_rows=543,partial_coverage_not_full_2013_2025_comparable,INTERACTION_ONLY
GAUNTLET_082_DECLINE_SMALL_HIGH_VOLUME_LATE_GUARD__PLUS_SNAPDEPTH_RECOPP_FFOP_PCT050_025_025,nflverse_snap_depth_role+prior_sidecars,1740,0.788,0.009,0.033,rows=437;candidate_error=2.3%;pyf_error=2.5%,rows=437;candidate_error=2.3%;pyf_error=2.5%,older_late_rows=130;young_early_rows=857,high_role_rows=456;low_sparse_role_rows=543,partial_coverage_not_full_2013_2025_comparable,INTERACTION_ONLY
GAUNTLET_082_DECLINE_SMALL_HIGH_VOLUME_LATE_GUARD__PLUS_SNAPDEPTH_EPA_RECOPP_PCT025_025_050,nflverse_snap_depth_role+prior_sidecars,5360,0.747,0.014,-0.008,rows=1321;candidate_error=3.3%;pyf_error=3.6%,rows=1321;candidate_error=3.3%;pyf_error=3.6%,older_late_rows=464;young_early_rows=2748,high_role_rows=1405;low_sparse_role_rows=1685,partial_coverage_not_full_2013_2025_comparable,ADDITIVE_CANDIDATE
GAUNTLET_082_DECLINE_SMALL_HIGH_VOLUME_LATE_GUARD__PLUS_SNAPDEPTH_EPA_RECOPP_PCT050_025_025,nflverse_snap_depth_role+prior_sidecars,5360,0.747,0.015,-0.008,rows=1321;candidate_error=3.3%;pyf_error=3.6%,rows=1321;candidate_error=3.3%;pyf_error=3.6%,older_late_rows=464;young_early_rows=2748,high_role_rows=1405;low_sparse_role_rows=1685,partial_coverage_not_full_2013_2025_comparable,ADDITIVE_CANDIDATE
GAUNTLET_083_DECLINE_DECLINE_COMBO_GUARD__PLUS_SNAPDEPTH_FFOP_PCT025_025,nflverse_snap_depth_role+prior_sidecars,1740,0.788,0.010,0.033,rows=437;candidate_error=2.3%;pyf_error=2.5%,rows=437;candidate_error=2.3%;pyf_error=2.5%,older_late_rows=130;young_early_rows=857,high_role_rows=456;low_sparse_role_rows=543,partial_coverage_not_full_2013_2025_comparable,INTERACTION_ONLY
GAUNTLET_083_DECLINE_DECLINE_COMBO_GUARD__PLUS_SNAPDEPTH_FFOP_PCT050_050,nflverse_snap_depth_role+prior_sidecars,1740,0.788,0.010,0.033,rows=437;candidate_error=2.1%;pyf_error=2.5%,rows=437;candidate_error=2.1%;pyf_error=2.5%,older_late_rows=130;young_early_rows=857,high_role_rows=456;low_sparse_role_rows=543,partial_coverage_not_full_2013_2025_comparable,INTERACTION_ONLY
GAUNTLET_083_DECLINE_DECLINE_COMBO_GUARD__PLUS_SNAPDEPTH_FFOP_PCT050_025,nflverse_snap_depth_role+prior_sidecars,1740,0.788,0.010,0.033,rows=437;candidate_error=2.3%;pyf_error=2.5%,rows=437;candidate_error=2.3%;pyf_error=2.5%,older_late_rows=130;young_early_rows=857,high_role_rows=456;low_sparse_role_rows=543,partial_coverage_not_full_2013_2025_comparable,INTERACTION_ONLY
GAUNTLET_083_DECLINE_DECLINE_COMBO_GUARD__PLUS_SNAPDEPTH_FFOP_PCT025_050,nflverse_snap_depth_role+prior_sidecars,1740,0.788,0.010,0.033,rows=437;candidate_error=2.1%;pyf_error=2.5%,rows=437;candidate_error=2.1%;pyf_error=2.5%,older_late_rows=130;young_early_rows=857,high_role_rows=456;low_sparse_role_rows=543,partial_coverage_not_full_2013_2025_comparable,INTERACTION_ONLY
GAUNTLET_083_DECLINE_DECLINE_COMBO_GUARD__PLUS_SNAPDEPTH_NGS_PCT025_025,nflverse_snap_depth_role+prior_sidecars,944,0.749,0.017,-0.006,rows=128;candidate_error=4.7%;pyf_error=5.5%,rows=128;candidate_error=4.7%;pyf_error=5.5%,older_late_rows=74;young_early_rows=431,high_role_rows=347;low_sparse_role_rows=135,partial_coverage_not_full_2013_2025_comparable,INTERACTION_ONLY
GAUNTLET_083_DECLINE_DECLINE_COMBO_GUARD__PLUS_SNAPDEPTH_NGS_PCT050_050,nflverse_snap_depth_role+prior_sidecars,944,0.750,0.017,-0.005,rows=128;candidate_error=4.7%;pyf_error=5.5%,rows=128;candidate_error=4.7%;pyf_error=5.5%,older_late_rows=74;young_early_rows=431,high_role_rows=347;low_sparse_role_rows=135,partial_coverage_not_full_2013_2025_comparable,INTERACTION_ONLY
GAUNTLET_083_DECLINE_DECLINE_COMBO_GUARD__PLUS_SNAPDEPTH_NGS_PCT050_025,nflverse_snap_depth_role+prior_sidecars,944,0.749,0.017,-0.006,rows=128;candidate_error=4.7%;pyf_error=5.5%,rows=128;candidate_error=4.7%;pyf_error=5.5%,older_late_rows=74;young_early_rows=431,high_role_rows=347;low_sparse_role_rows=135,partial_coverage_not_full_2013_2025_comparable,INTERACTION_ONLY
GAUNTLET_083_DECLINE_DECLINE_COMBO_GUARD__PLUS_SNAPDEPTH_NGS_PCT025_050,nflverse_snap_depth_role+prior_sidecars,944,0.750,0.017,-0.005,rows=128;candidate_error=4.7%;pyf_error=5.5%,rows=128;candidate_error=4.7%;pyf_error=5.5%,older_late_rows=74;young_early_rows=431,high_role_rows=347;low_sparse_role_rows=135,partial_coverage_not_full_2013_2025_comparable,INTERACTION_ONLY
GAUNTLET_083_DECLINE_DECLINE_COMBO_GUARD__PLUS_SNAPDEPTH_EPA_PCT025_025,nflverse_snap_depth_role+prior_sidecars,5360,0.747,0.014,-0.008,rows=1321;candidate_error=3.4%;pyf_error=3.6%,rows=1321;candidate_error=3.4%;pyf_error=3.6%,older_late_rows=464;young_early_rows=2748,high_role_rows=1405;low_sparse_role_rows=1685,partial_coverage_not_full_2013_2025_comparable,ADDITIVE_CANDIDATE
GAUNTLET_083_DECLINE_DECLINE_COMBO_GUARD__PLUS_SNAPDEPTH_EPA_PCT050_050,nflverse_snap_depth_role+prior_sidecars,5360,0.747,0.015,-0.008,rows=1321;candidate_error=3.4%;pyf_error=3.6%,rows=1321;candidate_error=3.4%;pyf_error=3.6%,older_late_rows=464;young_early_rows=2748,high_role_rows=1405;low_sparse_role_rows=1685,partial_coverage_not_full_2013_2025_comparable,ADDITIVE_CANDIDATE
GAUNTLET_083_DECLINE_DECLINE_COMBO_GUARD__PLUS_SNAPDEPTH_EPA_PCT050_025,nflverse_snap_depth_role+prior_sidecars,5360,0.747,0.014,-0.008,rows=1321;candidate_error=3.4%;pyf_error=3.6%,rows=1321;candidate_error=3.4%;pyf_error=3.6%,older_late_rows=464;young_early_rows=2748,high_role_rows=1405;low_sparse_role_rows=1685,partial_coverage_not_full_2013_2025_comparable,ADDITIVE_CANDIDATE
GAUNTLET_083_DECLINE_DECLINE_COMBO_GUARD__PLUS_SNAPDEPTH_EPA_PCT025_050,nflverse_snap_depth_role+prior_sidecars,5360,0.747,0.015,-0.008,rows=1321;candidate_error=3.4%;pyf_error=3.6%,rows=1321;candidate_error=3.4%;pyf_error=3.6%,older_late_rows=464;young_early_rows=2748,high_role_rows=1405;low_sparse_role_rows=1685,partial_coverage_not_full_2013_2025_comparable,ADDITIVE_CANDIDATE
GAUNTLET_083_DECLINE_DECLINE_COMBO_GUARD__PLUS_SNAPDEPTH_RECOPP_PCT025_025,nflverse_snap_depth_role+prior_sidecars,5518,0.755,0.014,-0.000,rows=1453;candidate_error=3.1%;pyf_error=3.3%,rows=1453;candidate_error=3.1%;pyf_error=3.3%,older_late_rows=478;young_early_rows=2846,high_role_rows=1405;low_sparse_role_rows=1843,none,ADDITIVE_CANDIDATE
GAUNTLET_083_DECLINE_DECLINE_COMBO_GUARD__PLUS_SNAPDEPTH_RECOPP_PCT050_050,nflverse_snap_depth_role+prior_sidecars,5518,0.755,0.014,-0.000,rows=1453;candidate_error=3.0%;pyf_error=3.3%,rows=1453;candidate_error=3.0%;pyf_error=3.3%,older_late_rows=478;young_early_rows=2846,high_role_rows=1405;low_sparse_role_rows=1843,none,ADDITIVE_CANDIDATE
GAUNTLET_083_DECLINE_DECLINE_COMBO_GUARD__PLUS_SNAPDEPTH_RECOPP_PCT050_025,nflverse_snap_depth_role+prior_sidecars,5518,0.755,0.013,-0.000,rows=1453;candidate_error=3.0%;pyf_error=3.3%,rows=1453;candidate_error=3.0%;pyf_error=3.3%,older_late_rows=478;young_early_rows=2846,high_role_rows=1405;low_sparse_role_rows=1843,none,ADDITIVE_CANDIDATE
GAUNTLET_083_DECLINE_DECLINE_COMBO_GUARD__PLUS_SNAPDEPTH_RECOPP_PCT025_050,nflverse_snap_depth_role+prior_sidecars,5518,0.755,0.014,-0.000,rows=1453;candidate_error=3.0%;pyf_error=3.3%,rows=1453;candidate_error=3.0%;pyf_error=3.3%,older_late_rows=478;young_early_rows=2846,high_role_rows=1405;low_sparse_role_rows=1843,none,ADDITIVE_CANDIDATE
GAUNTLET_083_DECLINE_DECLINE_COMBO_GUARD__PLUS_SNAPDEPTH_FFOP_NGS_PCT025_050_025,nflverse_snap_depth_role+prior_sidecars,943,0.749,0.016,-0.006,rows=128;candidate_error=4.7%;pyf_error=5.5%,rows=128;candidate_error=4.7%;pyf_error=5.5%,older_late_rows=74;young_early_rows=431,high_role_rows=347;low_sparse_role_rows=135,partial_coverage_not_full_2013_2025_comparable,INTERACTION_ONLY
GAUNTLET_083_DECLINE_DECLINE_COMBO_GUARD__PLUS_SNAPDEPTH_FFOP_NGS_PCT050_025_025,nflverse_snap_depth_role+prior_sidecars,943,0.750,0.017,-0.005,rows=128;candidate_error=4.7%;pyf_error=5.5%,rows=128;candidate_error=4.7%;pyf_error=5.5%,older_late_rows=74;young_early_rows=431,high_role_rows=347;low_sparse_role_rows=135,partial_coverage_not_full_2013_2025_comparable,INTERACTION_ONLY
GAUNTLET_083_DECLINE_DECLINE_COMBO_GUARD__PLUS_SNAPDEPTH_RECOPP_FFOP_PCT025_025_050,nflverse_snap_depth_role+prior_sidecars,1740,0.789,0.011,0.034,rows=437;candidate_error=2.1%;pyf_error=2.5%,rows=437;candidate_error=2.1%;pyf_error=2.5%,older_late_rows=130;young_early_rows=857,high_role_rows=456;low_sparse_role_rows=543,partial_coverage_not_full_2013_2025_comparable,INTERACTION_ONLY
GAUNTLET_083_DECLINE_DECLINE_COMBO_GUARD__PLUS_SNAPDEPTH_RECOPP_FFOP_PCT050_025_025,nflverse_snap_depth_role+prior_sidecars,1740,0.789,0.010,0.034,rows=437;candidate_error=2.1%;pyf_error=2.5%,rows=437;candidate_error=2.1%;pyf_error=2.5%,older_late_rows=130;young_early_rows=857,high_role_rows=456;low_sparse_role_rows=543,partial_coverage_not_full_2013_2025_comparable,INTERACTION_ONLY
GAUNTLET_083_DECLINE_DECLINE_COMBO_GUARD__PLUS_SNAPDEPTH_EPA_RECOPP_PCT025_025_050,nflverse_snap_depth_role+prior_sidecars,5360,0.747,0.015,-0.008,rows=1321;candidate_error=3.3%;pyf_error=3.6%,rows=1321;candidate_error=3.3%;pyf_error=3.6%,older_late_rows=464;young_early_rows=2748,high_role_rows=1405;low_sparse_role_rows=1685,partial_coverage_not_full_2013_2025_comparable,ADDITIVE_CANDIDATE
GAUNTLET_083_DECLINE_DECLINE_COMBO_GUARD__PLUS_SNAPDEPTH_EPA_RECOPP_PCT050_025_025,nflverse_snap_depth_role+prior_sidecars,5360,0.747,0.015,-0.008,rows=1321;candidate_error=3.3%;pyf_error=3.6%,rows=1321;candidate_error=3.3%;pyf_error=3.6%,older_late_rows=464;young_early_rows=2748,high_role_rows=1405;low_sparse_role_rows=1685,partial_coverage_not_full_2013_2025_comparable,ADDITIVE_CANDIDATE
GAUNTLET_103_HYBRID_WR_TE_THREE_65_ROLE_AGE__PLUS_SNAPDEPTH_FFOP_PCT025_025,nflverse_snap_depth_role+prior_sidecars,1056,0.780,0.005,0.025,rows=226;candidate_error=1.8%;pyf_error=1.8%,rows=226;candidate_error=1.8%;pyf_error=1.8%,older_late_rows=62;young_early_rows=533,high_role_rows=278;low_sparse_role_rows=295,partial_coverage_not_full_2013_2025_comparable,INTERACTION_ONLY
GAUNTLET_103_HYBRID_WR_TE_THREE_65_ROLE_AGE__PLUS_SNAPDEPTH_FFOP_PCT050_050,nflverse_snap_depth_role+prior_sidecars,1056,0.781,0.005,0.026,rows=226;candidate_error=1.8%;pyf_error=1.8%,rows=226;candidate_error=1.8%;pyf_error=1.8%,older_late_rows=62;young_early_rows=533,high_role_rows=278;low_sparse_role_rows=295,partial_coverage_not_full_2013_2025_comparable,INTERACTION_ONLY
GAUNTLET_103_HYBRID_WR_TE_THREE_65_ROLE_AGE__PLUS_SNAPDEPTH_FFOP_PCT050_025,nflverse_snap_depth_role+prior_sidecars,1056,0.781,0.005,0.026,rows=226;candidate_error=1.8%;pyf_error=1.8%,rows=226;candidate_error=1.8%;pyf_error=1.8%,older_late_rows=62;young_early_rows=533,high_role_rows=278;low_sparse_role_rows=295,partial_coverage_not_full_2013_2025_comparable,INTERACTION_ONLY
GAUNTLET_103_HYBRID_WR_TE_THREE_65_ROLE_AGE__PLUS_SNAPDEPTH_FFOP_PCT025_050,nflverse_snap_depth_role+prior_sidecars,1056,0.781,0.005,0.026,rows=226;candidate_error=1.8%;pyf_error=1.8%,rows=226;candidate_error=1.8%;pyf_error=1.8%,older_late_rows=62;young_early_rows=533,high_role_rows=278;low_sparse_role_rows=295,partial_coverage_not_full_2013_2025_comparable,INTERACTION_ONLY
GAUNTLET_103_HYBRID_WR_TE_THREE_65_ROLE_AGE__PLUS_SNAPDEPTH_NGS_PCT025_025,nflverse_snap_depth_role+prior_sidecars,554,0.758,0.015,0.003,rows=42;candidate_error=7.1%;pyf_error=7.1%,rows=42;candidate_error=7.1%;pyf_error=7.1%,older_late_rows=34;young_early_rows=259,high_role_rows=209;low_sparse_role_rows=47,partial_coverage_not_full_2013_2025_comparable,INTERACTION_ONLY
GAUNTLET_103_HYBRID_WR_TE_THREE_65_ROLE_AGE__PLUS_SNAPDEPTH_NGS_PCT050_050,nflverse_snap_depth_role+prior_sidecars,554,0.758,0.016,0.003,rows=42;candidate_error=7.1%;pyf_error=7.1%,rows=42;candidate_error=7.1%;pyf_error=7.1%,older_late_rows=34;young_early_rows=259,high_role_rows=209;low_sparse_role_rows=47,partial_coverage_not_full_2013_2025_comparable,INTERACTION_ONLY
GAUNTLET_103_HYBRID_WR_TE_THREE_65_ROLE_AGE__PLUS_SNAPDEPTH_NGS_PCT050_025,nflverse_snap_depth_role+prior_sidecars,554,0.758,0.015,0.003,rows=42;candidate_error=7.1%;pyf_error=7.1%,rows=42;candidate_error=7.1%;pyf_error=7.1%,older_late_rows=34;young_early_rows=259,high_role_rows=209;low_sparse_role_rows=47,partial_coverage_not_full_2013_2025_comparable,INTERACTION_ONLY
GAUNTLET_103_HYBRID_WR_TE_THREE_65_ROLE_AGE__PLUS_SNAPDEPTH_NGS_PCT025_050,nflverse_snap_depth_role+prior_sidecars,554,0.758,0.016,0.003,rows=42;candidate_error=7.1%;pyf_error=7.1%,rows=42;candidate_error=7.1%;pyf_error=7.1%,older_late_rows=34;young_early_rows=259,high_role_rows=209;low_sparse_role_rows=47,partial_coverage_not_full_2013_2025_comparable,INTERACTION_ONLY
GAUNTLET_103_HYBRID_WR_TE_THREE_65_ROLE_AGE__PLUS_SNAPDEPTH_EPA_PCT025_025,nflverse_snap_depth_role+prior_sidecars,3228,0.741,0.013,-0.014,rows=692;candidate_error=2.0%;pyf_error=2.5%,rows=692;candidate_error=2.0%;pyf_error=2.5%,older_late_rows=207;young_early_rows=1680,high_role_rows=850;low_sparse_role_rows=921,partial_coverage_not_full_2013_2025_comparable,ADDITIVE_CANDIDATE
GAUNTLET_103_HYBRID_WR_TE_THREE_65_ROLE_AGE__PLUS_SNAPDEPTH_EPA_PCT050_050,nflverse_snap_depth_role+prior_sidecars,3228,0.741,0.013,-0.014,rows=692;candidate_error=2.2%;pyf_error=2.5%,rows=692;candidate_error=2.2%;pyf_error=2.5%,older_late_rows=207;young_early_rows=1680,high_role_rows=850;low_sparse_role_rows=921,partial_coverage_not_full_2013_2025_comparable,ADDITIVE_CANDIDATE
GAUNTLET_103_HYBRID_WR_TE_THREE_65_ROLE_AGE__PLUS_SNAPDEPTH_EPA_PCT050_025,nflverse_snap_depth_role+prior_sidecars,3228,0.741,0.013,-0.014,rows=692;candidate_error=2.0%;pyf_error=2.5%,rows=692;candidate_error=2.0%;pyf_error=2.5%,older_late_rows=207;young_early_rows=1680,high_role_rows=850;low_sparse_role_rows=921,partial_coverage_not_full_2013_2025_comparable,ADDITIVE_CANDIDATE
GAUNTLET_103_HYBRID_WR_TE_THREE_65_ROLE_AGE__PLUS_SNAPDEPTH_EPA_PCT025_050,nflverse_snap_depth_role+prior_sidecars,3228,0.741,0.014,-0.014,rows=692;candidate_error=2.3%;pyf_error=2.5%,rows=692;candidate_error=2.3%;pyf_error=2.5%,older_late_rows=207;young_early_rows=1680,high_role_rows=850;low_sparse_role_rows=921,partial_coverage_not_full_2013_2025_comparable,ADDITIVE_CANDIDATE
GAUNTLET_103_HYBRID_WR_TE_THREE_65_ROLE_AGE__PLUS_SNAPDEPTH_RECOPP_PCT025_025,nflverse_snap_depth_role+prior_sidecars,3335,0.749,0.013,-0.006,rows=781;candidate_error=1.8%;pyf_error=2.2%,rows=781;candidate_error=1.8%;pyf_error=2.2%,older_late_rows=216;young_early_rows=1748,high_role_rows=850;low_sparse_role_rows=1028,partial_coverage_not_full_2013_2025_comparable,ADDITIVE_CANDIDATE
GAUNTLET_103_HYBRID_WR_TE_THREE_65_ROLE_AGE__PLUS_SNAPDEPTH_RECOPP_PCT050_050,nflverse_snap_depth_role+prior_sidecars,3335,0.749,0.012,-0.006,rows=781;candidate_error=1.8%;pyf_error=2.2%,rows=781;candidate_error=1.8%;pyf_error=2.2%,older_late_rows=216;young_early_rows=1748,high_role_rows=850;low_sparse_role_rows=1028,partial_coverage_not_full_2013_2025_comparable,ADDITIVE_CANDIDATE
GAUNTLET_103_HYBRID_WR_TE_THREE_65_ROLE_AGE__PLUS_SNAPDEPTH_RECOPP_PCT050_025,nflverse_snap_depth_role+prior_sidecars,3335,0.749,0.012,-0.006,rows=781;candidate_error=1.8%;pyf_error=2.2%,rows=781;candidate_error=1.8%;pyf_error=2.2%,older_late_rows=216;young_early_rows=1748,high_role_rows=850;low_sparse_role_rows=1028,partial_coverage_not_full_2013_2025_comparable,ADDITIVE_CANDIDATE
GAUNTLET_103_HYBRID_WR_TE_THREE_65_ROLE_AGE__PLUS_SNAPDEPTH_RECOPP_PCT025_050,nflverse_snap_depth_role+prior_sidecars,3335,0.749,0.013,-0.006,rows=781;candidate_error=1.8%;pyf_error=2.2%,rows=781;candidate_error=1.8%;pyf_error=2.2%,older_late_rows=216;young_early_rows=1748,high_role_rows=850;low_sparse_role_rows=1028,partial_coverage_not_full_2013_2025_comparable,ADDITIVE_CANDIDATE
GAUNTLET_103_HYBRID_WR_TE_THREE_65_ROLE_AGE__PLUS_SNAPDEPTH_FFOP_NGS_PCT025_050_025,nflverse_snap_depth_role+prior_sidecars,554,0.757,0.014,0.002,rows=42;candidate_error=7.1%;pyf_error=7.1%,rows=42;candidate_error=7.1%;pyf_error=7.1%,older_late_rows=34;young_early_rows=259,high_role_rows=209;low_sparse_role_rows=47,partial_coverage_not_full_2013_2025_comparable,INTERACTION_ONLY
GAUNTLET_103_HYBRID_WR_TE_THREE_65_ROLE_AGE__PLUS_SNAPDEPTH_FFOP_NGS_PCT050_025_025,nflverse_snap_depth_role+prior_sidecars,554,0.758,0.015,0.003,rows=42;candidate_error=7.1%;pyf_error=7.1%,rows=42;candidate_error=7.1%;pyf_error=7.1%,older_late_rows=34;young_early_rows=259,high_role_rows=209;low_sparse_role_rows=47,partial_coverage_not_full_2013_2025_comparable,INTERACTION_ONLY
GAUNTLET_103_HYBRID_WR_TE_THREE_65_ROLE_AGE__PLUS_SNAPDEPTH_RECOPP_FFOP_PCT025_025_050,nflverse_snap_depth_role+prior_sidecars,1056,0.781,0.006,0.026,rows=226;candidate_error=1.8%;pyf_error=1.8%,rows=226;candidate_error=1.8%;pyf_error=1.8%,older_late_rows=62;young_early_rows=533,high_role_rows=278;low_sparse_role_rows=295,partial_coverage_not_full_2013_2025_comparable,INTERACTION_ONLY
GAUNTLET_103_HYBRID_WR_TE_THREE_65_ROLE_AGE__PLUS_SNAPDEPTH_RECOPP_FFOP_PCT050_025_025,nflverse_snap_depth_role+prior_sidecars,1056,0.781,0.006,0.026,rows=226;candidate_error=1.8%;pyf_error=1.8%,rows=226;candidate_error=1.8%;pyf_error=1.8%,older_late_rows=62;young_early_rows=533,high_role_rows=278;low_sparse_role_rows=295,partial_coverage_not_full_2013_2025_comparable,INTERACTION_ONLY
GAUNTLET_103_HYBRID_WR_TE_THREE_65_ROLE_AGE__PLUS_SNAPDEPTH_EPA_RECOPP_PCT025_025_050,nflverse_snap_depth_role+prior_sidecars,3228,0.741,0.014,-0.014,rows=692;candidate_error=2.0%;pyf_error=2.5%,rows=692;candidate_error=2.0%;pyf_error=2.5%,older_late_rows=207;young_early_rows=1680,high_role_rows=850;low_sparse_role_rows=921,partial_coverage_not_full_2013_2025_comparable,ADDITIVE_CANDIDATE
GAUNTLET_103_HYBRID_WR_TE_THREE_65_ROLE_AGE__PLUS_SNAPDEPTH_EPA_RECOPP_PCT050_025_025,nflverse_snap_depth_role+prior_sidecars,3228,0.741,0.014,-0.014,rows=692;candidate_error=2.0%;pyf_error=2.5%,rows=692;candidate_error=2.0%;pyf_error=2.5%,older_late_rows=207;young_early_rows=1680,high_role_rows=850;low_sparse_role_rows=921,partial_coverage_not_full_2013_2025_comparable,ADDITIVE_CANDIDATE
GAUNTLET_094_ROLE_WR_TE_TARGET_ROLE_REPORT__PLUS_SNAPDEPTH_FFOP_PCT025_025,nflverse_snap_depth_role+prior_sidecars,1056,0.780,0.005,0.025,rows=226;candidate_error=2.2%;pyf_error=1.8%,rows=226;candidate_error=2.2%;pyf_error=1.8%,older_late_rows=62;young_early_rows=533,high_role_rows=278;low_sparse_role_rows=295,partial_coverage_not_full_2013_2025_comparable,INTERACTION_ONLY
GAUNTLET_094_ROLE_WR_TE_TARGET_ROLE_REPORT__PLUS_SNAPDEPTH_FFOP_PCT050_050,nflverse_snap_depth_role+prior_sidecars,1056,0.780,0.005,0.025,rows=226;candidate_error=1.8%;pyf_error=1.8%,rows=226;candidate_error=1.8%;pyf_error=1.8%,older_late_rows=62;young_early_rows=533,high_role_rows=278;low_sparse_role_rows=295,partial_coverage_not_full_2013_2025_comparable,INTERACTION_ONLY
GAUNTLET_094_ROLE_WR_TE_TARGET_ROLE_REPORT__PLUS_SNAPDEPTH_FFOP_PCT050_025,nflverse_snap_depth_role+prior_sidecars,1056,0.780,0.005,0.025,rows=226;candidate_error=2.2%;pyf_error=1.8%,rows=226;candidate_error=2.2%;pyf_error=1.8%,older_late_rows=62;young_early_rows=533,high_role_rows=278;low_sparse_role_rows=295,partial_coverage_not_full_2013_2025_comparable,INTERACTION_ONLY
GAUNTLET_094_ROLE_WR_TE_TARGET_ROLE_REPORT__PLUS_SNAPDEPTH_FFOP_PCT025_050,nflverse_snap_depth_role+prior_sidecars,1056,0.780,0.005,0.025,rows=226;candidate_error=2.2%;pyf_error=1.8%,rows=226;candidate_error=2.2%;pyf_error=1.8%,older_late_rows=62;young_early_rows=533,high_role_rows=278;low_sparse_role_rows=295,partial_coverage_not_full_2013_2025_comparable,INTERACTION_ONLY
GAUNTLET_094_ROLE_WR_TE_TARGET_ROLE_REPORT__PLUS_SNAPDEPTH_NGS_PCT025_025,nflverse_snap_depth_role+prior_sidecars,554,0.755,0.013,0.000,rows=42;candidate_error=7.1%;pyf_error=7.1%,rows=42;candidate_error=7.1%;pyf_error=7.1%,older_late_rows=34;young_early_rows=259,high_role_rows=209;low_sparse_role_rows=47,partial_coverage_not_full_2013_2025_comparable,INTERACTION_ONLY
GAUNTLET_094_ROLE_WR_TE_TARGET_ROLE_REPORT__PLUS_SNAPDEPTH_NGS_PCT050_050,nflverse_snap_depth_role+prior_sidecars,554,0.758,0.015,0.003,rows=42;candidate_error=7.1%;pyf_error=7.1%,rows=42;candidate_error=7.1%;pyf_error=7.1%,older_late_rows=34;young_early_rows=259,high_role_rows=209;low_sparse_role_rows=47,partial_coverage_not_full_2013_2025_comparable,INTERACTION_ONLY
GAUNTLET_094_ROLE_WR_TE_TARGET_ROLE_REPORT__PLUS_SNAPDEPTH_NGS_PCT050_025,nflverse_snap_depth_role+prior_sidecars,554,0.757,0.014,0.002,rows=42;candidate_error=7.1%;pyf_error=7.1%,rows=42;candidate_error=7.1%;pyf_error=7.1%,older_late_rows=34;young_early_rows=259,high_role_rows=209;low_sparse_role_rows=47,partial_coverage_not_full_2013_2025_comparable,INTERACTION_ONLY
GAUNTLET_094_ROLE_WR_TE_TARGET_ROLE_REPORT__PLUS_SNAPDEPTH_NGS_PCT025_050,nflverse_snap_depth_role+prior_sidecars,554,0.757,0.014,0.002,rows=42;candidate_error=7.1%;pyf_error=7.1%,rows=42;candidate_error=7.1%;pyf_error=7.1%,older_late_rows=34;young_early_rows=259,high_role_rows=209;low_sparse_role_rows=47,partial_coverage_not_full_2013_2025_comparable,INTERACTION_ONLY
GAUNTLET_094_ROLE_WR_TE_TARGET_ROLE_REPORT__PLUS_SNAPDEPTH_EPA_PCT025_025,nflverse_snap_depth_role+prior_sidecars,3228,0.740,0.013,-0.015,rows=692;candidate_error=2.0%;pyf_error=2.5%,rows=692;candidate_error=2.0%;pyf_error=2.5%,older_late_rows=207;young_early_rows=1680,high_role_rows=850;low_sparse_role_rows=921,partial_coverage_not_full_2013_2025_comparable,ADDITIVE_CANDIDATE
GAUNTLET_094_ROLE_WR_TE_TARGET_ROLE_REPORT__PLUS_SNAPDEPTH_EPA_PCT050_050,nflverse_snap_depth_role+prior_sidecars,3228,0.740,0.013,-0.015,rows=692;candidate_error=2.0%;pyf_error=2.5%,rows=692;candidate_error=2.0%;pyf_error=2.5%,older_late_rows=207;young_early_rows=1680,high_role_rows=850;low_sparse_role_rows=921,partial_coverage_not_full_2013_2025_comparable,ADDITIVE_CANDIDATE
GAUNTLET_094_ROLE_WR_TE_TARGET_ROLE_REPORT__PLUS_SNAPDEPTH_EPA_PCT050_025,nflverse_snap_depth_role+prior_sidecars,3228,0.740,0.013,-0.015,rows=692;candidate_error=2.0%;pyf_error=2.5%,rows=692;candidate_error=2.0%;pyf_error=2.5%,older_late_rows=207;young_early_rows=1680,high_role_rows=850;low_sparse_role_rows=921,partial_coverage_not_full_2013_2025_comparable,ADDITIVE_CANDIDATE
GAUNTLET_094_ROLE_WR_TE_TARGET_ROLE_REPORT__PLUS_SNAPDEPTH_EPA_PCT025_050,nflverse_snap_depth_role+prior_sidecars,3228,0.740,0.013,-0.015,rows=692;candidate_error=2.0%;pyf_error=2.5%,rows=692;candidate_error=2.0%;pyf_error=2.5%,older_late_rows=207;young_early_rows=1680,high_role_rows=850;low_sparse_role_rows=921,partial_coverage_not_full_2013_2025_comparable,ADDITIVE_CANDIDATE
GAUNTLET_094_ROLE_WR_TE_TARGET_ROLE_REPORT__PLUS_SNAPDEPTH_RECOPP_PCT025_025,nflverse_snap_depth_role+prior_sidecars,3335,0.748,0.012,-0.007,rows=781;candidate_error=1.9%;pyf_error=2.2%,rows=781;candidate_error=1.9%;pyf_error=2.2%,older_late_rows=216;young_early_rows=1748,high_role_rows=850;low_sparse_role_rows=1028,partial_coverage_not_full_2013_2025_comparable,ADDITIVE_CANDIDATE
GAUNTLET_094_ROLE_WR_TE_TARGET_ROLE_REPORT__PLUS_SNAPDEPTH_RECOPP_PCT050_050,nflverse_snap_depth_role+prior_sidecars,3335,0.748,0.012,-0.007,rows=781;candidate_error=1.8%;pyf_error=2.2%,rows=781;candidate_error=1.8%;pyf_error=2.2%,older_late_rows=216;young_early_rows=1748,high_role_rows=850;low_sparse_role_rows=1028,partial_coverage_not_full_2013_2025_comparable,ADDITIVE_CANDIDATE
GAUNTLET_094_ROLE_WR_TE_TARGET_ROLE_REPORT__PLUS_SNAPDEPTH_RECOPP_PCT050_025,nflverse_snap_depth_role+prior_sidecars,3335,0.748,0.012,-0.007,rows=781;candidate_error=1.8%;pyf_error=2.2%,rows=781;candidate_error=1.8%;pyf_error=2.2%,older_late_rows=216;young_early_rows=1748,high_role_rows=850;low_sparse_role_rows=1028,partial_coverage_not_full_2013_2025_comparable,ADDITIVE_CANDIDATE
GAUNTLET_094_ROLE_WR_TE_TARGET_ROLE_REPORT__PLUS_SNAPDEPTH_RECOPP_PCT025_050,nflverse_snap_depth_role+prior_sidecars,3335,0.748,0.012,-0.007,rows=781;candidate_error=1.8%;pyf_error=2.2%,rows=781;candidate_error=1.8%;pyf_error=2.2%,older_late_rows=216;young_early_rows=1748,high_role_rows=850;low_sparse_role_rows=1028,partial_coverage_not_full_2013_2025_comparable,ADDITIVE_CANDIDATE
GAUNTLET_094_ROLE_WR_TE_TARGET_ROLE_REPORT__PLUS_SNAPDEPTH_FFOP_NGS_PCT025_050_025,nflverse_snap_depth_role+prior_sidecars,554,0.757,0.014,0.002,rows=42;candidate_error=7.1%;pyf_error=7.1%,rows=42;candidate_error=7.1%;pyf_error=7.1%,older_late_rows=34;young_early_rows=259,high_role_rows=209;low_sparse_role_rows=47,partial_coverage_not_full_2013_2025_comparable,INTERACTION_ONLY
GAUNTLET_094_ROLE_WR_TE_TARGET_ROLE_REPORT__PLUS_SNAPDEPTH_FFOP_NGS_PCT050_025_025,nflverse_snap_depth_role+prior_sidecars,554,0.756,0.014,0.001,rows=42;candidate_error=7.1%;pyf_error=7.1%,rows=42;candidate_error=7.1%;pyf_error=7.1%,older_late_rows=34;young_early_rows=259,high_role_rows=209;low_sparse_role_rows=47,partial_coverage_not_full_2013_2025_comparable,INTERACTION_ONLY
GAUNTLET_094_ROLE_WR_TE_TARGET_ROLE_REPORT__PLUS_SNAPDEPTH_RECOPP_FFOP_PCT025_025_050,nflverse_snap_depth_role+prior_sidecars,1056,0.781,0.005,0.026,rows=226;candidate_error=1.8%;pyf_error=1.8%,rows=226;candidate_error=1.8%;pyf_error=1.8%,older_late_rows=62;young_early_rows=533,high_role_rows=278;low_sparse_role_rows=295,partial_coverage_not_full_2013_2025_comparable,INTERACTION_ONLY
GAUNTLET_094_ROLE_WR_TE_TARGET_ROLE_REPORT__PLUS_SNAPDEPTH_RECOPP_FFOP_PCT050_025_025,nflverse_snap_depth_role+prior_sidecars,1056,0.780,0.005,0.025,rows=226;candidate_error=1.8%;pyf_error=1.8%,rows=226;candidate_error=1.8%;pyf_error=1.8%,older_late_rows=62;young_early_rows=533,high_role_rows=278;low_sparse_role_rows=295,partial_coverage_not_full_2013_2025_comparable,INTERACTION_ONLY
GAUNTLET_094_ROLE_WR_TE_TARGET_ROLE_REPORT__PLUS_SNAPDEPTH_EPA_RECOPP_PCT025_025_050,nflverse_snap_depth_role+prior_sidecars,3228,0.740,0.013,-0.015,rows=692;candidate_error=2.0%;pyf_error=2.5%,rows=692;candidate_error=2.0%;pyf_error=2.5%,older_late_rows=207;young_early_rows=1680,high_role_rows=850;low_sparse_role_rows=921,partial_coverage_not_full_2013_2025_comparable,ADDITIVE_CANDIDATE
GAUNTLET_094_ROLE_WR_TE_TARGET_ROLE_REPORT__PLUS_SNAPDEPTH_EPA_RECOPP_PCT050_025_025,nflverse_snap_depth_role+prior_sidecars,3228,0.740,0.013,-0.015,rows=692;candidate_error=1.9%;pyf_error=2.5%,rows=692;candidate_error=1.9%;pyf_error=2.5%,older_late_rows=207;young_early_rows=1680,high_role_rows=850;low_sparse_role_rows=921,partial_coverage_not_full_2013_2025_comparable,ADDITIVE_CANDIDATE
GAUNTLET_039_QB_THREE_55_30_15__PLUS_SNAPDEPTH_FFOP_PCT025_025,nflverse_snap_depth_role+prior_sidecars,256,0.709,0.034,-0.046,rows=120;candidate_error=1.7%;pyf_error=1.7%,rows=120;candidate_error=1.7%;pyf_error=1.7%,older_late_rows=57;young_early_rows=81,high_role_rows=65;low_sparse_role_rows=122,partial_coverage_not_full_2013_2025_comparable,INTERACTION_ONLY
GAUNTLET_039_QB_THREE_55_30_15__PLUS_SNAPDEPTH_FFOP_PCT050_050,nflverse_snap_depth_role+prior_sidecars,256,0.707,0.033,-0.048,rows=120;candidate_error=1.7%;pyf_error=1.7%,rows=120;candidate_error=1.7%;pyf_error=1.7%,older_late_rows=57;young_early_rows=81,high_role_rows=65;low_sparse_role_rows=122,partial_coverage_not_full_2013_2025_comparable,INTERACTION_ONLY
GAUNTLET_039_QB_THREE_55_30_15__PLUS_SNAPDEPTH_FFOP_PCT050_025,nflverse_snap_depth_role+prior_sidecars,256,0.708,0.033,-0.047,rows=120;candidate_error=1.7%;pyf_error=1.7%,rows=120;candidate_error=1.7%;pyf_error=1.7%,older_late_rows=57;young_early_rows=81,high_role_rows=65;low_sparse_role_rows=122,partial_coverage_not_full_2013_2025_comparable,INTERACTION_ONLY
GAUNTLET_039_QB_THREE_55_30_15__PLUS_SNAPDEPTH_FFOP_PCT025_050,nflverse_snap_depth_role+prior_sidecars,256,0.708,0.034,-0.047,rows=120;candidate_error=1.7%;pyf_error=1.7%,rows=120;candidate_error=1.7%;pyf_error=1.7%,older_late_rows=57;young_early_rows=81,high_role_rows=65;low_sparse_role_rows=122,partial_coverage_not_full_2013_2025_comparable,INTERACTION_ONLY
GAUNTLET_039_QB_THREE_55_30_15__PLUS_SNAPDEPTH_NGS_PCT025_025,nflverse_snap_depth_role+prior_sidecars,163,0.678,0.026,-0.077,rows=61;candidate_error=1.6%;pyf_error=1.6%,rows=61;candidate_error=1.6%;pyf_error=1.6%,older_late_rows=33;young_early_rows=52,high_role_rows=51;low_sparse_role_rows=62,partial_coverage_not_full_2013_2025_comparable,INTERACTION_ONLY
GAUNTLET_039_QB_THREE_55_30_15__PLUS_SNAPDEPTH_NGS_PCT050_050,nflverse_snap_depth_role+prior_sidecars,163,0.679,0.026,-0.076,rows=61;candidate_error=1.6%;pyf_error=1.6%,rows=61;candidate_error=1.6%;pyf_error=1.6%,older_late_rows=33;young_early_rows=52,high_role_rows=51;low_sparse_role_rows=62,partial_coverage_not_full_2013_2025_comparable,INTERACTION_ONLY
GAUNTLET_039_QB_THREE_55_30_15__PLUS_SNAPDEPTH_NGS_PCT050_025,nflverse_snap_depth_role+prior_sidecars,163,0.678,0.026,-0.077,rows=61;candidate_error=1.6%;pyf_error=1.6%,rows=61;candidate_error=1.6%;pyf_error=1.6%,older_late_rows=33;young_early_rows=52,high_role_rows=51;low_sparse_role_rows=62,partial_coverage_not_full_2013_2025_comparable,INTERACTION_ONLY
GAUNTLET_039_QB_THREE_55_30_15__PLUS_SNAPDEPTH_NGS_PCT025_050,nflverse_snap_depth_role+prior_sidecars,163,0.678,0.026,-0.077,rows=61;candidate_error=1.6%;pyf_error=1.6%,rows=61;candidate_error=1.6%;pyf_error=1.6%,older_late_rows=33;young_early_rows=52,high_role_rows=51;low_sparse_role_rows=62,partial_coverage_not_full_2013_2025_comparable,INTERACTION_ONLY
GAUNTLET_039_QB_THREE_55_30_15__PLUS_SNAPDEPTH_EPA_PCT025_025,nflverse_snap_depth_role+prior_sidecars,743,0.735,0.023,-0.020,rows=317;candidate_error=3.5%;pyf_error=3.5%,rows=317;candidate_error=3.5%;pyf_error=3.5%,older_late_rows=208;young_early_rows=251,high_role_rows=194;low_sparse_role_rows=325,partial_coverage_not_full_2013_2025_comparable,ADDITIVE_CANDIDATE
GAUNTLET_039_QB_THREE_55_30_15__PLUS_SNAPDEPTH_EPA_PCT050_050,nflverse_snap_depth_role+prior_sidecars,743,0.737,0.025,-0.018,rows=317;candidate_error=3.5%;pyf_error=3.5%,rows=317;candidate_error=3.5%;pyf_error=3.5%,older_late_rows=208;young_early_rows=251,high_role_rows=194;low_sparse_role_rows=325,partial_coverage_not_full_2013_2025_comparable,ADDITIVE_CANDIDATE
GAUNTLET_039_QB_THREE_55_30_15__PLUS_SNAPDEPTH_EPA_PCT050_025,nflverse_snap_depth_role+prior_sidecars,743,0.735,0.023,-0.020,rows=317;candidate_error=3.5%;pyf_error=3.5%,rows=317;candidate_error=3.5%;pyf_error=3.5%,older_late_rows=208;young_early_rows=251,high_role_rows=194;low_sparse_role_rows=325,partial_coverage_not_full_2013_2025_comparable,ADDITIVE_CANDIDATE
GAUNTLET_039_QB_THREE_55_30_15__PLUS_SNAPDEPTH_EPA_PCT025_050,nflverse_snap_depth_role+prior_sidecars,743,0.736,0.024,-0.019,rows=317;candidate_error=3.5%;pyf_error=3.5%,rows=317;candidate_error=3.5%;pyf_error=3.5%,older_late_rows=208;young_early_rows=251,high_role_rows=194;low_sparse_role_rows=325,partial_coverage_not_full_2013_2025_comparable,ADDITIVE_CANDIDATE
GAUNTLET_039_QB_THREE_55_30_15__PLUS_SNAPDEPTH_RECOPP_PCT025_025,nflverse_snap_depth_role+prior_sidecars,754,0.736,0.025,-0.019,rows=328;candidate_error=3.4%;pyf_error=3.4%,rows=328;candidate_error=3.4%;pyf_error=3.4%,older_late_rows=212;young_early_rows=254,high_role_rows=194;low_sparse_role_rows=336,partial_coverage_not_full_2013_2025_comparable,ADDITIVE_CANDIDATE
GAUNTLET_039_QB_THREE_55_30_15__PLUS_SNAPDEPTH_RECOPP_PCT050_050,nflverse_snap_depth_role+prior_sidecars,754,0.737,0.026,-0.018,rows=328;candidate_error=3.4%;pyf_error=3.4%,rows=328;candidate_error=3.4%;pyf_error=3.4%,older_late_rows=212;young_early_rows=254,high_role_rows=194;low_sparse_role_rows=336,partial_coverage_not_full_2013_2025_comparable,ADDITIVE_CANDIDATE
GAUNTLET_039_QB_THREE_55_30_15__PLUS_SNAPDEPTH_RECOPP_PCT050_025,nflverse_snap_depth_role+prior_sidecars,754,0.736,0.025,-0.019,rows=328;candidate_error=3.4%;pyf_error=3.4%,rows=328;candidate_error=3.4%;pyf_error=3.4%,older_late_rows=212;young_early_rows=254,high_role_rows=194;low_sparse_role_rows=336,partial_coverage_not_full_2013_2025_comparable,ADDITIVE_CANDIDATE
GAUNTLET_039_QB_THREE_55_30_15__PLUS_SNAPDEPTH_RECOPP_PCT025_050,nflverse_snap_depth_role+prior_sidecars,754,0.738,0.026,-0.017,rows=328;candidate_error=3.4%;pyf_error=3.4%,rows=328;candidate_error=3.4%;pyf_error=3.4%,older_late_rows=212;young_early_rows=254,high_role_rows=194;low_sparse_role_rows=336,partial_coverage_not_full_2013_2025_comparable,ADDITIVE_CANDIDATE
GAUNTLET_039_QB_THREE_55_30_15__PLUS_SNAPDEPTH_FFOP_NGS_PCT025_050_025,nflverse_snap_depth_role+prior_sidecars,163,0.677,0.025,-0.078,rows=61;candidate_error=1.6%;pyf_error=1.6%,rows=61;candidate_error=1.6%;pyf_error=1.6%,older_late_rows=33;young_early_rows=52,high_role_rows=51;low_sparse_role_rows=62,partial_coverage_not_full_2013_2025_comparable,INTERACTION_ONLY
GAUNTLET_039_QB_THREE_55_30_15__PLUS_SNAPDEPTH_FFOP_NGS_PCT050_025_025,nflverse_snap_depth_role+prior_sidecars,163,0.679,0.026,-0.076,rows=61;candidate_error=1.6%;pyf_error=1.6%,rows=61;candidate_error=1.6%;pyf_error=1.6%,older_late_rows=33;young_early_rows=52,high_role_rows=51;low_sparse_role_rows=62,partial_coverage_not_full_2013_2025_comparable,INTERACTION_ONLY
GAUNTLET_039_QB_THREE_55_30_15__PLUS_SNAPDEPTH_RECOPP_FFOP_PCT025_025_050,nflverse_snap_depth_role+prior_sidecars,256,0.709,0.035,-0.046,rows=120;candidate_error=1.7%;pyf_error=1.7%,rows=120;candidate_error=1.7%;pyf_error=1.7%,older_late_rows=57;young_early_rows=81,high_role_rows=65;low_sparse_role_rows=122,partial_coverage_not_full_2013_2025_comparable,INTERACTION_ONLY
GAUNTLET_039_QB_THREE_55_30_15__PLUS_SNAPDEPTH_RECOPP_FFOP_PCT050_025_025,nflverse_snap_depth_role+prior_sidecars,256,0.708,0.034,-0.047,rows=120;candidate_error=1.7%;pyf_error=1.7%,rows=120;candidate_error=1.7%;pyf_error=1.7%,older_late_rows=57;young_early_rows=81,high_role_rows=65;low_sparse_role_rows=122,partial_coverage_not_full_2013_2025_comparable,INTERACTION_ONLY
GAUNTLET_039_QB_THREE_55_30_15__PLUS_SNAPDEPTH_EPA_RECOPP_PCT025_025_050,nflverse_snap_depth_role+prior_sidecars,743,0.737,0.025,-0.018,rows=317;candidate_error=3.5%;pyf_error=3.5%,rows=317;candidate_error=3.5%;pyf_error=3.5%,older_late_rows=208;young_early_rows=251,high_role_rows=194;low_sparse_role_rows=325,partial_coverage_not_full_2013_2025_comparable,ADDITIVE_CANDIDATE
GAUNTLET_039_QB_THREE_55_30_15__PLUS_SNAPDEPTH_EPA_RECOPP_PCT050_025_025,nflverse_snap_depth_role+prior_sidecars,743,0.736,0.024,-0.019,rows=317;candidate_error=3.5%;pyf_error=3.5%,rows=317;candidate_error=3.5%;pyf_error=3.5%,older_late_rows=208;young_early_rows=251,high_role_rows=194;low_sparse_role_rows=325,partial_coverage_not_full_2013_2025_comparable,ADDITIVE_CANDIDATE
GAUNTLET_101_HYBRID_QB_THREE_55_AGE_ROLE__PLUS_SNAPDEPTH_FFOP_PCT025_025,nflverse_snap_depth_role+prior_sidecars,256,0.708,0.034,-0.047,rows=120;candidate_error=1.7%;pyf_error=1.7%,rows=120;candidate_error=1.7%;pyf_error=1.7%,older_late_rows=57;young_early_rows=81,high_role_rows=65;low_sparse_role_rows=122,partial_coverage_not_full_2013_2025_comparable,INTERACTION_ONLY
GAUNTLET_101_HYBRID_QB_THREE_55_AGE_ROLE__PLUS_SNAPDEPTH_FFOP_PCT050_050,nflverse_snap_depth_role+prior_sidecars,256,0.706,0.031,-0.049,rows=120;candidate_error=1.7%;pyf_error=1.7%,rows=120;candidate_error=1.7%;pyf_error=1.7%,older_late_rows=57;young_early_rows=81,high_role_rows=65;low_sparse_role_rows=122,partial_coverage_not_full_2013_2025_comparable,INTERACTION_ONLY
GAUNTLET_101_HYBRID_QB_THREE_55_AGE_ROLE__PLUS_SNAPDEPTH_FFOP_PCT050_025,nflverse_snap_depth_role+prior_sidecars,256,0.708,0.033,-0.047,rows=120;candidate_error=1.7%;pyf_error=1.7%,rows=120;candidate_error=1.7%;pyf_error=1.7%,older_late_rows=57;young_early_rows=81,high_role_rows=65;low_sparse_role_rows=122,partial_coverage_not_full_2013_2025_comparable,INTERACTION_ONLY
GAUNTLET_101_HYBRID_QB_THREE_55_AGE_ROLE__PLUS_SNAPDEPTH_FFOP_PCT025_050,nflverse_snap_depth_role+prior_sidecars,256,0.708,0.034,-0.047,rows=120;candidate_error=1.7%;pyf_error=1.7%,rows=120;candidate_error=1.7%;pyf_error=1.7%,older_late_rows=57;young_early_rows=81,high_role_rows=65;low_sparse_role_rows=122,partial_coverage_not_full_2013_2025_comparable,INTERACTION_ONLY
GAUNTLET_101_HYBRID_QB_THREE_55_AGE_ROLE__PLUS_SNAPDEPTH_NGS_PCT025_025,nflverse_snap_depth_role+prior_sidecars,163,0.679,0.027,-0.076,rows=61;candidate_error=1.6%;pyf_error=1.6%,rows=61;candidate_error=1.6%;pyf_error=1.6%,older_late_rows=33;young_early_rows=52,high_role_rows=51;low_sparse_role_rows=62,partial_coverage_not_full_2013_2025_comparable,INTERACTION_ONLY
GAUNTLET_101_HYBRID_QB_THREE_55_AGE_ROLE__PLUS_SNAPDEPTH_NGS_PCT050_050,nflverse_snap_depth_role+prior_sidecars,163,0.683,0.030,-0.072,rows=61;candidate_error=1.6%;pyf_error=1.6%,rows=61;candidate_error=1.6%;pyf_error=1.6%,older_late_rows=33;young_early_rows=52,high_role_rows=51;low_sparse_role_rows=62,partial_coverage_not_full_2013_2025_comparable,INTERACTION_ONLY
GAUNTLET_101_HYBRID_QB_THREE_55_AGE_ROLE__PLUS_SNAPDEPTH_NGS_PCT050_025,nflverse_snap_depth_role+prior_sidecars,163,0.680,0.027,-0.075,rows=61;candidate_error=1.6%;pyf_error=1.6%,rows=61;candidate_error=1.6%;pyf_error=1.6%,older_late_rows=33;young_early_rows=52,high_role_rows=51;low_sparse_role_rows=62,partial_coverage_not_full_2013_2025_comparable,INTERACTION_ONLY
GAUNTLET_101_HYBRID_QB_THREE_55_AGE_ROLE__PLUS_SNAPDEPTH_NGS_PCT025_050,nflverse_snap_depth_role+prior_sidecars,163,0.680,0.028,-0.075,rows=61;candidate_error=1.6%;pyf_error=1.6%,rows=61;candidate_error=1.6%;pyf_error=1.6%,older_late_rows=33;young_early_rows=52,high_role_rows=51;low_sparse_role_rows=62,partial_coverage_not_full_2013_2025_comparable,INTERACTION_ONLY
GAUNTLET_101_HYBRID_QB_THREE_55_AGE_ROLE__PLUS_SNAPDEPTH_EPA_PCT025_025,nflverse_snap_depth_role+prior_sidecars,743,0.736,0.024,-0.019,rows=317;candidate_error=3.5%;pyf_error=3.5%,rows=317;candidate_error=3.5%;pyf_error=3.5%,older_late_rows=208;young_early_rows=251,high_role_rows=194;low_sparse_role_rows=325,partial_coverage_not_full_2013_2025_comparable,ADDITIVE_CANDIDATE
GAUNTLET_101_HYBRID_QB_THREE_55_AGE_ROLE__PLUS_SNAPDEPTH_EPA_PCT050_050,nflverse_snap_depth_role+prior_sidecars,743,0.737,0.025,-0.018,rows=317;candidate_error=3.5%;pyf_error=3.5%,rows=317;candidate_error=3.5%;pyf_error=3.5%,older_late_rows=208;young_early_rows=251,high_role_rows=194;low_sparse_role_rows=325,partial_coverage_not_full_2013_2025_comparable,ADDITIVE_CANDIDATE
GAUNTLET_101_HYBRID_QB_THREE_55_AGE_ROLE__PLUS_SNAPDEPTH_EPA_PCT050_025,nflverse_snap_depth_role+prior_sidecars,743,0.736,0.024,-0.019,rows=317;candidate_error=3.5%;pyf_error=3.5%,rows=317;candidate_error=3.5%;pyf_error=3.5%,older_late_rows=208;young_early_rows=251,high_role_rows=194;low_sparse_role_rows=325,partial_coverage_not_full_2013_2025_comparable,ADDITIVE_CANDIDATE
GAUNTLET_101_HYBRID_QB_THREE_55_AGE_ROLE__PLUS_SNAPDEPTH_EPA_PCT025_050,nflverse_snap_depth_role+prior_sidecars,743,0.736,0.024,-0.019,rows=317;candidate_error=3.5%;pyf_error=3.5%,rows=317;candidate_error=3.5%;pyf_error=3.5%,older_late_rows=208;young_early_rows=251,high_role_rows=194;low_sparse_role_rows=325,partial_coverage_not_full_2013_2025_comparable,ADDITIVE_CANDIDATE
GAUNTLET_101_HYBRID_QB_THREE_55_AGE_ROLE__PLUS_SNAPDEPTH_RECOPP_PCT025_025,nflverse_snap_depth_role+prior_sidecars,754,0.737,0.026,-0.018,rows=328;candidate_error=3.4%;pyf_error=3.4%,rows=328;candidate_error=3.4%;pyf_error=3.4%,older_late_rows=212;young_early_rows=254,high_role_rows=194;low_sparse_role_rows=336,partial_coverage_not_full_2013_2025_comparable,ADDITIVE_CANDIDATE
GAUNTLET_101_HYBRID_QB_THREE_55_AGE_ROLE__PLUS_SNAPDEPTH_RECOPP_PCT050_050,nflverse_snap_depth_role+prior_sidecars,754,0.737,0.025,-0.018,rows=328;candidate_error=3.4%;pyf_error=3.4%,rows=328;candidate_error=3.4%;pyf_error=3.4%,older_late_rows=212;young_early_rows=254,high_role_rows=194;low_sparse_role_rows=336,partial_coverage_not_full_2013_2025_comparable,ADDITIVE_CANDIDATE
GAUNTLET_101_HYBRID_QB_THREE_55_AGE_ROLE__PLUS_SNAPDEPTH_RECOPP_PCT050_025,nflverse_snap_depth_role+prior_sidecars,754,0.737,0.025,-0.018,rows=328;candidate_error=3.4%;pyf_error=3.4%,rows=328;candidate_error=3.4%;pyf_error=3.4%,older_late_rows=212;young_early_rows=254,high_role_rows=194;low_sparse_role_rows=336,partial_coverage_not_full_2013_2025_comparable,ADDITIVE_CANDIDATE
GAUNTLET_101_HYBRID_QB_THREE_55_AGE_ROLE__PLUS_SNAPDEPTH_RECOPP_PCT025_050,nflverse_snap_depth_role+prior_sidecars,754,0.738,0.026,-0.017,rows=328;candidate_error=3.4%;pyf_error=3.4%,rows=328;candidate_error=3.4%;pyf_error=3.4%,older_late_rows=212;young_early_rows=254,high_role_rows=194;low_sparse_role_rows=336,partial_coverage_not_full_2013_2025_comparable,ADDITIVE_CANDIDATE
GAUNTLET_101_HYBRID_QB_THREE_55_AGE_ROLE__PLUS_SNAPDEPTH_FFOP_NGS_PCT025_050_025,nflverse_snap_depth_role+prior_sidecars,163,0.678,0.025,-0.077,rows=61;candidate_error=1.6%;pyf_error=1.6%,rows=61;candidate_error=1.6%;pyf_error=1.6%,older_late_rows=33;young_early_rows=52,high_role_rows=51;low_sparse_role_rows=62,partial_coverage_not_full_2013_2025_comparable,INTERACTION_ONLY
GAUNTLET_101_HYBRID_QB_THREE_55_AGE_ROLE__PLUS_SNAPDEPTH_FFOP_NGS_PCT050_025_025,nflverse_snap_depth_role+prior_sidecars,163,0.679,0.027,-0.076,rows=61;candidate_error=1.6%;pyf_error=1.6%,rows=61;candidate_error=1.6%;pyf_error=1.6%,older_late_rows=33;young_early_rows=52,high_role_rows=51;low_sparse_role_rows=62,partial_coverage_not_full_2013_2025_comparable,INTERACTION_ONLY
GAUNTLET_101_HYBRID_QB_THREE_55_AGE_ROLE__PLUS_SNAPDEPTH_RECOPP_FFOP_PCT025_025_050,nflverse_snap_depth_role+prior_sidecars,256,0.709,0.035,-0.046,rows=120;candidate_error=1.7%;pyf_error=1.7%,rows=120;candidate_error=1.7%;pyf_error=1.7%,older_late_rows=57;young_early_rows=81,high_role_rows=65;low_sparse_role_rows=122,partial_coverage_not_full_2013_2025_comparable,INTERACTION_ONLY
GAUNTLET_101_HYBRID_QB_THREE_55_AGE_ROLE__PLUS_SNAPDEPTH_RECOPP_FFOP_PCT050_025_025,nflverse_snap_depth_role+prior_sidecars,256,0.708,0.034,-0.047,rows=120;candidate_error=1.7%;pyf_error=1.7%,rows=120;candidate_error=1.7%;pyf_error=1.7%,older_late_rows=57;young_early_rows=81,high_role_rows=65;low_sparse_role_rows=122,partial_coverage_not_full_2013_2025_comparable,INTERACTION_ONLY
GAUNTLET_101_HYBRID_QB_THREE_55_AGE_ROLE__PLUS_SNAPDEPTH_EPA_RECOPP_PCT025_025_050,nflverse_snap_depth_role+prior_sidecars,743,0.738,0.026,-0.017,rows=317;candidate_error=3.5%;pyf_error=3.5%,rows=317;candidate_error=3.5%;pyf_error=3.5%,older_late_rows=208;young_early_rows=251,high_role_rows=194;low_sparse_role_rows=325,partial_coverage_not_full_2013_2025_comparable,ADDITIVE_CANDIDATE
GAUNTLET_101_HYBRID_QB_THREE_55_AGE_ROLE__PLUS_SNAPDEPTH_EPA_RECOPP_PCT050_025_025,nflverse_snap_depth_role+prior_sidecars,743,0.737,0.025,-0.018,rows=317;candidate_error=3.5%;pyf_error=3.5%,rows=317;candidate_error=3.5%;pyf_error=3.5%,older_late_rows=208;young_early_rows=251,high_role_rows=194;low_sparse_role_rows=325,partial_coverage_not_full_2013_2025_comparable,ADDITIVE_CANDIDATE
GAUNTLET_038_QB_THREE_60_30_10__PLUS_SNAPDEPTH_FFOP_PCT025_025,nflverse_snap_depth_role+prior_sidecars,256,0.704,0.030,-0.051,rows=120;candidate_error=1.7%;pyf_error=1.7%,rows=120;candidate_error=1.7%;pyf_error=1.7%,older_late_rows=57;young_early_rows=81,high_role_rows=65;low_sparse_role_rows=122,partial_coverage_not_full_2013_2025_comparable,INTERACTION_ONLY
GAUNTLET_038_QB_THREE_60_30_10__PLUS_SNAPDEPTH_FFOP_PCT050_050,nflverse_snap_depth_role+prior_sidecars,256,0.703,0.029,-0.052,rows=120;candidate_error=1.7%;pyf_error=1.7%,rows=120;candidate_error=1.7%;pyf_error=1.7%,older_late_rows=57;young_early_rows=81,high_role_rows=65;low_sparse_role_rows=122,partial_coverage_not_full_2013_2025_comparable,INTERACTION_ONLY
GAUNTLET_038_QB_THREE_60_30_10__PLUS_SNAPDEPTH_FFOP_PCT050_025,nflverse_snap_depth_role+prior_sidecars,256,0.704,0.030,-0.051,rows=120;candidate_error=1.7%;pyf_error=1.7%,rows=120;candidate_error=1.7%;pyf_error=1.7%,older_late_rows=57;young_early_rows=81,high_role_rows=65;low_sparse_role_rows=122,partial_coverage_not_full_2013_2025_comparable,INTERACTION_ONLY
GAUNTLET_038_QB_THREE_60_30_10__PLUS_SNAPDEPTH_FFOP_PCT025_050,nflverse_snap_depth_role+prior_sidecars,256,0.704,0.030,-0.051,rows=120;candidate_error=1.7%;pyf_error=1.7%,rows=120;candidate_error=1.7%;pyf_error=1.7%,older_late_rows=57;young_early_rows=81,high_role_rows=65;low_sparse_role_rows=122,partial_coverage_not_full_2013_2025_comparable,INTERACTION_ONLY
GAUNTLET_038_QB_THREE_60_30_10__PLUS_SNAPDEPTH_NGS_PCT025_025,nflverse_snap_depth_role+prior_sidecars,163,0.676,0.023,-0.079,rows=61;candidate_error=1.6%;pyf_error=1.6%,rows=61;candidate_error=1.6%;pyf_error=1.6%,older_late_rows=33;young_early_rows=52,high_role_rows=51;low_sparse_role_rows=62,partial_coverage_not_full_2013_2025_comparable,INTERACTION_ONLY
GAUNTLET_038_QB_THREE_60_30_10__PLUS_SNAPDEPTH_NGS_PCT050_050,nflverse_snap_depth_role+prior_sidecars,163,0.676,0.023,-0.079,rows=61;candidate_error=1.6%;pyf_error=1.6%,rows=61;candidate_error=1.6%;pyf_error=1.6%,older_late_rows=33;young_early_rows=52,high_role_rows=51;low_sparse_role_rows=62,partial_coverage_not_full_2013_2025_comparable,INTERACTION_ONLY
GAUNTLET_038_QB_THREE_60_30_10__PLUS_SNAPDEPTH_NGS_PCT050_025,nflverse_snap_depth_role+prior_sidecars,163,0.676,0.023,-0.079,rows=61;candidate_error=1.6%;pyf_error=1.6%,rows=61;candidate_error=1.6%;pyf_error=1.6%,older_late_rows=33;young_early_rows=52,high_role_rows=51;low_sparse_role_rows=62,partial_coverage_not_full_2013_2025_comparable,INTERACTION_ONLY
GAUNTLET_038_QB_THREE_60_30_10__PLUS_SNAPDEPTH_NGS_PCT025_050,nflverse_snap_depth_role+prior_sidecars,163,0.675,0.022,-0.080,rows=61;candidate_error=1.6%;pyf_error=1.6%,rows=61;candidate_error=1.6%;pyf_error=1.6%,older_late_rows=33;young_early_rows=52,high_role_rows=51;low_sparse_role_rows=62,partial_coverage_not_full_2013_2025_comparable,INTERACTION_ONLY
GAUNTLET_038_QB_THREE_60_30_10__PLUS_SNAPDEPTH_EPA_PCT025_025,nflverse_snap_depth_role+prior_sidecars,743,0.734,0.022,-0.021,rows=317;candidate_error=3.5%;pyf_error=3.5%,rows=317;candidate_error=3.5%;pyf_error=3.5%,older_late_rows=208;young_early_rows=251,high_role_rows=194;low_sparse_role_rows=325,partial_coverage_not_full_2013_2025_comparable,ADDITIVE_CANDIDATE
GAUNTLET_038_QB_THREE_60_30_10__PLUS_SNAPDEPTH_EPA_PCT050_050,nflverse_snap_depth_role+prior_sidecars,743,0.736,0.024,-0.019,rows=317;candidate_error=3.5%;pyf_error=3.5%,rows=317;candidate_error=3.5%;pyf_error=3.5%,older_late_rows=208;young_early_rows=251,high_role_rows=194;low_sparse_role_rows=325,partial_coverage_not_full_2013_2025_comparable,ADDITIVE_CANDIDATE
GAUNTLET_038_QB_THREE_60_30_10__PLUS_SNAPDEPTH_EPA_PCT050_025,nflverse_snap_depth_role+prior_sidecars,743,0.734,0.022,-0.021,rows=317;candidate_error=3.5%;pyf_error=3.5%,rows=317;candidate_error=3.5%;pyf_error=3.5%,older_late_rows=208;young_early_rows=251,high_role_rows=194;low_sparse_role_rows=325,partial_coverage_not_full_2013_2025_comparable,ADDITIVE_CANDIDATE
GAUNTLET_038_QB_THREE_60_30_10__PLUS_SNAPDEPTH_EPA_PCT025_050,nflverse_snap_depth_role+prior_sidecars,743,0.734,0.022,-0.021,rows=317;candidate_error=3.5%;pyf_error=3.5%,rows=317;candidate_error=3.5%;pyf_error=3.5%,older_late_rows=208;young_early_rows=251,high_role_rows=194;low_sparse_role_rows=325,partial_coverage_not_full_2013_2025_comparable,ADDITIVE_CANDIDATE
GAUNTLET_038_QB_THREE_60_30_10__PLUS_SNAPDEPTH_RECOPP_PCT025_025,nflverse_snap_depth_role+prior_sidecars,754,0.736,0.024,-0.019,rows=328;candidate_error=3.4%;pyf_error=3.4%,rows=328;candidate_error=3.4%;pyf_error=3.4%,older_late_rows=212;young_early_rows=254,high_role_rows=194;low_sparse_role_rows=336,partial_coverage_not_full_2013_2025_comparable,ADDITIVE_CANDIDATE
GAUNTLET_038_QB_THREE_60_30_10__PLUS_SNAPDEPTH_RECOPP_PCT050_050,nflverse_snap_depth_role+prior_sidecars,754,0.735,0.023,-0.020,rows=328;candidate_error=3.4%;pyf_error=3.4%,rows=328;candidate_error=3.4%;pyf_error=3.4%,older_late_rows=212;young_early_rows=254,high_role_rows=194;low_sparse_role_rows=336,partial_coverage_not_full_2013_2025_comparable,ADDITIVE_CANDIDATE
GAUNTLET_038_QB_THREE_60_30_10__PLUS_SNAPDEPTH_RECOPP_PCT050_025,nflverse_snap_depth_role+prior_sidecars,754,0.736,0.024,-0.019,rows=328;candidate_error=3.4%;pyf_error=3.4%,rows=328;candidate_error=3.4%;pyf_error=3.4%,older_late_rows=212;young_early_rows=254,high_role_rows=194;low_sparse_role_rows=336,partial_coverage_not_full_2013_2025_comparable,ADDITIVE_CANDIDATE
GAUNTLET_038_QB_THREE_60_30_10__PLUS_SNAPDEPTH_RECOPP_PCT025_050,nflverse_snap_depth_role+prior_sidecars,754,0.735,0.023,-0.020,rows=328;candidate_error=3.4%;pyf_error=3.4%,rows=328;candidate_error=3.4%;pyf_error=3.4%,older_late_rows=212;young_early_rows=254,high_role_rows=194;low_sparse_role_rows=336,partial_coverage_not_full_2013_2025_comparable,ADDITIVE_CANDIDATE
GAUNTLET_038_QB_THREE_60_30_10__PLUS_SNAPDEPTH_FFOP_NGS_PCT025_050_025,nflverse_snap_depth_role+prior_sidecars,163,0.675,0.023,-0.080,rows=61;candidate_error=1.6%;pyf_error=1.6%,rows=61;candidate_error=1.6%;pyf_error=1.6%,older_late_rows=33;young_early_rows=52,high_role_rows=51;low_sparse_role_rows=62,partial_coverage_not_full_2013_2025_comparable,INTERACTION_ONLY
GAUNTLET_038_QB_THREE_60_30_10__PLUS_SNAPDEPTH_FFOP_NGS_PCT050_025_025,nflverse_snap_depth_role+prior_sidecars,163,0.676,0.023,-0.079,rows=61;candidate_error=1.6%;pyf_error=1.6%,rows=61;candidate_error=1.6%;pyf_error=1.6%,older_late_rows=33;young_early_rows=52,high_role_rows=51;low_sparse_role_rows=62,partial_coverage_not_full_2013_2025_comparable,INTERACTION_ONLY
GAUNTLET_038_QB_THREE_60_30_10__PLUS_SNAPDEPTH_RECOPP_FFOP_PCT025_025_050,nflverse_snap_depth_role+prior_sidecars,256,0.705,0.030,-0.050,rows=120;candidate_error=1.7%;pyf_error=1.7%,rows=120;candidate_error=1.7%;pyf_error=1.7%,older_late_rows=57;young_early_rows=81,high_role_rows=65;low_sparse_role_rows=122,partial_coverage_not_full_2013_2025_comparable,INTERACTION_ONLY
GAUNTLET_038_QB_THREE_60_30_10__PLUS_SNAPDEPTH_RECOPP_FFOP_PCT050_025_025,nflverse_snap_depth_role+prior_sidecars,256,0.705,0.031,-0.050,rows=120;candidate_error=1.7%;pyf_error=1.7%,rows=120;candidate_error=1.7%;pyf_error=1.7%,older_late_rows=57;young_early_rows=81,high_role_rows=65;low_sparse_role_rows=122,partial_coverage_not_full_2013_2025_comparable,INTERACTION_ONLY
GAUNTLET_038_QB_THREE_60_30_10__PLUS_SNAPDEPTH_EPA_RECOPP_PCT025_025_050,nflverse_snap_depth_role+prior_sidecars,743,0.735,0.023,-0.020,rows=317;candidate_error=3.5%;pyf_error=3.5%,rows=317;candidate_error=3.5%;pyf_error=3.5%,older_late_rows=208;young_early_rows=251,high_role_rows=194;low_sparse_role_rows=325,partial_coverage_not_full_2013_2025_comparable,ADDITIVE_CANDIDATE
GAUNTLET_038_QB_THREE_60_30_10__PLUS_SNAPDEPTH_EPA_RECOPP_PCT050_025_025,nflverse_snap_depth_role+prior_sidecars,743,0.735,0.024,-0.020,rows=317;candidate_error=3.5%;pyf_error=3.5%,rows=317;candidate_error=3.5%;pyf_error=3.5%,older_late_rows=208;young_early_rows=251,high_role_rows=194;low_sparse_role_rows=325,partial_coverage_not_full_2013_2025_comparable,ADDITIVE_CANDIDATE
GAUNTLET_003_PRIOR_YEAR_PPG_BASELINE__PLUS_SNAPDEPTH_FFOP_PCT025_025,nflverse_snap_depth_role+prior_sidecars,1740,0.762,-0.016,0.007,rows=437;candidate_error=5.0%;pyf_error=2.5%,rows=437;candidate_error=5.0%;pyf_error=2.5%,older_late_rows=130;young_early_rows=857,high_role_rows=456;low_sparse_role_rows=543,partial_coverage_not_full_2013_2025_comparable,DESCRIPTIVE_ONLY
GAUNTLET_003_PRIOR_YEAR_PPG_BASELINE__PLUS_SNAPDEPTH_FFOP_PCT050_050,nflverse_snap_depth_role+prior_sidecars,1740,0.766,-0.013,0.011,rows=437;candidate_error=4.3%;pyf_error=2.5%,rows=437;candidate_error=4.3%;pyf_error=2.5%,older_late_rows=130;young_early_rows=857,high_role_rows=456;low_sparse_role_rows=543,partial_coverage_not_full_2013_2025_comparable,DESCRIPTIVE_ONLY
GAUNTLET_003_PRIOR_YEAR_PPG_BASELINE__PLUS_SNAPDEPTH_FFOP_PCT050_025,nflverse_snap_depth_role+prior_sidecars,1740,0.764,-0.014,0.009,rows=437;candidate_error=4.8%;pyf_error=2.5%,rows=437;candidate_error=4.8%;pyf_error=2.5%,older_late_rows=130;young_early_rows=857,high_role_rows=456;low_sparse_role_rows=543,partial_coverage_not_full_2013_2025_comparable,DESCRIPTIVE_ONLY
GAUNTLET_003_PRIOR_YEAR_PPG_BASELINE__PLUS_SNAPDEPTH_FFOP_PCT025_050,nflverse_snap_depth_role+prior_sidecars,1740,0.764,-0.015,0.009,rows=437;candidate_error=4.6%;pyf_error=2.5%,rows=437;candidate_error=4.6%;pyf_error=2.5%,older_late_rows=130;young_early_rows=857,high_role_rows=456;low_sparse_role_rows=543,partial_coverage_not_full_2013_2025_comparable,DESCRIPTIVE_ONLY
GAUNTLET_003_PRIOR_YEAR_PPG_BASELINE__PLUS_SNAPDEPTH_NGS_PCT025_025,nflverse_snap_depth_role+prior_sidecars,944,0.710,-0.023,-0.045,rows=128;candidate_error=11.7%;pyf_error=5.5%,rows=128;candidate_error=11.7%;pyf_error=5.5%,older_late_rows=74;young_early_rows=431,high_role_rows=347;low_sparse_role_rows=135,partial_coverage_not_full_2013_2025_comparable,DESCRIPTIVE_ONLY
GAUNTLET_003_PRIOR_YEAR_PPG_BASELINE__PLUS_SNAPDEPTH_NGS_PCT050_050,nflverse_snap_depth_role+prior_sidecars,944,0.713,-0.019,-0.042,rows=128;candidate_error=11.7%;pyf_error=5.5%,rows=128;candidate_error=11.7%;pyf_error=5.5%,older_late_rows=74;young_early_rows=431,high_role_rows=347;low_sparse_role_rows=135,partial_coverage_not_full_2013_2025_comparable,DESCRIPTIVE_ONLY
GAUNTLET_003_PRIOR_YEAR_PPG_BASELINE__PLUS_SNAPDEPTH_NGS_PCT050_025,nflverse_snap_depth_role+prior_sidecars,944,0.712,-0.021,-0.043,rows=128;candidate_error=11.7%;pyf_error=5.5%,rows=128;candidate_error=11.7%;pyf_error=5.5%,older_late_rows=74;young_early_rows=431,high_role_rows=347;low_sparse_role_rows=135,partial_coverage_not_full_2013_2025_comparable,DESCRIPTIVE_ONLY
GAUNTLET_003_PRIOR_YEAR_PPG_BASELINE__PLUS_SNAPDEPTH_NGS_PCT025_050,nflverse_snap_depth_role+prior_sidecars,944,0.711,-0.022,-0.044,rows=128;candidate_error=11.7%;pyf_error=5.5%,rows=128;candidate_error=11.7%;pyf_error=5.5%,older_late_rows=74;young_early_rows=431,high_role_rows=347;low_sparse_role_rows=135,partial_coverage_not_full_2013_2025_comparable,DESCRIPTIVE_ONLY
GAUNTLET_003_PRIOR_YEAR_PPG_BASELINE__PLUS_SNAPDEPTH_EPA_PCT025_025,nflverse_snap_depth_role+prior_sidecars,5360,0.725,-0.008,-0.030,rows=1321;candidate_error=6.7%;pyf_error=3.6%,rows=1321;candidate_error=6.7%;pyf_error=3.6%,older_late_rows=464;young_early_rows=2748,high_role_rows=1405;low_sparse_role_rows=1685,partial_coverage_not_full_2013_2025_comparable,GUARDRAIL_CONTEXT
GAUNTLET_003_PRIOR_YEAR_PPG_BASELINE__PLUS_SNAPDEPTH_EPA_PCT050_050,nflverse_snap_depth_role+prior_sidecars,5360,0.726,-0.007,-0.029,rows=1321;candidate_error=6.4%;pyf_error=3.6%,rows=1321;candidate_error=6.4%;pyf_error=3.6%,older_late_rows=464;young_early_rows=2748,high_role_rows=1405;low_sparse_role_rows=1685,partial_coverage_not_full_2013_2025_comparable,GUARDRAIL_CONTEXT
GAUNTLET_003_PRIOR_YEAR_PPG_BASELINE__PLUS_SNAPDEPTH_EPA_PCT050_025,nflverse_snap_depth_role+prior_sidecars,5360,0.726,-0.006,-0.029,rows=1321;candidate_error=6.6%;pyf_error=3.6%,rows=1321;candidate_error=6.6%;pyf_error=3.6%,older_late_rows=464;young_early_rows=2748,high_role_rows=1405;low_sparse_role_rows=1685,partial_coverage_not_full_2013_2025_comparable,GUARDRAIL_CONTEXT
GAUNTLET_003_PRIOR_YEAR_PPG_BASELINE__PLUS_SNAPDEPTH_EPA_PCT025_050,nflverse_snap_depth_role+prior_sidecars,5360,0.725,-0.008,-0.030,rows=1321;candidate_error=6.8%;pyf_error=3.6%,rows=1321;candidate_error=6.8%;pyf_error=3.6%,older_late_rows=464;young_early_rows=2748,high_role_rows=1405;low_sparse_role_rows=1685,partial_coverage_not_full_2013_2025_comparable,GUARDRAIL_CONTEXT
GAUNTLET_003_PRIOR_YEAR_PPG_BASELINE__PLUS_SNAPDEPTH_RECOPP_PCT025_025,nflverse_snap_depth_role+prior_sidecars,5518,0.735,-0.006,-0.020,rows=1453;candidate_error=6.0%;pyf_error=3.3%,rows=1453;candidate_error=6.0%;pyf_error=3.3%,older_late_rows=478;young_early_rows=2846,high_role_rows=1405;low_sparse_role_rows=1843,none,GUARDRAIL_CONTEXT
GAUNTLET_003_PRIOR_YEAR_PPG_BASELINE__PLUS_SNAPDEPTH_RECOPP_PCT050_050,nflverse_snap_depth_role+prior_sidecars,5518,0.737,-0.004,-0.018,rows=1453;candidate_error=5.7%;pyf_error=3.3%,rows=1453;candidate_error=5.7%;pyf_error=3.3%,older_late_rows=478;young_early_rows=2846,high_role_rows=1405;low_sparse_role_rows=1843,none,GUARDRAIL_CONTEXT
GAUNTLET_003_PRIOR_YEAR_PPG_BASELINE__PLUS_SNAPDEPTH_RECOPP_PCT050_025,nflverse_snap_depth_role+prior_sidecars,5518,0.736,-0.005,-0.019,rows=1453;candidate_error=5.9%;pyf_error=3.3%,rows=1453;candidate_error=5.9%;pyf_error=3.3%,older_late_rows=478;young_early_rows=2846,high_role_rows=1405;low_sparse_role_rows=1843,none,GUARDRAIL_CONTEXT
GAUNTLET_003_PRIOR_YEAR_PPG_BASELINE__PLUS_SNAPDEPTH_RECOPP_PCT025_050,nflverse_snap_depth_role+prior_sidecars,5518,0.736,-0.005,-0.019,rows=1453;candidate_error=5.8%;pyf_error=3.3%,rows=1453;candidate_error=5.8%;pyf_error=3.3%,older_late_rows=478;young_early_rows=2846,high_role_rows=1405;low_sparse_role_rows=1843,none,GUARDRAIL_CONTEXT
GAUNTLET_003_PRIOR_YEAR_PPG_BASELINE__PLUS_SNAPDEPTH_FFOP_NGS_PCT025_050_025,nflverse_snap_depth_role+prior_sidecars,943,0.715,-0.018,-0.040,rows=128;candidate_error=10.9%;pyf_error=5.5%,rows=128;candidate_error=10.9%;pyf_error=5.5%,older_late_rows=74;young_early_rows=431,high_role_rows=347;low_sparse_role_rows=135,partial_coverage_not_full_2013_2025_comparable,DESCRIPTIVE_ONLY
GAUNTLET_003_PRIOR_YEAR_PPG_BASELINE__PLUS_SNAPDEPTH_FFOP_NGS_PCT050_025_025,nflverse_snap_depth_role+prior_sidecars,943,0.714,-0.018,-0.041,rows=128;candidate_error=10.9%;pyf_error=5.5%,rows=128;candidate_error=10.9%;pyf_error=5.5%,older_late_rows=74;young_early_rows=431,high_role_rows=347;low_sparse_role_rows=135,partial_coverage_not_full_2013_2025_comparable,DESCRIPTIVE_ONLY
GAUNTLET_003_PRIOR_YEAR_PPG_BASELINE__PLUS_SNAPDEPTH_RECOPP_FFOP_PCT025_025_050,nflverse_snap_depth_role+prior_sidecars,1740,0.766,-0.012,0.011,rows=437;candidate_error=4.1%;pyf_error=2.5%,rows=437;candidate_error=4.1%;pyf_error=2.5%,older_late_rows=130;young_early_rows=857,high_role_rows=456;low_sparse_role_rows=543,partial_coverage_not_full_2013_2025_comparable,DESCRIPTIVE_ONLY
GAUNTLET_003_PRIOR_YEAR_PPG_BASELINE__PLUS_SNAPDEPTH_RECOPP_FFOP_PCT050_025_025,nflverse_snap_depth_role+prior_sidecars,1740,0.766,-0.013,0.011,rows=437;candidate_error=4.6%;pyf_error=2.5%,rows=437;candidate_error=4.6%;pyf_error=2.5%,older_late_rows=130;young_early_rows=857,high_role_rows=456;low_sparse_role_rows=543,partial_coverage_not_full_2013_2025_comparable,DESCRIPTIVE_ONLY
GAUNTLET_003_PRIOR_YEAR_PPG_BASELINE__PLUS_SNAPDEPTH_EPA_RECOPP_PCT025_025_050,nflverse_snap_depth_role+prior_sidecars,5360,0.728,-0.005,-0.027,rows=1321;candidate_error=6.2%;pyf_error=3.6%,rows=1321;candidate_error=6.2%;pyf_error=3.6%,older_late_rows=464;young_early_rows=2748,high_role_rows=1405;low_sparse_role_rows=1685,partial_coverage_not_full_2013_2025_comparable,GUARDRAIL_CONTEXT
GAUNTLET_003_PRIOR_YEAR_PPG_BASELINE__PLUS_SNAPDEPTH_EPA_RECOPP_PCT050_025_025,nflverse_snap_depth_role+prior_sidecars,5360,0.727,-0.005,-0.028,rows=1321;candidate_error=6.1%;pyf_error=3.6%,rows=1321;candidate_error=6.1%;pyf_error=3.6%,older_late_rows=464;young_early_rows=2748,high_role_rows=1405;low_sparse_role_rows=1685,partial_coverage_not_full_2013_2025_comparable,GUARDRAIL_CONTEXT
GAUNTLET_057_TE_THREE_75_20_5__PLUS_SNAPDEPTH_FFOP_PCT025_025,nflverse_snap_depth_role+prior_sidecars,378,0.756,0.014,0.001,rows=95;candidate_error=1.1%;pyf_error=1.1%,rows=95;candidate_error=1.1%;pyf_error=1.1%,older_late_rows=22;young_early_rows=187,high_role_rows=102;low_sparse_role_rows=114,partial_coverage_not_full_2013_2025_comparable,INTERACTION_ONLY
GAUNTLET_057_TE_THREE_75_20_5__PLUS_SNAPDEPTH_FFOP_PCT050_050,nflverse_snap_depth_role+prior_sidecars,378,0.755,0.014,0.000,rows=95;candidate_error=1.1%;pyf_error=1.1%,rows=95;candidate_error=1.1%;pyf_error=1.1%,older_late_rows=22;young_early_rows=187,high_role_rows=102;low_sparse_role_rows=114,partial_coverage_not_full_2013_2025_comparable,INTERACTION_ONLY
GAUNTLET_057_TE_THREE_75_20_5__PLUS_SNAPDEPTH_FFOP_PCT050_025,nflverse_snap_depth_role+prior_sidecars,378,0.756,0.014,0.001,rows=95;candidate_error=1.1%;pyf_error=1.1%,rows=95;candidate_error=1.1%;pyf_error=1.1%,older_late_rows=22;young_early_rows=187,high_role_rows=102;low_sparse_role_rows=114,partial_coverage_not_full_2013_2025_comparable,INTERACTION_ONLY
GAUNTLET_057_TE_THREE_75_20_5__PLUS_SNAPDEPTH_FFOP_PCT025_050,nflverse_snap_depth_role+prior_sidecars,378,0.756,0.014,0.001,rows=95;candidate_error=1.1%;pyf_error=1.1%,rows=95;candidate_error=1.1%;pyf_error=1.1%,older_late_rows=22;young_early_rows=187,high_role_rows=102;low_sparse_role_rows=114,partial_coverage_not_full_2013_2025_comparable,INTERACTION_ONLY
GAUNTLET_057_TE_THREE_75_20_5__PLUS_SNAPDEPTH_NGS_PCT025_025,nflverse_snap_depth_role+prior_sidecars,168,0.708,0.034,-0.047,rows=13;candidate_error=7.7%;pyf_error=7.7%,rows=13;candidate_error=7.7%;pyf_error=7.7%,older_late_rows=9;young_early_rows=73,high_role_rows=76;low_sparse_role_rows=13,partial_coverage_not_full_2013_2025_comparable,INTERACTION_ONLY
GAUNTLET_057_TE_THREE_75_20_5__PLUS_SNAPDEPTH_NGS_PCT050_050,nflverse_snap_depth_role+prior_sidecars,168,0.710,0.035,-0.045,rows=13;candidate_error=7.7%;pyf_error=7.7%,rows=13;candidate_error=7.7%;pyf_error=7.7%,older_late_rows=9;young_early_rows=73,high_role_rows=76;low_sparse_role_rows=13,partial_coverage_not_full_2013_2025_comparable,INTERACTION_ONLY
GAUNTLET_057_TE_THREE_75_20_5__PLUS_SNAPDEPTH_NGS_PCT050_025,nflverse_snap_depth_role+prior_sidecars,168,0.707,0.032,-0.048,rows=13;candidate_error=7.7%;pyf_error=7.7%,rows=13;candidate_error=7.7%;pyf_error=7.7%,older_late_rows=9;young_early_rows=73,high_role_rows=76;low_sparse_role_rows=13,partial_coverage_not_full_2013_2025_comparable,INTERACTION_ONLY
GAUNTLET_057_TE_THREE_75_20_5__PLUS_SNAPDEPTH_NGS_PCT025_050,nflverse_snap_depth_role+prior_sidecars,168,0.710,0.035,-0.045,rows=13;candidate_error=7.7%;pyf_error=7.7%,rows=13;candidate_error=7.7%;pyf_error=7.7%,older_late_rows=9;young_early_rows=73,high_role_rows=76;low_sparse_role_rows=13,partial_coverage_not_full_2013_2025_comparable,INTERACTION_ONLY
GAUNTLET_057_TE_THREE_75_20_5__PLUS_SNAPDEPTH_EPA_PCT025_025,nflverse_snap_depth_role+prior_sidecars,1174,0.708,0.017,-0.047,rows=305;candidate_error=1.0%;pyf_error=1.3%,rows=305;candidate_error=1.0%;pyf_error=1.3%,older_late_rows=86;young_early_rows=574,high_role_rows=312;low_sparse_role_rows=367,partial_coverage_not_full_2013_2025_comparable,ADDITIVE_CANDIDATE
GAUNTLET_057_TE_THREE_75_20_5__PLUS_SNAPDEPTH_EPA_PCT050_050,nflverse_snap_depth_role+prior_sidecars,1174,0.705,0.015,-0.050,rows=305;candidate_error=1.0%;pyf_error=1.3%,rows=305;candidate_error=1.0%;pyf_error=1.3%,older_late_rows=86;young_early_rows=574,high_role_rows=312;low_sparse_role_rows=367,partial_coverage_not_full_2013_2025_comparable,ADDITIVE_CANDIDATE
GAUNTLET_057_TE_THREE_75_20_5__PLUS_SNAPDEPTH_EPA_PCT050_025,nflverse_snap_depth_role+prior_sidecars,1174,0.706,0.016,-0.049,rows=305;candidate_error=1.0%;pyf_error=1.3%,rows=305;candidate_error=1.0%;pyf_error=1.3%,older_late_rows=86;young_early_rows=574,high_role_rows=312;low_sparse_role_rows=367,partial_coverage_not_full_2013_2025_comparable,ADDITIVE_CANDIDATE
GAUNTLET_057_TE_THREE_75_20_5__PLUS_SNAPDEPTH_EPA_PCT025_050,nflverse_snap_depth_role+prior_sidecars,1174,0.706,0.015,-0.049,rows=305;candidate_error=1.0%;pyf_error=1.3%,rows=305;candidate_error=1.0%;pyf_error=1.3%,older_late_rows=86;young_early_rows=574,high_role_rows=312;low_sparse_role_rows=367,partial_coverage_not_full_2013_2025_comparable,ADDITIVE_CANDIDATE
GAUNTLET_057_TE_THREE_75_20_5__PLUS_SNAPDEPTH_RECOPP_PCT025_025,nflverse_snap_depth_role+prior_sidecars,1211,0.719,0.017,-0.036,rows=342;candidate_error=0.9%;pyf_error=1.2%,rows=342;candidate_error=0.9%;pyf_error=1.2%,older_late_rows=86;young_early_rows=599,high_role_rows=312;low_sparse_role_rows=404,partial_coverage_not_full_2013_2025_comparable,ADDITIVE_CANDIDATE
GAUNTLET_057_TE_THREE_75_20_5__PLUS_SNAPDEPTH_RECOPP_PCT050_050,nflverse_snap_depth_role+prior_sidecars,1211,0.718,0.017,-0.037,rows=342;candidate_error=0.9%;pyf_error=1.2%,rows=342;candidate_error=0.9%;pyf_error=1.2%,older_late_rows=86;young_early_rows=599,high_role_rows=312;low_sparse_role_rows=404,partial_coverage_not_full_2013_2025_comparable,ADDITIVE_CANDIDATE
GAUNTLET_057_TE_THREE_75_20_5__PLUS_SNAPDEPTH_RECOPP_PCT050_025,nflverse_snap_depth_role+prior_sidecars,1211,0.718,0.017,-0.037,rows=342;candidate_error=0.9%;pyf_error=1.2%,rows=342;candidate_error=0.9%;pyf_error=1.2%,older_late_rows=86;young_early_rows=599,high_role_rows=312;low_sparse_role_rows=404,partial_coverage_not_full_2013_2025_comparable,ADDITIVE_CANDIDATE
GAUNTLET_057_TE_THREE_75_20_5__PLUS_SNAPDEPTH_RECOPP_PCT025_050,nflverse_snap_depth_role+prior_sidecars,1211,0.718,0.017,-0.037,rows=342;candidate_error=0.9%;pyf_error=1.2%,rows=342;candidate_error=0.9%;pyf_error=1.2%,older_late_rows=86;young_early_rows=599,high_role_rows=312;low_sparse_role_rows=404,partial_coverage_not_full_2013_2025_comparable,ADDITIVE_CANDIDATE
GAUNTLET_057_TE_THREE_75_20_5__PLUS_SNAPDEPTH_FFOP_NGS_PCT025_050_025,nflverse_snap_depth_role+prior_sidecars,168,0.705,0.031,-0.050,rows=13;candidate_error=7.7%;pyf_error=7.7%,rows=13;candidate_error=7.7%;pyf_error=7.7%,older_late_rows=9;young_early_rows=73,high_role_rows=76;low_sparse_role_rows=13,partial_coverage_not_full_2013_2025_comparable,INTERACTION_ONLY
GAUNTLET_057_TE_THREE_75_20_5__PLUS_SNAPDEPTH_FFOP_NGS_PCT050_025_025,nflverse_snap_depth_role+prior_sidecars,168,0.708,0.033,-0.047,rows=13;candidate_error=7.7%;pyf_error=7.7%,rows=13;candidate_error=7.7%;pyf_error=7.7%,older_late_rows=9;young_early_rows=73,high_role_rows=76;low_sparse_role_rows=13,partial_coverage_not_full_2013_2025_comparable,INTERACTION_ONLY
GAUNTLET_057_TE_THREE_75_20_5__PLUS_SNAPDEPTH_RECOPP_FFOP_PCT025_025_050,nflverse_snap_depth_role+prior_sidecars,378,0.756,0.015,0.001,rows=95;candidate_error=1.1%;pyf_error=1.1%,rows=95;candidate_error=1.1%;pyf_error=1.1%,older_late_rows=22;young_early_rows=187,high_role_rows=102;low_sparse_role_rows=114,partial_coverage_not_full_2013_2025_comparable,INTERACTION_ONLY
GAUNTLET_057_TE_THREE_75_20_5__PLUS_SNAPDEPTH_RECOPP_FFOP_PCT050_025_025,nflverse_snap_depth_role+prior_sidecars,378,0.756,0.014,0.001,rows=95;candidate_error=1.1%;pyf_error=1.1%,rows=95;candidate_error=1.1%;pyf_error=1.1%,older_late_rows=22;young_early_rows=187,high_role_rows=102;low_sparse_role_rows=114,partial_coverage_not_full_2013_2025_comparable,INTERACTION_ONLY
GAUNTLET_057_TE_THREE_75_20_5__PLUS_SNAPDEPTH_EPA_RECOPP_PCT025_025_050,nflverse_snap_depth_role+prior_sidecars,1174,0.708,0.017,-0.047,rows=305;candidate_error=1.0%;pyf_error=1.3%,rows=305;candidate_error=1.0%;pyf_error=1.3%,older_late_rows=86;young_early_rows=574,high_role_rows=312;low_sparse_role_rows=367,partial_coverage_not_full_2013_2025_comparable,ADDITIVE_CANDIDATE
GAUNTLET_057_TE_THREE_75_20_5__PLUS_SNAPDEPTH_EPA_RECOPP_PCT050_025_025,nflverse_snap_depth_role+prior_sidecars,1174,0.706,0.016,-0.049,rows=305;candidate_error=1.0%;pyf_error=1.3%,rows=305;candidate_error=1.0%;pyf_error=1.3%,older_late_rows=86;young_early_rows=574,high_role_rows=312;low_sparse_role_rows=367,partial_coverage_not_full_2013_2025_comparable,ADDITIVE_CANDIDATE
GAUNTLET_058_TE_THREE_70_20_10__PLUS_SNAPDEPTH_FFOP_PCT025_025,nflverse_snap_depth_role+prior_sidecars,378,0.756,0.015,0.001,rows=95;candidate_error=1.1%;pyf_error=1.1%,rows=95;candidate_error=1.1%;pyf_error=1.1%,older_late_rows=22;young_early_rows=187,high_role_rows=102;low_sparse_role_rows=114,partial_coverage_not_full_2013_2025_comparable,INTERACTION_ONLY
GAUNTLET_058_TE_THREE_70_20_10__PLUS_SNAPDEPTH_FFOP_PCT050_050,nflverse_snap_depth_role+prior_sidecars,378,0.756,0.015,0.001,rows=95;candidate_error=1.1%;pyf_error=1.1%,rows=95;candidate_error=1.1%;pyf_error=1.1%,older_late_rows=22;young_early_rows=187,high_role_rows=102;low_sparse_role_rows=114,partial_coverage_not_full_2013_2025_comparable,INTERACTION_ONLY
GAUNTLET_058_TE_THREE_70_20_10__PLUS_SNAPDEPTH_FFOP_PCT050_025,nflverse_snap_depth_role+prior_sidecars,378,0.756,0.015,0.001,rows=95;candidate_error=1.1%;pyf_error=1.1%,rows=95;candidate_error=1.1%;pyf_error=1.1%,older_late_rows=22;young_early_rows=187,high_role_rows=102;low_sparse_role_rows=114,partial_coverage_not_full_2013_2025_comparable,INTERACTION_ONLY
GAUNTLET_058_TE_THREE_70_20_10__PLUS_SNAPDEPTH_FFOP_PCT025_050,nflverse_snap_depth_role+prior_sidecars,378,0.757,0.015,0.002,rows=95;candidate_error=1.1%;pyf_error=1.1%,rows=95;candidate_error=1.1%;pyf_error=1.1%,older_late_rows=22;young_early_rows=187,high_role_rows=102;low_sparse_role_rows=114,partial_coverage_not_full_2013_2025_comparable,INTERACTION_ONLY
GAUNTLET_058_TE_THREE_70_20_10__PLUS_SNAPDEPTH_NGS_PCT025_025,nflverse_snap_depth_role+prior_sidecars,168,0.713,0.039,-0.042,rows=13;candidate_error=7.7%;pyf_error=7.7%,rows=13;candidate_error=7.7%;pyf_error=7.7%,older_late_rows=9;young_early_rows=73,high_role_rows=76;low_sparse_role_rows=13,partial_coverage_not_full_2013_2025_comparable,INTERACTION_ONLY
GAUNTLET_058_TE_THREE_70_20_10__PLUS_SNAPDEPTH_NGS_PCT050_050,nflverse_snap_depth_role+prior_sidecars,168,0.714,0.040,-0.041,rows=13;candidate_error=7.7%;pyf_error=7.7%,rows=13;candidate_error=7.7%;pyf_error=7.7%,older_late_rows=9;young_early_rows=73,high_role_rows=76;low_sparse_role_rows=13,partial_coverage_not_full_2013_2025_comparable,INTERACTION_ONLY
GAUNTLET_058_TE_THREE_70_20_10__PLUS_SNAPDEPTH_NGS_PCT050_025,nflverse_snap_depth_role+prior_sidecars,168,0.712,0.038,-0.043,rows=13;candidate_error=7.7%;pyf_error=7.7%,rows=13;candidate_error=7.7%;pyf_error=7.7%,older_late_rows=9;young_early_rows=73,high_role_rows=76;low_sparse_role_rows=13,partial_coverage_not_full_2013_2025_comparable,INTERACTION_ONLY
GAUNTLET_058_TE_THREE_70_20_10__PLUS_SNAPDEPTH_NGS_PCT025_050,nflverse_snap_depth_role+prior_sidecars,168,0.713,0.039,-0.042,rows=13;candidate_error=7.7%;pyf_error=7.7%,rows=13;candidate_error=7.7%;pyf_error=7.7%,older_late_rows=9;young_early_rows=73,high_role_rows=76;low_sparse_role_rows=13,partial_coverage_not_full_2013_2025_comparable,INTERACTION_ONLY
GAUNTLET_058_TE_THREE_70_20_10__PLUS_SNAPDEPTH_EPA_PCT025_025,nflverse_snap_depth_role+prior_sidecars,1174,0.708,0.018,-0.047,rows=305;candidate_error=1.0%;pyf_error=1.3%,rows=305;candidate_error=1.0%;pyf_error=1.3%,older_late_rows=86;young_early_rows=574,high_role_rows=312;low_sparse_role_rows=367,partial_coverage_not_full_2013_2025_comparable,ADDITIVE_CANDIDATE
GAUNTLET_058_TE_THREE_70_20_10__PLUS_SNAPDEPTH_EPA_PCT050_050,nflverse_snap_depth_role+prior_sidecars,1174,0.705,0.014,-0.050,rows=305;candidate_error=1.0%;pyf_error=1.3%,rows=305;candidate_error=1.0%;pyf_error=1.3%,older_late_rows=86;young_early_rows=574,high_role_rows=312;low_sparse_role_rows=367,partial_coverage_not_full_2013_2025_comparable,ADDITIVE_CANDIDATE
GAUNTLET_058_TE_THREE_70_20_10__PLUS_SNAPDEPTH_EPA_PCT050_025,nflverse_snap_depth_role+prior_sidecars,1174,0.707,0.016,-0.048,rows=305;candidate_error=1.0%;pyf_error=1.3%,rows=305;candidate_error=1.0%;pyf_error=1.3%,older_late_rows=86;young_early_rows=574,high_role_rows=312;low_sparse_role_rows=367,partial_coverage_not_full_2013_2025_comparable,ADDITIVE_CANDIDATE
GAUNTLET_058_TE_THREE_70_20_10__PLUS_SNAPDEPTH_EPA_PCT025_050,nflverse_snap_depth_role+prior_sidecars,1174,0.707,0.017,-0.048,rows=305;candidate_error=1.0%;pyf_error=1.3%,rows=305;candidate_error=1.0%;pyf_error=1.3%,older_late_rows=86;young_early_rows=574,high_role_rows=312;low_sparse_role_rows=367,partial_coverage_not_full_2013_2025_comparable,ADDITIVE_CANDIDATE
GAUNTLET_058_TE_THREE_70_20_10__PLUS_SNAPDEPTH_RECOPP_PCT025_025,nflverse_snap_depth_role+prior_sidecars,1211,0.719,0.017,-0.036,rows=342;candidate_error=0.9%;pyf_error=1.2%,rows=342;candidate_error=0.9%;pyf_error=1.2%,older_late_rows=86;young_early_rows=599,high_role_rows=312;low_sparse_role_rows=404,partial_coverage_not_full_2013_2025_comparable,ADDITIVE_CANDIDATE
GAUNTLET_058_TE_THREE_70_20_10__PLUS_SNAPDEPTH_RECOPP_PCT050_050,nflverse_snap_depth_role+prior_sidecars,1211,0.718,0.017,-0.037,rows=342;candidate_error=0.9%;pyf_error=1.2%,rows=342;candidate_error=0.9%;pyf_error=1.2%,older_late_rows=86;young_early_rows=599,high_role_rows=312;low_sparse_role_rows=404,partial_coverage_not_full_2013_2025_comparable,ADDITIVE_CANDIDATE
GAUNTLET_058_TE_THREE_70_20_10__PLUS_SNAPDEPTH_RECOPP_PCT050_025,nflverse_snap_depth_role+prior_sidecars,1211,0.718,0.016,-0.037,rows=342;candidate_error=0.9%;pyf_error=1.2%,rows=342;candidate_error=0.9%;pyf_error=1.2%,older_late_rows=86;young_early_rows=599,high_role_rows=312;low_sparse_role_rows=404,partial_coverage_not_full_2013_2025_comparable,ADDITIVE_CANDIDATE
GAUNTLET_058_TE_THREE_70_20_10__PLUS_SNAPDEPTH_RECOPP_PCT025_050,nflverse_snap_depth_role+prior_sidecars,1211,0.719,0.018,-0.036,rows=342;candidate_error=0.9%;pyf_error=1.2%,rows=342;candidate_error=0.9%;pyf_error=1.2%,older_late_rows=86;young_early_rows=599,high_role_rows=312;low_sparse_role_rows=404,partial_coverage_not_full_2013_2025_comparable,ADDITIVE_CANDIDATE
GAUNTLET_058_TE_THREE_70_20_10__PLUS_SNAPDEPTH_FFOP_NGS_PCT025_050_025,nflverse_snap_depth_role+prior_sidecars,168,0.712,0.037,-0.043,rows=13;candidate_error=7.7%;pyf_error=7.7%,rows=13;candidate_error=7.7%;pyf_error=7.7%,older_late_rows=9;young_early_rows=73,high_role_rows=76;low_sparse_role_rows=13,partial_coverage_not_full_2013_2025_comparable,INTERACTION_ONLY
GAUNTLET_058_TE_THREE_70_20_10__PLUS_SNAPDEPTH_FFOP_NGS_PCT050_025_025,nflverse_snap_depth_role+prior_sidecars,168,0.713,0.039,-0.042,rows=13;candidate_error=7.7%;pyf_error=7.7%,rows=13;candidate_error=7.7%;pyf_error=7.7%,older_late_rows=9;young_early_rows=73,high_role_rows=76;low_sparse_role_rows=13,partial_coverage_not_full_2013_2025_comparable,INTERACTION_ONLY
GAUNTLET_058_TE_THREE_70_20_10__PLUS_SNAPDEPTH_RECOPP_FFOP_PCT025_025_050,nflverse_snap_depth_role+prior_sidecars,378,0.757,0.016,0.002,rows=95;candidate_error=1.1%;pyf_error=1.1%,rows=95;candidate_error=1.1%;pyf_error=1.1%,older_late_rows=22;young_early_rows=187,high_role_rows=102;low_sparse_role_rows=114,partial_coverage_not_full_2013_2025_comparable,INTERACTION_ONLY
GAUNTLET_058_TE_THREE_70_20_10__PLUS_SNAPDEPTH_RECOPP_FFOP_PCT050_025_025,nflverse_snap_depth_role+prior_sidecars,378,0.757,0.015,0.002,rows=95;candidate_error=1.1%;pyf_error=1.1%,rows=95;candidate_error=1.1%;pyf_error=1.1%,older_late_rows=22;young_early_rows=187,high_role_rows=102;low_sparse_role_rows=114,partial_coverage_not_full_2013_2025_comparable,INTERACTION_ONLY
GAUNTLET_058_TE_THREE_70_20_10__PLUS_SNAPDEPTH_EPA_RECOPP_PCT025_025_050,nflverse_snap_depth_role+prior_sidecars,1174,0.708,0.017,-0.047,rows=305;candidate_error=1.0%;pyf_error=1.3%,rows=305;candidate_error=1.0%;pyf_error=1.3%,older_late_rows=86;young_early_rows=574,high_role_rows=312;low_sparse_role_rows=367,partial_coverage_not_full_2013_2025_comparable,ADDITIVE_CANDIDATE
GAUNTLET_058_TE_THREE_70_20_10__PLUS_SNAPDEPTH_EPA_RECOPP_PCT050_025_025,nflverse_snap_depth_role+prior_sidecars,1174,0.707,0.016,-0.048,rows=305;candidate_error=1.0%;pyf_error=1.3%,rows=305;candidate_error=1.0%;pyf_error=1.3%,older_late_rows=86;young_early_rows=574,high_role_rows=312;low_sparse_role_rows=367,partial_coverage_not_full_2013_2025_comparable,ADDITIVE_CANDIDATE
GAUNTLET_059_TE_THREE_65_25_10__PLUS_SNAPDEPTH_FFOP_PCT025_025,nflverse_snap_depth_role+prior_sidecars,378,0.756,0.015,0.001,rows=95;candidate_error=1.1%;pyf_error=1.1%,rows=95;candidate_error=1.1%;pyf_error=1.1%,older_late_rows=22;young_early_rows=187,high_role_rows=102;low_sparse_role_rows=114,partial_coverage_not_full_2013_2025_comparable,INTERACTION_ONLY
GAUNTLET_059_TE_THREE_65_25_10__PLUS_SNAPDEPTH_FFOP_PCT050_050,nflverse_snap_depth_role+prior_sidecars,378,0.755,0.014,0.000,rows=95;candidate_error=1.1%;pyf_error=1.1%,rows=95;candidate_error=1.1%;pyf_error=1.1%,older_late_rows=22;young_early_rows=187,high_role_rows=102;low_sparse_role_rows=114,partial_coverage_not_full_2013_2025_comparable,INTERACTION_ONLY
GAUNTLET_059_TE_THREE_65_25_10__PLUS_SNAPDEPTH_FFOP_PCT050_025,nflverse_snap_depth_role+prior_sidecars,378,0.755,0.014,0.000,rows=95;candidate_error=1.1%;pyf_error=1.1%,rows=95;candidate_error=1.1%;pyf_error=1.1%,older_late_rows=22;young_early_rows=187,high_role_rows=102;low_sparse_role_rows=114,partial_coverage_not_full_2013_2025_comparable,INTERACTION_ONLY
GAUNTLET_059_TE_THREE_65_25_10__PLUS_SNAPDEPTH_FFOP_PCT025_050,nflverse_snap_depth_role+prior_sidecars,378,0.756,0.014,0.001,rows=95;candidate_error=1.1%;pyf_error=1.1%,rows=95;candidate_error=1.1%;pyf_error=1.1%,older_late_rows=22;young_early_rows=187,high_role_rows=102;low_sparse_role_rows=114,partial_coverage_not_full_2013_2025_comparable,INTERACTION_ONLY
GAUNTLET_059_TE_THREE_65_25_10__PLUS_SNAPDEPTH_NGS_PCT025_025,nflverse_snap_depth_role+prior_sidecars,168,0.713,0.039,-0.042,rows=13;candidate_error=7.7%;pyf_error=7.7%,rows=13;candidate_error=7.7%;pyf_error=7.7%,older_late_rows=9;young_early_rows=73,high_role_rows=76;low_sparse_role_rows=13,partial_coverage_not_full_2013_2025_comparable,INTERACTION_ONLY
GAUNTLET_059_TE_THREE_65_25_10__PLUS_SNAPDEPTH_NGS_PCT050_050,nflverse_snap_depth_role+prior_sidecars,168,0.715,0.040,-0.040,rows=13;candidate_error=7.7%;pyf_error=7.7%,rows=13;candidate_error=7.7%;pyf_error=7.7%,older_late_rows=9;young_early_rows=73,high_role_rows=76;low_sparse_role_rows=13,partial_coverage_not_full_2013_2025_comparable,INTERACTION_ONLY
GAUNTLET_059_TE_THREE_65_25_10__PLUS_SNAPDEPTH_NGS_PCT050_025,nflverse_snap_depth_role+prior_sidecars,168,0.712,0.038,-0.043,rows=13;candidate_error=7.7%;pyf_error=7.7%,rows=13;candidate_error=7.7%;pyf_error=7.7%,older_late_rows=9;young_early_rows=73,high_role_rows=76;low_sparse_role_rows=13,partial_coverage_not_full_2013_2025_comparable,INTERACTION_ONLY
GAUNTLET_059_TE_THREE_65_25_10__PLUS_SNAPDEPTH_NGS_PCT025_050,nflverse_snap_depth_role+prior_sidecars,168,0.713,0.039,-0.042,rows=13;candidate_error=7.7%;pyf_error=7.7%,rows=13;candidate_error=7.7%;pyf_error=7.7%,older_late_rows=9;young_early_rows=73,high_role_rows=76;low_sparse_role_rows=13,partial_coverage_not_full_2013_2025_comparable,INTERACTION_ONLY
GAUNTLET_059_TE_THREE_65_25_10__PLUS_SNAPDEPTH_EPA_PCT025_025,nflverse_snap_depth_role+prior_sidecars,1174,0.708,0.017,-0.047,rows=305;candidate_error=1.0%;pyf_error=1.3%,rows=305;candidate_error=1.0%;pyf_error=1.3%,older_late_rows=86;young_early_rows=574,high_role_rows=312;low_sparse_role_rows=367,partial_coverage_not_full_2013_2025_comparable,ADDITIVE_CANDIDATE
GAUNTLET_059_TE_THREE_65_25_10__PLUS_SNAPDEPTH_EPA_PCT050_050,nflverse_snap_depth_role+prior_sidecars,1174,0.706,0.015,-0.049,rows=305;candidate_error=1.0%;pyf_error=1.3%,rows=305;candidate_error=1.0%;pyf_error=1.3%,older_late_rows=86;young_early_rows=574,high_role_rows=312;low_sparse_role_rows=367,partial_coverage_not_full_2013_2025_comparable,ADDITIVE_CANDIDATE
GAUNTLET_059_TE_THREE_65_25_10__PLUS_SNAPDEPTH_EPA_PCT050_025,nflverse_snap_depth_role+prior_sidecars,1174,0.707,0.016,-0.048,rows=305;candidate_error=1.0%;pyf_error=1.3%,rows=305;candidate_error=1.0%;pyf_error=1.3%,older_late_rows=86;young_early_rows=574,high_role_rows=312;low_sparse_role_rows=367,partial_coverage_not_full_2013_2025_comparable,ADDITIVE_CANDIDATE
GAUNTLET_059_TE_THREE_65_25_10__PLUS_SNAPDEPTH_EPA_PCT025_050,nflverse_snap_depth_role+prior_sidecars,1174,0.707,0.016,-0.048,rows=305;candidate_error=1.0%;pyf_error=1.3%,rows=305;candidate_error=1.0%;pyf_error=1.3%,older_late_rows=86;young_early_rows=574,high_role_rows=312;low_sparse_role_rows=367,partial_coverage_not_full_2013_2025_comparable,ADDITIVE_CANDIDATE
GAUNTLET_059_TE_THREE_65_25_10__PLUS_SNAPDEPTH_RECOPP_PCT025_025,nflverse_snap_depth_role+prior_sidecars,1211,0.718,0.017,-0.037,rows=342;candidate_error=0.9%;pyf_error=1.2%,rows=342;candidate_error=0.9%;pyf_error=1.2%,older_late_rows=86;young_early_rows=599,high_role_rows=312;low_sparse_role_rows=404,partial_coverage_not_full_2013_2025_comparable,ADDITIVE_CANDIDATE
GAUNTLET_059_TE_THREE_65_25_10__PLUS_SNAPDEPTH_RECOPP_PCT050_050,nflverse_snap_depth_role+prior_sidecars,1211,0.718,0.017,-0.037,rows=342;candidate_error=0.9%;pyf_error=1.2%,rows=342;candidate_error=0.9%;pyf_error=1.2%,older_late_rows=86;young_early_rows=599,high_role_rows=312;low_sparse_role_rows=404,partial_coverage_not_full_2013_2025_comparable,ADDITIVE_CANDIDATE
GAUNTLET_059_TE_THREE_65_25_10__PLUS_SNAPDEPTH_RECOPP_PCT050_025,nflverse_snap_depth_role+prior_sidecars,1211,0.717,0.016,-0.038,rows=342;candidate_error=0.9%;pyf_error=1.2%,rows=342;candidate_error=0.9%;pyf_error=1.2%,older_late_rows=86;young_early_rows=599,high_role_rows=312;low_sparse_role_rows=404,partial_coverage_not_full_2013_2025_comparable,ADDITIVE_CANDIDATE
GAUNTLET_059_TE_THREE_65_25_10__PLUS_SNAPDEPTH_RECOPP_PCT025_050,nflverse_snap_depth_role+prior_sidecars,1211,0.719,0.017,-0.036,rows=342;candidate_error=0.9%;pyf_error=1.2%,rows=342;candidate_error=0.9%;pyf_error=1.2%,older_late_rows=86;young_early_rows=599,high_role_rows=312;low_sparse_role_rows=404,partial_coverage_not_full_2013_2025_comparable,ADDITIVE_CANDIDATE
GAUNTLET_059_TE_THREE_65_25_10__PLUS_SNAPDEPTH_FFOP_NGS_PCT025_050_025,nflverse_snap_depth_role+prior_sidecars,168,0.713,0.039,-0.042,rows=13;candidate_error=7.7%;pyf_error=7.7%,rows=13;candidate_error=7.7%;pyf_error=7.7%,older_late_rows=9;young_early_rows=73,high_role_rows=76;low_sparse_role_rows=13,partial_coverage_not_full_2013_2025_comparable,INTERACTION_ONLY
GAUNTLET_059_TE_THREE_65_25_10__PLUS_SNAPDEPTH_FFOP_NGS_PCT050_025_025,nflverse_snap_depth_role+prior_sidecars,168,0.713,0.038,-0.042,rows=13;candidate_error=7.7%;pyf_error=7.7%,rows=13;candidate_error=7.7%;pyf_error=7.7%,older_late_rows=9;young_early_rows=73,high_role_rows=76;low_sparse_role_rows=13,partial_coverage_not_full_2013_2025_comparable,INTERACTION_ONLY
GAUNTLET_059_TE_THREE_65_25_10__PLUS_SNAPDEPTH_RECOPP_FFOP_PCT025_025_050,nflverse_snap_depth_role+prior_sidecars,378,0.757,0.016,0.002,rows=95;candidate_error=1.1%;pyf_error=1.1%,rows=95;candidate_error=1.1%;pyf_error=1.1%,older_late_rows=22;young_early_rows=187,high_role_rows=102;low_sparse_role_rows=114,partial_coverage_not_full_2013_2025_comparable,INTERACTION_ONLY
GAUNTLET_059_TE_THREE_65_25_10__PLUS_SNAPDEPTH_RECOPP_FFOP_PCT050_025_025,nflverse_snap_depth_role+prior_sidecars,378,0.756,0.015,0.001,rows=95;candidate_error=1.1%;pyf_error=1.1%,rows=95;candidate_error=1.1%;pyf_error=1.1%,older_late_rows=22;young_early_rows=187,high_role_rows=102;low_sparse_role_rows=114,partial_coverage_not_full_2013_2025_comparable,INTERACTION_ONLY
GAUNTLET_059_TE_THREE_65_25_10__PLUS_SNAPDEPTH_EPA_RECOPP_PCT025_025_050,nflverse_snap_depth_role+prior_sidecars,1174,0.708,0.017,-0.047,rows=305;candidate_error=1.0%;pyf_error=1.3%,rows=305;candidate_error=1.0%;pyf_error=1.3%,older_late_rows=86;young_early_rows=574,high_role_rows=312;low_sparse_role_rows=367,partial_coverage_not_full_2013_2025_comparable,ADDITIVE_CANDIDATE
GAUNTLET_059_TE_THREE_65_25_10__PLUS_SNAPDEPTH_EPA_RECOPP_PCT050_025_025,nflverse_snap_depth_role+prior_sidecars,1174,0.707,0.017,-0.048,rows=305;candidate_error=1.0%;pyf_error=1.3%,rows=305;candidate_error=1.0%;pyf_error=1.3%,older_late_rows=86;young_early_rows=574,high_role_rows=312;low_sparse_role_rows=367,partial_coverage_not_full_2013_2025_comparable,ADDITIVE_CANDIDATE
GAUNTLET_051_WR_THREE_65_25_10__PLUS_SNAPDEPTH_FFOP_PCT025_025,nflverse_snap_depth_role+prior_sidecars,678,0.736,0.004,-0.019,rows=131;candidate_error=2.3%;pyf_error=2.3%,rows=131;candidate_error=2.3%;pyf_error=2.3%,older_late_rows=40;young_early_rows=346,high_role_rows=176;low_sparse_role_rows=181,partial_coverage_not_full_2013_2025_comparable,INTERACTION_ONLY
GAUNTLET_051_WR_THREE_65_25_10__PLUS_SNAPDEPTH_FFOP_PCT050_050,nflverse_snap_depth_role+prior_sidecars,678,0.737,0.005,-0.018,rows=131;candidate_error=2.3%;pyf_error=2.3%,rows=131;candidate_error=2.3%;pyf_error=2.3%,older_late_rows=40;young_early_rows=346,high_role_rows=176;low_sparse_role_rows=181,partial_coverage_not_full_2013_2025_comparable,INTERACTION_ONLY
GAUNTLET_051_WR_THREE_65_25_10__PLUS_SNAPDEPTH_FFOP_PCT050_025,nflverse_snap_depth_role+prior_sidecars,678,0.737,0.004,-0.018,rows=131;candidate_error=2.3%;pyf_error=2.3%,rows=131;candidate_error=2.3%;pyf_error=2.3%,older_late_rows=40;young_early_rows=346,high_role_rows=176;low_sparse_role_rows=181,partial_coverage_not_full_2013_2025_comparable,INTERACTION_ONLY
GAUNTLET_051_WR_THREE_65_25_10__PLUS_SNAPDEPTH_FFOP_PCT025_050,nflverse_snap_depth_role+prior_sidecars,678,0.736,0.004,-0.019,rows=131;candidate_error=2.3%;pyf_error=2.3%,rows=131;candidate_error=2.3%;pyf_error=2.3%,older_late_rows=40;young_early_rows=346,high_role_rows=176;low_sparse_role_rows=181,partial_coverage_not_full_2013_2025_comparable,INTERACTION_ONLY
GAUNTLET_051_WR_THREE_65_25_10__PLUS_SNAPDEPTH_NGS_PCT025_025,nflverse_snap_depth_role+prior_sidecars,386,0.690,0.006,-0.065,rows=29;candidate_error=6.9%;pyf_error=6.9%,rows=29;candidate_error=6.9%;pyf_error=6.9%,older_late_rows=25;young_early_rows=186,high_role_rows=133;low_sparse_role_rows=34,partial_coverage_not_full_2013_2025_comparable,INTERACTION_ONLY
GAUNTLET_051_WR_THREE_65_25_10__PLUS_SNAPDEPTH_NGS_PCT050_050,nflverse_snap_depth_role+prior_sidecars,386,0.691,0.007,-0.064,rows=29;candidate_error=6.9%;pyf_error=6.9%,rows=29;candidate_error=6.9%;pyf_error=6.9%,older_late_rows=25;young_early_rows=186,high_role_rows=133;low_sparse_role_rows=34,partial_coverage_not_full_2013_2025_comparable,INTERACTION_ONLY
GAUNTLET_051_WR_THREE_65_25_10__PLUS_SNAPDEPTH_NGS_PCT050_025,nflverse_snap_depth_role+prior_sidecars,386,0.691,0.007,-0.064,rows=29;candidate_error=6.9%;pyf_error=6.9%,rows=29;candidate_error=6.9%;pyf_error=6.9%,older_late_rows=25;young_early_rows=186,high_role_rows=133;low_sparse_role_rows=34,partial_coverage_not_full_2013_2025_comparable,INTERACTION_ONLY
GAUNTLET_051_WR_THREE_65_25_10__PLUS_SNAPDEPTH_NGS_PCT025_050,nflverse_snap_depth_role+prior_sidecars,386,0.691,0.007,-0.064,rows=29;candidate_error=6.9%;pyf_error=6.9%,rows=29;candidate_error=6.9%;pyf_error=6.9%,older_late_rows=25;young_early_rows=186,high_role_rows=133;low_sparse_role_rows=34,partial_coverage_not_full_2013_2025_comparable,INTERACTION_ONLY
GAUNTLET_051_WR_THREE_65_25_10__PLUS_SNAPDEPTH_EPA_PCT025_025,nflverse_snap_depth_role+prior_sidecars,2054,0.694,0.013,-0.061,rows=387;candidate_error=2.8%;pyf_error=3.4%,rows=387;candidate_error=2.8%;pyf_error=3.4%,older_late_rows=121;young_early_rows=1106,high_role_rows=538;low_sparse_role_rows=554,partial_coverage_not_full_2013_2025_comparable,ADDITIVE_CANDIDATE
GAUNTLET_051_WR_THREE_65_25_10__PLUS_SNAPDEPTH_EPA_PCT050_050,nflverse_snap_depth_role+prior_sidecars,2054,0.694,0.013,-0.061,rows=387;candidate_error=3.1%;pyf_error=3.4%,rows=387;candidate_error=3.1%;pyf_error=3.4%,older_late_rows=121;young_early_rows=1106,high_role_rows=538;low_sparse_role_rows=554,partial_coverage_not_full_2013_2025_comparable,ADDITIVE_CANDIDATE
GAUNTLET_051_WR_THREE_65_25_10__PLUS_SNAPDEPTH_EPA_PCT050_025,nflverse_snap_depth_role+prior_sidecars,2054,0.694,0.013,-0.061,rows=387;candidate_error=2.8%;pyf_error=3.4%,rows=387;candidate_error=2.8%;pyf_error=3.4%,older_late_rows=121;young_early_rows=1106,high_role_rows=538;low_sparse_role_rows=554,partial_coverage_not_full_2013_2025_comparable,ADDITIVE_CANDIDATE
GAUNTLET_051_WR_THREE_65_25_10__PLUS_SNAPDEPTH_EPA_PCT025_050,nflverse_snap_depth_role+prior_sidecars,2054,0.694,0.013,-0.061,rows=387;candidate_error=3.4%;pyf_error=3.4%,rows=387;candidate_error=3.4%;pyf_error=3.4%,older_late_rows=121;young_early_rows=1106,high_role_rows=538;low_sparse_role_rows=554,partial_coverage_not_full_2013_2025_comparable,ADDITIVE_CANDIDATE
GAUNTLET_051_WR_THREE_65_25_10__PLUS_SNAPDEPTH_RECOPP_PCT025_025,nflverse_snap_depth_role+prior_sidecars,2124,0.703,0.012,-0.052,rows=439;candidate_error=2.5%;pyf_error=3.0%,rows=439;candidate_error=2.5%;pyf_error=3.0%,older_late_rows=130;young_early_rows=1149,high_role_rows=538;low_sparse_role_rows=624,partial_coverage_not_full_2013_2025_comparable,ADDITIVE_CANDIDATE
GAUNTLET_051_WR_THREE_65_25_10__PLUS_SNAPDEPTH_RECOPP_PCT050_050,nflverse_snap_depth_role+prior_sidecars,2124,0.703,0.012,-0.052,rows=439;candidate_error=2.5%;pyf_error=3.0%,rows=439;candidate_error=2.5%;pyf_error=3.0%,older_late_rows=130;young_early_rows=1149,high_role_rows=538;low_sparse_role_rows=624,partial_coverage_not_full_2013_2025_comparable,ADDITIVE_CANDIDATE
GAUNTLET_051_WR_THREE_65_25_10__PLUS_SNAPDEPTH_RECOPP_PCT050_025,nflverse_snap_depth_role+prior_sidecars,2124,0.703,0.012,-0.052,rows=439;candidate_error=2.5%;pyf_error=3.0%,rows=439;candidate_error=2.5%;pyf_error=3.0%,older_late_rows=130;young_early_rows=1149,high_role_rows=538;low_sparse_role_rows=624,partial_coverage_not_full_2013_2025_comparable,ADDITIVE_CANDIDATE
GAUNTLET_051_WR_THREE_65_25_10__PLUS_SNAPDEPTH_RECOPP_PCT025_050,nflverse_snap_depth_role+prior_sidecars,2124,0.703,0.012,-0.052,rows=439;candidate_error=2.5%;pyf_error=3.0%,rows=439;candidate_error=2.5%;pyf_error=3.0%,older_late_rows=130;young_early_rows=1149,high_role_rows=538;low_sparse_role_rows=624,partial_coverage_not_full_2013_2025_comparable,ADDITIVE_CANDIDATE
GAUNTLET_051_WR_THREE_65_25_10__PLUS_SNAPDEPTH_FFOP_NGS_PCT025_050_025,nflverse_snap_depth_role+prior_sidecars,386,0.690,0.006,-0.065,rows=29;candidate_error=6.9%;pyf_error=6.9%,rows=29;candidate_error=6.9%;pyf_error=6.9%,older_late_rows=25;young_early_rows=186,high_role_rows=133;low_sparse_role_rows=34,partial_coverage_not_full_2013_2025_comparable,INTERACTION_ONLY
GAUNTLET_051_WR_THREE_65_25_10__PLUS_SNAPDEPTH_FFOP_NGS_PCT050_025_025,nflverse_snap_depth_role+prior_sidecars,386,0.691,0.007,-0.064,rows=29;candidate_error=6.9%;pyf_error=6.9%,rows=29;candidate_error=6.9%;pyf_error=6.9%,older_late_rows=25;young_early_rows=186,high_role_rows=133;low_sparse_role_rows=34,partial_coverage_not_full_2013_2025_comparable,INTERACTION_ONLY
GAUNTLET_051_WR_THREE_65_25_10__PLUS_SNAPDEPTH_RECOPP_FFOP_PCT025_025_050,nflverse_snap_depth_role+prior_sidecars,678,0.737,0.005,-0.018,rows=131;candidate_error=2.3%;pyf_error=2.3%,rows=131;candidate_error=2.3%;pyf_error=2.3%,older_late_rows=40;young_early_rows=346,high_role_rows=176;low_sparse_role_rows=181,partial_coverage_not_full_2013_2025_comparable,INTERACTION_ONLY
GAUNTLET_051_WR_THREE_65_25_10__PLUS_SNAPDEPTH_RECOPP_FFOP_PCT050_025_025,nflverse_snap_depth_role+prior_sidecars,678,0.737,0.005,-0.018,rows=131;candidate_error=2.3%;pyf_error=2.3%,rows=131;candidate_error=2.3%;pyf_error=2.3%,older_late_rows=40;young_early_rows=346,high_role_rows=176;low_sparse_role_rows=181,partial_coverage_not_full_2013_2025_comparable,INTERACTION_ONLY
GAUNTLET_051_WR_THREE_65_25_10__PLUS_SNAPDEPTH_EPA_RECOPP_PCT025_025_050,nflverse_snap_depth_role+prior_sidecars,2054,0.694,0.013,-0.061,rows=387;candidate_error=2.8%;pyf_error=3.4%,rows=387;candidate_error=2.8%;pyf_error=3.4%,older_late_rows=121;young_early_rows=1106,high_role_rows=538;low_sparse_role_rows=554,partial_coverage_not_full_2013_2025_comparable,ADDITIVE_CANDIDATE
GAUNTLET_051_WR_THREE_65_25_10__PLUS_SNAPDEPTH_EPA_RECOPP_PCT050_025_025,nflverse_snap_depth_role+prior_sidecars,2054,0.694,0.013,-0.061,rows=387;candidate_error=2.8%;pyf_error=3.4%,rows=387;candidate_error=2.8%;pyf_error=3.4%,older_late_rows=121;young_early_rows=1106,high_role_rows=538;low_sparse_role_rows=554,partial_coverage_not_full_2013_2025_comparable,ADDITIVE_CANDIDATE
GAUNTLET_048_WR_TWO_75_25__PLUS_SNAPDEPTH_FFOP_PCT025_025,nflverse_snap_depth_role+prior_sidecars,678,0.740,0.008,-0.015,rows=131;candidate_error=2.3%;pyf_error=2.3%,rows=131;candidate_error=2.3%;pyf_error=2.3%,older_late_rows=40;young_early_rows=346,high_role_rows=176;low_sparse_role_rows=181,partial_coverage_not_full_2013_2025_comparable,INTERACTION_ONLY
GAUNTLET_048_WR_TWO_75_25__PLUS_SNAPDEPTH_FFOP_PCT050_050,nflverse_snap_depth_role+prior_sidecars,678,0.740,0.008,-0.015,rows=131;candidate_error=2.3%;pyf_error=2.3%,rows=131;candidate_error=2.3%;pyf_error=2.3%,older_late_rows=40;young_early_rows=346,high_role_rows=176;low_sparse_role_rows=181,partial_coverage_not_full_2013_2025_comparable,INTERACTION_ONLY
GAUNTLET_048_WR_TWO_75_25__PLUS_SNAPDEPTH_FFOP_PCT050_025,nflverse_snap_depth_role+prior_sidecars,678,0.740,0.008,-0.015,rows=131;candidate_error=2.3%;pyf_error=2.3%,rows=131;candidate_error=2.3%;pyf_error=2.3%,older_late_rows=40;young_early_rows=346,high_role_rows=176;low_sparse_role_rows=181,partial_coverage_not_full_2013_2025_comparable,INTERACTION_ONLY
GAUNTLET_048_WR_TWO_75_25__PLUS_SNAPDEPTH_FFOP_PCT025_050,nflverse_snap_depth_role+prior_sidecars,678,0.740,0.008,-0.015,rows=131;candidate_error=2.3%;pyf_error=2.3%,rows=131;candidate_error=2.3%;pyf_error=2.3%,older_late_rows=40;young_early_rows=346,high_role_rows=176;low_sparse_role_rows=181,partial_coverage_not_full_2013_2025_comparable,INTERACTION_ONLY
GAUNTLET_048_WR_TWO_75_25__PLUS_SNAPDEPTH_NGS_PCT025_025,nflverse_snap_depth_role+prior_sidecars,386,0.694,0.010,-0.061,rows=29;candidate_error=6.9%;pyf_error=6.9%,rows=29;candidate_error=6.9%;pyf_error=6.9%,older_late_rows=25;young_early_rows=186,high_role_rows=133;low_sparse_role_rows=34,partial_coverage_not_full_2013_2025_comparable,INTERACTION_ONLY
GAUNTLET_048_WR_TWO_75_25__PLUS_SNAPDEPTH_NGS_PCT050_050,nflverse_snap_depth_role+prior_sidecars,386,0.695,0.010,-0.060,rows=29;candidate_error=6.9%;pyf_error=6.9%,rows=29;candidate_error=6.9%;pyf_error=6.9%,older_late_rows=25;young_early_rows=186,high_role_rows=133;low_sparse_role_rows=34,partial_coverage_not_full_2013_2025_comparable,INTERACTION_ONLY
GAUNTLET_048_WR_TWO_75_25__PLUS_SNAPDEPTH_NGS_PCT050_025,nflverse_snap_depth_role+prior_sidecars,386,0.694,0.010,-0.061,rows=29;candidate_error=6.9%;pyf_error=6.9%,rows=29;candidate_error=6.9%;pyf_error=6.9%,older_late_rows=25;young_early_rows=186,high_role_rows=133;low_sparse_role_rows=34,partial_coverage_not_full_2013_2025_comparable,INTERACTION_ONLY
GAUNTLET_048_WR_TWO_75_25__PLUS_SNAPDEPTH_NGS_PCT025_050,nflverse_snap_depth_role+prior_sidecars,386,0.695,0.010,-0.060,rows=29;candidate_error=6.9%;pyf_error=6.9%,rows=29;candidate_error=6.9%;pyf_error=6.9%,older_late_rows=25;young_early_rows=186,high_role_rows=133;low_sparse_role_rows=34,partial_coverage_not_full_2013_2025_comparable,INTERACTION_ONLY
GAUNTLET_048_WR_TWO_75_25__PLUS_SNAPDEPTH_EPA_PCT025_025,nflverse_snap_depth_role+prior_sidecars,2054,0.693,0.012,-0.062,rows=387;candidate_error=3.4%;pyf_error=3.4%,rows=387;candidate_error=3.4%;pyf_error=3.4%,older_late_rows=121;young_early_rows=1106,high_role_rows=538;low_sparse_role_rows=554,partial_coverage_not_full_2013_2025_comparable,ADDITIVE_CANDIDATE
GAUNTLET_048_WR_TWO_75_25__PLUS_SNAPDEPTH_EPA_PCT050_050,nflverse_snap_depth_role+prior_sidecars,2054,0.693,0.012,-0.062,rows=387;candidate_error=3.1%;pyf_error=3.4%,rows=387;candidate_error=3.1%;pyf_error=3.4%,older_late_rows=121;young_early_rows=1106,high_role_rows=538;low_sparse_role_rows=554,partial_coverage_not_full_2013_2025_comparable,ADDITIVE_CANDIDATE
GAUNTLET_048_WR_TWO_75_25__PLUS_SNAPDEPTH_EPA_PCT050_025,nflverse_snap_depth_role+prior_sidecars,2054,0.693,0.012,-0.062,rows=387;candidate_error=3.1%;pyf_error=3.4%,rows=387;candidate_error=3.1%;pyf_error=3.4%,older_late_rows=121;young_early_rows=1106,high_role_rows=538;low_sparse_role_rows=554,partial_coverage_not_full_2013_2025_comparable,ADDITIVE_CANDIDATE
GAUNTLET_048_WR_TWO_75_25__PLUS_SNAPDEPTH_EPA_PCT025_050,nflverse_snap_depth_role+prior_sidecars,2054,0.694,0.013,-0.061,rows=387;candidate_error=3.4%;pyf_error=3.4%,rows=387;candidate_error=3.4%;pyf_error=3.4%,older_late_rows=121;young_early_rows=1106,high_role_rows=538;low_sparse_role_rows=554,partial_coverage_not_full_2013_2025_comparable,ADDITIVE_CANDIDATE
GAUNTLET_048_WR_TWO_75_25__PLUS_SNAPDEPTH_RECOPP_PCT025_025,nflverse_snap_depth_role+prior_sidecars,2124,0.702,0.012,-0.053,rows=439;candidate_error=3.2%;pyf_error=3.0%,rows=439;candidate_error=3.2%;pyf_error=3.0%,older_late_rows=130;young_early_rows=1149,high_role_rows=538;low_sparse_role_rows=624,partial_coverage_not_full_2013_2025_comparable,ADDITIVE_CANDIDATE
GAUNTLET_048_WR_TWO_75_25__PLUS_SNAPDEPTH_RECOPP_PCT050_050,nflverse_snap_depth_role+prior_sidecars,2124,0.702,0.011,-0.053,rows=439;candidate_error=3.0%;pyf_error=3.0%,rows=439;candidate_error=3.0%;pyf_error=3.0%,older_late_rows=130;young_early_rows=1149,high_role_rows=538;low_sparse_role_rows=624,partial_coverage_not_full_2013_2025_comparable,ADDITIVE_CANDIDATE
GAUNTLET_048_WR_TWO_75_25__PLUS_SNAPDEPTH_RECOPP_PCT050_025,nflverse_snap_depth_role+prior_sidecars,2124,0.702,0.011,-0.053,rows=439;candidate_error=3.0%;pyf_error=3.0%,rows=439;candidate_error=3.0%;pyf_error=3.0%,older_late_rows=130;young_early_rows=1149,high_role_rows=538;low_sparse_role_rows=624,partial_coverage_not_full_2013_2025_comparable,ADDITIVE_CANDIDATE
GAUNTLET_048_WR_TWO_75_25__PLUS_SNAPDEPTH_RECOPP_PCT025_050,nflverse_snap_depth_role+prior_sidecars,2124,0.702,0.011,-0.053,rows=439;candidate_error=3.2%;pyf_error=3.0%,rows=439;candidate_error=3.2%;pyf_error=3.0%,older_late_rows=130;young_early_rows=1149,high_role_rows=538;low_sparse_role_rows=624,partial_coverage_not_full_2013_2025_comparable,ADDITIVE_CANDIDATE
GAUNTLET_048_WR_TWO_75_25__PLUS_SNAPDEPTH_FFOP_NGS_PCT025_050_025,nflverse_snap_depth_role+prior_sidecars,386,0.693,0.009,-0.062,rows=29;candidate_error=6.9%;pyf_error=6.9%,rows=29;candidate_error=6.9%;pyf_error=6.9%,older_late_rows=25;young_early_rows=186,high_role_rows=133;low_sparse_role_rows=34,partial_coverage_not_full_2013_2025_comparable,INTERACTION_ONLY
GAUNTLET_048_WR_TWO_75_25__PLUS_SNAPDEPTH_FFOP_NGS_PCT050_025_025,nflverse_snap_depth_role+prior_sidecars,386,0.693,0.009,-0.062,rows=29;candidate_error=6.9%;pyf_error=6.9%,rows=29;candidate_error=6.9%;pyf_error=6.9%,older_late_rows=25;young_early_rows=186,high_role_rows=133;low_sparse_role_rows=34,partial_coverage_not_full_2013_2025_comparable,INTERACTION_ONLY
GAUNTLET_048_WR_TWO_75_25__PLUS_SNAPDEPTH_RECOPP_FFOP_PCT025_025_050,nflverse_snap_depth_role+prior_sidecars,678,0.740,0.008,-0.015,rows=131;candidate_error=2.3%;pyf_error=2.3%,rows=131;candidate_error=2.3%;pyf_error=2.3%,older_late_rows=40;young_early_rows=346,high_role_rows=176;low_sparse_role_rows=181,partial_coverage_not_full_2013_2025_comparable,INTERACTION_ONLY
GAUNTLET_048_WR_TWO_75_25__PLUS_SNAPDEPTH_RECOPP_FFOP_PCT050_025_025,nflverse_snap_depth_role+prior_sidecars,678,0.740,0.008,-0.015,rows=131;candidate_error=2.3%;pyf_error=2.3%,rows=131;candidate_error=2.3%;pyf_error=2.3%,older_late_rows=40;young_early_rows=346,high_role_rows=176;low_sparse_role_rows=181,partial_coverage_not_full_2013_2025_comparable,INTERACTION_ONLY
GAUNTLET_048_WR_TWO_75_25__PLUS_SNAPDEPTH_EPA_RECOPP_PCT025_025_050,nflverse_snap_depth_role+prior_sidecars,2054,0.693,0.012,-0.062,rows=387;candidate_error=3.4%;pyf_error=3.4%,rows=387;candidate_error=3.4%;pyf_error=3.4%,older_late_rows=121;young_early_rows=1106,high_role_rows=538;low_sparse_role_rows=554,partial_coverage_not_full_2013_2025_comparable,ADDITIVE_CANDIDATE
GAUNTLET_048_WR_TWO_75_25__PLUS_SNAPDEPTH_EPA_RECOPP_PCT050_025_025,nflverse_snap_depth_role+prior_sidecars,2054,0.693,0.012,-0.062,rows=387;candidate_error=3.1%;pyf_error=3.4%,rows=387;candidate_error=3.1%;pyf_error=3.4%,older_late_rows=121;young_early_rows=1106,high_role_rows=538;low_sparse_role_rows=554,partial_coverage_not_full_2013_2025_comparable,ADDITIVE_CANDIDATE
GAUNTLET_049_WR_TWO_70_30__PLUS_SNAPDEPTH_FFOP_PCT025_025,nflverse_snap_depth_role+prior_sidecars,678,0.739,0.007,-0.016,rows=131;candidate_error=2.3%;pyf_error=2.3%,rows=131;candidate_error=2.3%;pyf_error=2.3%,older_late_rows=40;young_early_rows=346,high_role_rows=176;low_sparse_role_rows=181,partial_coverage_not_full_2013_2025_comparable,INTERACTION_ONLY
GAUNTLET_049_WR_TWO_70_30__PLUS_SNAPDEPTH_FFOP_PCT050_050,nflverse_snap_depth_role+prior_sidecars,678,0.739,0.007,-0.016,rows=131;candidate_error=2.3%;pyf_error=2.3%,rows=131;candidate_error=2.3%;pyf_error=2.3%,older_late_rows=40;young_early_rows=346,high_role_rows=176;low_sparse_role_rows=181,partial_coverage_not_full_2013_2025_comparable,INTERACTION_ONLY
GAUNTLET_049_WR_TWO_70_30__PLUS_SNAPDEPTH_FFOP_PCT050_025,nflverse_snap_depth_role+prior_sidecars,678,0.739,0.007,-0.016,rows=131;candidate_error=2.3%;pyf_error=2.3%,rows=131;candidate_error=2.3%;pyf_error=2.3%,older_late_rows=40;young_early_rows=346,high_role_rows=176;low_sparse_role_rows=181,partial_coverage_not_full_2013_2025_comparable,INTERACTION_ONLY
GAUNTLET_049_WR_TWO_70_30__PLUS_SNAPDEPTH_FFOP_PCT025_050,nflverse_snap_depth_role+prior_sidecars,678,0.740,0.007,-0.015,rows=131;candidate_error=2.3%;pyf_error=2.3%,rows=131;candidate_error=2.3%;pyf_error=2.3%,older_late_rows=40;young_early_rows=346,high_role_rows=176;low_sparse_role_rows=181,partial_coverage_not_full_2013_2025_comparable,INTERACTION_ONLY
GAUNTLET_049_WR_TWO_70_30__PLUS_SNAPDEPTH_NGS_PCT025_025,nflverse_snap_depth_role+prior_sidecars,386,0.692,0.008,-0.063,rows=29;candidate_error=6.9%;pyf_error=6.9%,rows=29;candidate_error=6.9%;pyf_error=6.9%,older_late_rows=25;young_early_rows=186,high_role_rows=133;low_sparse_role_rows=34,partial_coverage_not_full_2013_2025_comparable,INTERACTION_ONLY
GAUNTLET_049_WR_TWO_70_30__PLUS_SNAPDEPTH_NGS_PCT050_050,nflverse_snap_depth_role+prior_sidecars,386,0.693,0.008,-0.062,rows=29;candidate_error=6.9%;pyf_error=6.9%,rows=29;candidate_error=6.9%;pyf_error=6.9%,older_late_rows=25;young_early_rows=186,high_role_rows=133;low_sparse_role_rows=34,partial_coverage_not_full_2013_2025_comparable,INTERACTION_ONLY
GAUNTLET_049_WR_TWO_70_30__PLUS_SNAPDEPTH_NGS_PCT050_025,nflverse_snap_depth_role+prior_sidecars,386,0.691,0.007,-0.064,rows=29;candidate_error=6.9%;pyf_error=6.9%,rows=29;candidate_error=6.9%;pyf_error=6.9%,older_late_rows=25;young_early_rows=186,high_role_rows=133;low_sparse_role_rows=34,partial_coverage_not_full_2013_2025_comparable,INTERACTION_ONLY
GAUNTLET_049_WR_TWO_70_30__PLUS_SNAPDEPTH_NGS_PCT025_050,nflverse_snap_depth_role+prior_sidecars,386,0.694,0.010,-0.061,rows=29;candidate_error=6.9%;pyf_error=6.9%,rows=29;candidate_error=6.9%;pyf_error=6.9%,older_late_rows=25;young_early_rows=186,high_role_rows=133;low_sparse_role_rows=34,partial_coverage_not_full_2013_2025_comparable,INTERACTION_ONLY
GAUNTLET_049_WR_TWO_70_30__PLUS_SNAPDEPTH_EPA_PCT025_025,nflverse_snap_depth_role+prior_sidecars,2054,0.693,0.012,-0.062,rows=387;candidate_error=3.1%;pyf_error=3.4%,rows=387;candidate_error=3.1%;pyf_error=3.4%,older_late_rows=121;young_early_rows=1106,high_role_rows=538;low_sparse_role_rows=554,partial_coverage_not_full_2013_2025_comparable,ADDITIVE_CANDIDATE
GAUNTLET_049_WR_TWO_70_30__PLUS_SNAPDEPTH_EPA_PCT050_050,nflverse_snap_depth_role+prior_sidecars,2054,0.693,0.013,-0.062,rows=387;candidate_error=3.1%;pyf_error=3.4%,rows=387;candidate_error=3.1%;pyf_error=3.4%,older_late_rows=121;young_early_rows=1106,high_role_rows=538;low_sparse_role_rows=554,partial_coverage_not_full_2013_2025_comparable,ADDITIVE_CANDIDATE
GAUNTLET_049_WR_TWO_70_30__PLUS_SNAPDEPTH_EPA_PCT050_025,nflverse_snap_depth_role+prior_sidecars,2054,0.693,0.012,-0.062,rows=387;candidate_error=3.1%;pyf_error=3.4%,rows=387;candidate_error=3.1%;pyf_error=3.4%,older_late_rows=121;young_early_rows=1106,high_role_rows=538;low_sparse_role_rows=554,partial_coverage_not_full_2013_2025_comparable,ADDITIVE_CANDIDATE
GAUNTLET_049_WR_TWO_70_30__PLUS_SNAPDEPTH_EPA_PCT025_050,nflverse_snap_depth_role+prior_sidecars,2054,0.694,0.013,-0.061,rows=387;candidate_error=3.4%;pyf_error=3.4%,rows=387;candidate_error=3.4%;pyf_error=3.4%,older_late_rows=121;young_early_rows=1106,high_role_rows=538;low_sparse_role_rows=554,partial_coverage_not_full_2013_2025_comparable,ADDITIVE_CANDIDATE
GAUNTLET_049_WR_TWO_70_30__PLUS_SNAPDEPTH_RECOPP_PCT025_025,nflverse_snap_depth_role+prior_sidecars,2124,0.702,0.011,-0.053,rows=439;candidate_error=3.0%;pyf_error=3.0%,rows=439;candidate_error=3.0%;pyf_error=3.0%,older_late_rows=130;young_early_rows=1149,high_role_rows=538;low_sparse_role_rows=624,partial_coverage_not_full_2013_2025_comparable,ADDITIVE_CANDIDATE
GAUNTLET_049_WR_TWO_70_30__PLUS_SNAPDEPTH_RECOPP_PCT050_050,nflverse_snap_depth_role+prior_sidecars,2124,0.702,0.011,-0.053,rows=439;candidate_error=2.7%;pyf_error=3.0%,rows=439;candidate_error=2.7%;pyf_error=3.0%,older_late_rows=130;young_early_rows=1149,high_role_rows=538;low_sparse_role_rows=624,partial_coverage_not_full_2013_2025_comparable,ADDITIVE_CANDIDATE
GAUNTLET_049_WR_TWO_70_30__PLUS_SNAPDEPTH_RECOPP_PCT050_025,nflverse_snap_depth_role+prior_sidecars,2124,0.702,0.012,-0.053,rows=439;candidate_error=2.7%;pyf_error=3.0%,rows=439;candidate_error=2.7%;pyf_error=3.0%,older_late_rows=130;young_early_rows=1149,high_role_rows=538;low_sparse_role_rows=624,partial_coverage_not_full_2013_2025_comparable,ADDITIVE_CANDIDATE
GAUNTLET_049_WR_TWO_70_30__PLUS_SNAPDEPTH_RECOPP_PCT025_050,nflverse_snap_depth_role+prior_sidecars,2124,0.703,0.012,-0.052,rows=439;candidate_error=3.0%;pyf_error=3.0%,rows=439;candidate_error=3.0%;pyf_error=3.0%,older_late_rows=130;young_early_rows=1149,high_role_rows=538;low_sparse_role_rows=624,partial_coverage_not_full_2013_2025_comparable,ADDITIVE_CANDIDATE
GAUNTLET_049_WR_TWO_70_30__PLUS_SNAPDEPTH_FFOP_NGS_PCT025_050_025,nflverse_snap_depth_role+prior_sidecars,386,0.692,0.008,-0.063,rows=29;candidate_error=6.9%;pyf_error=6.9%,rows=29;candidate_error=6.9%;pyf_error=6.9%,older_late_rows=25;young_early_rows=186,high_role_rows=133;low_sparse_role_rows=34,partial_coverage_not_full_2013_2025_comparable,INTERACTION_ONLY
GAUNTLET_049_WR_TWO_70_30__PLUS_SNAPDEPTH_FFOP_NGS_PCT050_025_025,nflverse_snap_depth_role+prior_sidecars,386,0.691,0.006,-0.064,rows=29;candidate_error=6.9%;pyf_error=6.9%,rows=29;candidate_error=6.9%;pyf_error=6.9%,older_late_rows=25;young_early_rows=186,high_role_rows=133;low_sparse_role_rows=34,partial_coverage_not_full_2013_2025_comparable,INTERACTION_ONLY
GAUNTLET_049_WR_TWO_70_30__PLUS_SNAPDEPTH_RECOPP_FFOP_PCT025_025_050,nflverse_snap_depth_role+prior_sidecars,678,0.740,0.008,-0.015,rows=131;candidate_error=2.3%;pyf_error=2.3%,rows=131;candidate_error=2.3%;pyf_error=2.3%,older_late_rows=40;young_early_rows=346,high_role_rows=176;low_sparse_role_rows=181,partial_coverage_not_full_2013_2025_comparable,INTERACTION_ONLY
GAUNTLET_049_WR_TWO_70_30__PLUS_SNAPDEPTH_RECOPP_FFOP_PCT050_025_025,nflverse_snap_depth_role+prior_sidecars,678,0.739,0.007,-0.016,rows=131;candidate_error=2.3%;pyf_error=2.3%,rows=131;candidate_error=2.3%;pyf_error=2.3%,older_late_rows=40;young_early_rows=346,high_role_rows=176;low_sparse_role_rows=181,partial_coverage_not_full_2013_2025_comparable,INTERACTION_ONLY
GAUNTLET_049_WR_TWO_70_30__PLUS_SNAPDEPTH_EPA_RECOPP_PCT025_025_050,nflverse_snap_depth_role+prior_sidecars,2054,0.693,0.012,-0.062,rows=387;candidate_error=3.4%;pyf_error=3.4%,rows=387;candidate_error=3.4%;pyf_error=3.4%,older_late_rows=121;young_early_rows=1106,high_role_rows=538;low_sparse_role_rows=554,partial_coverage_not_full_2013_2025_comparable,ADDITIVE_CANDIDATE
GAUNTLET_049_WR_TWO_70_30__PLUS_SNAPDEPTH_EPA_RECOPP_PCT050_025_025,nflverse_snap_depth_role+prior_sidecars,2054,0.693,0.012,-0.062,rows=387;candidate_error=3.4%;pyf_error=3.4%,rows=387;candidate_error=3.4%;pyf_error=3.4%,older_late_rows=121;young_early_rows=1106,high_role_rows=538;low_sparse_role_rows=554,partial_coverage_not_full_2013_2025_comparable,ADDITIVE_CANDIDATE
GAUNTLET_093_ROLE_RB_TOUCH_ROLE_REPORT__PLUS_SNAPDEPTH_FFOP_PCT025_025,nflverse_snap_depth_role+prior_sidecars,428,0.707,0.019,-0.048,rows=91;candidate_error=3.3%;pyf_error=5.5%,rows=91;candidate_error=3.3%;pyf_error=5.5%,older_late_rows=11;young_early_rows=243,high_role_rows=113;low_sparse_role_rows=126,partial_coverage_not_full_2013_2025_comparable,INTERACTION_ONLY
GAUNTLET_093_ROLE_RB_TOUCH_ROLE_REPORT__PLUS_SNAPDEPTH_FFOP_PCT050_050,nflverse_snap_depth_role+prior_sidecars,428,0.707,0.019,-0.048,rows=91;candidate_error=3.3%;pyf_error=5.5%,rows=91;candidate_error=3.3%;pyf_error=5.5%,older_late_rows=11;young_early_rows=243,high_role_rows=113;low_sparse_role_rows=126,partial_coverage_not_full_2013_2025_comparable,INTERACTION_ONLY
GAUNTLET_093_ROLE_RB_TOUCH_ROLE_REPORT__PLUS_SNAPDEPTH_FFOP_PCT050_025,nflverse_snap_depth_role+prior_sidecars,428,0.706,0.018,-0.049,rows=91;candidate_error=3.3%;pyf_error=5.5%,rows=91;candidate_error=3.3%;pyf_error=5.5%,older_late_rows=11;young_early_rows=243,high_role_rows=113;low_sparse_role_rows=126,partial_coverage_not_full_2013_2025_comparable,INTERACTION_ONLY
GAUNTLET_093_ROLE_RB_TOUCH_ROLE_REPORT__PLUS_SNAPDEPTH_FFOP_PCT025_050,nflverse_snap_depth_role+prior_sidecars,428,0.707,0.019,-0.048,rows=91;candidate_error=3.3%;pyf_error=5.5%,rows=91;candidate_error=3.3%;pyf_error=5.5%,older_late_rows=11;young_early_rows=243,high_role_rows=113;low_sparse_role_rows=126,partial_coverage_not_full_2013_2025_comparable,INTERACTION_ONLY
GAUNTLET_093_ROLE_RB_TOUCH_ROLE_REPORT__PLUS_SNAPDEPTH_NGS_PCT025_025,nflverse_snap_depth_role+prior_sidecars,227,0.643,0.007,-0.112,rows=25;candidate_error=8.0%;pyf_error=12.0%,rows=25;candidate_error=8.0%;pyf_error=12.0%,older_late_rows=7;young_early_rows=120,high_role_rows=87;low_sparse_role_rows=26,partial_coverage_not_full_2013_2025_comparable,INTERACTION_ONLY
GAUNTLET_093_ROLE_RB_TOUCH_ROLE_REPORT__PLUS_SNAPDEPTH_NGS_PCT050_050,nflverse_snap_depth_role+prior_sidecars,227,0.644,0.009,-0.111,rows=25;candidate_error=8.0%;pyf_error=12.0%,rows=25;candidate_error=8.0%;pyf_error=12.0%,older_late_rows=7;young_early_rows=120,high_role_rows=87;low_sparse_role_rows=26,partial_coverage_not_full_2013_2025_comparable,INTERACTION_ONLY
GAUNTLET_093_ROLE_RB_TOUCH_ROLE_REPORT__PLUS_SNAPDEPTH_NGS_PCT050_025,nflverse_snap_depth_role+prior_sidecars,227,0.642,0.007,-0.113,rows=25;candidate_error=8.0%;pyf_error=12.0%,rows=25;candidate_error=8.0%;pyf_error=12.0%,older_late_rows=7;young_early_rows=120,high_role_rows=87;low_sparse_role_rows=26,partial_coverage_not_full_2013_2025_comparable,INTERACTION_ONLY
GAUNTLET_093_ROLE_RB_TOUCH_ROLE_REPORT__PLUS_SNAPDEPTH_NGS_PCT025_050,nflverse_snap_depth_role+prior_sidecars,227,0.648,0.013,-0.107,rows=25;candidate_error=8.0%;pyf_error=12.0%,rows=25;candidate_error=8.0%;pyf_error=12.0%,older_late_rows=7;young_early_rows=120,high_role_rows=87;low_sparse_role_rows=26,partial_coverage_not_full_2013_2025_comparable,INTERACTION_ONLY
GAUNTLET_093_ROLE_RB_TOUCH_ROLE_REPORT__PLUS_SNAPDEPTH_EPA_PCT025_025,nflverse_snap_depth_role+prior_sidecars,1389,0.641,0.021,-0.114,rows=312;candidate_error=5.8%;pyf_error=6.4%,rows=312;candidate_error=5.8%;pyf_error=6.4%,older_late_rows=49;young_early_rows=817,high_role_rows=361;low_sparse_role_rows=439,partial_coverage_not_full_2013_2025_comparable,ADDITIVE_CANDIDATE
GAUNTLET_093_ROLE_RB_TOUCH_ROLE_REPORT__PLUS_SNAPDEPTH_EPA_PCT050_050,nflverse_snap_depth_role+prior_sidecars,1389,0.643,0.022,-0.112,rows=312;candidate_error=5.4%;pyf_error=6.4%,rows=312;candidate_error=5.4%;pyf_error=6.4%,older_late_rows=49;young_early_rows=817,high_role_rows=361;low_sparse_role_rows=439,partial_coverage_not_full_2013_2025_comparable,ADDITIVE_CANDIDATE
GAUNTLET_093_ROLE_RB_TOUCH_ROLE_REPORT__PLUS_SNAPDEPTH_EPA_PCT050_025,nflverse_snap_depth_role+prior_sidecars,1389,0.641,0.020,-0.114,rows=312;candidate_error=5.4%;pyf_error=6.4%,rows=312;candidate_error=5.4%;pyf_error=6.4%,older_late_rows=49;young_early_rows=817,high_role_rows=361;low_sparse_role_rows=439,partial_coverage_not_full_2013_2025_comparable,ADDITIVE_CANDIDATE
GAUNTLET_093_ROLE_RB_TOUCH_ROLE_REPORT__PLUS_SNAPDEPTH_EPA_PCT025_050,nflverse_snap_depth_role+prior_sidecars,1389,0.643,0.022,-0.112,rows=312;candidate_error=5.4%;pyf_error=6.4%,rows=312;candidate_error=5.4%;pyf_error=6.4%,older_late_rows=49;young_early_rows=817,high_role_rows=361;low_sparse_role_rows=439,partial_coverage_not_full_2013_2025_comparable,ADDITIVE_CANDIDATE
GAUNTLET_093_ROLE_RB_TOUCH_ROLE_REPORT__PLUS_SNAPDEPTH_RECOPP_PCT025_025,nflverse_snap_depth_role+prior_sidecars,1429,0.650,0.017,-0.105,rows=344;candidate_error=5.2%;pyf_error=5.8%,rows=344;candidate_error=5.2%;pyf_error=5.8%,older_late_rows=50;young_early_rows=844,high_role_rows=361;low_sparse_role_rows=479,partial_coverage_not_full_2013_2025_comparable,ADDITIVE_CANDIDATE
GAUNTLET_093_ROLE_RB_TOUCH_ROLE_REPORT__PLUS_SNAPDEPTH_RECOPP_PCT050_050,nflverse_snap_depth_role+prior_sidecars,1429,0.650,0.017,-0.105,rows=344;candidate_error=4.9%;pyf_error=5.8%,rows=344;candidate_error=4.9%;pyf_error=5.8%,older_late_rows=50;young_early_rows=844,high_role_rows=361;low_sparse_role_rows=479,partial_coverage_not_full_2013_2025_comparable,ADDITIVE_CANDIDATE
GAUNTLET_093_ROLE_RB_TOUCH_ROLE_REPORT__PLUS_SNAPDEPTH_RECOPP_PCT050_025,nflverse_snap_depth_role+prior_sidecars,1429,0.650,0.017,-0.105,rows=344;candidate_error=5.2%;pyf_error=5.8%,rows=344;candidate_error=5.2%;pyf_error=5.8%,older_late_rows=50;young_early_rows=844,high_role_rows=361;low_sparse_role_rows=479,partial_coverage_not_full_2013_2025_comparable,ADDITIVE_CANDIDATE
GAUNTLET_093_ROLE_RB_TOUCH_ROLE_REPORT__PLUS_SNAPDEPTH_RECOPP_PCT025_050,nflverse_snap_depth_role+prior_sidecars,1429,0.650,0.017,-0.105,rows=344;candidate_error=4.9%;pyf_error=5.8%,rows=344;candidate_error=4.9%;pyf_error=5.8%,older_late_rows=50;young_early_rows=844,high_role_rows=361;low_sparse_role_rows=479,partial_coverage_not_full_2013_2025_comparable,ADDITIVE_CANDIDATE
GAUNTLET_093_ROLE_RB_TOUCH_ROLE_REPORT__PLUS_SNAPDEPTH_FFOP_NGS_PCT025_050_025,nflverse_snap_depth_role+prior_sidecars,226,0.643,0.009,-0.112,rows=25;candidate_error=8.0%;pyf_error=12.0%,rows=25;candidate_error=8.0%;pyf_error=12.0%,older_late_rows=7;young_early_rows=120,high_role_rows=87;low_sparse_role_rows=26,partial_coverage_not_full_2013_2025_comparable,INTERACTION_ONLY
GAUNTLET_093_ROLE_RB_TOUCH_ROLE_REPORT__PLUS_SNAPDEPTH_FFOP_NGS_PCT050_025_025,nflverse_snap_depth_role+prior_sidecars,226,0.642,0.008,-0.113,rows=25;candidate_error=8.0%;pyf_error=12.0%,rows=25;candidate_error=8.0%;pyf_error=12.0%,older_late_rows=7;young_early_rows=120,high_role_rows=87;low_sparse_role_rows=26,partial_coverage_not_full_2013_2025_comparable,INTERACTION_ONLY
GAUNTLET_093_ROLE_RB_TOUCH_ROLE_REPORT__PLUS_SNAPDEPTH_RECOPP_FFOP_PCT025_025_050,nflverse_snap_depth_role+prior_sidecars,428,0.707,0.019,-0.048,rows=91;candidate_error=3.3%;pyf_error=5.5%,rows=91;candidate_error=3.3%;pyf_error=5.5%,older_late_rows=11;young_early_rows=243,high_role_rows=113;low_sparse_role_rows=126,partial_coverage_not_full_2013_2025_comparable,INTERACTION_ONLY
GAUNTLET_093_ROLE_RB_TOUCH_ROLE_REPORT__PLUS_SNAPDEPTH_RECOPP_FFOP_PCT050_025_025,nflverse_snap_depth_role+prior_sidecars,428,0.706,0.019,-0.049,rows=91;candidate_error=3.3%;pyf_error=5.5%,rows=91;candidate_error=3.3%;pyf_error=5.5%,older_late_rows=11;young_early_rows=243,high_role_rows=113;low_sparse_role_rows=126,partial_coverage_not_full_2013_2025_comparable,INTERACTION_ONLY
GAUNTLET_093_ROLE_RB_TOUCH_ROLE_REPORT__PLUS_SNAPDEPTH_EPA_RECOPP_PCT025_025_050,nflverse_snap_depth_role+prior_sidecars,1389,0.640,0.019,-0.115,rows=312;candidate_error=5.4%;pyf_error=6.4%,rows=312;candidate_error=5.4%;pyf_error=6.4%,older_late_rows=49;young_early_rows=817,high_role_rows=361;low_sparse_role_rows=439,partial_coverage_not_full_2013_2025_comparable,ADDITIVE_CANDIDATE
GAUNTLET_093_ROLE_RB_TOUCH_ROLE_REPORT__PLUS_SNAPDEPTH_EPA_RECOPP_PCT050_025_025,nflverse_snap_depth_role+prior_sidecars,1389,0.641,0.020,-0.114,rows=312;candidate_error=5.8%;pyf_error=6.4%,rows=312;candidate_error=5.8%;pyf_error=6.4%,older_late_rows=49;young_early_rows=817,high_role_rows=361;low_sparse_role_rows=439,partial_coverage_not_full_2013_2025_comparable,ADDITIVE_CANDIDATE
GAUNTLET_102_HYBRID_RB_THREE_60_ROLE_AGE__PLUS_SNAPDEPTH_FFOP_PCT025_025,nflverse_snap_depth_role+prior_sidecars,428,0.707,0.019,-0.048,rows=91;candidate_error=3.3%;pyf_error=5.5%,rows=91;candidate_error=3.3%;pyf_error=5.5%,older_late_rows=11;young_early_rows=243,high_role_rows=113;low_sparse_role_rows=126,partial_coverage_not_full_2013_2025_comparable,INTERACTION_ONLY
GAUNTLET_102_HYBRID_RB_THREE_60_ROLE_AGE__PLUS_SNAPDEPTH_FFOP_PCT050_050,nflverse_snap_depth_role+prior_sidecars,428,0.707,0.019,-0.048,rows=91;candidate_error=3.3%;pyf_error=5.5%,rows=91;candidate_error=3.3%;pyf_error=5.5%,older_late_rows=11;young_early_rows=243,high_role_rows=113;low_sparse_role_rows=126,partial_coverage_not_full_2013_2025_comparable,INTERACTION_ONLY
GAUNTLET_102_HYBRID_RB_THREE_60_ROLE_AGE__PLUS_SNAPDEPTH_FFOP_PCT050_025,nflverse_snap_depth_role+prior_sidecars,428,0.707,0.019,-0.048,rows=91;candidate_error=3.3%;pyf_error=5.5%,rows=91;candidate_error=3.3%;pyf_error=5.5%,older_late_rows=11;young_early_rows=243,high_role_rows=113;low_sparse_role_rows=126,partial_coverage_not_full_2013_2025_comparable,INTERACTION_ONLY
GAUNTLET_102_HYBRID_RB_THREE_60_ROLE_AGE__PLUS_SNAPDEPTH_FFOP_PCT025_050,nflverse_snap_depth_role+prior_sidecars,428,0.707,0.019,-0.048,rows=91;candidate_error=3.3%;pyf_error=5.5%,rows=91;candidate_error=3.3%;pyf_error=5.5%,older_late_rows=11;young_early_rows=243,high_role_rows=113;low_sparse_role_rows=126,partial_coverage_not_full_2013_2025_comparable,INTERACTION_ONLY
GAUNTLET_102_HYBRID_RB_THREE_60_ROLE_AGE__PLUS_SNAPDEPTH_NGS_PCT025_025,nflverse_snap_depth_role+prior_sidecars,227,0.643,0.008,-0.112,rows=25;candidate_error=8.0%;pyf_error=12.0%,rows=25;candidate_error=8.0%;pyf_error=12.0%,older_late_rows=7;young_early_rows=120,high_role_rows=87;low_sparse_role_rows=26,partial_coverage_not_full_2013_2025_comparable,INTERACTION_ONLY
GAUNTLET_102_HYBRID_RB_THREE_60_ROLE_AGE__PLUS_SNAPDEPTH_NGS_PCT050_050,nflverse_snap_depth_role+prior_sidecars,227,0.645,0.010,-0.110,rows=25;candidate_error=8.0%;pyf_error=12.0%,rows=25;candidate_error=8.0%;pyf_error=12.0%,older_late_rows=7;young_early_rows=120,high_role_rows=87;low_sparse_role_rows=26,partial_coverage_not_full_2013_2025_comparable,INTERACTION_ONLY
GAUNTLET_102_HYBRID_RB_THREE_60_ROLE_AGE__PLUS_SNAPDEPTH_NGS_PCT050_025,nflverse_snap_depth_role+prior_sidecars,227,0.643,0.008,-0.112,rows=25;candidate_error=8.0%;pyf_error=12.0%,rows=25;candidate_error=8.0%;pyf_error=12.0%,older_late_rows=7;young_early_rows=120,high_role_rows=87;low_sparse_role_rows=26,partial_coverage_not_full_2013_2025_comparable,INTERACTION_ONLY
GAUNTLET_102_HYBRID_RB_THREE_60_ROLE_AGE__PLUS_SNAPDEPTH_NGS_PCT025_050,nflverse_snap_depth_role+prior_sidecars,227,0.649,0.014,-0.106,rows=25;candidate_error=8.0%;pyf_error=12.0%,rows=25;candidate_error=8.0%;pyf_error=12.0%,older_late_rows=7;young_early_rows=120,high_role_rows=87;low_sparse_role_rows=26,partial_coverage_not_full_2013_2025_comparable,INTERACTION_ONLY
GAUNTLET_102_HYBRID_RB_THREE_60_ROLE_AGE__PLUS_SNAPDEPTH_EPA_PCT025_025,nflverse_snap_depth_role+prior_sidecars,1389,0.642,0.021,-0.113,rows=312;candidate_error=5.8%;pyf_error=6.4%,rows=312;candidate_error=5.8%;pyf_error=6.4%,older_late_rows=49;young_early_rows=817,high_role_rows=361;low_sparse_role_rows=439,partial_coverage_not_full_2013_2025_comparable,ADDITIVE_CANDIDATE
GAUNTLET_102_HYBRID_RB_THREE_60_ROLE_AGE__PLUS_SNAPDEPTH_EPA_PCT050_050,nflverse_snap_depth_role+prior_sidecars,1389,0.643,0.022,-0.112,rows=312;candidate_error=5.4%;pyf_error=6.4%,rows=312;candidate_error=5.4%;pyf_error=6.4%,older_late_rows=49;young_early_rows=817,high_role_rows=361;low_sparse_role_rows=439,partial_coverage_not_full_2013_2025_comparable,ADDITIVE_CANDIDATE
GAUNTLET_102_HYBRID_RB_THREE_60_ROLE_AGE__PLUS_SNAPDEPTH_EPA_PCT050_025,nflverse_snap_depth_role+prior_sidecars,1389,0.641,0.021,-0.114,rows=312;candidate_error=5.4%;pyf_error=6.4%,rows=312;candidate_error=5.4%;pyf_error=6.4%,older_late_rows=49;young_early_rows=817,high_role_rows=361;low_sparse_role_rows=439,partial_coverage_not_full_2013_2025_comparable,ADDITIVE_CANDIDATE
GAUNTLET_102_HYBRID_RB_THREE_60_ROLE_AGE__PLUS_SNAPDEPTH_EPA_PCT025_050,nflverse_snap_depth_role+prior_sidecars,1389,0.644,0.023,-0.111,rows=312;candidate_error=5.4%;pyf_error=6.4%,rows=312;candidate_error=5.4%;pyf_error=6.4%,older_late_rows=49;young_early_rows=817,high_role_rows=361;low_sparse_role_rows=439,partial_coverage_not_full_2013_2025_comparable,ADDITIVE_CANDIDATE
GAUNTLET_102_HYBRID_RB_THREE_60_ROLE_AGE__PLUS_SNAPDEPTH_RECOPP_PCT025_025,nflverse_snap_depth_role+prior_sidecars,1429,0.651,0.018,-0.104,rows=344;candidate_error=5.2%;pyf_error=5.8%,rows=344;candidate_error=5.2%;pyf_error=5.8%,older_late_rows=50;young_early_rows=844,high_role_rows=361;low_sparse_role_rows=479,partial_coverage_not_full_2013_2025_comparable,ADDITIVE_CANDIDATE
GAUNTLET_102_HYBRID_RB_THREE_60_ROLE_AGE__PLUS_SNAPDEPTH_RECOPP_PCT050_050,nflverse_snap_depth_role+prior_sidecars,1429,0.650,0.017,-0.105,rows=344;candidate_error=4.9%;pyf_error=5.8%,rows=344;candidate_error=4.9%;pyf_error=5.8%,older_late_rows=50;young_early_rows=844,high_role_rows=361;low_sparse_role_rows=479,partial_coverage_not_full_2013_2025_comparable,ADDITIVE_CANDIDATE
GAUNTLET_102_HYBRID_RB_THREE_60_ROLE_AGE__PLUS_SNAPDEPTH_RECOPP_PCT050_025,nflverse_snap_depth_role+prior_sidecars,1429,0.651,0.018,-0.104,rows=344;candidate_error=5.2%;pyf_error=5.8%,rows=344;candidate_error=5.2%;pyf_error=5.8%,older_late_rows=50;young_early_rows=844,high_role_rows=361;low_sparse_role_rows=479,partial_coverage_not_full_2013_2025_comparable,ADDITIVE_CANDIDATE
GAUNTLET_102_HYBRID_RB_THREE_60_ROLE_AGE__PLUS_SNAPDEPTH_RECOPP_PCT025_050,nflverse_snap_depth_role+prior_sidecars,1429,0.650,0.017,-0.105,rows=344;candidate_error=4.9%;pyf_error=5.8%,rows=344;candidate_error=4.9%;pyf_error=5.8%,older_late_rows=50;young_early_rows=844,high_role_rows=361;low_sparse_role_rows=479,partial_coverage_not_full_2013_2025_comparable,ADDITIVE_CANDIDATE
GAUNTLET_102_HYBRID_RB_THREE_60_ROLE_AGE__PLUS_SNAPDEPTH_FFOP_NGS_PCT025_050_025,nflverse_snap_depth_role+prior_sidecars,226,0.645,0.011,-0.110,rows=25;candidate_error=8.0%;pyf_error=12.0%,rows=25;candidate_error=8.0%;pyf_error=12.0%,older_late_rows=7;young_early_rows=120,high_role_rows=87;low_sparse_role_rows=26,partial_coverage_not_full_2013_2025_comparable,INTERACTION_ONLY
GAUNTLET_102_HYBRID_RB_THREE_60_ROLE_AGE__PLUS_SNAPDEPTH_FFOP_NGS_PCT050_025_025,nflverse_snap_depth_role+prior_sidecars,226,0.644,0.010,-0.111,rows=25;candidate_error=8.0%;pyf_error=12.0%,rows=25;candidate_error=8.0%;pyf_error=12.0%,older_late_rows=7;young_early_rows=120,high_role_rows=87;low_sparse_role_rows=26,partial_coverage_not_full_2013_2025_comparable,INTERACTION_ONLY
GAUNTLET_102_HYBRID_RB_THREE_60_ROLE_AGE__PLUS_SNAPDEPTH_RECOPP_FFOP_PCT025_025_050,nflverse_snap_depth_role+prior_sidecars,428,0.707,0.019,-0.048,rows=91;candidate_error=3.3%;pyf_error=5.5%,rows=91;candidate_error=3.3%;pyf_error=5.5%,older_late_rows=11;young_early_rows=243,high_role_rows=113;low_sparse_role_rows=126,partial_coverage_not_full_2013_2025_comparable,INTERACTION_ONLY
GAUNTLET_102_HYBRID_RB_THREE_60_ROLE_AGE__PLUS_SNAPDEPTH_RECOPP_FFOP_PCT050_025_025,nflverse_snap_depth_role+prior_sidecars,428,0.707,0.019,-0.048,rows=91;candidate_error=3.3%;pyf_error=5.5%,rows=91;candidate_error=3.3%;pyf_error=5.5%,older_late_rows=11;young_early_rows=243,high_role_rows=113;low_sparse_role_rows=126,partial_coverage_not_full_2013_2025_comparable,INTERACTION_ONLY
GAUNTLET_102_HYBRID_RB_THREE_60_ROLE_AGE__PLUS_SNAPDEPTH_EPA_RECOPP_PCT025_025_050,nflverse_snap_depth_role+prior_sidecars,1389,0.640,0.020,-0.115,rows=312;candidate_error=5.4%;pyf_error=6.4%,rows=312;candidate_error=5.4%;pyf_error=6.4%,older_late_rows=49;young_early_rows=817,high_role_rows=361;low_sparse_role_rows=439,partial_coverage_not_full_2013_2025_comparable,ADDITIVE_CANDIDATE
GAUNTLET_102_HYBRID_RB_THREE_60_ROLE_AGE__PLUS_SNAPDEPTH_EPA_RECOPP_PCT050_025_025,nflverse_snap_depth_role+prior_sidecars,1389,0.641,0.020,-0.114,rows=312;candidate_error=5.8%;pyf_error=6.4%,rows=312;candidate_error=5.8%;pyf_error=6.4%,older_late_rows=49;young_early_rows=817,high_role_rows=361;low_sparse_role_rows=439,partial_coverage_not_full_2013_2025_comparable,ADDITIVE_CANDIDATE
GAUNTLET_044_RB_THREE_70_20_10__PLUS_SNAPDEPTH_FFOP_PCT025_025,nflverse_snap_depth_role+prior_sidecars,428,0.710,0.022,-0.045,rows=91;candidate_error=4.4%;pyf_error=5.5%,rows=91;candidate_error=4.4%;pyf_error=5.5%,older_late_rows=11;young_early_rows=243,high_role_rows=113;low_sparse_role_rows=126,partial_coverage_not_full_2013_2025_comparable,INTERACTION_ONLY
GAUNTLET_044_RB_THREE_70_20_10__PLUS_SNAPDEPTH_FFOP_PCT050_050,nflverse_snap_depth_role+prior_sidecars,428,0.709,0.021,-0.046,rows=91;candidate_error=4.4%;pyf_error=5.5%,rows=91;candidate_error=4.4%;pyf_error=5.5%,older_late_rows=11;young_early_rows=243,high_role_rows=113;low_sparse_role_rows=126,partial_coverage_not_full_2013_2025_comparable,INTERACTION_ONLY
GAUNTLET_044_RB_THREE_70_20_10__PLUS_SNAPDEPTH_FFOP_PCT050_025,nflverse_snap_depth_role+prior_sidecars,428,0.709,0.021,-0.046,rows=91;candidate_error=4.4%;pyf_error=5.5%,rows=91;candidate_error=4.4%;pyf_error=5.5%,older_late_rows=11;young_early_rows=243,high_role_rows=113;low_sparse_role_rows=126,partial_coverage_not_full_2013_2025_comparable,INTERACTION_ONLY
GAUNTLET_044_RB_THREE_70_20_10__PLUS_SNAPDEPTH_FFOP_PCT025_050,nflverse_snap_depth_role+prior_sidecars,428,0.709,0.021,-0.046,rows=91;candidate_error=4.4%;pyf_error=5.5%,rows=91;candidate_error=4.4%;pyf_error=5.5%,older_late_rows=11;young_early_rows=243,high_role_rows=113;low_sparse_role_rows=126,partial_coverage_not_full_2013_2025_comparable,INTERACTION_ONLY
GAUNTLET_044_RB_THREE_70_20_10__PLUS_SNAPDEPTH_NGS_PCT025_025,nflverse_snap_depth_role+prior_sidecars,227,0.649,0.014,-0.106,rows=25;candidate_error=8.0%;pyf_error=12.0%,rows=25;candidate_error=8.0%;pyf_error=12.0%,older_late_rows=7;young_early_rows=120,high_role_rows=87;low_sparse_role_rows=26,partial_coverage_not_full_2013_2025_comparable,INTERACTION_ONLY
GAUNTLET_044_RB_THREE_70_20_10__PLUS_SNAPDEPTH_NGS_PCT050_050,nflverse_snap_depth_role+prior_sidecars,227,0.650,0.015,-0.105,rows=25;candidate_error=8.0%;pyf_error=12.0%,rows=25;candidate_error=8.0%;pyf_error=12.0%,older_late_rows=7;young_early_rows=120,high_role_rows=87;low_sparse_role_rows=26,partial_coverage_not_full_2013_2025_comparable,INTERACTION_ONLY
GAUNTLET_044_RB_THREE_70_20_10__PLUS_SNAPDEPTH_NGS_PCT050_025,nflverse_snap_depth_role+prior_sidecars,227,0.647,0.012,-0.108,rows=25;candidate_error=8.0%;pyf_error=12.0%,rows=25;candidate_error=8.0%;pyf_error=12.0%,older_late_rows=7;young_early_rows=120,high_role_rows=87;low_sparse_role_rows=26,partial_coverage_not_full_2013_2025_comparable,INTERACTION_ONLY
GAUNTLET_044_RB_THREE_70_20_10__PLUS_SNAPDEPTH_NGS_PCT025_050,nflverse_snap_depth_role+prior_sidecars,227,0.651,0.016,-0.104,rows=25;candidate_error=8.0%;pyf_error=12.0%,rows=25;candidate_error=8.0%;pyf_error=12.0%,older_late_rows=7;young_early_rows=120,high_role_rows=87;low_sparse_role_rows=26,partial_coverage_not_full_2013_2025_comparable,INTERACTION_ONLY
GAUNTLET_044_RB_THREE_70_20_10__PLUS_SNAPDEPTH_EPA_PCT025_025,nflverse_snap_depth_role+prior_sidecars,1389,0.640,0.019,-0.115,rows=312;candidate_error=6.1%;pyf_error=6.4%,rows=312;candidate_error=6.1%;pyf_error=6.4%,older_late_rows=49;young_early_rows=817,high_role_rows=361;low_sparse_role_rows=439,partial_coverage_not_full_2013_2025_comparable,ADDITIVE_CANDIDATE
GAUNTLET_044_RB_THREE_70_20_10__PLUS_SNAPDEPTH_EPA_PCT050_050,nflverse_snap_depth_role+prior_sidecars,1389,0.641,0.020,-0.114,rows=312;candidate_error=6.4%;pyf_error=6.4%,rows=312;candidate_error=6.4%;pyf_error=6.4%,older_late_rows=49;young_early_rows=817,high_role_rows=361;low_sparse_role_rows=439,partial_coverage_not_full_2013_2025_comparable,ADDITIVE_CANDIDATE
GAUNTLET_044_RB_THREE_70_20_10__PLUS_SNAPDEPTH_EPA_PCT050_025,nflverse_snap_depth_role+prior_sidecars,1389,0.640,0.019,-0.115,rows=312;candidate_error=6.1%;pyf_error=6.4%,rows=312;candidate_error=6.1%;pyf_error=6.4%,older_late_rows=49;young_early_rows=817,high_role_rows=361;low_sparse_role_rows=439,partial_coverage_not_full_2013_2025_comparable,ADDITIVE_CANDIDATE
GAUNTLET_044_RB_THREE_70_20_10__PLUS_SNAPDEPTH_EPA_PCT025_050,nflverse_snap_depth_role+prior_sidecars,1389,0.641,0.020,-0.114,rows=312;candidate_error=6.4%;pyf_error=6.4%,rows=312;candidate_error=6.4%;pyf_error=6.4%,older_late_rows=49;young_early_rows=817,high_role_rows=361;low_sparse_role_rows=439,partial_coverage_not_full_2013_2025_comparable,ADDITIVE_CANDIDATE
GAUNTLET_044_RB_THREE_70_20_10__PLUS_SNAPDEPTH_RECOPP_PCT025_025,nflverse_snap_depth_role+prior_sidecars,1429,0.649,0.016,-0.106,rows=344;candidate_error=5.5%;pyf_error=5.8%,rows=344;candidate_error=5.5%;pyf_error=5.8%,older_late_rows=50;young_early_rows=844,high_role_rows=361;low_sparse_role_rows=479,partial_coverage_not_full_2013_2025_comparable,ADDITIVE_CANDIDATE
GAUNTLET_044_RB_THREE_70_20_10__PLUS_SNAPDEPTH_RECOPP_PCT050_050,nflverse_snap_depth_role+prior_sidecars,1429,0.649,0.016,-0.106,rows=344;candidate_error=5.5%;pyf_error=5.8%,rows=344;candidate_error=5.5%;pyf_error=5.8%,older_late_rows=50;young_early_rows=844,high_role_rows=361;low_sparse_role_rows=479,partial_coverage_not_full_2013_2025_comparable,ADDITIVE_CANDIDATE
GAUNTLET_044_RB_THREE_70_20_10__PLUS_SNAPDEPTH_RECOPP_PCT050_025,nflverse_snap_depth_role+prior_sidecars,1429,0.650,0.017,-0.105,rows=344;candidate_error=5.5%;pyf_error=5.8%,rows=344;candidate_error=5.5%;pyf_error=5.8%,older_late_rows=50;young_early_rows=844,high_role_rows=361;low_sparse_role_rows=479,partial_coverage_not_full_2013_2025_comparable,ADDITIVE_CANDIDATE
GAUNTLET_044_RB_THREE_70_20_10__PLUS_SNAPDEPTH_RECOPP_PCT025_050,nflverse_snap_depth_role+prior_sidecars,1429,0.649,0.015,-0.106,rows=344;candidate_error=5.5%;pyf_error=5.8%,rows=344;candidate_error=5.5%;pyf_error=5.8%,older_late_rows=50;young_early_rows=844,high_role_rows=361;low_sparse_role_rows=479,partial_coverage_not_full_2013_2025_comparable,ADDITIVE_CANDIDATE
GAUNTLET_044_RB_THREE_70_20_10__PLUS_SNAPDEPTH_FFOP_NGS_PCT025_050_025,nflverse_snap_depth_role+prior_sidecars,226,0.648,0.014,-0.107,rows=25;candidate_error=8.0%;pyf_error=12.0%,rows=25;candidate_error=8.0%;pyf_error=12.0%,older_late_rows=7;young_early_rows=120,high_role_rows=87;low_sparse_role_rows=26,partial_coverage_not_full_2013_2025_comparable,INTERACTION_ONLY
GAUNTLET_044_RB_THREE_70_20_10__PLUS_SNAPDEPTH_FFOP_NGS_PCT050_025_025,nflverse_snap_depth_role+prior_sidecars,226,0.647,0.013,-0.108,rows=25;candidate_error=8.0%;pyf_error=12.0%,rows=25;candidate_error=8.0%;pyf_error=12.0%,older_late_rows=7;young_early_rows=120,high_role_rows=87;low_sparse_role_rows=26,partial_coverage_not_full_2013_2025_comparable,INTERACTION_ONLY
GAUNTLET_044_RB_THREE_70_20_10__PLUS_SNAPDEPTH_RECOPP_FFOP_PCT025_025_050,nflverse_snap_depth_role+prior_sidecars,428,0.710,0.022,-0.045,rows=91;candidate_error=4.4%;pyf_error=5.5%,rows=91;candidate_error=4.4%;pyf_error=5.5%,older_late_rows=11;young_early_rows=243,high_role_rows=113;low_sparse_role_rows=126,partial_coverage_not_full_2013_2025_comparable,INTERACTION_ONLY
GAUNTLET_044_RB_THREE_70_20_10__PLUS_SNAPDEPTH_RECOPP_FFOP_PCT050_025_025,nflverse_snap_depth_role+prior_sidecars,428,0.710,0.022,-0.045,rows=91;candidate_error=4.4%;pyf_error=5.5%,rows=91;candidate_error=4.4%;pyf_error=5.5%,older_late_rows=11;young_early_rows=243,high_role_rows=113;low_sparse_role_rows=126,partial_coverage_not_full_2013_2025_comparable,INTERACTION_ONLY
GAUNTLET_044_RB_THREE_70_20_10__PLUS_SNAPDEPTH_EPA_RECOPP_PCT025_025_050,nflverse_snap_depth_role+prior_sidecars,1389,0.639,0.018,-0.116,rows=312;candidate_error=6.4%;pyf_error=6.4%,rows=312;candidate_error=6.4%;pyf_error=6.4%,older_late_rows=49;young_early_rows=817,high_role_rows=361;low_sparse_role_rows=439,partial_coverage_not_full_2013_2025_comparable,ADDITIVE_CANDIDATE
GAUNTLET_044_RB_THREE_70_20_10__PLUS_SNAPDEPTH_EPA_RECOPP_PCT050_025_025,nflverse_snap_depth_role+prior_sidecars,1389,0.639,0.018,-0.116,rows=312;candidate_error=6.1%;pyf_error=6.4%,rows=312;candidate_error=6.1%;pyf_error=6.4%,older_late_rows=49;young_early_rows=817,high_role_rows=361;low_sparse_role_rows=439,partial_coverage_not_full_2013_2025_comparable,ADDITIVE_CANDIDATE
REFINE_007_OVERALL_THREE_65_25_10_LATE_20__PLUS_SNAPDEPTH_FFOP_PCT025_025,nflverse_snap_depth_role+prior_sidecars,1740,0.788,0.010,0.033,rows=437;candidate_error=2.1%;pyf_error=2.5%,rows=437;candidate_error=2.1%;pyf_error=2.5%,older_late_rows=130;young_early_rows=857,high_role_rows=456;low_sparse_role_rows=543,partial_coverage_not_full_2013_2025_comparable,INTERACTION_ONLY
REFINE_007_OVERALL_THREE_65_25_10_LATE_20__PLUS_SNAPDEPTH_FFOP_PCT050_050,nflverse_snap_depth_role+prior_sidecars,1740,0.788,0.010,0.033,rows=437;candidate_error=2.1%;pyf_error=2.5%,rows=437;candidate_error=2.1%;pyf_error=2.5%,older_late_rows=130;young_early_rows=857,high_role_rows=456;low_sparse_role_rows=543,partial_coverage_not_full_2013_2025_comparable,INTERACTION_ONLY
REFINE_007_OVERALL_THREE_65_25_10_LATE_20__PLUS_SNAPDEPTH_FFOP_PCT050_025,nflverse_snap_depth_role+prior_sidecars,1740,0.788,0.010,0.033,rows=437;candidate_error=2.1%;pyf_error=2.5%,rows=437;candidate_error=2.1%;pyf_error=2.5%,older_late_rows=130;young_early_rows=857,high_role_rows=456;low_sparse_role_rows=543,partial_coverage_not_full_2013_2025_comparable,INTERACTION_ONLY
REFINE_007_OVERALL_THREE_65_25_10_LATE_20__PLUS_SNAPDEPTH_FFOP_PCT025_050,nflverse_snap_depth_role+prior_sidecars,1740,0.788,0.010,0.033,rows=437;candidate_error=2.1%;pyf_error=2.5%,rows=437;candidate_error=2.1%;pyf_error=2.5%,older_late_rows=130;young_early_rows=857,high_role_rows=456;low_sparse_role_rows=543,partial_coverage_not_full_2013_2025_comparable,INTERACTION_ONLY
REFINE_007_OVERALL_THREE_65_25_10_LATE_20__PLUS_SNAPDEPTH_NGS_PCT025_025,nflverse_snap_depth_role+prior_sidecars,944,0.749,0.016,-0.006,rows=128;candidate_error=4.7%;pyf_error=5.5%,rows=128;candidate_error=4.7%;pyf_error=5.5%,older_late_rows=74;young_early_rows=431,high_role_rows=347;low_sparse_role_rows=135,partial_coverage_not_full_2013_2025_comparable,INTERACTION_ONLY
REFINE_007_OVERALL_THREE_65_25_10_LATE_20__PLUS_SNAPDEPTH_NGS_PCT050_050,nflverse_snap_depth_role+prior_sidecars,944,0.750,0.017,-0.005,rows=128;candidate_error=4.7%;pyf_error=5.5%,rows=128;candidate_error=4.7%;pyf_error=5.5%,older_late_rows=74;young_early_rows=431,high_role_rows=347;low_sparse_role_rows=135,partial_coverage_not_full_2013_2025_comparable,INTERACTION_ONLY
REFINE_007_OVERALL_THREE_65_25_10_LATE_20__PLUS_SNAPDEPTH_NGS_PCT050_025,nflverse_snap_depth_role+prior_sidecars,944,0.749,0.017,-0.006,rows=128;candidate_error=4.7%;pyf_error=5.5%,rows=128;candidate_error=4.7%;pyf_error=5.5%,older_late_rows=74;young_early_rows=431,high_role_rows=347;low_sparse_role_rows=135,partial_coverage_not_full_2013_2025_comparable,INTERACTION_ONLY
REFINE_007_OVERALL_THREE_65_25_10_LATE_20__PLUS_SNAPDEPTH_NGS_PCT025_050,nflverse_snap_depth_role+prior_sidecars,944,0.750,0.017,-0.005,rows=128;candidate_error=4.7%;pyf_error=5.5%,rows=128;candidate_error=4.7%;pyf_error=5.5%,older_late_rows=74;young_early_rows=431,high_role_rows=347;low_sparse_role_rows=135,partial_coverage_not_full_2013_2025_comparable,INTERACTION_ONLY
REFINE_007_OVERALL_THREE_65_25_10_LATE_20__PLUS_SNAPDEPTH_EPA_PCT025_025,nflverse_snap_depth_role+prior_sidecars,5360,0.746,0.014,-0.009,rows=1321;candidate_error=3.4%;pyf_error=3.6%,rows=1321;candidate_error=3.4%;pyf_error=3.6%,older_late_rows=464;young_early_rows=2748,high_role_rows=1405;low_sparse_role_rows=1685,partial_coverage_not_full_2013_2025_comparable,ADDITIVE_CANDIDATE
REFINE_007_OVERALL_THREE_65_25_10_LATE_20__PLUS_SNAPDEPTH_EPA_PCT050_050,nflverse_snap_depth_role+prior_sidecars,5360,0.747,0.014,-0.008,rows=1321;candidate_error=3.4%;pyf_error=3.6%,rows=1321;candidate_error=3.4%;pyf_error=3.6%,older_late_rows=464;young_early_rows=2748,high_role_rows=1405;low_sparse_role_rows=1685,partial_coverage_not_full_2013_2025_comparable,ADDITIVE_CANDIDATE
REFINE_007_OVERALL_THREE_65_25_10_LATE_20__PLUS_SNAPDEPTH_EPA_PCT050_025,nflverse_snap_depth_role+prior_sidecars,5360,0.747,0.014,-0.008,rows=1321;candidate_error=3.4%;pyf_error=3.6%,rows=1321;candidate_error=3.4%;pyf_error=3.6%,older_late_rows=464;young_early_rows=2748,high_role_rows=1405;low_sparse_role_rows=1685,partial_coverage_not_full_2013_2025_comparable,ADDITIVE_CANDIDATE
REFINE_007_OVERALL_THREE_65_25_10_LATE_20__PLUS_SNAPDEPTH_EPA_PCT025_050,nflverse_snap_depth_role+prior_sidecars,5360,0.747,0.015,-0.008,rows=1321;candidate_error=3.4%;pyf_error=3.6%,rows=1321;candidate_error=3.4%;pyf_error=3.6%,older_late_rows=464;young_early_rows=2748,high_role_rows=1405;low_sparse_role_rows=1685,partial_coverage_not_full_2013_2025_comparable,ADDITIVE_CANDIDATE
REFINE_007_OVERALL_THREE_65_25_10_LATE_20__PLUS_SNAPDEPTH_RECOPP_PCT025_025,nflverse_snap_depth_role+prior_sidecars,5518,0.754,0.013,-0.001,rows=1453;candidate_error=3.0%;pyf_error=3.3%,rows=1453;candidate_error=3.0%;pyf_error=3.3%,older_late_rows=478;young_early_rows=2846,high_role_rows=1405;low_sparse_role_rows=1843,none,ADDITIVE_CANDIDATE
REFINE_007_OVERALL_THREE_65_25_10_LATE_20__PLUS_SNAPDEPTH_RECOPP_PCT050_050,nflverse_snap_depth_role+prior_sidecars,5518,0.754,0.013,-0.001,rows=1453;candidate_error=3.0%;pyf_error=3.3%,rows=1453;candidate_error=3.0%;pyf_error=3.3%,older_late_rows=478;young_early_rows=2846,high_role_rows=1405;low_sparse_role_rows=1843,none,ADDITIVE_CANDIDATE
REFINE_007_OVERALL_THREE_65_25_10_LATE_20__PLUS_SNAPDEPTH_RECOPP_PCT050_025,nflverse_snap_depth_role+prior_sidecars,5518,0.754,0.013,-0.001,rows=1453;candidate_error=3.0%;pyf_error=3.3%,rows=1453;candidate_error=3.0%;pyf_error=3.3%,older_late_rows=478;young_early_rows=2846,high_role_rows=1405;low_sparse_role_rows=1843,none,ADDITIVE_CANDIDATE
REFINE_007_OVERALL_THREE_65_25_10_LATE_20__PLUS_SNAPDEPTH_RECOPP_PCT025_050,nflverse_snap_depth_role+prior_sidecars,5518,0.755,0.013,-0.000,rows=1453;candidate_error=3.0%;pyf_error=3.3%,rows=1453;candidate_error=3.0%;pyf_error=3.3%,older_late_rows=478;young_early_rows=2846,high_role_rows=1405;low_sparse_role_rows=1843,none,ADDITIVE_CANDIDATE
REFINE_007_OVERALL_THREE_65_25_10_LATE_20__PLUS_SNAPDEPTH_FFOP_NGS_PCT025_050_025,nflverse_snap_depth_role+prior_sidecars,943,0.749,0.016,-0.006,rows=128;candidate_error=4.7%;pyf_error=5.5%,rows=128;candidate_error=4.7%;pyf_error=5.5%,older_late_rows=74;young_early_rows=431,high_role_rows=347;low_sparse_role_rows=135,partial_coverage_not_full_2013_2025_comparable,INTERACTION_ONLY
REFINE_007_OVERALL_THREE_65_25_10_LATE_20__PLUS_SNAPDEPTH_FFOP_NGS_PCT050_025_025,nflverse_snap_depth_role+prior_sidecars,943,0.749,0.017,-0.006,rows=128;candidate_error=4.7%;pyf_error=5.5%,rows=128;candidate_error=4.7%;pyf_error=5.5%,older_late_rows=74;young_early_rows=431,high_role_rows=347;low_sparse_role_rows=135,partial_coverage_not_full_2013_2025_comparable,INTERACTION_ONLY
REFINE_007_OVERALL_THREE_65_25_10_LATE_20__PLUS_SNAPDEPTH_RECOPP_FFOP_PCT025_025_050,nflverse_snap_depth_role+prior_sidecars,1740,0.789,0.010,0.034,rows=437;candidate_error=2.1%;pyf_error=2.5%,rows=437;candidate_error=2.1%;pyf_error=2.5%,older_late_rows=130;young_early_rows=857,high_role_rows=456;low_sparse_role_rows=543,partial_coverage_not_full_2013_2025_comparable,INTERACTION_ONLY
REFINE_007_OVERALL_THREE_65_25_10_LATE_20__PLUS_SNAPDEPTH_RECOPP_FFOP_PCT050_025_025,nflverse_snap_depth_role+prior_sidecars,1740,0.789,0.010,0.034,rows=437;candidate_error=2.1%;pyf_error=2.5%,rows=437;candidate_error=2.1%;pyf_error=2.5%,older_late_rows=130;young_early_rows=857,high_role_rows=456;low_sparse_role_rows=543,partial_coverage_not_full_2013_2025_comparable,INTERACTION_ONLY
REFINE_007_OVERALL_THREE_65_25_10_LATE_20__PLUS_SNAPDEPTH_EPA_RECOPP_PCT025_025_050,nflverse_snap_depth_role+prior_sidecars,5360,0.747,0.015,-0.008,rows=1321;candidate_error=3.3%;pyf_error=3.6%,rows=1321;candidate_error=3.3%;pyf_error=3.6%,older_late_rows=464;young_early_rows=2748,high_role_rows=1405;low_sparse_role_rows=1685,partial_coverage_not_full_2013_2025_comparable,ADDITIVE_CANDIDATE
REFINE_007_OVERALL_THREE_65_25_10_LATE_20__PLUS_SNAPDEPTH_EPA_RECOPP_PCT050_025_025,nflverse_snap_depth_role+prior_sidecars,5360,0.747,0.014,-0.008,rows=1321;candidate_error=3.3%;pyf_error=3.6%,rows=1321;candidate_error=3.3%;pyf_error=3.6%,older_late_rows=464;young_early_rows=2748,high_role_rows=1405;low_sparse_role_rows=1685,partial_coverage_not_full_2013_2025_comparable,ADDITIVE_CANDIDATE
