artifact_id,artifact_type,artifact_scope_class,evidence_state,authority_id,locality_class,locator_id,source_id,dataset_id,receipt_id,canonical_flag,supporting_flag,duplicate_status,superseded_status,no_recreate_status,implementation_status,manifest_hash_status,sha256,row_count_metadata,schema_summary,as_of_metadata,controlling_caveat,record_version
art_00017cbe5130ff4b,markdown/text,CROSS_LIFECYCLE_IDENTITY,SUPPORTING_EVIDENCE,,LIVE_HQ,loc_5fd59cdf0a6427cb43ad9d7e,,,,false,true,NO_DUPLICATE_FLAG,NOT_SUPERSEDED,SEPARATE_LEDGER_CONTROLS,REGISTERED_METADATA_ONLY,SOURCE_INVENTORY_SHA256_RECORDED,423ba38f7e7058e012d241e1b891cac1b2f05f3254dd93f05efe157fb04b8ad4,N/A,markdown/text,June 23-30 2026 snapshots,authority is limited to the artifact's documented scope,1.0.0
art_010a9cc11c01457d,py,CROSS_LIFECYCLE,SUPPORTING_EVIDENCE,,LIVE_HQ,loc_3630422f3493085b2e29f0c4,,,,false,true,NO_DUPLICATE_FLAG,NOT_SUPERSEDED,SEPARATE_LEDGER_CONTROLS,REGISTERED_METADATA_ONLY,SOURCE_INVENTORY_SHA256_RECORDED,7724f1d1740cf30057d928c5919c2d997c6a6b4c489cfd5d18d4a2940ca91345,N/A,py,packet-specific snapshot,authority is limited to the artifact's documented scope,1.0.0
art_011a3ba958b89156,markdown/text,ROOKIE_SEASON_AND_MULTI_YEAR_OUTCOME,SUPPORTING_EVIDENCE,,LIVE_HQ,loc_dba0b70a7bff90c72742a446,,,,false,true,NO_DUPLICATE_FLAG,NOT_SUPERSEDED,SEPARATE_LEDGER_CONTROLS,REGISTERED_METADATA_ONLY,SOURCE_INVENTORY_SHA256_RECORDED,ca65d8e8de8a664f3e9bb80a898c6d563df0b64c5c88ec61ccb37674b8f953d2,N/A,markdown/text,packet-specific 2026 receipts,authority is limited to the artifact's documented scope,1.0.0
art_01462addabeefee8,markdown/text,DRAFT_EVENT,SUPPORTING_EVIDENCE,,LIVE_HQ,loc_283e89b918731e127ebb6dd5,,,,false,true,NO_DUPLICATE_FLAG,NOT_SUPERSEDED,SEPARATE_LEDGER_CONTROLS,REGISTERED_METADATA_ONLY,SOURCE_INVENTORY_SHA256_RECORDED,b9f451beac0df36b1d997958f1766893d69b912744b6b9878a2f7dbdc8320311,N/A,markdown/text,static completed draft events; source timestamps/receipt IDs incomplete in several derivatives,positive draft facts only; missing draft evidence remains unknown; current name+position joins are review-only,1.0.0
art_014b8961c767c12c,json keys:schema_version|packet|verdict|closeout_status|starting_remote_hq|remote_advanced|canonical_freeze_commit|canonical_freeze_path|preregistration_sha256|baseline_freeze_sha256|files|controls|manifest_self_hash_policy,PROTECTED_FROZEN_GOVERNANCE,CANONICAL_REVIEW_ONLY,,LIVE_HQ,loc_99f24b094b239cdef90359b1,,,,true,false,NO_DUPLICATE_FLAG,NOT_SUPERSEDED,SEPARATE_LEDGER_CONTROLS,REGISTERED_METADATA_ONLY,SOURCE_INVENTORY_SHA256_RECORDED,839929576f76b78771fa36ff14705afe26dd4d521eaa46f7642eec9704101834,N/A,json keys:schema_version|packet|verdict|closeout_status|starting_remote_hq|remote_advanced|canonical_freeze_commit|canonical_freeze_path|preregistration_sha256|baseline_freeze_sha256|files|controls|manifest_self_hash_policy,frozen 2026-07-10 before outcomes,authority is limited to the artifact's documented scope,1.0.0
art_0155612f8c3a3521,draft_year|position|drafted_fantasy_position_count|rookie_year_label_available_count|2y_label_available_count|3y_label_available_count|5y_label_available_count|incomplete_window_count|missing_label_count|notes,CROSS_LIFECYCLE,SUPPORTING_EVIDENCE,,LIVE_HQ,loc_e89981f78a249c2326316349,,,,false,true,NO_DUPLICATE_FLAG,NOT_SUPERSEDED,SEPARATE_LEDGER_CONTROLS,REGISTERED_METADATA_ONLY,SOURCE_INVENTORY_SHA256_RECORDED,fc6d835f47ce1225dbcce3a96d5bb12148048d9398fe7b41c8cc4802181510ee,100,draft_year|position|drafted_fantasy_position_count|rookie_year_label_available_count|2y_label_available_count|3y_label_available_count|5y_label_available_count|incomplete_window_count|missing_label_count|notes,packet-specific snapshot,authority is limited to the artifact's documented scope,1.0.0
art_01767f0c09750acc,markdown/text,PRODUCT_CONSUMER,SUPPORTING_EVIDENCE,,LIVE_HQ,loc_184fac67b575f63ff53ab603,,,,false,true,NO_DUPLICATE_FLAG,NOT_SUPERSEDED,SEPARATE_LEDGER_CONTROLS,REGISTERED_METADATA_ONLY,SOURCE_INVENTORY_SHA256_RECORDED,69fd57a5c05109564cde1c8023c707e379f25af2da1a45e4fb54a8c5aff0563a,N/A,markdown/text,live HQ at starting commit,authority is limited to the artifact's documented scope,1.0.0
art_017cddb1447dad32,source_name|provider|position|season_or_range|http_status|visible_route_label|route_field_keys_observed|route_field_count_observed|identity_fields_observed|row_grain|team_season_week_game_fields_observed|coverage_status|missingness_status|verdict|notes,ROOKIE_SEASON_AND_MULTI_YEAR_OUTCOME,SUPPORTING_EVIDENCE,,LIVE_HQ,loc_669527101f1b860b543a1517,,,,false,true,NO_DUPLICATE_FLAG,NOT_SUPERSEDED,SEPARATE_LEDGER_CONTROLS,REGISTERED_METADATA_ONLY,SOURCE_INVENTORY_SHA256_RECORDED,e78515e08a8081493b58a07a3d3408f34ac4494018aa1e962fea35ba856d641a,28,source_name|provider|position|season_or_range|http_status|visible_route_label|route_field_keys_observed|route_field_count_observed|identity_fields_observed|row_grain|team_season_week_game_fields_observed|coverage_status|missingness_status|verdict|notes,packet-specific 2026 receipts,authority is limited to the artifact's documented scope,1.0.0
art_01bd616a1fbcf50e,markdown/text,DRAFT_EVENT_TO_ROOKIE_OUTCOME_BRIDGE,SUPPORTING_EVIDENCE,,LIVE_HQ,loc_1d3531ceb1d2b56ac5a50918,,,,false,true,NO_DUPLICATE_FLAG,NOT_SUPERSEDED,SEPARATE_LEDGER_CONTROLS,REGISTERED_METADATA_ONLY,SOURCE_INVENTORY_SHA256_RECORDED,422a7ea3213a9bfab7fd3a778de86c2174a48afbab6f9e686b030397d4ee884e,N/A,markdown/text,local run 2026-06-29; raw input receipt/hash incomplete,authority is limited to the artifact's documented scope,1.0.0
art_01d440616d599d05,markdown/text,DRAFT_EVENT,SUPPORTING_EVIDENCE,,LIVE_HQ,loc_05e84e05f84f223ab1433621,,,,false,true,NO_DUPLICATE_FLAG,NOT_SUPERSEDED,SEPARATE_LEDGER_CONTROLS,REGISTERED_METADATA_ONLY,SOURCE_INVENTORY_SHA256_RECORDED,aa5d87119e8d4be22f38dd9f7d34a2f076ca6982ed4ddd43e910790b77c8c9b0,N/A,markdown/text,June 30 2026 snapshot; source acquisition receipt incomplete,"2,514 likely-UDFA rows are provisional; tracked builder/input receipt is missing; no evidence modified",1.0.0
art_01e9aef1d4b8df15,markdown/text,PRODUCT_CONSUMER,SUPPORTING_EVIDENCE,,LIVE_HQ,loc_fbc59b65b94728ef8a016ec8,,,,false,true,NO_DUPLICATE_FLAG,NOT_SUPERSEDED,SEPARATE_LEDGER_CONTROLS,REGISTERED_METADATA_ONLY,SOURCE_INVENTORY_SHA256_RECORDED,f0c2bae72f2ac48b97e8b73a031e546a8b12e860742f9e9134b6b3515b7f57f0,N/A,markdown/text,live HQ at starting commit,authority is limited to the artifact's documented scope,1.0.0
art_020c29862b23982c,markdown/text,DRAFT_EVENT_AND_POST_DRAFT_PRESEASON,SUPERSEDED,,LIVE_HQ,loc_4fd1a44e985860ec5e1689a3,,,,false,true,NO_DUPLICATE_FLAG,SUPERSEDED_RECORDED,SEPARATE_LEDGER_CONTROLS,REGISTERED_METADATA_ONLY,SOURCE_INVENTORY_SHA256_RECORDED,ec590302ca3a7c21c8e5802eab1df402bac26906a91ab3e87b6a8490226f575e,N/A,markdown/text,June 29-30 2026; no uniform row-level source timestamp,published counts may be duplicate-inflated; three distinct current records have no stable candidate ID,1.0.0
art_020de3e8bea7fa47,markdown/text,CROSS_LIFECYCLE_REVIEW_SIMULATION,LOCAL_ONLY_RESTRICTED,,OFF_HQ_BRANCH_ONLY,loc_a73afc9647237313a9a39d7f,,,,false,true,NO_DUPLICATE_FLAG,NOT_SUPERSEDED,NO_RECREATE_REQUIRED,REGISTERED_METADATA_ONLY,SOURCE_INVENTORY_SHA256_RECORDED,1aca6b6de5b0375e3149c6830f908375fdf91569d54f638c536a9398f65e830c,N/A,markdown/text,off-HQ commit 2026-07-09; not ancestor of live HQ,"Off-HQ Git object is retained for audit discovery and no-recreate protection only; active evidence, migration, ranking, formula, training, production, and runtime use are blocked.",1.0.0
art_024daa5105315188,markdown/text,ROOKIE_SEASON_AND_MULTI_YEAR_OUTCOME,SUPPORTING_EVIDENCE,,LIVE_HQ,loc_b58d5c07f4a2afde9837e378,,,,false,true,NO_DUPLICATE_FLAG,NOT_SUPERSEDED,SEPARATE_LEDGER_CONTROLS,REGISTERED_METADATA_ONLY,SOURCE_INVENTORY_SHA256_RECORDED,b1a1ec00ebca4a3db4069e4d4445f2e028f9e9733aa8c7532aa5237a0c1836f0,N/A,markdown/text,packet-specific immutable runs; some local receipts only,multiple scoring/rank systems conflict; position-threshold applicability must be explicit,1.0.0
art_0250831191b28024,markdown/text,PRODUCT_CONSUMER,SUPPORTING_EVIDENCE,,LIVE_HQ,loc_93e21f0088c8a50176a77b98,,,,false,true,NO_DUPLICATE_FLAG,NOT_SUPERSEDED,SEPARATE_LEDGER_CONTROLS,REGISTERED_METADATA_ONLY,SOURCE_INVENTORY_SHA256_RECORDED,b47aa3dca62ef7b6144c22e1c713ff288795da0a3d628e33046ecc6415858cb8,N/A,markdown/text,live HQ at starting commit,authority is limited to the artifact's documented scope,1.0.0
art_0295450cdea0ff3d,markdown/text,LATER_OUTCOME_RESEARCH,SUPPORTING_EVIDENCE,,LIVE_HQ,loc_366f93aee652f05ed05faa53,,,,false,true,NO_DUPLICATE_FLAG,NOT_SUPERSEDED,SEPARATE_LEDGER_CONTROLS,REGISTERED_METADATA_ONLY,SOURCE_INVENTORY_SHA256_RECORDED,688debd3805c949f3378dd87bf7348e96d078063aa0a0c58964e93376b0135c8,N/A,markdown/text,July 9 2026 research snapshots,authority is limited to the artifact's documented scope,1.0.0
art_02b9906027fcb39d,py,DRAFT_EVENT_AND_POST_DRAFT_PRESEASON,SUPPORTING_EVIDENCE,,LIVE_HQ,loc_29a991ed137701ddbcf6ce13,,,,false,true,NO_DUPLICATE_FLAG,NOT_SUPERSEDED,SEPARATE_LEDGER_CONTROLS,REGISTERED_METADATA_ONLY,SOURCE_INVENTORY_SHA256_RECORDED,8d5bf9447d21c3ca2d3c57b7fc4b359fe636272eb92e4332ae276b21b50968dd,N/A,py,June 29-30 2026; no uniform row-level source timestamp,published counts may be duplicate-inflated; three distinct current records have no stable candidate ID,1.0.0
art_02c0e3df6042ee02,py,CROSS_LIFECYCLE,SUPPORTING_EVIDENCE,,LIVE_HQ,loc_e6b79fc9292bea67d6173ba4,,,,false,true,NO_DUPLICATE_FLAG,NOT_SUPERSEDED,SEPARATE_LEDGER_CONTROLS,REGISTERED_METADATA_ONLY,SOURCE_INVENTORY_SHA256_RECORDED,757e683c2b15088d19d5f320850b2f9632fe09fe7a16bcaf9b1cf984feebaf37,N/A,py,packet-specific snapshot,authority is limited to the artifact's documented scope,1.0.0
art_02e9b1ad95dd9494,metric|value|notes|review_only|display_only|model_use_allowed|training_allowed|rankings_wiring_allowed,DRAFT_EVENT,SUPPORTING_EVIDENCE,,LOCAL_ONLY,loc_0583c1a69eecd75c0b3517ef,,,,false,true,NO_DUPLICATE_FLAG,NOT_SUPERSEDED,SEPARATE_LEDGER_CONTROLS,REGISTERED_METADATA_ONLY,SOURCE_INVENTORY_SHA256_RECORDED,b325dbffbe196b1586731de2b9b118aff536d9b69ba375e67ec22c7154e21d0b,3,metric|value|notes|review_only|display_only|model_use_allowed|training_allowed|rankings_wiring_allowed,static completed draft events; source timestamps/receipt IDs incomplete in several derivatives,positive draft facts only; missing draft evidence remains unknown; current name+position joins are review-only; not tracked at live HQ HEAD,1.0.0
art_03050965f9090ba2,markdown/text,LATER_OUTCOME_RESEARCH,SUPPORTING_EVIDENCE,,LIVE_HQ,loc_a81fb732cb703425b7b16925,,,,false,true,NO_DUPLICATE_FLAG,NOT_SUPERSEDED,SEPARATE_LEDGER_CONTROLS,REGISTERED_METADATA_ONLY,SOURCE_INVENTORY_SHA256_RECORDED,7974d719567700f620ab160d87ccdfa3467df6bdfe430be06e89596463876fdb,N/A,markdown/text,July 9 2026 research snapshots,authority is limited to the artifact's documented scope,1.0.0
art_031fa09eae6e8e43,field_id|feature_set|probability_band|rows|average_prediction|observed_rate|positive_count,ROOKIE_SEASON_AND_MULTI_YEAR_OUTCOME,SUPPORTING_EVIDENCE,,LOCAL_ONLY,loc_f4c2c6d4243b40f686ae0841,,,,false,true,NO_DUPLICATE_FLAG,NOT_SUPERSEDED,SEPARATE_LEDGER_CONTROLS,REGISTERED_METADATA_ONLY,SOURCE_INVENTORY_SHA256_RECORDED,cec7c6bfd013e6845758872c13e67c94d9ddc23cbcff67917564cf4408e06da9,98,field_id|feature_set|probability_band|rows|average_prediction|observed_rate|positive_count,packet-specific immutable runs; some local receipts only,multiple scoring/rank systems conflict; position-threshold applicability must be explicit; not tracked at live HQ HEAD,1.0.0
art_03602a09f5c3f8a3,markdown/text,ROOKIE_SEASON_AND_MULTI_YEAR_OUTCOME,SUPPORTING_EVIDENCE,,LIVE_HQ,loc_121b14dae595b6116fe75b2c,,,,false,true,NO_DUPLICATE_FLAG,NOT_SUPERSEDED,SEPARATE_LEDGER_CONTROLS,REGISTERED_METADATA_ONLY,SOURCE_INVENTORY_SHA256_RECORDED,931f2ce4c7572ba3f6028491a163ab7b686291d7f9e1edac760ca6bab69b8123,N/A,markdown/text,packet-specific 2026 receipts,authority is limited to the artifact's documented scope,1.0.0
art_037458b865a1a448,artifact|path|rows|display_only|model_use_allowed|training_allowed|blocked_inputs_used|notes,ROOKIE_SEASON_AND_MULTI_YEAR_OUTCOME,SUPPORTING_EVIDENCE,,LOCAL_ONLY,loc_f53abe43c9d69f8123633bac,,,,false,true,NO_DUPLICATE_FLAG,NOT_SUPERSEDED,SEPARATE_LEDGER_CONTROLS,REGISTERED_METADATA_ONLY,SOURCE_INVENTORY_SHA256_RECORDED,7f92dade9771fc0e69413c87099f413a3dbd68949efabe629d49f511c7cb9ede,3,artifact|path|rows|display_only|model_use_allowed|training_allowed|blocked_inputs_used|notes,packet-specific immutable runs; some local receipts only,multiple scoring/rank systems conflict; position-threshold applicability must be explicit; not tracked at live HQ HEAD,1.0.0
art_03e4d0030793a4cb,markdown/text,PRE_DRAFT,SUPPORTING_EVIDENCE,,LIVE_HQ,loc_9a3b3668ef98495eb822d7a0,,,,false,true,NO_DUPLICATE_FLAG,NOT_SUPERSEDED,SEPARATE_LEDGER_CONTROLS,REGISTERED_METADATA_ONLY,SOURCE_INVENTORY_SHA256_RECORDED,362d445b33ceebc74e48c01b98134e753f4fd86d7fcfdfb07d21fa0db250f29d,N/A,markdown/text,June 30 2026; measurement source timestamp incomplete,authority is limited to the artifact's documented scope,1.0.0
art_04265f1eecbe560a,source_dataset|source_receipt_sha|row_count|seasons_covered|weeks_covered|positions_covered|matched_nwr_players|unmatched_rows|sidecar_rows_created|sidecar_review_allowed|label_truth_allowed|model_use_allowed|training_allowed|source_truth_allowed|blocker_reason|notes,ROOKIE_SEASON_AND_MULTI_YEAR_OUTCOME,SUPPORTING_EVIDENCE,,LIVE_HQ,loc_ce6359e6955d39e7fcab048c,,,,false,true,NO_DUPLICATE_FLAG,NOT_SUPERSEDED,SEPARATE_LEDGER_CONTROLS,REGISTERED_METADATA_ONLY,SOURCE_INVENTORY_SHA256_RECORDED,c3108d4314492a7c5d9021cb8c79f5c67d835c9bbd31496a4be38082b81aea91,4,source_dataset|source_receipt_sha|row_count|seasons_covered|weeks_covered|positions_covered|matched_nwr_players|unmatched_rows|sidecar_rows_created|sidecar_review_allowed|label_truth_allowed|model_use_allowed|training_allowed|source_truth_allowed|blocker_reason|notes,packet-specific immutable runs; some local receipts only,multiple scoring/rank systems conflict; position-threshold applicability must be explicit,1.0.0
art_044168d58db2f65f,player_id|player_name|position|team|rookie_class_year|draft_year|draft_round|draft_pick|overall_pick|draft_capital_bucket|udffa_or_undrafted_status|current_rookie_universe_status|udfa_display_status|wrong_universe_flag|name_collision_flag|identity_status|draft_capital_status|feature_coverage_status|model_rd_status|validation_status|display_status|data_quality_status|source_provenance_status|repair_action|repair_confidence|rookie_year_top_12_review_display_rate|rookie_year_top_24_review_display_rate|rookie_year_top_36_review_display_rate|year_2_top_12_review_display_rate|year_2_top_24_review_display_rate|...(+16 columns),DRAFT_EVENT,DUPLICATE_EQUIVALENT,,LIVE_HQ,loc_71bcd927c77a7308073c1560,,,,false,true,DUPLICATE_RECORDED,SUPERSEDED_RECORDED,SEPARATE_LEDGER_CONTROLS,REGISTERED_METADATA_ONLY,SOURCE_INVENTORY_SHA256_RECORDED,3967a6ee95cfa3769d72f74d3310a37479687ab7b33bfed22d2071a5fa714474,157,player_id|player_name|position|team|rookie_class_year|draft_year|draft_round|draft_pick|overall_pick|draft_capital_bucket|udffa_or_undrafted_status|current_rookie_universe_status|udfa_display_status|wrong_universe_flag|name_collision_flag|identity_status|draft_capital_status|feature_coverage_status|model_rd_status|validation_status|display_status|data_quality_status|source_provenance_status|repair_action|repair_confidence|rookie_year_top_12_review_display_rate|rookie_year_top_24_review_display_rate|rookie_year_top_36_review_display_rate|year_2_top_12_review_display_rate|year_2_top_24_review_display_rate|...(+16 columns),June 30 2026 packet snapshots,contains 50 exact duplicate row groups / 50 excess rows; no dedup performed; likely/confirmed-review-only must not be treated as verified undrafted truth,1.0.0
art_044667c77c1c16e9,player_id|player_name|position|team|current_rookie_universe_status|current_display_status|recommended_human_decision|preview_display_status_if_accepted|outcome_display_field_count|status_display_available|not_enough_information_reason|review_only|display_only|model_use_allowed|training_allowed|rankings_wiring_allowed,DRAFT_EVENT,DUPLICATE_EQUIVALENT,,LIVE_HQ,loc_f661461aad7a5fe834bb322b,,,,false,true,DUPLICATE_RECORDED,NOT_SUPERSEDED,SEPARATE_LEDGER_CONTROLS,REGISTERED_METADATA_ONLY,SOURCE_INVENTORY_SHA256_RECORDED,7a21b7780a108d0084135523b8bb313db0d55e7cd88fb7555693e859c9a14d80,157,player_id|player_name|position|team|current_rookie_universe_status|current_display_status|recommended_human_decision|preview_display_status_if_accepted|outcome_display_field_count|status_display_available|not_enough_information_reason|review_only|display_only|model_use_allowed|training_allowed|rankings_wiring_allowed,June 30 2026 packet snapshots,contains 50 exact duplicate row groups / 50 excess rows; no dedup performed; likely/confirmed-review-only must not be treated as verified undrafted truth,1.0.0
art_048ef4f3a41e3032,cfbd_player_id|candidate_player_id|candidate_sleeper_id|cfbd_player_name|candidate_player_name|match_confidence|match_status|registry_status|approved_by_human|model_use_allowed|training_allowed|notes,CROSS_LIFECYCLE_IDENTITY,DUPLICATE_EQUIVALENT,,LIVE_HQ,loc_419e4e5c7e6d2312ddfd6156,,,,false,true,DUPLICATE_RECORDED,NOT_SUPERSEDED,SEPARATE_LEDGER_CONTROLS,REGISTERED_METADATA_ONLY,SOURCE_INVENTORY_SHA256_RECORDED,224790bcde724ab45c12041a6383034a47c25f484983ab193fd6fd3636ec00f8,213,cfbd_player_id|candidate_player_id|candidate_sleeper_id|cfbd_player_name|candidate_player_name|match_confidence|match_status|registry_status|approved_by_human|model_use_allowed|training_allowed|notes,2026-06-26 to 2026-06-29 review snapshots,contains 72 exact duplicate row groups / 72 excess rows; no dedup performed; human review approval is review-only; normalized name/position is not controlling identity,1.0.0
art_0539d074bad71e30,artifact|path|rows|display_only|model_use_allowed|training_allowed|blocked_inputs_used|notes,ROOKIE_SEASON_AND_MULTI_YEAR_OUTCOME,SUPPORTING_EVIDENCE,,LOCAL_ONLY,loc_1e9e2c88fedf03d68e87a65e,,,,false,true,NO_DUPLICATE_FLAG,NOT_SUPERSEDED,SEPARATE_LEDGER_CONTROLS,REGISTERED_METADATA_ONLY,SOURCE_INVENTORY_SHA256_RECORDED,c9f9732d8d3f71c8e188bd519168687d61d1e31a81d3d4c9e9f857059111e0a7,3,artifact|path|rows|display_only|model_use_allowed|training_allowed|blocked_inputs_used|notes,packet-specific immutable runs; some local receipts only,multiple scoring/rank systems conflict; position-threshold applicability must be explicit; not tracked at live HQ HEAD,1.0.0
art_053fd7eccb390672,field_id|position|threshold|horizon|profile_bucket|train_rows|train_positives|probability|baseline_probability,ROOKIE_SEASON_AND_MULTI_YEAR_OUTCOME,SUPPORTING_EVIDENCE,,LOCAL_ONLY,loc_b786dacc64119f1fb244b4e8,,,,false,true,NO_DUPLICATE_FLAG,NOT_SUPERSEDED,SEPARATE_LEDGER_CONTROLS,REGISTERED_METADATA_ONLY,SOURCE_INVENTORY_SHA256_RECORDED,0a165cacbabcff5cfe5fcb45d3a6ad7b00f20d3673861b9103824cf4e978f14b,180,field_id|position|threshold|horizon|profile_bucket|train_rows|train_positives|probability|baseline_probability,packet-specific immutable runs; some local receipts only,multiple scoring/rank systems conflict; position-threshold applicability must be explicit; not tracked at live HQ HEAD,1.0.0
art_05934ec96806288d,algorithm_id|family|material_change|features_used|not_tiny_tweak_reason,ROOKIE_SEASON_AND_MULTI_YEAR_OUTCOME,SUPPORTING_EVIDENCE,,LOCAL_ONLY,loc_b56e23dcddf3035600cdfa29,,,,false,true,NO_DUPLICATE_FLAG,NOT_SUPERSEDED,SEPARATE_LEDGER_CONTROLS,REGISTERED_METADATA_ONLY,SOURCE_INVENTORY_SHA256_RECORDED,dc059836ccb91a9bc027088dfe91cbdfb3e5961c3c708e48d0e760253b5adfcc,33,algorithm_id|family|material_change|features_used|not_tiny_tweak_reason,packet-specific 2026 receipts,not tracked at live HQ HEAD,1.0.0
art_05b8938270539153,season|player_id|player_name|position|team|sparse_history_type|miss_type|false_negative_flag|false_positive_flag|actual_outcome_label|pyf_score|pyf_rank|best_full_history_formula_score|best_full_history_formula_rank|best_broad_window_formula_score|best_broad_window_formula_rank|age|lifecycle_bucket|years_since_draft|draft_capital_bucket|snap_depth_role_score|starter_depth_signal|snap_role_promotion_signal|low_snap_flag|injury_availability_context|availability_rebound_signal|ffopportunity_context|ngs_context|role_archetype|candidate_miss_reason,LATER_OUTCOME_RESEARCH,SUPPORTING_EVIDENCE,,LIVE_HQ,loc_df408ae03dde4bf32b7618f3,,,,false,true,NO_DUPLICATE_FLAG,NOT_SUPERSEDED,SEPARATE_LEDGER_CONTROLS,REGISTERED_METADATA_ONLY,SOURCE_INVENTORY_SHA256_RECORDED,678cce7414316d66f1e235670d1cda82f5d4ae4c2faac8412a096b063ea2678e,4382,season|player_id|player_name|position|team|sparse_history_type|miss_type|false_negative_flag|false_positive_flag|actual_outcome_label|pyf_score|pyf_rank|best_full_history_formula_score|best_full_history_formula_rank|best_broad_window_formula_score|best_broad_window_formula_rank|age|lifecycle_bucket|years_since_draft|draft_capital_bucket|snap_depth_role_score|starter_depth_signal|snap_role_promotion_signal|low_snap_flag|injury_availability_context|availability_rebound_signal|ffopportunity_context|ngs_context|role_archetype|candidate_miss_reason,July 9 2026 research snapshots,authority is limited to the artifact's documented scope,1.0.0
art_05d50914435d7e90,py,ROOKIE_SEASON_AND_MULTI_YEAR_OUTCOME,SUPPORTING_EVIDENCE,,LIVE_HQ,loc_c8be25703162367dd30eee25,,,,false,true,NO_DUPLICATE_FLAG,NOT_SUPERSEDED,SEPARATE_LEDGER_CONTROLS,REGISTERED_METADATA_ONLY,SOURCE_INVENTORY_SHA256_RECORDED,b1190a9b05f72dc30d1a4b09bfbf13d34a8b6bf103c5c580ee50f3b53d5671ae,N/A,py,local run 2026-06-29; latest factual outcome season 2024,drafted-only; link availability differs from usable value availability; incomplete windows are censored,1.0.0
art_05d89be3c3d7af7e,family|plateau_stop_reason|variant_count,ROOKIE_SEASON_AND_MULTI_YEAR_OUTCOME,SUPPORTING_EVIDENCE,,LOCAL_ONLY,loc_1bf77a02aada72c87021758f,,,,false,true,NO_DUPLICATE_FLAG,NOT_SUPERSEDED,SEPARATE_LEDGER_CONTROLS,REGISTERED_METADATA_ONLY,SOURCE_INVENTORY_SHA256_RECORDED,dd057c2b0cc80ed7b602539da65292ce7b9a0ab5320779662498e0178a09ed9f,6,family|plateau_stop_reason|variant_count,packet-specific 2026 receipts,not tracked at live HQ HEAD,1.0.0
art_05e581808c7aec86,source_surface|player_name|position|team|existing_id_present|sleeper_id|dynastyprocess_id|nflverse_id_or_gsis|match_method|match_confidence|needs_manual_review|reason,CROSS_LIFECYCLE_IDENTITY,SUPPORTING_EVIDENCE,,LIVE_HQ,loc_4c1acb286e6e5d74e414ca21,,,,false,true,NO_DUPLICATE_FLAG,NOT_SUPERSEDED,SEPARATE_LEDGER_CONTROLS,REGISTERED_METADATA_ONLY,SOURCE_INVENTORY_SHA256_RECORDED,8a6d0ba3e4008552cc26481249037556976d7b84bb93f231407684b4cf9f34bb,1139,source_surface|player_name|position|team|existing_id_present|sleeper_id|dynastyprocess_id|nflverse_id_or_gsis|match_method|match_confidence|needs_manual_review|reason,June 23-30 2026 snapshots,authority is limited to the artifact's documented scope,1.0.0
art_064ca53c034a6942,markdown/text,DRAFT_EVENT_AND_POST_DRAFT_PRESEASON,SUPERSEDED,,LIVE_HQ,loc_bdb58d07c7b91294ce79f5dc,,,,false,true,NO_DUPLICATE_FLAG,SUPERSEDED_RECORDED,SEPARATE_LEDGER_CONTROLS,REGISTERED_METADATA_ONLY,SOURCE_INVENTORY_SHA256_RECORDED,67a8efe5a2eb6442642a195bee517f3564156627503b8755c824530e39733f59,N/A,markdown/text,June 29-30 2026; no uniform row-level source timestamp,published counts may be duplicate-inflated; three distinct current records have no stable candidate ID,1.0.0
art_0661f5ca55883524,markdown/text,LATER_OUTCOME_RESEARCH,SUPPORTING_EVIDENCE,,LIVE_HQ,loc_f2d3017caafb4e03da931149,,,,false,true,NO_DUPLICATE_FLAG,NOT_SUPERSEDED,SEPARATE_LEDGER_CONTROLS,REGISTERED_METADATA_ONLY,SOURCE_INVENTORY_SHA256_RECORDED,570282066cc986e0ef2fea516963600387e39ade986b5af38eee7c8c7098a853,N/A,markdown/text,July 9 2026 research snapshots,authority is limited to the artifact's documented scope,1.0.0
art_06a0d9c03c2e5c0d,markdown/text,DRAFT_EVENT_AND_POST_DRAFT_PRESEASON,SUPPORTING_EVIDENCE,,LIVE_HQ,loc_397b9f7914e4bf83372b2950,,,,false,true,NO_DUPLICATE_FLAG,NOT_SUPERSEDED,SEPARATE_LEDGER_CONTROLS,REGISTERED_METADATA_ONLY,SOURCE_INVENTORY_SHA256_RECORDED,081e8fd7d2289570d0d6bcb7b4ac4df86954f17300d17e28ac270b74b6ae81a6,N/A,markdown/text,June 29-30 2026; no uniform row-level source timestamp,published counts may be duplicate-inflated; three distinct current records have no stable candidate ID,1.0.0
art_06ba71e9bf106585,markdown/text,ROOKIE_SEASON_AND_MULTI_YEAR_OUTCOME,SUPPORTING_EVIDENCE,,LIVE_HQ,loc_bf578e1943c6bebb02ef6e15,,,,false,true,NO_DUPLICATE_FLAG,NOT_SUPERSEDED,SEPARATE_LEDGER_CONTROLS,REGISTERED_METADATA_ONLY,SOURCE_INVENTORY_SHA256_RECORDED,283cf76b0cf0f880105615d7c457215526dea496fc7decafd46a541912cc512d,N/A,markdown/text,packet-specific immutable runs; some local receipts only,multiple scoring/rank systems conflict; position-threshold applicability must be explicit,1.0.0
art_06e7177546f768bc,markdown/text,ROOKIE_SEASON_AND_MULTI_YEAR_OUTCOME,SUPPORTING_EVIDENCE,,LIVE_HQ,loc_686bfa855242c8cb998b6ba8,,,,false,true,NO_DUPLICATE_FLAG,NOT_SUPERSEDED,SEPARATE_LEDGER_CONTROLS,REGISTERED_METADATA_ONLY,SOURCE_INVENTORY_SHA256_RECORDED,7cea948124b7711daa4dc65fd49eb18b379c29d3688a010944089793e5080cce,N/A,markdown/text,packet-specific immutable runs; some local receipts only,multiple scoring/rank systems conflict; position-threshold applicability must be explicit,1.0.0
art_0732d3d01f589597,markdown/text,ROOKIE_SEASON_AND_MULTI_YEAR_OUTCOME,SUPPORTING_EVIDENCE,,LIVE_HQ,loc_1be11d7c4cf1dfad57371f17,,,,false,true,NO_DUPLICATE_FLAG,NOT_SUPERSEDED,SEPARATE_LEDGER_CONTROLS,REGISTERED_METADATA_ONLY,SOURCE_INVENTORY_SHA256_RECORDED,25b36964323982279eb49121fea92b03be7680a71266ca0f99bc17092383268e,N/A,markdown/text,packet-specific immutable runs; some local receipts only,multiple scoring/rank systems conflict; position-threshold applicability must be explicit,1.0.0
art_0766f3e8935e3080,markdown/text,LATER_OUTCOME_RESEARCH,SUPPORTING_EVIDENCE,,LIVE_HQ,loc_5197a013eb4d668e753466b6,,,,false,true,NO_DUPLICATE_FLAG,NOT_SUPERSEDED,SEPARATE_LEDGER_CONTROLS,REGISTERED_METADATA_ONLY,SOURCE_INVENTORY_SHA256_RECORDED,e8011343127bd209e742949cf9a33acd9b04781107b213b0483336fc71ed7747,N/A,markdown/text,July 9 2026 research snapshots,authority is limited to the artifact's documented scope,1.0.0
art_079353ed32b81519,player_id|player_name|position|team|rookie_class_year|draft_year|draft_round|draft_pick|overall_pick|draft_capital_bucket|udffa_or_undrafted_status|current_rookie_universe_status|udfa_display_status|wrong_universe_flag|name_collision_flag|identity_status|draft_capital_status|feature_coverage_status|model_rd_status|validation_status|display_status|data_quality_status|source_provenance_status|repair_action|repair_confidence|rookie_year_top_12_review_display_rate|rookie_year_top_24_review_display_rate|rookie_year_top_36_review_display_rate|year_2_top_12_review_display_rate|year_2_top_24_review_display_rate|...(+16 columns),DRAFT_EVENT_AND_POST_DRAFT_PRESEASON,DUPLICATE_EQUIVALENT,,LOCAL_ONLY,loc_5abe318a7096c6c482aa1c8c,,,,false,true,DUPLICATE_RECORDED,SUPERSEDED_RECORDED,SEPARATE_LEDGER_CONTROLS,REGISTERED_METADATA_ONLY,SOURCE_INVENTORY_SHA256_RECORDED,3967a6ee95cfa3769d72f74d3310a37479687ab7b33bfed22d2071a5fa714474,157,player_id|player_name|position|team|rookie_class_year|draft_year|draft_round|draft_pick|overall_pick|draft_capital_bucket|udffa_or_undrafted_status|current_rookie_universe_status|udfa_display_status|wrong_universe_flag|name_collision_flag|identity_status|draft_capital_status|feature_coverage_status|model_rd_status|validation_status|display_status|data_quality_status|source_provenance_status|repair_action|repair_confidence|rookie_year_top_12_review_display_rate|rookie_year_top_24_review_display_rate|rookie_year_top_36_review_display_rate|year_2_top_12_review_display_rate|year_2_top_24_review_display_rate|...(+16 columns),June 29-30 2026; no uniform row-level source timestamp,contains 50 exact duplicate row groups / 50 excess rows; no dedup performed; published counts may be duplicate-inflated; three distinct current records have no stable candidate ID; not tracked at live HQ HEAD,1.0.0
art_07c5258fe965b65c,markdown/text,DRAFT_EVENT,SUPPORTING_EVIDENCE,,LIVE_HQ,loc_754804ef6656295077587af7,,,,false,true,NO_DUPLICATE_FLAG,NOT_SUPERSEDED,SEPARATE_LEDGER_CONTROLS,REGISTERED_METADATA_ONLY,SOURCE_INVENTORY_SHA256_RECORDED,6b6c725b7576b3c4e0d27eb84f5eb3c9ccaea2d691a8a005104913e3f7facd87,N/A,markdown/text,static completed draft events; source timestamps/receipt IDs incomplete in several derivatives,positive draft facts only; missing draft evidence remains unknown; current name+position joins are review-only,1.0.0
art_07dfce2265342ad5,markdown/text,DRAFT_EVENT,SUPPORTING_EVIDENCE,,LIVE_HQ,loc_6dfdd8d0f71f13df1adc7684,,,,false,true,NO_DUPLICATE_FLAG,NOT_SUPERSEDED,SEPARATE_LEDGER_CONTROLS,REGISTERED_METADATA_ONLY,SOURCE_INVENTORY_SHA256_RECORDED,7cea44caea0a81d3afbacedf3d75a6277cb76cb43e064ea591a3f0d16330d807,N/A,markdown/text,June 30 2026 packet snapshots,likely/confirmed-review-only must not be treated as verified undrafted truth,1.0.0
art_07fb8d192016fba2,player_id|player_name|position|team|overlay_id|overlay_status|eligible|applied|score_effect|score_changed|no_stacking_policy|secondary_context_recorded_only|review_only_status,CROSS_LIFECYCLE_REVIEW_SIMULATION,DUPLICATE_EQUIVALENT,,OFF_HQ_BRANCH_ONLY,loc_ae9f314668fcaa16b450a32a,,,,false,true,DUPLICATE_RECORDED,NOT_SUPERSEDED,NO_RECREATE_REQUIRED,REGISTERED_METADATA_ONLY,SOURCE_INVENTORY_SHA256_RECORDED,c06eaad2f5f9de871c59d02ceff0b2d3f4e110eadeb4d872cf9f8689dc0472d7,231,player_id|player_name|position|team|overlay_id|overlay_status|eligible|applied|score_effect|score_changed|no_stacking_policy|secondary_context_recorded_only|review_only_status,off-HQ commit 2026-07-09; not ancestor of live HQ,"Off-HQ Git object is retained for audit discovery and no-recreate protection only; active evidence, migration, ranking, formula, training, production, and runtime use are blocked.",1.0.0
art_087e6a97f97ded7d,markdown/text,LATER_OUTCOME_RESEARCH,SUPPORTING_EVIDENCE,,LIVE_HQ,loc_c091de9b2075a7de63efdc80,,,,false,true,NO_DUPLICATE_FLAG,NOT_SUPERSEDED,SEPARATE_LEDGER_CONTROLS,REGISTERED_METADATA_ONLY,SOURCE_INVENTORY_SHA256_RECORDED,45a2ad4500f404ed85171fae19401e7c096d1c47804a3882be37a5bada29b0d7,N/A,markdown/text,versioned June-July 2026 review snapshots,review-only; formula work paused; current proxy/zero encodings cannot become evidence truth; retain scoring/window semantics,1.0.0
art_08a0f1869321fc44,gap|scope|existing_coverage|missing_test_or_control|impact|classification,GOVERNANCE,CANONICAL_ADMITTED,,LIVE_HQ,loc_40f4e762b88e7b80cd3b78e6,,,,true,false,NO_DUPLICATE_FLAG,NOT_SUPERSEDED,SEPARATE_LEDGER_CONTROLS,REGISTERED_METADATA_ONLY,SOURCE_INVENTORY_SHA256_RECORDED,2640755d0447fa1900025ad995ad8d00ffd3637a147a0d5341e63bc635beb965,7,gap|scope|existing_coverage|missing_test_or_control|impact|classification,versioned canonical packet,authority is limited to the artifact's documented scope,1.0.0
art_08a6d9b64d3e5a24,markdown/text,ROOKIE_SEASON_AND_MULTI_YEAR_OUTCOME,SUPPORTING_EVIDENCE,,LIVE_HQ,loc_cd799479ac51531d5b780036,,,,false,true,NO_DUPLICATE_FLAG,NOT_SUPERSEDED,SEPARATE_LEDGER_CONTROLS,REGISTERED_METADATA_ONLY,SOURCE_INVENTORY_SHA256_RECORDED,5034a60105b83aff5589ceb6b1e9643086db49cede8fe0e136b4c47eeaac1295,N/A,markdown/text,local run 2026-06-29; latest factual outcome season 2024,drafted-only; link availability differs from usable value availability; incomplete windows are censored,1.0.0
art_08c23361fc055409,markdown/text,DRAFT_EVENT,SUPPORTING_EVIDENCE,,LIVE_HQ,loc_ff647148a18a51ba29a14ae1,,,,false,true,NO_DUPLICATE_FLAG,NOT_SUPERSEDED,SEPARATE_LEDGER_CONTROLS,REGISTERED_METADATA_ONLY,SOURCE_INVENTORY_SHA256_RECORDED,07caa612d6ee17166dd97b3a577f05f1d579888d02550a1103c60510f31ce2ff,N/A,markdown/text,static completed draft events; source timestamps/receipt IDs incomplete in several derivatives,positive draft facts only; missing draft evidence remains unknown; current name+position joins are review-only,1.0.0
art_08df7fea74def265,markdown/text,ROOKIE_SEASON_AND_MULTI_YEAR_OUTCOME,SUPPORTING_EVIDENCE,,LIVE_HQ,loc_9790bb1683b684a494539dc8,,,,false,true,NO_DUPLICATE_FLAG,NOT_SUPERSEDED,SEPARATE_LEDGER_CONTROLS,REGISTERED_METADATA_ONLY,SOURCE_INVENTORY_SHA256_RECORDED,9e0f621b003179e854d90bbe6f36bc6a7782f442154aa08ef79b552671e5617b,N/A,markdown/text,packet-specific immutable runs; some local receipts only,multiple scoring/rank systems conflict; position-threshold applicability must be explicit,1.0.0
art_090ce9920e9cb2d8,markdown/text,DRAFT_EVENT,SUPPORTING_EVIDENCE,,LIVE_HQ,loc_817791d09dcea9a9b2848786,,,,false,true,NO_DUPLICATE_FLAG,NOT_SUPERSEDED,SEPARATE_LEDGER_CONTROLS,REGISTERED_METADATA_ONLY,SOURCE_INVENTORY_SHA256_RECORDED,8785886ca4520fa2db04ba65dcc5019e9387b631f22a3e7a99632678505ef757,N/A,markdown/text,June 30 2026 snapshot; source acquisition receipt incomplete,"2,514 likely-UDFA rows are provisional; tracked builder/input receipt is missing; no evidence modified",1.0.0
art_092422bfa98bb93c,markdown/text,ROOKIE_SEASON_AND_MULTI_YEAR_OUTCOME,SUPPORTING_EVIDENCE,,LIVE_HQ,loc_4d94dcd5c380feb2ce91bfe2,,,,false,true,NO_DUPLICATE_FLAG,NOT_SUPERSEDED,SEPARATE_LEDGER_CONTROLS,REGISTERED_METADATA_ONLY,SOURCE_INVENTORY_SHA256_RECORDED,a448e382b9405aaf2a8fdfdb3eebd8dbb61cf680f7dda27da30c51521497a759,N/A,markdown/text,packet-specific 2026 receipts,authority is limited to the artifact's documented scope,1.0.0
art_092d2f033cdbf415,markdown/text,ROOKIE_SEASON_AND_MULTI_YEAR_OUTCOME,SUPPORTING_EVIDENCE,,LIVE_HQ,loc_1b60fdc217f9502b1b38d78c,,,,false,true,NO_DUPLICATE_FLAG,NOT_SUPERSEDED,SEPARATE_LEDGER_CONTROLS,REGISTERED_METADATA_ONLY,SOURCE_INVENTORY_SHA256_RECORDED,905659cfd154b96221848fde271cb031ff1f174777b408e66785ed92f726bbda,N/A,markdown/text,packet-specific immutable runs; some local receipts only,multiple scoring/rank systems conflict; position-threshold applicability must be explicit,1.0.0
art_097630b9b04361c5,markdown/text,ROOKIE_SEASON_AND_MULTI_YEAR_OUTCOME,SUPPORTING_EVIDENCE,,LIVE_HQ,loc_dd6db60d81c2afb87ade5bca,,,,false,true,NO_DUPLICATE_FLAG,NOT_SUPERSEDED,SEPARATE_LEDGER_CONTROLS,REGISTERED_METADATA_ONLY,SOURCE_INVENTORY_SHA256_RECORDED,782d3eb5d47f8929a20dfb161f61ba9a24a031112db8f561c4ea1cb866ea65fe,N/A,markdown/text,packet-specific 2026 receipts,authority is limited to the artifact's documented scope,1.0.0
art_097a0fd638ef958a,markdown/text,ROOKIE_SEASON_AND_MULTI_YEAR_OUTCOME,SUPPORTING_EVIDENCE,,LOCAL_ONLY,loc_e1480f8fc957af88a9cde20d,,,,false,true,NO_DUPLICATE_FLAG,NOT_SUPERSEDED,SEPARATE_LEDGER_CONTROLS,REGISTERED_METADATA_ONLY,SOURCE_INVENTORY_SHA256_RECORDED,dd75e28e72b48645e4631233003c3d432ba0c8219ba6949e6f2fdd9253ea0a82,N/A,markdown/text,packet-specific 2026 receipts,not tracked at live HQ HEAD,1.0.0
art_0a216faa7b9756c2,player_id|player_name|position|team|rookie_class_year|draft_round|draft_pick|draft_capital_bucket|identity_status|draft_capital_status|feature_coverage_status|model_rd_status|validation_status|display_status|display_field_count|not_enough_information_field_count|blocker_reason|review_only|display_only|model_use_allowed|training_allowed|rankings_wiring_allowed|notes,DRAFT_EVENT_AND_POST_DRAFT_PRESEASON,DUPLICATE_EQUIVALENT,,LIVE_HQ,loc_a472e55b790a99b8e1b7ca4f,,,,false,true,DUPLICATE_RECORDED,SUPERSEDED_RECORDED,SEPARATE_LEDGER_CONTROLS,REGISTERED_METADATA_ONLY,SOURCE_INVENTORY_SHA256_RECORDED,ad9418de2905a362297f861c3a3ef3a8deda4d9618a7075006554e23fc514b97,157,player_id|player_name|position|team|rookie_class_year|draft_round|draft_pick|draft_capital_bucket|identity_status|draft_capital_status|feature_coverage_status|model_rd_status|validation_status|display_status|display_field_count|not_enough_information_field_count|blocker_reason|review_only|display_only|model_use_allowed|training_allowed|rankings_wiring_allowed|notes,June 29-30 2026; no uniform row-level source timestamp,contains 50 exact duplicate row groups / 50 excess rows; no dedup performed; published counts may be duplicate-inflated; three distinct current records have no stable candidate ID,1.0.0
art_0a33106f2934cd5b,markdown/text,ROOKIE_SEASON_AND_MULTI_YEAR_OUTCOME,SUPPORTING_EVIDENCE,,LIVE_HQ,loc_5cc4a4030bb7126ab0c73961,,,,false,true,NO_DUPLICATE_FLAG,NOT_SUPERSEDED,SEPARATE_LEDGER_CONTROLS,REGISTERED_METADATA_ONLY,SOURCE_INVENTORY_SHA256_RECORDED,54e7ac79390d1310b2f019ebffb942150c754ef8ac88d2b286f3c14c001ee41d,N/A,markdown/text,packet-specific immutable runs; some local receipts only,multiple scoring/rank systems conflict; position-threshold applicability must be explicit,1.0.0
art_0a4ea458c377bc9e,column_name|required|field_type|nullable|source_field_or_rule|missingness_rule|allowed_use|prohibited_use|notes,ROOKIE_SEASON_AND_MULTI_YEAR_OUTCOME,SUPPORTING_EVIDENCE,,LIVE_HQ,loc_2e1f8304ecc5c142188d4fca,,,,false,true,NO_DUPLICATE_FLAG,NOT_SUPERSEDED,SEPARATE_LEDGER_CONTROLS,REGISTERED_METADATA_ONLY,SOURCE_INVENTORY_SHA256_RECORDED,e54707ee3b90cb2792d418f9407ae57d1b3e87c09db370814eb95732c2901c15,24,column_name|required|field_type|nullable|source_field_or_rule|missingness_rule|allowed_use|prohibited_use|notes,packet-specific immutable runs; some local receipts only,multiple scoring/rank systems conflict; position-threshold applicability must be explicit,1.0.0
art_0ac79ad5976029af,json keys:schema_version|packet_id|verdict|overall_research_verdict|starting_hq_head|source_branch|source_commit|source_parent|source_handling|production_external_influence_percent|flaim_classification|fantasybot_classification|required_file_count|hash_algorithm|manifest_self_hash|files,GOVERNANCE,SUPPORTING_EVIDENCE,,LIVE_HQ,loc_d21e0f3b8f4dbf60dd763713,,,,false,true,NO_DUPLICATE_FLAG,NOT_SUPERSEDED,SEPARATE_LEDGER_CONTROLS,REGISTERED_METADATA_ONLY,SOURCE_INVENTORY_SHA256_RECORDED,45e3b1ecb466614b4b95b321cc1326feef62369d3f87292de46f81ab167dfb28,N/A,json keys:schema_version|packet_id|verdict|overall_research_verdict|starting_hq_head|source_branch|source_commit|source_parent|source_handling|production_external_influence_percent|flaim_classification|fantasybot_classification|required_file_count|hash_algorithm|manifest_self_hash|files,canonical closeout at starting HEAD,authority is limited to the artifact's documented scope,1.0.0
art_0adbf7980dd1819d,artifact|row_count|purpose,ROOKIE_SEASON_AND_MULTI_YEAR_OUTCOME,SUPPORTING_EVIDENCE,,LIVE_HQ,loc_448d37cf99b9f44b466cfb3a,,,,false,true,NO_DUPLICATE_FLAG,NOT_SUPERSEDED,SEPARATE_LEDGER_CONTROLS,REGISTERED_METADATA_ONLY,SOURCE_INVENTORY_SHA256_RECORDED,a1282ca0668291f1d62ca670bb6c224d32d29f41f927bd8dce78ef93ef391133,9,artifact|row_count|purpose,packet-specific 2026 receipts,authority is limited to the artifact's documented scope,1.0.0
art_0adf1df40c6769ca,artifact|row_count|purpose,ROOKIE_SEASON_AND_MULTI_YEAR_OUTCOME,SUPPORTING_EVIDENCE,,LIVE_HQ,loc_d0a9bee8ef06edfbcaa1bcae,,,,false,true,NO_DUPLICATE_FLAG,NOT_SUPERSEDED,SEPARATE_LEDGER_CONTROLS,REGISTERED_METADATA_ONLY,SOURCE_INVENTORY_SHA256_RECORDED,f00cada75d0da801af8787be4b41ec05f654ae6d190b32589f7093708ae7c21e,8,artifact|row_count|purpose,packet-specific 2026 receipts,authority is limited to the artifact's documented scope,1.0.0
art_0ae52dcd2ff3c9d5,markdown/text,ROOKIE_SEASON_AND_MULTI_YEAR_OUTCOME,SUPPORTING_EVIDENCE,,LIVE_HQ,loc_5dcbdcca38493e2576087ba8,,,,false,true,NO_DUPLICATE_FLAG,NOT_SUPERSEDED,SEPARATE_LEDGER_CONTROLS,REGISTERED_METADATA_ONLY,SOURCE_INVENTORY_SHA256_RECORDED,3b8eab35f613a00ac81cfd65b6add6359f4e2263f8d8091bf8b952e77d8a7b33,N/A,markdown/text,packet-specific immutable runs; some local receipts only,multiple scoring/rank systems conflict; position-threshold applicability must be explicit,1.0.0
art_0b4d2cba131e6d40,packet_name|verdict|source_commit|artifact_path|canonicalized_path|status|review_only_status|production_model_use_status|rankings_integration_status|app_runtime_status|source_promotion_status|push_merge_status,LATER_OUTCOME_RESEARCH,SUPPORTING_EVIDENCE,,LIVE_HQ,loc_ce78969a34ebb8a9d4b9443a,,,,false,true,NO_DUPLICATE_FLAG,NOT_SUPERSEDED,SEPARATE_LEDGER_CONTROLS,REGISTERED_METADATA_ONLY,SOURCE_INVENTORY_SHA256_RECORDED,bb7e1af9fb64f7936120c5e29b7b0d081968107d6c1c160ec45562977cd98dd0,3,packet_name|verdict|source_commit|artifact_path|canonicalized_path|status|review_only_status|production_model_use_status|rankings_integration_status|app_runtime_status|source_promotion_status|push_merge_status,July 9 2026 research snapshots,authority is limited to the artifact's documented scope,1.0.0
art_0b6a25a16131dc8a,markdown/text,DRAFT_EVENT_AND_POST_DRAFT_PRESEASON,SUPPORTING_EVIDENCE,,LIVE_HQ,loc_03122f27765f838456a53f7b,,,,false,true,NO_DUPLICATE_FLAG,NOT_SUPERSEDED,SEPARATE_LEDGER_CONTROLS,REGISTERED_METADATA_ONLY,SOURCE_INVENTORY_SHA256_RECORDED,ca530143cf701384a232a628eb956956a6ce3d9ed18c4b254d4fc1a2a504d191,N/A,markdown/text,June 29-30 2026; no uniform row-level source timestamp,published counts may be duplicate-inflated; three distinct current records have no stable candidate ID,1.0.0
art_0b754fa20fab11f3,py,ROOKIE_SEASON_AND_MULTI_YEAR_OUTCOME,SUPPORTING_EVIDENCE,,LIVE_HQ,loc_0fb3a19514fa47e3bf8073bf,,,,false,true,NO_DUPLICATE_FLAG,NOT_SUPERSEDED,SEPARATE_LEDGER_CONTROLS,REGISTERED_METADATA_ONLY,SOURCE_INVENTORY_SHA256_RECORDED,fdef3563c621498d8eb2f06493d3bb932b087deb8089a297b9bce7f9cbe5e52d,N/A,py,local run 2026-06-29; latest factual outcome season 2024,drafted-only; link availability differs from usable value availability; incomplete windows are censored,1.0.0
art_0b95c847ac0fb66c,player_id|player_name|position|team|current_nwr_rank|simulated_overall_rank|rank_delta_vs_current|current_position_rank|simulated_position_rank|rank_delta_vs_current_position|formula_score|normalized_score|sparse_history_overlay_applied|guardrail_flags|review_only_status,CROSS_LIFECYCLE_REVIEW_SIMULATION,LOCAL_ONLY_RESTRICTED,,OFF_HQ_BRANCH_ONLY,loc_7c037dcb5e4db67de040e1a0,,,,false,true,NO_DUPLICATE_FLAG,NOT_SUPERSEDED,NO_RECREATE_REQUIRED,REGISTERED_METADATA_ONLY,SOURCE_INVENTORY_SHA256_RECORDED,985387c41ecffac43423efdf84c891194658b3130ea0d761e7142d6f56aec369,245,player_id|player_name|position|team|current_nwr_rank|simulated_overall_rank|rank_delta_vs_current|current_position_rank|simulated_position_rank|rank_delta_vs_current_position|formula_score|normalized_score|sparse_history_overlay_applied|guardrail_flags|review_only_status,off-HQ commit 2026-07-09; not ancestor of live HQ,"Off-HQ Git object is retained for audit discovery and no-recreate protection only; active evidence, migration, ranking, formula, training, production, and runtime use are blocked.",1.0.0
art_0bbac4f1e7163f4c,markdown/text,DRAFT_EVENT_AND_POST_DRAFT_PRESEASON,SUPPORTING_EVIDENCE,,LIVE_HQ,loc_8ce03d653be47bcfa43b6328,,,,false,true,NO_DUPLICATE_FLAG,NOT_SUPERSEDED,SEPARATE_LEDGER_CONTROLS,REGISTERED_METADATA_ONLY,SOURCE_INVENTORY_SHA256_RECORDED,3f02144e8b34da07298d63bc8be773f4ed49f655c5dfcfbb74836371c7c19bd8,N/A,markdown/text,June 29-30 2026; no uniform row-level source timestamp,published counts may be duplicate-inflated; three distinct current records have no stable candidate ID,1.0.0
art_0bd46ad6b78f3595,position|component_name|source_column|metric_type|direction|seasons|rows|position_total_rows|coverage_rate|missing_rows|mae_rank_vs_finish|rmse_rank_vs_finish|spearman_rank_vs_finish|spearman_value_vs_next_points|top_12_precision|top_24_precision|top_36_precision|startable_precision|startable_recall|caveat,LATER_OUTCOME_RESEARCH,SUPPORTING_EVIDENCE,,LIVE_HQ,loc_3621d26b852f897197229a16,,,,false,true,NO_DUPLICATE_FLAG,NOT_SUPERSEDED,SEPARATE_LEDGER_CONTROLS,REGISTERED_METADATA_ONLY,SOURCE_INVENTORY_SHA256_RECORDED,82824f9a9e80eb49c50eb5099b8e651545e118f478f4b4bb31deee6c43bc71bc,91,position|component_name|source_column|metric_type|direction|seasons|rows|position_total_rows|coverage_rate|missing_rows|mae_rank_vs_finish|rmse_rank_vs_finish|spearman_rank_vs_finish|spearman_value_vs_next_points|top_12_precision|top_24_precision|top_36_precision|startable_precision|startable_recall|caveat,versioned June-July 2026 review snapshots,review-only; formula work paused; current proxy/zero encodings cannot become evidence truth; retain scoring/window semantics,1.0.0
art_0bd577ad27a5068c,field_name|present|notes,DRAFT_EVENT,SUPPORTING_EVIDENCE,,LIVE_HQ,loc_62295cfe0353678139e421b0,,,,false,true,NO_DUPLICATE_FLAG,NOT_SUPERSEDED,SEPARATE_LEDGER_CONTROLS,REGISTERED_METADATA_ONLY,SOURCE_INVENTORY_SHA256_RECORDED,b4fa77f9b4ec0f64be77e95d0a8fca854763beeb562da680f1b77be1e8cb1f3f,15,field_name|present|notes,static completed draft events; source timestamps/receipt IDs incomplete in several derivatives,positive draft facts only; missing draft evidence remains unknown; current name+position joins are review-only,1.0.0
art_0bea77d6ad6dcfc5,py,CROSS_LIFECYCLE,SUPPORTING_EVIDENCE,,LIVE_HQ,loc_d6b8ae3d701c97c55bc330d9,,,,false,true,NO_DUPLICATE_FLAG,NOT_SUPERSEDED,SEPARATE_LEDGER_CONTROLS,REGISTERED_METADATA_ONLY,SOURCE_INVENTORY_SHA256_RECORDED,ecb67e80ec84f8c78960abbfeb28d7a13f81918d256c33136c2660ab90aa5d9c,N/A,py,packet-specific snapshot,authority is limited to the artifact's documented scope,1.0.0
art_0c33fb1eb3cf2ecb,markdown/text,LATER_OUTCOME_RESEARCH,SUPPORTING_EVIDENCE,,LIVE_HQ,loc_b757f7cfb3c1483c3fd2b720,,,,false,true,NO_DUPLICATE_FLAG,NOT_SUPERSEDED,SEPARATE_LEDGER_CONTROLS,REGISTERED_METADATA_ONLY,SOURCE_INVENTORY_SHA256_RECORDED,a2738819000fc896b8f1929c08a7434842dfc80620f52cf14f071ef5d14c9bb3,N/A,markdown/text,July 9 2026 research snapshots,authority is limited to the artifact's documented scope,1.0.0
art_0c50bb40e773852b,algorithm_id|algorithm_family|algorithm_name|development_composite_score|development_next_points_spearman|development_future3_spearman|development_rank_mae|development_top_precision|development_top_recall|development_bust_avoidance|development_cornerstone_safety|holdout_composite_score|holdout_next_points_spearman|holdout_rank_mae|stress_2025_next_points_spearman|complexity_score|winner_selection_basis|beats_simple_baseline_multiple_checks|finalist_selection_note,ROOKIE_SEASON_AND_MULTI_YEAR_OUTCOME,SUPPORTING_EVIDENCE,,LOCAL_ONLY,loc_0d6246a2ccc78880bfa4dec5,,,,false,true,NO_DUPLICATE_FLAG,NOT_SUPERSEDED,SEPARATE_LEDGER_CONTROLS,REGISTERED_METADATA_ONLY,SOURCE_INVENTORY_SHA256_RECORDED,b916ec5787b50ccbfc003d283ade5e9a670ab2b41d41392872d418b6d2054574,33,algorithm_id|algorithm_family|algorithm_name|development_composite_score|development_next_points_spearman|development_future3_spearman|development_rank_mae|development_top_precision|development_top_recall|development_bust_avoidance|development_cornerstone_safety|holdout_composite_score|holdout_next_points_spearman|holdout_rank_mae|stress_2025_next_points_spearman|complexity_score|winner_selection_basis|beats_simple_baseline_multiple_checks|finalist_selection_note,packet-specific 2026 receipts,not tracked at live HQ HEAD,1.0.0
art_0d1cc63ce40dec8d,markdown/text,LATER_OUTCOME_RESEARCH,SUPPORTING_EVIDENCE,,LIVE_HQ,loc_5140feae1fc548d0b8d7ef11,,,,false,true,NO_DUPLICATE_FLAG,NOT_SUPERSEDED,SEPARATE_LEDGER_CONTROLS,REGISTERED_METADATA_ONLY,SOURCE_INVENTORY_SHA256_RECORDED,4ba4a6d5a1b343ce02a846eacf3087ade5693386037d7b0f9d4a1df81e234d9c,N/A,markdown/text,July 9 2026 research snapshots,authority is limited to the artifact's documented scope,1.0.0
art_0d1fe91e903edcba,season|player|position|model_rank|model_score|model_recommendation|outcome_label|outcome_score|source,PRE_DRAFT_TO_MULTI_YEAR_LEGACY,SUPPORTING_EVIDENCE,,LIVE_HQ,loc_cf81cf80845d7b7212c3dc1e,,,,false,true,NO_DUPLICATE_FLAG,NOT_SUPERSEDED,SEPARATE_LEDGER_CONTROLS,REGISTERED_METADATA_ONLY,SOURCE_INVENTORY_SHA256_RECORDED,53f7816d1bb89969d6a73944d21de19e2f0e636123f90c0f83c29afc4fdf817f,15,season|player|position|model_rank|model_score|model_recommendation|outcome_label|outcome_score|source,legacy baseline; superseded by June 29-30 review-only gates,legacy source/use claims are superseded; provider content and name-key joins are restricted,1.0.0
art_0dc417ca2b529f15,metric|count_or_result|interpretation|governance_effect,GOVERNANCE,SUPPORTING_EVIDENCE,,LIVE_HQ,loc_e773dec5fcb425e9217c3456,,,,false,true,NO_DUPLICATE_FLAG,NOT_SUPERSEDED,SEPARATE_LEDGER_CONTROLS,REGISTERED_METADATA_ONLY,SOURCE_INVENTORY_SHA256_RECORDED,a8eb78c37cec40f9b84758d07d25803f15182c943a780660ab363e8d1d932a83,10,metric|count_or_result|interpretation|governance_effect,canonical closeout at starting HEAD,authority is limited to the artifact's documented scope,1.0.0
art_0dd651295b5bfa14,py,CROSS_LIFECYCLE,SUPPORTING_EVIDENCE,,LIVE_HQ,loc_855657f7ff23e3f74e197896,,,,false,true,NO_DUPLICATE_FLAG,NOT_SUPERSEDED,SEPARATE_LEDGER_CONTROLS,REGISTERED_METADATA_ONLY,SOURCE_INVENTORY_SHA256_RECORDED,f7d5114d3378ae7a062a0f0ca1bef8751ba0a20812828b7750da894e7cc2ca7a,N/A,py,packet-specific snapshot,authority is limited to the artifact's documented scope,1.0.0
art_0eb1b98d9997d140,py,PRE_DRAFT_AND_TIMING_GOVERNANCE,SUPPORTING_EVIDENCE,,LIVE_HQ,loc_e45faec1ee87514bb0b64b49,,,,false,true,NO_DUPLICATE_FLAG,NOT_SUPERSEDED,SEPARATE_LEDGER_CONTROLS,REGISTERED_METADATA_ONLY,SOURCE_INVENTORY_SHA256_RECORDED,648908ea4a19e4c0cc032e493b2dad6b03c97b49195a48ab4f468f9c5a069f5f,N/A,py,as-of policy present; zero experiment-ready player/feature rows,authority is limited to the artifact's documented scope,1.0.0
art_0eb2b21869dbb274,scoreboard_window|formula_id|position|miss_type|category|miss_rows|category_share_of_formula_position_misses,LATER_OUTCOME_RESEARCH,SUPPORTING_EVIDENCE,,LIVE_HQ,loc_431123856602817f57c2b7fe,,,,false,true,NO_DUPLICATE_FLAG,NOT_SUPERSEDED,SEPARATE_LEDGER_CONTROLS,REGISTERED_METADATA_ONLY,SOURCE_INVENTORY_SHA256_RECORDED,ef8094ae85dfc2c0ea82effe6eaaf11f70ec53a160d822bb3dc8383c3e80d58f,80,scoreboard_window|formula_id|position|miss_type|category|miss_rows|category_share_of_formula_position_misses,July 9 2026 research snapshots,authority is limited to the artifact's documented scope,1.0.0
art_0f194d7dacc0fe45,markdown/text,ROOKIE_SEASON_AND_MULTI_YEAR_OUTCOME,SUPPORTING_EVIDENCE,,LIVE_HQ,loc_5058c4a44eeb300ee785de9c,,,,false,true,NO_DUPLICATE_FLAG,NOT_SUPERSEDED,SEPARATE_LEDGER_CONTROLS,REGISTERED_METADATA_ONLY,SOURCE_INVENTORY_SHA256_RECORDED,d067dc28511029aa7cefe9f3384234e33bfa1ebad39a0f7559d50fcb186a18ae,N/A,markdown/text,local run 2026-06-29; latest factual outcome season 2024,drafted-only; link availability differs from usable value availability; incomplete windows are censored,1.0.0
art_0f9cd536596dcae9,markdown/text,DRAFT_EVENT,SUPPORTING_EVIDENCE,,LIVE_HQ,loc_9c5c752cbeaa4ce4b765aee9,,,,false,true,NO_DUPLICATE_FLAG,NOT_SUPERSEDED,SEPARATE_LEDGER_CONTROLS,REGISTERED_METADATA_ONLY,SOURCE_INVENTORY_SHA256_RECORDED,acda82292c8699f98256298fcc4fa52ea4fd8b94d666773225bd433a31935cf2,N/A,markdown/text,June 30 2026 packet snapshots,likely/confirmed-review-only must not be treated as verified undrafted truth,1.0.0
art_0ff4e453a624af45,Position|Seasons|Rows|Metric Type|Signal|Spearman|Top-12|Top-24|Top-36|Startable Precision|Caveat,LATER_OUTCOME_RESEARCH,SUPPORTING_EVIDENCE,,LIVE_HQ,loc_ad4799db629e104af1ad2293,,,,false,true,NO_DUPLICATE_FLAG,NOT_SUPERSEDED,SEPARATE_LEDGER_CONTROLS,REGISTERED_METADATA_ONLY,SOURCE_INVENTORY_SHA256_RECORDED,c89581d92ce1477daae98a8c30d28889520e3755b18709237a6fb340622deffc,12,Position|Seasons|Rows|Metric Type|Signal|Spearman|Top-12|Top-24|Top-36|Startable Precision|Caveat,versioned June-July 2026 review snapshots,review-only; formula work paused; current proxy/zero encodings cannot become evidence truth; retain scoring/window semantics,1.0.0
art_103d8b3d3bac29d9,field_id|feature_set|model_description|validation_rows|validation_positives|validation_anchor_seasons|model_brier|baseline_brier|brier_delta_vs_baseline|weighted_calibration_abs_error|max_large_bucket_calibration_abs_error|calibration_status|validation_status|notes,ROOKIE_SEASON_AND_MULTI_YEAR_OUTCOME,SUPPORTING_EVIDENCE,,LOCAL_ONLY,loc_33057161534c6f091787a170,,,,false,true,NO_DUPLICATE_FLAG,NOT_SUPERSEDED,SEPARATE_LEDGER_CONTROLS,REGISTERED_METADATA_ONLY,SOURCE_INVENTORY_SHA256_RECORDED,d011cd8ed70ab6b54616e9408d9392478db362ed6c04adde8bdfdc5f15198b4c,25,field_id|feature_set|model_description|validation_rows|validation_positives|validation_anchor_seasons|model_brier|baseline_brier|brier_delta_vs_baseline|weighted_calibration_abs_error|max_large_bucket_calibration_abs_error|calibration_status|validation_status|notes,packet-specific immutable runs; some local receipts only,multiple scoring/rank systems conflict; position-threshold applicability must be explicit; not tracked at live HQ HEAD,1.0.0
art_103e393b6cec3ff1,markdown/text,CROSS_LIFECYCLE_IDENTITY,SUPPORTING_EVIDENCE,,LIVE_HQ,loc_e0805f7443a377b40de20907,,,,false,true,NO_DUPLICATE_FLAG,NOT_SUPERSEDED,SEPARATE_LEDGER_CONTROLS,REGISTERED_METADATA_ONLY,SOURCE_INVENTORY_SHA256_RECORDED,7d9389f0c9d00be70e6ce922359c9d980db3da808531e34d87a4a4071f29f778,N/A,markdown/text,June 23-30 2026 snapshots,authority is limited to the artifact's documented scope,1.0.0
art_1073d4e239912f53,variant_id|source_rule_family|worst_window|worst_reference_formula|net_miss_reduction|misses_resolved|new_misses_created|severe_false_positive_spike|spearman_delta|non_sparse_collateral_damage|classification|review_decision|harm_pattern,LATER_OUTCOME_RESEARCH,SUPPORTING_EVIDENCE,,LIVE_HQ,loc_6add7abb09def549eadd2ad1,,,,false,true,NO_DUPLICATE_FLAG,NOT_SUPERSEDED,SEPARATE_LEDGER_CONTROLS,REGISTERED_METADATA_ONLY,SOURCE_INVENTORY_SHA256_RECORDED,ca3d0c40178faf29011bfaf7d28267acd240b16a4a123b1a2f4aa590ec527d26,3,variant_id|source_rule_family|worst_window|worst_reference_formula|net_miss_reduction|misses_resolved|new_misses_created|severe_false_positive_spike|spearman_delta|non_sparse_collateral_damage|classification|review_decision|harm_pattern,July 9 2026 research snapshots,authority is limited to the artifact's documented scope,1.0.0
art_107db11006a4229c,cfbd_row_id|cfbd_player_id|cfbd_player_name|cfbd_normalized_name|cfbd_college_team|cfbd_position|cfbd_season|candidate_source|candidate_player_id|candidate_sleeper_id|candidate_player_name|candidate_normalized_name|candidate_position|candidate_team|name_score|position_match|team_or_college_context_match|match_status|match_confidence|review_required|model_use_allowed|training_allowed|notes|ambiguity_reason|recommended_review_action|human_decision|human_reviewer|human_review_date|review_note,CROSS_LIFECYCLE_IDENTITY,IDENTITY_UNRESOLVED,,LIVE_HQ,loc_8ba2ca6aa6cf34f1f143cce2,,,,false,true,NO_DUPLICATE_FLAG,NOT_SUPERSEDED,SEPARATE_LEDGER_CONTROLS,REGISTERED_METADATA_ONLY,SOURCE_INVENTORY_SHA256_RECORDED,6b886bf0a8fc71fc8e7e976cec17aece223d0eaf66cc155a55b99a5d6cb4b9d7,56,cfbd_row_id|cfbd_player_id|cfbd_player_name|cfbd_normalized_name|cfbd_college_team|cfbd_position|cfbd_season|candidate_source|candidate_player_id|candidate_sleeper_id|candidate_player_name|candidate_normalized_name|candidate_position|candidate_team|name_score|position_match|team_or_college_context_match|match_status|match_confidence|review_required|model_use_allowed|training_allowed|notes|ambiguity_reason|recommended_review_action|human_decision|human_reviewer|human_review_date|review_note,2026-06-26 to 2026-06-29 review snapshots,human review approval is review-only; normalized name/position is not controlling identity,1.0.0
art_10d4c76d769c843c,metric|value|notes|review_only|display_only|model_use_allowed|training_allowed|rankings_wiring_allowed,DRAFT_EVENT_AND_POST_DRAFT_PRESEASON,SUPERSEDED,,LOCAL_ONLY,loc_5cf7d6514a89ff84b73a99d0,,,,false,true,NO_DUPLICATE_FLAG,SUPERSEDED_RECORDED,SEPARATE_LEDGER_CONTROLS,REGISTERED_METADATA_ONLY,SOURCE_INVENTORY_SHA256_RECORDED,c01737e0779096c8c743ebe2066c95e4e8531ab60dd30cf4060f04a075e387ad,6,metric|value|notes|review_only|display_only|model_use_allowed|training_allowed|rankings_wiring_allowed,June 29-30 2026; no uniform row-level source timestamp,published counts may be duplicate-inflated; three distinct current records have no stable candidate ID; not tracked at live HQ HEAD,1.0.0
art_111314f1e4034b21,markdown/text,GOVERNANCE,SUPPORTING_EVIDENCE,,LIVE_HQ,loc_95d6ff91b51f0ab2421e83ad,,,,false,true,NO_DUPLICATE_FLAG,NOT_SUPERSEDED,SEPARATE_LEDGER_CONTROLS,REGISTERED_METADATA_ONLY,SOURCE_INVENTORY_SHA256_RECORDED,25518433ae9c5fdfe9693ef243464fc82d3cd5412837b1c303955b37dacb58de,N/A,markdown/text,canonical closeout at starting HEAD,authority is limited to the artifact's documented scope,1.0.0
art_11280b61dc5307be,py,DRAFT_EVENT,SUPPORTING_EVIDENCE,,LIVE_HQ,loc_9ce20f3e2b15421297cc0eec,,,,false,true,NO_DUPLICATE_FLAG,NOT_SUPERSEDED,SEPARATE_LEDGER_CONTROLS,REGISTERED_METADATA_ONLY,SOURCE_INVENTORY_SHA256_RECORDED,e89201e47ba7d9bb5d8ae9d56e6e41bfd7f00f39c04aae109d57e23aac711f69,N/A,py,June 30 2026 packet snapshots,likely/confirmed-review-only must not be treated as verified undrafted truth,1.0.0
art_117ca63ea8223aef,py,PRODUCT_CONSUMER,SUPPORTING_EVIDENCE,,LIVE_HQ,loc_e6a9db850deccdfee906ca0c,,,,false,true,NO_DUPLICATE_FLAG,NOT_SUPERSEDED,SEPARATE_LEDGER_CONTROLS,REGISTERED_METADATA_ONLY,SOURCE_INVENTORY_SHA256_RECORDED,a1abb6028292ee1092c52fa49bf34fb6c13fe55bfc20b286a7831683d0ed4a6f,N/A,py,live HQ at starting commit,authority is limited to the artifact's documented scope,1.0.0
art_11d8249dffe9d4c6,markdown/text,ROOKIE_SEASON_AND_MULTI_YEAR_OUTCOME,SUPPORTING_EVIDENCE,,LIVE_HQ,loc_5967b0219ac3a6e7c04085d3,,,,false,true,NO_DUPLICATE_FLAG,NOT_SUPERSEDED,SEPARATE_LEDGER_CONTROLS,REGISTERED_METADATA_ONLY,SOURCE_INVENTORY_SHA256_RECORDED,85892ed25d9feeea3f0f9822fc568210cfb2bb26bda220d2a6dc5c45fe643baf,N/A,markdown/text,packet-specific immutable runs; some local receipts only,multiple scoring/rank systems conflict; position-threshold applicability must be explicit,1.0.0
art_1274443f5941a573,markdown/text,LATER_OUTCOME_RESEARCH,SUPPORTING_EVIDENCE,,LIVE_HQ,loc_16f75ecc756403a4a5e2489c,,,,false,true,NO_DUPLICATE_FLAG,NOT_SUPERSEDED,SEPARATE_LEDGER_CONTROLS,REGISTERED_METADATA_ONLY,SOURCE_INVENTORY_SHA256_RECORDED,8c5f17217bede0637235fa2d55506456d799fb167db22de0e33d2841089014e7,N/A,markdown/text,July 9 2026 research snapshots,authority is limited to the artifact's documented scope,1.0.0
art_127fba016814853c,markdown/text,ROOKIE_SEASON_AND_MULTI_YEAR_OUTCOME,SUPPORTING_EVIDENCE,,LIVE_HQ,loc_3f6fcec779a4a8e1651c7303,,,,false,true,NO_DUPLICATE_FLAG,NOT_SUPERSEDED,SEPARATE_LEDGER_CONTROLS,REGISTERED_METADATA_ONLY,SOURCE_INVENTORY_SHA256_RECORDED,7db3763289c9b84c917565afbe0b8bb84075b1184619b9ff50ed5284f884ef4c,N/A,markdown/text,local run 2026-06-29; latest factual outcome season 2024,drafted-only; link availability differs from usable value availability; incomplete windows are censored,1.0.0
art_12944b2b920ec28d,markdown/text,LATER_OUTCOME_RESEARCH,CANONICAL_REVIEW_ONLY,,LIVE_HQ,loc_cf23f083466a8cff7de7381b,,,,true,false,NO_DUPLICATE_FLAG,NOT_SUPERSEDED,SEPARATE_LEDGER_CONTROLS,REGISTERED_METADATA_ONLY,SOURCE_INVENTORY_SHA256_RECORDED,448c1244245fa01e38c4ecc51d044aae546cb7e78afead4b388990a7f5e55f54,N/A,markdown/text,versioned June-July 2026 review snapshots,review-only; formula work paused; current proxy/zero encodings cannot become evidence truth; retain scoring/window semantics,1.0.0
art_130de691644c2d2b,markdown/text,PRODUCT_CONSUMER,SUPPORTING_EVIDENCE,,LIVE_HQ,loc_a33020e31ca447850b25bbc7,,,,false,true,NO_DUPLICATE_FLAG,NOT_SUPERSEDED,SEPARATE_LEDGER_CONTROLS,REGISTERED_METADATA_ONLY,SOURCE_INVENTORY_SHA256_RECORDED,d722a4cc9bdab4c3572e1fa2fc1066b6108f7b4218187fd9572f9c34038eb268,N/A,markdown/text,live HQ at starting commit,authority is limited to the artifact's documented scope,1.0.0
art_131e723776c14e62,reference_id|formula_id|rule_id|scoreboard_window|false_negative_reduction|false_positive_added|net_miss_reduction|new_misses_created|misses_resolved|rule_classification|review,LATER_OUTCOME_RESEARCH,SUPPORTING_EVIDENCE,,LIVE_HQ,loc_34894f37dd1228b37bf08867,,,,false,true,NO_DUPLICATE_FLAG,NOT_SUPERSEDED,SEPARATE_LEDGER_CONTROLS,REGISTERED_METADATA_ONLY,SOURCE_INVENTORY_SHA256_RECORDED,cd0baa5ed1f3c28ad08a3f39d2ec1461331f4d8ea3c5f811279b10da9018a1cc,34,reference_id|formula_id|rule_id|scoreboard_window|false_negative_reduction|false_positive_added|net_miss_reduction|new_misses_created|misses_resolved|rule_classification|review,July 9 2026 research snapshots,authority is limited to the artifact's documented scope,1.0.0
art_13293d530df670cb,candidate_name|delta_level|target_season|position|omitted_season|candidate_spearman|pyf_spearman|candidate_minus_pyf_spearman,PROTECTED_FROZEN_GOVERNANCE,CANONICAL_REVIEW_ONLY,,LIVE_HQ,loc_0ac4565560d028abd7d5064a,,,,true,false,NO_DUPLICATE_FLAG,NOT_SUPERSEDED,SEPARATE_LEDGER_CONTROLS,REGISTERED_METADATA_ONLY,SOURCE_INVENTORY_SHA256_RECORDED,4861fdf375427e301547c441475d63cf83c03eb41ac394e0b99ffd45709da067,162,candidate_name|delta_level|target_season|position|omitted_season|candidate_spearman|pyf_spearman|candidate_minus_pyf_spearman,frozen 2026-07-10 before outcomes,authority is limited to the artifact's documented scope,1.0.0
art_1335dbc2533dbc26,markdown/text,LATER_OUTCOME_RESEARCH,SUPPORTING_EVIDENCE,,LIVE_HQ,loc_a952e4ddf607a8a09964020c,,,,false,true,NO_DUPLICATE_FLAG,NOT_SUPERSEDED,SEPARATE_LEDGER_CONTROLS,REGISTERED_METADATA_ONLY,SOURCE_INVENTORY_SHA256_RECORDED,4919e09ea0def9773e16b5f4a830cb2f3f2434057df65088bee8268ce1b40f96,N/A,markdown/text,July 9 2026 research snapshots,authority is limited to the artifact's documented scope,1.0.0
art_133b048788d377ee,position|threshold|complete_5y_rows_before|positive_hits_before|censored_or_missing_before|complete_5y_rows_after|positive_hits_after|misses_after|censored_or_missing_after|app_validation_note,ROOKIE_SEASON_AND_MULTI_YEAR_OUTCOME,SUPPORTING_EVIDENCE,,LOCAL_ONLY,loc_485c2e2b84e1388d9a3b554e,,,,false,true,NO_DUPLICATE_FLAG,NOT_SUPERSEDED,SEPARATE_LEDGER_CONTROLS,REGISTERED_METADATA_ONLY,SOURCE_INVENTORY_SHA256_RECORDED,c5d92bf921a628d402c6275e841585d8f2de6113b2628bc92713c25ce6d4c6dc,12,position|threshold|complete_5y_rows_before|positive_hits_before|censored_or_missing_before|complete_5y_rows_after|positive_hits_after|misses_after|censored_or_missing_after|app_validation_note,packet-specific immutable runs; some local receipts only,multiple scoring/rank systems conflict; position-threshold applicability must be explicit; not tracked at live HQ HEAD,1.0.0
art_13615849da22553e,markdown/text,CROSS_LIFECYCLE_IDENTITY,SUPPORTING_EVIDENCE,,LIVE_HQ,loc_3579e88b936b122867e7e74f,,,,false,true,NO_DUPLICATE_FLAG,NOT_SUPERSEDED,SEPARATE_LEDGER_CONTROLS,REGISTERED_METADATA_ONLY,SOURCE_INVENTORY_SHA256_RECORDED,c8fe5909d4db2f6d03b84dc9c0656aa4fbf28174d9269c98c891626031811ba9,N/A,markdown/text,June 23-30 2026 snapshots,authority is limited to the artifact's documented scope,1.0.0
art_139cb0fa18529da1,markdown/text,PRE_DRAFT_AND_TIMING_GOVERNANCE,SUPPORTING_EVIDENCE,,LIVE_HQ,loc_1add75160f7cb570e5e0ce1c,,,,false,true,NO_DUPLICATE_FLAG,NOT_SUPERSEDED,SEPARATE_LEDGER_CONTROLS,REGISTERED_METADATA_ONLY,SOURCE_INVENTORY_SHA256_RECORDED,3a9f79545ddc363d08ba7f5fde202d57766e7fa355babf1577e8543280002982,N/A,markdown/text,as-of policy present; zero experiment-ready player/feature rows,authority is limited to the artifact's documented scope,1.0.0
art_13fa29e01a19f6ed,cfbd_row_id|cfbd_player_id|cfbd_player_name|cfbd_normalized_name|cfbd_college_team|cfbd_position|cfbd_season|candidate_source|candidate_player_id|candidate_sleeper_id|candidate_player_name|candidate_normalized_name|candidate_position|candidate_team|name_score|position_match|team_or_college_context_match|match_status|match_confidence|review_required|model_use_allowed|training_allowed|notes,CROSS_LIFECYCLE_IDENTITY,IDENTITY_UNRESOLVED,,LIVE_HQ,loc_bbbef9ed3b8f97dc3b663dc2,,,,false,true,NO_DUPLICATE_FLAG,NOT_SUPERSEDED,SEPARATE_LEDGER_CONTROLS,REGISTERED_METADATA_ONLY,SOURCE_INVENTORY_SHA256_RECORDED,2666209d0957429d8d2a61d9f088b16b48383b7cfcf056150432bfe36b43653c,31670,cfbd_row_id|cfbd_player_id|cfbd_player_name|cfbd_normalized_name|cfbd_college_team|cfbd_position|cfbd_season|candidate_source|candidate_player_id|candidate_sleeper_id|candidate_player_name|candidate_normalized_name|candidate_position|candidate_team|name_score|position_match|team_or_college_context_match|match_status|match_confidence|review_required|model_use_allowed|training_allowed|notes,2026-06-26 to 2026-06-29 review snapshots,human review approval is review-only; normalized name/position is not controlling identity,1.0.0
art_14000c589151df5d,markdown/text,ROOKIE_SEASON_AND_MULTI_YEAR_OUTCOME,SUPPORTING_EVIDENCE,,LIVE_HQ,loc_06c85abc6514359dd0b2cad9,,,,false,true,NO_DUPLICATE_FLAG,NOT_SUPERSEDED,SEPARATE_LEDGER_CONTROLS,REGISTERED_METADATA_ONLY,SOURCE_INVENTORY_SHA256_RECORDED,c559ff522cd932f2c871061f31aac3490710e2ce51da04cb3d5190926a5e7971,N/A,markdown/text,packet-specific 2026 receipts,authority is limited to the artifact's documented scope,1.0.0
art_141534cdca5010a3,player_name|position|team|rookie_class_year|current_entry_status|draft_lookup_status|depth_chart_position|depth_chart_rank|depth_chart_source|player_id|gsis_id|nwr_player_id|identity_status|name_collision_flag|proposed_review_flag|why_flagged|recommended_next_review|blocker_reason|review_only|model_use_allowed|training_allowed,DRAFT_EVENT,SUPPORTING_EVIDENCE,,LIVE_HQ,loc_d6b40537b930838d2acb7f53,,,,false,true,NO_DUPLICATE_FLAG,NOT_SUPERSEDED,SEPARATE_LEDGER_CONTROLS,REGISTERED_METADATA_ONLY,SOURCE_INVENTORY_SHA256_RECORDED,2904a893b556a306bc798d3ade0b5de7f257a2a1467482de39d00691bbb3f5f8,0,player_name|position|team|rookie_class_year|current_entry_status|draft_lookup_status|depth_chart_position|depth_chart_rank|depth_chart_source|player_id|gsis_id|nwr_player_id|identity_status|name_collision_flag|proposed_review_flag|why_flagged|recommended_next_review|blocker_reason|review_only|model_use_allowed|training_allowed,June 30 2026 packet snapshots,likely/confirmed-review-only must not be treated as verified undrafted truth,1.0.0
art_142ecd6d1efa64c1,phase_or_artifact|status|controlling_evidence|allowed_future_action|prohibited_action,PROTECTED_FROZEN_GOVERNANCE,CANONICAL_REVIEW_ONLY,,LIVE_HQ,loc_eb4eaeab43dd7eb08984f6f2,,,,true,false,NO_DUPLICATE_FLAG,NOT_SUPERSEDED,SEPARATE_LEDGER_CONTROLS,REGISTERED_METADATA_ONLY,SOURCE_INVENTORY_SHA256_RECORDED,47c3e616f2d2af71bda3ad5364b650ba4732d86c13e09340f30067130a4c78e3,10,phase_or_artifact|status|controlling_evidence|allowed_future_action|prohibited_action,frozen 2026-07-10 before outcomes,authority is limited to the artifact's documented scope,1.0.0
art_142ed35797a96ef0,markdown/text,PRE_DRAFT_TO_MULTI_YEAR_LEGACY,SUPPORTING_EVIDENCE,,LIVE_HQ,loc_f53e6af84dbe3584bd807985,,,,false,true,NO_DUPLICATE_FLAG,NOT_SUPERSEDED,SEPARATE_LEDGER_CONTROLS,REGISTERED_METADATA_ONLY,SOURCE_INVENTORY_SHA256_RECORDED,e77566285459ef4b7dcf6724dd2f3392031c5a9797ff3e3d7c728cec39e87ffa,N/A,markdown/text,legacy baseline; superseded by June 29-30 review-only gates,legacy source/use claims are superseded; provider content and name-key joins are restricted,1.0.0
art_145f5d49fb4be695,coverage_slice|drafted_player_count|rookie_class_year_min|rookie_class_year_max|draft_capital_complete_count|review_only|model_use_allowed|training_allowed|source_truth_allowed|notes,PRE_DRAFT_AND_TIMING_GOVERNANCE,SUPPORTING_EVIDENCE,,LIVE_HQ,loc_6e0bd15843b29d38d078b341,,,,false,true,NO_DUPLICATE_FLAG,NOT_SUPERSEDED,SEPARATE_LEDGER_CONTROLS,REGISTERED_METADATA_ONLY,SOURCE_INVENTORY_SHA256_RECORDED,cfb11fd43c940feaff40df8ff3121555d7380ddf3c4e7db69b3c9c5f37c10c6e,5,coverage_slice|drafted_player_count|rookie_class_year_min|rookie_class_year_max|draft_capital_complete_count|review_only|model_use_allowed|training_allowed|source_truth_allowed|notes,as-of policy present; zero experiment-ready player/feature rows,authority is limited to the artifact's documented scope,1.0.0
art_1461608553557984,markdown/text,ROOKIE_SEASON_AND_MULTI_YEAR_OUTCOME,SUPPORTING_EVIDENCE,,LIVE_HQ,loc_9eaf36bcfc828bea36628fa5,,,,false,true,NO_DUPLICATE_FLAG,NOT_SUPERSEDED,SEPARATE_LEDGER_CONTROLS,REGISTERED_METADATA_ONLY,SOURCE_INVENTORY_SHA256_RECORDED,f4091cf890e393e5e0ed4a802778dfffb1bda4429ac30bc194f4b152a09de6c3,N/A,markdown/text,packet-specific immutable runs; some local receipts only,multiple scoring/rank systems conflict; position-threshold applicability must be explicit,1.0.0
art_147cbef5075120f5,markdown/text,GOVERNANCE,SUPPORTING_EVIDENCE,,LIVE_HQ,loc_b57b24c388a415e2258a8b47,,,,false,true,NO_DUPLICATE_FLAG,NOT_SUPERSEDED,SEPARATE_LEDGER_CONTROLS,REGISTERED_METADATA_ONLY,SOURCE_INVENTORY_SHA256_RECORDED,5216d0ef2a758121365ece493ac3abbd817a1910f7c58f967993c0cbbead7acb,N/A,markdown/text,canonical closeout at starting HEAD,authority is limited to the artifact's documented scope,1.0.0
art_147ea41c87f37298,markdown/text,PROTECTED_FROZEN_GOVERNANCE,CANONICAL_REVIEW_ONLY,,LIVE_HQ,loc_50bd6a5a64ef99fcef81a893,,,,true,false,NO_DUPLICATE_FLAG,NOT_SUPERSEDED,SEPARATE_LEDGER_CONTROLS,REGISTERED_METADATA_ONLY,SOURCE_INVENTORY_SHA256_RECORDED,49865c6271a2664afa1088b212edf1621e7a8e817aee91e5500f51e944a0c1e3,N/A,markdown/text,frozen 2026-07-10 before outcomes,authority is limited to the artifact's documented scope,1.0.0
art_14a8d5ebed8c0b4a,markdown/text,ROOKIE_SEASON_AND_MULTI_YEAR_OUTCOME,SUPPORTING_EVIDENCE,,LIVE_HQ,loc_dd8a3f5c8e8b30f709088c5f,,,,false,true,NO_DUPLICATE_FLAG,NOT_SUPERSEDED,SEPARATE_LEDGER_CONTROLS,REGISTERED_METADATA_ONLY,SOURCE_INVENTORY_SHA256_RECORDED,16b22f0a77cc24ae1695527b43b1825643a976c1b66ba14f9304cbde79cc537c,N/A,markdown/text,packet-specific immutable runs; some local receipts only,multiple scoring/rank systems conflict; position-threshold applicability must be explicit,1.0.0
art_14c41c3f89dba26d,player_name|position|team|candidate_id|recommended_decision|confidence|blocker_reason|safe_display_action|requires_human_review|review_only|model_use_allowed|training_allowed|source_truth_allowed,CROSS_LIFECYCLE_IDENTITY,SUPPORTING_EVIDENCE,,LIVE_HQ,loc_ac6a997f2b9dd7b6c12d3bd6,,,,false,true,NO_DUPLICATE_FLAG,NOT_SUPERSEDED,SEPARATE_LEDGER_CONTROLS,REGISTERED_METADATA_ONLY,SOURCE_INVENTORY_SHA256_RECORDED,3c160be2ef4800a051bb3bcaf954062eb54214cfbcbf1199244036ded93745ed,54,player_name|position|team|candidate_id|recommended_decision|confidence|blocker_reason|safe_display_action|requires_human_review|review_only|model_use_allowed|training_allowed|source_truth_allowed,June 23-30 2026 snapshots,authority is limited to the artifact's documented scope,1.0.0
art_14eb291256651749,markdown/text,DRAFT_EVENT,SUPPORTING_EVIDENCE,,LIVE_HQ,loc_d083a3fdd52dc5e39f0bebdb,,,,false,true,NO_DUPLICATE_FLAG,NOT_SUPERSEDED,SEPARATE_LEDGER_CONTROLS,REGISTERED_METADATA_ONLY,SOURCE_INVENTORY_SHA256_RECORDED,10ef15637ea8ebac8f0a57e039580e03b46d5c79757210dcdfb37027f93be9ca,N/A,markdown/text,June 30 2026 packet snapshots,likely/confirmed-review-only must not be treated as verified undrafted truth,1.0.0
art_156eb73826dad7f3,field_name|required_for_source_admission|required_for_review_only|required_for_display_only|required_for_model_use|purpose|example|notes,GOVERNANCE,CANONICAL_ADMITTED,,LIVE_HQ,loc_b1dcadfe141f3759e1e5f101,,,,true,false,NO_DUPLICATE_FLAG,NOT_SUPERSEDED,SEPARATE_LEDGER_CONTROLS,REGISTERED_METADATA_ONLY,SOURCE_INVENTORY_SHA256_RECORDED,8531775352cc4824327568445dc5d3be7b1ea6b84dacc29d8758deb2024c91f2,36,field_name|required_for_source_admission|required_for_review_only|required_for_display_only|required_for_model_use|purpose|example|notes,versioned policy snapshot,authority is limited to the artifact's documented scope,1.0.0
art_15a26aaf777087ab,markdown/text,CROSS_LIFECYCLE,SUPERSEDED,,LIVE_HQ,loc_f03e1680e3cf6b96ac1cb026,,,,false,true,NO_DUPLICATE_FLAG,SUPERSEDED_RECORDED,SEPARATE_LEDGER_CONTROLS,REGISTERED_METADATA_ONLY,SOURCE_INVENTORY_SHA256_RECORDED,1a218272ab7fcc4229421deaa0caec66b355f7003e3a838a9cc046ec8e27f41d,N/A,markdown/text,packet-specific snapshot,authority is limited to the artifact's documented scope,1.0.0
art_15a6188d9552a4af,markdown/text,PRE_DRAFT_TO_MULTI_YEAR_LEGACY,SUPPORTING_EVIDENCE,,LIVE_HQ,loc_499bdc429f674d2bfa3bc240,,,,false,true,NO_DUPLICATE_FLAG,NOT_SUPERSEDED,SEPARATE_LEDGER_CONTROLS,REGISTERED_METADATA_ONLY,SOURCE_INVENTORY_SHA256_RECORDED,cace4255a140a52a5814dc3bc643ed56e77a28e70d35173bae75f3eb1034e82e,N/A,markdown/text,legacy baseline; superseded by June 29-30 review-only gates,legacy source/use claims are superseded; provider content and name-key joins are restricted,1.0.0
art_15ac9674e38c038d,markdown/text,ROOKIE_SEASON_AND_MULTI_YEAR_OUTCOME,SUPPORTING_EVIDENCE,,LIVE_HQ,loc_a5f08857fe71d9227f5591f5,,,,false,true,NO_DUPLICATE_FLAG,NOT_SUPERSEDED,SEPARATE_LEDGER_CONTROLS,REGISTERED_METADATA_ONLY,SOURCE_INVENTORY_SHA256_RECORDED,f1005ed76fb3cf3e8b0a8235fa89354b22993ef2c48b0eac7763566658bfbc77,N/A,markdown/text,packet-specific immutable runs; some local receipts only,multiple scoring/rank systems conflict; position-threshold applicability must be explicit,1.0.0
art_15b575351e8e30f0,metric|value|notes|review_only|display_only|model_use_allowed|training_allowed|rankings_wiring_allowed,PRE_DRAFT,SUPPORTING_EVIDENCE,,LOCAL_ONLY,loc_7bd038d7e585b7460e944705,,,,false,true,NO_DUPLICATE_FLAG,NOT_SUPERSEDED,SEPARATE_LEDGER_CONTROLS,REGISTERED_METADATA_ONLY,SOURCE_INVENTORY_SHA256_RECORDED,930ef60c2e655be3c32748c46d2b77f0d2e0f7a5ef30054eceab3a2cff18c770,3,metric|value|notes|review_only|display_only|model_use_allowed|training_allowed|rankings_wiring_allowed,June 30 2026; measurement source timestamp incomplete,not tracked at live HQ HEAD,1.0.0
art_164d9cd73537a0e6,markdown/text,DRAFT_EVENT,SUPPORTING_EVIDENCE,,LIVE_HQ,loc_e5ab46e038eaf853fdabb294,,,,false,true,NO_DUPLICATE_FLAG,NOT_SUPERSEDED,SEPARATE_LEDGER_CONTROLS,REGISTERED_METADATA_ONLY,SOURCE_INVENTORY_SHA256_RECORDED,64bf0ef226f47de7b4e50d9ff7bd8ae094ef6d16f28c04472cf957a756c084d9,N/A,markdown/text,static completed draft events; source timestamps/receipt IDs incomplete in several derivatives,positive draft facts only; missing draft evidence remains unknown; current name+position joins are review-only,1.0.0
art_1670dbdbf3bfc768,algorithm_id|algorithm_family|algorithm_name|development_composite_score|development_next_points_spearman|development_future3_spearman|development_rank_mae|development_top_precision|development_top_recall|development_bust_avoidance|development_cornerstone_safety|holdout_composite_score|holdout_next_points_spearman|holdout_rank_mae|stress_2025_next_points_spearman|complexity_score|winner_selection_basis|beats_simple_baseline_multiple_checks|finalist_selection_note|overall_rank|overall_winner_reason,ROOKIE_SEASON_AND_MULTI_YEAR_OUTCOME,SUPPORTING_EVIDENCE,,LOCAL_ONLY,loc_2892f55a14f9d53b32217f91,,,,false,true,NO_DUPLICATE_FLAG,NOT_SUPERSEDED,SEPARATE_LEDGER_CONTROLS,REGISTERED_METADATA_ONLY,SOURCE_INVENTORY_SHA256_RECORDED,fe9bea759d4e0d8ca4e177eafd6dc3059844ad57de5379ea279a135b944acd41,1,algorithm_id|algorithm_family|algorithm_name|development_composite_score|development_next_points_spearman|development_future3_spearman|development_rank_mae|development_top_precision|development_top_recall|development_bust_avoidance|development_cornerstone_safety|holdout_composite_score|holdout_next_points_spearman|holdout_rank_mae|stress_2025_next_points_spearman|complexity_score|winner_selection_basis|beats_simple_baseline_multiple_checks|finalist_selection_note|overall_rank|overall_winner_reason,packet-specific 2026 receipts,not tracked at live HQ HEAD,1.0.0
art_16764dbd8ae13943,markdown/text,LATER_OUTCOME_RESEARCH,SUPPORTING_EVIDENCE,,LIVE_HQ,loc_d5695036adea0da79bbb41fa,,,,false,true,NO_DUPLICATE_FLAG,NOT_SUPERSEDED,SEPARATE_LEDGER_CONTROLS,REGISTERED_METADATA_ONLY,SOURCE_INVENTORY_SHA256_RECORDED,7f5d7ceb6daea362fd2ae45e583b26cb54a2ae9746f6bb8b10abc5a2363ea7e3,N/A,markdown/text,July 9 2026 research snapshots,authority is limited to the artifact's documented scope,1.0.0
art_16bc4f95083d406b,markdown/text,DRAFT_EVENT,SUPPORTING_EVIDENCE,,LIVE_HQ,loc_fc3d6671de217d5977091e83,,,,false,true,NO_DUPLICATE_FLAG,NOT_SUPERSEDED,SEPARATE_LEDGER_CONTROLS,REGISTERED_METADATA_ONLY,SOURCE_INVENTORY_SHA256_RECORDED,2461afc3fb0f74f7e738d965eb1a7b07dfbde87b55f918a69e9c3a53dcda8f1f,N/A,markdown/text,static completed draft events; source timestamps/receipt IDs incomplete in several derivatives,positive draft facts only; missing draft evidence remains unknown; current name+position joins are review-only,1.0.0
art_16df2d5682795549,markdown/text,PRE_DRAFT,SUPPORTING_EVIDENCE,,LIVE_HQ,loc_d0407070ce8f0888bf70ec0c,,,,false,true,NO_DUPLICATE_FLAG,NOT_SUPERSEDED,SEPARATE_LEDGER_CONTROLS,REGISTERED_METADATA_ONLY,SOURCE_INVENTORY_SHA256_RECORDED,455c58a0c281d048c1323e98b811c1a5626e84b32e14b933577ea208fab058a8,N/A,markdown/text,June 30 2026; measurement source timestamp incomplete,authority is limited to the artifact's documented scope,1.0.0
art_170040426bd03c8d,markdown/text,ROOKIE_SEASON_AND_MULTI_YEAR_OUTCOME,SUPPORTING_EVIDENCE,,LIVE_HQ,loc_4011413f4eeb5bf4d00a5189,,,,false,true,NO_DUPLICATE_FLAG,NOT_SUPERSEDED,SEPARATE_LEDGER_CONTROLS,REGISTERED_METADATA_ONLY,SOURCE_INVENTORY_SHA256_RECORDED,b1832b3c551a39c1276915d0b8bed7b6fd7c12d3435da9ad9d4c8e345b84b88b,N/A,markdown/text,packet-specific immutable runs; some local receipts only,multiple scoring/rank systems conflict; position-threshold applicability must be explicit,1.0.0
art_170f72c163919386,position|characteristic|dominant_value|rows_with_characteristic|successful_sparse_rows|share|interpretation,LATER_OUTCOME_RESEARCH,SUPPORTING_EVIDENCE,,LIVE_HQ,loc_fef5cfbec7f4680df9c00aac,,,,false,true,NO_DUPLICATE_FLAG,NOT_SUPERSEDED,SEPARATE_LEDGER_CONTROLS,REGISTERED_METADATA_ONLY,SOURCE_INVENTORY_SHA256_RECORDED,5015e0b495cf2092e8922d014174c230fcdf81d18a9cdc038df4d89d97846ccf,32,position|characteristic|dominant_value|rows_with_characteristic|successful_sparse_rows|share|interpretation,July 9 2026 research snapshots,authority is limited to the artifact's documented scope,1.0.0
art_179cb3e48448d7f5,markdown/text,LATER_OUTCOME_RESEARCH,SUPPORTING_EVIDENCE,,LIVE_HQ,loc_dedccb26e97f3e478272503e,,,,false,true,NO_DUPLICATE_FLAG,NOT_SUPERSEDED,SEPARATE_LEDGER_CONTROLS,REGISTERED_METADATA_ONLY,SOURCE_INVENTORY_SHA256_RECORDED,0348c1f3e9699ce63e331c44927166cf5846d6279197b7d8cbb11ee9a040fab3,N/A,markdown/text,versioned June-July 2026 review snapshots,review-only; formula work paused; current proxy/zero encodings cannot become evidence truth; retain scoring/window semantics,1.0.0
art_17bac806952fd006,markdown/text,ROOKIE_SEASON_AND_MULTI_YEAR_OUTCOME,SUPPORTING_EVIDENCE,,LIVE_HQ,loc_c02fc33f13a52d4a8efceb6b,,,,false,true,NO_DUPLICATE_FLAG,NOT_SUPERSEDED,SEPARATE_LEDGER_CONTROLS,REGISTERED_METADATA_ONLY,SOURCE_INVENTORY_SHA256_RECORDED,df74d8a133ec9381e5428df5a0bcd457315aae3f59c1e651d5d11765bf8d7feb,N/A,markdown/text,packet-specific immutable runs; some local receipts only,multiple scoring/rank systems conflict; position-threshold applicability must be explicit,1.0.0
art_17bdc3407e64f7b5,markdown/text,ROOKIE_SEASON_AND_MULTI_YEAR_OUTCOME,SUPPORTING_EVIDENCE,,LIVE_HQ,loc_f02bffc8f26ac7a8fffe1b16,,,,false,true,NO_DUPLICATE_FLAG,NOT_SUPERSEDED,SEPARATE_LEDGER_CONTROLS,REGISTERED_METADATA_ONLY,SOURCE_INVENTORY_SHA256_RECORDED,29fbe8ca20df65e20ac6d2761c6b635a930e44e362d96744a120e28c90e2e321,N/A,markdown/text,packet-specific immutable runs; some local receipts only,multiple scoring/rank systems conflict; position-threshold applicability must be explicit,1.0.0
art_17dd00f1776ca02d,py,DRAFT_EVENT,SUPPORTING_EVIDENCE,,LIVE_HQ,loc_19140241e0fd919938692e58,,,,false,true,NO_DUPLICATE_FLAG,NOT_SUPERSEDED,SEPARATE_LEDGER_CONTROLS,REGISTERED_METADATA_ONLY,SOURCE_INVENTORY_SHA256_RECORDED,8eadf3997d802a07673618cbd24adf751c6777a2a459374d1336b81866c2bea9,N/A,py,June 30 2026 packet snapshots,likely/confirmed-review-only must not be treated as verified undrafted truth,1.0.0
art_1882fdc1af6f93e1,player_id|player_name|position|team|guardrail_flags|veteran_decline_guardrail_flag|older_lifecycle_guardrail_flag|availability_rebound_context_flag|starter_depth_promotion_context_flag|snap_growth_role_promotion_context_flag|injury_availability_warning_flag|low_snap_depth_warning_flag|expected_opportunity_partial_window_flag|age_cliff_guardrail_flag|older_lifecycle_bucket|veteran_decline_context_flag|role_loss_warning_flag|injury_availability_caveat_flag|prior_production_trap_flag|age_cliff_not_scoring_overlay_flag|score_changed_by_guardrail|caveat,CROSS_LIFECYCLE_REVIEW_SIMULATION,DUPLICATE_EQUIVALENT,,OFF_HQ_BRANCH_ONLY,loc_492899f482cdf6c5c30304de,,,,false,true,DUPLICATE_RECORDED,NOT_SUPERSEDED,NO_RECREATE_REQUIRED,REGISTERED_METADATA_ONLY,SOURCE_INVENTORY_SHA256_RECORDED,ca923b4064cd617ce4787881ee6efdae3f21cba39d60bb8112c63a8403c5a298,342,player_id|player_name|position|team|guardrail_flags|veteran_decline_guardrail_flag|older_lifecycle_guardrail_flag|availability_rebound_context_flag|starter_depth_promotion_context_flag|snap_growth_role_promotion_context_flag|injury_availability_warning_flag|low_snap_depth_warning_flag|expected_opportunity_partial_window_flag|age_cliff_guardrail_flag|older_lifecycle_bucket|veteran_decline_context_flag|role_loss_warning_flag|injury_availability_caveat_flag|prior_production_trap_flag|age_cliff_not_scoring_overlay_flag|score_changed_by_guardrail|caveat,off-HQ commit 2026-07-09; not ancestor of live HQ,"Off-HQ Git object is retained for audit discovery and no-recreate protection only; active evidence, migration, ranking, formula, training, production, and runtime use are blocked.",1.0.0
art_192c7c7453ae1d3a,markdown/text,PRE_DRAFT,SUPPORTING_EVIDENCE,,LIVE_HQ,loc_d95dbf781faecdd3640c8bcd,,,,false,true,NO_DUPLICATE_FLAG,NOT_SUPERSEDED,SEPARATE_LEDGER_CONTROLS,REGISTERED_METADATA_ONLY,SOURCE_INVENTORY_SHA256_RECORDED,c13f3f8e7a7203e42a59f4159ba2780b2dbea520ba8f359565b348cb058af105,N/A,markdown/text,June 30 2026; measurement source timestamp incomplete,authority is limited to the artifact's documented scope,1.0.0
art_199cd7d84f4934e3,markdown/text,DRAFT_EVENT,SUPERSEDED,,LIVE_HQ,loc_1dec85f03494390634b72edc,,,,false,true,NO_DUPLICATE_FLAG,SUPERSEDED_RECORDED,SEPARATE_LEDGER_CONTROLS,REGISTERED_METADATA_ONLY,SOURCE_INVENTORY_SHA256_RECORDED,b2b57295e7d8e5198853c5a9e683bac35a8bb951066dbab08862633b06b4f2db,N/A,markdown/text,static completed draft events; source timestamps/receipt IDs incomplete in several derivatives,positive draft facts only; missing draft evidence remains unknown; current name+position joins are review-only,1.0.0
art_19a9ae185269895b,markdown/text,CROSS_LIFECYCLE_IDENTITY,SUPERSEDED,,LIVE_HQ,loc_71f5a7121aca72b85642a1fa,,,,false,true,NO_DUPLICATE_FLAG,SUPERSEDED_RECORDED,SEPARATE_LEDGER_CONTROLS,REGISTERED_METADATA_ONLY,SOURCE_INVENTORY_SHA256_RECORDED,2bbc48945ca4355201871fad7a996f237f88710c1432723ddbdfd87b442de216,N/A,markdown/text,2026-06-26 to 2026-06-29 review snapshots,human review approval is review-only; normalized name/position is not controlling identity,1.0.0
art_1a30c3f14a190cc5,markdown/text,ROOKIE_SEASON_AND_MULTI_YEAR_OUTCOME,SUPPORTING_EVIDENCE,,LIVE_HQ,loc_b170cf5a56e0120016c88cdc,,,,false,true,NO_DUPLICATE_FLAG,NOT_SUPERSEDED,SEPARATE_LEDGER_CONTROLS,REGISTERED_METADATA_ONLY,SOURCE_INVENTORY_SHA256_RECORDED,7b47af7de2694d0449ff77c54979c9c023c5f7c6dddb634d2601201df5b2e602,N/A,markdown/text,local run 2026-06-29; latest factual outcome season 2024,drafted-only; link availability differs from usable value availability; incomplete windows are censored,1.0.0
art_1a891a99823b8b10,markdown/text,LATER_OUTCOME_RESEARCH,SUPPORTING_EVIDENCE,,LIVE_HQ,loc_0f1172d2f827712d7f60b5f4,,,,false,true,NO_DUPLICATE_FLAG,NOT_SUPERSEDED,SEPARATE_LEDGER_CONTROLS,REGISTERED_METADATA_ONLY,SOURCE_INVENTORY_SHA256_RECORDED,88347fa13b1fc3465f55d5507fa2d86036968c4d522feb84392333513a09e6b8,N/A,markdown/text,July 9 2026 research snapshots,authority is limited to the artifact's documented scope,1.0.0
art_1aa1a3079e12d2f5,algorithm_id|algorithm_family|season|split|segment|target_type|row_count|mae|rmse|spearman|kendall|rank_mae|notes,ROOKIE_SEASON_AND_MULTI_YEAR_OUTCOME,SUPPORTING_EVIDENCE,,LOCAL_ONLY,loc_6e6e55b12059a55b9442a55e,,,,false,true,NO_DUPLICATE_FLAG,NOT_SUPERSEDED,SEPARATE_LEDGER_CONTROLS,REGISTERED_METADATA_ONLY,SOURCE_INVENTORY_SHA256_RECORDED,62c76add923640d0f813aba59fbf87d43f0e2cf84c05364e1fac23275bb77411,66,algorithm_id|algorithm_family|season|split|segment|target_type|row_count|mae|rmse|spearman|kendall|rank_mae|notes,packet-specific 2026 receipts,not tracked at live HQ HEAD,1.0.0
art_1af695f31088a922,markdown/text,CROSS_LIFECYCLE,SUPERSEDED,,LIVE_HQ,loc_83e18642952f3889e0adc491,,,,false,true,NO_DUPLICATE_FLAG,SUPERSEDED_RECORDED,SEPARATE_LEDGER_CONTROLS,REGISTERED_METADATA_ONLY,SOURCE_INVENTORY_SHA256_RECORDED,2b261ff0a78bbe70e5d1a97ed519e59b8c9c7b1d4a6c9a19373a2dade5f69679,N/A,markdown/text,packet-specific snapshot,authority is limited to the artifact's documented scope,1.0.0
art_1b001a8805005f6e,markdown/text,CROSS_LIFECYCLE_IDENTITY,SUPPORTING_EVIDENCE,,LIVE_HQ,loc_d88ea22b296ba18bbe66b871,,,,false,true,NO_DUPLICATE_FLAG,NOT_SUPERSEDED,SEPARATE_LEDGER_CONTROLS,REGISTERED_METADATA_ONLY,SOURCE_INVENTORY_SHA256_RECORDED,542090d74af47f2bd30520f76515eccea303fb8294533982f4f4727fdcb184ce,N/A,markdown/text,June 23-30 2026 snapshots,authority is limited to the artifact's documented scope,1.0.0
art_1b398a8d2577625e,markdown/text,GOVERNANCE,CANONICAL_ADMITTED,,LIVE_HQ,loc_648d09b2ae57464e85bf0039,,,,true,false,NO_DUPLICATE_FLAG,NOT_SUPERSEDED,SEPARATE_LEDGER_CONTROLS,REGISTERED_METADATA_ONLY,SOURCE_INVENTORY_SHA256_RECORDED,3500abb29f35ce03e655ae4598f7767321115d142d0f2998646d58092d0b2af4,N/A,markdown/text,versioned canonical packet,authority is limited to the artifact's documented scope,1.0.0
art_1b44ba43d6871f5b,markdown/text,PRE_DRAFT_TO_MULTI_YEAR_LEGACY,SUPERSEDED,,LIVE_HQ,loc_244bc85be6e36e5647df1e70,,,,false,true,NO_DUPLICATE_FLAG,SUPERSEDED_RECORDED,SEPARATE_LEDGER_CONTROLS,REGISTERED_METADATA_ONLY,SOURCE_INVENTORY_SHA256_RECORDED,f99f9a3e7091bf771d6bf412b195172ff9c73580b45bb05c63084640002525d4,N/A,markdown/text,legacy baseline; superseded by June 29-30 review-only gates,legacy source/use claims are superseded; provider content and name-key joins are restricted,1.0.0
art_1b4bf07734ae6769,field_id|position|threshold|horizon|complete_label_rows|positive_label_count|negative_label_count|censored_or_missing_rows|anchor_seasons|complete_anchor_season_count|feasibility_status|reason|train_rows|train_positives|validation_rows|validation_positives|train_anchor_seasons|validation_anchor_seasons|baseline_probability|model_brier|baseline_brier|brier_delta_vs_baseline|validation_status|display_eligible|blocked_inputs_used|model_description|notes,ROOKIE_SEASON_AND_MULTI_YEAR_OUTCOME,SUPPORTING_EVIDENCE,,LOCAL_ONLY,loc_a9d25f0924fc90655db98477,,,,false,true,NO_DUPLICATE_FLAG,NOT_SUPERSEDED,SEPARATE_LEDGER_CONTROLS,REGISTERED_METADATA_ONLY,SOURCE_INVENTORY_SHA256_RECORDED,8b0d08eed4704bc9817c6b7a9968ad13d77cce7be1fa7c213f5cfe728e27ef73,36,field_id|position|threshold|horizon|complete_label_rows|positive_label_count|negative_label_count|censored_or_missing_rows|anchor_seasons|complete_anchor_season_count|feasibility_status|reason|train_rows|train_positives|validation_rows|validation_positives|train_anchor_seasons|validation_anchor_seasons|baseline_probability|model_brier|baseline_brier|brier_delta_vs_baseline|validation_status|display_eligible|blocked_inputs_used|model_description|notes,packet-specific immutable runs; some local receipts only,multiple scoring/rank systems conflict; position-threshold applicability must be explicit; not tracked at live HQ HEAD,1.0.0
art_1bec7e5d8835c516,markdown/text,DRAFT_EVENT,SUPERSEDED,,LIVE_HQ,loc_f591ca37e1667805bc98c868,,,,false,true,NO_DUPLICATE_FLAG,SUPERSEDED_RECORDED,SEPARATE_LEDGER_CONTROLS,REGISTERED_METADATA_ONLY,SOURCE_INVENTORY_SHA256_RECORDED,8d7e29303dc66de7fc10fc6bf95d4a8aa3064f5531711c314104633344b8d925,N/A,markdown/text,static completed draft events; source timestamps/receipt IDs incomplete in several derivatives,positive draft facts only; missing draft evidence remains unknown; current name+position joins are review-only,1.0.0
art_1bfe7ca8b789d5c8,player_name|position|rookie_class_year|nfl_player_id|gsis_id|player_stats_id|nwr_player_id|cfbd_player_id|evidence_basis|entry_status_source|entry_status_confidence|draft_lookup_status|identity_status|name_collision_flag|wrong_universe_flag|collision_overlap_flag|source_policy_can_confirm|recommended_status_after_policy|promotion_eligible|blocker_reason|review_only|model_use_allowed|training_allowed,DRAFT_EVENT,SUPPORTING_EVIDENCE,,LIVE_HQ,loc_5e037825b2c71ef238005e27,,,,false,true,NO_DUPLICATE_FLAG,NOT_SUPERSEDED,SEPARATE_LEDGER_CONTROLS,REGISTERED_METADATA_ONLY,SOURCE_INVENTORY_SHA256_RECORDED,3d250924fb5d95e9e99de54f744dc1cfcfbccdb84279b3a23a1b845052ff6429,2514,player_name|position|rookie_class_year|nfl_player_id|gsis_id|player_stats_id|nwr_player_id|cfbd_player_id|evidence_basis|entry_status_source|entry_status_confidence|draft_lookup_status|identity_status|name_collision_flag|wrong_universe_flag|collision_overlap_flag|source_policy_can_confirm|recommended_status_after_policy|promotion_eligible|blocker_reason|review_only|model_use_allowed|training_allowed,June 30 2026 packet snapshots,likely/confirmed-review-only must not be treated as verified undrafted truth,1.0.0
art_1c2e6e9ef57cf4aa,py,PRE_DRAFT,SOURCE_UNADMITTED,,LIVE_HQ,loc_82881177b93cb73df3863501,,,,false,true,NO_DUPLICATE_FLAG,NOT_SUPERSEDED,SEPARATE_LEDGER_CONTROLS,REGISTERED_METADATA_ONLY,SOURCE_INVENTORY_SHA256_RECORDED,62a7e2d492e450335257b0510d46d8df5f38328384ae59fe22fcce981d8d1d97,N/A,py,run 2026-06-26; mutable source; row-level as-of incomplete,"raw cache remains outside Git; rights, hashes, and production gates are incomplete",1.0.0
art_1c5a0715b6639564,py,CROSS_LIFECYCLE,SUPPORTING_EVIDENCE,,LIVE_HQ,loc_d30ba9b8902acee5616165b0,,,,false,true,NO_DUPLICATE_FLAG,NOT_SUPERSEDED,SEPARATE_LEDGER_CONTROLS,REGISTERED_METADATA_ONLY,SOURCE_INVENTORY_SHA256_RECORDED,978d3d21f8dc7552d2388ebfb0f82f7cdbe1fc244845463247d42baf7aa21520,N/A,py,packet-specific snapshot,authority is limited to the artifact's documented scope,1.0.0
art_1c7b43e345ced274,markdown/text,ROOKIE_SEASON_AND_MULTI_YEAR_OUTCOME,SUPPORTING_EVIDENCE,,LOCAL_ONLY,loc_23e791594ac5805173d213e3,,,,false,true,NO_DUPLICATE_FLAG,NOT_SUPERSEDED,SEPARATE_LEDGER_CONTROLS,REGISTERED_METADATA_ONLY,SOURCE_INVENTORY_SHA256_RECORDED,2f9cc3b5ac2cce304c2b3cb6f7954a93ea4e495806144074077d4c51e6e713ed,N/A,markdown/text,packet-specific 2026 receipts,not tracked at live HQ HEAD,1.0.0
art_1c7c0e2c2273941e,source|url|relevant_idea|evidence_quality|applicability_to_nwr|implementation_complexity|data_and_source_risk,GOVERNANCE,CANONICAL_ADMITTED,,LIVE_HQ,loc_43713919b0c3df4dd838d20a,,,,true,false,NO_DUPLICATE_FLAG,NOT_SUPERSEDED,SEPARATE_LEDGER_CONTROLS,REGISTERED_METADATA_ONLY,SOURCE_INVENTORY_SHA256_RECORDED,41b7382f02fc10da659272026888e6d3228b0e25059035d02f4d563fa928b440,6,source|url|relevant_idea|evidence_quality|applicability_to_nwr|implementation_complexity|data_and_source_risk,versioned canonical packet,authority is limited to the artifact's documented scope,1.0.0
art_1c96513d50d1b08f,markdown/text,ROOKIE_SEASON_AND_MULTI_YEAR_OUTCOME,SUPPORTING_EVIDENCE,,LOCAL_ONLY,loc_df20aa3708f7f01bfb3e6bb4,,,,false,true,NO_DUPLICATE_FLAG,NOT_SUPERSEDED,SEPARATE_LEDGER_CONTROLS,REGISTERED_METADATA_ONLY,SOURCE_INVENTORY_SHA256_RECORDED,1649ebe8b70ead201467a4223ca064427ff6a46377616b9b344f130c78ed5ea7,N/A,markdown/text,packet-specific 2026 receipts,not tracked at live HQ HEAD,1.0.0
art_1ca81c36222f5bf0,markdown/text,LATER_OUTCOME_RESEARCH,SUPPORTING_EVIDENCE,,LIVE_HQ,loc_6732ab17ea9b728da25e29d7,,,,false,true,NO_DUPLICATE_FLAG,NOT_SUPERSEDED,SEPARATE_LEDGER_CONTROLS,REGISTERED_METADATA_ONLY,SOURCE_INVENTORY_SHA256_RECORDED,1023fbdfed027b474b5e4f4d43af407e24f6afe5151bedc836547731e528574a,N/A,markdown/text,versioned June-July 2026 review snapshots,review-only; formula work paused; current proxy/zero encodings cannot become evidence truth; retain scoring/window semantics,1.0.0
art_1cc8e9ac817fc9a7,markdown/text,ROOKIE_SEASON_AND_MULTI_YEAR_OUTCOME,SUPPORTING_EVIDENCE,,LOCAL_ONLY,loc_5131b2b355e657a5aeb194a5,,,,false,true,NO_DUPLICATE_FLAG,NOT_SUPERSEDED,SEPARATE_LEDGER_CONTROLS,REGISTERED_METADATA_ONLY,SOURCE_INVENTORY_SHA256_RECORDED,74cd8a6f1e45af9ac532ed3bfecae46bde36534c953e29e235cd2d8d02adb2c1,N/A,markdown/text,packet-specific 2026 receipts,not tracked at live HQ HEAD,1.0.0
art_1cd94cb99aaf6ca8,severity|issue_type|source_name|source_type|path|why_it_matters|recommended_next_action,PRE_DRAFT_TO_MULTI_YEAR_LEGACY,SUPPORTING_EVIDENCE,,LIVE_HQ,loc_e8981290fad3ea492e877bf5,,,,false,true,NO_DUPLICATE_FLAG,NOT_SUPERSEDED,SEPARATE_LEDGER_CONTROLS,REGISTERED_METADATA_ONLY,SOURCE_INVENTORY_SHA256_RECORDED,352dfa37d7f371f82e7652f6269bd9c5010761413ef1cc3a1abf464832d8fd11,397,severity|issue_type|source_name|source_type|path|why_it_matters|recommended_next_action,legacy baseline; superseded by June 29-30 review-only gates,legacy source/use claims are superseded; provider content and name-key joins are restricted,1.0.0
art_1d1471f4252439d0,markdown/text,PRE_DRAFT_AND_TIMING_GOVERNANCE,SUPPORTING_EVIDENCE,,LIVE_HQ,loc_62a4a1469a76b06d9df46a39,,,,false,true,NO_DUPLICATE_FLAG,NOT_SUPERSEDED,SEPARATE_LEDGER_CONTROLS,REGISTERED_METADATA_ONLY,SOURCE_INVENTORY_SHA256_RECORDED,f429449e4493a76dd9654c00e441c503ca8f259b3e4871cfa3b3f520329ef8ec,N/A,markdown/text,as-of policy present; zero experiment-ready player/feature rows,authority is limited to the artifact's documented scope,1.0.0
art_1d563d14534f76b8,py,CROSS_LIFECYCLE,SUPPORTING_EVIDENCE,,LIVE_HQ,loc_3c5407d3d0db26517fe8436a,,,,false,true,NO_DUPLICATE_FLAG,NOT_SUPERSEDED,SEPARATE_LEDGER_CONTROLS,REGISTERED_METADATA_ONLY,SOURCE_INVENTORY_SHA256_RECORDED,047518f314dec73543193641812fd5a9ae288c43a8ebcdd43f79fe311cf232f9,N/A,py,packet-specific snapshot,authority is limited to the artifact's documented scope,1.0.0
art_1d6a5d7f730174fc,markdown/text,DRAFT_EVENT,SUPPORTING_EVIDENCE,,LIVE_HQ,loc_13b5f0291af65d43148108f0,,,,false,true,NO_DUPLICATE_FLAG,NOT_SUPERSEDED,SEPARATE_LEDGER_CONTROLS,REGISTERED_METADATA_ONLY,SOURCE_INVENTORY_SHA256_RECORDED,c812c392a3d3d541bd11e19eb9563fe4d13319b95fc00c6fd6e2acdebb9774f9,N/A,markdown/text,static completed draft events; source timestamps/receipt IDs incomplete in several derivatives,positive draft facts only; missing draft evidence remains unknown; current name+position joins are review-only,1.0.0
art_1d8443221ff5607e,row_id|player_name|normalized_player_name|position|team|season|current_identity_status|candidate_nflverse_player_id|candidate_gsis_id|candidate_pfr_id|candidate_sleeper_id|candidate_nwr_player_id|candidate_team|candidate_position|candidate_roster_years|candidate_draft_year|candidate_draft_team|evidence_summary|match_evidence_strength|same_name_collision_flag|position_mismatch_flag|team_timeline_mismatch_flag|many_to_one_join_flag|one_to_many_join_flag|recommended_decision|recommended_reason|human_decision|approved_by_human|review_only|model_use_allowed|...(+2 columns),CROSS_LIFECYCLE_IDENTITY,SUPPORTING_EVIDENCE,,LIVE_HQ,loc_eb571f53aadbac4a90cd8fba,,,,false,true,NO_DUPLICATE_FLAG,NOT_SUPERSEDED,SEPARATE_LEDGER_CONTROLS,REGISTERED_METADATA_ONLY,SOURCE_INVENTORY_SHA256_RECORDED,4e98b7d9958aba0c8a40cdc6382e1c0b83b9529c88f8d3f0fdbffa51bccbe528,54,row_id|player_name|normalized_player_name|position|team|season|current_identity_status|candidate_nflverse_player_id|candidate_gsis_id|candidate_pfr_id|candidate_sleeper_id|candidate_nwr_player_id|candidate_team|candidate_position|candidate_roster_years|candidate_draft_year|candidate_draft_team|evidence_summary|match_evidence_strength|same_name_collision_flag|position_mismatch_flag|team_timeline_mismatch_flag|many_to_one_join_flag|one_to_many_join_flag|recommended_decision|recommended_reason|human_decision|approved_by_human|review_only|model_use_allowed|...(+2 columns),June 23-30 2026 snapshots,authority is limited to the artifact's documented scope,1.0.0
art_1daac1dd803b3b3f,markdown/text,CROSS_LIFECYCLE,SUPPORTING_EVIDENCE,,LIVE_HQ,loc_c7497b5411e1f85f22e06d79,,,,false,true,NO_DUPLICATE_FLAG,NOT_SUPERSEDED,SEPARATE_LEDGER_CONTROLS,REGISTERED_METADATA_ONLY,SOURCE_INVENTORY_SHA256_RECORDED,54f6a4092d101cb330361244c7b16ffab9017143bd183f2f1fe15828d7e2eb6c,N/A,markdown/text,packet-specific snapshot,authority is limited to the artifact's documented scope,1.0.0
art_1daf63ee53cb5717,target_name|nfl_player_id|player_name|position|rookie_class_year|draft_year|draft_round|draft_pick|draft_capital_bucket|validation_start_year|actual_label|actual_value|validation_predicted_rate|global_baseline_rate|prediction_method|review_only|model_use_allowed|training_allowed,CROSS_LIFECYCLE,SUPPORTING_EVIDENCE,,LOCAL_ONLY,loc_167993cbe27f569ff95ede94,,,,false,true,NO_DUPLICATE_FLAG,NOT_SUPERSEDED,SEPARATE_LEDGER_CONTROLS,REGISTERED_METADATA_ONLY,SOURCE_INVENTORY_SHA256_RECORDED,a6aadd3648e54785163100a9a4b6fea31b30e4ce60791dc94377d97e98b4dee8,1571,target_name|nfl_player_id|player_name|position|rookie_class_year|draft_year|draft_round|draft_pick|draft_capital_bucket|validation_start_year|actual_label|actual_value|validation_predicted_rate|global_baseline_rate|prediction_method|review_only|model_use_allowed|training_allowed,packet-specific snapshot,not tracked at live HQ HEAD,1.0.0
art_1db515999103efdd,markdown/text,PRODUCT_CONSUMER,SUPPORTING_EVIDENCE,,LIVE_HQ,loc_1b09d3674b048aa08f033468,,,,false,true,NO_DUPLICATE_FLAG,NOT_SUPERSEDED,SEPARATE_LEDGER_CONTROLS,REGISTERED_METADATA_ONLY,SOURCE_INVENTORY_SHA256_RECORDED,54e866944850607f209cce94099947a6ea8cb82e9ae85ee79ad13028b2cf18b3,N/A,markdown/text,live HQ at starting commit,authority is limited to the artifact's documented scope,1.0.0
art_1ded549d24d9143f,markdown/text,LATER_OUTCOME_RESEARCH,SUPPORTING_EVIDENCE,,LIVE_HQ,loc_41bb9596c62d55787149be51,,,,false,true,NO_DUPLICATE_FLAG,NOT_SUPERSEDED,SEPARATE_LEDGER_CONTROLS,REGISTERED_METADATA_ONLY,SOURCE_INVENTORY_SHA256_RECORDED,4f9c76e27d2fd6715b41e69dea9aad59cbab8421353b3ee7a6cf77a5fd917f57,N/A,markdown/text,versioned June-July 2026 review snapshots,review-only; formula work paused; current proxy/zero encodings cannot become evidence truth; retain scoring/window semantics,1.0.0
art_1df789ce1018a2e3,reference_id|formula_id|rule_id|rule_family|scoreboard_window|seasons|rows_tested|rule_applied_rows|rows_changed_prediction|total_misses_before|total_misses_after|false_positives_before|false_positives_after|false_negatives_before|false_negatives_after|severe_false_positives_before|severe_false_positives_after|severe_false_negatives_before|severe_false_negatives_after|new_misses_created|misses_resolved|net_miss_reduction|sparse_misses_before|sparse_misses_after|sparse_net_miss_reduction|non_sparse_misses_before|non_sparse_misses_after|non_sparse_collateral_damage|spearman_before|spearman_after|...(+9 columns),LATER_OUTCOME_RESEARCH,SUPPORTING_EVIDENCE,,LIVE_HQ,loc_7462fa9f63cca4a6eb13c65a,,,,false,true,NO_DUPLICATE_FLAG,NOT_SUPERSEDED,SEPARATE_LEDGER_CONTROLS,REGISTERED_METADATA_ONLY,SOURCE_INVENTORY_SHA256_RECORDED,78bc21ede136faf980dfc3f50ab73df8ef6d3bf565bc7f30c809800eaf165c1d,42,reference_id|formula_id|rule_id|rule_family|scoreboard_window|seasons|rows_tested|rule_applied_rows|rows_changed_prediction|total_misses_before|total_misses_after|false_positives_before|false_positives_after|false_negatives_before|false_negatives_after|severe_false_positives_before|severe_false_positives_after|severe_false_negatives_before|severe_false_negatives_after|new_misses_created|misses_resolved|net_miss_reduction|sparse_misses_before|sparse_misses_after|sparse_net_miss_reduction|non_sparse_misses_before|non_sparse_misses_after|non_sparse_collateral_damage|spearman_before|spearman_after|...(+9 columns),July 9 2026 research snapshots,authority is limited to the artifact's documented scope,1.0.0
art_1e95f48a9c3ec62b,markdown/text,DRAFT_EVENT,SUPPORTING_EVIDENCE,,LIVE_HQ,loc_ae6a0b964ea5e97ce1629807,,,,false,true,NO_DUPLICATE_FLAG,NOT_SUPERSEDED,SEPARATE_LEDGER_CONTROLS,REGISTERED_METADATA_ONLY,SOURCE_INVENTORY_SHA256_RECORDED,0b65b965398b0b5bb88c9687e2ada77430b64c42b5f3cb0e295a9c8d903a2ff3,N/A,markdown/text,static completed draft events; source timestamps/receipt IDs incomplete in several derivatives,positive draft facts only; missing draft evidence remains unknown; current name+position joins are review-only,1.0.0
art_1ea9d3130df742a4,py,PRE_DRAFT,SUPPORTING_EVIDENCE,,LIVE_HQ,loc_64332126b761a280f443eb5d,,,,false,true,NO_DUPLICATE_FLAG,NOT_SUPERSEDED,SEPARATE_LEDGER_CONTROLS,REGISTERED_METADATA_ONLY,SOURCE_INVENTORY_SHA256_RECORDED,5e1eb4315af7303778d9f00b65220b098b83f572952d97db49d67d018041b806,N/A,py,June 30 2026; measurement source timestamp incomplete,authority is limited to the artifact's documented scope,1.0.0
art_1eaa8cfd70bb4987,markdown/text,ROOKIE_SEASON_AND_MULTI_YEAR_OUTCOME,SUPPORTING_EVIDENCE,,LIVE_HQ,loc_35bc0155b5f2f12ce972fdb6,,,,false,true,NO_DUPLICATE_FLAG,NOT_SUPERSEDED,SEPARATE_LEDGER_CONTROLS,REGISTERED_METADATA_ONLY,SOURCE_INVENTORY_SHA256_RECORDED,6a87e836a8e99a2a7a0bdd1145ac3942004188f20aa253e7e047063877f52c33,N/A,markdown/text,packet-specific immutable runs; some local receipts only,multiple scoring/rank systems conflict; position-threshold applicability must be explicit,1.0.0
art_1f0209b41bdbbeea,markdown/text,ROOKIE_SEASON_AND_MULTI_YEAR_OUTCOME,SUPPORTING_EVIDENCE,,LIVE_HQ,loc_927887c16dfcf9373a8ba00a,,,,false,true,NO_DUPLICATE_FLAG,NOT_SUPERSEDED,SEPARATE_LEDGER_CONTROLS,REGISTERED_METADATA_ONLY,SOURCE_INVENTORY_SHA256_RECORDED,0f14a78acb6d9a5ec6f6d82a9198f449e19aa43c08a415d1071072a67fafd7c5,N/A,markdown/text,packet-specific immutable runs; some local receipts only,multiple scoring/rank systems conflict; position-threshold applicability must be explicit,1.0.0
art_1f0c0b37a9e07c31,markdown/text,ROOKIE_SEASON_AND_MULTI_YEAR_OUTCOME,SUPPORTING_EVIDENCE,,LIVE_HQ,loc_a0057afede2cd5a482dd93d1,,,,false,true,NO_DUPLICATE_FLAG,NOT_SUPERSEDED,SEPARATE_LEDGER_CONTROLS,REGISTERED_METADATA_ONLY,SOURCE_INVENTORY_SHA256_RECORDED,cded8c15d5daaf11d25758ee2d29caf48532e6cd918b088071af9ccdb7216b27,N/A,markdown/text,local run 2026-06-29; latest factual outcome season 2024,drafted-only; link availability differs from usable value availability; incomplete windows are censored,1.0.0
art_1f4c86258f0a79e9,markdown/text,PRE_DRAFT_TO_MULTI_YEAR_LEGACY,SUPPORTING_EVIDENCE,,LIVE_HQ,loc_9480299afcefff35b376bde3,,,,false,true,NO_DUPLICATE_FLAG,NOT_SUPERSEDED,SEPARATE_LEDGER_CONTROLS,REGISTERED_METADATA_ONLY,SOURCE_INVENTORY_SHA256_RECORDED,a9775fa24c443ed64e42bb000dcf52da1fcfe11aef7326538336d11f6ab3c722,N/A,markdown/text,legacy baseline; superseded by June 29-30 review-only gates,legacy source/use claims are superseded; provider content and name-key joins are restricted,1.0.0
art_1f53963ba0a10d4d,cfbd_row_id|cfbd_player_id|cfbd_player_name|cfbd_normalized_name|cfbd_college_team|cfbd_position|cfbd_season|candidate_source|candidate_player_id|candidate_sleeper_id|candidate_player_name|candidate_normalized_name|candidate_position|candidate_team|name_score|position_match|team_or_college_context_match|match_status|match_confidence|review_required|model_use_allowed|training_allowed|notes,CROSS_LIFECYCLE_IDENTITY,IDENTITY_UNRESOLVED,,LIVE_HQ,loc_64efe2df5949f7f0b479ce14,,,,false,true,NO_DUPLICATE_FLAG,NOT_SUPERSEDED,SEPARATE_LEDGER_CONTROLS,REGISTERED_METADATA_ONLY,SOURCE_INVENTORY_SHA256_RECORDED,97a0551d7ea8504e5f2ff25399c7b9deb04ea9a08d8d97d01840f7fc0ee196d2,31614,cfbd_row_id|cfbd_player_id|cfbd_player_name|cfbd_normalized_name|cfbd_college_team|cfbd_position|cfbd_season|candidate_source|candidate_player_id|candidate_sleeper_id|candidate_player_name|candidate_normalized_name|candidate_position|candidate_team|name_score|position_match|team_or_college_context_match|match_status|match_confidence|review_required|model_use_allowed|training_allowed|notes,2026-06-26 to 2026-06-29 review snapshots,human review approval is review-only; normalized name/position is not controlling identity,1.0.0
art_1f5858d0465b0f5b,py,CROSS_LIFECYCLE,SUPPORTING_EVIDENCE,,LIVE_HQ,loc_72767ca27ca7cdb3e6fe5389,,,,false,true,NO_DUPLICATE_FLAG,NOT_SUPERSEDED,SEPARATE_LEDGER_CONTROLS,REGISTERED_METADATA_ONLY,SOURCE_INVENTORY_SHA256_RECORDED,422d5a78d6d81ca2c263d2b8f50bbfee3ddfd5c4216a926005154ca0e674ba8a,N/A,py,packet-specific snapshot,authority is limited to the artifact's documented scope,1.0.0
art_1f814f6e32e1b734,source_name|source_path_or_artifact|source_type|available_now|covers_years|covers_positions|has_player_id|has_rookie_year_or_entry_year|has_draft_status_or_udfa_signal|can_confirm_udfa|can_generate_candidate_only|source_policy_status|leakage_risk|notes,DRAFT_EVENT,SUPPORTING_EVIDENCE,,LIVE_HQ,loc_fb3b97792a06a0cefbb0de17,,,,false,true,NO_DUPLICATE_FLAG,NOT_SUPERSEDED,SEPARATE_LEDGER_CONTROLS,REGISTERED_METADATA_ONLY,SOURCE_INVENTORY_SHA256_RECORDED,c2163f85f3f3c2296f4e5b4b18ae75f4b87fa26e1cbe3755a79a015becf83cde,10,source_name|source_path_or_artifact|source_type|available_now|covers_years|covers_positions|has_player_id|has_rookie_year_or_entry_year|has_draft_status_or_udfa_signal|can_confirm_udfa|can_generate_candidate_only|source_policy_status|leakage_risk|notes,June 30 2026 packet snapshots,likely/confirmed-review-only must not be treated as verified undrafted truth,1.0.0
art_1f99089ceadd2886,markdown/text,ROOKIE_SEASON_AND_MULTI_YEAR_OUTCOME,SUPPORTING_EVIDENCE,,LIVE_HQ,loc_1c7d7b70b8e0dc73dad8f13e,,,,false,true,NO_DUPLICATE_FLAG,NOT_SUPERSEDED,SEPARATE_LEDGER_CONTROLS,REGISTERED_METADATA_ONLY,SOURCE_INVENTORY_SHA256_RECORDED,b7de51cccfaa0ba128807940421fde8f2d200122366f24569362893ad9e39260,N/A,markdown/text,packet-specific immutable runs; some local receipts only,multiple scoring/rank systems conflict; position-threshold applicability must be explicit,1.0.0
art_1f9bd2d3e30b017a,path|change_type|required_status|presence_status|purpose,PROTECTED_FROZEN_GOVERNANCE,CANONICAL_REVIEW_ONLY,,LIVE_HQ,loc_4fed897ee10264e62fe1e64a,,,,true,false,NO_DUPLICATE_FLAG,NOT_SUPERSEDED,SEPARATE_LEDGER_CONTROLS,REGISTERED_METADATA_ONLY,SOURCE_INVENTORY_SHA256_RECORDED,11d88cefdd2c2b40859e282087fc55b7d926a3d7edeebd2119009db6530a39af,31,path|change_type|required_status|presence_status|purpose,frozen 2026-07-10 before outcomes,authority is limited to the artifact's documented scope,1.0.0
art_1fa32d2e20cb37ff,algorithm_id|algorithm_family|target_season|player_id|player_name|position|latest_team_before_target|predicted_score|research_only|production_approved|app_wiring_approved|model_use_approved|source_confidence_entering|caveat|overall_research_rank|position_research_rank,ROOKIE_SEASON_AND_MULTI_YEAR_OUTCOME,SUPPORTING_EVIDENCE,,LOCAL_ONLY,loc_b438f030b434d75ba34ebd3f,,,,false,true,NO_DUPLICATE_FLAG,NOT_SUPERSEDED,SEPARATE_LEDGER_CONTROLS,REGISTERED_METADATA_ONLY,SOURCE_INVENTORY_SHA256_RECORDED,ca5c49a094ba2382c580747816fef35b7556104af78c9a385d23bbbf4d33d1f2,2193,algorithm_id|algorithm_family|target_season|player_id|player_name|position|latest_team_before_target|predicted_score|research_only|production_approved|app_wiring_approved|model_use_approved|source_confidence_entering|caveat|overall_research_rank|position_research_rank,packet-specific 2026 receipts,not tracked at live HQ HEAD,1.0.0
art_1fc20901da40bf43,feature_family|source_artifact|current_display_status|candidate_model_status|prediction_time_available|point_in_time_snapshot_required|historical_backfill_risk|future_information_risk|post_outcome_information_risk|roster_cut_leakage_risk|injury_report_timing_risk|depth_chart_timing_risk|schedule_timing_risk|draft_capital_timing_risk|safe_for_current_display|safe_for_historical_replay_now|safe_for_model_experiment_now|required_gate_before_experiment|blocker_reason|notes,ROOKIE_SEASON_AND_MULTI_YEAR_OUTCOME,SUPPORTING_EVIDENCE,,LIVE_HQ,loc_ff9d7c39792e81b728652493,,,,false,true,NO_DUPLICATE_FLAG,NOT_SUPERSEDED,SEPARATE_LEDGER_CONTROLS,REGISTERED_METADATA_ONLY,SOURCE_INVENTORY_SHA256_RECORDED,9dcdba741622480623899bd10621cbfb4935e4f115cd62a488e83633e10414a6,19,feature_family|source_artifact|current_display_status|candidate_model_status|prediction_time_available|point_in_time_snapshot_required|historical_backfill_risk|future_information_risk|post_outcome_information_risk|roster_cut_leakage_risk|injury_report_timing_risk|depth_chart_timing_risk|schedule_timing_risk|draft_capital_timing_risk|safe_for_current_display|safe_for_historical_replay_now|safe_for_model_experiment_now|required_gate_before_experiment|blocker_reason|notes,packet-specific immutable runs; some local receipts only,multiple scoring/rank systems conflict; position-threshold applicability must be explicit,1.0.0
art_202ce545ead66262,markdown/text,ROOKIE_SEASON_AND_MULTI_YEAR_OUTCOME,SUPPORTING_EVIDENCE,,LIVE_HQ,loc_3d3f00a2a8f5dfbd042d2b19,,,,false,true,NO_DUPLICATE_FLAG,NOT_SUPERSEDED,SEPARATE_LEDGER_CONTROLS,REGISTERED_METADATA_ONLY,SOURCE_INVENTORY_SHA256_RECORDED,28575858c4a17f03238b874d2402ca3f41a7e3479dcae3a8bfa6ae7238ef41e8,N/A,markdown/text,packet-specific immutable runs; some local receipts only,multiple scoring/rank systems conflict; position-threshold applicability must be explicit,1.0.0
art_209d0bb3976d599e,py,CROSS_LIFECYCLE,SUPPORTING_EVIDENCE,,LIVE_HQ,loc_0474ef394ee0d43f7f807f36,,,,false,true,NO_DUPLICATE_FLAG,NOT_SUPERSEDED,SEPARATE_LEDGER_CONTROLS,REGISTERED_METADATA_ONLY,SOURCE_INVENTORY_SHA256_RECORDED,0c42e04e6b0e29fa9bd7880663ed97a93235ece5f607ebd2eeb21d78b55a37d3,N/A,py,packet-specific snapshot,authority is limited to the artifact's documented scope,1.0.0
art_211a83db9e15b2e5,player_name|position|team|recommendation|human_decision|approved_by_human|blocked_reason|review_only|display_only|model_use_allowed|training_allowed|source_truth_allowed|rank_logic_allowed|hidden_sort_allowed|trade_value_allowed|pick_value_allowed,CROSS_LIFECYCLE_IDENTITY,SUPPORTING_EVIDENCE,,LIVE_HQ,loc_16990552a3a45745693d82e4,,,,false,true,NO_DUPLICATE_FLAG,NOT_SUPERSEDED,SEPARATE_LEDGER_CONTROLS,REGISTERED_METADATA_ONLY,SOURCE_INVENTORY_SHA256_RECORDED,2c7a2c4df57ff9582cccfed2a8dcd7ad6a854f0d7cf3209e4196ce8c98838c14,11,player_name|position|team|recommendation|human_decision|approved_by_human|blocked_reason|review_only|display_only|model_use_allowed|training_allowed|source_truth_allowed|rank_logic_allowed|hidden_sort_allowed|trade_value_allowed|pick_value_allowed,June 23-30 2026 snapshots,authority is limited to the artifact's documented scope,1.0.0
art_215fbe095180d2d3,markdown/text,LATER_OUTCOME_RESEARCH,SUPPORTING_EVIDENCE,,LIVE_HQ,loc_fb7925e774bce901849ef309,,,,false,true,NO_DUPLICATE_FLAG,NOT_SUPERSEDED,SEPARATE_LEDGER_CONTROLS,REGISTERED_METADATA_ONLY,SOURCE_INVENTORY_SHA256_RECORDED,f4e1588e3dc26f8d757826b3c3ca7c2e81970b02a25f5fb9afd1f841b40da825,N/A,markdown/text,versioned June-July 2026 review snapshots,review-only; formula work paused; current proxy/zero encodings cannot become evidence truth; retain scoring/window semantics,1.0.0
art_220bca43d17d8be2,metric|value|notes|review_only|display_only|model_use_allowed|training_allowed|rankings_wiring_allowed,DRAFT_EVENT_AND_POST_DRAFT_PRESEASON,SUPERSEDED,,LOCAL_ONLY,loc_f9dcc2648056fd2938314c6e,,,,false,true,NO_DUPLICATE_FLAG,SUPERSEDED_RECORDED,SEPARATE_LEDGER_CONTROLS,REGISTERED_METADATA_ONLY,SOURCE_INVENTORY_SHA256_RECORDED,68329b427de4ae2ed792f039aa26b01ab0f3bd70f883931eb50fe487b30a5fe2,3,metric|value|notes|review_only|display_only|model_use_allowed|training_allowed|rankings_wiring_allowed,June 29-30 2026; no uniform row-level source timestamp,published counts may be duplicate-inflated; three distinct current records have no stable candidate ID; not tracked at live HQ HEAD,1.0.0
art_2269bc228aa52464,proxy_metric|formula|required_inputs|source_family|why_not_true_routes|allowed_status|notes,ROOKIE_SEASON_AND_MULTI_YEAR_OUTCOME,SUPPORTING_EVIDENCE,,LIVE_HQ,loc_6e356f2b09f8e9e3a30fbb6c,,,,false,true,NO_DUPLICATE_FLAG,NOT_SUPERSEDED,SEPARATE_LEDGER_CONTROLS,REGISTERED_METADATA_ONLY,SOURCE_INVENTORY_SHA256_RECORDED,7b9aa5c8b2d265a28a280dd36fa066d427e075e747bfe602cc25da12409f0228,8,proxy_metric|formula|required_inputs|source_family|why_not_true_routes|allowed_status|notes,packet-specific 2026 receipts,authority is limited to the artifact's documented scope,1.0.0
art_23af2651cf332897,run_id|run_timestamp|artifact|source|rows|output_path|review_only|model_use_allowed|training_allowed|notes,DRAFT_EVENT_TO_ROOKIE_OUTCOME_BRIDGE,SUPPORTING_EVIDENCE,,LOCAL_ONLY,loc_ea3c8d3e5c1ea7fcf82bbba9,,,,false,true,NO_DUPLICATE_FLAG,NOT_SUPERSEDED,SEPARATE_LEDGER_CONTROLS,REGISTERED_METADATA_ONLY,SOURCE_INVENTORY_SHA256_RECORDED,1b5a9355433f1bb58545277561e12f986e5e16c87877ed4e3be6880d021bb712,2,run_id|run_timestamp|artifact|source|rows|output_path|review_only|model_use_allowed|training_allowed|notes,local run 2026-06-29; raw input receipt/hash incomplete,local-only; tracked manifest lacks complete raw receipt/hash lineage; five rows lack GSIS,1.0.0
art_2405e9840c0d0ac9,markdown/text,PRODUCT_CONSUMER,SUPPORTING_EVIDENCE,,LIVE_HQ,loc_5850a21def73c8864e32c479,,,,false,true,NO_DUPLICATE_FLAG,NOT_SUPERSEDED,SEPARATE_LEDGER_CONTROLS,REGISTERED_METADATA_ONLY,SOURCE_INVENTORY_SHA256_RECORDED,1fe30301d962eafd45f64968c3c19478bc45d603aec37227f4b1c0660a44471f,N/A,markdown/text,live HQ at starting commit,authority is limited to the artifact's documented scope,1.0.0
art_241224c9ef82221c,sidecar_row_id|nwr_player_id|player_name|position|season|week|source_dataset|source_receipt_sha|source_artifact|source_as_of|component_family|component_name|component_value|component_unit|scoring_weight|weighted_component_value|component_mapping_status|explicit_zero_observed|missingness_status|identity_join_status|review_required|sidecar_review_allowed|label_truth_allowed|model_use_allowed|training_allowed|source_truth_allowed|blocker_reason|notes,ROOKIE_SEASON_AND_MULTI_YEAR_OUTCOME,DUPLICATE_EQUIVALENT,,LIVE_HQ,loc_8559ceb74fb9748f1d552d17,,,,false,true,DUPLICATE_RECORDED,NOT_SUPERSEDED,SEPARATE_LEDGER_CONTROLS,REGISTERED_METADATA_ONLY,SOURCE_INVENTORY_SHA256_RECORDED,e3c19d3c047e47fc2a34a5533cd477aa011a38c28f9a1d3a80b97fe8c9304d74,90092,sidecar_row_id|nwr_player_id|player_name|position|season|week|source_dataset|source_receipt_sha|source_artifact|source_as_of|component_family|component_name|component_value|component_unit|scoring_weight|weighted_component_value|component_mapping_status|explicit_zero_observed|missingness_status|identity_join_status|review_required|sidecar_review_allowed|label_truth_allowed|model_use_allowed|training_allowed|source_truth_allowed|blocker_reason|notes,packet-specific immutable runs; some local receipts only,contains 45046 exact duplicate row groups / 45046 excess rows; no dedup performed; multiple scoring/rank systems conflict; position-threshold applicability must be explicit,1.0.0
art_244d9e96df53cbca,player_name|position|current_team|candidate_nflverse_id|candidate_gsis_id|candidate_nwr_player_id_if_any|recommended_next_decision|remaining_blocker|binding_followup_reason|approved_by_human|review_only|display_only|model_use_allowed|training_allowed|source_truth_allowed|rank_logic_allowed|hidden_sort_allowed|trade_value_allowed|pick_value_allowed,CROSS_LIFECYCLE_IDENTITY,SUPPORTING_EVIDENCE,,LIVE_HQ,loc_1b043a084738f50c8d399133,,,,false,true,NO_DUPLICATE_FLAG,NOT_SUPERSEDED,SEPARATE_LEDGER_CONTROLS,REGISTERED_METADATA_ONLY,SOURCE_INVENTORY_SHA256_RECORDED,fc031d454c1404b696d16816fd7733aff2f0b506a266e765bf04b5a4bdd3dc85,3,player_name|position|current_team|candidate_nflverse_id|candidate_gsis_id|candidate_nwr_player_id_if_any|recommended_next_decision|remaining_blocker|binding_followup_reason|approved_by_human|review_only|display_only|model_use_allowed|training_allowed|source_truth_allowed|rank_logic_allowed|hidden_sort_allowed|trade_value_allowed|pick_value_allowed,June 23-30 2026 snapshots,authority is limited to the artifact's documented scope,1.0.0
art_244da0267894351e,source_name|provider|source_surface|actual_player_level_routes_run|public_or_permission_safe|reproducible_stable_access_path|documented_public_api_or_export|static_payload_or_client_object|historical_coverage_documented|position_coverage_documented|identity_fields_documented|team_season_week_game_fields_documented|clear_row_grain|missingness_measurable|no_proprietary_copying|no_private_account_dependence|no_name_only_approved_join|status|blocking_gaps|required_next_steps,ROOKIE_SEASON_AND_MULTI_YEAR_OUTCOME,SUPPORTING_EVIDENCE,,LIVE_HQ,loc_4db4f6daad5dda3e9e9822e8,,,,false,true,NO_DUPLICATE_FLAG,NOT_SUPERSEDED,SEPARATE_LEDGER_CONTROLS,REGISTERED_METADATA_ONLY,SOURCE_INVENTORY_SHA256_RECORDED,3d19b8aea8293336b18596f3fe6df8ed73669d6c40a2ca3136be1095115750cb,6,source_name|provider|source_surface|actual_player_level_routes_run|public_or_permission_safe|reproducible_stable_access_path|documented_public_api_or_export|static_payload_or_client_object|historical_coverage_documented|position_coverage_documented|identity_fields_documented|team_season_week_game_fields_documented|clear_row_grain|missingness_measurable|no_proprietary_copying|no_private_account_dependence|no_name_only_approved_join|status|blocking_gaps|required_next_steps,packet-specific 2026 receipts,authority is limited to the artifact's documented scope,1.0.0
art_24abf068a8714b4f,markdown/text,PRE_DRAFT_AND_TIMING_GOVERNANCE,SUPPORTING_EVIDENCE,,LIVE_HQ,loc_a4675b00637307665290f52a,,,,false,true,NO_DUPLICATE_FLAG,NOT_SUPERSEDED,SEPARATE_LEDGER_CONTROLS,REGISTERED_METADATA_ONLY,SOURCE_INVENTORY_SHA256_RECORDED,8c1b2612e89a8989224a9f0c33d527b9915ce94fa417c80046de4ba0a18a49bc,N/A,markdown/text,as-of policy present; zero experiment-ready player/feature rows,authority is limited to the artifact's documented scope,1.0.0
art_24ea67c8e3b9c413,player_id|player_name|position|team|rookie_class_year|draft_year|draft_round|draft_pick|draft_capital_bucket|identity_status|draft_capital_status|feature_coverage_status|model_rd_status|validation_status|display_status|data_quality_status|rookie_year_top_12_review_display_rate|rookie_year_top_24_review_display_rate|rookie_year_top_36_review_display_rate|year_2_top_12_review_display_rate|year_2_top_24_review_display_rate|year_2_top_36_review_display_rate|first_3y_top_12_review_display_rate|first_3y_top_24_review_display_rate|first_3y_top_36_review_display_rate|first_5y_top_12_review_display_rate|first_5y_top_24_review_display_rate|first_5y_top_36_review_display_rate|display_field_count|not_enough_information_field_count|...(+7 columns),DRAFT_EVENT_AND_POST_DRAFT_PRESEASON,DUPLICATE_EQUIVALENT,,LOCAL_ONLY,loc_8232b50bdb05c7b47b77e704,,,,false,true,DUPLICATE_RECORDED,SUPERSEDED_RECORDED,SEPARATE_LEDGER_CONTROLS,REGISTERED_METADATA_ONLY,SOURCE_INVENTORY_SHA256_RECORDED,668fa3b760b09b1c13b167b2f180d83904591b4afb02c876ce9bb1b6fd057eb6,157,player_id|player_name|position|team|rookie_class_year|draft_year|draft_round|draft_pick|draft_capital_bucket|identity_status|draft_capital_status|feature_coverage_status|model_rd_status|validation_status|display_status|data_quality_status|rookie_year_top_12_review_display_rate|rookie_year_top_24_review_display_rate|rookie_year_top_36_review_display_rate|year_2_top_12_review_display_rate|year_2_top_24_review_display_rate|year_2_top_36_review_display_rate|first_3y_top_12_review_display_rate|first_3y_top_24_review_display_rate|first_3y_top_36_review_display_rate|first_5y_top_12_review_display_rate|first_5y_top_24_review_display_rate|first_5y_top_36_review_display_rate|display_field_count|not_enough_information_field_count|...(+7 columns),June 29-30 2026; no uniform row-level source timestamp,contains 50 exact duplicate row groups / 50 excess rows; no dedup performed; published counts may be duplicate-inflated; three distinct current records have no stable candidate ID; not tracked at live HQ HEAD,1.0.0
art_2528fbe58bfc0bb7,markdown/text,PROTECTED_FROZEN_GOVERNANCE,CANONICAL_REVIEW_ONLY,,LIVE_HQ,loc_b035854c51a7be382f7c9387,,,,true,false,NO_DUPLICATE_FLAG,NOT_SUPERSEDED,SEPARATE_LEDGER_CONTROLS,REGISTERED_METADATA_ONLY,SOURCE_INVENTORY_SHA256_RECORDED,0a36796bdb244427f33bf54d8bcec45caf91d08e6a302dcc9c104850ebcf823c,N/A,markdown/text,frozen 2026-07-10 before outcomes,authority is limited to the artifact's documented scope,1.0.0
art_25cd864525563892,player_id|draft_year|draft_round|draft_pick|draft_team|positive_draft_picks_evidence|review_admission_status|missingness_rule|model_use_allowed|training_allowed|source_truth_allowed,PRE_DRAFT_AND_TIMING_GOVERNANCE,CANONICAL_REVIEW_ONLY,,LIVE_HQ,loc_d92effc528739317995ba48c,,,,true,true,NO_DUPLICATE_FLAG,NOT_SUPERSEDED,SEPARATE_LEDGER_CONTROLS,REGISTERED_METADATA_ONLY,SOURCE_INVENTORY_SHA256_RECORDED,2fbf0561a40702d023cd20f53d0aaeb5df50737cffcdd6395500838e97c69f3f,1999,player_id|draft_year|draft_round|draft_pick|draft_team|positive_draft_picks_evidence|review_admission_status|missingness_rule|model_use_allowed|training_allowed|source_truth_allowed,as-of policy present; zero experiment-ready player/feature rows,authority is limited to the artifact's documented scope,1.0.0
art_2601715379ffb0a3,metric|value,ROOKIE_SEASON_AND_MULTI_YEAR_OUTCOME,SUPPORTING_EVIDENCE,,LOCAL_ONLY,loc_2f0073a5e1ee40839a28eddc,,,,false,true,NO_DUPLICATE_FLAG,NOT_SUPERSEDED,SEPARATE_LEDGER_CONTROLS,REGISTERED_METADATA_ONLY,SOURCE_INVENTORY_SHA256_RECORDED,64be3745efd2713b89b9e777855012a1788094fd3b712c57490aa8d0bb06d3e8,9,metric|value,packet-specific immutable runs; some local receipts only,multiple scoring/rank systems conflict; position-threshold applicability must be explicit; not tracked at live HQ HEAD,1.0.0
art_2601ca217154a3fb,evaluation_scope|comparison_candidate|evaluation_subject|target_season|position|row_count|minimum_row_gate|spearman|kendall_tau_a,PROTECTED_FROZEN_GOVERNANCE,CANONICAL_REVIEW_ONLY,,LIVE_HQ,loc_4c0da16c8712c5638a8b63b1,,,,true,false,NO_DUPLICATE_FLAG,NOT_SUPERSEDED,SEPARATE_LEDGER_CONTROLS,REGISTERED_METADATA_ONLY,SOURCE_INVENTORY_SHA256_RECORDED,91f1bbb746e044942649ee657787ce4e70d1d4de6de0f3b4cc9b78bff3526748,308,evaluation_scope|comparison_candidate|evaluation_subject|target_season|position|row_count|minimum_row_gate|spearman|kendall_tau_a,frozen 2026-07-10 before outcomes,authority is limited to the artifact's documented scope,1.0.0
art_260332798c436971,metric|value|notes|review_only|model_use_allowed|training_allowed,ROOKIE_SEASON_AND_MULTI_YEAR_OUTCOME,SUPPORTING_EVIDENCE,,LOCAL_ONLY,loc_5584f6a2d013de3b0827a008,,,,false,true,NO_DUPLICATE_FLAG,NOT_SUPERSEDED,SEPARATE_LEDGER_CONTROLS,REGISTERED_METADATA_ONLY,SOURCE_INVENTORY_SHA256_RECORDED,1d89362498daf3fde4eb6b4fcd5995323c9bfe66a75c61529c7477f4cd7864f5,22,metric|value|notes|review_only|model_use_allowed|training_allowed,local run 2026-06-29; latest factual outcome season 2024,drafted-only; link availability differs from usable value availability; incomplete windows are censored; not tracked at live HQ HEAD,1.0.0
art_26175e69a419e5d1,player_id|player_name|position|team|rookie_class_year|draft_year|draft_round|draft_pick|overall_pick|draft_capital_bucket|udffa_or_undrafted_status|identity_status|draft_capital_status|feature_coverage_status|model_rd_status|validation_status|display_status|data_quality_status|source_provenance_status|repair_action|repair_confidence|rookie_year_top_12_review_display_rate|rookie_year_top_24_review_display_rate|rookie_year_top_36_review_display_rate|year_2_top_12_review_display_rate|year_2_top_24_review_display_rate|year_2_top_36_review_display_rate|first_3y_top_12_review_display_rate|first_3y_top_24_review_display_rate|first_3y_top_36_review_display_rate|...(+12 columns),DRAFT_EVENT_AND_POST_DRAFT_PRESEASON,DUPLICATE_EQUIVALENT,,LOCAL_ONLY,loc_a0acc179af86e433ee2eadcb,,,,false,true,DUPLICATE_RECORDED,SUPERSEDED_RECORDED,SEPARATE_LEDGER_CONTROLS,REGISTERED_METADATA_ONLY,SOURCE_INVENTORY_SHA256_RECORDED,0cbaac4398ca8d609b0c4ab0b38405fc8fb0459f0bc434149d9ebe1554267be6,157,player_id|player_name|position|team|rookie_class_year|draft_year|draft_round|draft_pick|overall_pick|draft_capital_bucket|udffa_or_undrafted_status|identity_status|draft_capital_status|feature_coverage_status|model_rd_status|validation_status|display_status|data_quality_status|source_provenance_status|repair_action|repair_confidence|rookie_year_top_12_review_display_rate|rookie_year_top_24_review_display_rate|rookie_year_top_36_review_display_rate|year_2_top_12_review_display_rate|year_2_top_24_review_display_rate|year_2_top_36_review_display_rate|first_3y_top_12_review_display_rate|first_3y_top_24_review_display_rate|first_3y_top_36_review_display_rate|...(+12 columns),June 29-30 2026; no uniform row-level source timestamp,contains 50 exact duplicate row groups / 50 excess rows; no dedup performed; published counts may be duplicate-inflated; three distinct current records have no stable candidate ID; not tracked at live HQ HEAD,1.0.0
art_2670ad8d3bdc52c8,player_id|player_name|position|rookie_class_year|height|weight|bmi|forty_time|speed_score|vertical|broad|three_cone|shuttle|bench|arm_length|hand_size|measurement_source|combine_vs_pro_day_flag|measurement_status|data_quality_status|review_only|model_use_allowed|training_allowed,PRE_DRAFT,DUPLICATE_EQUIVALENT,,LIVE_HQ,loc_74923e093d8fa88be60e9d0f,,,,false,true,DUPLICATE_RECORDED,NOT_SUPERSEDED,SEPARATE_LEDGER_CONTROLS,REGISTERED_METADATA_ONLY,SOURCE_INVENTORY_SHA256_RECORDED,37c69f61b15593b35a9205acdb9fb36b17a3a68dcc870b9c6bfe905fb54ce434,157,player_id|player_name|position|rookie_class_year|height|weight|bmi|forty_time|speed_score|vertical|broad|three_cone|shuttle|bench|arm_length|hand_size|measurement_source|combine_vs_pro_day_flag|measurement_status|data_quality_status|review_only|model_use_allowed|training_allowed,June 30 2026; measurement source timestamp incomplete,contains 50 exact duplicate row groups / 50 excess rows; no dedup performed,1.0.0
art_267911ca94acca73,source_path|file_folder_name|gate_classification|identity_risk|asof_leakage_risk|safe_for_review_only_sidecar|model_use_allowed|training_allowed|production_use_allowed|evidence|next_action,DRAFT_EVENT,SUPPORTING_EVIDENCE,,LIVE_HQ,loc_101dba735018304ccabcc33e,,,,false,true,NO_DUPLICATE_FLAG,NOT_SUPERSEDED,SEPARATE_LEDGER_CONTROLS,REGISTERED_METADATA_ONLY,SOURCE_INVENTORY_SHA256_RECORDED,80642516668cc5ce12a7d7fee4ae034986384537d48f3317e096a29a5245577f,11,source_path|file_folder_name|gate_classification|identity_risk|asof_leakage_risk|safe_for_review_only_sidecar|model_use_allowed|training_allowed|production_use_allowed|evidence|next_action,static completed draft events; source timestamps/receipt IDs incomplete in several derivatives,positive draft facts only; missing draft evidence remains unknown; current name+position joins are review-only,1.0.0
art_26885593d6ced251,metric|value|notes|review_only|model_use_allowed|training_allowed,ROOKIE_SEASON_AND_MULTI_YEAR_OUTCOME,SUPPORTING_EVIDENCE,,LIVE_HQ,loc_4b3ee657d1ab5a2694d9b296,,,,false,true,NO_DUPLICATE_FLAG,NOT_SUPERSEDED,SEPARATE_LEDGER_CONTROLS,REGISTERED_METADATA_ONLY,SOURCE_INVENTORY_SHA256_RECORDED,1d89362498daf3fde4eb6b4fcd5995323c9bfe66a75c61529c7477f4cd7864f5,22,metric|value|notes|review_only|model_use_allowed|training_allowed,local run 2026-06-29; latest factual outcome season 2024,drafted-only; link availability differs from usable value availability; incomplete windows are censored,1.0.0
art_26cdc332776e476e,player_id|player_name|position|season|team|scoring_mode|fantasy_points|position_finish|games_played|availability_context|top_6_hit|top_12_hit|top_24_hit|top_36_hit|data_quality_status|approval_status|model_input_allowed|training_allowed|app_wiring_allowed,ROOKIE_SEASON_AND_MULTI_YEAR_OUTCOME,SUPPORTING_EVIDENCE,,LOCAL_ONLY,loc_fcf333886f6fe02492709519,,,,false,true,NO_DUPLICATE_FLAG,NOT_SUPERSEDED,SEPARATE_LEDGER_CONTROLS,REGISTERED_METADATA_ONLY,SOURCE_INVENTORY_SHA256_RECORDED,5baa0e11273ef7aa7ca374a7bf342434ab272a855bb628a826db89b3d128a1ef,3578,player_id|player_name|position|season|team|scoring_mode|fantasy_points|position_finish|games_played|availability_context|top_6_hit|top_12_hit|top_24_hit|top_36_hit|data_quality_status|approval_status|model_input_allowed|training_allowed|app_wiring_allowed,packet-specific immutable runs; some local receipts only,multiple scoring/rank systems conflict; position-threshold applicability must be explicit; not tracked at live HQ HEAD,1.0.0
art_26df1b5ee340a7c9,source_name|source_path_or_artifact|available_now|current_or_historical|point_in_time_available|covers_teams|covers_positions|has_player_id|has_team|has_position|has_depth_rank|source_policy_status|usable_for_current_watchlist|usable_for_historical_modeling|leakage_risk|notes,DRAFT_EVENT,SUPPORTING_EVIDENCE,,LIVE_HQ,loc_a319740f91f5a7f9c264173b,,,,false,true,NO_DUPLICATE_FLAG,NOT_SUPERSEDED,SEPARATE_LEDGER_CONTROLS,REGISTERED_METADATA_ONLY,SOURCE_INVENTORY_SHA256_RECORDED,358a92dee33c0a047f8d3b63706921a755b5cf977955ccfc0cf83016c2887c45,5,source_name|source_path_or_artifact|available_now|current_or_historical|point_in_time_available|covers_teams|covers_positions|has_player_id|has_team|has_position|has_depth_rank|source_policy_status|usable_for_current_watchlist|usable_for_historical_modeling|leakage_risk|notes,June 30 2026 packet snapshots,likely/confirmed-review-only must not be treated as verified undrafted truth,1.0.0
art_272e5c43e1cb5c5e,py,ROOKIE_SEASON_AND_MULTI_YEAR_OUTCOME,SUPPORTING_EVIDENCE,,LIVE_HQ,loc_d2d3b2d07b82ffd798d9eea7,,,,false,true,NO_DUPLICATE_FLAG,NOT_SUPERSEDED,SEPARATE_LEDGER_CONTROLS,REGISTERED_METADATA_ONLY,SOURCE_INVENTORY_SHA256_RECORDED,b27ec170c9e1ea56d773afd48f3c0677073a251ef6f5317ce7e42c7aa2886c1b,N/A,py,local run 2026-06-29; latest factual outcome season 2024,drafted-only; link availability differs from usable value availability; incomplete windows are censored,1.0.0
art_277f8b83c3a0a5b7,markdown/text,PRE_DRAFT,SUPPORTING_EVIDENCE,,LIVE_HQ,loc_92fb625c679a8ba1f0c40e28,,,,false,true,NO_DUPLICATE_FLAG,NOT_SUPERSEDED,SEPARATE_LEDGER_CONTROLS,REGISTERED_METADATA_ONLY,SOURCE_INVENTORY_SHA256_RECORDED,f46f83e6ff6c140196e18c0ee38323f571b65897aef1587e4baa9763522d9d16,N/A,markdown/text,June 30 2026; measurement source timestamp incomplete,authority is limited to the artifact's documented scope,1.0.0
art_27b9fe24e3ffb829,py,CROSS_LIFECYCLE,SUPPORTING_EVIDENCE,,LIVE_HQ,loc_c599c7b48988044f9f485eb6,,,,false,true,NO_DUPLICATE_FLAG,NOT_SUPERSEDED,SEPARATE_LEDGER_CONTROLS,REGISTERED_METADATA_ONLY,SOURCE_INVENTORY_SHA256_RECORDED,d3dca6595f0075387ff743f174c4508cd9a1b7608ae32044d025bba811c9a9a6,N/A,py,packet-specific snapshot,authority is limited to the artifact's documented scope,1.0.0
art_27dc09dd56fe6c4d,snapshot_version|snapshot_generated_at_utc|source_group|source_name|source_type|source_path|source_relative_path|snapshot_path|snapshot_relative_path|file_name|extension|bytes|sha256|csv_rows|csv_columns|license_note|source_status|model_lane_allowed|allowed_use|notes,PRE_DRAFT_TO_MULTI_YEAR_LEGACY,SUPPORTING_EVIDENCE,,LIVE_HQ,loc_5a9426d2ad27f3d197a9c80c,,,,false,true,NO_DUPLICATE_FLAG,NOT_SUPERSEDED,SEPARATE_LEDGER_CONTROLS,REGISTERED_METADATA_ONLY,SOURCE_INVENTORY_SHA256_RECORDED,ab77c8cd1436633c114f10f47ac8ffc84dadbb391d32cc50a0222d6c25cdf547,89,snapshot_version|snapshot_generated_at_utc|source_group|source_name|source_type|source_path|source_relative_path|snapshot_path|snapshot_relative_path|file_name|extension|bytes|sha256|csv_rows|csv_columns|license_note|source_status|model_lane_allowed|allowed_use|notes,legacy baseline; superseded by June 29-30 review-only gates,legacy source/use claims are superseded; provider content and name-key joins are restricted,1.0.0
art_27ef2e73df439c6c,markdown/text,ROOKIE_SEASON_AND_MULTI_YEAR_OUTCOME,SUPPORTING_EVIDENCE,,LIVE_HQ,loc_6e5122d0d6077e4ec374ed82,,,,false,true,NO_DUPLICATE_FLAG,NOT_SUPERSEDED,SEPARATE_LEDGER_CONTROLS,REGISTERED_METADATA_ONLY,SOURCE_INVENTORY_SHA256_RECORDED,d0780879eb4367688f680bea810c51139bfb101bc1556f853e9b2f3e123044e9,N/A,markdown/text,packet-specific immutable runs; some local receipts only,multiple scoring/rank systems conflict; position-threshold applicability must be explicit,1.0.0
art_28150343fae43617,markdown/text,ROOKIE_SEASON_AND_MULTI_YEAR_OUTCOME,SUPPORTING_EVIDENCE,,LIVE_HQ,loc_4ce300293f98a52b7a3b8e28,,,,false,true,NO_DUPLICATE_FLAG,NOT_SUPERSEDED,SEPARATE_LEDGER_CONTROLS,REGISTERED_METADATA_ONLY,SOURCE_INVENTORY_SHA256_RECORDED,ec48cc8a7ed5d542eaa8f3dac7ebb4409b942a6835141570933819a70e2fb162,N/A,markdown/text,packet-specific immutable runs; some local receipts only,multiple scoring/rank systems conflict; position-threshold applicability must be explicit,1.0.0
art_28abe04249ab11ca,markdown/text,DRAFT_EVENT,SUPPORTING_EVIDENCE,,LIVE_HQ,loc_cad45272d971e082470979e8,,,,false,true,NO_DUPLICATE_FLAG,NOT_SUPERSEDED,SEPARATE_LEDGER_CONTROLS,REGISTERED_METADATA_ONLY,SOURCE_INVENTORY_SHA256_RECORDED,42301d9036e6c2f307c5a0a1065604807b116dfae9e734242c010e27469cdf43,N/A,markdown/text,June 30 2026 packet snapshots,likely/confirmed-review-only must not be treated as verified undrafted truth,1.0.0
art_28adf5710f06af64,metric|value,ROOKIE_SEASON_AND_MULTI_YEAR_OUTCOME,SUPPORTING_EVIDENCE,,LOCAL_ONLY,loc_3836e8299017fa82f0d94d46,,,,false,true,NO_DUPLICATE_FLAG,NOT_SUPERSEDED,SEPARATE_LEDGER_CONTROLS,REGISTERED_METADATA_ONLY,SOURCE_INVENTORY_SHA256_RECORDED,3e63c4f52232bd96eee2e1a7d5fbffa7ec96c597623482d69c417cd2d5ed4bcb,19,metric|value,packet-specific immutable runs; some local receipts only,multiple scoring/rank systems conflict; position-threshold applicability must be explicit; not tracked at live HQ HEAD,1.0.0
art_294bc3af903f1ad2,markdown/text,PROTECTED_FROZEN_GOVERNANCE,CANONICAL_REVIEW_ONLY,,LIVE_HQ,loc_0e96c547c6dad47f238125f7,,,,true,false,NO_DUPLICATE_FLAG,NOT_SUPERSEDED,SEPARATE_LEDGER_CONTROLS,REGISTERED_METADATA_ONLY,SOURCE_INVENTORY_SHA256_RECORDED,6db424f853f296728ee273419ac7a8979c831cc991d00023d6ace4e13aba906f,N/A,markdown/text,frozen 2026-07-10 before outcomes,authority is limited to the artifact's documented scope,1.0.0
art_294c468e9052a160,markdown/text,PRE_DRAFT_AND_TIMING_GOVERNANCE,SUPPORTING_EVIDENCE,,LIVE_HQ,loc_61e9d706b26e6a0b9af13c2e,,,,false,true,NO_DUPLICATE_FLAG,NOT_SUPERSEDED,SEPARATE_LEDGER_CONTROLS,REGISTERED_METADATA_ONLY,SOURCE_INVENTORY_SHA256_RECORDED,432288dc716163862b3adef0b5bb872a025ba69f0b41e0dab24e533c1c5137a3,N/A,markdown/text,as-of policy present; zero experiment-ready player/feature rows,authority is limited to the artifact's documented scope,1.0.0
art_296e43aea522ac6e,markdown/text,LATER_OUTCOME_RESEARCH,CANONICAL_REVIEW_ONLY,,LIVE_HQ,loc_e684e5e683d8f43a35a5e6b4,,,,true,false,NO_DUPLICATE_FLAG,NOT_SUPERSEDED,SEPARATE_LEDGER_CONTROLS,REGISTERED_METADATA_ONLY,SOURCE_INVENTORY_SHA256_RECORDED,8b46c51ba8a4dbb0a427c06992f8666d6ea4243f3a2cae27b65d3460a66ad09a,N/A,markdown/text,versioned June-July 2026 review snapshots,review-only; formula work paused; current proxy/zero encodings cannot become evidence truth; retain scoring/window semantics,1.0.0
art_29774649646cd710,markdown/text,PRE_DRAFT_TO_MULTI_YEAR_LEGACY,SUPPORTING_EVIDENCE,,LIVE_HQ,loc_ab4db9ec5c9806303721be76,,,,false,true,NO_DUPLICATE_FLAG,NOT_SUPERSEDED,SEPARATE_LEDGER_CONTROLS,REGISTERED_METADATA_ONLY,SOURCE_INVENTORY_SHA256_RECORDED,f4be2e8ee9a4935679cfc324c8e94506b6f179b115f860b704560d8c79f2f5ad,N/A,markdown/text,legacy baseline; superseded by June 29-30 review-only gates,legacy source/use claims are superseded; provider content and name-key joins are restricted,1.0.0
art_29782577337b7e02,markdown/text,ROOKIE_SEASON_AND_MULTI_YEAR_OUTCOME,SUPPORTING_EVIDENCE,,LIVE_HQ,loc_a16b68953bd128ec1b43e475,,,,false,true,NO_DUPLICATE_FLAG,NOT_SUPERSEDED,SEPARATE_LEDGER_CONTROLS,REGISTERED_METADATA_ONLY,SOURCE_INVENTORY_SHA256_RECORDED,327b0dd3193009f4c9b64da9540c10bea16baf716dbd71117ffe77acf53ec6e0,N/A,markdown/text,packet-specific immutable runs; some local receipts only,multiple scoring/rank systems conflict; position-threshold applicability must be explicit,1.0.0
art_2a13dcf39baa677e,field_name|category|position_scope|ideal_player_season_formula_table_status|row_grain|source_family|actual_mart_column|included_in_review_mart|formula_input_or_label|production_model_use_allowed|review_only_use_allowed|blocked_reason|notes,LATER_OUTCOME_RESEARCH,SUPPORTING_EVIDENCE,,LIVE_HQ,loc_01f08a308e47ee2e51e409df,,,,false,true,NO_DUPLICATE_FLAG,NOT_SUPERSEDED,SEPARATE_LEDGER_CONTROLS,REGISTERED_METADATA_ONLY,SOURCE_INVENTORY_SHA256_RECORDED,a29d7a0ed18a4f78530cd26540fa61f1babef6e8e6c1e861a78627973f7a3e86,48,field_name|category|position_scope|ideal_player_season_formula_table_status|row_grain|source_family|actual_mart_column|included_in_review_mart|formula_input_or_label|production_model_use_allowed|review_only_use_allowed|blocked_reason|notes,versioned June-July 2026 review snapshots,review-only; formula work paused; current proxy/zero encodings cannot become evidence truth; retain scoring/window semantics,1.0.0
art_2a2905683bc23f31,fidelity_status|count|scope|canonical_interpretation,GOVERNANCE,SUPPORTING_EVIDENCE,,LIVE_HQ,loc_fd0e0f24467261a2b474c6b3,,,,false,true,NO_DUPLICATE_FLAG,NOT_SUPERSEDED,SEPARATE_LEDGER_CONTROLS,REGISTERED_METADATA_ONLY,SOURCE_INVENTORY_SHA256_RECORDED,00d2b78a5046b4cf0f4b6047b265cd6975e84f6222dab7c111274726bc0df2ba,5,fidelity_status|count|scope|canonical_interpretation,canonical closeout at starting HEAD,authority is limited to the artifact's documented scope,1.0.0
art_2a647b6f774f1d92,finding_id|area|recommendation|classification|current_repo_status|implemented_in_this_lane|output_path_or_test|guardrail_risk|blocker_reason|next_gate|notes,DRAFT_EVENT,SUPPORTING_EVIDENCE,,LIVE_HQ,loc_79abeee909397210fd196499,,,,false,true,NO_DUPLICATE_FLAG,NOT_SUPERSEDED,SEPARATE_LEDGER_CONTROLS,REGISTERED_METADATA_ONLY,SOURCE_INVENTORY_SHA256_RECORDED,cd37392c0fa7fee77eaeba82920ea168b9238bf0f170270c4515fdf4bfedbc18,10,finding_id|area|recommendation|classification|current_repo_status|implemented_in_this_lane|output_path_or_test|guardrail_risk|blocker_reason|next_gate|notes,static completed draft events; source timestamps/receipt IDs incomplete in several derivatives,positive draft facts only; missing draft evidence remains unknown; current name+position joins are review-only,1.0.0
art_2a7766eb96cf4b91,metric|value|notes|review_only|model_use_allowed|training_allowed,DRAFT_EVENT_TO_ROOKIE_OUTCOME_BRIDGE,SUPPORTING_EVIDENCE,,LIVE_HQ,loc_d0e39b90f9352a6a0733e847,,,,false,true,NO_DUPLICATE_FLAG,NOT_SUPERSEDED,SEPARATE_LEDGER_CONTROLS,REGISTERED_METADATA_ONLY,SOURCE_INVENTORY_SHA256_RECORDED,32ee36229677b0fa7adf7624733932ce3d610ee879f02915cb4a67f7bd387091,21,metric|value|notes|review_only|model_use_allowed|training_allowed,local run 2026-06-29; raw input receipt/hash incomplete,authority is limited to the artifact's documented scope,1.0.0
art_2ac3da729b0d17bb,scoring_component|scoring_formula_role|nflverse_field_candidate|source_dataset|field_present|field_quarantined|mapping_status|safe_for_observed_row_sidecar|safe_for_full_scoring_parity|zero_row_required|label_truth_allowed|model_use_allowed|training_allowed|source_truth_allowed|blocker_reason|notes,ROOKIE_SEASON_AND_MULTI_YEAR_OUTCOME,SUPPORTING_EVIDENCE,,LIVE_HQ,loc_dc3db7d798fec42d696b949f,,,,false,true,NO_DUPLICATE_FLAG,NOT_SUPERSEDED,SEPARATE_LEDGER_CONTROLS,REGISTERED_METADATA_ONLY,SOURCE_INVENTORY_SHA256_RECORDED,1b09339acd50d6291a59d1c31d2c5e3c9b39b733ea1d6e39079d59e06b604ef6,29,scoring_component|scoring_formula_role|nflverse_field_candidate|source_dataset|field_present|field_quarantined|mapping_status|safe_for_observed_row_sidecar|safe_for_full_scoring_parity|zero_row_required|label_truth_allowed|model_use_allowed|training_allowed|source_truth_allowed|blocker_reason|notes,packet-specific immutable runs; some local receipts only,multiple scoring/rank systems conflict; position-threshold applicability must be explicit,1.0.0
art_2b5de82e993cf56d,markdown/text,PRODUCT_CONSUMER,SUPPORTING_EVIDENCE,,LIVE_HQ,loc_d3c9285dce82c3b44868f466,,,,false,true,NO_DUPLICATE_FLAG,NOT_SUPERSEDED,SEPARATE_LEDGER_CONTROLS,REGISTERED_METADATA_ONLY,SOURCE_INVENTORY_SHA256_RECORDED,7f890a2575f26341e545d77bd89611916c0267d059605c684895b12e17afce13,N/A,markdown/text,live HQ at starting commit,authority is limited to the artifact's documented scope,1.0.0
art_2bcc2c8a3fefa51d,draft_year|prospect_id|nfl_team|nfl_draft_pick|rookie_year_lve_ppg|year2_lve_ppg|year3_lve_ppg|best_lve_ppg|top24_seasons|hit_label|outcome_notes,PRE_DRAFT_TO_MULTI_YEAR_LEGACY,SUPERSEDED,,LIVE_HQ,loc_f41836393cf738188c4df986,,,,false,true,NO_DUPLICATE_FLAG,SUPERSEDED_RECORDED,SEPARATE_LEDGER_CONTROLS,REGISTERED_METADATA_ONLY,SOURCE_INVENTORY_SHA256_RECORDED,4195c9d19b6b580800481ec4b5aaedfa3fe3b38f19962e0110d785eb334a8a9d,60,draft_year|prospect_id|nfl_team|nfl_draft_pick|rookie_year_lve_ppg|year2_lve_ppg|year3_lve_ppg|best_lve_ppg|top24_seasons|hit_label|outcome_notes,legacy baseline; superseded by June 29-30 review-only gates,legacy source/use claims are superseded; provider content and name-key joins are restricted,1.0.0
art_2bd2e9c37eb4142e,markdown/text,ROOKIE_SEASON_AND_MULTI_YEAR_OUTCOME,SUPPORTING_EVIDENCE,,LIVE_HQ,loc_c7021ed9b42a31728ca99c64,,,,false,true,NO_DUPLICATE_FLAG,NOT_SUPERSEDED,SEPARATE_LEDGER_CONTROLS,REGISTERED_METADATA_ONLY,SOURCE_INVENTORY_SHA256_RECORDED,c5cea157ebdadc896903d3f378e9e1b29002e68b8512c915c43d479e50507339,N/A,markdown/text,packet-specific immutable runs; some local receipts only,multiple scoring/rank systems conflict; position-threshold applicability must be explicit,1.0.0
art_2bf21a2cff42d8c4,markdown/text,PRODUCT_CONSUMER,SUPPORTING_EVIDENCE,,LIVE_HQ,loc_629ed0854e9a5a09cd1f4e69,,,,false,true,NO_DUPLICATE_FLAG,NOT_SUPERSEDED,SEPARATE_LEDGER_CONTROLS,REGISTERED_METADATA_ONLY,SOURCE_INVENTORY_SHA256_RECORDED,50b6c3afc06330915458efe0faa229d5df26abe4218bb0650c7fb2abeb2aa793,N/A,markdown/text,live HQ at starting commit,authority is limited to the artifact's documented scope,1.0.0
art_2bf2b1b4a4aee8c6,markdown/text,LATER_OUTCOME_RESEARCH,SUPPORTING_EVIDENCE,,LIVE_HQ,loc_084ed3da5cf6d29778ea6f7f,,,,false,true,NO_DUPLICATE_FLAG,NOT_SUPERSEDED,SEPARATE_LEDGER_CONTROLS,REGISTERED_METADATA_ONLY,SOURCE_INVENTORY_SHA256_RECORDED,8d3728a8422621aff81e4fa2c577c00c1007baa08666c6c6514ddcaf6e2e618e,N/A,markdown/text,July 9 2026 research snapshots,authority is limited to the artifact's documented scope,1.0.0
art_2c03f2f4edcf746f,markdown/text,PRE_DRAFT_AND_TIMING_GOVERNANCE,SUPPORTING_EVIDENCE,,LIVE_HQ,loc_eb194ac1bfe0415ab7f3695a,,,,false,true,NO_DUPLICATE_FLAG,NOT_SUPERSEDED,SEPARATE_LEDGER_CONTROLS,REGISTERED_METADATA_ONLY,SOURCE_INVENTORY_SHA256_RECORDED,83e71a7e3806ba92f419b3ad6cf434a58f1b5ca4d7e9200b7bae1d183c6ad6ac,N/A,markdown/text,as-of policy present; zero experiment-ready player/feature rows,authority is limited to the artifact's documented scope,1.0.0
art_2c65d193268c3dea,markdown/text,LATER_OUTCOME_RESEARCH,SUPPORTING_EVIDENCE,,LIVE_HQ,loc_9de5aa476165f10437768afc,,,,false,true,NO_DUPLICATE_FLAG,NOT_SUPERSEDED,SEPARATE_LEDGER_CONTROLS,REGISTERED_METADATA_ONLY,SOURCE_INVENTORY_SHA256_RECORDED,d2a81102d438013c4b4eaee045e3f95d3bc03567a6bb044491eb768a2bfec822,N/A,markdown/text,July 9 2026 research snapshots,authority is limited to the artifact's documented scope,1.0.0
art_2c6e2f052b20453c,markdown/text,DRAFT_EVENT,SUPPORTING_EVIDENCE,,LIVE_HQ,loc_acb2341c531605c716156563,,,,false,true,NO_DUPLICATE_FLAG,NOT_SUPERSEDED,SEPARATE_LEDGER_CONTROLS,REGISTERED_METADATA_ONLY,SOURCE_INVENTORY_SHA256_RECORDED,396bbf67344494ccc7cf12d020c4d2ea1a10a4b6a9539d76ea7933ee4d325d8c,N/A,markdown/text,June 30 2026 packet snapshots,likely/confirmed-review-only must not be treated as verified undrafted truth,1.0.0
art_2ca7df1e0e65b9fb,markdown/text,ROOKIE_SEASON_AND_MULTI_YEAR_OUTCOME,SUPPORTING_EVIDENCE,,LIVE_HQ,loc_5b8e433a9bafddc913cf11b3,,,,false,true,NO_DUPLICATE_FLAG,NOT_SUPERSEDED,SEPARATE_LEDGER_CONTROLS,REGISTERED_METADATA_ONLY,SOURCE_INVENTORY_SHA256_RECORDED,4ae6cd7664dfacfdbfbdccd13db18b399f63c588aba6c5f330002cbea3c07b90,N/A,markdown/text,packet-specific 2026 receipts,authority is limited to the artifact's documented scope,1.0.0
art_2d075dfca7d05917,markdown/text,ROOKIE_SEASON_AND_MULTI_YEAR_OUTCOME,SUPPORTING_EVIDENCE,,LIVE_HQ,loc_cb35c9fb96e806ed1ba69858,,,,false,true,NO_DUPLICATE_FLAG,NOT_SUPERSEDED,SEPARATE_LEDGER_CONTROLS,REGISTERED_METADATA_ONLY,SOURCE_INVENTORY_SHA256_RECORDED,42aeff67ed2c08242c7616fb0c834787d9cfa46dfbc5d2b76c8588bb55dfd61b,N/A,markdown/text,packet-specific immutable runs; some local receipts only,multiple scoring/rank systems conflict; position-threshold applicability must be explicit,1.0.0
art_2d835bedd816482d,provider|provider_type|route_feed_likelihood|contractability_status|expected_fields_to_request|identity_requirements|coverage_requirements|known_blocker|allowed_lane_action|notes,ROOKIE_SEASON_AND_MULTI_YEAR_OUTCOME,SUPPORTING_EVIDENCE,,LIVE_HQ,loc_008ac7cbe7d95edbfb70a5bf,,,,false,true,NO_DUPLICATE_FLAG,NOT_SUPERSEDED,SEPARATE_LEDGER_CONTROLS,REGISTERED_METADATA_ONLY,SOURCE_INVENTORY_SHA256_RECORDED,dc0bf62ec906813480f3c221beee95db5cf47ee5189452ea53c3feaa2d6893bb,9,provider|provider_type|route_feed_likelihood|contractability_status|expected_fields_to_request|identity_requirements|coverage_requirements|known_blocker|allowed_lane_action|notes,packet-specific 2026 receipts,authority is limited to the artifact's documented scope,1.0.0
art_2de590e5e582ff4c,markdown/text,ROOKIE_SEASON_AND_MULTI_YEAR_OUTCOME,SUPPORTING_EVIDENCE,,LOCAL_ONLY,loc_808de140880ebd0799947525,,,,false,true,NO_DUPLICATE_FLAG,NOT_SUPERSEDED,SEPARATE_LEDGER_CONTROLS,REGISTERED_METADATA_ONLY,SOURCE_INVENTORY_SHA256_RECORDED,f32f6c5abcfb39b8a67f69bb674ae30afa4d25d5b17469b21e017bab13c3c08b,N/A,markdown/text,packet-specific 2026 receipts,not tracked at live HQ HEAD,1.0.0
art_2e1ead9797feb3a3,markdown/text,ROOKIE_SEASON_AND_MULTI_YEAR_OUTCOME,SUPPORTING_EVIDENCE,,LOCAL_ONLY,loc_f1ffd4bf1ccbbe815e9f4dcd,,,,false,true,NO_DUPLICATE_FLAG,NOT_SUPERSEDED,SEPARATE_LEDGER_CONTROLS,REGISTERED_METADATA_ONLY,SOURCE_INVENTORY_SHA256_RECORDED,03bfcb022896f04eb49eb9baf486e482deee460adfd7014defd594e1e0b9039c,N/A,markdown/text,packet-specific 2026 receipts,not tracked at live HQ HEAD,1.0.0
art_2ec72daaaad351fd,season|field|present|non_null_rows|dtype,ROOKIE_SEASON_AND_MULTI_YEAR_OUTCOME,SUPPORTING_EVIDENCE,,LOCAL_ONLY,loc_d4c0183ee2a39bfbe0dca889,,,,false,true,NO_DUPLICATE_FLAG,NOT_SUPERSEDED,SEPARATE_LEDGER_CONTROLS,REGISTERED_METADATA_ONLY,SOURCE_INVENTORY_SHA256_RECORDED,a081a1a96ca3d5637743e5c6f6038dbc22fc13ebd9d469873c0891f7359e8729,300,season|field|present|non_null_rows|dtype,packet-specific immutable runs; some local receipts only,multiple scoring/rank systems conflict; position-threshold applicability must be explicit; not tracked at live HQ HEAD,1.0.0
art_2ed9d150254336d4,item|evidence_paths|current_state|classification|roadmap_treatment,GOVERNANCE,CANONICAL_ADMITTED,,LIVE_HQ,loc_c646750a18e2a8b9af089cbb,,,,true,false,NO_DUPLICATE_FLAG,NOT_SUPERSEDED,SEPARATE_LEDGER_CONTROLS,REGISTERED_METADATA_ONLY,SOURCE_INVENTORY_SHA256_RECORDED,0c8c077edeb587b8e139c5145695d90e541cf0f7e5df91df0cf02c35538abee3,10,item|evidence_paths|current_state|classification|roadmap_treatment,versioned canonical packet,authority is limited to the artifact's documented scope,1.0.0
art_2f3437d034419c14,markdown/text,GOVERNANCE,SUPPORTING_EVIDENCE,,LIVE_HQ,loc_88d0459563070bc26e9be90c,,,,false,true,NO_DUPLICATE_FLAG,NOT_SUPERSEDED,SEPARATE_LEDGER_CONTROLS,REGISTERED_METADATA_ONLY,SOURCE_INVENTORY_SHA256_RECORDED,bca48d3e84097625d9b5716b388b619e417bbf443a717551ff0be79c6be77e80,N/A,markdown/text,canonical closeout at starting HEAD,authority is limited to the artifact's documented scope,1.0.0
art_2f45eef94c0e91bb,markdown/text,PRODUCT_CONSUMER,SUPPORTING_EVIDENCE,,LIVE_HQ,loc_9df3f288c1b486641bfe8577,,,,false,true,NO_DUPLICATE_FLAG,NOT_SUPERSEDED,SEPARATE_LEDGER_CONTROLS,REGISTERED_METADATA_ONLY,SOURCE_INVENTORY_SHA256_RECORDED,58e9f2fbfd23833ab07bdbf7a54bbdf6d6aef3ddbb8f59ab59a836ee9dd9bf58,N/A,markdown/text,live HQ at starting commit,authority is limited to the artifact's documented scope,1.0.0
art_2f5e8eba33e92311,variant_id|reference_id|scoreboard_window|severe_false_positive_spike|false_negative_loss|non_sparse_collateral_damage|false_positive_increase|collateral_flags|collateral_status,LATER_OUTCOME_RESEARCH,SUPPORTING_EVIDENCE,,LIVE_HQ,loc_e90a7d1427680c241f1ce9a5,,,,false,true,NO_DUPLICATE_FLAG,NOT_SUPERSEDED,SEPARATE_LEDGER_CONTROLS,REGISTERED_METADATA_ONLY,SOURCE_INVENTORY_SHA256_RECORDED,cef68843e144c9dee2c02053dedbc77b919633b2505ad3a6c54a1ff9f17fe8b8,100,variant_id|reference_id|scoreboard_window|severe_false_positive_spike|false_negative_loss|non_sparse_collateral_damage|false_positive_increase|collateral_flags|collateral_status,July 9 2026 research snapshots,authority is limited to the artifact's documented scope,1.0.0
art_2fc84e7aec86a597,markdown/text,PROTECTED_FROZEN_GOVERNANCE,CANONICAL_REVIEW_ONLY,,LIVE_HQ,loc_4e6269f316dbbc3a11d69aa9,,,,true,false,NO_DUPLICATE_FLAG,NOT_SUPERSEDED,SEPARATE_LEDGER_CONTROLS,REGISTERED_METADATA_ONLY,SOURCE_INVENTORY_SHA256_RECORDED,340034e3bbfad1b22ed12b389ba6add360a5c739a1a4f4ea68cd17259f539501,N/A,markdown/text,frozen 2026-07-10 before outcomes,authority is limited to the artifact's documented scope,1.0.0
art_2fea3d0c346c44eb,py,DRAFT_EVENT_AND_POST_DRAFT_PRESEASON,SUPERSEDED,,LIVE_HQ,loc_d83b83a638d4efa3d44b5f6b,,,,false,true,NO_DUPLICATE_FLAG,SUPERSEDED_RECORDED,SEPARATE_LEDGER_CONTROLS,REGISTERED_METADATA_ONLY,SOURCE_INVENTORY_SHA256_RECORDED,bc612954fbba2eb4d4482b9c3d8b20ef42d5b3acf59617cbe023cc46cdb18b5e,N/A,py,June 29-30 2026; no uniform row-level source timestamp,published counts may be duplicate-inflated; three distinct current records have no stable candidate ID,1.0.0
art_3098af40053a7829,markdown/text,LATER_OUTCOME_RESEARCH,SUPPORTING_EVIDENCE,,LIVE_HQ,loc_8a7d16d34427c670d0c21467,,,,false,true,NO_DUPLICATE_FLAG,NOT_SUPERSEDED,SEPARATE_LEDGER_CONTROLS,REGISTERED_METADATA_ONLY,SOURCE_INVENTORY_SHA256_RECORDED,1356abc8006ba4ec025e6d412ceb002d25c78b7330b1b1afc9a2e8aa3f892176,N/A,markdown/text,July 9 2026 research snapshots,authority is limited to the artifact's documented scope,1.0.0
art_30d6254f89aefdf7,markdown/text,ROOKIE_SEASON_AND_MULTI_YEAR_OUTCOME,SUPPORTING_EVIDENCE,,LIVE_HQ,loc_e5cdccd93c3895f7d4c76da5,,,,false,true,NO_DUPLICATE_FLAG,NOT_SUPERSEDED,SEPARATE_LEDGER_CONTROLS,REGISTERED_METADATA_ONLY,SOURCE_INVENTORY_SHA256_RECORDED,e280573f943251269b94b972464f0d7d3ccf4b2111230c04060684732f5ab26b,N/A,markdown/text,packet-specific immutable runs; some local receipts only,multiple scoring/rank systems conflict; position-threshold applicability must be explicit,1.0.0
art_30e2d93ea543fc0f,markdown/text,PRODUCT_CONSUMER,SUPPORTING_EVIDENCE,,LIVE_HQ,loc_246aa3defc7a83264e90e9e3,,,,false,true,NO_DUPLICATE_FLAG,NOT_SUPERSEDED,SEPARATE_LEDGER_CONTROLS,REGISTERED_METADATA_ONLY,SOURCE_INVENTORY_SHA256_RECORDED,26d9832fa43f2d1941c2b833f31e23ecef31a3e757d4c32b68d5bf82c74863ca,N/A,markdown/text,live HQ at starting commit,authority is limited to the artifact's documented scope,1.0.0
art_30ed2e2cda66ef9f,summary_level|candidate_name|target_season|position|eligible_universe_rows|valid_score_rows|invalid_score_rows|coverage|raw_feature_missing_cells|exclusion_reasons|spearman|kendall_tau_a|pooled_within_position_rank_spearman_secondary,PROTECTED_FROZEN_GOVERNANCE,CANONICAL_REVIEW_ONLY,,LIVE_HQ,loc_d87656e83381eabe691fd8f6,,,,true,false,NO_DUPLICATE_FLAG,NOT_SUPERSEDED,SEPARATE_LEDGER_CONTROLS,REGISTERED_METADATA_ONLY,SOURCE_INVENTORY_SHA256_RECORDED,0f998d9f83a60a0262b477646cff486176f80db803ceae932e5fad221a404be6,135,summary_level|candidate_name|target_season|position|eligible_universe_rows|valid_score_rows|invalid_score_rows|coverage|raw_feature_missing_cells|exclusion_reasons|spearman|kendall_tau_a|pooled_within_position_rank_spearman_secondary,frozen 2026-07-10 before outcomes,authority is limited to the artifact's documented scope,1.0.0
art_311c6bac21ef2504,improvement|surfaces|current_state|unresolved_gap|user_value|classification|roadmap_position,GOVERNANCE,CANONICAL_ADMITTED,,LIVE_HQ,loc_19ab03adc9e26251f13767f4,,,,true,false,NO_DUPLICATE_FLAG,NOT_SUPERSEDED,SEPARATE_LEDGER_CONTROLS,REGISTERED_METADATA_ONLY,SOURCE_INVENTORY_SHA256_RECORDED,dba50a9df8280f9e45c60e870d778e73ebe7840d77280a94f1af381a92905a9d,7,improvement|surfaces|current_state|unresolved_gap|user_value|classification|roadmap_position,versioned canonical packet,authority is limited to the artifact's documented scope,1.0.0
art_313739b0e03dc88c,markdown/text,LATER_OUTCOME_RESEARCH,SUPPORTING_EVIDENCE,,LIVE_HQ,loc_db40d53bc03aec07f5db6409,,,,false,true,NO_DUPLICATE_FLAG,NOT_SUPERSEDED,SEPARATE_LEDGER_CONTROLS,REGISTERED_METADATA_ONLY,SOURCE_INVENTORY_SHA256_RECORDED,90a3b841a7b23d3bf566c9ab875ff12c9820e2dd27c2fa8365ef7ca7acae6609,N/A,markdown/text,July 9 2026 research snapshots,authority is limited to the artifact's documented scope,1.0.0
art_3142b88659445291,py,CROSS_LIFECYCLE,SUPPORTING_EVIDENCE,,LIVE_HQ,loc_2520a62f68a1a1defeb8e6c6,,,,false,true,NO_DUPLICATE_FLAG,NOT_SUPERSEDED,SEPARATE_LEDGER_CONTROLS,REGISTERED_METADATA_ONLY,SOURCE_INVENTORY_SHA256_RECORDED,a03c452e815de03ec393d7260f880b2c9454a96492ca0b32100be1f4f11ffa41,N/A,py,packet-specific snapshot,authority is limited to the artifact's documented scope,1.0.0
art_31676c046f15b35c,markdown/text,CROSS_LIFECYCLE,SUPPORTING_EVIDENCE,,LIVE_HQ,loc_13d1952cf71a978fff01a381,,,,false,true,NO_DUPLICATE_FLAG,NOT_SUPERSEDED,SEPARATE_LEDGER_CONTROLS,REGISTERED_METADATA_ONLY,SOURCE_INVENTORY_SHA256_RECORDED,d5c59f6cd1b11250bb55c1f4dba059768e593a53e5c489eda2121c7d38bb5b87,N/A,markdown/text,packet-specific snapshot,authority is limited to the artifact's documented scope,1.0.0
art_31921b930e9377d4,variant_id|parent_rule_id|rule_family|reference_id|formula_id|scoreboard_window|seasons|rows_tested|variant_applied_rows|rows_changed_prediction|total_misses_before|total_misses_after|net_miss_reduction|misses_resolved|new_misses_created|false_positives_before|false_positives_after|false_negatives_before|false_negatives_after|false_negative_reduction|false_positive_increase|severe_false_positives_before|severe_false_positives_after|severe_false_positive_spike|severe_false_negatives_before|severe_false_negatives_after|severe_false_negative_reduction|sparse_misses_before|sparse_misses_after|sparse_history_only_miss_reduction|...(+29 columns),LATER_OUTCOME_RESEARCH,SUPPORTING_EVIDENCE,,LIVE_HQ,loc_e446d34dc05864a4d9dce269,,,,false,true,NO_DUPLICATE_FLAG,NOT_SUPERSEDED,SEPARATE_LEDGER_CONTROLS,REGISTERED_METADATA_ONLY,SOURCE_INVENTORY_SHA256_RECORDED,e7a868b3ddb50ded3bfec7f0fe6d64cab59ad6f4b2abde090c62c0ab04864284,100,variant_id|parent_rule_id|rule_family|reference_id|formula_id|scoreboard_window|seasons|rows_tested|variant_applied_rows|rows_changed_prediction|total_misses_before|total_misses_after|net_miss_reduction|misses_resolved|new_misses_created|false_positives_before|false_positives_after|false_negatives_before|false_negatives_after|false_negative_reduction|false_positive_increase|severe_false_positives_before|severe_false_positives_after|severe_false_positive_spike|severe_false_negatives_before|severe_false_negatives_after|severe_false_negative_reduction|sparse_misses_before|sparse_misses_after|sparse_history_only_miss_reduction|...(+29 columns),July 9 2026 research snapshots,authority is limited to the artifact's documented scope,1.0.0
art_31a8e3f4781e4ab2,markdown/text,ROOKIE_SEASON_AND_MULTI_YEAR_OUTCOME,SUPPORTING_EVIDENCE,,LIVE_HQ,loc_75bcfa27741a76abb2b2a660,,,,false,true,NO_DUPLICATE_FLAG,NOT_SUPERSEDED,SEPARATE_LEDGER_CONTROLS,REGISTERED_METADATA_ONLY,SOURCE_INVENTORY_SHA256_RECORDED,e102cde0f8969158bfbc8b7d132e3aab2df4624fa9e4602bfb9920806b46e44a,N/A,markdown/text,packet-specific immutable runs; some local receipts only,multiple scoring/rank systems conflict; position-threshold applicability must be explicit,1.0.0
art_32076d6de6532394,markdown/text,ROOKIE_SEASON_AND_MULTI_YEAR_OUTCOME,SUPPORTING_EVIDENCE,,LIVE_HQ,loc_c823ac30f3a16069f26add61,,,,false,true,NO_DUPLICATE_FLAG,NOT_SUPERSEDED,SEPARATE_LEDGER_CONTROLS,REGISTERED_METADATA_ONLY,SOURCE_INVENTORY_SHA256_RECORDED,adb19813aab2a336779686eeee654aabd9288ea77bf84797c7574b8f6da07371,N/A,markdown/text,packet-specific immutable runs; some local receipts only,multiple scoring/rank systems conflict; position-threshold applicability must be explicit,1.0.0
art_320d22e39d6b79fd,markdown/text,DRAFT_EVENT,SUPPORTING_EVIDENCE,,LIVE_HQ,loc_d4c37356d1f2dcbf8f1589ac,,,,false,true,NO_DUPLICATE_FLAG,NOT_SUPERSEDED,SEPARATE_LEDGER_CONTROLS,REGISTERED_METADATA_ONLY,SOURCE_INVENTORY_SHA256_RECORDED,73097b5d377b995d4d11a28a0e831f77785add42e6c974b8b48fcfb035a21a91,N/A,markdown/text,static completed draft events; source timestamps/receipt IDs incomplete in several derivatives,positive draft facts only; missing draft evidence remains unknown; current name+position joins are review-only,1.0.0
art_3264fba95225400a,source_name|source_url_or_identifier|source_type|candidate_fields|license_status|provenance_status|automation_allowed|factual_fields_allowed|analyst_grade_fields_allowed|allowed_for_review_only_model_rd|allowed_for_display_context|model_use_allowed|training_allowed|source_truth_allowed|source_policy_verdict|blocker_reason|required_next_gate|notes,PRE_DRAFT,SUPPORTING_EVIDENCE,,LIVE_HQ,loc_0e3efd9eb676e6e07aaaa113,,,,false,true,NO_DUPLICATE_FLAG,NOT_SUPERSEDED,SEPARATE_LEDGER_CONTROLS,REGISTERED_METADATA_ONLY,SOURCE_INVENTORY_SHA256_RECORDED,e4749b8cf3b87e4a3dbc183a657db082985591f4b81dbf6e8af8ac4fe03c609c,5,source_name|source_url_or_identifier|source_type|candidate_fields|license_status|provenance_status|automation_allowed|factual_fields_allowed|analyst_grade_fields_allowed|allowed_for_review_only_model_rd|allowed_for_display_context|model_use_allowed|training_allowed|source_truth_allowed|source_policy_verdict|blocker_reason|required_next_gate|notes,June 30 2026; measurement source timestamp incomplete,authority is limited to the artifact's documented scope,1.0.0
art_32743e645c1065eb,nwr_player_id|sleeper_id|gsis_id|player_name|position|team|eligibility_status|identity_status|feature_coverage_status|scoring_mode|outcome_v2_version|as_of_context|this_year_definition|display_only|model_use_allowed|training_allowed|source_truth_allowed|market_used_as_input|dynastyprocess_used_as_input|adp_used_as_input|cfbd_used_as_input|data_coverage_status|availability_context_status|caveat_summary|validated_field_status|QB T6 This Year|QB T12 This Year|QB T6 Next Year|QB T12 Next Year|QB T6 Within 5Y|...(+45 columns),ROOKIE_SEASON_AND_MULTI_YEAR_OUTCOME,SUPPORTING_EVIDENCE,,LIVE_HQ,loc_4db19f1452b8238db7ebe045,,,,false,true,NO_DUPLICATE_FLAG,NOT_SUPERSEDED,SEPARATE_LEDGER_CONTROLS,REGISTERED_METADATA_ONLY,SOURCE_INVENTORY_SHA256_RECORDED,63569e3758ab20e74eef30c1723afc72c80b5f6174f66d9a4015c24f0f44723e,240,nwr_player_id|sleeper_id|gsis_id|player_name|position|team|eligibility_status|identity_status|feature_coverage_status|scoring_mode|outcome_v2_version|as_of_context|this_year_definition|display_only|model_use_allowed|training_allowed|source_truth_allowed|market_used_as_input|dynastyprocess_used_as_input|adp_used_as_input|cfbd_used_as_input|data_coverage_status|availability_context_status|caveat_summary|validated_field_status|QB T6 This Year|QB T12 This Year|QB T6 Next Year|QB T12 Next Year|QB T6 Within 5Y|...(+45 columns),packet-specific immutable runs; some local receipts only,multiple scoring/rank systems conflict; position-threshold applicability must be explicit,1.0.0
art_32d6745225425ab5,evidence_basis|entry_status_source|entry_status_confidence|identity_status|blocker_reason|count|notes,DRAFT_EVENT,SUPPORTING_EVIDENCE,,LIVE_HQ,loc_e0ac65ec7ce61bdffb382a64,,,,false,true,NO_DUPLICATE_FLAG,NOT_SUPERSEDED,SEPARATE_LEDGER_CONTROLS,REGISTERED_METADATA_ONLY,SOURCE_INVENTORY_SHA256_RECORDED,344c020ca896b16adfb9c0dc9851d2bb90a089d72914c1f67979185ee495a771,2,evidence_basis|entry_status_source|entry_status_confidence|identity_status|blocker_reason|count|notes,June 30 2026 snapshot; source acquisition receipt incomplete,"2,514 likely-UDFA rows are provisional; tracked builder/input receipt is missing",1.0.0
art_335d98bae8d365f2,markdown/text,ROOKIE_SEASON_AND_MULTI_YEAR_OUTCOME,SUPPORTING_EVIDENCE,,LIVE_HQ,loc_35e0a8814871dc761faceb30,,,,false,true,NO_DUPLICATE_FLAG,NOT_SUPERSEDED,SEPARATE_LEDGER_CONTROLS,REGISTERED_METADATA_ONLY,SOURCE_INVENTORY_SHA256_RECORDED,c631ef693038734c70064275d16e2c1166303d338aea81a6e278c02f40e10a63,N/A,markdown/text,packet-specific 2026 receipts,authority is limited to the artifact's documented scope,1.0.0
art_33a32358d8803199,source_dataset|source_receipt_sha|candidate_rows_available|sidecar_rows_created|seasons_covered|weeks_covered|positions_covered|matched_nwr_players|unmatched_rows|quarantined_fields_used|sidecar_review_allowed|label_truth_allowed|model_use_allowed|training_allowed|source_truth_allowed|blocker_reason|notes,ROOKIE_SEASON_AND_MULTI_YEAR_OUTCOME,SUPPORTING_EVIDENCE,,LIVE_HQ,loc_94e2b4ee63d61ae1eb455ef3,,,,false,true,NO_DUPLICATE_FLAG,NOT_SUPERSEDED,SEPARATE_LEDGER_CONTROLS,REGISTERED_METADATA_ONLY,SOURCE_INVENTORY_SHA256_RECORDED,8e1a470a539445b68df3f35aa6c96caf6dca52e092a8c731eaa71b424fee3dc7,2,source_dataset|source_receipt_sha|candidate_rows_available|sidecar_rows_created|seasons_covered|weeks_covered|positions_covered|matched_nwr_players|unmatched_rows|quarantined_fields_used|sidecar_review_allowed|label_truth_allowed|model_use_allowed|training_allowed|source_truth_allowed|blocker_reason|notes,packet-specific immutable runs; some local receipts only,multiple scoring/rank systems conflict; position-threshold applicability must be explicit,1.0.0
art_33a885456f8da06a,markdown/text,PRODUCT_CONSUMER,SUPPORTING_EVIDENCE,,LIVE_HQ,loc_ca43cc130486b9a9a2e6404f,,,,false,true,NO_DUPLICATE_FLAG,NOT_SUPERSEDED,SEPARATE_LEDGER_CONTROLS,REGISTERED_METADATA_ONLY,SOURCE_INVENTORY_SHA256_RECORDED,ac0170328422b1a60043abda984803d368a880623fac2ae5eaf14d35973d26d7,N/A,markdown/text,live HQ at starting commit,authority is limited to the artifact's documented scope,1.0.0
art_33ed9056e7fe8249,markdown/text,CROSS_LIFECYCLE_IDENTITY,SUPPORTING_EVIDENCE,,LIVE_HQ,loc_f9e9fc3e262e1c7ec3114270,,,,false,true,NO_DUPLICATE_FLAG,NOT_SUPERSEDED,SEPARATE_LEDGER_CONTROLS,REGISTERED_METADATA_ONLY,SOURCE_INVENTORY_SHA256_RECORDED,4bc7fb031d642c8362f45ba8f0bb7ff6796c04c536c80d9f68a75acd14997e87,N/A,markdown/text,June 23-30 2026 snapshots,authority is limited to the artifact's documented scope,1.0.0
art_33f49a954b320a77,field_id|position|threshold|horizon|decision|status_2012_2024|status_2000_2024|complete_rows_2012_2024|complete_rows_2000_2024|positive_rows_2000_2024|validation_rows_2000_2024|brier_delta_2000_2024|weighted_calibration_abs_error_2000_2024|max_large_bucket_calibration_abs_error_2000_2024|reason,ROOKIE_SEASON_AND_MULTI_YEAR_OUTCOME,SUPPORTING_EVIDENCE,,LIVE_HQ,loc_200e94faec3217d913f6f1f7,,,,false,true,NO_DUPLICATE_FLAG,NOT_SUPERSEDED,SEPARATE_LEDGER_CONTROLS,REGISTERED_METADATA_ONLY,SOURCE_INVENTORY_SHA256_RECORDED,aa38d24fa4d39451de3bbc67d868e4805d98d9b00902f78c1b157dfeea855bb4,36,field_id|position|threshold|horizon|decision|status_2012_2024|status_2000_2024|complete_rows_2012_2024|complete_rows_2000_2024|positive_rows_2000_2024|validation_rows_2000_2024|brier_delta_2000_2024|weighted_calibration_abs_error_2000_2024|max_large_bucket_calibration_abs_error_2000_2024|reason,packet-specific immutable runs; some local receipts only,multiple scoring/rank systems conflict; position-threshold applicability must be explicit,1.0.0
art_346bbb3334e8cd7e,markdown/text,LATER_OUTCOME_RESEARCH,SUPPORTING_EVIDENCE,,LIVE_HQ,loc_67a75220f2e3bcaf72d634e4,,,,false,true,NO_DUPLICATE_FLAG,NOT_SUPERSEDED,SEPARATE_LEDGER_CONTROLS,REGISTERED_METADATA_ONLY,SOURCE_INVENTORY_SHA256_RECORDED,beea543a9d459c2194ec543a1aa487c5496da689bd93f3101418fa28f62f3267,N/A,markdown/text,July 9 2026 research snapshots,authority is limited to the artifact's documented scope,1.0.0
art_34745ebc7318d56a,markdown/text,ROOKIE_SEASON_AND_MULTI_YEAR_OUTCOME,SUPPORTING_EVIDENCE,,LIVE_HQ,loc_92ea6c7f5623218e4c33546b,,,,false,true,NO_DUPLICATE_FLAG,NOT_SUPERSEDED,SEPARATE_LEDGER_CONTROLS,REGISTERED_METADATA_ONLY,SOURCE_INVENTORY_SHA256_RECORDED,716bda20a73a939d93ac4fa57dbe7cfc93f1958e11f9fecdb771c19cc8d7cb27,N/A,markdown/text,packet-specific immutable runs; some local receipts only,multiple scoring/rank systems conflict; position-threshold applicability must be explicit,1.0.0
art_3474e38812f0519a,player_id|player_name|position|anchor_season|team|this_year_top_6_hit|this_year_top_12_hit|this_year_top_24_hit|this_year_top_36_hit|next_year_top_6_hit|next_year_top_12_hit|next_year_top_24_hit|next_year_top_36_hit|within_5y_top_6_hit|within_5y_top_12_hit|within_5y_top_24_hit|within_5y_top_36_hit|this_year_window_complete|next_year_window_complete|within_5y_window_complete|censoring_status|approval_status|model_input_allowed|training_allowed|app_wiring_allowed,ROOKIE_SEASON_AND_MULTI_YEAR_OUTCOME,SUPPORTING_EVIDENCE,,LOCAL_ONLY,loc_37c543512a791a14835eb711,,,,false,true,NO_DUPLICATE_FLAG,NOT_SUPERSEDED,SEPARATE_LEDGER_CONTROLS,REGISTERED_METADATA_ONLY,SOURCE_INVENTORY_SHA256_RECORDED,789bd263fbc2873d6902824aa1476a3f59d3d6b1c641ca23d71836f4b14a53d0,7440,player_id|player_name|position|anchor_season|team|this_year_top_6_hit|this_year_top_12_hit|this_year_top_24_hit|this_year_top_36_hit|next_year_top_6_hit|next_year_top_12_hit|next_year_top_24_hit|next_year_top_36_hit|within_5y_top_6_hit|within_5y_top_12_hit|within_5y_top_24_hit|within_5y_top_36_hit|this_year_window_complete|next_year_window_complete|within_5y_window_complete|censoring_status|approval_status|model_input_allowed|training_allowed|app_wiring_allowed,packet-specific immutable runs; some local receipts only,multiple scoring/rank systems conflict; position-threshold applicability must be explicit; not tracked at live HQ HEAD,1.0.0
art_35002c5d9236ce30,markdown/text,PRODUCT_CONSUMER,SUPPORTING_EVIDENCE,,LIVE_HQ,loc_ffc4d8a1e42a6db184067839,,,,false,true,NO_DUPLICATE_FLAG,NOT_SUPERSEDED,SEPARATE_LEDGER_CONTROLS,REGISTERED_METADATA_ONLY,SOURCE_INVENTORY_SHA256_RECORDED,d2473348935572597e59c3d7fe14db56e53663c01330989a4823ea9f05138ebe,N/A,markdown/text,live HQ at starting commit,authority is limited to the artifact's documented scope,1.0.0
art_352bada6475b4d64,markdown/text,ROOKIE_SEASON_AND_MULTI_YEAR_OUTCOME,SUPPORTING_EVIDENCE,,LIVE_HQ,loc_0283c6d7998bf57a90a9ed5f,,,,false,true,NO_DUPLICATE_FLAG,NOT_SUPERSEDED,SEPARATE_LEDGER_CONTROLS,REGISTERED_METADATA_ONLY,SOURCE_INVENTORY_SHA256_RECORDED,d17f36fb3aba8fe18dedfcb3500eced6ecad733b4ee2d516dde0ed7731531d4a,N/A,markdown/text,packet-specific 2026 receipts,authority is limited to the artifact's documented scope,1.0.0
art_3572813d37b1c3ff,markdown/text,ROOKIE_SEASON_AND_MULTI_YEAR_OUTCOME,SUPPORTING_EVIDENCE,,LIVE_HQ,loc_9e8c2dba9d6d97d612c5281e,,,,false,true,NO_DUPLICATE_FLAG,NOT_SUPERSEDED,SEPARATE_LEDGER_CONTROLS,REGISTERED_METADATA_ONLY,SOURCE_INVENTORY_SHA256_RECORDED,487743d3529105567880b8b11ffef2cbec27c640db880f37aa50a0e834627e6c,N/A,markdown/text,packet-specific immutable runs; some local receipts only,multiple scoring/rank systems conflict; position-threshold applicability must be explicit,1.0.0
art_358f5cf2fb785ed4,py,PRE_DRAFT_AND_TIMING_GOVERNANCE,SUPPORTING_EVIDENCE,,LIVE_HQ,loc_54f9d2dd3b7cfa01ac48ba2a,,,,false,true,NO_DUPLICATE_FLAG,NOT_SUPERSEDED,SEPARATE_LEDGER_CONTROLS,REGISTERED_METADATA_ONLY,SOURCE_INVENTORY_SHA256_RECORDED,e4ab48c6cda88f8c1ecb490af0669e78aa7b3323796ce29e664ca8879cf78b9d,N/A,py,as-of policy present; zero experiment-ready player/feature rows,authority is limited to the artifact's documented scope,1.0.0
art_3597161dcb0921b4,reference_id|formula_id|rule_id|scoreboard_window|false_positive_reduction|false_negative_added|net_miss_reduction|new_misses_created|misses_resolved|rule_classification|review,LATER_OUTCOME_RESEARCH,SUPPORTING_EVIDENCE,,LIVE_HQ,loc_745563d2a2aa1cc3b94ae7fb,,,,false,true,NO_DUPLICATE_FLAG,NOT_SUPERSEDED,SEPARATE_LEDGER_CONTROLS,REGISTERED_METADATA_ONLY,SOURCE_INVENTORY_SHA256_RECORDED,0cec444bbb418bd478fdab76c84eddee86ad08796a369dd23590593758dca94c,8,reference_id|formula_id|rule_id|scoreboard_window|false_positive_reduction|false_negative_added|net_miss_reduction|new_misses_created|misses_resolved|rule_classification|review,July 9 2026 research snapshots,authority is limited to the artifact's documented scope,1.0.0
art_3598dc5bf34b739f,player_id|player_name|position|anchor_season|team|this_year_top_6_hit|this_year_top_12_hit|this_year_top_24_hit|this_year_top_36_hit|next_year_top_6_hit|next_year_top_12_hit|next_year_top_24_hit|next_year_top_36_hit|within_5y_top_6_hit|within_5y_top_12_hit|within_5y_top_24_hit|within_5y_top_36_hit|this_year_window_complete|next_year_window_complete|within_5y_window_complete|censoring_status|approval_status|model_input_allowed|training_allowed|app_wiring_allowed,ROOKIE_SEASON_AND_MULTI_YEAR_OUTCOME,SUPPORTING_EVIDENCE,,LOCAL_ONLY,loc_98b11d375bc257626709cdb3,,,,false,true,NO_DUPLICATE_FLAG,NOT_SUPERSEDED,SEPARATE_LEDGER_CONTROLS,REGISTERED_METADATA_ONLY,SOURCE_INVENTORY_SHA256_RECORDED,ffdb76309b724fbc69fdd187aa24f96e68200ff430698a8255b526bb895e9c7b,13652,player_id|player_name|position|anchor_season|team|this_year_top_6_hit|this_year_top_12_hit|this_year_top_24_hit|this_year_top_36_hit|next_year_top_6_hit|next_year_top_12_hit|next_year_top_24_hit|next_year_top_36_hit|within_5y_top_6_hit|within_5y_top_12_hit|within_5y_top_24_hit|within_5y_top_36_hit|this_year_window_complete|next_year_window_complete|within_5y_window_complete|censoring_status|approval_status|model_input_allowed|training_allowed|app_wiring_allowed,packet-specific immutable runs; some local receipts only,multiple scoring/rank systems conflict; position-threshold applicability must be explicit; not tracked at live HQ HEAD,1.0.0
art_35bcac8617a17c2f,markdown/text,CROSS_LIFECYCLE_REVIEW_SIMULATION,LOCAL_ONLY_RESTRICTED,,OFF_HQ_BRANCH_ONLY,loc_9751885e638980071b044a0d,,,,false,true,NO_DUPLICATE_FLAG,NOT_SUPERSEDED,NO_RECREATE_REQUIRED,REGISTERED_METADATA_ONLY,SOURCE_INVENTORY_SHA256_RECORDED,5776be629e4160592a7b269a807751efc4b4a31820a9f8054b559c68f61cbf7b,N/A,markdown/text,off-HQ commit 2026-07-09; not ancestor of live HQ,"Off-HQ Git object is retained for audit discovery and no-recreate protection only; active evidence, migration, ranking, formula, training, production, and runtime use are blocked.",1.0.0
art_35c875d69246d1c2,markdown/text,ROOKIE_SEASON_AND_MULTI_YEAR_OUTCOME,SUPPORTING_EVIDENCE,,LIVE_HQ,loc_e10d468d48fd7cd65d73238d,,,,false,true,NO_DUPLICATE_FLAG,NOT_SUPERSEDED,SEPARATE_LEDGER_CONTROLS,REGISTERED_METADATA_ONLY,SOURCE_INVENTORY_SHA256_RECORDED,111530f48860011ab60beba73f51c439b300360541df484009c9510ff41ead50,N/A,markdown/text,packet-specific immutable runs; some local receipts only,multiple scoring/rank systems conflict; position-threshold applicability must be explicit,1.0.0
art_35f430424da93497,position|component_name|source_column|receipt_rows|historical_component_status|source_gate_status|decision_date_safe_flag|identity_caveat_flag|leakage_caveat_flag|replay_eligibility_flag|source_hash|source_artifact|use_gate,LATER_OUTCOME_RESEARCH,SUPPORTING_EVIDENCE,,LIVE_HQ,loc_59ea9dd990ba4d84c8bc7cc8,,,,false,true,NO_DUPLICATE_FLAG,NOT_SUPERSEDED,SEPARATE_LEDGER_CONTROLS,REGISTERED_METADATA_ONLY,SOURCE_INVENTORY_SHA256_RECORDED,6dc89112f8b714a112eb94207aba7de318976e963d6b5160e9ae904835d715ea,83,position|component_name|source_column|receipt_rows|historical_component_status|source_gate_status|decision_date_safe_flag|identity_caveat_flag|leakage_caveat_flag|replay_eligibility_flag|source_hash|source_artifact|use_gate,versioned June-July 2026 review snapshots,review-only; formula work paused; current proxy/zero encodings cannot become evidence truth; retain scoring/window semantics,1.0.0
art_3728ef3a07ab3779,py,DRAFT_EVENT,SUPPORTING_EVIDENCE,,LIVE_HQ,loc_c60c4bf581a49634e9b39d11,,,,false,true,NO_DUPLICATE_FLAG,NOT_SUPERSEDED,SEPARATE_LEDGER_CONTROLS,REGISTERED_METADATA_ONLY,SOURCE_INVENTORY_SHA256_RECORDED,9cc3175a45f9077e39ecf55e450cb958cc77aff6c30bf0ace8cfdb9ea6166970,N/A,py,static completed draft events; source timestamps/receipt IDs incomplete in several derivatives,positive draft facts only; missing draft evidence remains unknown; current name+position joins are review-only,1.0.0
art_377a6be08031de9f,markdown/text,DRAFT_EVENT_AND_POST_DRAFT_PRESEASON,SUPERSEDED,,LIVE_HQ,loc_9617f00506bfcaac0ba4e22e,,,,false,true,NO_DUPLICATE_FLAG,SUPERSEDED_RECORDED,SEPARATE_LEDGER_CONTROLS,REGISTERED_METADATA_ONLY,SOURCE_INVENTORY_SHA256_RECORDED,c078b1e0e9f691ee1369df7b4270f2a822256a1286ce644390427a787f866eff,N/A,markdown/text,June 29-30 2026; no uniform row-level source timestamp,published counts may be duplicate-inflated; three distinct current records have no stable candidate ID,1.0.0
art_378ed272a854e5ab,markdown/text,ROOKIE_SEASON_AND_MULTI_YEAR_OUTCOME,SUPPORTING_EVIDENCE,,LIVE_HQ,loc_978f3cad7ffe8764a2061ec4,,,,false,true,NO_DUPLICATE_FLAG,NOT_SUPERSEDED,SEPARATE_LEDGER_CONTROLS,REGISTERED_METADATA_ONLY,SOURCE_INVENTORY_SHA256_RECORDED,f40206b679b03d28b2021cf27f08a08f0125939075a4e78e14b828541596c173,N/A,markdown/text,local run 2026-06-29; latest factual outcome season 2024,drafted-only; link availability differs from usable value availability; incomplete windows are censored,1.0.0
art_37cd912f8a0fcbaa,markdown/text,DRAFT_EVENT,SUPPORTING_EVIDENCE,,LIVE_HQ,loc_dbb268f225c2f8ee214b4fc8,,,,false,true,NO_DUPLICATE_FLAG,NOT_SUPERSEDED,SEPARATE_LEDGER_CONTROLS,REGISTERED_METADATA_ONLY,SOURCE_INVENTORY_SHA256_RECORDED,3d05fb84858973f3b8eee8eb5df30b9c5eec25c4660393f5743e5f6de33084f5,N/A,markdown/text,static completed draft events; source timestamps/receipt IDs incomplete in several derivatives,positive draft facts only; missing draft evidence remains unknown; current name+position joins are review-only,1.0.0
art_380cf2947527590e,markdown/text,CROSS_LIFECYCLE,SUPPORTING_EVIDENCE,,LIVE_HQ,loc_f4b83b77219a74a23d9e894b,,,,false,true,NO_DUPLICATE_FLAG,NOT_SUPERSEDED,SEPARATE_LEDGER_CONTROLS,REGISTERED_METADATA_ONLY,SOURCE_INVENTORY_SHA256_RECORDED,264022f5651549b4421042fa7d74190a31e5def193d1c70ee4cc6a3919e2d9d1,N/A,markdown/text,packet-specific snapshot,authority is limited to the artifact's documented scope,1.0.0
art_3841ab30f48902c6,markdown/text,ROOKIE_SEASON_AND_MULTI_YEAR_OUTCOME,SUPPORTING_EVIDENCE,,LIVE_HQ,loc_2628a8cabb0ced8543a0af34,,,,false,true,NO_DUPLICATE_FLAG,NOT_SUPERSEDED,SEPARATE_LEDGER_CONTROLS,REGISTERED_METADATA_ONLY,SOURCE_INVENTORY_SHA256_RECORDED,e2e380ae8f7126036c3db42f26b79329a1daa7e85bee18e18e5659330eb9ff2a,N/A,markdown/text,local run 2026-06-29; latest factual outcome season 2024,drafted-only; link availability differs from usable value availability; incomplete windows are censored,1.0.0
art_3867da741f5d7b43,season|season_label_rows,ROOKIE_SEASON_AND_MULTI_YEAR_OUTCOME,SUPPORTING_EVIDENCE,,LOCAL_ONLY,loc_961b7ad1880fb586a453595e,,,,false,true,NO_DUPLICATE_FLAG,NOT_SUPERSEDED,SEPARATE_LEDGER_CONTROLS,REGISTERED_METADATA_ONLY,SOURCE_INVENTORY_SHA256_RECORDED,e29b2543ec1e217e548869c84e98a44e6f2b231d1fd926ca88aec2930c93f12a,25,season|season_label_rows,packet-specific immutable runs; some local receipts only,multiple scoring/rank systems conflict; position-threshold applicability must be explicit; not tracked at live HQ HEAD,1.0.0
art_38791ab7b3ea3d46,markdown/text,PROTECTED_FROZEN_GOVERNANCE,CANONICAL_REVIEW_ONLY,,LIVE_HQ,loc_47860c6afe2c36a2603fcf6d,,,,true,false,NO_DUPLICATE_FLAG,NOT_SUPERSEDED,SEPARATE_LEDGER_CONTROLS,REGISTERED_METADATA_ONLY,SOURCE_INVENTORY_SHA256_RECORDED,89f999c38859c770e8fc9180843995bc31ca5dd8dbb6fcbc8a32b44f51c624a4,N/A,markdown/text,frozen 2026-07-10 before outcomes,authority is limited to the artifact's documented scope,1.0.0
art_38b915eb7a2886a3,source_candidate|source_path|tracked_or_shared|row_level_available|row_count|seasons_covered|positions_covered|label_families|identity_columns_present|hit_status_present|censoring_status_present|approval_columns_present|source_as_of_present|sha256|review_use_allowed|label_truth_allowed|model_use_allowed|training_allowed|source_truth_allowed|compact_tracking_allowed|blocker_reason|notes,ROOKIE_SEASON_AND_MULTI_YEAR_OUTCOME,SUPPORTING_EVIDENCE,,LIVE_HQ,loc_63802dc55a2e5234ab1de744,,,,false,true,NO_DUPLICATE_FLAG,NOT_SUPERSEDED,SEPARATE_LEDGER_CONTROLS,REGISTERED_METADATA_ONLY,SOURCE_INVENTORY_SHA256_RECORDED,48c2efffd9cdf46f4feddfde1c661ecc955b1d23c396155225047e43d0a4074b,9,source_candidate|source_path|tracked_or_shared|row_level_available|row_count|seasons_covered|positions_covered|label_families|identity_columns_present|hit_status_present|censoring_status_present|approval_columns_present|source_as_of_present|sha256|review_use_allowed|label_truth_allowed|model_use_allowed|training_allowed|source_truth_allowed|compact_tracking_allowed|blocker_reason|notes,packet-specific immutable runs; some local receipts only,multiple scoring/rank systems conflict; position-threshold applicability must be explicit,1.0.0
art_38c6ebc5d7ae4712,markdown/text,DRAFT_EVENT,SUPPORTING_EVIDENCE,,LIVE_HQ,loc_bff62657087966f19211ff22,,,,false,true,NO_DUPLICATE_FLAG,NOT_SUPERSEDED,SEPARATE_LEDGER_CONTROLS,REGISTERED_METADATA_ONLY,SOURCE_INVENTORY_SHA256_RECORDED,21272945e2a7cb57d4860cc30e3b6294c27fcf0ce1a20f5225168d6a6fca39c6,N/A,markdown/text,static completed draft events; source timestamps/receipt IDs incomplete in several derivatives,positive draft facts only; missing draft evidence remains unknown; current name+position joins are review-only,1.0.0
art_391cc362ed6cc428,py,PRODUCT_CONSUMER,SUPPORTING_EVIDENCE,,LIVE_HQ,loc_73eba39c0297e1da824e9c19,,,,false,true,NO_DUPLICATE_FLAG,NOT_SUPERSEDED,SEPARATE_LEDGER_CONTROLS,REGISTERED_METADATA_ONLY,SOURCE_INVENTORY_SHA256_RECORDED,33ba79d3b1eb5840f70768e92aab8885761ef4bd9d2de7fdb782dda88e2fa8f2,N/A,py,live HQ at starting commit,authority is limited to the artifact's documented scope,1.0.0
art_39320791132062dc,markdown/text,ROOKIE_SEASON_AND_MULTI_YEAR_OUTCOME,SUPPORTING_EVIDENCE,,LOCAL_ONLY,loc_3162ab029a6869f89882f9fc,,,,false,true,NO_DUPLICATE_FLAG,NOT_SUPERSEDED,SEPARATE_LEDGER_CONTROLS,REGISTERED_METADATA_ONLY,SOURCE_INVENTORY_SHA256_RECORDED,d5ebd6c3a1443d36ef1f2ca859895aeb0112089979ea9f71bcb93fa73b0058c8,N/A,markdown/text,packet-specific 2026 receipts,not tracked at live HQ HEAD,1.0.0
art_39cbb4b0407340f4,algorithm_id|algorithm_family|algorithm_name|development_composite_score|development_next_points_spearman|development_future3_spearman|development_rank_mae|development_top_precision|development_top_recall|development_bust_avoidance|development_cornerstone_safety|holdout_composite_score|holdout_next_points_spearman|holdout_rank_mae|stress_2025_next_points_spearman|complexity_score|winner_selection_basis|beats_simple_baseline_multiple_checks|finalist_selection_note,ROOKIE_SEASON_AND_MULTI_YEAR_OUTCOME,SUPPORTING_EVIDENCE,,LOCAL_ONLY,loc_2d3d2ce7c077fc7c6e217177,,,,false,true,NO_DUPLICATE_FLAG,NOT_SUPERSEDED,SEPARATE_LEDGER_CONTROLS,REGISTERED_METADATA_ONLY,SOURCE_INVENTORY_SHA256_RECORDED,7337efc153406e5399a1150c5582885c6c9dd53520491d23ca75ed821291d287,33,algorithm_id|algorithm_family|algorithm_name|development_composite_score|development_next_points_spearman|development_future3_spearman|development_rank_mae|development_top_precision|development_top_recall|development_bust_avoidance|development_cornerstone_safety|holdout_composite_score|holdout_next_points_spearman|holdout_rank_mae|stress_2025_next_points_spearman|complexity_score|winner_selection_basis|beats_simple_baseline_multiple_checks|finalist_selection_note,packet-specific 2026 receipts,not tracked at live HQ HEAD,1.0.0
art_3a39fd37790c5c02,player_id|player_name|position|team|rookie_class_year|draft_year|draft_round|draft_pick|overall_pick|drafted_team|draft_capital_bucket|draft_capital_value|draft_capital_value_method|draft_capital_source|draft_capital_provenance|draft_capital_status|is_udfa|udfa_status_source|data_quality_status|review_only|model_use_allowed|training_allowed,DRAFT_EVENT,DUPLICATE_EQUIVALENT,,LOCAL_ONLY,loc_20d8f1cbca2b58e7b8237ee9,,,,false,true,DUPLICATE_RECORDED,NOT_SUPERSEDED,SEPARATE_LEDGER_CONTROLS,REGISTERED_METADATA_ONLY,SOURCE_INVENTORY_SHA256_RECORDED,bd07b1f5a8c6dd6197bb06a700d54d2b110167d8279597a354114b7ffaf2bcce,157,player_id|player_name|position|team|rookie_class_year|draft_year|draft_round|draft_pick|overall_pick|drafted_team|draft_capital_bucket|draft_capital_value|draft_capital_value_method|draft_capital_source|draft_capital_provenance|draft_capital_status|is_udfa|udfa_status_source|data_quality_status|review_only|model_use_allowed|training_allowed,static completed draft events; source timestamps/receipt IDs incomplete in several derivatives,contains 50 exact duplicate row groups / 50 excess rows; no dedup performed; positive draft facts only; missing draft evidence remains unknown; current name+position joins are review-only; not tracked at live HQ HEAD,1.0.0
art_3a557122644ad160,draft_year|position|drafted_count|rookie_year_label_count|2y_label_count|3y_label_count|5y_label_count|missing_label_count|incomplete_window_count|notes|review_only|model_use_allowed|training_allowed,ROOKIE_SEASON_AND_MULTI_YEAR_OUTCOME,SUPPORTING_EVIDENCE,,LIVE_HQ,loc_a967b246c82bee0455aa3985,,,,false,true,NO_DUPLICATE_FLAG,NOT_SUPERSEDED,SEPARATE_LEDGER_CONTROLS,REGISTERED_METADATA_ONLY,SOURCE_INVENTORY_SHA256_RECORDED,25fa1fbfbcab06529a24d8835a14f648152cab8c7f78b4df33f92e45329ddb33,100,draft_year|position|drafted_count|rookie_year_label_count|2y_label_count|3y_label_count|5y_label_count|missing_label_count|incomplete_window_count|notes|review_only|model_use_allowed|training_allowed,local run 2026-06-29; latest factual outcome season 2024,drafted-only; link availability differs from usable value availability; incomplete windows are censored,1.0.0
art_3a8793e93a1bfc71,markdown/text,PRODUCT_CONSUMER,SUPPORTING_EVIDENCE,,LIVE_HQ,loc_f819f25339b6f20dd7a69dbe,,,,false,true,NO_DUPLICATE_FLAG,NOT_SUPERSEDED,SEPARATE_LEDGER_CONTROLS,REGISTERED_METADATA_ONLY,SOURCE_INVENTORY_SHA256_RECORDED,ba847623ccf8750d975756c14c110b2c03017ce1d4788c3d0ce494edfbabc31e,N/A,markdown/text,live HQ at starting commit,authority is limited to the artifact's documented scope,1.0.0
art_3abffc9ad0c8ac72,markdown/text,DRAFT_EVENT,SUPPORTING_EVIDENCE,,LIVE_HQ,loc_702a58cf8d821c3db894ec44,,,,false,true,NO_DUPLICATE_FLAG,NOT_SUPERSEDED,SEPARATE_LEDGER_CONTROLS,REGISTERED_METADATA_ONLY,SOURCE_INVENTORY_SHA256_RECORDED,6eb545aed442dec4ff58fa54b6dfc7243765788c322b7721ba083c60396c63da,N/A,markdown/text,June 30 2026 packet snapshots,likely/confirmed-review-only must not be treated as verified undrafted truth,1.0.0
art_3acbe34afb8d12a4,source_name|provider_group|lead_type|final_classification|route_denominator_signal|identity_signal|coverage_signal|permission_status|reproducibility_status|production_status|reopen_condition|notes,ROOKIE_SEASON_AND_MULTI_YEAR_OUTCOME,SUPPORTING_EVIDENCE,,LIVE_HQ,loc_06d0d4d51f783365d81479b3,,,,false,true,NO_DUPLICATE_FLAG,NOT_SUPERSEDED,SEPARATE_LEDGER_CONTROLS,REGISTERED_METADATA_ONLY,SOURCE_INVENTORY_SHA256_RECORDED,419ce3c647d6e78aa921b93404970c1fe877b28bab72937d8d4e59bea096bb34,15,source_name|provider_group|lead_type|final_classification|route_denominator_signal|identity_signal|coverage_signal|permission_status|reproducibility_status|production_status|reopen_condition|notes,packet-specific 2026 receipts,authority is limited to the artifact's documented scope,1.0.0
art_3b4e9f758774b03b,markdown/text,PROTECTED_FROZEN_GOVERNANCE,CANONICAL_REVIEW_ONLY,,LIVE_HQ,loc_8d5506cf91e99775ec659aaa,,,,true,false,NO_DUPLICATE_FLAG,NOT_SUPERSEDED,SEPARATE_LEDGER_CONTROLS,REGISTERED_METADATA_ONLY,SOURCE_INVENTORY_SHA256_RECORDED,b5795b8b133a29d8b6644e697f0391101cf2687e2537aa57c44dae079996fdf4,N/A,markdown/text,frozen 2026-07-10 before outcomes,authority is limited to the artifact's documented scope,1.0.0
art_3b65f532866376cf,markdown/text,PRODUCT_CONSUMER,SUPPORTING_EVIDENCE,,LIVE_HQ,loc_7478caa86389a084261acecf,,,,false,true,NO_DUPLICATE_FLAG,NOT_SUPERSEDED,SEPARATE_LEDGER_CONTROLS,REGISTERED_METADATA_ONLY,SOURCE_INVENTORY_SHA256_RECORDED,898733df88256185f2b4ce747b320c2f971e4a8617321fbcc4db3473b3d79f2d,N/A,markdown/text,live HQ at starting commit,authority is limited to the artifact's documented scope,1.0.0
art_3b790641f555eeeb,markdown/text,GOVERNANCE,SUPPORTING_EVIDENCE,,LIVE_HQ,loc_8631f3f13be6cba1fb6cc8e8,,,,false,true,NO_DUPLICATE_FLAG,NOT_SUPERSEDED,SEPARATE_LEDGER_CONTROLS,REGISTERED_METADATA_ONLY,SOURCE_INVENTORY_SHA256_RECORDED,0d813557f907e5e1ddb11d43e821aa4085cf8ab15ef6fd3664d7c3c19bfd7de7,N/A,markdown/text,canonical closeout at starting HEAD,authority is limited to the artifact's documented scope,1.0.0
art_3b85630329765ee8,markdown/text,DRAFT_EVENT,SUPPORTING_EVIDENCE,,LIVE_HQ,loc_a756eb39bdd6165693a439b4,,,,false,true,NO_DUPLICATE_FLAG,NOT_SUPERSEDED,SEPARATE_LEDGER_CONTROLS,REGISTERED_METADATA_ONLY,SOURCE_INVENTORY_SHA256_RECORDED,728ce856d642e67a2bdca87739be8f11279d05541aad96f0ed8c764942806e68,N/A,markdown/text,static completed draft events; source timestamps/receipt IDs incomplete in several derivatives,positive draft facts only; missing draft evidence remains unknown; current name+position joins are review-only,1.0.0
art_3bffb8867e15f2a1,markdown/text,PRODUCT_CONSUMER,SUPPORTING_EVIDENCE,,LIVE_HQ,loc_577990c0b92d77e86cd3c003,,,,false,true,NO_DUPLICATE_FLAG,NOT_SUPERSEDED,SEPARATE_LEDGER_CONTROLS,REGISTERED_METADATA_ONLY,SOURCE_INVENTORY_SHA256_RECORDED,78f92ee0261ee0d8638b30c39235f6b91b0592426a53fa15bab7b90f47d50327,N/A,markdown/text,live HQ at starting commit,authority is limited to the artifact's documented scope,1.0.0
art_3c00275ef0a877f6,markdown/text,ROOKIE_SEASON_AND_MULTI_YEAR_OUTCOME,SUPPORTING_EVIDENCE,,LIVE_HQ,loc_f3dc5a6efc0de404b99cc00c,,,,false,true,NO_DUPLICATE_FLAG,NOT_SUPERSEDED,SEPARATE_LEDGER_CONTROLS,REGISTERED_METADATA_ONLY,SOURCE_INVENTORY_SHA256_RECORDED,4f1bbdeb58d6a583dcc8e4721b728e4937b92099fbf82e0fde5b939eed26a5d6,N/A,markdown/text,packet-specific immutable runs; some local receipts only,multiple scoring/rank systems conflict; position-threshold applicability must be explicit,1.0.0
art_3c26603ecaf3d6c6,markdown/text,CROSS_LIFECYCLE,SUPPORTING_EVIDENCE,,LIVE_HQ,loc_4e38746834db796ea4080952,,,,false,true,NO_DUPLICATE_FLAG,NOT_SUPERSEDED,SEPARATE_LEDGER_CONTROLS,REGISTERED_METADATA_ONLY,SOURCE_INVENTORY_SHA256_RECORDED,58f922f3ab17b784aeaa60500c8ca6c2fb104a146034a75fe420010f0c154781,N/A,markdown/text,packet-specific snapshot,authority is limited to the artifact's documented scope,1.0.0
art_3c5123e44c0dda2d,markdown/text,ROOKIE_SEASON_AND_MULTI_YEAR_OUTCOME,SUPPORTING_EVIDENCE,,LIVE_HQ,loc_98a160b3158446ba2a2f3df5,,,,false,true,NO_DUPLICATE_FLAG,NOT_SUPERSEDED,SEPARATE_LEDGER_CONTROLS,REGISTERED_METADATA_ONLY,SOURCE_INVENTORY_SHA256_RECORDED,14fa805d3e276c608d262041173f525cf0d4a993ccb9b67598fba6fb0a06c58e,N/A,markdown/text,packet-specific immutable runs; some local receipts only,multiple scoring/rank systems conflict; position-threshold applicability must be explicit,1.0.0
art_3c9dea34cb328db1,player_id|player_name|position|team|rookie_class_year|draft_year|draft_round|draft_pick|overall_pick|draft_capital_bucket|udffa_or_undrafted_status|identity_status|draft_capital_status|feature_coverage_status|model_rd_status|validation_status|display_status|data_quality_status|source_provenance_status|repair_action|repair_confidence|rookie_year_top_12_review_display_rate|rookie_year_top_24_review_display_rate|rookie_year_top_36_review_display_rate|year_2_top_12_review_display_rate|year_2_top_24_review_display_rate|year_2_top_36_review_display_rate|first_3y_top_12_review_display_rate|first_3y_top_24_review_display_rate|first_3y_top_36_review_display_rate|...(+12 columns),DRAFT_EVENT,DUPLICATE_EQUIVALENT,,LIVE_HQ,loc_40be465b04deebbf76c6af6d,,,,false,true,DUPLICATE_RECORDED,SUPERSEDED_RECORDED,SEPARATE_LEDGER_CONTROLS,REGISTERED_METADATA_ONLY,SOURCE_INVENTORY_SHA256_RECORDED,0cbaac4398ca8d609b0c4ab0b38405fc8fb0459f0bc434149d9ebe1554267be6,157,player_id|player_name|position|team|rookie_class_year|draft_year|draft_round|draft_pick|overall_pick|draft_capital_bucket|udffa_or_undrafted_status|identity_status|draft_capital_status|feature_coverage_status|model_rd_status|validation_status|display_status|data_quality_status|source_provenance_status|repair_action|repair_confidence|rookie_year_top_12_review_display_rate|rookie_year_top_24_review_display_rate|rookie_year_top_36_review_display_rate|year_2_top_12_review_display_rate|year_2_top_24_review_display_rate|year_2_top_36_review_display_rate|first_3y_top_12_review_display_rate|first_3y_top_24_review_display_rate|first_3y_top_36_review_display_rate|...(+12 columns),static completed draft events; source timestamps/receipt IDs incomplete in several derivatives,contains 50 exact duplicate row groups / 50 excess rows; no dedup performed; positive draft facts only; missing draft evidence remains unknown; current name+position joins are review-only,1.0.0
art_3cdba0e28c107ea0,markdown/text,ROOKIE_SEASON_AND_MULTI_YEAR_OUTCOME,SUPPORTING_EVIDENCE,,LIVE_HQ,loc_2b2054e4787e80a6dcfc315b,,,,false,true,NO_DUPLICATE_FLAG,NOT_SUPERSEDED,SEPARATE_LEDGER_CONTROLS,REGISTERED_METADATA_ONLY,SOURCE_INVENTORY_SHA256_RECORDED,0100a052e9fef5b23e603411d1659f6c46dc7cb5a8c3550393a0d61b2e116edc,N/A,markdown/text,packet-specific 2026 receipts,authority is limited to the artifact's documented scope,1.0.0
art_3d5d5db7921d341d,markdown/text,DRAFT_EVENT,SUPPORTING_EVIDENCE,,LIVE_HQ,loc_aea88f6c988679a75b854563,,,,false,true,NO_DUPLICATE_FLAG,NOT_SUPERSEDED,SEPARATE_LEDGER_CONTROLS,REGISTERED_METADATA_ONLY,SOURCE_INVENTORY_SHA256_RECORDED,c696d009c7927f3d75c66cd3993927d0aaa6f36dc72e84ca8fb22324773afef4,N/A,markdown/text,static completed draft events; source timestamps/receipt IDs incomplete in several derivatives,positive draft facts only; missing draft evidence remains unknown; current name+position joins are review-only,1.0.0
art_3d64d9dbfd0c743f,plugin|capability|aggregate_observation|canonical_reliability|permitted_manual_use|prohibited_authoritative_use|required_caveat,GOVERNANCE,SUPPORTING_EVIDENCE,,LIVE_HQ,loc_335779299fa62054441f2b75,,,,false,true,NO_DUPLICATE_FLAG,NOT_SUPERSEDED,SEPARATE_LEDGER_CONTROLS,REGISTERED_METADATA_ONLY,SOURCE_INVENTORY_SHA256_RECORDED,6bba71527b74d991c97f02c329820ff272f0c537f8274e562a496ccca0fc72fe,15,plugin|capability|aggregate_observation|canonical_reliability|permitted_manual_use|prohibited_authoritative_use|required_caveat,canonical closeout at starting HEAD,authority is limited to the artifact's documented scope,1.0.0
art_3d9b670d9483ffc8,py,PRE_DRAFT,SOURCE_UNADMITTED,,LIVE_HQ,loc_fe31adc1c49386a47d815ea9,,,,false,true,NO_DUPLICATE_FLAG,NOT_SUPERSEDED,SEPARATE_LEDGER_CONTROLS,REGISTERED_METADATA_ONLY,SOURCE_INVENTORY_SHA256_RECORDED,7f9a0a25724cdd63983de3d22606f8ed5b288334b84ec4763695987a50aacda8,N/A,py,run 2026-06-26; mutable source; row-level as-of incomplete,"raw cache remains outside Git; rights, hashes, and production gates are incomplete",1.0.0
art_3db3e979254ef0b0,season|player_id|player_name|position|position_group|team|model_position_supported|games_played|games_played_source|games_with_stats|available_game_count_fields|completions|attempts|passing_yards|passing_tds|interceptions|passing_first_downs|passing_2pt_conversions|carries|rushing_yards|rushing_tds|rushing_first_downs|rushing_2pt_conversions|receptions|targets|receiving_yards|receiving_tds|receiving_first_downs|receiving_2pt_conversions|fumbles_lost|...(+22 columns),ROOKIE_SEASON_AND_MULTI_YEAR_OUTCOME,SUPPORTING_EVIDENCE,,LOCAL_ONLY,loc_fad06fe8525e86349a272230,,,,false,true,NO_DUPLICATE_FLAG,NOT_SUPERSEDED,SEPARATE_LEDGER_CONTROLS,REGISTERED_METADATA_ONLY,SOURCE_INVENTORY_SHA256_RECORDED,4478cb40b369bfd56656b34e6e892463b6d24b7a08b53a461f7fb9f96bf77a5c,16478,season|player_id|player_name|position|position_group|team|model_position_supported|games_played|games_played_source|games_with_stats|available_game_count_fields|completions|attempts|passing_yards|passing_tds|interceptions|passing_first_downs|passing_2pt_conversions|carries|rushing_yards|rushing_tds|rushing_first_downs|rushing_2pt_conversions|receptions|targets|receiving_yards|receiving_tds|receiving_first_downs|receiving_2pt_conversions|fumbles_lost|...(+22 columns),packet-specific 2026 receipts,not tracked at live HQ HEAD,1.0.0
art_3ddc691509339e36,lifecycle|variant_id|reference_id|formula_id|scoreboard_window|rows_tested|variant_applied_rows|misses_before|misses_after|net_miss_reduction|false_positives_before|false_positives_after|false_negatives_before|false_negatives_after,LATER_OUTCOME_RESEARCH,SUPPORTING_EVIDENCE,,LIVE_HQ,loc_f87c1ec54f02abd5618f8c5f,,,,false,true,NO_DUPLICATE_FLAG,NOT_SUPERSEDED,SEPARATE_LEDGER_CONTROLS,REGISTERED_METADATA_ONLY,SOURCE_INVENTORY_SHA256_RECORDED,25a199abcb5e1f2dc69c5dd67a5674da8f5af33bab4050a36893b1666c1a1117,500,lifecycle|variant_id|reference_id|formula_id|scoreboard_window|rows_tested|variant_applied_rows|misses_before|misses_after|net_miss_reduction|false_positives_before|false_positives_after|false_negatives_before|false_negatives_after,July 9 2026 research snapshots,authority is limited to the artifact's documented scope,1.0.0
art_3e4e92d189022205,markdown/text,PRE_DRAFT_TO_MULTI_YEAR_LEGACY,SUPPORTING_EVIDENCE,,LIVE_HQ,loc_7065f8fbf6be05bfecb22c17,,,,false,true,NO_DUPLICATE_FLAG,NOT_SUPERSEDED,SEPARATE_LEDGER_CONTROLS,REGISTERED_METADATA_ONLY,SOURCE_INVENTORY_SHA256_RECORDED,b07bbdcbee9a3e5d6abc391d381c4f84074eeb86ad9583579e88ebc0760d76dc,N/A,markdown/text,legacy baseline; superseded by June 29-30 review-only gates,legacy source/use claims are superseded; provider content and name-key joins are restricted,1.0.0
art_3e619474ccd088d1,markdown/text,ROOKIE_SEASON_AND_MULTI_YEAR_OUTCOME,SUPPORTING_EVIDENCE,,LIVE_HQ,loc_597ad25e85e79791198e1826,,,,false,true,NO_DUPLICATE_FLAG,NOT_SUPERSEDED,SEPARATE_LEDGER_CONTROLS,REGISTERED_METADATA_ONLY,SOURCE_INVENTORY_SHA256_RECORDED,731b6ff43fd31a160d4a8f35120f2f47c1d510f0e59d79655b24a99b3bf0f5da,N/A,markdown/text,packet-specific immutable runs; some local receipts only,multiple scoring/rank systems conflict; position-threshold applicability must be explicit,1.0.0
art_3e6cfa46c80bef4d,markdown/text,PRODUCT_CONSUMER,SUPPORTING_EVIDENCE,,LIVE_HQ,loc_60e90ea6416ca15b6ecd8328,,,,false,true,NO_DUPLICATE_FLAG,NOT_SUPERSEDED,SEPARATE_LEDGER_CONTROLS,REGISTERED_METADATA_ONLY,SOURCE_INVENTORY_SHA256_RECORDED,88d2ed9245e6b7faf27fcb5419b0c58835ba599a8587dc0ed2d341666e9c0f93,N/A,markdown/text,live HQ at starting commit,authority is limited to the artifact's documented scope,1.0.0
art_3f07893fb0c70489,markdown/text,ROOKIE_SEASON_AND_MULTI_YEAR_OUTCOME,SUPPORTING_EVIDENCE,,LIVE_HQ,loc_79d0577773441bcbf605ba64,,,,false,true,NO_DUPLICATE_FLAG,NOT_SUPERSEDED,SEPARATE_LEDGER_CONTROLS,REGISTERED_METADATA_ONLY,SOURCE_INVENTORY_SHA256_RECORDED,fe908a2eb9fd329813b2e0f03aed59e458497b6f6bc07f0a3be1677fcdf3be5b,N/A,markdown/text,packet-specific immutable runs; some local receipts only,multiple scoring/rank systems conflict; position-threshold applicability must be explicit,1.0.0
art_3f1b3d2b41c9ea27,py,PRODUCT_CONSUMER,SUPPORTING_EVIDENCE,,LIVE_HQ,loc_26fde4422fc3d7699aef3c10,,,,false,true,NO_DUPLICATE_FLAG,NOT_SUPERSEDED,SEPARATE_LEDGER_CONTROLS,REGISTERED_METADATA_ONLY,SOURCE_INVENTORY_SHA256_RECORDED,b053798e1cd9cc1ccbb116bf7d68e7f115af0128fc72ecdd886be51c57d4149e,N/A,py,live HQ at starting commit,authority is limited to the artifact's documented scope,1.0.0
art_3f2cafbd740f13dd,response_id|provider|provider_category|contact_name|contact_email|sender|date_sent|date_received|message_artifact_used|attachments_received|raw_data_received|raw_data_handling_status|response_summary|classification|permission_language_present|actual_routes_run_confirmed|wr_coverage_confirmed|te_coverage_confirmed|rb_coverage_confirmed|season_grain_available|week_or_game_grain_available|stable_player_id_available|field_dictionary_available|historical_coverage_documented|missingness_documented|provenance_or_checksum_available|api_or_export_available|storage_allowed|derived_yprr_tprr_allowed|model_or_training_use_allowed|...(+7 columns),ROOKIE_SEASON_AND_MULTI_YEAR_OUTCOME,SUPPORTING_EVIDENCE,,LIVE_HQ,loc_0f8ca50c21d82af3614cb621,,,,false,true,NO_DUPLICATE_FLAG,NOT_SUPERSEDED,SEPARATE_LEDGER_CONTROLS,REGISTERED_METADATA_ONLY,SOURCE_INVENTORY_SHA256_RECORDED,3b5fde72de1cc036fad6f1b140bf07baa3c7376eba65ba8ca4f170c41c112be2,1,response_id|provider|provider_category|contact_name|contact_email|sender|date_sent|date_received|message_artifact_used|attachments_received|raw_data_received|raw_data_handling_status|response_summary|classification|permission_language_present|actual_routes_run_confirmed|wr_coverage_confirmed|te_coverage_confirmed|rb_coverage_confirmed|season_grain_available|week_or_game_grain_available|stable_player_id_available|field_dictionary_available|historical_coverage_documented|missingness_documented|provenance_or_checksum_available|api_or_export_available|storage_allowed|derived_yprr_tprr_allowed|model_or_training_use_allowed|...(+7 columns),packet-specific 2026 receipts,authority is limited to the artifact's documented scope,1.0.0
art_3fabe56e14acd015,markdown/text,DRAFT_EVENT,SUPPORTING_EVIDENCE,,LIVE_HQ,loc_87f16ff9b9a848c4890884a8,,,,false,true,NO_DUPLICATE_FLAG,NOT_SUPERSEDED,SEPARATE_LEDGER_CONTROLS,REGISTERED_METADATA_ONLY,SOURCE_INVENTORY_SHA256_RECORDED,e47e593c4e9f5c213d56677fb50955df84f17590378c01f7d23ee72cafda2232,N/A,markdown/text,June 30 2026 packet snapshots,likely/confirmed-review-only must not be treated as verified undrafted truth,1.0.0
art_3ff7c827bf4fbcd6,markdown/text,ROOKIE_SEASON_AND_MULTI_YEAR_OUTCOME,SUPPORTING_EVIDENCE,,LIVE_HQ,loc_e0a229550871a92b348acaf3,,,,false,true,NO_DUPLICATE_FLAG,NOT_SUPERSEDED,SEPARATE_LEDGER_CONTROLS,REGISTERED_METADATA_ONLY,SOURCE_INVENTORY_SHA256_RECORDED,4ed4c29becd9063d358e38ae983197b81c16888ecde73a16ac1b476926c2d9ff,N/A,markdown/text,packet-specific 2026 receipts,authority is limited to the artifact's documented scope,1.0.0
art_3ffb8e253aa3815d,markdown/text,PRODUCT_CONSUMER,SUPPORTING_EVIDENCE,,LIVE_HQ,loc_45509c14401c5fadf8c60210,,,,false,true,NO_DUPLICATE_FLAG,NOT_SUPERSEDED,SEPARATE_LEDGER_CONTROLS,REGISTERED_METADATA_ONLY,SOURCE_INVENTORY_SHA256_RECORDED,d0256bb8691d2394315a718bcbcc41c9ab3e49ce9a94d9c2b0aa35f6def2e922,N/A,markdown/text,live HQ at starting commit,authority is limited to the artifact's documented scope,1.0.0
art_4040cba18bdb6434,markdown/text,PRODUCT_CONSUMER,SUPPORTING_EVIDENCE,,LIVE_HQ,loc_be98181fb652a4bfa079f60b,,,,false,true,NO_DUPLICATE_FLAG,NOT_SUPERSEDED,SEPARATE_LEDGER_CONTROLS,REGISTERED_METADATA_ONLY,SOURCE_INVENTORY_SHA256_RECORDED,4b45e2df3ac87eb5cafd0d2208f1b9c94d4c08ea3aeedb38083747f6d2276180,N/A,markdown/text,live HQ at starting commit,authority is limited to the artifact's documented scope,1.0.0
art_4058d91114f3f611,row_type|field_id|recommendation_status|best_feature_set|complete_rows|positive_count|reason|review_only|app_wiring_allowed|model_use_allowed,ROOKIE_SEASON_AND_MULTI_YEAR_OUTCOME,SUPPORTING_EVIDENCE,,LOCAL_ONLY,loc_ae4a0ae2fc230bf2349a7877,,,,false,true,NO_DUPLICATE_FLAG,NOT_SUPERSEDED,SEPARATE_LEDGER_CONTROLS,REGISTERED_METADATA_ONLY,SOURCE_INVENTORY_SHA256_RECORDED,91923d640601eb50e3cd98e5a58144a977bb7e4e099cf0c1618677ffdbd441f8,5,row_type|field_id|recommendation_status|best_feature_set|complete_rows|positive_count|reason|review_only|app_wiring_allowed|model_use_allowed,packet-specific immutable runs; some local receipts only,multiple scoring/rank systems conflict; position-threshold applicability must be explicit; not tracked at live HQ HEAD,1.0.0
art_40697d9645c58f0e,season|rookie_pick_number|team|player|position|source|confidence|provenance_note|needs_traded_pick_review,PRE_DRAFT_TO_MULTI_YEAR_LEGACY,SUPPORTING_EVIDENCE,,LIVE_HQ,loc_27d3f59e5a448e3c5828de90,,,,false,true,NO_DUPLICATE_FLAG,NOT_SUPERSEDED,SEPARATE_LEDGER_CONTROLS,REGISTERED_METADATA_ONLY,SOURCE_INVENTORY_SHA256_RECORDED,68074bae3861d18f4c8fece7c331a78e9e1d2a18ef5a28eee22d6f413b9f7ed2,20,season|rookie_pick_number|team|player|position|source|confidence|provenance_note|needs_traded_pick_review,legacy baseline; superseded by June 29-30 review-only gates,legacy source/use claims are superseded; provider content and name-key joins are restricted,1.0.0
art_40f85fa3bb72ecfb,Model / Signal / Baseline|Scope|Metric|Result|Beat Baseline?|Caveat,LATER_OUTCOME_RESEARCH,SUPPORTING_EVIDENCE,,LIVE_HQ,loc_d9b505e1d797c1ebade78aab,,,,false,true,NO_DUPLICATE_FLAG,NOT_SUPERSEDED,SEPARATE_LEDGER_CONTROLS,REGISTERED_METADATA_ONLY,SOURCE_INVENTORY_SHA256_RECORDED,10e70494964035acc94d7b7cffdb4335f861cf8044dffdeec69c0ce35e9d5a07,20,Model / Signal / Baseline|Scope|Metric|Result|Beat Baseline?|Caveat,versioned June-July 2026 review snapshots,review-only; formula work paused; current proxy/zero encodings cannot become evidence truth; retain scoring/window semantics,1.0.0
art_4107078ad2b32522,markdown/text,DRAFT_EVENT,SUPPORTING_EVIDENCE,,LIVE_HQ,loc_06ddfd3ebaf650339192a466,,,,false,true,NO_DUPLICATE_FLAG,NOT_SUPERSEDED,SEPARATE_LEDGER_CONTROLS,REGISTERED_METADATA_ONLY,SOURCE_INVENTORY_SHA256_RECORDED,f72597904e340d5eeec110eca85e477bf54068a71f7efc260fbc83d40da9ce95,N/A,markdown/text,static completed draft events; source timestamps/receipt IDs incomplete in several derivatives,positive draft facts only; missing draft evidence remains unknown; current name+position joins are review-only,1.0.0
art_41aea0b694b38651,markdown/text,ROOKIE_SEASON_AND_MULTI_YEAR_OUTCOME,SUPPORTING_EVIDENCE,,LIVE_HQ,loc_a27c35480ff471b42546e7e0,,,,false,true,NO_DUPLICATE_FLAG,NOT_SUPERSEDED,SEPARATE_LEDGER_CONTROLS,REGISTERED_METADATA_ONLY,SOURCE_INVENTORY_SHA256_RECORDED,020c21bf634efeb7b60e614fdbf0fceb86bd198fd9df0bf85bd48be75cbf51dd,N/A,markdown/text,packet-specific immutable runs; some local receipts only,multiple scoring/rank systems conflict; position-threshold applicability must be explicit,1.0.0
art_42e89a2c397115cf,run_id|run_timestamp|source_rows|candidate_rows|exact_match_count|strong_candidate_count|possible_candidate_count|ambiguous_count|unmatched_count|high_confidence_count|medium_confidence_count|low_confidence_count|unknown_confidence_count|review_required_count|review_required|model_use_allowed|training_allowed|notes,CROSS_LIFECYCLE_IDENTITY,IDENTITY_UNRESOLVED,,LIVE_HQ,loc_698ef7e186a699c750b03ff2,,,,false,true,NO_DUPLICATE_FLAG,NOT_SUPERSEDED,SEPARATE_LEDGER_CONTROLS,REGISTERED_METADATA_ONLY,SOURCE_INVENTORY_SHA256_RECORDED,ec44af55fd4a9b957f262ad8232c1641a315f127351ba88f16d534816b306716,1,run_id|run_timestamp|source_rows|candidate_rows|exact_match_count|strong_candidate_count|possible_candidate_count|ambiguous_count|unmatched_count|high_confidence_count|medium_confidence_count|low_confidence_count|unknown_confidence_count|review_required_count|review_required|model_use_allowed|training_allowed|notes,2026-06-26 to 2026-06-29 review snapshots,human review approval is review-only; normalized name/position is not controlling identity,1.0.0
art_43bba287465a4763,py,CROSS_LIFECYCLE,SUPPORTING_EVIDENCE,,LIVE_HQ,loc_2eb0bf3e8b346f719a64b858,,,,false,true,NO_DUPLICATE_FLAG,NOT_SUPERSEDED,SEPARATE_LEDGER_CONTROLS,REGISTERED_METADATA_ONLY,SOURCE_INVENTORY_SHA256_RECORDED,e4497a6e442caeb9bf25acbfb844bd51b5bf73ba6cccde6f9f278d5f67396540,N/A,py,packet-specific snapshot,authority is limited to the artifact's documented scope,1.0.0
art_445847c64dce2585,player_name|position|rookie_class_year|draft_year|draft_round|overall_pick|drafted_team|entry_status|has_rookie_year_label|has_2y_label|has_3y_label|has_5y_label|outcome_window_status|censoring_status|blocker_reason|review_only|model_use_allowed|training_allowed,ROOKIE_SEASON_AND_MULTI_YEAR_OUTCOME,SUPPORTING_EVIDENCE,,LIVE_HQ,loc_6275404ba42269e993c3b5f6,,,,false,true,NO_DUPLICATE_FLAG,NOT_SUPERSEDED,SEPARATE_LEDGER_CONTROLS,REGISTERED_METADATA_ONLY,SOURCE_INVENTORY_SHA256_RECORDED,a62a998fcdf5d214b82f6365d09a493cc014a091cb989a69d2639c22018a402d,1999,player_name|position|rookie_class_year|draft_year|draft_round|overall_pick|drafted_team|entry_status|has_rookie_year_label|has_2y_label|has_3y_label|has_5y_label|outcome_window_status|censoring_status|blocker_reason|review_only|model_use_allowed|training_allowed,local run 2026-06-29; latest factual outcome season 2024,drafted-only; link availability differs from usable value availability; incomplete windows are censored,1.0.0
art_4488fab64d0f118d,markdown/text,ROOKIE_SEASON_AND_MULTI_YEAR_OUTCOME,SUPPORTING_EVIDENCE,,LIVE_HQ,loc_5af25617a51258a9252a9e05,,,,false,true,NO_DUPLICATE_FLAG,NOT_SUPERSEDED,SEPARATE_LEDGER_CONTROLS,REGISTERED_METADATA_ONLY,SOURCE_INVENTORY_SHA256_RECORDED,712f3940e71d177d4ce855224aad8a84ab1e0372bfb6f24aed1fbeb38b47dcdf,N/A,markdown/text,packet-specific immutable runs; some local receipts only,multiple scoring/rank systems conflict; position-threshold applicability must be explicit,1.0.0
art_44bdb5162664e609,markdown/text,ROOKIE_SEASON_AND_MULTI_YEAR_OUTCOME,SUPPORTING_EVIDENCE,,LIVE_HQ,loc_466dcf7c37a69949e859cfc7,,,,false,true,NO_DUPLICATE_FLAG,NOT_SUPERSEDED,SEPARATE_LEDGER_CONTROLS,REGISTERED_METADATA_ONLY,SOURCE_INVENTORY_SHA256_RECORDED,4a0c1c5cde71bbc490d3cac2732d87a07d5766c6df9648b78ca0c31cb90ad322,N/A,markdown/text,packet-specific 2026 receipts,authority is limited to the artifact's documented scope,1.0.0
art_44cf7751fbd7f531,markdown/text,ROOKIE_SEASON_AND_MULTI_YEAR_OUTCOME,SUPPORTING_EVIDENCE,,LIVE_HQ,loc_b9cb2f0348baa5b90405b306,,,,false,true,NO_DUPLICATE_FLAG,NOT_SUPERSEDED,SEPARATE_LEDGER_CONTROLS,REGISTERED_METADATA_ONLY,SOURCE_INVENTORY_SHA256_RECORDED,c55e35ac3c1281a56d75779c43c879e212ca1e5dac466fc463b9fc59f42dc4f0,N/A,markdown/text,packet-specific immutable runs; some local receipts only,multiple scoring/rank systems conflict; position-threshold applicability must be explicit,1.0.0
art_44d5b4ff4ecbd7fc,markdown/text,LATER_OUTCOME_RESEARCH,SUPPORTING_EVIDENCE,,LIVE_HQ,loc_65a5b266150b18722b22c944,,,,false,true,NO_DUPLICATE_FLAG,NOT_SUPERSEDED,SEPARATE_LEDGER_CONTROLS,REGISTERED_METADATA_ONLY,SOURCE_INVENTORY_SHA256_RECORDED,2a5fd572190756cfbcc75d04ac6f0389571ffc0722ade7cf2deedf4a98151b6b,N/A,markdown/text,versioned June-July 2026 review snapshots,review-only; formula work paused; current proxy/zero encodings cannot become evidence truth; retain scoring/window semantics,1.0.0
art_45019be9de7be936,rule_id|rule_family|rule_class|best_formula|best_window|net_miss_reduction|misses_resolved|new_misses_created|false_positive_impact|false_negative_impact|spearman_delta|non_sparse_collateral_damage|next_use_decision,LATER_OUTCOME_RESEARCH,SUPPORTING_EVIDENCE,,LIVE_HQ,loc_3683c59ebbcc8f036eb6cf00,,,,false,true,NO_DUPLICATE_FLAG,NOT_SUPERSEDED,SEPARATE_LEDGER_CONTROLS,REGISTERED_METADATA_ONLY,SOURCE_INVENTORY_SHA256_RECORDED,23a0f923e9257f25b8ae98b36a27ef8b867d85b646fe489f8345ebb685efc43d,12,rule_id|rule_family|rule_class|best_formula|best_window|net_miss_reduction|misses_resolved|new_misses_created|false_positive_impact|false_negative_impact|spearman_delta|non_sparse_collateral_damage|next_use_decision,July 9 2026 research snapshots,authority is limited to the artifact's documented scope,1.0.0
art_453c513f3ef8b700,py,CROSS_LIFECYCLE,SUPPORTING_EVIDENCE,,LIVE_HQ,loc_ce2921701afdea97a444813d,,,,false,true,NO_DUPLICATE_FLAG,NOT_SUPERSEDED,SEPARATE_LEDGER_CONTROLS,REGISTERED_METADATA_ONLY,SOURCE_INVENTORY_SHA256_RECORDED,447f7d6dfe27252dd11f9cedc924af59f482d0bccbf111617ada4f8c7138ef2e,N/A,py,packet-specific snapshot,authority is limited to the artifact's documented scope,1.0.0
art_4592935781e113fa,candidate_id|source_rule_family|intended_sparse_history_population|rule_inputs|allowed_windows|best_result|best_result_window|net_miss_reduction|misses_resolved|new_misses_created|false_negative_impact|false_positive_impact|spearman_impact|collateral_damage_review|review_only_status|blocked_use_status|future_use_requirements,LATER_OUTCOME_RESEARCH,SUPPORTING_EVIDENCE,,LIVE_HQ,loc_a34041890283ec431785a19a,,,,false,true,NO_DUPLICATE_FLAG,NOT_SUPERSEDED,SEPARATE_LEDGER_CONTROLS,REGISTERED_METADATA_ONLY,SOURCE_INVENTORY_SHA256_RECORDED,001e6e4a524cbf0a74832a63eb8325792d3e44baa904cd14c762790cfac0e6b2,4,candidate_id|source_rule_family|intended_sparse_history_population|rule_inputs|allowed_windows|best_result|best_result_window|net_miss_reduction|misses_resolved|new_misses_created|false_negative_impact|false_positive_impact|spearman_impact|collateral_damage_review|review_only_status|blocked_use_status|future_use_requirements,July 9 2026 research snapshots,authority is limited to the artifact's documented scope,1.0.0
art_45d657598a05e37d,markdown/text,ROOKIE_SEASON_AND_MULTI_YEAR_OUTCOME,SUPPORTING_EVIDENCE,,LIVE_HQ,loc_e5064d65123095927c1f8deb,,,,false,true,NO_DUPLICATE_FLAG,NOT_SUPERSEDED,SEPARATE_LEDGER_CONTROLS,REGISTERED_METADATA_ONLY,SOURCE_INVENTORY_SHA256_RECORDED,8ecf28421d4b28a113f8746edd62397ec2bbd3034b91830a2c93e21b4f3f86b2,N/A,markdown/text,packet-specific immutable runs; some local receipts only,multiple scoring/rank systems conflict; position-threshold applicability must be explicit,1.0.0
art_45e2bdfe097276e3,markdown/text,PRODUCT_CONSUMER,SUPPORTING_EVIDENCE,,LIVE_HQ,loc_2a6c5c7a169c952b6fc55e4f,,,,false,true,NO_DUPLICATE_FLAG,NOT_SUPERSEDED,SEPARATE_LEDGER_CONTROLS,REGISTERED_METADATA_ONLY,SOURCE_INVENTORY_SHA256_RECORDED,3ba422558ee99079cb0dae7071ac43e2ce865f8901f3b6b4824160213046b4d6,N/A,markdown/text,live HQ at starting commit,authority is limited to the artifact's documented scope,1.0.0
art_46039768803baf20,position|season|sidecar_players|sidecar_rows|existing_label_players|existing_label_rows|matched_players|unmatched_sidecar_players|unmatched_label_players|overlap_rate|parity_ready|blocker_reason|notes,ROOKIE_SEASON_AND_MULTI_YEAR_OUTCOME,SUPPORTING_EVIDENCE,,LIVE_HQ,loc_5b1cb1c1873cd6dc05c342d6,,,,false,true,NO_DUPLICATE_FLAG,NOT_SUPERSEDED,SEPARATE_LEDGER_CONTROLS,REGISTERED_METADATA_ONLY,SOURCE_INVENTORY_SHA256_RECORDED,a2fd3e984c17f61f5b0e64ee2ebe492d46b3db8cf6b956b38f2521dbf3b77580,9,position|season|sidecar_players|sidecar_rows|existing_label_players|existing_label_rows|matched_players|unmatched_sidecar_players|unmatched_label_players|overlap_rate|parity_ready|blocker_reason|notes,packet-specific immutable runs; some local receipts only,multiple scoring/rank systems conflict; position-threshold applicability must be explicit,1.0.0
art_465e0941c5ed3766,mjs,PROTECTED_FROZEN_GOVERNANCE,CANONICAL_REVIEW_ONLY,,LIVE_HQ,loc_ecde348ed09027daaa19db25,,,,true,false,NO_DUPLICATE_FLAG,NOT_SUPERSEDED,SEPARATE_LEDGER_CONTROLS,REGISTERED_METADATA_ONLY,SOURCE_INVENTORY_SHA256_RECORDED,20e6db09b46c17be3191619cd39a989afc7cf3eeaf4b5e0e98fbd7ce223cf42c,N/A,mjs,frozen 2026-07-10 before outcomes,authority is limited to the artifact's documented scope,1.0.0
art_46681ce2adf96a95,change_id|proposed_change|source_report_finding|classification|parallel_lane_status|data_dependency|implementation_decision|guardrail_notes,PRODUCT_CONSUMER,SUPPORTING_EVIDENCE,,LIVE_HQ,loc_5624bf77e4d7b4f53f17279b,,,,false,true,NO_DUPLICATE_FLAG,NOT_SUPERSEDED,SEPARATE_LEDGER_CONTROLS,REGISTERED_METADATA_ONLY,SOURCE_INVENTORY_SHA256_RECORDED,3392298d42cfb03fe09afe418e3414baa567caf436b492a64641e189913684b7,16,change_id|proposed_change|source_report_finding|classification|parallel_lane_status|data_dependency|implementation_decision|guardrail_notes,live HQ at starting commit,authority is limited to the artifact's documented scope,1.0.0
art_46997f5bbb21f67e,markdown/text,DRAFT_EVENT,SUPPORTING_EVIDENCE,,LIVE_HQ,loc_dcf2ad0de594fafec8fde782,,,,false,true,NO_DUPLICATE_FLAG,NOT_SUPERSEDED,SEPARATE_LEDGER_CONTROLS,REGISTERED_METADATA_ONLY,SOURCE_INVENTORY_SHA256_RECORDED,eb721ea4dcae1ba0d7231db63f5d50ad614794a2dcfc8d11cd29bca6adbddb72,N/A,markdown/text,static completed draft events; source timestamps/receipt IDs incomplete in several derivatives,positive draft facts only; missing draft evidence remains unknown; current name+position joins are review-only,1.0.0
art_46bc22ba6c3700dd,markdown/text,ROOKIE_SEASON_AND_MULTI_YEAR_OUTCOME,SUPPORTING_EVIDENCE,,LIVE_HQ,loc_32652571db5fa339335df8e4,,,,false,true,NO_DUPLICATE_FLAG,NOT_SUPERSEDED,SEPARATE_LEDGER_CONTROLS,REGISTERED_METADATA_ONLY,SOURCE_INVENTORY_SHA256_RECORDED,82508802fa81bfd033225fbf2c049ecda1475791b646945c956b4d5a8204dd15,N/A,markdown/text,local run 2026-06-29; latest factual outcome season 2024,drafted-only; link availability differs from usable value availability; incomplete windows are censored,1.0.0
art_475ab084e8bc29d0,markdown/text,LATER_OUTCOME_RESEARCH,SUPPORTING_EVIDENCE,,LIVE_HQ,loc_8f7e84c44f6ddb04616e0186,,,,false,true,NO_DUPLICATE_FLAG,NOT_SUPERSEDED,SEPARATE_LEDGER_CONTROLS,REGISTERED_METADATA_ONLY,SOURCE_INVENTORY_SHA256_RECORDED,c645b685856cc5585945bd355a10840d5aa0da6a3b6b8535ad3ba05d8c6ec62f,N/A,markdown/text,July 9 2026 research snapshots,authority is limited to the artifact's documented scope,1.0.0
art_475d9d5eddfd9000,variant_id|parent_rule_id|rule_family|reference_id|formula_id|scoreboard_window|seasons|rows_tested|variant_applied_rows|rows_changed_prediction|total_misses_before|total_misses_after|net_miss_reduction|misses_resolved|new_misses_created|false_positives_before|false_positives_after|false_negatives_before|false_negatives_after|false_negative_reduction|false_positive_increase|severe_false_positives_before|severe_false_positives_after|severe_false_positive_spike|severe_false_negatives_before|severe_false_negatives_after|severe_false_negative_reduction|sparse_misses_before|sparse_misses_after|sparse_history_only_miss_reduction|...(+29 columns),LATER_OUTCOME_RESEARCH,SUPPORTING_EVIDENCE,,LIVE_HQ,loc_3686be0e4040f19fa2f380d3,,,,false,true,NO_DUPLICATE_FLAG,NOT_SUPERSEDED,SEPARATE_LEDGER_CONTROLS,REGISTERED_METADATA_ONLY,SOURCE_INVENTORY_SHA256_RECORDED,98af39265af0e68cf5684b64b207d4aa7fa8d806c5061ca876dfa732a11223b5,100,variant_id|parent_rule_id|rule_family|reference_id|formula_id|scoreboard_window|seasons|rows_tested|variant_applied_rows|rows_changed_prediction|total_misses_before|total_misses_after|net_miss_reduction|misses_resolved|new_misses_created|false_positives_before|false_positives_after|false_negatives_before|false_negatives_after|false_negative_reduction|false_positive_increase|severe_false_positives_before|severe_false_positives_after|severe_false_positive_spike|severe_false_negatives_before|severe_false_negatives_after|severe_false_negative_reduction|sparse_misses_before|sparse_misses_after|sparse_history_only_miss_reduction|...(+29 columns),July 9 2026 research snapshots,authority is limited to the artifact's documented scope,1.0.0
art_4776831cdc192707,py,CROSS_LIFECYCLE_IDENTITY,IDENTITY_UNRESOLVED,,LIVE_HQ,loc_220d4d12a0b5ce3df370efc7,,,,false,true,NO_DUPLICATE_FLAG,NOT_SUPERSEDED,SEPARATE_LEDGER_CONTROLS,REGISTERED_METADATA_ONLY,SOURCE_INVENTORY_SHA256_RECORDED,42a0cd06fb339c89dc4866decd0e7866b112ff91795cf51a6c16b0e79b0c79c7,N/A,py,2026-06-26 to 2026-06-29 review snapshots,human review approval is review-only; normalized name/position is not controlling identity,1.0.0
art_477a80f24a62f155,season|player_id|player_name|position|team|draft_year|rookie_year|draft_round|draft_pick|draft_overall|drafted_flag|udfa_flag|entry_status|draft_capital_bucket|draft_capital_score|years_since_draft|rookie_contract_window_flag|early_career_flag|sparse_history_flag|draft_source_name|draft_source_path|draft_source_hash|draft_identity_status|draft_asof_status|join_status|coverage_status|review_only_status,DRAFT_EVENT,SUPPORTING_EVIDENCE,,LIVE_HQ,loc_4a4075d7433484a6c580c9fd,,,,false,true,NO_DUPLICATE_FLAG,NOT_SUPERSEDED,SEPARATE_LEDGER_CONTROLS,REGISTERED_METADATA_ONLY,SOURCE_INVENTORY_SHA256_RECORDED,d088e2723ebb1edfaf7c9bc8020e5405d144bd142d8ee75e6fb8b59a6aef2c48,5518,season|player_id|player_name|position|team|draft_year|rookie_year|draft_round|draft_pick|draft_overall|drafted_flag|udfa_flag|entry_status|draft_capital_bucket|draft_capital_score|years_since_draft|rookie_contract_window_flag|early_career_flag|sparse_history_flag|draft_source_name|draft_source_path|draft_source_hash|draft_identity_status|draft_asof_status|join_status|coverage_status|review_only_status,static completed draft events; source timestamps/receipt IDs incomplete in several derivatives,positive draft facts only; missing draft evidence remains unknown; current name+position joins are review-only,1.0.0
art_4788de82374c0e09,markdown/text,DRAFT_EVENT,SUPPORTING_EVIDENCE,,LIVE_HQ,loc_98694fe747d0119b3660e177,,,,false,true,NO_DUPLICATE_FLAG,NOT_SUPERSEDED,SEPARATE_LEDGER_CONTROLS,REGISTERED_METADATA_ONLY,SOURCE_INVENTORY_SHA256_RECORDED,76e22cc8c5339515abbb4d540daaf883a8583b35e0970543e2bba00e1288b332,N/A,markdown/text,June 30 2026 packet snapshots,likely/confirmed-review-only must not be treated as verified undrafted truth,1.0.0
art_4796ef228ae96712,dataset_name|source_path_or_artifact|available_now|row_count|coverage_years|positions_covered|key_ids_present|source_policy_status|approved_for_review|approved_for_model_use|approved_for_training|allowed_as_label_source|allowed_as_feature_source|allowed_for_pre_draft_context|allowed_for_post_draft_context|leakage_risk|blocker_reason|next_action,DRAFT_EVENT,SUPPORTING_EVIDENCE,,LIVE_HQ,loc_76c3460df6a3a1e00acb721c,,,,false,true,NO_DUPLICATE_FLAG,NOT_SUPERSEDED,SEPARATE_LEDGER_CONTROLS,REGISTERED_METADATA_ONLY,SOURCE_INVENTORY_SHA256_RECORDED,ba5d518446957479247db4a392d2d4673e1e1e581b67451224cad69f5622e7f1,12,dataset_name|source_path_or_artifact|available_now|row_count|coverage_years|positions_covered|key_ids_present|source_policy_status|approved_for_review|approved_for_model_use|approved_for_training|allowed_as_label_source|allowed_as_feature_source|allowed_for_pre_draft_context|allowed_for_post_draft_context|leakage_risk|blocker_reason|next_action,static completed draft events; source timestamps/receipt IDs incomplete in several derivatives,positive draft facts only; missing draft evidence remains unknown; current name+position joins are review-only,1.0.0
art_479a94804d7cd7ad,player_name|position|current_team|current_status|prior_recommendation|user_evidence_summary|evidence_source_type|evidence_url_or_description|evidence_supports_player_exists|evidence_supports_team|evidence_supports_position|evidence_supports_nfl_identity|evidence_supports_nwr_binding|remaining_blocker|recommended_next_decision|approved_by_human|review_only|display_only|model_use_allowed|training_allowed|source_truth_allowed|rank_logic_allowed|hidden_sort_allowed|trade_value_allowed|pick_value_allowed|candidate_nflverse_id|candidate_gsis_id|candidate_nwr_player_id_if_any|required_human_decision|human_decision|...(+2 columns),CROSS_LIFECYCLE_IDENTITY,SUPPORTING_EVIDENCE,,LIVE_HQ,loc_5dd11647f55bad3f3d0f9711,,,,false,true,NO_DUPLICATE_FLAG,NOT_SUPERSEDED,SEPARATE_LEDGER_CONTROLS,REGISTERED_METADATA_ONLY,SOURCE_INVENTORY_SHA256_RECORDED,263cd340830a441b0ecc155b309e0c8b8d2e2fc538a7739e6d324b5c1879fded,13,player_name|position|current_team|current_status|prior_recommendation|user_evidence_summary|evidence_source_type|evidence_url_or_description|evidence_supports_player_exists|evidence_supports_team|evidence_supports_position|evidence_supports_nfl_identity|evidence_supports_nwr_binding|remaining_blocker|recommended_next_decision|approved_by_human|review_only|display_only|model_use_allowed|training_allowed|source_truth_allowed|rank_logic_allowed|hidden_sort_allowed|trade_value_allowed|pick_value_allowed|candidate_nflverse_id|candidate_gsis_id|candidate_nwr_player_id_if_any|required_human_decision|human_decision|...(+2 columns),June 23-30 2026 snapshots,authority is limited to the artifact's documented scope,1.0.0
art_47cccb8eec31854e,player_name|position|team|approved_nflverse_id|approved_gsis_id|approved_pfr_id|candidate_nwr_player_id|candidate_nwr_player_name|candidate_position|candidate_team|binding_status|binding_confidence|evidence_summary|ambiguity_flag|same_name_collision_flag|team_mismatch_flag|position_mismatch_flag|approved_by_human|review_only|display_only|model_use_allowed|training_allowed|source_truth_allowed|rank_logic_allowed|hidden_sort_allowed|trade_value_allowed|pick_value_allowed|blocker_reason,CROSS_LIFECYCLE_IDENTITY,SUPPORTING_EVIDENCE,,LIVE_HQ,loc_1cfb5be49cd76681cdac113f,,,,false,true,NO_DUPLICATE_FLAG,NOT_SUPERSEDED,SEPARATE_LEDGER_CONTROLS,REGISTERED_METADATA_ONLY,SOURCE_INVENTORY_SHA256_RECORDED,f4575b9efa1426dd7295d40101c5a86a7e8e361199986fb7425aeb81110178b2,2,player_name|position|team|approved_nflverse_id|approved_gsis_id|approved_pfr_id|candidate_nwr_player_id|candidate_nwr_player_name|candidate_position|candidate_team|binding_status|binding_confidence|evidence_summary|ambiguity_flag|same_name_collision_flag|team_mismatch_flag|position_mismatch_flag|approved_by_human|review_only|display_only|model_use_allowed|training_allowed|source_truth_allowed|rank_logic_allowed|hidden_sort_allowed|trade_value_allowed|pick_value_allowed|blocker_reason,June 23-30 2026 snapshots,authority is limited to the artifact's documented scope,1.0.0
art_47e995cf18a92f0b,metric|value|category|notes,ROOKIE_SEASON_AND_MULTI_YEAR_OUTCOME,SUPPORTING_EVIDENCE,,LOCAL_ONLY,loc_9bc737045213eaa6fb1e6157,,,,false,true,NO_DUPLICATE_FLAG,NOT_SUPERSEDED,SEPARATE_LEDGER_CONTROLS,REGISTERED_METADATA_ONLY,SOURCE_INVENTORY_SHA256_RECORDED,63e5dc614a0ca0287acf7a181c8387bb9b19e3c2724050be5523f836c5546931,37,metric|value|category|notes,packet-specific immutable runs; some local receipts only,multiple scoring/rank systems conflict; position-threshold applicability must be explicit; not tracked at live HQ HEAD,1.0.0
art_48124bb2ec843643,markdown/text,LATER_OUTCOME_RESEARCH,SUPPORTING_EVIDENCE,,LIVE_HQ,loc_c62beb4635dc374c3b32d14f,,,,false,true,NO_DUPLICATE_FLAG,NOT_SUPERSEDED,SEPARATE_LEDGER_CONTROLS,REGISTERED_METADATA_ONLY,SOURCE_INVENTORY_SHA256_RECORDED,d8c99aad7b9d1544f95a6381b9f2e9a6a1499f144a61cd969e45c7553f67c7b4,N/A,markdown/text,versioned June-July 2026 review snapshots,review-only; formula work paused; current proxy/zero encodings cannot become evidence truth; retain scoring/window semantics,1.0.0
art_482fb58d839a6421,py,DRAFT_EVENT,SUPPORTING_EVIDENCE,,LIVE_HQ,loc_5b071e86e49734d8be405e23,,,,false,true,NO_DUPLICATE_FLAG,NOT_SUPERSEDED,SEPARATE_LEDGER_CONTROLS,REGISTERED_METADATA_ONLY,SOURCE_INVENTORY_SHA256_RECORDED,bd8b58a61fde611664ec5a09964894f446133ab7093291eef795690178172d33,N/A,py,static completed draft events; source timestamps/receipt IDs incomplete in several derivatives,positive draft facts only; missing draft evidence remains unknown; current name+position joins are review-only,1.0.0
art_4841f997288c5816,markdown/text,ROOKIE_SEASON_AND_MULTI_YEAR_OUTCOME,SUPPORTING_EVIDENCE,,LIVE_HQ,loc_ebbf3904c7389dedc52331d1,,,,false,true,NO_DUPLICATE_FLAG,NOT_SUPERSEDED,SEPARATE_LEDGER_CONTROLS,REGISTERED_METADATA_ONLY,SOURCE_INVENTORY_SHA256_RECORDED,c0498ce9db08e4ba15547df407e341d28f68fa917137603bc269878b4921d95e,N/A,markdown/text,packet-specific immutable runs; some local receipts only,multiple scoring/rank systems conflict; position-threshold applicability must be explicit,1.0.0
art_48442463b9594ef7,py,PRE_DRAFT,SUPPORTING_EVIDENCE,,LIVE_HQ,loc_f4192a650a7ca160443abff8,,,,false,true,NO_DUPLICATE_FLAG,NOT_SUPERSEDED,SEPARATE_LEDGER_CONTROLS,REGISTERED_METADATA_ONLY,SOURCE_INVENTORY_SHA256_RECORDED,c76402b11456e3bceea4d500e9431fc2bb201a3641e976f614650c994686c381,N/A,py,June 30 2026; measurement source timestamp incomplete,authority is limited to the artifact's documented scope,1.0.0
art_484ba91cdd169bc6,py,ROOKIE_SEASON_AND_MULTI_YEAR_OUTCOME,SUPPORTING_EVIDENCE,,LIVE_HQ,loc_861a3c2a3a5b735560fd57a4,,,,false,true,NO_DUPLICATE_FLAG,NOT_SUPERSEDED,SEPARATE_LEDGER_CONTROLS,REGISTERED_METADATA_ONLY,SOURCE_INVENTORY_SHA256_RECORDED,c984721eab3e4a7493c14081fb85ac1bddf33fb3c733e2a67ccf3ed39babf1e1,N/A,py,local run 2026-06-29; latest factual outcome season 2024,drafted-only; link availability differs from usable value availability; incomplete windows are censored,1.0.0
art_48ac8a90ab6566f9,markdown/text,DRAFT_EVENT,SUPPORTING_EVIDENCE,,LIVE_HQ,loc_bef879531cca5f260a77d1d8,,,,false,true,NO_DUPLICATE_FLAG,NOT_SUPERSEDED,SEPARATE_LEDGER_CONTROLS,REGISTERED_METADATA_ONLY,SOURCE_INVENTORY_SHA256_RECORDED,9cb8f892a5c7f6d5f02fb94d4caf83b5547aa31b87d80a751251e88647e089db,N/A,markdown/text,static completed draft events; source timestamps/receipt IDs incomplete in several derivatives,positive draft facts only; missing draft evidence remains unknown; current name+position joins are review-only,1.0.0
art_48e34f79b2ed8477,position|season|sidecar_players|sidecar_rows|label_players|label_rows|matched_players|matched_player_seasons|observed_components_available|blocked_components|global_zero_rows_available|overlap_rate|observed_row_parity_ready|global_parity_ready|blocker_reason|notes,ROOKIE_SEASON_AND_MULTI_YEAR_OUTCOME,SUPPORTING_EVIDENCE,,LIVE_HQ,loc_37f8eea08263b2872e90ef5f,,,,false,true,NO_DUPLICATE_FLAG,NOT_SUPERSEDED,SEPARATE_LEDGER_CONTROLS,REGISTERED_METADATA_ONLY,SOURCE_INVENTORY_SHA256_RECORDED,4e86d9224288339570b560961e75e7faa6951be574e44a476a79ea8296cd83d0,8,position|season|sidecar_players|sidecar_rows|label_players|label_rows|matched_players|matched_player_seasons|observed_components_available|blocked_components|global_zero_rows_available|overlap_rate|observed_row_parity_ready|global_parity_ready|blocker_reason|notes,packet-specific immutable runs; some local receipts only,multiple scoring/rank systems conflict; position-threshold applicability must be explicit,1.0.0
art_4934606dee75e6f6,markdown/text,DRAFT_EVENT_AND_POST_DRAFT_PRESEASON,SUPERSEDED,,LIVE_HQ,loc_8c7846373caf8328053e7b94,,,,false,true,NO_DUPLICATE_FLAG,SUPERSEDED_RECORDED,SEPARATE_LEDGER_CONTROLS,REGISTERED_METADATA_ONLY,SOURCE_INVENTORY_SHA256_RECORDED,2077f26ca39b3358953c57a2f1096de7dddede2e73c8e5c9c27c0d7caae503cf,N/A,markdown/text,June 29-30 2026; no uniform row-level source timestamp,published counts may be duplicate-inflated; three distinct current records have no stable candidate ID,1.0.0
art_496b6aef5b7bd4d8,markdown/text,PRE_DRAFT,SUPPORTING_EVIDENCE,,LIVE_HQ,loc_4ccaee4c7d19e3d015e81a09,,,,false,true,NO_DUPLICATE_FLAG,NOT_SUPERSEDED,SEPARATE_LEDGER_CONTROLS,REGISTERED_METADATA_ONLY,SOURCE_INVENTORY_SHA256_RECORDED,2d454362d7e059176cf713db9c352328b2c0447866df3c68e954941e6e215197,N/A,markdown/text,June 30 2026; measurement source timestamp incomplete,authority is limited to the artifact's documented scope,1.0.0
art_49cb5a11a55bcfe0,dataset_name|field_name|field_type|meaning|model_use_status|identity_review_required|training_allowed|review_only|notes,PRE_DRAFT,SOURCE_UNADMITTED,,LIVE_HQ,loc_7a44dafa2a6ff359c0846ccf,,,,false,true,NO_DUPLICATE_FLAG,NOT_SUPERSEDED,SEPARATE_LEDGER_CONTROLS,REGISTERED_METADATA_ONLY,SOURCE_INVENTORY_SHA256_RECORDED,319200f0b8ee8b401e9532e729d2fc1d4c22cbeb9ad64a4e788397c1d18eab4a,84,dataset_name|field_name|field_type|meaning|model_use_status|identity_review_required|training_allowed|review_only|notes,run 2026-06-26; mutable source; row-level as-of incomplete,"raw cache remains outside Git; rights, hashes, and production gates are incomplete",1.0.0
art_4a238303bd2cd34c,player_name|position|rookie_class_year|current_entry_status|recommended_next_status|blocker_category|blocker_reason|missing_evidence|identity_risk_flags|suggested_review_path|review_only|model_use_allowed|training_allowed,DRAFT_EVENT,SUPPORTING_EVIDENCE,,LIVE_HQ,loc_550aa42a1e2bb5430c650fb5,,,,false,true,NO_DUPLICATE_FLAG,NOT_SUPERSEDED,SEPARATE_LEDGER_CONTROLS,REGISTERED_METADATA_ONLY,SOURCE_INVENTORY_SHA256_RECORDED,e060db578c43640d88cf40e0143792343d017b461f401be9ded7e5662ef93319,2514,player_name|position|rookie_class_year|current_entry_status|recommended_next_status|blocker_category|blocker_reason|missing_evidence|identity_risk_flags|suggested_review_path|review_only|model_use_allowed|training_allowed,June 30 2026 packet snapshots,likely/confirmed-review-only must not be treated as verified undrafted truth,1.0.0
art_4a77ab8cbb188434,markdown/text,PRODUCT_CONSUMER,SUPPORTING_EVIDENCE,,LIVE_HQ,loc_09882f6f0a9e961eafb1268b,,,,false,true,NO_DUPLICATE_FLAG,NOT_SUPERSEDED,SEPARATE_LEDGER_CONTROLS,REGISTERED_METADATA_ONLY,SOURCE_INVENTORY_SHA256_RECORDED,6499828ec597a12b9b086416058d01ab31a933a8a045562385f71eb77e9557f3,N/A,markdown/text,live HQ at starting commit,authority is limited to the artifact's documented scope,1.0.0
art_4abc02e14e15376b,markdown/text,ROOKIE_SEASON_AND_MULTI_YEAR_OUTCOME,SUPPORTING_EVIDENCE,,LIVE_HQ,loc_f07b80f0daf96846516eb7cd,,,,false,true,NO_DUPLICATE_FLAG,NOT_SUPERSEDED,SEPARATE_LEDGER_CONTROLS,REGISTERED_METADATA_ONLY,SOURCE_INVENTORY_SHA256_RECORDED,2d9823628112270ae612a87e715a4d3a27a938fb376e0a7475744d2a8392d000,N/A,markdown/text,packet-specific immutable runs; some local receipts only,multiple scoring/rank systems conflict; position-threshold applicability must be explicit,1.0.0
art_4ac9d9b34390ec1a,markdown/text,CROSS_LIFECYCLE_REVIEW_SIMULATION,LOCAL_ONLY_RESTRICTED,,OFF_HQ_BRANCH_ONLY,loc_e251dc58e2b83194848eaf87,,,,false,true,NO_DUPLICATE_FLAG,NOT_SUPERSEDED,NO_RECREATE_REQUIRED,REGISTERED_METADATA_ONLY,SOURCE_INVENTORY_SHA256_RECORDED,7a31626d315781638dbcafe20d57b6fbebdeb0ef8db9a24c8ba521828bf38192,N/A,markdown/text,off-HQ commit 2026-07-09; not ancestor of live HQ,"Off-HQ Git object is retained for audit discovery and no-recreate protection only; active evidence, migration, ranking, formula, training, production, and runtime use are blocked.",1.0.0
art_4b1f7c745db7695b,input_family|status|evidence|source_or_receipt_status|allowed_for_component_signal_tests|allowed_for_position_tournaments|allowed_for_full_gauntlet|blocked_reason|next_gate_required,LATER_OUTCOME_RESEARCH,SUPPORTING_EVIDENCE,,LIVE_HQ,loc_71edaaaaed1b914ba52b0bbd,,,,false,true,NO_DUPLICATE_FLAG,NOT_SUPERSEDED,SEPARATE_LEDGER_CONTROLS,REGISTERED_METADATA_ONLY,SOURCE_INVENTORY_SHA256_RECORDED,707e82371d2ff5ad0fe5bc8e00526d4c05cacbd2e969bf7ffdbf7e06e502dcde,18,input_family|status|evidence|source_or_receipt_status|allowed_for_component_signal_tests|allowed_for_position_tournaments|allowed_for_full_gauntlet|blocked_reason|next_gate_required,versioned June-July 2026 review snapshots,review-only; formula work paused; current proxy/zero encodings cannot become evidence truth; retain scoring/window semantics,1.0.0
art_4b6d1838744ba435,markdown/text,PRODUCT_CONSUMER,SUPPORTING_EVIDENCE,,LIVE_HQ,loc_e017208755c7de8a8be7452b,,,,false,true,NO_DUPLICATE_FLAG,NOT_SUPERSEDED,SEPARATE_LEDGER_CONTROLS,REGISTERED_METADATA_ONLY,SOURCE_INVENTORY_SHA256_RECORDED,bd17c93263af50ebed98b11f5aeaa48e8e819faa95805c276ae0bd42322b6087,N/A,markdown/text,live HQ at starting commit,authority is limited to the artifact's documented scope,1.0.0
art_4b8382efb5812c6e,input_name|allowed_status|source|blocked_use|asof_status,LATER_OUTCOME_RESEARCH,SUPPORTING_EVIDENCE,,LIVE_HQ,loc_95e12e883b4a775b2f5d546b,,,,false,true,NO_DUPLICATE_FLAG,NOT_SUPERSEDED,SEPARATE_LEDGER_CONTROLS,REGISTERED_METADATA_ONLY,SOURCE_INVENTORY_SHA256_RECORDED,3a18d6a0032f1d0ccef05824586a348375954332b07b08e1af3ad3ee1acdd195,14,input_name|allowed_status|source|blocked_use|asof_status,July 9 2026 research snapshots,authority is limited to the artifact's documented scope,1.0.0
art_4b8d08aa2380449c,markdown/text,PRODUCT_CONSUMER,SUPPORTING_EVIDENCE,,LIVE_HQ,loc_35657b55466d461e0e5a8dce,,,,false,true,NO_DUPLICATE_FLAG,NOT_SUPERSEDED,SEPARATE_LEDGER_CONTROLS,REGISTERED_METADATA_ONLY,SOURCE_INVENTORY_SHA256_RECORDED,4e680839bb8aeecad59d2d81a588da8852e24b984dd2de4e5de72ba393c90e4f,N/A,markdown/text,live HQ at starting commit,authority is limited to the artifact's documented scope,1.0.0
art_4baf3b7737bc4cd1,markdown/text,ROOKIE_SEASON_AND_MULTI_YEAR_OUTCOME,SUPPORTING_EVIDENCE,,LIVE_HQ,loc_5e7b9cb7a64ad4889b8a0df9,,,,false,true,NO_DUPLICATE_FLAG,NOT_SUPERSEDED,SEPARATE_LEDGER_CONTROLS,REGISTERED_METADATA_ONLY,SOURCE_INVENTORY_SHA256_RECORDED,fb19f1e25c4f4710c324a575d178faaf3739301836713a39a637567e4319dcd3,N/A,markdown/text,packet-specific immutable runs; some local receipts only,multiple scoring/rank systems conflict; position-threshold applicability must be explicit,1.0.0
art_4bd7436b5d6903bb,markdown/text,ROOKIE_SEASON_AND_MULTI_YEAR_OUTCOME,SUPPORTING_EVIDENCE,,LIVE_HQ,loc_068a76bab2c2353e9880aae2,,,,false,true,NO_DUPLICATE_FLAG,NOT_SUPERSEDED,SEPARATE_LEDGER_CONTROLS,REGISTERED_METADATA_ONLY,SOURCE_INVENTORY_SHA256_RECORDED,5b34319e94bebde0db7119fc8b2b3f25c6df810379f0d53a7652c87346358456,N/A,markdown/text,packet-specific immutable runs; some local receipts only,multiple scoring/rank systems conflict; position-threshold applicability must be explicit,1.0.0
art_4be8867b020c5d11,receipt_id|source_name|provider|source_owner|source_url_or_path|acquisition_method|acquisition_timestamp|source_version_or_release|raw_storage_path|raw_file_hash|normalized_file_hash|row_count|column_count|schema|field_dictionary_path|seasons_covered|weeks_or_dates_covered|positions_covered|team_coverage|row_grain|player_identity_keys|join_keys|join_method|identity_status|source_status|admission_status|licensing_status|leakage_status|missingness_status|coverage_status|...(+6 columns),GOVERNANCE,CANONICAL_ADMITTED,,LIVE_HQ,loc_ef5290e933df6c261adde332,,,,true,false,NO_DUPLICATE_FLAG,NOT_SUPERSEDED,SEPARATE_LEDGER_CONTROLS,REGISTERED_METADATA_ONLY,SOURCE_INVENTORY_SHA256_RECORDED,844fb6e7cfb40448fead6d186256e8475eb200c3155b01f4742f9846393133fd,0,receipt_id|source_name|provider|source_owner|source_url_or_path|acquisition_method|acquisition_timestamp|source_version_or_release|raw_storage_path|raw_file_hash|normalized_file_hash|row_count|column_count|schema|field_dictionary_path|seasons_covered|weeks_or_dates_covered|positions_covered|team_coverage|row_grain|player_identity_keys|join_keys|join_method|identity_status|source_status|admission_status|licensing_status|leakage_status|missingness_status|coverage_status|...(+6 columns),versioned policy snapshot,authority is limited to the artifact's documented scope,1.0.0
art_4c396583e3548de3,status|status_family|meaning|allowed_use|blocked_use|minimum_evidence|notes,GOVERNANCE,CANONICAL_ADMITTED,,LIVE_HQ,loc_d3476da99d5c60ab1f13d46f,,,,true,false,NO_DUPLICATE_FLAG,NOT_SUPERSEDED,SEPARATE_LEDGER_CONTROLS,REGISTERED_METADATA_ONLY,SOURCE_INVENTORY_SHA256_RECORDED,b2d0b7807889d94416a03208b5cbb08b232bc37d6a6a722d9cdf4268dfd1713f,13,status|status_family|meaning|allowed_use|blocked_use|minimum_evidence|notes,versioned policy snapshot,authority is limited to the artifact's documented scope,1.0.0
art_4c821b07400ace54,cfbd_row_id|cfbd_player_id|cfbd_player_name|cfbd_normalized_name|cfbd_college_team|cfbd_position|cfbd_season|candidate_source|candidate_player_id|candidate_sleeper_id|candidate_player_name|candidate_normalized_name|candidate_position|candidate_team|name_score|position_match|team_or_college_context_match|match_status|match_confidence|review_required|model_use_allowed|training_allowed|notes|production_context_available|production_categories|production_summary|production_context_model_use_allowed|production_context_training_allowed|production_context_review_required,CROSS_LIFECYCLE_IDENTITY,IDENTITY_UNRESOLVED,,LIVE_HQ,loc_bb9e44f3ad008735c6efa2ee,,,,false,true,NO_DUPLICATE_FLAG,NOT_SUPERSEDED,SEPARATE_LEDGER_CONTROLS,REGISTERED_METADATA_ONLY,SOURCE_INVENTORY_SHA256_RECORDED,a115cffd5aabc2a7b54ae784be787bf8dbbd27b9034b553085a3f49e2c1f28b8,5817,cfbd_row_id|cfbd_player_id|cfbd_player_name|cfbd_normalized_name|cfbd_college_team|cfbd_position|cfbd_season|candidate_source|candidate_player_id|candidate_sleeper_id|candidate_player_name|candidate_normalized_name|candidate_position|candidate_team|name_score|position_match|team_or_college_context_match|match_status|match_confidence|review_required|model_use_allowed|training_allowed|notes|production_context_available|production_categories|production_summary|production_context_model_use_allowed|production_context_training_allowed|production_context_review_required,2026-06-26 to 2026-06-29 review snapshots,human review approval is review-only; normalized name/position is not controlling identity,1.0.0
art_4ca7dd9d913f3368,feature_family|feature_name|source_artifact|source_fields|candidate_bucket|season_n_to_n_plus_1_review_builder_allowed|recommended_for_next_dataset_builder|review_only|positions|required_transform|as_of_policy|missingness_rule|model_use_allowed|training_allowed|source_truth_allowed|rank_logic_allowed|app_behavior_changed|hidden_sort_allowed|probability_output_allowed|blocker_or_next_gate|notes,ROOKIE_SEASON_AND_MULTI_YEAR_OUTCOME,SUPPORTING_EVIDENCE,,LIVE_HQ,loc_c609468896e965db3ded998d,,,,false,true,NO_DUPLICATE_FLAG,NOT_SUPERSEDED,SEPARATE_LEDGER_CONTROLS,REGISTERED_METADATA_ONLY,SOURCE_INVENTORY_SHA256_RECORDED,745b02411a62f745fd59e6e08200c1550cb89886c4e77aed86333c2e29b21ab7,29,feature_family|feature_name|source_artifact|source_fields|candidate_bucket|season_n_to_n_plus_1_review_builder_allowed|recommended_for_next_dataset_builder|review_only|positions|required_transform|as_of_policy|missingness_rule|model_use_allowed|training_allowed|source_truth_allowed|rank_logic_allowed|app_behavior_changed|hidden_sort_allowed|probability_output_allowed|blocker_or_next_gate|notes,packet-specific immutable runs; some local receipts only,multiple scoring/rank systems conflict; position-threshold applicability must be explicit,1.0.0
art_4cbb0eca5b6e78ef,player_name|player_id|position|team|cfbd_identity_status|current_draft_capital_status|nflverse_draft_pick_match_status|name_normalization_status|position_match_status|team_or_school_match_status|class_year_status|possible_drafted_match_candidates|likely_udfa_undrafted_candidate_status|blocker_category|blocker_reason|recommended_repair_action|review_only|model_use_allowed|training_allowed,DRAFT_EVENT,DUPLICATE_EQUIVALENT,,LIVE_HQ,loc_2484db39671c2a1d56c470cf,,,,false,true,DUPLICATE_RECORDED,NOT_SUPERSEDED,SEPARATE_LEDGER_CONTROLS,REGISTERED_METADATA_ONLY,SOURCE_INVENTORY_SHA256_RECORDED,9f7c46b2742e0248d5a22d74bebde735d1e4bc9d0e1ebd1c9e772d41b59c5b98,95,player_name|player_id|position|team|cfbd_identity_status|current_draft_capital_status|nflverse_draft_pick_match_status|name_normalization_status|position_match_status|team_or_school_match_status|class_year_status|possible_drafted_match_candidates|likely_udfa_undrafted_candidate_status|blocker_category|blocker_reason|recommended_repair_action|review_only|model_use_allowed|training_allowed,static completed draft events; source timestamps/receipt IDs incomplete in several derivatives,contains 19 exact duplicate row groups / 19 excess rows; no dedup performed; positive draft facts only; missing draft evidence remains unknown; current name+position joins are review-only,1.0.0
art_4cf9e48ab3a941a4,py,CROSS_LIFECYCLE,SUPPORTING_EVIDENCE,,LIVE_HQ,loc_7a90057d72ebbaa554f5a612,,,,false,true,NO_DUPLICATE_FLAG,NOT_SUPERSEDED,SEPARATE_LEDGER_CONTROLS,REGISTERED_METADATA_ONLY,SOURCE_INVENTORY_SHA256_RECORDED,5c8486dd7ce5faca62286801e9040591160846b160f5e1806534fc5d449a9aa2,N/A,py,packet-specific snapshot,authority is limited to the artifact's documented scope,1.0.0
art_4d3f160069d7733e,markdown/text,CROSS_LIFECYCLE_IDENTITY,SUPPORTING_EVIDENCE,,LIVE_HQ,loc_315432d85998603bbd9cd75a,,,,false,true,NO_DUPLICATE_FLAG,NOT_SUPERSEDED,SEPARATE_LEDGER_CONTROLS,REGISTERED_METADATA_ONLY,SOURCE_INVENTORY_SHA256_RECORDED,faab29ee419f28ddfb71e58496085887fbe90a61ec2ab732a28250194164d04b,N/A,markdown/text,June 23-30 2026 snapshots,authority is limited to the artifact's documented scope,1.0.0
art_4d483cb7c717bd7a,cfbd_row_id|cfbd_player_id|cfbd_player_name|cfbd_normalized_name|cfbd_college_team|cfbd_position|cfbd_season|candidate_source|candidate_player_id|candidate_sleeper_id|candidate_player_name|candidate_normalized_name|candidate_position|candidate_team|name_score|position_match|team_or_college_context_match|match_status|match_confidence|review_required|model_use_allowed|training_allowed|notes,CROSS_LIFECYCLE_IDENTITY,IDENTITY_UNRESOLVED,,LIVE_HQ,loc_2264e16fa29649e3fbc5cec9,,,,false,true,NO_DUPLICATE_FLAG,NOT_SUPERSEDED,SEPARATE_LEDGER_CONTROLS,REGISTERED_METADATA_ONLY,SOURCE_INVENTORY_SHA256_RECORDED,0def9036ee1811281f544cafb37565feb8f792bd58d25fb4bfda550c76e90671,31827,cfbd_row_id|cfbd_player_id|cfbd_player_name|cfbd_normalized_name|cfbd_college_team|cfbd_position|cfbd_season|candidate_source|candidate_player_id|candidate_sleeper_id|candidate_player_name|candidate_normalized_name|candidate_position|candidate_team|name_score|position_match|team_or_college_context_match|match_status|match_confidence|review_required|model_use_allowed|training_allowed|notes,2026-06-26 to 2026-06-29 review snapshots,human review approval is review-only; normalized name/position is not controlling identity,1.0.0
art_4d6bf5478cf9e5e2,py,CROSS_LIFECYCLE,SUPPORTING_EVIDENCE,,LIVE_HQ,loc_b14b9a5ced1c30439e394c4c,,,,false,true,NO_DUPLICATE_FLAG,NOT_SUPERSEDED,SEPARATE_LEDGER_CONTROLS,REGISTERED_METADATA_ONLY,SOURCE_INVENTORY_SHA256_RECORDED,ac4344a51dcc8d078668ca1b5c999ce94441d32ed86a69884733b2809605ca00,N/A,py,packet-specific snapshot,authority is limited to the artifact's documented scope,1.0.0
art_4d7195c6b2979308,py,PRE_DRAFT_TO_MULTI_YEAR_LEGACY,SUPPORTING_EVIDENCE,,LIVE_HQ,loc_33b004f20a57b66f6693f9df,,,,false,true,NO_DUPLICATE_FLAG,NOT_SUPERSEDED,SEPARATE_LEDGER_CONTROLS,REGISTERED_METADATA_ONLY,SOURCE_INVENTORY_SHA256_RECORDED,5989942ecdb267b0b94ada2361d8cf3850a1d980938aa37afe55a469356aba59,N/A,py,legacy baseline; superseded by June 29-30 review-only gates,legacy source/use claims are superseded; provider content and name-key joins are restricted,1.0.0
art_4d745fa5b5b8ad27,target_season|feature_season|position|player_id|substrate_row_id|player_name|candidate_name|candidate_role|score_valid|score_exclusion_reason|raw_score|prediction_rank_full_coverage|actual_nwr_points|actual_position_finish|actual_startable_canonical|coefficient_hash|pre_outcome_prediction_hash|outcome_joined_after_prediction_hash|source_gate_status|review_only,PROTECTED_FROZEN_GOVERNANCE,CANONICAL_REVIEW_ONLY,,LIVE_HQ,loc_4b38240812c0990652f1217b,,,,true,false,NO_DUPLICATE_FLAG,NOT_SUPERSEDED,SEPARATE_LEDGER_CONTROLS,REGISTERED_METADATA_ONLY,SOURCE_INVENTORY_SHA256_RECORDED,afa3a87bee6230f2e455c0c01f542b12d17bb737ddb76f1f5af45b607833d390,14193,target_season|feature_season|position|player_id|substrate_row_id|player_name|candidate_name|candidate_role|score_valid|score_exclusion_reason|raw_score|prediction_rank_full_coverage|actual_nwr_points|actual_position_finish|actual_startable_canonical|coefficient_hash|pre_outcome_prediction_hash|outcome_joined_after_prediction_hash|source_gate_status|review_only,frozen 2026-07-10 before outcomes,authority is limited to the artifact's documented scope,1.0.0
art_4dbbd618c0673262,player_id|player_name|position|team|current_nwr_rank|current_position_rank|current_nwr_score|formula_score|formula_score_before_overlay|position_formula_used|formula_implementation|formula_evidence_reference|position_rank|overall_rank|normalized_score|prior_nwr_points|prior_nwr_ppg|prior_games|prior_opportunities|sparse_history_overlay_eligible|sparse_history_overlay_applied|sparse_history_overlay_effect|veteran_decline_guardrail_flag|older_lifecycle_guardrail_flag|availability_rebound_context_flag|starter_depth_promotion_context_flag|snap_growth_role_promotion_context_flag|injury_availability_warning_flag|low_snap_depth_warning_flag|expected_opportunity_partial_window_flag|...(+24 columns),CROSS_LIFECYCLE_REVIEW_SIMULATION,LOCAL_ONLY_RESTRICTED,,OFF_HQ_BRANCH_ONLY,loc_12f10d12363dbbf3386a2662,,,,false,true,NO_DUPLICATE_FLAG,NOT_SUPERSEDED,NO_RECREATE_REQUIRED,REGISTERED_METADATA_ONLY,SOURCE_INVENTORY_SHA256_RECORDED,f1e94c10a79ad8b4dc2edc25908294afec13f53ded0630a3c389ef3cee5ab950,101,player_id|player_name|position|team|current_nwr_rank|current_position_rank|current_nwr_score|formula_score|formula_score_before_overlay|position_formula_used|formula_implementation|formula_evidence_reference|position_rank|overall_rank|normalized_score|prior_nwr_points|prior_nwr_ppg|prior_games|prior_opportunities|sparse_history_overlay_eligible|sparse_history_overlay_applied|sparse_history_overlay_effect|veteran_decline_guardrail_flag|older_lifecycle_guardrail_flag|availability_rebound_context_flag|starter_depth_promotion_context_flag|snap_growth_role_promotion_context_flag|injury_availability_warning_flag|low_snap_depth_warning_flag|expected_opportunity_partial_window_flag|...(+24 columns),off-HQ commit 2026-07-09; not ancestor of live HQ,"Off-HQ Git object is retained for audit discovery and no-recreate protection only; active evidence, migration, ranking, formula, training, production, and runtime use are blocked.",1.0.0
art_4df47c13ada3cdb5,markdown/text,LATER_OUTCOME_RESEARCH,SUPPORTING_EVIDENCE,,LIVE_HQ,loc_dc6dbaf9c00ad6721bc8a6c9,,,,false,true,NO_DUPLICATE_FLAG,NOT_SUPERSEDED,SEPARATE_LEDGER_CONTROLS,REGISTERED_METADATA_ONLY,SOURCE_INVENTORY_SHA256_RECORDED,a5bd4c3d8803cee804a08a8da17244b223990171351629eb8b98fe9428c6fd7f,N/A,markdown/text,July 9 2026 research snapshots,authority is limited to the artifact's documented scope,1.0.0
art_4e12130032e2b917,player|pos|nfl_team|source_presence|final_board_rank|dynasty_rank|age|per_game_signal_available|annual_total_signal_available|games_missed_signal|injury_shortened_year_flag|current_injury_status_available|current_injury_status|recovery_risk_band|chronic_injury_risk_band|injury_data_confidence|outcome_context|warning_or_data_gap|model_treatment_summary|human_review_warning|current_display_likely_misleading,PRODUCT_CONSUMER,SUPPORTING_EVIDENCE,,LIVE_HQ,loc_72367fc0cb131e774f5494ca,,,,false,true,NO_DUPLICATE_FLAG,NOT_SUPERSEDED,SEPARATE_LEDGER_CONTROLS,REGISTERED_METADATA_ONLY,SOURCE_INVENTORY_SHA256_RECORDED,61531ef73dcec9037cd834b9ecd8cf24ed25701e2f2cd05cf9ee13f2456a2ed1,15,player|pos|nfl_team|source_presence|final_board_rank|dynasty_rank|age|per_game_signal_available|annual_total_signal_available|games_missed_signal|injury_shortened_year_flag|current_injury_status_available|current_injury_status|recovery_risk_band|chronic_injury_risk_band|injury_data_confidence|outcome_context|warning_or_data_gap|model_treatment_summary|human_review_warning|current_display_likely_misleading,live HQ at starting commit,authority is limited to the artifact's documented scope,1.0.0
art_4e2fd2c3c0a64402,artifact|rows|source|seasons|scoring_mode|review_only|model_input_allowed|training_allowed|app_wiring_allowed,ROOKIE_SEASON_AND_MULTI_YEAR_OUTCOME,SUPPORTING_EVIDENCE,,LOCAL_ONLY,loc_1179929651da782363963923,,,,false,true,NO_DUPLICATE_FLAG,NOT_SUPERSEDED,SEPARATE_LEDGER_CONTROLS,REGISTERED_METADATA_ONLY,SOURCE_INVENTORY_SHA256_RECORDED,4a4ee9d7f739ef6e39a2027c60357d81b9b0cb344006ddce7bc2e29713f322b4,3,artifact|rows|source|seasons|scoring_mode|review_only|model_input_allowed|training_allowed|app_wiring_allowed,packet-specific immutable runs; some local receipts only,multiple scoring/rank systems conflict; position-threshold applicability must be explicit; not tracked at live HQ HEAD,1.0.0
art_4e6cab0fdba0129a,position|threshold|complete_5y_rows_before|positive_hits_before|censored_or_missing_before|complete_5y_rows_after|positive_hits_after|misses_after|censored_or_missing_after|app_validation_note,ROOKIE_SEASON_AND_MULTI_YEAR_OUTCOME,SUPPORTING_EVIDENCE,,LOCAL_ONLY,loc_fce5c5ec69baa95b8a2aab46,,,,false,true,NO_DUPLICATE_FLAG,NOT_SUPERSEDED,SEPARATE_LEDGER_CONTROLS,REGISTERED_METADATA_ONLY,SOURCE_INVENTORY_SHA256_RECORDED,e08a129dc0092c2f10b35e2da955be9a48b07889539019aa1cca1bdd95cc7668,12,position|threshold|complete_5y_rows_before|positive_hits_before|censored_or_missing_before|complete_5y_rows_after|positive_hits_after|misses_after|censored_or_missing_after|app_validation_note,packet-specific immutable runs; some local receipts only,multiple scoring/rank systems conflict; position-threshold applicability must be explicit; not tracked at live HQ HEAD,1.0.0
art_4e75ef08bc151810,match_row_id|nwr_player_id|player_id|player_name|position|season|sidecar_component_count|observed_component_weighted_sum|label_family|label_name|label_value|hit_status|censoring_status|observed_row_scoring_ready|global_scoring_ready|label_truth_allowed|model_use_allowed|training_allowed|source_truth_allowed|notes,ROOKIE_SEASON_AND_MULTI_YEAR_OUTCOME,SUPPORTING_EVIDENCE,,LIVE_HQ,loc_68870fd895b57a1f61ee7bcf,,,,false,true,NO_DUPLICATE_FLAG,NOT_SUPERSEDED,SEPARATE_LEDGER_CONTROLS,REGISTERED_METADATA_ONLY,SOURCE_INVENTORY_SHA256_RECORDED,8447c4dea9b6eddce765920ff00a3d52d191b1d3aed3eab0411324affcd12cd4,2976,match_row_id|nwr_player_id|player_id|player_name|position|season|sidecar_component_count|observed_component_weighted_sum|label_family|label_name|label_value|hit_status|censoring_status|observed_row_scoring_ready|global_scoring_ready|label_truth_allowed|model_use_allowed|training_allowed|source_truth_allowed|notes,packet-specific immutable runs; some local receipts only,multiple scoring/rank systems conflict; position-threshold applicability must be explicit,1.0.0
art_4f3e01ae51504e50,file,PRE_DRAFT_LEGACY,LOCAL_ONLY_RESTRICTED,,LOCAL_ONLY_RESTRICTED,loc_ca264f5ddaee670b2ebcf61a,,,,false,true,NO_DUPLICATE_FLAG,NOT_SUPERSEDED,NO_RECREATE_REQUIRED,REGISTERED_METADATA_ONLY,WITHHELD_OR_NOT_PERMITTED,,N/A,restricted aggregate; content withheld,recovered local artifacts; exact acquisition receipts incomplete,"Restricted aggregate metadata only; raw paths, provider content, private identifiers, and reversible locator material are withheld.",1.0.0
art_4fc2756f26b3078d,markdown/text,ROOKIE_SEASON_AND_MULTI_YEAR_OUTCOME,SUPPORTING_EVIDENCE,,LIVE_HQ,loc_781922b50ce76e445a97b3a5,,,,false,true,NO_DUPLICATE_FLAG,NOT_SUPERSEDED,SEPARATE_LEDGER_CONTROLS,REGISTERED_METADATA_ONLY,SOURCE_INVENTORY_SHA256_RECORDED,7a3f2828c5112b3ed33a1b80cb5db65c8b507f290eb20c6136d736e70aa04b8c,N/A,markdown/text,packet-specific immutable runs; some local receipts only,multiple scoring/rank systems conflict; position-threshold applicability must be explicit,1.0.0
art_4fcb1c62062e4485,markdown/text,ROOKIE_SEASON_AND_MULTI_YEAR_OUTCOME,SUPPORTING_EVIDENCE,,LIVE_HQ,loc_eadcda96bcdf6e739b62407e,,,,false,true,NO_DUPLICATE_FLAG,NOT_SUPERSEDED,SEPARATE_LEDGER_CONTROLS,REGISTERED_METADATA_ONLY,SOURCE_INVENTORY_SHA256_RECORDED,5b954026d491533580df466fc4093ad54c703aec5bc4cd28977cafdb51466bc4,N/A,markdown/text,packet-specific immutable runs; some local receipts only,multiple scoring/rank systems conflict; position-threshold applicability must be explicit,1.0.0
art_4fe02cda1bd33590,markdown/text,ROOKIE_SEASON_AND_MULTI_YEAR_OUTCOME,SUPPORTING_EVIDENCE,,LIVE_HQ,loc_f6f1010e560510fce329749e,,,,false,true,NO_DUPLICATE_FLAG,NOT_SUPERSEDED,SEPARATE_LEDGER_CONTROLS,REGISTERED_METADATA_ONLY,SOURCE_INVENTORY_SHA256_RECORDED,97fa270f5dfbf1a4abed087511b753fb9b72360224af2044977c2d8eeb1a4224,N/A,markdown/text,packet-specific immutable runs; some local receipts only,multiple scoring/rank systems conflict; position-threshold applicability must be explicit,1.0.0
art_500e72f2eb83a7ab,markdown/text,LATER_OUTCOME_RESEARCH,SUPPORTING_EVIDENCE,,LIVE_HQ,loc_fe050791d754bea438dfa6d8,,,,false,true,NO_DUPLICATE_FLAG,NOT_SUPERSEDED,SEPARATE_LEDGER_CONTROLS,REGISTERED_METADATA_ONLY,SOURCE_INVENTORY_SHA256_RECORDED,0b0584d43ce75fc571d32eec5fa6c6f95f9239d17e4adc825f8ce8aa1b425974,N/A,markdown/text,July 9 2026 research snapshots,authority is limited to the artifact's documented scope,1.0.0
art_501ae45d18cff3c4,markdown/text,DRAFT_EVENT,SUPPORTING_EVIDENCE,,LIVE_HQ,loc_18176d609afc16200c3dbd2d,,,,false,true,NO_DUPLICATE_FLAG,NOT_SUPERSEDED,SEPARATE_LEDGER_CONTROLS,REGISTERED_METADATA_ONLY,SOURCE_INVENTORY_SHA256_RECORDED,c4b79ad2ed6e2e54c747c4c0731ff8d49cd600964e2f4c44894554d33a721b3f,N/A,markdown/text,static completed draft events; source timestamps/receipt IDs incomplete in several derivatives,positive draft facts only; missing draft evidence remains unknown; current name+position joins are review-only,1.0.0
art_501f564fdb6db3d5,match_row_id|nwr_player_id|player_id|player_name|position|season|week|sidecar_stat_name|sidecar_stat_value|label_family|label_name|label_value|hit_status|censoring_status|scoring_parity_status|label_truth_allowed|model_use_allowed|training_allowed|source_truth_allowed|notes,ROOKIE_SEASON_AND_MULTI_YEAR_OUTCOME,DUPLICATE_EQUIVALENT,,LIVE_HQ,loc_98723000447e23ccfa1f75da,,,,false,true,DUPLICATE_RECORDED,NOT_SUPERSEDED,SEPARATE_LEDGER_CONTROLS,REGISTERED_METADATA_ONLY,SOURCE_INVENTORY_SHA256_RECORDED,6a4f2fa5a562efa0d0d846c3f50ecb98b50ae0fdde6202ddd686ed34dde23227,25488,match_row_id|nwr_player_id|player_id|player_name|position|season|week|sidecar_stat_name|sidecar_stat_value|label_family|label_name|label_value|hit_status|censoring_status|scoring_parity_status|label_truth_allowed|model_use_allowed|training_allowed|source_truth_allowed|notes,packet-specific immutable runs; some local receipts only,contains 12744 exact duplicate row groups / 12744 excess rows; no dedup performed; multiple scoring/rank systems conflict; position-threshold applicability must be explicit,1.0.0
art_5069f10a4298f864,scoreboard_window|formula_id|miss_type|position|lifecycle_bucket|miss_rows|share_of_formula_position_misses,LATER_OUTCOME_RESEARCH,SUPPORTING_EVIDENCE,,LIVE_HQ,loc_287f0fc32b4b5ba51e1f7948,,,,false,true,NO_DUPLICATE_FLAG,NOT_SUPERSEDED,SEPARATE_LEDGER_CONTROLS,REGISTERED_METADATA_ONLY,SOURCE_INVENTORY_SHA256_RECORDED,480c64ed43f2cd9c885191d69de916feb1a4d216d8b1649ac034d6994d73ad85,124,scoreboard_window|formula_id|miss_type|position|lifecycle_bucket|miss_rows|share_of_formula_position_misses,July 9 2026 research snapshots,authority is limited to the artifact's documented scope,1.0.0
art_50a93086646098d9,markdown/text,PRE_DRAFT,SUPPORTING_EVIDENCE,,LIVE_HQ,loc_bef757b568b04646a6e8b491,,,,false,true,NO_DUPLICATE_FLAG,NOT_SUPERSEDED,SEPARATE_LEDGER_CONTROLS,REGISTERED_METADATA_ONLY,SOURCE_INVENTORY_SHA256_RECORDED,44ec04682354ab535aefe8d45567c10febebbedb3b534a12361a2cec7c0c916d,N/A,markdown/text,June 30 2026; measurement source timestamp incomplete,authority is limited to the artifact's documented scope,1.0.0
art_50cb6a1d63a26660,markdown/text,DRAFT_EVENT,SUPPORTING_EVIDENCE,,LIVE_HQ,loc_7f2ed4873e7b3b6f0b537ecf,,,,false,true,NO_DUPLICATE_FLAG,NOT_SUPERSEDED,SEPARATE_LEDGER_CONTROLS,REGISTERED_METADATA_ONLY,SOURCE_INVENTORY_SHA256_RECORDED,08e23d985854545b64a6254395117cb3d6264e5c6d9e49b1f0c98e8ae6e60b46,N/A,markdown/text,static completed draft events; source timestamps/receipt IDs incomplete in several derivatives,positive draft facts only; missing draft evidence remains unknown; current name+position joins are review-only,1.0.0
art_5101281be71f115a,py,CROSS_LIFECYCLE,SUPPORTING_EVIDENCE,,LIVE_HQ,loc_45bc166a8a8916c8fbfead65,,,,false,true,NO_DUPLICATE_FLAG,NOT_SUPERSEDED,SEPARATE_LEDGER_CONTROLS,REGISTERED_METADATA_ONLY,SOURCE_INVENTORY_SHA256_RECORDED,ec2d101bb8454b0b206ee53810f108077f4eac62f9799de94d9badd01a20288f,N/A,py,packet-specific snapshot,authority is limited to the artifact's documented scope,1.0.0
art_51418ffc4fbf172c,markdown/text,DRAFT_EVENT_TO_ROOKIE_OUTCOME_BRIDGE,SUPPORTING_EVIDENCE,,LIVE_HQ,loc_7bb4a55092bf08c3b36456c7,,,,false,true,NO_DUPLICATE_FLAG,NOT_SUPERSEDED,SEPARATE_LEDGER_CONTROLS,REGISTERED_METADATA_ONLY,SOURCE_INVENTORY_SHA256_RECORDED,017a145d2577f23fe30fe449b72b5570b26c89707f011e00979483812eabe72b,N/A,markdown/text,local run 2026-06-29; raw input receipt/hash incomplete,authority is limited to the artifact's documented scope,1.0.0
art_517a12f4b1288769,markdown/text,ROOKIE_SEASON_AND_MULTI_YEAR_OUTCOME,SUPPORTING_EVIDENCE,,LIVE_HQ,loc_c621a1f1978b848c67470904,,,,false,true,NO_DUPLICATE_FLAG,NOT_SUPERSEDED,SEPARATE_LEDGER_CONTROLS,REGISTERED_METADATA_ONLY,SOURCE_INVENTORY_SHA256_RECORDED,d5f06092154d2474f07c220bd2bf7fb9700b9bb2b32e3668422aedc5bb666c36,N/A,markdown/text,packet-specific immutable runs; some local receipts only,multiple scoring/rank systems conflict; position-threshold applicability must be explicit,1.0.0
art_51e3c1f17930dcd1,priority|candidate|user_value_10|confidence_10|effort_10_high_is_hard|data_readiness_10|source_readiness_10|regression_risk_10|production_risk_10|dependency_count_10|testability_10|reversibility_10|priority_score_100|classification|blocker_override,GOVERNANCE,CANONICAL_ADMITTED,,LIVE_HQ,loc_05a7aa8845975d4f2df65cb6,,,,true,false,NO_DUPLICATE_FLAG,NOT_SUPERSEDED,SEPARATE_LEDGER_CONTROLS,REGISTERED_METADATA_ONLY,SOURCE_INVENTORY_SHA256_RECORDED,c0d1b797dd27144e195327b8bb9f113500e30feefc2659688180a37e4444845f,10,priority|candidate|user_value_10|confidence_10|effort_10_high_is_hard|data_readiness_10|source_readiness_10|regression_risk_10|production_risk_10|dependency_count_10|testability_10|reversibility_10|priority_score_100|classification|blocker_override,versioned canonical packet,authority is limited to the artifact's documented scope,1.0.0
art_5214b7177aa20d72,py,CROSS_LIFECYCLE_IDENTITY,IDENTITY_UNRESOLVED,,LIVE_HQ,loc_0d6e583c45a9f53e0c9aa359,,,,false,true,NO_DUPLICATE_FLAG,NOT_SUPERSEDED,SEPARATE_LEDGER_CONTROLS,REGISTERED_METADATA_ONLY,SOURCE_INVENTORY_SHA256_RECORDED,3fe3fc99b56ce7b6ce3f6741864b91d1175ea5ec4c0296ad3c2f1017aa09fefe,N/A,py,2026-06-26 to 2026-06-29 review snapshots,human review approval is review-only; normalized name/position is not controlling identity,1.0.0
art_522413c779274053,markdown/text,LATER_OUTCOME_RESEARCH,SUPPORTING_EVIDENCE,,LIVE_HQ,loc_11ecc355b1aea305c3f27ea5,,,,false,true,NO_DUPLICATE_FLAG,NOT_SUPERSEDED,SEPARATE_LEDGER_CONTROLS,REGISTERED_METADATA_ONLY,SOURCE_INVENTORY_SHA256_RECORDED,a3d3cd07d0419e5c17c951d230f36cdadc06b1426e2ddc6a1c732d4f753f6240,N/A,markdown/text,July 9 2026 research snapshots,authority is limited to the artifact's documented scope,1.0.0
art_523c0c1673f3ab98,markdown/text,LATER_OUTCOME_RESEARCH,SUPPORTING_EVIDENCE,,LIVE_HQ,loc_12fd061e78156de45eb4e910,,,,false,true,NO_DUPLICATE_FLAG,NOT_SUPERSEDED,SEPARATE_LEDGER_CONTROLS,REGISTERED_METADATA_ONLY,SOURCE_INVENTORY_SHA256_RECORDED,92d9588ec0abe26b6d6839019fc4cdac739266928431dc26fd693d20646f4f43,N/A,markdown/text,July 9 2026 research snapshots,authority is limited to the artifact's documented scope,1.0.0
art_526a500b2609a6e4,markdown/text,DRAFT_EVENT,SUPPORTING_EVIDENCE,,LIVE_HQ,loc_8965b42c71080c8aa892ea18,,,,false,true,NO_DUPLICATE_FLAG,NOT_SUPERSEDED,SEPARATE_LEDGER_CONTROLS,REGISTERED_METADATA_ONLY,SOURCE_INVENTORY_SHA256_RECORDED,e219a57614506fdffc1c3fc40fd0bb2d4ce0b9360a082a9a47e04ddd2738573a,N/A,markdown/text,June 30 2026 packet snapshots,likely/confirmed-review-only must not be treated as verified undrafted truth,1.0.0
art_52846a367469d530,player_name|position|draft_year|rookie_class_year|draft_round|draft_pick|drafted_team|nfl_team_initial|college_team|nfl_player_id|gsis_id|player_stats_id|pfr_player_id|cfb_player_id|nwr_player_id|cfbd_player_id|identity_source_status|draft_class_source_status|nfl_id_source_status|outcome_label_link_status|first_outcome_season_available|rookie_year_label_possible|year_2_label_possible|first_3y_window_complete|fifth_year_window_complete|bridge_status|blocker_reason|review_only|model_use_allowed|training_allowed,DRAFT_EVENT_TO_ROOKIE_OUTCOME_BRIDGE,SUPPORTING_EVIDENCE,,LOCAL_ONLY,loc_0c8c42e6d16306d71b68fb05,,,,false,true,NO_DUPLICATE_FLAG,NOT_SUPERSEDED,SEPARATE_LEDGER_CONTROLS,REGISTERED_METADATA_ONLY,SOURCE_INVENTORY_SHA256_RECORDED,1eb9652fc048877fba45de4a3a178d0a34ed2eb29456dc85cd928475513eb31d,1025,player_name|position|draft_year|rookie_class_year|draft_round|draft_pick|drafted_team|nfl_team_initial|college_team|nfl_player_id|gsis_id|player_stats_id|pfr_player_id|cfb_player_id|nwr_player_id|cfbd_player_id|identity_source_status|draft_class_source_status|nfl_id_source_status|outcome_label_link_status|first_outcome_season_available|rookie_year_label_possible|year_2_label_possible|first_3y_window_complete|fifth_year_window_complete|bridge_status|blocker_reason|review_only|model_use_allowed|training_allowed,local run 2026-06-29; raw input receipt/hash incomplete,local-only; tracked manifest lacks complete raw receipt/hash lineage; five rows lack GSIS,1.0.0
art_52a9955212eb5ed2,feature_family|feature_name|source|availability_status|approval_status|allowed_for_review_only_model_rd|allowed_for_display_context|model_use_allowed|training_allowed|review_only|leakage_risk|missingness_risk|blocker_reason|required_next_gate|notes,DRAFT_EVENT,SUPPORTING_EVIDENCE,,LIVE_HQ,loc_9b1e83a49d802cadfdaac92e,,,,false,true,NO_DUPLICATE_FLAG,NOT_SUPERSEDED,SEPARATE_LEDGER_CONTROLS,REGISTERED_METADATA_ONLY,SOURCE_INVENTORY_SHA256_RECORDED,f9d445ad26fa557a6007837d60159b2bd6ebc23d04e3fcbfa66f74ee637aa518,9,feature_family|feature_name|source|availability_status|approval_status|allowed_for_review_only_model_rd|allowed_for_display_context|model_use_allowed|training_allowed|review_only|leakage_risk|missingness_risk|blocker_reason|required_next_gate|notes,static completed draft events; source timestamps/receipt IDs incomplete in several derivatives,positive draft facts only; missing draft evidence remains unknown; current name+position joins are review-only,1.0.0
art_5335346b0c7c9d14,inventory_key|source_class|file_type|count|canonical_action|privacy_note,GOVERNANCE,SUPPORTING_EVIDENCE,,LIVE_HQ,loc_fafbab6779e31674104ee98c,,,,false,true,NO_DUPLICATE_FLAG,NOT_SUPERSEDED,SEPARATE_LEDGER_CONTROLS,REGISTERED_METADATA_ONLY,SOURCE_INVENTORY_SHA256_RECORDED,e2502707cf9ccc4d075dd995e085b4f46f18ca8a998a67fef7581d3096be1619,8,inventory_key|source_class|file_type|count|canonical_action|privacy_note,canonical closeout at starting HEAD,authority is limited to the artifact's documented scope,1.0.0
art_535d10245602af9e,markdown/text,DRAFT_EVENT_AND_POST_DRAFT_PRESEASON,SUPPORTING_EVIDENCE,,LIVE_HQ,loc_c41a38040438551cfbcba586,,,,false,true,NO_DUPLICATE_FLAG,NOT_SUPERSEDED,SEPARATE_LEDGER_CONTROLS,REGISTERED_METADATA_ONLY,SOURCE_INVENTORY_SHA256_RECORDED,8a4e34b53f73bba09d7e09ef42952d30014f05bbb1332734ab73389a3ef472d5,N/A,markdown/text,June 29-30 2026; no uniform row-level source timestamp,published counts may be duplicate-inflated; three distinct current records have no stable candidate ID,1.0.0
art_535fbc87951292ef,file,PRE_DRAFT,LOCAL_ONLY_RESTRICTED,,LOCAL_ONLY_RESTRICTED,loc_6167713ad064a737a46a534e,,,,false,true,NO_DUPLICATE_FLAG,NOT_SUPERSEDED,NO_RECREATE_REQUIRED,REGISTERED_METADATA_ONLY,WITHHELD_OR_NOT_PERMITTED,,N/A,restricted aggregate; content withheld,run 2026-06-26,"Restricted aggregate metadata only; raw paths, provider content, private identifiers, and reversible locator material are withheld.",1.0.0
art_5388da371dabee22,readiness_gate|required_evidence_from_provider_response|green_condition|yellow_condition|red_condition|review_owner|notes,ROOKIE_SEASON_AND_MULTI_YEAR_OUTCOME,SUPPORTING_EVIDENCE,,LIVE_HQ,loc_d7b3090831b5583b55f995ab,,,,false,true,NO_DUPLICATE_FLAG,NOT_SUPERSEDED,SEPARATE_LEDGER_CONTROLS,REGISTERED_METADATA_ONLY,SOURCE_INVENTORY_SHA256_RECORDED,06efd3f21e922e5f47a22b48abcc24682c23c7678cb7e15e09ba7ed47cd9725b,15,readiness_gate|required_evidence_from_provider_response|green_condition|yellow_condition|red_condition|review_owner|notes,packet-specific 2026 receipts,authority is limited to the artifact's documented scope,1.0.0
art_53fe73d852f1cb26,candidate_name|role|historical_definition|fit_method|feature_list|alpha|intercept|eligible_for_new_challenger_label|prior_selection_caveat|supported_positions|status,PROTECTED_FROZEN_GOVERNANCE,CANONICAL_REVIEW_ONLY,,LIVE_HQ,loc_d8bb71eb267d31e06877193f,,,,true,false,NO_DUPLICATE_FLAG,NOT_SUPERSEDED,SEPARATE_LEDGER_CONTROLS,REGISTERED_METADATA_ONLY,SOURCE_INVENTORY_SHA256_RECORDED,47a36872cb2872c9d2fc96e72b8073219c4d6a808bcc5acc088f553b6c502ccf,3,candidate_name|role|historical_definition|fit_method|feature_list|alpha|intercept|eligible_for_new_challenger_label|prior_selection_caveat|supported_positions|status,frozen 2026-07-10 before outcomes,authority is limited to the artifact's documented scope,1.0.0
art_540b278337f310de,scope|artifact|recorded_sha256|actual_sha256|status|resolution,PROTECTED_FROZEN_GOVERNANCE,CANONICAL_REVIEW_ONLY,,LIVE_HQ,loc_e8068e44c073908790b64a2a,,,,true,false,NO_DUPLICATE_FLAG,NOT_SUPERSEDED,SEPARATE_LEDGER_CONTROLS,REGISTERED_METADATA_ONLY,SOURCE_INVENTORY_SHA256_RECORDED,88cb4fb844bb806bb8a1431d54be045e5ea9ab04781ec17027411b14e0fe6bb9,40,scope|artifact|recorded_sha256|actual_sha256|status|resolution,frozen 2026-07-10 before outcomes,authority is limited to the artifact's documented scope,1.0.0
art_54326bee0e6a1bc4,markdown/text,LATER_OUTCOME_RESEARCH,SUPPORTING_EVIDENCE,,LIVE_HQ,loc_b0a9f81851ce9a5ebc54944f,,,,false,true,NO_DUPLICATE_FLAG,NOT_SUPERSEDED,SEPARATE_LEDGER_CONTROLS,REGISTERED_METADATA_ONLY,SOURCE_INVENTORY_SHA256_RECORDED,3dc91f99e6c7a9f43f369b93e5d097c79793d37a7031ee8d3a7945707bab5650,N/A,markdown/text,July 9 2026 research snapshots,authority is limited to the artifact's documented scope,1.0.0
art_543c3d48a2daef1a,source_name|source_table|source_kind|default_admissibility|private_value_allowed|display_only|source_risk|license_note|allowed_model_components|forbidden_model_components,GOVERNANCE,CANONICAL_ADMITTED,,LIVE_HQ,loc_2cc3bac7901b181181e8cbeb,,,,true,false,NO_DUPLICATE_FLAG,NOT_SUPERSEDED,SEPARATE_LEDGER_CONTROLS,REGISTERED_METADATA_ONLY,SOURCE_INVENTORY_SHA256_RECORDED,aa44797ddca17c1aa9133fea6a47716087652c07dde9874c44a59983bb223d48,36,source_name|source_table|source_kind|default_admissibility|private_value_allowed|display_only|source_risk|license_note|allowed_model_components|forbidden_model_components,versioned policy snapshot,authority is limited to the artifact's documented scope,1.0.0
art_54c3aa9e94efcdeb,py,PRE_DRAFT_AND_TIMING_GOVERNANCE,SUPPORTING_EVIDENCE,,LIVE_HQ,loc_f504e6500f7f9c479c101e44,,,,false,true,NO_DUPLICATE_FLAG,NOT_SUPERSEDED,SEPARATE_LEDGER_CONTROLS,REGISTERED_METADATA_ONLY,SOURCE_INVENTORY_SHA256_RECORDED,fe3ee60f66b954c688de0d0e23b74944b856d06035b15b28695e545f0b999318,N/A,py,as-of policy present; zero experiment-ready player/feature rows,authority is limited to the artifact's documented scope,1.0.0
art_54c88ec87c11fa53,markdown/text,PRODUCT_CONSUMER,SUPPORTING_EVIDENCE,,LIVE_HQ,loc_6c3b56cd04caaed7dc7e90cf,,,,false,true,NO_DUPLICATE_FLAG,NOT_SUPERSEDED,SEPARATE_LEDGER_CONTROLS,REGISTERED_METADATA_ONLY,SOURCE_INVENTORY_SHA256_RECORDED,9cb8c7bbfe2676295698d41e47189a18903f7d646f3e1b126a14d2470fa74901,N/A,markdown/text,live HQ at starting commit,authority is limited to the artifact's documented scope,1.0.0
art_551ec5605837d261,player_name|position|rookie_class_year|evidence_basis|draft_lookup_status|possible_udfa_flag|possible_free_agent_rookie_flag|identity_risk_flags|recommended_entry_status|blocker_reason|review_only|model_use_allowed|training_allowed,DRAFT_EVENT,SUPPORTING_EVIDENCE,,LIVE_HQ,loc_5fda7e6715eabadccc4ad71c,,,,false,true,NO_DUPLICATE_FLAG,NOT_SUPERSEDED,SEPARATE_LEDGER_CONTROLS,REGISTERED_METADATA_ONLY,SOURCE_INVENTORY_SHA256_RECORDED,b4a0ebcfb597e2db3297daefdba34fe12c5855611006f4e8ca7161a0c4a8c854,2654,player_name|position|rookie_class_year|evidence_basis|draft_lookup_status|possible_udfa_flag|possible_free_agent_rookie_flag|identity_risk_flags|recommended_entry_status|blocker_reason|review_only|model_use_allowed|training_allowed,June 30 2026 snapshot; source acquisition receipt incomplete,"2,514 likely-UDFA rows are provisional; tracked builder/input receipt is missing; no evidence modified",1.0.0
art_55210162b555f0b8,markdown/text,PRODUCT_CONSUMER,SUPPORTING_EVIDENCE,,LIVE_HQ,loc_71949117584574c0817965d0,,,,false,true,NO_DUPLICATE_FLAG,NOT_SUPERSEDED,SEPARATE_LEDGER_CONTROLS,REGISTERED_METADATA_ONLY,SOURCE_INVENTORY_SHA256_RECORDED,4b0394b86fc9e8d3995b5dd573164eb30d37403c9ceee7242c87314c2ee8cbd8,N/A,markdown/text,live HQ at starting commit,authority is limited to the artifact's documented scope,1.0.0
art_552b2ecad02ee50f,py,PRODUCT_CONSUMER,SUPPORTING_EVIDENCE,,LIVE_HQ,loc_106027d97f7dd2467bac4c0d,,,,false,true,NO_DUPLICATE_FLAG,NOT_SUPERSEDED,SEPARATE_LEDGER_CONTROLS,REGISTERED_METADATA_ONLY,SOURCE_INVENTORY_SHA256_RECORDED,d1169fc48dfdac961fde44d68874ab1232b1697f829f34ee9a4aff17e6c16d40,N/A,py,live HQ at starting commit,authority is limited to the artifact's documented scope,1.0.0
art_55480e9e20996632,metric|value|notes|review_only|display_only|model_use_allowed|training_allowed|rankings_wiring_allowed,DRAFT_EVENT_AND_POST_DRAFT_PRESEASON,SUPERSEDED,,LOCAL_ONLY,loc_3eda1615c08a4762525b4e2f,,,,false,true,NO_DUPLICATE_FLAG,SUPERSEDED_RECORDED,SEPARATE_LEDGER_CONTROLS,REGISTERED_METADATA_ONLY,SOURCE_INVENTORY_SHA256_RECORDED,0b9a979f1da8e3492a1d631f9bee33afc52a4ea0fae94aad68e64870f509028c,3,metric|value|notes|review_only|display_only|model_use_allowed|training_allowed|rankings_wiring_allowed,June 29-30 2026; no uniform row-level source timestamp,published counts may be duplicate-inflated; three distinct current records have no stable candidate ID; not tracked at live HQ HEAD,1.0.0
art_55e8dc4b77708210,source_candidate|source_sha256|source_rows|compact_label_rows_created|seasons_covered|positions_covered|label_families|observed_hit_rows|observed_miss_rows|not_applicable_rows|not_enough_information_rows|censored_rows|review_use_allowed|label_truth_allowed|model_use_allowed|training_allowed|source_truth_allowed|blocker_reason|notes,ROOKIE_SEASON_AND_MULTI_YEAR_OUTCOME,SUPPORTING_EVIDENCE,,LIVE_HQ,loc_15fa17eb29f64124d34679e2,,,,false,true,NO_DUPLICATE_FLAG,NOT_SUPERSEDED,SEPARATE_LEDGER_CONTROLS,REGISTERED_METADATA_ONLY,SOURCE_INVENTORY_SHA256_RECORDED,24aa891f6893b39ce7b84cb91769131ca5f809daeb96bcd4a7d64508a4787ef0,3,source_candidate|source_sha256|source_rows|compact_label_rows_created|seasons_covered|positions_covered|label_families|observed_hit_rows|observed_miss_rows|not_applicable_rows|not_enough_information_rows|censored_rows|review_use_allowed|label_truth_allowed|model_use_allowed|training_allowed|source_truth_allowed|blocker_reason|notes,packet-specific immutable runs; some local receipts only,multiple scoring/rank systems conflict; position-threshold applicability must be explicit,1.0.0
art_563a81beb7a325ed,path|change_type|purpose,PROTECTED_FROZEN_GOVERNANCE,CANONICAL_REVIEW_ONLY,,LIVE_HQ,loc_b18d9ca64280a19368f0370f,,,,true,false,NO_DUPLICATE_FLAG,NOT_SUPERSEDED,SEPARATE_LEDGER_CONTROLS,REGISTERED_METADATA_ONLY,SOURCE_INVENTORY_SHA256_RECORDED,b1febbf984612af3e59e23aa3906afbd3ef5a0aad7358b4264c7f92b01c3ed04,20,path|change_type|purpose,frozen 2026-07-10 before outcomes,authority is limited to the artifact's documented scope,1.0.0
art_5668a763f9a99fe2,markdown/text,CROSS_LIFECYCLE_IDENTITY,SUPERSEDED,,LIVE_HQ,loc_e6e7fa58849ae29713d648dd,,,,false,true,NO_DUPLICATE_FLAG,SUPERSEDED_RECORDED,SEPARATE_LEDGER_CONTROLS,REGISTERED_METADATA_ONLY,SOURCE_INVENTORY_SHA256_RECORDED,ce1dbb8be808d09a082ddab0373464866ab358c507ea38bdc134d9e7605b73be,N/A,markdown/text,2026-06-26 to 2026-06-29 review snapshots,human review approval is review-only; normalized name/position is not controlling identity,1.0.0
art_56bb2c8641ac976e,panel|dataset_or_artifact|required_columns_or_keys|dataset_status_found|safe_to_wire|fallback_behavior|source_policy_notes,PRODUCT_CONSUMER,SUPPORTING_EVIDENCE,,LIVE_HQ,loc_3644e863de9d3d5b6523c226,,,,false,true,NO_DUPLICATE_FLAG,NOT_SUPERSEDED,SEPARATE_LEDGER_CONTROLS,REGISTERED_METADATA_ONLY,SOURCE_INVENTORY_SHA256_RECORDED,ecdc853aaf527884b3ea6c6804d3e2eb462110d69aadf6bdf5b1d7d90d38741c,9,panel|dataset_or_artifact|required_columns_or_keys|dataset_status_found|safe_to_wire|fallback_behavior|source_policy_notes,live HQ at starting commit,authority is limited to the artifact's documented scope,1.0.0
art_56ed7795d12036d8,markdown/text,DRAFT_EVENT,SUPPORTING_EVIDENCE,,LIVE_HQ,loc_9f30586968d7a14bbd7876bd,,,,false,true,NO_DUPLICATE_FLAG,NOT_SUPERSEDED,SEPARATE_LEDGER_CONTROLS,REGISTERED_METADATA_ONLY,SOURCE_INVENTORY_SHA256_RECORDED,6882edf27467076c96335193fe4bcee7f6c8aacf12ad9590c67c747ac1046056,N/A,markdown/text,June 30 2026 packet snapshots,likely/confirmed-review-only must not be treated as verified undrafted truth,1.0.0
art_570f10960423d7f3,column_name|required|field_type|nullable|source_field_or_rule|missingness_rule|allowed_use|prohibited_use|notes,ROOKIE_SEASON_AND_MULTI_YEAR_OUTCOME,SUPPORTING_EVIDENCE,,LIVE_HQ,loc_33ce0f35c581fe0b53e74840,,,,false,true,NO_DUPLICATE_FLAG,NOT_SUPERSEDED,SEPARATE_LEDGER_CONTROLS,REGISTERED_METADATA_ONLY,SOURCE_INVENTORY_SHA256_RECORDED,8d5ec638b3aac22522207e04337dd62ccc7311e8effea2808d6fb005536b97b7,21,column_name|required|field_type|nullable|source_field_or_rule|missingness_rule|allowed_use|prohibited_use|notes,packet-specific immutable runs; some local receipts only,multiple scoring/rank systems conflict; position-threshold applicability must be explicit,1.0.0
art_5723fbcc89339b94,field_id|threshold|complete_rows|positive_count|negative_count|prevalence|censored_or_missing_rows|complete_anchor_seasons|display_only|diagnostic_only|model_use_allowed,ROOKIE_SEASON_AND_MULTI_YEAR_OUTCOME,SUPPORTING_EVIDENCE,,LOCAL_ONLY,loc_5bdfbc77063a55859887d9d8,,,,false,true,NO_DUPLICATE_FLAG,NOT_SUPERSEDED,SEPARATE_LEDGER_CONTROLS,REGISTERED_METADATA_ONLY,SOURCE_INVENTORY_SHA256_RECORDED,49299522147ef3009ab99a5fb9474b0e133b58beb6eb53d75d4468ee5bf78584,5,field_id|threshold|complete_rows|positive_count|negative_count|prevalence|censored_or_missing_rows|complete_anchor_seasons|display_only|diagnostic_only|model_use_allowed,packet-specific immutable runs; some local receipts only,multiple scoring/rank systems conflict; position-threshold applicability must be explicit; not tracked at live HQ HEAD,1.0.0
art_57a1e8b790bb667e,markdown/text,PRODUCT_CONSUMER,SUPPORTING_EVIDENCE,,LIVE_HQ,loc_71979981cfdf413eb585dd89,,,,false,true,NO_DUPLICATE_FLAG,NOT_SUPERSEDED,SEPARATE_LEDGER_CONTROLS,REGISTERED_METADATA_ONLY,SOURCE_INVENTORY_SHA256_RECORDED,0248972b090679db135d6fabd525891f7b5887282c9eff653eceb354bb86c642,N/A,markdown/text,live HQ at starting commit,authority is limited to the artifact's documented scope,1.0.0
art_581b87bfc0df69da,reference_id|formula_id|rule_id|rule_family|scoreboard_window|seasons|rows_tested|rule_applied_rows|rows_changed_prediction|total_misses_before|total_misses_after|false_positives_before|false_positives_after|false_negatives_before|false_negatives_after|severe_false_positives_before|severe_false_positives_after|severe_false_negatives_before|severe_false_negatives_after|new_misses_created|misses_resolved|net_miss_reduction|sparse_misses_before|sparse_misses_after|sparse_net_miss_reduction|non_sparse_misses_before|non_sparse_misses_after|non_sparse_collateral_damage|spearman_before|spearman_after|...(+9 columns),LATER_OUTCOME_RESEARCH,SUPPORTING_EVIDENCE,,LIVE_HQ,loc_723ed40fcf9f8924de19bb34,,,,false,true,NO_DUPLICATE_FLAG,NOT_SUPERSEDED,SEPARATE_LEDGER_CONTROLS,REGISTERED_METADATA_ONLY,SOURCE_INVENTORY_SHA256_RECORDED,c6b79507821b810069c4e189953d93c1018b41f401f7152b8b35e1276d3fc1d3,42,reference_id|formula_id|rule_id|rule_family|scoreboard_window|seasons|rows_tested|rule_applied_rows|rows_changed_prediction|total_misses_before|total_misses_after|false_positives_before|false_positives_after|false_negatives_before|false_negatives_after|severe_false_positives_before|severe_false_positives_after|severe_false_negatives_before|severe_false_negatives_after|new_misses_created|misses_resolved|net_miss_reduction|sparse_misses_before|sparse_misses_after|sparse_net_miss_reduction|non_sparse_misses_before|non_sparse_misses_after|non_sparse_collateral_damage|spearman_before|spearman_after|...(+9 columns),July 9 2026 research snapshots,authority is limited to the artifact's documented scope,1.0.0
art_58314d1bc1b2d7b2,feature_family|source_artifact|pre_draft_or_post_draft|current_review_status|drafted_only_admission_allowed|allowed_for_display_now|allowed_for_model_now|allowed_for_training_now|allowed_for_source_truth_now|allowed_as_label_source_now|leakage_risk|missingness_rule|required_gate_before_experiment|blocker_reason|notes,DRAFT_EVENT,SUPPORTING_EVIDENCE,,LIVE_HQ,loc_0851cdc7e8fc5d7cc2f29b7f,,,,false,true,NO_DUPLICATE_FLAG,NOT_SUPERSEDED,SEPARATE_LEDGER_CONTROLS,REGISTERED_METADATA_ONLY,SOURCE_INVENTORY_SHA256_RECORDED,44a82e8690afdee5538cd6c399e56893d73deca52dbb62e94367586525697e53,21,feature_family|source_artifact|pre_draft_or_post_draft|current_review_status|drafted_only_admission_allowed|allowed_for_display_now|allowed_for_model_now|allowed_for_training_now|allowed_for_source_truth_now|allowed_as_label_source_now|leakage_risk|missingness_rule|required_gate_before_experiment|blocker_reason|notes,static completed draft events; source timestamps/receipt IDs incomplete in several derivatives,positive draft facts only; missing draft evidence remains unknown; current name+position joins are review-only,1.0.0
art_589f0b2f8c15fde4,check_name|status|detail,ROOKIE_SEASON_AND_MULTI_YEAR_OUTCOME,SUPPORTING_EVIDENCE,,LOCAL_ONLY,loc_8ad59c1180dcba8523986d06,,,,false,true,NO_DUPLICATE_FLAG,NOT_SUPERSEDED,SEPARATE_LEDGER_CONTROLS,REGISTERED_METADATA_ONLY,SOURCE_INVENTORY_SHA256_RECORDED,5366fb66b69fa6a3cf5e3ed34491cd28841f9574c88d166e07b45ebdcce07bb4,26,check_name|status|detail,packet-specific 2026 receipts,not tracked at live HQ HEAD,1.0.0
art_58a8f8abae473722,markdown/text,PROTECTED_FROZEN_GOVERNANCE,CANONICAL_REVIEW_ONLY,,LIVE_HQ,loc_0ce1b77a6a02a56c371e3df1,,,,true,false,NO_DUPLICATE_FLAG,NOT_SUPERSEDED,SEPARATE_LEDGER_CONTROLS,REGISTERED_METADATA_ONLY,SOURCE_INVENTORY_SHA256_RECORDED,e23fe67044ac593930b4f080c7ab6483658f99bac8735c53a6b5bc101175f97b,N/A,markdown/text,frozen 2026-07-10 before outcomes,authority is limited to the artifact's documented scope,1.0.0
art_58b6389c62ab326a,player_id|player_name|position|team|rookie_class_year|draft_year|draft_round|draft_pick|overall_pick|drafted_team|draft_capital_bucket|draft_capital_source|draft_capital_provenance|draft_capital_status|udffa_or_undrafted_status|udffa_or_undrafted_source|repair_action|repair_confidence|data_quality_status|review_only|model_use_allowed|training_allowed,DRAFT_EVENT,DUPLICATE_EQUIVALENT,,LIVE_HQ,loc_484b783ae6c1512db2f8a726,,,,false,true,DUPLICATE_RECORDED,NOT_SUPERSEDED,SEPARATE_LEDGER_CONTROLS,REGISTERED_METADATA_ONLY,SOURCE_INVENTORY_SHA256_RECORDED,83a17795bc3a3d82557c18e0573bc166f6af541833c55c13e93439702454f36f,157,player_id|player_name|position|team|rookie_class_year|draft_year|draft_round|draft_pick|overall_pick|drafted_team|draft_capital_bucket|draft_capital_source|draft_capital_provenance|draft_capital_status|udffa_or_undrafted_status|udffa_or_undrafted_source|repair_action|repair_confidence|data_quality_status|review_only|model_use_allowed|training_allowed,static completed draft events; source timestamps/receipt IDs incomplete in several derivatives,contains 50 exact duplicate row groups / 50 excess rows; no dedup performed; positive draft facts only; missing draft evidence remains unknown; current name+position joins are review-only,1.0.0
art_58cc006773b32220,markdown/text,ROOKIE_SEASON_AND_MULTI_YEAR_OUTCOME,SUPPORTING_EVIDENCE,,LIVE_HQ,loc_a7678de80f62a322b695d3d6,,,,false,true,NO_DUPLICATE_FLAG,NOT_SUPERSEDED,SEPARATE_LEDGER_CONTROLS,REGISTERED_METADATA_ONLY,SOURCE_INVENTORY_SHA256_RECORDED,d2d298cced71d664e2361a14d01481d1584a4011ad51bc5c234355724f63fcb8,N/A,markdown/text,packet-specific immutable runs; some local receipts only,multiple scoring/rank systems conflict; position-threshold applicability must be explicit,1.0.0
art_58f45be66aa53b39,markdown/text,GOVERNANCE,SUPPORTING_EVIDENCE,,LIVE_HQ,loc_792111d2b2db76332c1e578a,,,,false,true,NO_DUPLICATE_FLAG,NOT_SUPERSEDED,SEPARATE_LEDGER_CONTROLS,REGISTERED_METADATA_ONLY,SOURCE_INVENTORY_SHA256_RECORDED,bd28bf3a1cdd17039f08456cc9317b76b34bce85f7f5633ad25d7ef1d1174dba,N/A,markdown/text,canonical closeout at starting HEAD,authority is limited to the artifact's documented scope,1.0.0
art_595295b0d0dc05c6,markdown/text,CROSS_LIFECYCLE_REVIEW_SIMULATION,LOCAL_ONLY_RESTRICTED,,OFF_HQ_BRANCH_ONLY,loc_772acf9cea39d496d0a2d9fc,,,,false,true,NO_DUPLICATE_FLAG,NOT_SUPERSEDED,NO_RECREATE_REQUIRED,REGISTERED_METADATA_ONLY,SOURCE_INVENTORY_SHA256_RECORDED,43c4fdf2db3fef28b642022a181d65644506da2a945b4d766db25378de568ddb,N/A,markdown/text,off-HQ commit 2026-07-09; not ancestor of live HQ,"Off-HQ Git object is retained for audit discovery and no-recreate protection only; active evidence, migration, ranking, formula, training, production, and runtime use are blocked.",1.0.0
art_5955d6e79a139746,py,PRODUCT_CONSUMER,SUPPORTING_EVIDENCE,,LIVE_HQ,loc_b0788ac8365caaa2457157b8,,,,false,true,NO_DUPLICATE_FLAG,NOT_SUPERSEDED,SEPARATE_LEDGER_CONTROLS,REGISTERED_METADATA_ONLY,SOURCE_INVENTORY_SHA256_RECORDED,f631a14d224bb17beb55f467e313fe2b172e7a4358fa76b07629b9877de5fb09,N/A,py,live HQ at starting commit,authority is limited to the artifact's documented scope,1.0.0
art_595dabc4c61c6bee,markdown/text,DRAFT_EVENT,SUPPORTING_EVIDENCE,,LIVE_HQ,loc_29bd76ae5a5ecd38b82a42b0,,,,false,true,NO_DUPLICATE_FLAG,NOT_SUPERSEDED,SEPARATE_LEDGER_CONTROLS,REGISTERED_METADATA_ONLY,SOURCE_INVENTORY_SHA256_RECORDED,2b205b4f48a581bd14c0bf38d8f2779da2bcc1c32e4bc59ebfef806245fe1d99,N/A,markdown/text,June 30 2026 snapshot; source acquisition receipt incomplete,"2,514 likely-UDFA rows are provisional; tracked builder/input receipt is missing",1.0.0
art_597a482848191662,markdown/text,LATER_OUTCOME_RESEARCH,SUPPORTING_EVIDENCE,,LIVE_HQ,loc_57c4696e0948ff89b2d40129,,,,false,true,NO_DUPLICATE_FLAG,NOT_SUPERSEDED,SEPARATE_LEDGER_CONTROLS,REGISTERED_METADATA_ONLY,SOURCE_INVENTORY_SHA256_RECORDED,8d5a797db9274569dd41ece17ceb70c0261731fa8955e93eaa4b2c6afdc05fd9,N/A,markdown/text,July 9 2026 research snapshots,authority is limited to the artifact's documented scope,1.0.0
art_59c1cd6f7afb42fe,source_name|source_path|scope|availability_status|approved_identity_rows_covered|draft_year_available|draft_round_available|overall_pick_available|drafted_team_available|udfa_status_available|age_at_draft_available|historical_classes_available|review_only|model_use_allowed|training_allowed|gate_b_use_status|blocker_reason|safe_next_step,DRAFT_EVENT,SUPERSEDED,,LIVE_HQ,loc_58380c22959c1db1ba126f02,,,,false,true,NO_DUPLICATE_FLAG,SUPERSEDED_RECORDED,SEPARATE_LEDGER_CONTROLS,REGISTERED_METADATA_ONLY,SOURCE_INVENTORY_SHA256_RECORDED,19b7318268b2709505d3221677e8384df8c53037caa9949d8b810e3902e37652,4,source_name|source_path|scope|availability_status|approved_identity_rows_covered|draft_year_available|draft_round_available|overall_pick_available|drafted_team_available|udfa_status_available|age_at_draft_available|historical_classes_available|review_only|model_use_allowed|training_allowed|gate_b_use_status|blocker_reason|safe_next_step,static completed draft events; source timestamps/receipt IDs incomplete in several derivatives,positive draft facts only; missing draft evidence remains unknown; current name+position joins are review-only,1.0.0
art_5a1c6c7454b928a5,markdown/text,LATER_OUTCOME_RESEARCH,SUPPORTING_EVIDENCE,,LIVE_HQ,loc_9967d0f8a3b12af034dbbfe7,,,,false,true,NO_DUPLICATE_FLAG,NOT_SUPERSEDED,SEPARATE_LEDGER_CONTROLS,REGISTERED_METADATA_ONLY,SOURCE_INVENTORY_SHA256_RECORDED,eddfd17a9cde8248f04c00c30be3460fb0426a9484581a9f9ba1f1a9a8b9be44,N/A,markdown/text,July 9 2026 research snapshots,authority is limited to the artifact's documented scope,1.0.0
art_5a26a74154aabe11,markdown/text,DRAFT_EVENT,SUPPORTING_EVIDENCE,,LIVE_HQ,loc_071c2d9f8d5db8d51cb503ac,,,,false,true,NO_DUPLICATE_FLAG,NOT_SUPERSEDED,SEPARATE_LEDGER_CONTROLS,REGISTERED_METADATA_ONLY,SOURCE_INVENTORY_SHA256_RECORDED,54375669ee5ea511a98bccfd513c698cce3594fff6f84a46628c4320131af392,N/A,markdown/text,static completed draft events; source timestamps/receipt IDs incomplete in several derivatives,positive draft facts only; missing draft evidence remains unknown; current name+position joins are review-only,1.0.0
art_5a46211687384a8b,markdown/text,CROSS_LIFECYCLE_IDENTITY,SUPPORTING_EVIDENCE,,LIVE_HQ,loc_fa9ec2d994affe44f6daac69,,,,false,true,NO_DUPLICATE_FLAG,NOT_SUPERSEDED,SEPARATE_LEDGER_CONTROLS,REGISTERED_METADATA_ONLY,SOURCE_INVENTORY_SHA256_RECORDED,d5ffd99cf6f0f1b68ee8237f100cce35c8d13a3be4684e8ad99fd3cc3de3f19a,N/A,markdown/text,June 23-30 2026 snapshots,authority is limited to the artifact's documented scope,1.0.0
art_5a6d3931c31894e4,markdown/text,PRODUCT_CONSUMER,SUPPORTING_EVIDENCE,,LIVE_HQ,loc_39be49bfe42fbf23f06dfca6,,,,false,true,NO_DUPLICATE_FLAG,NOT_SUPERSEDED,SEPARATE_LEDGER_CONTROLS,REGISTERED_METADATA_ONLY,SOURCE_INVENTORY_SHA256_RECORDED,3b5636a6a890d556374363caf3bca29efa3b4d6560821e5dede9fa321882e259,N/A,markdown/text,live HQ at starting commit,authority is limited to the artifact's documented scope,1.0.0
art_5ac04593b1916ad5,markdown/text,DRAFT_EVENT,SUPPORTING_EVIDENCE,,LIVE_HQ,loc_cff2d6090f298bd117eccbe9,,,,false,true,NO_DUPLICATE_FLAG,NOT_SUPERSEDED,SEPARATE_LEDGER_CONTROLS,REGISTERED_METADATA_ONLY,SOURCE_INVENTORY_SHA256_RECORDED,acded1fb52a892479036c9064acae6fe7ab5b4dcae09e2fa9910c11f7001f8e3,N/A,markdown/text,June 30 2026 snapshot; source acquisition receipt incomplete,"2,514 likely-UDFA rows are provisional; tracked builder/input receipt is missing; no evidence modified",1.0.0
art_5af7171c78626f1b,markdown/text,ROOKIE_SEASON_AND_MULTI_YEAR_OUTCOME,SUPPORTING_EVIDENCE,,LIVE_HQ,loc_323b717bf0872f993b9390cf,,,,false,true,NO_DUPLICATE_FLAG,NOT_SUPERSEDED,SEPARATE_LEDGER_CONTROLS,REGISTERED_METADATA_ONLY,SOURCE_INVENTORY_SHA256_RECORDED,98d55b5caf6711d2a3ba904a489313e01709958e231d5266d2f7c16adccd1ab4,N/A,markdown/text,packet-specific immutable runs; some local receipts only,multiple scoring/rank systems conflict; position-threshold applicability must be explicit,1.0.0
art_5b25f21c6219108f,markdown/text,ROOKIE_SEASON_AND_MULTI_YEAR_OUTCOME,SUPPORTING_EVIDENCE,,LIVE_HQ,loc_7ce1a14eee46ee93e3b2bc63,,,,false,true,NO_DUPLICATE_FLAG,NOT_SUPERSEDED,SEPARATE_LEDGER_CONTROLS,REGISTERED_METADATA_ONLY,SOURCE_INVENTORY_SHA256_RECORDED,533da18b931646bbc30fec7aeaa17690ee98769b1605636ac8079c121576d595,N/A,markdown/text,packet-specific immutable runs; some local receipts only,multiple scoring/rank systems conflict; position-threshold applicability must be explicit,1.0.0
art_5b6ed6f998977e72,algorithm_id|algorithm_family|season|split|segment|target_type|row_count|mae|rmse|spearman|kendall|rank_mae|notes,ROOKIE_SEASON_AND_MULTI_YEAR_OUTCOME,SUPPORTING_EVIDENCE,,LOCAL_ONLY,loc_d4c04fbd6a782e583cccf503,,,,false,true,NO_DUPLICATE_FLAG,NOT_SUPERSEDED,SEPARATE_LEDGER_CONTROLS,REGISTERED_METADATA_ONLY,SOURCE_INVENTORY_SHA256_RECORDED,e0189daeb93dbcb0e0aad934536b707fded24e4a05ead6177917202c2503f641,1386,algorithm_id|algorithm_family|season|split|segment|target_type|row_count|mae|rmse|spearman|kendall|rank_mae|notes,packet-specific 2026 receipts,not tracked at live HQ HEAD,1.0.0
art_5b7c03bc51067aef,markdown/text,CROSS_LIFECYCLE_IDENTITY,IDENTITY_UNRESOLVED,,LIVE_HQ,loc_64d14a992ceb1bb8fdfbce22,,,,false,true,NO_DUPLICATE_FLAG,NOT_SUPERSEDED,SEPARATE_LEDGER_CONTROLS,REGISTERED_METADATA_ONLY,SOURCE_INVENTORY_SHA256_RECORDED,0271db925db26e112e557abf53f6a956c8b00092a24d0ccd86ff2502e81e7384,N/A,markdown/text,2026-06-26 to 2026-06-29 review snapshots,human review approval is review-only; normalized name/position is not controlling identity,1.0.0
art_5bf2600a6c51950f,py,DRAFT_EVENT_AND_POST_DRAFT_PRESEASON,SUPPORTING_EVIDENCE,,LIVE_HQ,loc_e1704dd0785419193629c5ab,,,,false,true,NO_DUPLICATE_FLAG,NOT_SUPERSEDED,SEPARATE_LEDGER_CONTROLS,REGISTERED_METADATA_ONLY,SOURCE_INVENTORY_SHA256_RECORDED,c570c53a8178a7e9f342fed0c76ac2012d01592b0e85d130eb5d63038de5ae63,N/A,py,June 29-30 2026; no uniform row-level source timestamp,published counts may be duplicate-inflated; three distinct current records have no stable candidate ID,1.0.0
art_5c096a50151f7f37,markdown/text,PRE_DRAFT_TO_MULTI_YEAR_LEGACY,SUPPORTING_EVIDENCE,,LIVE_HQ,loc_24b7b9dab431f748ea2e98dd,,,,false,true,NO_DUPLICATE_FLAG,NOT_SUPERSEDED,SEPARATE_LEDGER_CONTROLS,REGISTERED_METADATA_ONLY,SOURCE_INVENTORY_SHA256_RECORDED,8a2aeafbfb23254269383a517e0bd148246c009164ce281d9f87d4944928776d,N/A,markdown/text,legacy baseline; superseded by June 29-30 review-only gates,legacy source/use claims are superseded; provider content and name-key joins are restricted,1.0.0
art_5c2947ed10630e9a,markdown/text,PRODUCT_CONSUMER,SUPPORTING_EVIDENCE,,LIVE_HQ,loc_532befe9895a981c9f2bc9db,,,,false,true,NO_DUPLICATE_FLAG,NOT_SUPERSEDED,SEPARATE_LEDGER_CONTROLS,REGISTERED_METADATA_ONLY,SOURCE_INVENTORY_SHA256_RECORDED,9ee9fb5e19cea901c9312f3587996b586f2355b8746e7f4abc9f578189d3863c,N/A,markdown/text,live HQ at starting commit,authority is limited to the artifact's documented scope,1.0.0
art_5c5f960be82bc120,markdown/text,CROSS_LIFECYCLE,SUPPORTING_EVIDENCE,,LIVE_HQ,loc_fb316a65070ab27ab05ef40d,,,,false,true,NO_DUPLICATE_FLAG,NOT_SUPERSEDED,SEPARATE_LEDGER_CONTROLS,REGISTERED_METADATA_ONLY,SOURCE_INVENTORY_SHA256_RECORDED,30499f9ec7e30addc50a58c2ce1c9eb89159eaf362870d25b1c8b9ed8787e568,N/A,markdown/text,packet-specific snapshot,authority is limited to the artifact's documented scope,1.0.0
art_5c685916d397a9f5,py,CROSS_LIFECYCLE,SUPPORTING_EVIDENCE,,LIVE_HQ,loc_ec8df518d34050f67afd3b72,,,,false,true,NO_DUPLICATE_FLAG,NOT_SUPERSEDED,SEPARATE_LEDGER_CONTROLS,REGISTERED_METADATA_ONLY,SOURCE_INVENTORY_SHA256_RECORDED,5e2a57b244e2702e8fe9b683414851975134ad6737b1eddd7bbc8614cc14b453,N/A,py,packet-specific snapshot,authority is limited to the artifact's documented scope,1.0.0
art_5ca79e9788099c2b,metric|value,ROOKIE_SEASON_AND_MULTI_YEAR_OUTCOME,SUPPORTING_EVIDENCE,,LOCAL_ONLY,loc_89a124477d98333060578fdc,,,,false,true,NO_DUPLICATE_FLAG,NOT_SUPERSEDED,SEPARATE_LEDGER_CONTROLS,REGISTERED_METADATA_ONLY,SOURCE_INVENTORY_SHA256_RECORDED,e4bbb12d90b60909e3fe0ef57e47428753b8f28ad8221da8bd2cff5bb701ddde,83,metric|value,packet-specific immutable runs; some local receipts only,multiple scoring/rank systems conflict; position-threshold applicability must be explicit; not tracked at live HQ HEAD,1.0.0
art_5cadbb45e00e9992,player_id|player_name|position|team|rookie_class_year|identity_status|current_rookie_universe_status|universe_source|universe_confidence|wrong_universe_flag|name_collision_flag|blocker_reason|review_only|model_use_allowed|training_allowed,DRAFT_EVENT,DUPLICATE_EQUIVALENT,,LIVE_HQ,loc_f1eb7ff78f4b5a05fb397a5b,,,,false,true,DUPLICATE_RECORDED,NOT_SUPERSEDED,SEPARATE_LEDGER_CONTROLS,REGISTERED_METADATA_ONLY,SOURCE_INVENTORY_SHA256_RECORDED,976b4c75851f5f0126e9c04a291afc46687bad22a307cc2beccbb17d271a8b85,157,player_id|player_name|position|team|rookie_class_year|identity_status|current_rookie_universe_status|universe_source|universe_confidence|wrong_universe_flag|name_collision_flag|blocker_reason|review_only|model_use_allowed|training_allowed,June 30 2026 packet snapshots,contains 50 exact duplicate row groups / 50 excess rows; no dedup performed; likely/confirmed-review-only must not be treated as verified undrafted truth,1.0.0
art_5cfbd6b1d57a155c,markdown/text,ROOKIE_SEASON_AND_MULTI_YEAR_OUTCOME,SUPPORTING_EVIDENCE,,LIVE_HQ,loc_419a642534a1288071db99ea,,,,false,true,NO_DUPLICATE_FLAG,NOT_SUPERSEDED,SEPARATE_LEDGER_CONTROLS,REGISTERED_METADATA_ONLY,SOURCE_INVENTORY_SHA256_RECORDED,a4562d586d797ad15e2a54350b1f085c274224e906323d85015cfd359bc5fa14,N/A,markdown/text,local run 2026-06-29; latest factual outcome season 2024,drafted-only; link availability differs from usable value availability; incomplete windows are censored,1.0.0
art_5d1334d1bdad2567,markdown/text,GOVERNANCE,CANONICAL_ADMITTED,,LIVE_HQ,loc_9f26ee83b18e2dde1bb51fe3,,,,true,false,NO_DUPLICATE_FLAG,NOT_SUPERSEDED,SEPARATE_LEDGER_CONTROLS,REGISTERED_METADATA_ONLY,SOURCE_INVENTORY_SHA256_RECORDED,5a9af002b41505ff9426b73337565d8a1aa49dc457967520ccaf3b66a27c9acb,N/A,markdown/text,versioned canonical packet,authority is limited to the artifact's documented scope,1.0.0
art_5d615d32cfbedd82,markdown/text,ROOKIE_SEASON_AND_MULTI_YEAR_OUTCOME,SUPPORTING_EVIDENCE,,LOCAL_ONLY,loc_238ccdeb8ffbf82bdad1e1a9,,,,false,true,NO_DUPLICATE_FLAG,NOT_SUPERSEDED,SEPARATE_LEDGER_CONTROLS,REGISTERED_METADATA_ONLY,SOURCE_INVENTORY_SHA256_RECORDED,ffa3ba38102932f74d89c0244c742e4aa9318308406199f4d062a4f44382b3ee,N/A,markdown/text,packet-specific 2026 receipts,not tracked at live HQ HEAD,1.0.0
art_5da4d78384a41a2f,markdown/text,CROSS_LIFECYCLE_IDENTITY,SUPPORTING_EVIDENCE,,LIVE_HQ,loc_b4025621285b489b375d4150,,,,false,true,NO_DUPLICATE_FLAG,NOT_SUPERSEDED,SEPARATE_LEDGER_CONTROLS,REGISTERED_METADATA_ONLY,SOURCE_INVENTORY_SHA256_RECORDED,fe127952e1783ef7d90fa22ddb652bd44431b31c33b7c9010ea73f065db66400,N/A,markdown/text,June 23-30 2026 snapshots,authority is limited to the artifact's documented scope,1.0.0
art_5e9088536c8c0705,markdown/text,PRODUCT_CONSUMER,SUPPORTING_EVIDENCE,,LIVE_HQ,loc_b6c9748195ae86b2d50594a7,,,,false,true,NO_DUPLICATE_FLAG,NOT_SUPERSEDED,SEPARATE_LEDGER_CONTROLS,REGISTERED_METADATA_ONLY,SOURCE_INVENTORY_SHA256_RECORDED,7595c1705abe41b9f39b27a44973e6a32062fa21987a22b9bc96beb2ccb45b61,N/A,markdown/text,live HQ at starting commit,authority is limited to the artifact's documented scope,1.0.0
art_5ea9ee7271533c15,label_row_id|source_candidate|source_sha256|player_id|nwr_player_id|player_name|position|season|anchor_season|team|label_family|label_name|label_value|hit_status|window_complete|censoring_status|scoring_mode|source_as_of|review_use_allowed|label_truth_allowed|model_use_allowed|training_allowed|source_truth_allowed|blocker_reason|notes,ROOKIE_SEASON_AND_MULTI_YEAR_OUTCOME,SUPPORTING_EVIDENCE,,LIVE_HQ,loc_1b5f1f2a339fccd3c47bd0d9,,,,false,true,NO_DUPLICATE_FLAG,NOT_SUPERSEDED,SEPARATE_LEDGER_CONTROLS,REGISTERED_METADATA_ONLY,SOURCE_INVENTORY_SHA256_RECORDED,a091048618803b77cec4b263a10a22721771648a46d321fd0f4c02277a952f1c,119040,label_row_id|source_candidate|source_sha256|player_id|nwr_player_id|player_name|position|season|anchor_season|team|label_family|label_name|label_value|hit_status|window_complete|censoring_status|scoring_mode|source_as_of|review_use_allowed|label_truth_allowed|model_use_allowed|training_allowed|source_truth_allowed|blocker_reason|notes,packet-specific immutable runs; some local receipts only,multiple scoring/rank systems conflict; position-threshold applicability must be explicit,1.0.0
art_5eacc1d391334b99,markdown/text,CROSS_LIFECYCLE_REVIEW_SIMULATION,LOCAL_ONLY_RESTRICTED,,OFF_HQ_BRANCH_ONLY,loc_7b6c0756b426b13da4ce996f,,,,false,true,NO_DUPLICATE_FLAG,NOT_SUPERSEDED,NO_RECREATE_REQUIRED,REGISTERED_METADATA_ONLY,SOURCE_INVENTORY_SHA256_RECORDED,7869fac5285b7dadd0a7e4583898969648cac5fe7a86b955335c887a6d353962,N/A,markdown/text,off-HQ commit 2026-07-09; not ancestor of live HQ,"Off-HQ Git object is retained for audit discovery and no-recreate protection only; active evidence, migration, ranking, formula, training, production, and runtime use are blocked.",1.0.0
art_5eb78db5fbadd978,markdown/text,ROOKIE_SEASON_AND_MULTI_YEAR_OUTCOME,SUPPORTING_EVIDENCE,,LIVE_HQ,loc_37e92dc78c495005739ba71c,,,,false,true,NO_DUPLICATE_FLAG,NOT_SUPERSEDED,SEPARATE_LEDGER_CONTROLS,REGISTERED_METADATA_ONLY,SOURCE_INVENTORY_SHA256_RECORDED,feb9428b2c294e50d75a4590a6b79189f9c95d0770eb4e5129e957f8bc02652f,N/A,markdown/text,packet-specific immutable runs; some local receipts only,multiple scoring/rank systems conflict; position-threshold applicability must be explicit,1.0.0
art_5eeb924dfadc3d18,artifact_name|owning_lane|output_path|grain|required_inputs|required_columns|required_guardrails|allowed_use|prohibited_use|model_use_allowed|training_allowed|source_truth_allowed|experiment_allowed_after_build|required_hq_gate_after_build|notes,ROOKIE_SEASON_AND_MULTI_YEAR_OUTCOME,SUPPORTING_EVIDENCE,,LIVE_HQ,loc_64e51104f71261e4a9da6d0f,,,,false,true,NO_DUPLICATE_FLAG,NOT_SUPERSEDED,SEPARATE_LEDGER_CONTROLS,REGISTERED_METADATA_ONLY,SOURCE_INVENTORY_SHA256_RECORDED,3b3a671e7dc231b266a8d361e78d1495ac5619d541d41681807f69332536a99d,13,artifact_name|owning_lane|output_path|grain|required_inputs|required_columns|required_guardrails|allowed_use|prohibited_use|model_use_allowed|training_allowed|source_truth_allowed|experiment_allowed_after_build|required_hq_gate_after_build|notes,packet-specific immutable runs; some local receipts only,multiple scoring/rank systems conflict; position-threshold applicability must be explicit,1.0.0
art_5f51bbf5a40a4d25,markdown/text,ROOKIE_SEASON_AND_MULTI_YEAR_OUTCOME,SUPPORTING_EVIDENCE,,LIVE_HQ,loc_fcdbbf8d9c70f3a2cd0bd451,,,,false,true,NO_DUPLICATE_FLAG,NOT_SUPERSEDED,SEPARATE_LEDGER_CONTROLS,REGISTERED_METADATA_ONLY,SOURCE_INVENTORY_SHA256_RECORDED,bbbdf66cc832750d622fae429d75f17af00ba6bd1e34d2784e5be4e0b00f97a8,N/A,markdown/text,packet-specific immutable runs; some local receipts only,multiple scoring/rank systems conflict; position-threshold applicability must be explicit,1.0.0
art_5fc1a86d8e8ddc73,markdown/text,ROOKIE_SEASON_AND_MULTI_YEAR_OUTCOME,SUPPORTING_EVIDENCE,,LIVE_HQ,loc_331ea364e16aac6a68c97eb3,,,,false,true,NO_DUPLICATE_FLAG,NOT_SUPERSEDED,SEPARATE_LEDGER_CONTROLS,REGISTERED_METADATA_ONLY,SOURCE_INVENTORY_SHA256_RECORDED,3abed77ab54e49529f6377c8a2ac18242605cfe52c7c362d2b4e9286afd5c8b1,N/A,markdown/text,local run 2026-06-29; latest factual outcome season 2024,drafted-only; link availability differs from usable value availability; incomplete windows are censored,1.0.0
art_5fc4f80a9ba9990e,algorithm_id|algorithm_family|algorithm_name|development_composite_score|development_next_points_spearman|development_future3_spearman|development_rank_mae|development_top_precision|development_top_recall|development_bust_avoidance|development_cornerstone_safety|holdout_composite_score|holdout_next_points_spearman|holdout_rank_mae|stress_2025_next_points_spearman|complexity_score|winner_selection_basis|beats_simple_baseline_multiple_checks|finalist_selection_note,ROOKIE_SEASON_AND_MULTI_YEAR_OUTCOME,SUPPORTING_EVIDENCE,,LOCAL_ONLY,loc_7b55e5a386a60e7a0e0b0c46,,,,false,true,NO_DUPLICATE_FLAG,NOT_SUPERSEDED,SEPARATE_LEDGER_CONTROLS,REGISTERED_METADATA_ONLY,SOURCE_INVENTORY_SHA256_RECORDED,b916ec5787b50ccbfc003d283ade5e9a670ab2b41d41392872d418b6d2054574,33,algorithm_id|algorithm_family|algorithm_name|development_composite_score|development_next_points_spearman|development_future3_spearman|development_rank_mae|development_top_precision|development_top_recall|development_bust_avoidance|development_cornerstone_safety|holdout_composite_score|holdout_next_points_spearman|holdout_rank_mae|stress_2025_next_points_spearman|complexity_score|winner_selection_basis|beats_simple_baseline_multiple_checks|finalist_selection_note,packet-specific 2026 receipts,not tracked at live HQ HEAD,1.0.0
art_5fc9391995a8ec81,py,DRAFT_EVENT_TO_ROOKIE_OUTCOME_BRIDGE,SUPPORTING_EVIDENCE,,LIVE_HQ,loc_0adf8aea44764b33de3933b2,,,,false,true,NO_DUPLICATE_FLAG,NOT_SUPERSEDED,SEPARATE_LEDGER_CONTROLS,REGISTERED_METADATA_ONLY,SOURCE_INVENTORY_SHA256_RECORDED,db8c3e85d760902380ebd603fe7f2a97ea31126b4ae4f43fa284d8739f315c0f,N/A,py,local run 2026-06-29; raw input receipt/hash incomplete,authority is limited to the artifact's documented scope,1.0.0
art_60927e7cf5243f60,markdown/text,DRAFT_EVENT,SUPPORTING_EVIDENCE,,LIVE_HQ,loc_2a7ac316eeeac4247836d507,,,,false,true,NO_DUPLICATE_FLAG,NOT_SUPERSEDED,SEPARATE_LEDGER_CONTROLS,REGISTERED_METADATA_ONLY,SOURCE_INVENTORY_SHA256_RECORDED,6a8263fdc7652eb30410511189516ae0f577bef3b9bcf83313be5c266f51f9a7,N/A,markdown/text,static completed draft events; source timestamps/receipt IDs incomplete in several derivatives,positive draft facts only; missing draft evidence remains unknown; current name+position joins are review-only,1.0.0
art_609e2aad8a03f67f,markdown/text,ROOKIE_SEASON_AND_MULTI_YEAR_OUTCOME,SUPPORTING_EVIDENCE,,LIVE_HQ,loc_61b1bedcfc0890e3bd861ada,,,,false,true,NO_DUPLICATE_FLAG,NOT_SUPERSEDED,SEPARATE_LEDGER_CONTROLS,REGISTERED_METADATA_ONLY,SOURCE_INVENTORY_SHA256_RECORDED,10cecfdde45e6c122706a03100658b01ea7a154b8045a2039ac6fdc7e4474841,N/A,markdown/text,packet-specific immutable runs; some local receipts only,multiple scoring/rank systems conflict; position-threshold applicability must be explicit,1.0.0
art_60ae86b9bc25a4b7,season|position|stat_group|coverage_status|available|missing_fields|source|player_season_rows|player_week_rows|positions_covered_in_season|player_stats_weekly_available|player_stats_season_available|pbp_available|pbp_return_rows|full_nwr_scoring_possible_for_position|strict_scoring_possible|coverage_note,ROOKIE_SEASON_AND_MULTI_YEAR_OUTCOME,SUPPORTING_EVIDENCE,,LOCAL_ONLY,loc_07650f8cb0538a43ef196321,,,,false,true,NO_DUPLICATE_FLAG,NOT_SUPERSEDED,SEPARATE_LEDGER_CONTROLS,REGISTERED_METADATA_ONLY,SOURCE_INVENTORY_SHA256_RECORDED,8313bde64ef44a27b8c7c069003be2f6153b22157db5241c35728427631d9668,910,season|position|stat_group|coverage_status|available|missing_fields|source|player_season_rows|player_week_rows|positions_covered_in_season|player_stats_weekly_available|player_stats_season_available|pbp_available|pbp_return_rows|full_nwr_scoring_possible_for_position|strict_scoring_possible|coverage_note,packet-specific 2026 receipts,not tracked at live HQ HEAD,1.0.0
art_60bed6268f0eecc7,markdown/text,DRAFT_EVENT,SUPPORTING_EVIDENCE,,LIVE_HQ,loc_8215087f68351eff09779a79,,,,false,true,NO_DUPLICATE_FLAG,NOT_SUPERSEDED,SEPARATE_LEDGER_CONTROLS,REGISTERED_METADATA_ONLY,SOURCE_INVENTORY_SHA256_RECORDED,a125114a49959796460fdc73d66e4a8e6d7b208ca50b50de72b70574924c8fc1,N/A,markdown/text,June 30 2026 packet snapshots,likely/confirmed-review-only must not be treated as verified undrafted truth,1.0.0
art_60f06e073970898b,markdown/text,ROOKIE_SEASON_AND_MULTI_YEAR_OUTCOME,SUPPORTING_EVIDENCE,,LIVE_HQ,loc_0fd3f61ae571f3ae8c75f941,,,,false,true,NO_DUPLICATE_FLAG,NOT_SUPERSEDED,SEPARATE_LEDGER_CONTROLS,REGISTERED_METADATA_ONLY,SOURCE_INVENTORY_SHA256_RECORDED,eedb85b73784f8e106b8ac6b07e836e47d746cfb9aa7bcd5d2d700712c763ba5,N/A,markdown/text,packet-specific immutable runs; some local receipts only,multiple scoring/rank systems conflict; position-threshold applicability must be explicit,1.0.0
art_60fa6d39438ad8f0,markdown/text,CROSS_LIFECYCLE,SUPPORTING_EVIDENCE,,LIVE_HQ,loc_0acd9ae9abc95f4faa30b744,,,,false,true,NO_DUPLICATE_FLAG,NOT_SUPERSEDED,SEPARATE_LEDGER_CONTROLS,REGISTERED_METADATA_ONLY,SOURCE_INVENTORY_SHA256_RECORDED,9eda823f2d1b07a4e7ec08eff7d9cec7b82a36b49b53f5a3eedfaa6ba315558f,N/A,markdown/text,packet-specific snapshot,authority is limited to the artifact's documented scope,1.0.0
art_61116cd13807f9fa,markdown/text,DRAFT_EVENT,SUPPORTING_EVIDENCE,,LIVE_HQ,loc_783efd2ad3f30ca5abf7ef7d,,,,false,true,NO_DUPLICATE_FLAG,NOT_SUPERSEDED,SEPARATE_LEDGER_CONTROLS,REGISTERED_METADATA_ONLY,SOURCE_INVENTORY_SHA256_RECORDED,e7773c8f5667fdf020c58c90f19e4c67c24a7c3f17f033f3cff993aa28a2e919,N/A,markdown/text,June 30 2026 packet snapshots,likely/confirmed-review-only must not be treated as verified undrafted truth,1.0.0
art_61252ebe9961767e,markdown/text,LATER_OUTCOME_RESEARCH,SUPPORTING_EVIDENCE,,LIVE_HQ,loc_2e038e050d4913ca0a31c6b6,,,,false,true,NO_DUPLICATE_FLAG,NOT_SUPERSEDED,SEPARATE_LEDGER_CONTROLS,REGISTERED_METADATA_ONLY,SOURCE_INVENTORY_SHA256_RECORDED,254aea533bc2b50d3b7acd0c1eecb100313e16fbd8966f5d5a6eddd7a35e4ee9,N/A,markdown/text,July 9 2026 research snapshots,authority is limited to the artifact's documented scope,1.0.0
art_613e3a28d2632223,summary_level|candidate_name|baseline_name|target_season|positions_included|candidate_mean_spearman|pyf_mean_spearman|candidate_minus_pyf_spearman|candidate_mean_kendall_tau_a|pyf_mean_kendall_tau_a|candidate_minus_pyf_kendall,PROTECTED_FROZEN_GOVERNANCE,CANONICAL_REVIEW_ONLY,,LIVE_HQ,loc_fb4980d08e330a54fa759058,,,,true,false,NO_DUPLICATE_FLAG,NOT_SUPERSEDED,SEPARATE_LEDGER_CONTROLS,REGISTERED_METADATA_ONLY,SOURCE_INVENTORY_SHA256_RECORDED,3c26b5a69bf62fc80b58a6ea5c74a3913000e72fca0ad49236bda66200fbb752,24,summary_level|candidate_name|baseline_name|target_season|positions_included|candidate_mean_spearman|pyf_mean_spearman|candidate_minus_pyf_spearman|candidate_mean_kendall_tau_a|pyf_mean_kendall_tau_a|candidate_minus_pyf_kendall,frozen 2026-07-10 before outcomes,authority is limited to the artifact's documented scope,1.0.0
art_6147f42acca2eb81,metric|value,ROOKIE_SEASON_AND_MULTI_YEAR_OUTCOME,SUPPORTING_EVIDENCE,,LOCAL_ONLY,loc_75e3f5e3f2e9d80d2d6129a5,,,,false,true,NO_DUPLICATE_FLAG,NOT_SUPERSEDED,SEPARATE_LEDGER_CONTROLS,REGISTERED_METADATA_ONLY,SOURCE_INVENTORY_SHA256_RECORDED,ae8204f9a830412bab85371a4c8307f6348723e7a40a7554764f983c75b4b42a,11,metric|value,packet-specific immutable runs; some local receipts only,multiple scoring/rank systems conflict; position-threshold applicability must be explicit; not tracked at live HQ HEAD,1.0.0
art_61798401174c4f1c,source_name|actual_player_level_routes_run|public_or_permission_safe|reproducible_stable_access_path|historical_coverage|clear_row_grain|position_coverage_documented|identity_join_fields_documented|team_season_week_game_fields_documented|missingness_measurable|no_proprietary_scraping|no_private_account_data|no_name_only_approved_join|green_candidate|verdict|blocking_gaps|next_hardening_step,ROOKIE_SEASON_AND_MULTI_YEAR_OUTCOME,SUPPORTING_EVIDENCE,,LIVE_HQ,loc_9e63494929618b2f9fb0b451,,,,false,true,NO_DUPLICATE_FLAG,NOT_SUPERSEDED,SEPARATE_LEDGER_CONTROLS,REGISTERED_METADATA_ONLY,SOURCE_INVENTORY_SHA256_RECORDED,962d58a7f134b61d71077a136603bd1fd0acd1bcbda55e2436531a7c6a362aca,16,source_name|actual_player_level_routes_run|public_or_permission_safe|reproducible_stable_access_path|historical_coverage|clear_row_grain|position_coverage_documented|identity_join_fields_documented|team_season_week_game_fields_documented|missingness_measurable|no_proprietary_scraping|no_private_account_data|no_name_only_approved_join|green_candidate|verdict|blocking_gaps|next_hardening_step,packet-specific 2026 receipts,authority is limited to the artifact's documented scope,1.0.0
art_61a4942082779b6b,py,DRAFT_EVENT,SUPPORTING_EVIDENCE,,LIVE_HQ,loc_51be0c5bf5f1a28ab1e60079,,,,false,true,NO_DUPLICATE_FLAG,NOT_SUPERSEDED,SEPARATE_LEDGER_CONTROLS,REGISTERED_METADATA_ONLY,SOURCE_INVENTORY_SHA256_RECORDED,0a12e02fcd3fea5c5ab82db7d2b9e8e129b17905846e2abebf89016eae425b70,N/A,py,static completed draft events; source timestamps/receipt IDs incomplete in several derivatives,positive draft facts only; missing draft evidence remains unknown; current name+position joins are review-only,1.0.0
art_61ad770b1fe67f5a,markdown/text,ROOKIE_SEASON_AND_MULTI_YEAR_OUTCOME,SUPPORTING_EVIDENCE,,LIVE_HQ,loc_06bfa673f76d564465e7338f,,,,false,true,NO_DUPLICATE_FLAG,NOT_SUPERSEDED,SEPARATE_LEDGER_CONTROLS,REGISTERED_METADATA_ONLY,SOURCE_INVENTORY_SHA256_RECORDED,a4e31c7f01f9ef6d8352666f80c85e6b64c9a14bd4eccb62b5ae66b7e1e3f13d,N/A,markdown/text,packet-specific immutable runs; some local receipts only,multiple scoring/rank systems conflict; position-threshold applicability must be explicit,1.0.0
art_61d89bd8c689ff92,player_name|position|team|approved_nflverse_id|approved_gsis_id|approved_pfr_id|candidate_nwr_player_id|candidate_nwr_player_name|candidate_position|candidate_team|binding_status|binding_confidence|evidence_summary|ambiguity_flag|same_name_collision_flag|team_mismatch_flag|position_mismatch_flag|approved_by_human|review_only|display_only|model_use_allowed|training_allowed|source_truth_allowed|rank_logic_allowed|hidden_sort_allowed|trade_value_allowed|pick_value_allowed|blocker_reason,CROSS_LIFECYCLE_IDENTITY,SUPPORTING_EVIDENCE,,LIVE_HQ,loc_9c69f6cbd73aaf4b68e8d504,,,,false,true,NO_DUPLICATE_FLAG,NOT_SUPERSEDED,SEPARATE_LEDGER_CONTROLS,REGISTERED_METADATA_ONLY,SOURCE_INVENTORY_SHA256_RECORDED,e49a6331ed7b21727f85bab2baa12e0955200229b4dc2589e92a1511ec8e581d,43,player_name|position|team|approved_nflverse_id|approved_gsis_id|approved_pfr_id|candidate_nwr_player_id|candidate_nwr_player_name|candidate_position|candidate_team|binding_status|binding_confidence|evidence_summary|ambiguity_flag|same_name_collision_flag|team_mismatch_flag|position_mismatch_flag|approved_by_human|review_only|display_only|model_use_allowed|training_allowed|source_truth_allowed|rank_logic_allowed|hidden_sort_allowed|trade_value_allowed|pick_value_allowed|blocker_reason,June 23-30 2026 snapshots,authority is limited to the artifact's documented scope,1.0.0
art_61dae41d83e0a2b2,py,PRODUCT_CONSUMER,SUPPORTING_EVIDENCE,,LIVE_HQ,loc_6adc81cc6afc20fe97008035,,,,false,true,NO_DUPLICATE_FLAG,NOT_SUPERSEDED,SEPARATE_LEDGER_CONTROLS,REGISTERED_METADATA_ONLY,SOURCE_INVENTORY_SHA256_RECORDED,9f00cb8aca898941a55700ac18c2e935da8e661fe5167d0cc8a440cdb6805230,N/A,py,live HQ at starting commit,authority is limited to the artifact's documented scope,1.0.0
art_61e49e064a1dfdd1,markdown/text,DRAFT_EVENT_TO_ROOKIE_OUTCOME_BRIDGE,SUPPORTING_EVIDENCE,,LIVE_HQ,loc_9b4d810885b772bb7a2aa18c,,,,false,true,NO_DUPLICATE_FLAG,NOT_SUPERSEDED,SEPARATE_LEDGER_CONTROLS,REGISTERED_METADATA_ONLY,SOURCE_INVENTORY_SHA256_RECORDED,dfbcbc0f384a0250a072c51da31d4235c460f67a8af344165f6c4c3ef36d0c21,N/A,markdown/text,local run 2026-06-29; raw input receipt/hash incomplete,authority is limited to the artifact's documented scope,1.0.0
art_62111a97317d9dbc,markdown/text,ROOKIE_SEASON_AND_MULTI_YEAR_OUTCOME,SUPPORTING_EVIDENCE,,LOCAL_ONLY,loc_849c629b2947aadc4c722f36,,,,false,true,NO_DUPLICATE_FLAG,NOT_SUPERSEDED,SEPARATE_LEDGER_CONTROLS,REGISTERED_METADATA_ONLY,SOURCE_INVENTORY_SHA256_RECORDED,96d7a07aeb7ece9fc1b44ac58ce38d992711c0ca9d6f73efe5e32b12c73761b1,N/A,markdown/text,packet-specific 2026 receipts,not tracked at live HQ HEAD,1.0.0
art_6244dc3eda09e42f,markdown/text,ROOKIE_SEASON_AND_MULTI_YEAR_OUTCOME,SUPPORTING_EVIDENCE,,LIVE_HQ,loc_db3489ba69a686f4ea79a820,,,,false,true,NO_DUPLICATE_FLAG,NOT_SUPERSEDED,SEPARATE_LEDGER_CONTROLS,REGISTERED_METADATA_ONLY,SOURCE_INVENTORY_SHA256_RECORDED,4ccf956e0df4f66622bb32e7274ad9d60d0bced8361dc0bc6c6e41839ca535f4,N/A,markdown/text,packet-specific 2026 receipts,authority is limited to the artifact's documented scope,1.0.0
art_62625b779c92763e,blocker|row_count|affected_recommendation|human_decision_default|overlay_allowed_now|display_action|next_action|guardrail_note,CROSS_LIFECYCLE_IDENTITY,SUPPORTING_EVIDENCE,,LIVE_HQ,loc_3a66452763245d5f6290ef7d,,,,false,true,NO_DUPLICATE_FLAG,NOT_SUPERSEDED,SEPARATE_LEDGER_CONTROLS,REGISTERED_METADATA_ONLY,SOURCE_INVENTORY_SHA256_RECORDED,c1574595b518d0a622d8467ada4aa9b9a3d629c541df27f960dcbe502f7ff60d,6,blocker|row_count|affected_recommendation|human_decision_default|overlay_allowed_now|display_action|next_action|guardrail_note,June 23-30 2026 snapshots,authority is limited to the artifact's documented scope,1.0.0
art_62a337e7973323f7,markdown/text,LATER_OUTCOME_RESEARCH,SUPPORTING_EVIDENCE,,LIVE_HQ,loc_1e530e926684adeca8cd3ca4,,,,false,true,NO_DUPLICATE_FLAG,NOT_SUPERSEDED,SEPARATE_LEDGER_CONTROLS,REGISTERED_METADATA_ONLY,SOURCE_INVENTORY_SHA256_RECORDED,246132bfc9885bc1cefde7ea6944c14e37c11feb5f6a09fdcf63e4562cdb0746,N/A,markdown/text,versioned June-July 2026 review snapshots,review-only; formula work paused; current proxy/zero encodings cannot become evidence truth; retain scoring/window semantics,1.0.0
art_62f50dff51a8ecce,variant_id|parent_rule_id|rule_family|variant_name|overlay_strength|eligibility_gate|positive_conditions|negative_conditions|allowed_windows|reference_formulas|expected_goal|blocked_input_check|source_use_gate_status|leakage_asof_check|review_only_status|v2_status,LATER_OUTCOME_RESEARCH,SUPPORTING_EVIDENCE,,LIVE_HQ,loc_05f0bab062941b23f8656da5,,,,false,true,NO_DUPLICATE_FLAG,NOT_SUPERSEDED,SEPARATE_LEDGER_CONTROLS,REGISTERED_METADATA_ONLY,SOURCE_INVENTORY_SHA256_RECORDED,023be6e8b38cd545062e2918cc16512e08cefb6ad71bba3c08a759e05d16b1b3,25,variant_id|parent_rule_id|rule_family|variant_name|overlay_strength|eligibility_gate|positive_conditions|negative_conditions|allowed_windows|reference_formulas|expected_goal|blocked_input_check|source_use_gate_status|leakage_asof_check|review_only_status|v2_status,July 9 2026 research snapshots,authority is limited to the artifact's documented scope,1.0.0
art_631de9d6afdcc28f,markdown/text,PRE_DRAFT_AND_TIMING_GOVERNANCE,SUPPORTING_EVIDENCE,,LIVE_HQ,loc_bfd3d76130a88212d172da4d,,,,false,true,NO_DUPLICATE_FLAG,NOT_SUPERSEDED,SEPARATE_LEDGER_CONTROLS,REGISTERED_METADATA_ONLY,SOURCE_INVENTORY_SHA256_RECORDED,ccc26fc3942edf864ef57cff9cb1d0831809955ce8d984406d6e63a9db9acefa,N/A,markdown/text,as-of policy present; zero experiment-ready player/feature rows,authority is limited to the artifact's documented scope,1.0.0
art_6343e51caebb8152,row_type|field_id|feature_set|slice|slice_value|rows|positive_count|observed_rate|average_prediction|brier|absolute_calibration_error,ROOKIE_SEASON_AND_MULTI_YEAR_OUTCOME,SUPPORTING_EVIDENCE,,LOCAL_ONLY,loc_87de1dcd679c3c4966dfca17,,,,false,true,NO_DUPLICATE_FLAG,NOT_SUPERSEDED,SEPARATE_LEDGER_CONTROLS,REGISTERED_METADATA_ONLY,SOURCE_INVENTORY_SHA256_RECORDED,4364a22a7bd5d8751c52205126d8f16faae9dde0e039a93e75cb0722da1dec14,125,row_type|field_id|feature_set|slice|slice_value|rows|positive_count|observed_rate|average_prediction|brier|absolute_calibration_error,packet-specific immutable runs; some local receipts only,multiple scoring/rank systems conflict; position-threshold applicability must be explicit; not tracked at live HQ HEAD,1.0.0
art_63884af2ab028462,markdown/text,ROOKIE_SEASON_AND_MULTI_YEAR_OUTCOME,SUPPORTING_EVIDENCE,,LIVE_HQ,loc_c3523a1f817f132ecd71a427,,,,false,true,NO_DUPLICATE_FLAG,NOT_SUPERSEDED,SEPARATE_LEDGER_CONTROLS,REGISTERED_METADATA_ONLY,SOURCE_INVENTORY_SHA256_RECORDED,d4cc8b8a93d7981f3e589d12f594fbb531cb50930593ecacf34a1ef619aec70a,N/A,markdown/text,packet-specific immutable runs; some local receipts only,multiple scoring/rank systems conflict; position-threshold applicability must be explicit,1.0.0
art_639281d2b7fef27f,feature_family|source_artifact|pre_draft_allowed_candidate|post_draft_only|coverage_rows|drafted_player_match_count|missing_count|as_of_safe_now|replay_safe_now|experiment_safe_now|allowed_for_model_now|allowed_for_training_now|allowed_for_source_truth_now|required_next_gate|blocker_reason|notes,PRE_DRAFT_AND_TIMING_GOVERNANCE,SUPPORTING_EVIDENCE,,LIVE_HQ,loc_1a9cc973f7c6c2e400dd1cac,,,,false,true,NO_DUPLICATE_FLAG,NOT_SUPERSEDED,SEPARATE_LEDGER_CONTROLS,REGISTERED_METADATA_ONLY,SOURCE_INVENTORY_SHA256_RECORDED,af734570945ab36b83ac9e1bfb08b965edbb2d5e02262f48a5055d025db5556b,21,feature_family|source_artifact|pre_draft_allowed_candidate|post_draft_only|coverage_rows|drafted_player_match_count|missing_count|as_of_safe_now|replay_safe_now|experiment_safe_now|allowed_for_model_now|allowed_for_training_now|allowed_for_source_truth_now|required_next_gate|blocker_reason|notes,as-of policy present; zero experiment-ready player/feature rows,authority is limited to the artifact's documented scope,1.0.0
art_63937b959b7b0a2d,player_id|player_name|position|college_team|cfbd_player_id|cfbd_player_name|cfbd_match_status|production_context_valid|production_categories|draft_link_status|identity_confidence|ambiguity_flag|review_only|approved_by_human|model_use_allowed|training_allowed|rookie_outcome_ready_status|blocker_reason,CROSS_LIFECYCLE,DUPLICATE_EQUIVALENT,,LIVE_HQ,loc_6460d181c21428a4cfed8ef1,,,,false,true,DUPLICATE_RECORDED,SUPERSEDED_RECORDED,SEPARATE_LEDGER_CONTROLS,REGISTERED_METADATA_ONLY,SOURCE_INVENTORY_SHA256_RECORDED,341e5115b8a85341101fa681e9fa4659ae31eecaf1f36687a7573a657088d198,213,player_id|player_name|position|college_team|cfbd_player_id|cfbd_player_name|cfbd_match_status|production_context_valid|production_categories|draft_link_status|identity_confidence|ambiguity_flag|review_only|approved_by_human|model_use_allowed|training_allowed|rookie_outcome_ready_status|blocker_reason,packet-specific snapshot,contains 72 exact duplicate row groups / 72 excess rows; no dedup performed,1.0.0
art_63bb5dc45c57320b,markdown/text,ROOKIE_SEASON_AND_MULTI_YEAR_OUTCOME,SUPPORTING_EVIDENCE,,LIVE_HQ,loc_e1a3ed1db4629f1a979d86ff,,,,false,true,NO_DUPLICATE_FLAG,NOT_SUPERSEDED,SEPARATE_LEDGER_CONTROLS,REGISTERED_METADATA_ONLY,SOURCE_INVENTORY_SHA256_RECORDED,047e0b8bb2959f8a867adb6b2be183f22f3c8a955daa1d560d33d916c50123a2,N/A,markdown/text,packet-specific immutable runs; some local receipts only,multiple scoring/rank systems conflict; position-threshold applicability must be explicit,1.0.0
art_63f3344cf06088a2,algorithm_id|algorithm_family|target_season|player_id|player_name|position|latest_team_before_target|predicted_score|research_only|production_approved|app_wiring_approved|model_use_approved|source_confidence_entering|caveat|overall_research_rank|position_research_rank,ROOKIE_SEASON_AND_MULTI_YEAR_OUTCOME,SUPPORTING_EVIDENCE,,LOCAL_ONLY,loc_a6e8e3ecae7d00d1e657ae9d,,,,false,true,NO_DUPLICATE_FLAG,NOT_SUPERSEDED,SEPARATE_LEDGER_CONTROLS,REGISTERED_METADATA_ONLY,SOURCE_INVENTORY_SHA256_RECORDED,bf6acca3d2e86b201718ce9c6fad60786a68c328c95a9ef8f1eeaf54c5420bc6,731,algorithm_id|algorithm_family|target_season|player_id|player_name|position|latest_team_before_target|predicted_score|research_only|production_approved|app_wiring_approved|model_use_approved|source_confidence_entering|caveat|overall_research_rank|position_research_rank,packet-specific 2026 receipts,not tracked at live HQ HEAD,1.0.0
art_64172059584e9aaa,json array length=12,ROOKIE_SEASON_AND_MULTI_YEAR_OUTCOME,SUPPORTING_EVIDENCE,,LOCAL_ONLY,loc_caab934a9db9f2f711963469,,,,false,true,NO_DUPLICATE_FLAG,NOT_SUPERSEDED,SEPARATE_LEDGER_CONTROLS,REGISTERED_METADATA_ONLY,SOURCE_INVENTORY_SHA256_RECORDED,7fb6ecb07025285e71c82649da6951a99406f6ebb2077396fff7bb87fae1213a,N/A,json array length=12,packet-specific immutable runs; some local receipts only,multiple scoring/rank systems conflict; position-threshold applicability must be explicit; not tracked at live HQ HEAD,1.0.0
art_643292dccbdcb3ef,markdown/text,ROOKIE_SEASON_AND_MULTI_YEAR_OUTCOME,SUPPORTING_EVIDENCE,,LIVE_HQ,loc_59a07b7a087d9895929f0e71,,,,false,true,NO_DUPLICATE_FLAG,NOT_SUPERSEDED,SEPARATE_LEDGER_CONTROLS,REGISTERED_METADATA_ONLY,SOURCE_INVENTORY_SHA256_RECORDED,ed0bd72a6d1b5bda87c2028c1f3a8d3c71dc0f72c158c5205af7172f45bc9ebf,N/A,markdown/text,packet-specific immutable runs; some local receipts only,multiple scoring/rank systems conflict; position-threshold applicability must be explicit,1.0.0
art_643ced31ff1ea082,markdown/text,PRODUCT_CONSUMER,SUPPORTING_EVIDENCE,,LIVE_HQ,loc_190101423f4c9b49fefe5eab,,,,false,true,NO_DUPLICATE_FLAG,NOT_SUPERSEDED,SEPARATE_LEDGER_CONTROLS,REGISTERED_METADATA_ONLY,SOURCE_INVENTORY_SHA256_RECORDED,57ac0f90c87c118e2458ad8ec6c50e537be505b9f7900623956951f7d95611a0,N/A,markdown/text,live HQ at starting commit,authority is limited to the artifact's documented scope,1.0.0
art_644c143e0e296907,markdown/text,PRODUCT_CONSUMER,SUPPORTING_EVIDENCE,,LIVE_HQ,loc_8856bfc025e0f140d6becf54,,,,false,true,NO_DUPLICATE_FLAG,NOT_SUPERSEDED,SEPARATE_LEDGER_CONTROLS,REGISTERED_METADATA_ONLY,SOURCE_INVENTORY_SHA256_RECORDED,8783bd1cd89110ea77792a97046b51e94234ee96c1139236a8baa06fb4cd74ec,N/A,markdown/text,live HQ at starting commit,authority is limited to the artifact's documented scope,1.0.0
art_6468d4705b0b6973,markdown/text,CROSS_LIFECYCLE_IDENTITY,SUPPORTING_EVIDENCE,,LIVE_HQ,loc_c7b1c4daf0af80f4c6d2544d,,,,false,true,NO_DUPLICATE_FLAG,NOT_SUPERSEDED,SEPARATE_LEDGER_CONTROLS,REGISTERED_METADATA_ONLY,SOURCE_INVENTORY_SHA256_RECORDED,2f0648f2447334769a613ac43c179f3823d65501ea12be3ac34eeecdb0a28c21,N/A,markdown/text,June 23-30 2026 snapshots,authority is limited to the artifact's documented scope,1.0.0
art_646b5b6d2f6fe480,markdown/text,CROSS_LIFECYCLE_IDENTITY,IDENTITY_UNRESOLVED,,LIVE_HQ,loc_28e3c7f4041ee266c0a2fdf1,,,,false,true,NO_DUPLICATE_FLAG,NOT_SUPERSEDED,SEPARATE_LEDGER_CONTROLS,REGISTERED_METADATA_ONLY,SOURCE_INVENTORY_SHA256_RECORDED,027a3284a8de5b9e66d2fbac23a2c06778df0a00687483c2593cd8fb31a56a96,N/A,markdown/text,2026-06-26 to 2026-06-29 review snapshots,human review approval is review-only; normalized name/position is not controlling identity,1.0.0
art_65048b311c935ead,markdown/text,ROOKIE_SEASON_AND_MULTI_YEAR_OUTCOME,SUPPORTING_EVIDENCE,,LIVE_HQ,loc_9fb9133b61decc300401ad7f,,,,false,true,NO_DUPLICATE_FLAG,NOT_SUPERSEDED,SEPARATE_LEDGER_CONTROLS,REGISTERED_METADATA_ONLY,SOURCE_INVENTORY_SHA256_RECORDED,f1668940f686eca693c591e7e710c6ed989a2f64e73443349656e73ec633d24d,N/A,markdown/text,packet-specific immutable runs; some local receipts only,multiple scoring/rank systems conflict; position-threshold applicability must be explicit,1.0.0
art_6527735f4f1b200d,markdown/text,PRE_DRAFT_AND_TIMING_GOVERNANCE,SUPPORTING_EVIDENCE,,LIVE_HQ,loc_5a0ec95cb19fbe48eedbc8f3,,,,false,true,NO_DUPLICATE_FLAG,NOT_SUPERSEDED,SEPARATE_LEDGER_CONTROLS,REGISTERED_METADATA_ONLY,SOURCE_INVENTORY_SHA256_RECORDED,585076e0b277586967804f806ff6036a987be9981774fcd8fb52f91208f1dce0,N/A,markdown/text,as-of policy present; zero experiment-ready player/feature rows,authority is limited to the artifact's documented scope,1.0.0
art_652bb7fb08590647,source|field_name|description|pre_draft_allowed|post_draft_allowed|label_only|display_only|blocked_leakage|review_only|reason|required_approval_gate,CROSS_LIFECYCLE,SUPPORTING_EVIDENCE,,LIVE_HQ,loc_5d5a88e05fbf57b1a4528e1d,,,,false,true,NO_DUPLICATE_FLAG,NOT_SUPERSEDED,SEPARATE_LEDGER_CONTROLS,REGISTERED_METADATA_ONLY,SOURCE_INVENTORY_SHA256_RECORDED,46560c9739989f357e0239e7c0ef34cc656574cb7672ad8df1570bf0514da8c2,29,source|field_name|description|pre_draft_allowed|post_draft_allowed|label_only|display_only|blocked_leakage|review_only|reason|required_approval_gate,packet-specific snapshot,authority is limited to the artifact's documented scope,1.0.0
art_655f404d0b54e3a3,markdown/text,ROOKIE_SEASON_AND_MULTI_YEAR_OUTCOME,SUPPORTING_EVIDENCE,,LOCAL_ONLY,loc_165a759aa40e94d153e08abf,,,,false,true,NO_DUPLICATE_FLAG,NOT_SUPERSEDED,SEPARATE_LEDGER_CONTROLS,REGISTERED_METADATA_ONLY,SOURCE_INVENTORY_SHA256_RECORDED,1a6fc1575c7fa7c96045fc904d89ae82897dc862177263ad905c7652472c016b,N/A,markdown/text,packet-specific 2026 receipts,not tracked at live HQ HEAD,1.0.0
art_657799c15596005e,cfbd_player_id|cfbd_player_name|cfbd_college_team|cfbd_position|cfbd_season|candidate_source|candidate_player_id|candidate_sleeper_id|candidate_player_name|candidate_position|name_score|match_status|match_confidence|recommended_review_action|human_decision|human_reviewer|human_review_date|review_note|model_use_allowed|training_allowed|review_required,CROSS_LIFECYCLE_IDENTITY,IDENTITY_UNRESOLVED,,LIVE_HQ,loc_4a4b7f02800c2a05843bb118,,,,false,true,NO_DUPLICATE_FLAG,NOT_SUPERSEDED,SEPARATE_LEDGER_CONTROLS,REGISTERED_METADATA_ONLY,SOURCE_INVENTORY_SHA256_RECORDED,83220de8d51fa04b8a0a2a73f3581176d12a71249724296441eb43cae562285d,157,cfbd_player_id|cfbd_player_name|cfbd_college_team|cfbd_position|cfbd_season|candidate_source|candidate_player_id|candidate_sleeper_id|candidate_player_name|candidate_position|name_score|match_status|match_confidence|recommended_review_action|human_decision|human_reviewer|human_review_date|review_note|model_use_allowed|training_allowed|review_required,2026-06-26 to 2026-06-29 review snapshots,human review approval is review-only; normalized name/position is not controlling identity,1.0.0
art_6585ec43347cc8b5,markdown/text,ROOKIE_SEASON_AND_MULTI_YEAR_OUTCOME,SUPPORTING_EVIDENCE,,LIVE_HQ,loc_c020051063f58df97f914fb6,,,,false,true,NO_DUPLICATE_FLAG,NOT_SUPERSEDED,SEPARATE_LEDGER_CONTROLS,REGISTERED_METADATA_ONLY,SOURCE_INVENTORY_SHA256_RECORDED,466b9ae3daa12980cccae91e7d3afbc54d3288f0cd1f0bf871294d4f39c31476,N/A,markdown/text,packet-specific immutable runs; some local receipts only,multiple scoring/rank systems conflict; position-threshold applicability must be explicit,1.0.0
art_65ca60fd4765e9b3,markdown/text,ROOKIE_SEASON_AND_MULTI_YEAR_OUTCOME,SUPPORTING_EVIDENCE,,LIVE_HQ,loc_41a848f93cee52624d46950e,,,,false,true,NO_DUPLICATE_FLAG,NOT_SUPERSEDED,SEPARATE_LEDGER_CONTROLS,REGISTERED_METADATA_ONLY,SOURCE_INVENTORY_SHA256_RECORDED,bd217a730c258cf9d9bb54948457da2f19c6f5aa2fd30604954448bc0fc0c339,N/A,markdown/text,packet-specific immutable runs; some local receipts only,multiple scoring/rank systems conflict; position-threshold applicability must be explicit,1.0.0
art_65ede4f7872e240b,artifact_name|path|row_count|sha256|created_at|approval_status|model_input_allowed|training_allowed|app_wiring_allowed|source_paths|notes,ROOKIE_SEASON_AND_MULTI_YEAR_OUTCOME,SUPPORTING_EVIDENCE,,LOCAL_ONLY,loc_a4495500a2db90352fb317a6,,,,false,true,NO_DUPLICATE_FLAG,NOT_SUPERSEDED,SEPARATE_LEDGER_CONTROLS,REGISTERED_METADATA_ONLY,SOURCE_INVENTORY_SHA256_RECORDED,ee82ccf32f5843b50259142f40bd41093600c3092cef6573c087165a7f34294c,3,artifact_name|path|row_count|sha256|created_at|approval_status|model_input_allowed|training_allowed|app_wiring_allowed|source_paths|notes,packet-specific immutable runs; some local receipts only,multiple scoring/rank systems conflict; position-threshold applicability must be explicit; not tracked at live HQ HEAD,1.0.0
art_661d1b84b775c436,player_name|position|team|nwr_player_id|candidate_nflverse_id|candidate_gsis_id|candidate_pfr_id|recommendation|recommendation_reason|required_human_decision|human_decision|approved_by_human|review_only|model_use_allowed|training_allowed|source_truth_allowed|rank_logic_allowed|hidden_sort_allowed|trade_value_allowed|pick_value_allowed|display_action|decision_state|overlay_eligible_now|guardrail_status|reviewer_note,CROSS_LIFECYCLE,SUPPORTING_EVIDENCE,,LIVE_HQ,loc_693435c3686635ceb9b0f2d1,,,,false,true,NO_DUPLICATE_FLAG,NOT_SUPERSEDED,SEPARATE_LEDGER_CONTROLS,REGISTERED_METADATA_ONLY,SOURCE_INVENTORY_SHA256_RECORDED,7d9cae3f60e4fd457b1dad083fa8df26ae7322d402613d156b75741047c8af4b,54,player_name|position|team|nwr_player_id|candidate_nflverse_id|candidate_gsis_id|candidate_pfr_id|recommendation|recommendation_reason|required_human_decision|human_decision|approved_by_human|review_only|model_use_allowed|training_allowed|source_truth_allowed|rank_logic_allowed|hidden_sort_allowed|trade_value_allowed|pick_value_allowed|display_action|decision_state|overlay_eligible_now|guardrail_status|reviewer_note,packet-specific snapshot,authority is limited to the artifact's documented scope,1.0.0
art_665b02fa97f439d6,markdown/text,ROOKIE_SEASON_AND_MULTI_YEAR_OUTCOME,SUPPORTING_EVIDENCE,,LIVE_HQ,loc_e5411b18c09216b5e04da394,,,,false,true,NO_DUPLICATE_FLAG,NOT_SUPERSEDED,SEPARATE_LEDGER_CONTROLS,REGISTERED_METADATA_ONLY,SOURCE_INVENTORY_SHA256_RECORDED,8da526af29e1eb3a3bc5f65be7354e950d4c21a004f9fc4f2a3339afcb6660b1,N/A,markdown/text,packet-specific 2026 receipts,authority is limited to the artifact's documented scope,1.0.0
art_66a68d7cca946edf,markdown/text,ROOKIE_SEASON_AND_MULTI_YEAR_OUTCOME,SUPPORTING_EVIDENCE,,LIVE_HQ,loc_f18a7bee8a2659b92197c407,,,,false,true,NO_DUPLICATE_FLAG,NOT_SUPERSEDED,SEPARATE_LEDGER_CONTROLS,REGISTERED_METADATA_ONLY,SOURCE_INVENTORY_SHA256_RECORDED,33f49d8ef97ffc7ad9cd054be8e58e1510d5df113a7b9972c19a96aabd94e581,N/A,markdown/text,packet-specific immutable runs; some local receipts only,multiple scoring/rank systems conflict; position-threshold applicability must be explicit,1.0.0
art_66ab6779735c0df6,check|result|evidence|severity,ROOKIE_SEASON_AND_MULTI_YEAR_OUTCOME,SUPPORTING_EVIDENCE,,LOCAL_ONLY,loc_9c63c210e6ebf93ceada0dea,,,,false,true,NO_DUPLICATE_FLAG,NOT_SUPERSEDED,SEPARATE_LEDGER_CONTROLS,REGISTERED_METADATA_ONLY,SOURCE_INVENTORY_SHA256_RECORDED,e3b73e39ccc0630c47cc81b6f373f3fb4530cc841eebb3887c5537d3df4fa112,18,check|result|evidence|severity,packet-specific 2026 receipts,not tracked at live HQ HEAD,1.0.0
art_66d1961441f7d3f6,algorithm_id|algorithm_family|algorithm_name|development_composite_score|development_next_points_spearman|development_future3_spearman|development_rank_mae|development_top_precision|development_top_recall|development_bust_avoidance|development_cornerstone_safety|holdout_composite_score|holdout_next_points_spearman|holdout_rank_mae|stress_2025_next_points_spearman|complexity_score|winner_selection_basis|beats_simple_baseline_multiple_checks|finalist_selection_note,ROOKIE_SEASON_AND_MULTI_YEAR_OUTCOME,SUPPORTING_EVIDENCE,,LOCAL_ONLY,loc_440475bcff2c87a11458bd54,,,,false,true,NO_DUPLICATE_FLAG,NOT_SUPERSEDED,SEPARATE_LEDGER_CONTROLS,REGISTERED_METADATA_ONLY,SOURCE_INVENTORY_SHA256_RECORDED,786221f7a870c562d9378829752cc6039aeddf3c2bb92adf4e337c71ebac9faa,6,algorithm_id|algorithm_family|algorithm_name|development_composite_score|development_next_points_spearman|development_future3_spearman|development_rank_mae|development_top_precision|development_top_recall|development_bust_avoidance|development_cornerstone_safety|holdout_composite_score|holdout_next_points_spearman|holdout_rank_mae|stress_2025_next_points_spearman|complexity_score|winner_selection_basis|beats_simple_baseline_multiple_checks|finalist_selection_note,packet-specific 2026 receipts,not tracked at live HQ HEAD,1.0.0
art_66d713cad75d6493,markdown/text,DRAFT_EVENT,SUPPORTING_EVIDENCE,,LIVE_HQ,loc_85f00548c82ed8bc96bc826a,,,,false,true,NO_DUPLICATE_FLAG,NOT_SUPERSEDED,SEPARATE_LEDGER_CONTROLS,REGISTERED_METADATA_ONLY,SOURCE_INVENTORY_SHA256_RECORDED,8ee74689f8f9e229d46bedfc446e0f7c353d515a9ce53f5b90a864031a536171,N/A,markdown/text,static completed draft events; source timestamps/receipt IDs incomplete in several derivatives,positive draft facts only; missing draft evidence remains unknown; current name+position joins are review-only,1.0.0
art_67005c50fbe836cb,markdown/text,GOVERNANCE,CANONICAL_ADMITTED,,LIVE_HQ,loc_7804289459d323d98b70ba66,,,,true,false,NO_DUPLICATE_FLAG,NOT_SUPERSEDED,SEPARATE_LEDGER_CONTROLS,REGISTERED_METADATA_ONLY,SOURCE_INVENTORY_SHA256_RECORDED,239701e098390481575e95013c1c2ff9c94be55df837ec9a7a611b97e527897e,N/A,markdown/text,versioned canonical packet,authority is limited to the artifact's documented scope,1.0.0
art_6713dd154e7fe07e,markdown/text,DRAFT_EVENT,SUPPORTING_EVIDENCE,,LIVE_HQ,loc_4433fac939a8531c6487a80c,,,,false,true,NO_DUPLICATE_FLAG,NOT_SUPERSEDED,SEPARATE_LEDGER_CONTROLS,REGISTERED_METADATA_ONLY,SOURCE_INVENTORY_SHA256_RECORDED,f180d79c6381dd4421bacebde8ade8c188213d5c9334fd69e910044b431963f0,N/A,markdown/text,static completed draft events; source timestamps/receipt IDs incomplete in several derivatives,positive draft facts only; missing draft evidence remains unknown; current name+position joins are review-only,1.0.0
art_6747b8bb2a80fb96,metric|value|notes|review_only|display_only|model_use_allowed|training_allowed|rankings_wiring_allowed,DRAFT_EVENT_AND_POST_DRAFT_PRESEASON,SUPPORTING_EVIDENCE,,LOCAL_ONLY,loc_c9d3c1bed7ba63642b50b778,,,,false,true,NO_DUPLICATE_FLAG,NOT_SUPERSEDED,SEPARATE_LEDGER_CONTROLS,REGISTERED_METADATA_ONLY,SOURCE_INVENTORY_SHA256_RECORDED,62a81e633b3983926ccdeb91b1bc6f87c300b3a0c45c2d172f4563755fe7fe46,8,metric|value|notes|review_only|display_only|model_use_allowed|training_allowed|rankings_wiring_allowed,June 29-30 2026; no uniform row-level source timestamp,published counts may be duplicate-inflated; three distinct current records have no stable candidate ID; not tracked at live HQ HEAD,1.0.0
art_679fdacc4da0cca3,markdown/text,DRAFT_EVENT,SUPPORTING_EVIDENCE,,LIVE_HQ,loc_7a918efc7c01831a095fbbb3,,,,false,true,NO_DUPLICATE_FLAG,NOT_SUPERSEDED,SEPARATE_LEDGER_CONTROLS,REGISTERED_METADATA_ONLY,SOURCE_INVENTORY_SHA256_RECORDED,f2ee9c3a872c0fa0c3e5c805c06af23c3abae6c453d38fc5fa6dd5e30dfe28d4,N/A,markdown/text,June 30 2026 packet snapshots,likely/confirmed-review-only must not be treated as verified undrafted truth,1.0.0
art_67bdd88b4507cc0b,source_id|source_name|path|sha256|physical_rows_or_type|source_asof|identity_grain|gate_status|allowed_use|blocked_use|caveat,PROTECTED_FROZEN_GOVERNANCE,CANONICAL_REVIEW_ONLY,,LIVE_HQ,loc_da890acf249287d4020f6678,,,,true,false,NO_DUPLICATE_FLAG,NOT_SUPERSEDED,SEPARATE_LEDGER_CONTROLS,REGISTERED_METADATA_ONLY,SOURCE_INVENTORY_SHA256_RECORDED,d8baefe7b41fcd8a601f33d6dc9d6c0f2753d4f3e3b5189d25b72cb065a594df,10,source_id|source_name|path|sha256|physical_rows_or_type|source_asof|identity_grain|gate_status|allowed_use|blocked_use|caveat,frozen 2026-07-10 before outcomes,authority is limited to the artifact's documented scope,1.0.0
art_67d5352ed549131f,markdown/text,ROOKIE_SEASON_AND_MULTI_YEAR_OUTCOME,SUPPORTING_EVIDENCE,,LIVE_HQ,loc_9e644ace3d069c126bd7b662,,,,false,true,NO_DUPLICATE_FLAG,NOT_SUPERSEDED,SEPARATE_LEDGER_CONTROLS,REGISTERED_METADATA_ONLY,SOURCE_INVENTORY_SHA256_RECORDED,259c281ebd9608723b0b91b9950b1bfb186f2f5bc68f96d5a3b8f79548ebe7b8,N/A,markdown/text,packet-specific immutable runs; some local receipts only,multiple scoring/rank systems conflict; position-threshold applicability must be explicit,1.0.0
art_6814c071e762ae7e,markdown/text,ROOKIE_SEASON_AND_MULTI_YEAR_OUTCOME,SUPPORTING_EVIDENCE,,LIVE_HQ,loc_36b30f67b580e2394b94101c,,,,false,true,NO_DUPLICATE_FLAG,NOT_SUPERSEDED,SEPARATE_LEDGER_CONTROLS,REGISTERED_METADATA_ONLY,SOURCE_INVENTORY_SHA256_RECORDED,6ead9ad795c67327738ea909c0e1f858befef14612303a090f9aa30a68e16000,N/A,markdown/text,packet-specific 2026 receipts,authority is limited to the artifact's documented scope,1.0.0
art_681a8024a3ec4fc4,position|sparse_history_rows|startable_hits|startable_rate|false_negative_rows|false_positive_rows|dominant_population_type|dominant_false_negative_reason|design_implication,LATER_OUTCOME_RESEARCH,SUPPORTING_EVIDENCE,,LIVE_HQ,loc_918649c49566447e2fe6e1b1,,,,false,true,NO_DUPLICATE_FLAG,NOT_SUPERSEDED,SEPARATE_LEDGER_CONTROLS,REGISTERED_METADATA_ONLY,SOURCE_INVENTORY_SHA256_RECORDED,e4be75bb01f9dd88e63af96a8107ee8e999bf91ebca37ac0bb612889628f1847,4,position|sparse_history_rows|startable_hits|startable_rate|false_negative_rows|false_positive_rows|dominant_population_type|dominant_false_negative_reason|design_implication,July 9 2026 research snapshots,authority is limited to the artifact's documented scope,1.0.0
art_68709b8b22f7d714,markdown/text,PROTECTED_FROZEN_GOVERNANCE,CANONICAL_REVIEW_ONLY,,LIVE_HQ,loc_836e827d9446edc079912850,,,,true,false,NO_DUPLICATE_FLAG,NOT_SUPERSEDED,SEPARATE_LEDGER_CONTROLS,REGISTERED_METADATA_ONLY,SOURCE_INVENTORY_SHA256_RECORDED,4bf5e3f8b8c6118a6200d9af83ba123521c68f74fdd6d19aa3b0260fb565d314,N/A,markdown/text,frozen 2026-07-10 before outcomes,authority is limited to the artifact's documented scope,1.0.0
art_6885448a26119456,markdown/text,DRAFT_EVENT,SUPPORTING_EVIDENCE,,LIVE_HQ,loc_523ff8d76dbbba66ed41a2cf,,,,false,true,NO_DUPLICATE_FLAG,NOT_SUPERSEDED,SEPARATE_LEDGER_CONTROLS,REGISTERED_METADATA_ONLY,SOURCE_INVENTORY_SHA256_RECORDED,e498f39665c5c60686544e3e8f37afef701defb64f42291c6067cf3b3ed7ba21,N/A,markdown/text,June 30 2026 packet snapshots,likely/confirmed-review-only must not be treated as verified undrafted truth,1.0.0
art_68d9114e592edf59,field_name|display_decision|source|required_filter|missing_display|blocked_use,PRODUCT_CONSUMER,SUPPORTING_EVIDENCE,,LIVE_HQ,loc_49c5d6eb750c10f411c16626,,,,false,true,NO_DUPLICATE_FLAG,NOT_SUPERSEDED,SEPARATE_LEDGER_CONTROLS,REGISTERED_METADATA_ONLY,SOURCE_INVENTORY_SHA256_RECORDED,1726618907922a10cadf51c133209bf5ab5af68cd9ba037cd5889ef67e473d71,10,field_name|display_decision|source|required_filter|missing_display|blocked_use,live HQ at starting commit,authority is limited to the artifact's documented scope,1.0.0
art_692125b2834af978,algorithm_id|algorithm_family|algorithm_name|development_composite_score|development_next_points_spearman|development_future3_spearman|development_rank_mae|development_top_precision|development_top_recall|development_bust_avoidance|development_cornerstone_safety|holdout_composite_score|holdout_next_points_spearman|holdout_rank_mae|stress_2025_next_points_spearman|complexity_score|winner_selection_basis|beats_simple_baseline_multiple_checks|finalist_selection_note|all_candidate_rank,ROOKIE_SEASON_AND_MULTI_YEAR_OUTCOME,SUPPORTING_EVIDENCE,,LOCAL_ONLY,loc_eff6b52e916cb00cc244924a,,,,false,true,NO_DUPLICATE_FLAG,NOT_SUPERSEDED,SEPARATE_LEDGER_CONTROLS,REGISTERED_METADATA_ONLY,SOURCE_INVENTORY_SHA256_RECORDED,55e69eb507fb05c72ab898d407604c2b84e135b42c952cf44b91218c861f23fc,33,algorithm_id|algorithm_family|algorithm_name|development_composite_score|development_next_points_spearman|development_future3_spearman|development_rank_mae|development_top_precision|development_top_recall|development_bust_avoidance|development_cornerstone_safety|holdout_composite_score|holdout_next_points_spearman|holdout_rank_mae|stress_2025_next_points_spearman|complexity_score|winner_selection_basis|beats_simple_baseline_multiple_checks|finalist_selection_note|all_candidate_rank,packet-specific 2026 receipts,not tracked at live HQ HEAD,1.0.0
art_69238322f074a974,markdown/text,ROOKIE_SEASON_AND_MULTI_YEAR_OUTCOME,SUPPORTING_EVIDENCE,,LIVE_HQ,loc_c04f1488f9ffa60074030269,,,,false,true,NO_DUPLICATE_FLAG,NOT_SUPERSEDED,SEPARATE_LEDGER_CONTROLS,REGISTERED_METADATA_ONLY,SOURCE_INVENTORY_SHA256_RECORDED,8f618fb2371672f82a7f0ac85ca6b09fa591a0c05e196b6a80219a0f7b061f96,N/A,markdown/text,packet-specific immutable runs; some local receipts only,multiple scoring/rank systems conflict; position-threshold applicability must be explicit,1.0.0
art_6938cf19cf144be7,source_row_id|source_name|source_record_key|source_player_name|source_team|source_season|canonical_player_id|canonical_player_name|canonical_position|join_keys|join_method|identity_confidence|collision_flag|unmatched_flag|name_only_flag|row_grain|status|review_owner|notes,GOVERNANCE,CANONICAL_ADMITTED,,LIVE_HQ,loc_50632e1bfa11110752509b1f,,,,true,false,NO_DUPLICATE_FLAG,NOT_SUPERSEDED,SEPARATE_LEDGER_CONTROLS,REGISTERED_METADATA_ONLY,SOURCE_INVENTORY_SHA256_RECORDED,f446d4707681dc6472b4fad33020b70cbedc8981a1c161cd7c27fd602dc76f54,0,source_row_id|source_name|source_record_key|source_player_name|source_team|source_season|canonical_player_id|canonical_player_name|canonical_position|join_keys|join_method|identity_confidence|collision_flag|unmatched_flag|name_only_flag|row_grain|status|review_owner|notes,versioned policy snapshot,authority is limited to the artifact's documented scope,1.0.0
art_6959c1165f79d1a2,position|threshold|complete_5y_rows_before|positive_hits_before|censored_or_missing_before|complete_5y_rows_after|positive_hits_after|misses_after|censored_or_missing_after|app_validation_note,ROOKIE_SEASON_AND_MULTI_YEAR_OUTCOME,SUPPORTING_EVIDENCE,,LOCAL_ONLY,loc_ca17ee3cd231f868ee8f5922,,,,false,true,NO_DUPLICATE_FLAG,NOT_SUPERSEDED,SEPARATE_LEDGER_CONTROLS,REGISTERED_METADATA_ONLY,SOURCE_INVENTORY_SHA256_RECORDED,e08a129dc0092c2f10b35e2da955be9a48b07889539019aa1cca1bdd95cc7668,12,position|threshold|complete_5y_rows_before|positive_hits_before|censored_or_missing_before|complete_5y_rows_after|positive_hits_after|misses_after|censored_or_missing_after|app_validation_note,packet-specific immutable runs; some local receipts only,multiple scoring/rank systems conflict; position-threshold applicability must be explicit; not tracked at live HQ HEAD,1.0.0
art_69610c3dfa9247b5,field_id|probability_band|rows|average_prediction|observed_rate|positive_count,ROOKIE_SEASON_AND_MULTI_YEAR_OUTCOME,SUPPORTING_EVIDENCE,,LOCAL_ONLY,loc_7cbf34d86d15fdacffc14d6e,,,,false,true,NO_DUPLICATE_FLAG,NOT_SUPERSEDED,SEPARATE_LEDGER_CONTROLS,REGISTERED_METADATA_ONLY,SOURCE_INVENTORY_SHA256_RECORDED,1f8eeb97d378f8e48a515a7e976d7e4ba338c7e629de2bba471d5026daaf5eba,86,field_id|probability_band|rows|average_prediction|observed_rate|positive_count,packet-specific immutable runs; some local receipts only,multiple scoring/rank systems conflict; position-threshold applicability must be explicit; not tracked at live HQ HEAD,1.0.0
art_6966fd2a9b5c845c,variant_id|parent_rule_id|rule_family|variant_name|overlay_strength|eligibility_gate|positive_conditions|negative_conditions|allowed_windows|reference_formulas|expected_goal|blocked_input_check|source_use_gate_status|leakage_asof_check|review_only_status|v2_status|execution_sequence|execution_status,LATER_OUTCOME_RESEARCH,SUPPORTING_EVIDENCE,,LIVE_HQ,loc_08ef2ebad75242fdd460ca88,,,,false,true,NO_DUPLICATE_FLAG,NOT_SUPERSEDED,SEPARATE_LEDGER_CONTROLS,REGISTERED_METADATA_ONLY,SOURCE_INVENTORY_SHA256_RECORDED,7d94310891bcefeacac06afc6ff0958c918b91e9ed7aaa63d97acd494d2340d6,25,variant_id|parent_rule_id|rule_family|variant_name|overlay_strength|eligibility_gate|positive_conditions|negative_conditions|allowed_windows|reference_formulas|expected_goal|blocked_input_check|source_use_gate_status|leakage_asof_check|review_only_status|v2_status|execution_sequence|execution_status,July 9 2026 research snapshots,authority is limited to the artifact's documented scope,1.0.0
art_698e2c0fd0f1f35c,entry_status|row_count|allowed_for_training_now|allowed_for_model_use_now|allowed_for_outcome_review_now|allowed_for_drafted_only_review_now|required_next_gate|notes,DRAFT_EVENT,SUPPORTING_EVIDENCE,,LIVE_HQ,loc_80581c13a05b740ebb7406f1,,,,false,true,NO_DUPLICATE_FLAG,NOT_SUPERSEDED,SEPARATE_LEDGER_CONTROLS,REGISTERED_METADATA_ONLY,SOURCE_INVENTORY_SHA256_RECORDED,f39c6a5035ddf5972bfa757def8f2308faa56584283b735f7b4bf0021c4a5b24,7,entry_status|row_count|allowed_for_training_now|allowed_for_model_use_now|allowed_for_outcome_review_now|allowed_for_drafted_only_review_now|required_next_gate|notes,June 30 2026 snapshot; source acquisition receipt incomplete,"2,514 likely-UDFA rows are provisional; tracked builder/input receipt is missing",1.0.0
art_69cd517d4ab06178,markdown/text,ROOKIE_SEASON_AND_MULTI_YEAR_OUTCOME,SUPPORTING_EVIDENCE,,LOCAL_ONLY,loc_4b594f2daaf7a42ab2846519,,,,false,true,NO_DUPLICATE_FLAG,NOT_SUPERSEDED,SEPARATE_LEDGER_CONTROLS,REGISTERED_METADATA_ONLY,SOURCE_INVENTORY_SHA256_RECORDED,ea0b51890f10eb608c833aef6e1c4bfbf8e1c1ba7014bf9b9777d2f9c278524b,N/A,markdown/text,packet-specific 2026 receipts,not tracked at live HQ HEAD,1.0.0
art_6a3a8af9f1227e24,py,CROSS_LIFECYCLE,SUPPORTING_EVIDENCE,,LIVE_HQ,loc_ae6e4b1b284bef517ada87e8,,,,false,true,NO_DUPLICATE_FLAG,NOT_SUPERSEDED,SEPARATE_LEDGER_CONTROLS,REGISTERED_METADATA_ONLY,SOURCE_INVENTORY_SHA256_RECORDED,de819b635cf2d134fa6b65332bd2bda448d4fbf295137b861cd4dfaf6be07911,N/A,py,packet-specific snapshot,authority is limited to the artifact's documented scope,1.0.0
art_6a4a13b6c48dab2f,markdown/text,DRAFT_EVENT,SUPPORTING_EVIDENCE,,LIVE_HQ,loc_63432ea1e082acafe03abd54,,,,false,true,NO_DUPLICATE_FLAG,NOT_SUPERSEDED,SEPARATE_LEDGER_CONTROLS,REGISTERED_METADATA_ONLY,SOURCE_INVENTORY_SHA256_RECORDED,41fc1dd7c71ed7155434f1a9c7d5282cbb1f094b5b0a8fc74a0c4814c03eb16b,N/A,markdown/text,static completed draft events; source timestamps/receipt IDs incomplete in several derivatives,positive draft facts only; missing draft evidence remains unknown; current name+position joins are review-only,1.0.0
art_6a4cd3ea9b291e27,markdown/text,PRE_DRAFT_TO_MULTI_YEAR_LEGACY,SUPPORTING_EVIDENCE,,LIVE_HQ,loc_8875c43485c66f3175dcedab,,,,false,true,NO_DUPLICATE_FLAG,NOT_SUPERSEDED,SEPARATE_LEDGER_CONTROLS,REGISTERED_METADATA_ONLY,SOURCE_INVENTORY_SHA256_RECORDED,651d3bb383097e11a14d8bd81fa5335ce940f9e21bedaa6c484e32db3b2a089e,N/A,markdown/text,legacy baseline; superseded by June 29-30 review-only gates,legacy source/use claims are superseded; provider content and name-key joins are restricted,1.0.0
art_6a4e8cead3dbf839,markdown/text,GOVERNANCE,CANONICAL_ADMITTED,,LIVE_HQ,loc_7476b9f9bb22ae37ada027d8,,,,true,false,NO_DUPLICATE_FLAG,NOT_SUPERSEDED,SEPARATE_LEDGER_CONTROLS,REGISTERED_METADATA_ONLY,SOURCE_INVENTORY_SHA256_RECORDED,c50b7a5e791a0e8df0671a826a2daccf60261c83eeb6c883485c842bdf50a13c,N/A,markdown/text,versioned canonical packet,authority is limited to the artifact's documented scope,1.0.0
art_6b4c12b7a44bdcf2,deviation_id|recorded_at_utc|materiality|status|affected_scope|description|resolution,PROTECTED_FROZEN_GOVERNANCE,CANONICAL_REVIEW_ONLY,,LIVE_HQ,loc_bdb5dbc3eac81e166b770324,,,,true,false,NO_DUPLICATE_FLAG,NOT_SUPERSEDED,SEPARATE_LEDGER_CONTROLS,REGISTERED_METADATA_ONLY,SOURCE_INVENTORY_SHA256_RECORDED,c5b2b853eeeaaead13a435f3d3b2b41f4e4d2d2b8bb6b7f2a191b8aacbda1b91,1,deviation_id|recorded_at_utc|materiality|status|affected_scope|description|resolution,frozen 2026-07-10 before outcomes,authority is limited to the artifact's documented scope,1.0.0
art_6b4ea84da0a321c3,markdown/text,PRODUCT_CONSUMER,SUPPORTING_EVIDENCE,,LIVE_HQ,loc_e417d845e7a527e873675665,,,,false,true,NO_DUPLICATE_FLAG,NOT_SUPERSEDED,SEPARATE_LEDGER_CONTROLS,REGISTERED_METADATA_ONLY,SOURCE_INVENTORY_SHA256_RECORDED,d48801f0cc8aac25bb7ca0240d82388f1be083b517071233f1e8591468af08e0,N/A,markdown/text,live HQ at starting commit,authority is limited to the artifact's documented scope,1.0.0
art_6b5f19f8240f0a9f,feature_family|source_artifact|candidate_pre_draft_feature|draft_event_feature|post_draft_only|row_count|drafted_player_match_count|missing_count|as_of_field_present|as_of_safe_now|replay_safe_now|experiment_ready_now|model_use_allowed|training_allowed|source_truth_allowed|required_next_gate|blocker_reason|notes,PRE_DRAFT_AND_TIMING_GOVERNANCE,SUPPORTING_EVIDENCE,,LIVE_HQ,loc_d8424a96b6b4850fceff54ee,,,,false,true,NO_DUPLICATE_FLAG,NOT_SUPERSEDED,SEPARATE_LEDGER_CONTROLS,REGISTERED_METADATA_ONLY,SOURCE_INVENTORY_SHA256_RECORDED,49a4c39e660c342d147bc8498ceea5801625cc91c0201bac581a489d170e1179,23,feature_family|source_artifact|candidate_pre_draft_feature|draft_event_feature|post_draft_only|row_count|drafted_player_match_count|missing_count|as_of_field_present|as_of_safe_now|replay_safe_now|experiment_ready_now|model_use_allowed|training_allowed|source_truth_allowed|required_next_gate|blocker_reason|notes,as-of policy present; zero experiment-ready player/feature rows,authority is limited to the artifact's documented scope,1.0.0
art_6b8bc4adc5d5e19b,algorithm_id|algorithm_family|algorithm_name|development_composite_score|development_next_points_spearman|development_future3_spearman|development_rank_mae|development_top_precision|development_top_recall|development_bust_avoidance|development_cornerstone_safety|holdout_composite_score|holdout_next_points_spearman|holdout_rank_mae|stress_2025_next_points_spearman|complexity_score|winner_selection_basis|beats_simple_baseline_multiple_checks|finalist_selection_note|overall_rank,ROOKIE_SEASON_AND_MULTI_YEAR_OUTCOME,SUPPORTING_EVIDENCE,,LOCAL_ONLY,loc_e68d33e72d8d478ff7776700,,,,false,true,NO_DUPLICATE_FLAG,NOT_SUPERSEDED,SEPARATE_LEDGER_CONTROLS,REGISTERED_METADATA_ONLY,SOURCE_INVENTORY_SHA256_RECORDED,adaf79721552bef2ec4d66cd5c2758a254a7629a7a795f9af10b9af1aca83bea,3,algorithm_id|algorithm_family|algorithm_name|development_composite_score|development_next_points_spearman|development_future3_spearman|development_rank_mae|development_top_precision|development_top_recall|development_bust_avoidance|development_cornerstone_safety|holdout_composite_score|holdout_next_points_spearman|holdout_rank_mae|stress_2025_next_points_spearman|complexity_score|winner_selection_basis|beats_simple_baseline_multiple_checks|finalist_selection_note|overall_rank,packet-specific 2026 receipts,not tracked at live HQ HEAD,1.0.0
art_6be2866942c84340,py,CROSS_LIFECYCLE_REVIEW_SIMULATION,LOCAL_ONLY_RESTRICTED,,OFF_HQ_BRANCH_ONLY,loc_def5deaf09cc1d2b9786f134,,,,false,true,NO_DUPLICATE_FLAG,NOT_SUPERSEDED,NO_RECREATE_REQUIRED,REGISTERED_METADATA_ONLY,SOURCE_INVENTORY_SHA256_RECORDED,bd73fa5e627f1f074af3ed684958822b87fa7c893c40ce4bc7001a8f9f1456b0,N/A,py,off-HQ commit 2026-07-09; not ancestor of live HQ,"Off-HQ Git object is retained for audit discovery and no-recreate protection only; active evidence, migration, ranking, formula, training, production, and runtime use are blocked.",1.0.0
art_6c001989526daaa1,target_name|calibration_bucket|row_count|average_predicted_rate|observed_hit_rate|absolute_calibration_error|review_only|model_use_allowed|training_allowed,CROSS_LIFECYCLE,SUPPORTING_EVIDENCE,,LOCAL_ONLY,loc_cd72b60e8f42132d7892bb86,,,,false,true,NO_DUPLICATE_FLAG,NOT_SUPERSEDED,SEPARATE_LEDGER_CONTROLS,REGISTERED_METADATA_ONLY,SOURCE_INVENTORY_SHA256_RECORDED,65bfdf21637a8f29e9faeda7c9192167a1b4ef9dffa4138862124d6a1d552be9,46,target_name|calibration_bucket|row_count|average_predicted_rate|observed_hit_rate|absolute_calibration_error|review_only|model_use_allowed|training_allowed,packet-specific snapshot,not tracked at live HQ HEAD,1.0.0
art_6c2690af811c08f0,markdown/text,DRAFT_EVENT,SUPPORTING_EVIDENCE,,LIVE_HQ,loc_e1bb92040fd92dc0830f14a2,,,,false,true,NO_DUPLICATE_FLAG,NOT_SUPERSEDED,SEPARATE_LEDGER_CONTROLS,REGISTERED_METADATA_ONLY,SOURCE_INVENTORY_SHA256_RECORDED,e15435b56332de3041798117a5a09ba015c60b2487a467bb6f0a2b4bfb8a61f7,N/A,markdown/text,static completed draft events; source timestamps/receipt IDs incomplete in several derivatives,positive draft facts only; missing draft evidence remains unknown; current name+position joins are review-only,1.0.0
art_6c85f9ccc732e498,markdown/text,DRAFT_EVENT,SUPPORTING_EVIDENCE,,LIVE_HQ,loc_619a3118f9b42e8f4c63fa4c,,,,false,true,NO_DUPLICATE_FLAG,NOT_SUPERSEDED,SEPARATE_LEDGER_CONTROLS,REGISTERED_METADATA_ONLY,SOURCE_INVENTORY_SHA256_RECORDED,f534ad4dc04eeb8aa96c0df2aa05c34261088527e900b9a1a3247c26000f3ae8,N/A,markdown/text,static completed draft events; source timestamps/receipt IDs incomplete in several derivatives,positive draft facts only; missing draft evidence remains unknown; current name+position joins are review-only,1.0.0
art_6ce894579eb278f6,source_name|source_type|source_policy_status|coverage_count|allowed_review_use|blocked_use|review_only|model_use_allowed|training_allowed|source_truth_allowed|notes,CROSS_LIFECYCLE,SUPPORTING_EVIDENCE,,LIVE_HQ,loc_d12f08686e098c70524cd9c5,,,,false,true,NO_DUPLICATE_FLAG,NOT_SUPERSEDED,SEPARATE_LEDGER_CONTROLS,REGISTERED_METADATA_ONLY,SOURCE_INVENTORY_SHA256_RECORDED,d247eca5ce4c40e94ec098ad836f537ef1387e15f10802eca8fb86cd763ba412,7,source_name|source_type|source_policy_status|coverage_count|allowed_review_use|blocked_use|review_only|model_use_allowed|training_allowed|source_truth_allowed|notes,packet-specific snapshot,authority is limited to the artifact's documented scope,1.0.0
art_6d1facfb5b32d6f4,markdown/text,DRAFT_EVENT,SUPPORTING_EVIDENCE,,LIVE_HQ,loc_18bbb3ee4ab0fbd01a336f16,,,,false,true,NO_DUPLICATE_FLAG,NOT_SUPERSEDED,SEPARATE_LEDGER_CONTROLS,REGISTERED_METADATA_ONLY,SOURCE_INVENTORY_SHA256_RECORDED,ec0ba1e1619c2f19072669a4a171c5149f3f7615cc82110729773f6040021a59,N/A,markdown/text,June 30 2026 packet snapshots,likely/confirmed-review-only must not be treated as verified undrafted truth,1.0.0
art_6d44784767e3c4ad,markdown/text,DRAFT_EVENT_TO_ROOKIE_OUTCOME_BRIDGE,SUPPORTING_EVIDENCE,,LIVE_HQ,loc_94d05e78b8dd8a87ecd14b29,,,,false,true,NO_DUPLICATE_FLAG,NOT_SUPERSEDED,SEPARATE_LEDGER_CONTROLS,REGISTERED_METADATA_ONLY,SOURCE_INVENTORY_SHA256_RECORDED,388a9451a9e160fa1141ef73faa39c29881a3cff2870e5263cbed24ed7d555ff,N/A,markdown/text,local run 2026-06-29; raw input receipt/hash incomplete,authority is limited to the artifact's documented scope,1.0.0
art_6d447b5c04b98075,player_id|player_name|position|team|rookie_class_year|draft_year|draft_round|draft_pick|overall_pick|drafted_team|draft_capital_bucket|draft_capital_value|draft_capital_value_method|draft_capital_source|draft_capital_provenance|draft_capital_status|is_udfa|udfa_status_source|data_quality_status|review_only|model_use_allowed|training_allowed,PRE_DRAFT,DUPLICATE_EQUIVALENT,,LIVE_HQ,loc_f8739d7e05e2d8bbbede3da8,,,,false,true,DUPLICATE_RECORDED,NOT_SUPERSEDED,SEPARATE_LEDGER_CONTROLS,REGISTERED_METADATA_ONLY,SOURCE_INVENTORY_SHA256_RECORDED,bd07b1f5a8c6dd6197bb06a700d54d2b110167d8279597a354114b7ffaf2bcce,157,player_id|player_name|position|team|rookie_class_year|draft_year|draft_round|draft_pick|overall_pick|drafted_team|draft_capital_bucket|draft_capital_value|draft_capital_value_method|draft_capital_source|draft_capital_provenance|draft_capital_status|is_udfa|udfa_status_source|data_quality_status|review_only|model_use_allowed|training_allowed,June 30 2026; measurement source timestamp incomplete,contains 50 exact duplicate row groups / 50 excess rows; no dedup performed,1.0.0
art_6d56d26bd5d18b24,result_id|slice_name|rows|spearman|startable_precision|false_positives|false_negatives|error_rate,DRAFT_EVENT,SUPPORTING_EVIDENCE,,LIVE_HQ,loc_50f1ec260ba20f46514ffe0b,,,,false,true,NO_DUPLICATE_FLAG,NOT_SUPERSEDED,SEPARATE_LEDGER_CONTROLS,REGISTERED_METADATA_ONLY,SOURCE_INVENTORY_SHA256_RECORDED,4daf9538f697d64c8f55d0e8904ef963faa7f4c9aeb81af00331a71517d516ed,80,result_id|slice_name|rows|spearman|startable_precision|false_positives|false_negatives|error_rate,static completed draft events; source timestamps/receipt IDs incomplete in several derivatives,positive draft facts only; missing draft evidence remains unknown; current name+position joins are review-only,1.0.0
art_6dc588c9739e9595,markdown/text,DRAFT_EVENT,SUPPORTING_EVIDENCE,,LIVE_HQ,loc_8e5a0fd5384183b1bf1fb0ab,,,,false,true,NO_DUPLICATE_FLAG,NOT_SUPERSEDED,SEPARATE_LEDGER_CONTROLS,REGISTERED_METADATA_ONLY,SOURCE_INVENTORY_SHA256_RECORDED,f7fa44c3b37f06cfc2adb57edd0c768b914712c838d56617b12df48a6242a7b3,N/A,markdown/text,June 30 2026 packet snapshots,likely/confirmed-review-only must not be treated as verified undrafted truth,1.0.0
art_6e3d548b44098478,py,LATER_OUTCOME_RESEARCH,SUPPORTING_EVIDENCE,,LIVE_HQ,loc_5dd581f4fa4dda3e199113b1,,,,false,true,NO_DUPLICATE_FLAG,NOT_SUPERSEDED,SEPARATE_LEDGER_CONTROLS,REGISTERED_METADATA_ONLY,SOURCE_INVENTORY_SHA256_RECORDED,c9676d4ca145b50492066bfef89c3b5b708600fd61adae82349eedf3ea611590,N/A,py,versioned June-July 2026 review snapshots,review-only; formula work paused; current proxy/zero encodings cannot become evidence truth; retain scoring/window semantics,1.0.0
art_6e86b4fd59d60515,markdown/text,CROSS_LIFECYCLE_IDENTITY,SUPPORTING_EVIDENCE,,LIVE_HQ,loc_37e2a24fbbb3f844da9e9563,,,,false,true,NO_DUPLICATE_FLAG,NOT_SUPERSEDED,SEPARATE_LEDGER_CONTROLS,REGISTERED_METADATA_ONLY,SOURCE_INVENTORY_SHA256_RECORDED,421c25eb77ca35c957f1f774dabe7986be3586a6d7530db184d71640126226a5,N/A,markdown/text,June 23-30 2026 snapshots,authority is limited to the artifact's documented scope,1.0.0
art_6e8d6fc629a89623,markdown/text,ROOKIE_SEASON_AND_MULTI_YEAR_OUTCOME,SUPPORTING_EVIDENCE,,LIVE_HQ,loc_b0a1288d4054ae79b263c35d,,,,false,true,NO_DUPLICATE_FLAG,NOT_SUPERSEDED,SEPARATE_LEDGER_CONTROLS,REGISTERED_METADATA_ONLY,SOURCE_INVENTORY_SHA256_RECORDED,1adaca45e064995c0743830f1051107b49491d6f47704df2502501743048a29a,N/A,markdown/text,packet-specific immutable runs; some local receipts only,multiple scoring/rank systems conflict; position-threshold applicability must be explicit,1.0.0
art_6eb84e2d3551c441,markdown/text,CROSS_LIFECYCLE_IDENTITY,SUPPORTING_EVIDENCE,,LIVE_HQ,loc_26a0932a5f3c0020669bcc6e,,,,false,true,NO_DUPLICATE_FLAG,NOT_SUPERSEDED,SEPARATE_LEDGER_CONTROLS,REGISTERED_METADATA_ONLY,SOURCE_INVENTORY_SHA256_RECORDED,4209472ecd248a82cbf7d5eaca5723e4f1c9a78c08cb0096464525c8d6f3a0eb,N/A,markdown/text,June 23-30 2026 snapshots,authority is limited to the artifact's documented scope,1.0.0
art_6ecc23f962817d70,markdown/text,ROOKIE_SEASON_AND_MULTI_YEAR_OUTCOME,SUPPORTING_EVIDENCE,,LIVE_HQ,loc_0062d65faab6404f742f2ba0,,,,false,true,NO_DUPLICATE_FLAG,NOT_SUPERSEDED,SEPARATE_LEDGER_CONTROLS,REGISTERED_METADATA_ONLY,SOURCE_INVENTORY_SHA256_RECORDED,c30e729b5e24a8517f045a1ca129d1d91ac24f771b553982ee1fa5ac687e0e88,N/A,markdown/text,packet-specific immutable runs; some local receipts only,multiple scoring/rank systems conflict; position-threshold applicability must be explicit,1.0.0
art_6edfa5623fdcf15d,markdown/text,GOVERNANCE,CANONICAL_ADMITTED,,LIVE_HQ,loc_468b4cca41f23cf70d0c34fc,,,,true,false,NO_DUPLICATE_FLAG,NOT_SUPERSEDED,SEPARATE_LEDGER_CONTROLS,REGISTERED_METADATA_ONLY,SOURCE_INVENTORY_SHA256_RECORDED,dc6e02b3009d7b4080cc744d167ff0e14aed22bda081c8a063da30709e504282,N/A,markdown/text,versioned canonical packet,authority is limited to the artifact's documented scope,1.0.0
art_6f5eae400dd45f02,decision_item|status|value|evidence|next_use_decision|gate_status,LATER_OUTCOME_RESEARCH,SUPPORTING_EVIDENCE,,LIVE_HQ,loc_1fa3f211acaf17fe6dc27118,,,,false,true,NO_DUPLICATE_FLAG,NOT_SUPERSEDED,SEPARATE_LEDGER_CONTROLS,REGISTERED_METADATA_ONLY,SOURCE_INVENTORY_SHA256_RECORDED,ef14af5e6ccb9f8bced1c9934bd08013012e41c62fdfd3c433ac699d18dfb6e7,10,decision_item|status|value|evidence|next_use_decision|gate_status,July 9 2026 research snapshots,authority is limited to the artifact's documented scope,1.0.0
art_6f96ceeb0d5308ad,algorithm_id|algorithm_family|split|target_type|row_count|spearman|mae|rmse,ROOKIE_SEASON_AND_MULTI_YEAR_OUTCOME,SUPPORTING_EVIDENCE,,LOCAL_ONLY,loc_55e6f8892b1d22761a5869b7,,,,false,true,NO_DUPLICATE_FLAG,NOT_SUPERSEDED,SEPARATE_LEDGER_CONTROLS,REGISTERED_METADATA_ONLY,SOURCE_INVENTORY_SHA256_RECORDED,6814aab3579a2ab2dc01c448ed9ac25a52b7d89c128bf2b1a645490e9bdd98ac,264,algorithm_id|algorithm_family|split|target_type|row_count|spearman|mae|rmse,packet-specific 2026 receipts,not tracked at live HQ HEAD,1.0.0
art_6fa843b2c7f89933,rookie_year|variant_id|reference_id|formula_id|scoreboard_window|rows_tested|variant_applied_rows|misses_before|misses_after|net_miss_reduction|false_positives_before|false_positives_after|false_negatives_before|false_negatives_after,LATER_OUTCOME_RESEARCH,SUPPORTING_EVIDENCE,,LIVE_HQ,loc_16f504ddfa285e289d347ec5,,,,false,true,NO_DUPLICATE_FLAG,NOT_SUPERSEDED,SEPARATE_LEDGER_CONTROLS,REGISTERED_METADATA_ONLY,SOURCE_INVENTORY_SHA256_RECORDED,ae3c65b59efc103998788bf954a0ac9b99087a90743d53010fd67226b22e78d4,400,rookie_year|variant_id|reference_id|formula_id|scoreboard_window|rows_tested|variant_applied_rows|misses_before|misses_after|net_miss_reduction|false_positives_before|false_positives_after|false_negatives_before|false_negatives_after,July 9 2026 research snapshots,authority is limited to the artifact's documented scope,1.0.0
art_701de6953475f68c,zero_eligibility_status|row_count|in_parity_subset|safe_zero_allowed|blocker_category|review_only|label_truth_allowed|model_use_allowed|training_allowed|source_truth_allowed|experiment_allowed|notes,ROOKIE_SEASON_AND_MULTI_YEAR_OUTCOME,SUPPORTING_EVIDENCE,,LIVE_HQ,loc_1c53c0c1d97dff667f33f006,,,,false,true,NO_DUPLICATE_FLAG,NOT_SUPERSEDED,SEPARATE_LEDGER_CONTROLS,REGISTERED_METADATA_ONLY,SOURCE_INVENTORY_SHA256_RECORDED,a6b232f63b6eba1e208225a4dcb644b635e0037d9227adc319a805b2a34be772,8,zero_eligibility_status|row_count|in_parity_subset|safe_zero_allowed|blocker_category|review_only|label_truth_allowed|model_use_allowed|training_allowed|source_truth_allowed|experiment_allowed|notes,packet-specific immutable runs; some local receipts only,multiple scoring/rank systems conflict; position-threshold applicability must be explicit,1.0.0
art_702146cd601a1ed0,artifact_name|row_count|drafted_review_rate_rows|confirmed_udfa_status_only_rows|not_enough_information_rows|wrong_universe_blocked_rows|rankings_wiring_allowed_rows|model_use_allowed_rows|training_allowed_rows|active_probability_columns_created|review_only|model_use_allowed|training_allowed|notes,DRAFT_EVENT_AND_POST_DRAFT_PRESEASON,SUPPORTING_EVIDENCE,,LIVE_HQ,loc_6633bb915130b5b43e57d424,,,,false,true,NO_DUPLICATE_FLAG,NOT_SUPERSEDED,SEPARATE_LEDGER_CONTROLS,REGISTERED_METADATA_ONLY,SOURCE_INVENTORY_SHA256_RECORDED,af50d22af90267c4e98f85171133a9f66ed602521b05aef5753042727d61401f,1,artifact_name|row_count|drafted_review_rate_rows|confirmed_udfa_status_only_rows|not_enough_information_rows|wrong_universe_blocked_rows|rankings_wiring_allowed_rows|model_use_allowed_rows|training_allowed_rows|active_probability_columns_created|review_only|model_use_allowed|training_allowed|notes,June 29-30 2026; no uniform row-level source timestamp,published counts may be duplicate-inflated; three distinct current records have no stable candidate ID,1.0.0
art_705ac40371e7ee9d,markdown/text,DRAFT_EVENT,SUPERSEDED,,LIVE_HQ,loc_c8f9fdd95f8aec22d2593855,,,,false,true,NO_DUPLICATE_FLAG,SUPERSEDED_RECORDED,SEPARATE_LEDGER_CONTROLS,REGISTERED_METADATA_ONLY,SOURCE_INVENTORY_SHA256_RECORDED,efe782b2d7464191bfbe01196923e498ea0bab1cad2b8cf9bc616692cbb73c1e,N/A,markdown/text,static completed draft events; source timestamps/receipt IDs incomplete in several derivatives,positive draft facts only; missing draft evidence remains unknown; current name+position joins are review-only,1.0.0
art_708669e095e6fef1,markdown/text,LATER_OUTCOME_RESEARCH,SUPPORTING_EVIDENCE,,LIVE_HQ,loc_e94036c181073fcc3ca379ce,,,,false,true,NO_DUPLICATE_FLAG,NOT_SUPERSEDED,SEPARATE_LEDGER_CONTROLS,REGISTERED_METADATA_ONLY,SOURCE_INVENTORY_SHA256_RECORDED,51edd43d9c04ff6c1ebc827baa81ce766bee81cc97f7d04ebf85c8f1e9b745a9,N/A,markdown/text,July 9 2026 research snapshots,authority is limited to the artifact's documented scope,1.0.0
art_7096c0acb402129a,markdown/text,PRE_DRAFT_AND_TIMING_GOVERNANCE,SUPPORTING_EVIDENCE,,LIVE_HQ,loc_c18c063323e928bd21686e4b,,,,false,true,NO_DUPLICATE_FLAG,NOT_SUPERSEDED,SEPARATE_LEDGER_CONTROLS,REGISTERED_METADATA_ONLY,SOURCE_INVENTORY_SHA256_RECORDED,1b704fc3610d3cb28550c03a87dd871323ccaab0fce2ce1854b5ce55bcccc414,N/A,markdown/text,as-of policy present; zero experiment-ready player/feature rows,authority is limited to the artifact's documented scope,1.0.0
art_70bf4eece886aa06,markdown/text,LATER_OUTCOME_RESEARCH,SUPPORTING_EVIDENCE,,LIVE_HQ,loc_849863d57e8e9903c899069b,,,,false,true,NO_DUPLICATE_FLAG,NOT_SUPERSEDED,SEPARATE_LEDGER_CONTROLS,REGISTERED_METADATA_ONLY,SOURCE_INVENTORY_SHA256_RECORDED,a405795397ad1e295e31fad2e0c48db44d11a2712f9d627172bd681b45828c64,N/A,markdown/text,July 9 2026 research snapshots,authority is limited to the artifact's documented scope,1.0.0
art_7102034dc1c8d008,algorithm_id|algorithm_family|algorithm_name|development_composite_score|development_next_points_spearman|development_future3_spearman|development_rank_mae|development_top_precision|development_top_recall|development_bust_avoidance|development_cornerstone_safety|holdout_composite_score|holdout_next_points_spearman|holdout_rank_mae|stress_2025_next_points_spearman|complexity_score|winner_selection_basis|beats_simple_baseline_multiple_checks|finalist_selection_note|complexity_vs_accuracy_note,ROOKIE_SEASON_AND_MULTI_YEAR_OUTCOME,SUPPORTING_EVIDENCE,,LOCAL_ONLY,loc_ce9c8be4612bf6f3e6da5acb,,,,false,true,NO_DUPLICATE_FLAG,NOT_SUPERSEDED,SEPARATE_LEDGER_CONTROLS,REGISTERED_METADATA_ONLY,SOURCE_INVENTORY_SHA256_RECORDED,d8b9aa704f79dcd067db31114ef3709eb4115f4323173517adc54aa9a21d9d7f,33,algorithm_id|algorithm_family|algorithm_name|development_composite_score|development_next_points_spearman|development_future3_spearman|development_rank_mae|development_top_precision|development_top_recall|development_bust_avoidance|development_cornerstone_safety|holdout_composite_score|holdout_next_points_spearman|holdout_rank_mae|stress_2025_next_points_spearman|complexity_score|winner_selection_basis|beats_simple_baseline_multiple_checks|finalist_selection_note|complexity_vs_accuracy_note,packet-specific 2026 receipts,not tracked at live HQ HEAD,1.0.0
art_710cd413b0da6c13,markdown/text,ROOKIE_SEASON_AND_MULTI_YEAR_OUTCOME,SUPPORTING_EVIDENCE,,LIVE_HQ,loc_990e23eacfcb5e5017b69da8,,,,false,true,NO_DUPLICATE_FLAG,NOT_SUPERSEDED,SEPARATE_LEDGER_CONTROLS,REGISTERED_METADATA_ONLY,SOURCE_INVENTORY_SHA256_RECORDED,24c098e09d098a33948852911437ebf0b604a3d7991501e81dae3c028dc0ca96,N/A,markdown/text,packet-specific immutable runs; some local receipts only,multiple scoring/rank systems conflict; position-threshold applicability must be explicit,1.0.0
art_72005a494f5eda97,markdown/text,ROOKIE_SEASON_AND_MULTI_YEAR_OUTCOME,SUPPORTING_EVIDENCE,,LOCAL_ONLY,loc_439e4bc9830d2566ff5ba0d7,,,,false,true,NO_DUPLICATE_FLAG,NOT_SUPERSEDED,SEPARATE_LEDGER_CONTROLS,REGISTERED_METADATA_ONLY,SOURCE_INVENTORY_SHA256_RECORDED,85508dab50225fe9a8c72dee690bd0f3a1ad7c53f71b94517fd05c4343226459,N/A,markdown/text,packet-specific 2026 receipts,not tracked at live HQ HEAD,1.0.0
art_726db5e2df27948f,markdown/text,ROOKIE_SEASON_AND_MULTI_YEAR_OUTCOME,SUPPORTING_EVIDENCE,,LIVE_HQ,loc_0c8a2345c218f1ac75c5ee55,,,,false,true,NO_DUPLICATE_FLAG,NOT_SUPERSEDED,SEPARATE_LEDGER_CONTROLS,REGISTERED_METADATA_ONLY,SOURCE_INVENTORY_SHA256_RECORDED,43bca7539c974ba6d7df6d9de5d983a05b9f972f6cbd52246c7bb792e7a72c3d,N/A,markdown/text,packet-specific immutable runs; some local receipts only,multiple scoring/rank systems conflict; position-threshold applicability must be explicit,1.0.0
art_72731a370079980e,source_dataset|source_artifact|row_count|seasons_covered|positions_covered|matched_nwr_players|unmatched_rows|sidecar_rows_created|sidecar_review_allowed|label_truth_allowed|model_use_allowed|training_allowed|source_truth_allowed|blocker_reason|notes,ROOKIE_SEASON_AND_MULTI_YEAR_OUTCOME,SUPPORTING_EVIDENCE,,LIVE_HQ,loc_bd2785297a3e0c5745cb58f6,,,,false,true,NO_DUPLICATE_FLAG,NOT_SUPERSEDED,SEPARATE_LEDGER_CONTROLS,REGISTERED_METADATA_ONLY,SOURCE_INVENTORY_SHA256_RECORDED,0551df15005660d077b1f8542b4e536647a394c9386ddd82619b3c8af392dc43,5,source_dataset|source_artifact|row_count|seasons_covered|positions_covered|matched_nwr_players|unmatched_rows|sidecar_rows_created|sidecar_review_allowed|label_truth_allowed|model_use_allowed|training_allowed|source_truth_allowed|blocker_reason|notes,packet-specific immutable runs; some local receipts only,multiple scoring/rank systems conflict; position-threshold applicability must be explicit,1.0.0
art_72c769c491499091,feature_name|source|population_scope|allowed_for_review_reporting|allowed_for_future_review_only_rd|active_probability_column_allowed|rankings_wiring_allowed|model_use_allowed|training_allowed|missing_value_policy|blocker_reason|notes|review_only,CROSS_LIFECYCLE,SUPPORTING_EVIDENCE,,LIVE_HQ,loc_0f94d595423f88663c4257cf,,,,false,true,NO_DUPLICATE_FLAG,NOT_SUPERSEDED,SEPARATE_LEDGER_CONTROLS,REGISTERED_METADATA_ONLY,SOURCE_INVENTORY_SHA256_RECORDED,65c9f06acec4c8e8de50e95b9befb0b56ea33a8f2073a18ed7b7f67029f78609,10,feature_name|source|population_scope|allowed_for_review_reporting|allowed_for_future_review_only_rd|active_probability_column_allowed|rankings_wiring_allowed|model_use_allowed|training_allowed|missing_value_policy|blocker_reason|notes|review_only,packet-specific snapshot,authority is limited to the artifact's documented scope,1.0.0
art_72d41bad797a3ac5,markdown/text,PRODUCT_CONSUMER,SUPPORTING_EVIDENCE,,LIVE_HQ,loc_460e7df1a33bfbab2653a957,,,,false,true,NO_DUPLICATE_FLAG,NOT_SUPERSEDED,SEPARATE_LEDGER_CONTROLS,REGISTERED_METADATA_ONLY,SOURCE_INVENTORY_SHA256_RECORDED,6bfdd6178531f9875422671dc49758344ab2c0dfe05df81c4e6e43fd035dec10,N/A,markdown/text,live HQ at starting commit,authority is limited to the artifact's documented scope,1.0.0
art_72d789b9f9e19860,markdown/text,DRAFT_EVENT,SUPPORTING_EVIDENCE,,LIVE_HQ,loc_c2c38645f54a193eeb9e34b3,,,,false,true,NO_DUPLICATE_FLAG,NOT_SUPERSEDED,SEPARATE_LEDGER_CONTROLS,REGISTERED_METADATA_ONLY,SOURCE_INVENTORY_SHA256_RECORDED,8a3a10e27d1c7f0b5e037103de17ec8fd189e7c4d2b3ea666493390a4287a6f4,N/A,markdown/text,June 30 2026 packet snapshots,likely/confirmed-review-only must not be treated as verified undrafted truth,1.0.0
art_72de65fd7f8a51be,markdown/text,ROOKIE_SEASON_AND_MULTI_YEAR_OUTCOME,SUPPORTING_EVIDENCE,,LIVE_HQ,loc_a446961504595e78139336e4,,,,false,true,NO_DUPLICATE_FLAG,NOT_SUPERSEDED,SEPARATE_LEDGER_CONTROLS,REGISTERED_METADATA_ONLY,SOURCE_INVENTORY_SHA256_RECORDED,4220ebdba5d77b5c333fd2d5ef2ac8a4731f783e6f62b770c9b14fc7781587ac,N/A,markdown/text,packet-specific 2026 receipts,authority is limited to the artifact's documented scope,1.0.0
art_7300383fd0cec669,nwr_player_id|nwr_player_name|nwr_position|nwr_team|reason_identity_failed|candidate_source|candidate_match_rule|candidate_nflverse_player_names|candidate_sleeper_ids|candidate_gsis_ids|candidate_teams|proposed_decision|confidence|source_columns_used|review_only|model_use_allowed|training_allowed|source_truth_allowed|notes,CROSS_LIFECYCLE_IDENTITY,SUPPORTING_EVIDENCE,,LIVE_HQ,loc_c67037ec783b00995b0ef145,,,,false,true,NO_DUPLICATE_FLAG,NOT_SUPERSEDED,SEPARATE_LEDGER_CONTROLS,REGISTERED_METADATA_ONLY,SOURCE_INVENTORY_SHA256_RECORDED,1aa87e0b44862c0a1031aa7d619b8c0d33d04496da9ee29713eccfdfb855f7f8,54,nwr_player_id|nwr_player_name|nwr_position|nwr_team|reason_identity_failed|candidate_source|candidate_match_rule|candidate_nflverse_player_names|candidate_sleeper_ids|candidate_gsis_ids|candidate_teams|proposed_decision|confidence|source_columns_used|review_only|model_use_allowed|training_allowed|source_truth_allowed|notes,June 23-30 2026 snapshots,authority is limited to the artifact's documented scope,1.0.0
art_73280740e84a3aa8,markdown/text,PRE_DRAFT_AND_TIMING_GOVERNANCE,SUPPORTING_EVIDENCE,,LIVE_HQ,loc_596996a766db30380a848c96,,,,false,true,NO_DUPLICATE_FLAG,NOT_SUPERSEDED,SEPARATE_LEDGER_CONTROLS,REGISTERED_METADATA_ONLY,SOURCE_INVENTORY_SHA256_RECORDED,5ddda02110c2e63caf2544954c32aad421677a3d85de2fb6ea547e24ea4d3eb3,N/A,markdown/text,as-of policy present; zero experiment-ready player/feature rows,authority is limited to the artifact's documented scope,1.0.0
art_739cc1d9f6f393c8,player_name|position|current_team|current_status|prior_recommendation|user_evidence_summary|evidence_source_type|evidence_url_or_description|evidence_supports_player_exists|evidence_supports_team|evidence_supports_position|evidence_supports_nfl_identity|evidence_supports_nwr_binding|remaining_blocker|recommended_next_decision|approved_by_human|review_only|display_only|model_use_allowed|training_allowed|source_truth_allowed|rank_logic_allowed|hidden_sort_allowed|trade_value_allowed|pick_value_allowed,CROSS_LIFECYCLE_IDENTITY,SUPPORTING_EVIDENCE,,LIVE_HQ,loc_415dbd85b2f43d40fa05b080,,,,false,true,NO_DUPLICATE_FLAG,NOT_SUPERSEDED,SEPARATE_LEDGER_CONTROLS,REGISTERED_METADATA_ONLY,SOURCE_INVENTORY_SHA256_RECORDED,beeb4bb3532dd4db40a941de415c6e844a63ff1d6426505193e84e346e22036b,13,player_name|position|current_team|current_status|prior_recommendation|user_evidence_summary|evidence_source_type|evidence_url_or_description|evidence_supports_player_exists|evidence_supports_team|evidence_supports_position|evidence_supports_nfl_identity|evidence_supports_nwr_binding|remaining_blocker|recommended_next_decision|approved_by_human|review_only|display_only|model_use_allowed|training_allowed|source_truth_allowed|rank_logic_allowed|hidden_sort_allowed|trade_value_allowed|pick_value_allowed,June 23-30 2026 snapshots,authority is limited to the artifact's documented scope,1.0.0
art_73d4abc19bf54191,markdown/text,ROOKIE_SEASON_AND_MULTI_YEAR_OUTCOME,SUPPORTING_EVIDENCE,,LIVE_HQ,loc_b246d062e7ae48e6bd246a22,,,,false,true,NO_DUPLICATE_FLAG,NOT_SUPERSEDED,SEPARATE_LEDGER_CONTROLS,REGISTERED_METADATA_ONLY,SOURCE_INVENTORY_SHA256_RECORDED,0535d70a73e6791cbfaf3ba103a0dde5a8b66d64503af786e305f47884dbdd8b,N/A,markdown/text,packet-specific immutable runs; some local receipts only,multiple scoring/rank systems conflict; position-threshold applicability must be explicit,1.0.0
art_73e14a57430e8fd5,markdown/text,ROOKIE_SEASON_AND_MULTI_YEAR_OUTCOME,SUPPORTING_EVIDENCE,,LIVE_HQ,loc_61ab1018be6a26cdb9af562c,,,,false,true,NO_DUPLICATE_FLAG,NOT_SUPERSEDED,SEPARATE_LEDGER_CONTROLS,REGISTERED_METADATA_ONLY,SOURCE_INVENTORY_SHA256_RECORDED,ff7eed518648b5def626ade55715b9b1fc5a48a772076c12ad94c4b22dc3564d,N/A,markdown/text,packet-specific immutable runs; some local receipts only,multiple scoring/rank systems conflict; position-threshold applicability must be explicit,1.0.0
art_740c3ed127bb41a4,label_layer|status|seasons|positions|row_or_field_count|source_trace|scoring_compatibility|reproducible|decision_date_safety|formula_gauntlet_readiness|caveat,LATER_OUTCOME_RESEARCH,SUPPORTING_EVIDENCE,,LIVE_HQ,loc_ff66b3682e6d0825ba6d96c9,,,,false,true,NO_DUPLICATE_FLAG,NOT_SUPERSEDED,SEPARATE_LEDGER_CONTROLS,REGISTERED_METADATA_ONLY,SOURCE_INVENTORY_SHA256_RECORDED,3f9e19060fa8e54cbb100ed163e3c3143c9bbafb18cda96d2934ba592d3bb3f6,13,label_layer|status|seasons|positions|row_or_field_count|source_trace|scoring_compatibility|reproducible|decision_date_safety|formula_gauntlet_readiness|caveat,versioned June-July 2026 review snapshots,review-only; formula work paused; current proxy/zero encodings cannot become evidence truth; retain scoring/window semantics,1.0.0
art_742c4f6a0a6ebb3f,markdown/text,CROSS_LIFECYCLE,SUPPORTING_EVIDENCE,,LIVE_HQ,loc_ddc12b5b96dfa7bb772ba04f,,,,false,true,NO_DUPLICATE_FLAG,NOT_SUPERSEDED,SEPARATE_LEDGER_CONTROLS,REGISTERED_METADATA_ONLY,SOURCE_INVENTORY_SHA256_RECORDED,188484fa2baaf4bee47931f0a5adaa88eb1a56e2cb02e0d7a98e12d8f9b2b4f9,N/A,markdown/text,packet-specific snapshot,authority is limited to the artifact's documented scope,1.0.0
art_7441c76678052510,variant_id|source_rule_family|best_window|best_reference_formula|net_miss_reduction|misses_resolved|new_misses_created|false_negative_reduction|false_positive_increase|severe_false_positive_spike|non_sparse_collateral_damage|spearman_delta|top12_precision_delta|top24_precision_delta|top36_precision_delta|pass_fail_status|review_decision|rationale,LATER_OUTCOME_RESEARCH,SUPPORTING_EVIDENCE,,LIVE_HQ,loc_0f7a3887592cd74bd7e2ca23,,,,false,true,NO_DUPLICATE_FLAG,NOT_SUPERSEDED,SEPARATE_LEDGER_CONTROLS,REGISTERED_METADATA_ONLY,SOURCE_INVENTORY_SHA256_RECORDED,4eb0d72435ff9edb49abed9733b67f644f9af15e3892b9e8584ffaa86ae0e156,4,variant_id|source_rule_family|best_window|best_reference_formula|net_miss_reduction|misses_resolved|new_misses_created|false_negative_reduction|false_positive_increase|severe_false_positive_spike|non_sparse_collateral_damage|spearman_delta|top12_precision_delta|top24_precision_delta|top36_precision_delta|pass_fail_status|review_decision|rationale,July 9 2026 research snapshots,authority is limited to the artifact's documented scope,1.0.0
art_74afcf04b5a02ca1,markdown/text,CROSS_LIFECYCLE,SUPPORTING_EVIDENCE,,LIVE_HQ,loc_2ef68192f2d714321d44e25a,,,,false,true,NO_DUPLICATE_FLAG,NOT_SUPERSEDED,SEPARATE_LEDGER_CONTROLS,REGISTERED_METADATA_ONLY,SOURCE_INVENTORY_SHA256_RECORDED,db25653fd51081cd3bd5189a7d67d3ad342cb2bacdf1e61f37bd9a8020f5d97c,N/A,markdown/text,packet-specific snapshot,authority is limited to the artifact's documented scope,1.0.0
art_74ed19ddf72bebd4,markdown/text,ROOKIE_SEASON_AND_MULTI_YEAR_OUTCOME,SUPPORTING_EVIDENCE,,LIVE_HQ,loc_6e072ac950f4f384a120b3b1,,,,false,true,NO_DUPLICATE_FLAG,NOT_SUPERSEDED,SEPARATE_LEDGER_CONTROLS,REGISTERED_METADATA_ONLY,SOURCE_INVENTORY_SHA256_RECORDED,196913ba2efbbbdd71f0d84107ae5ac49413cb1dfb50432278f17151632bdd23,N/A,markdown/text,packet-specific immutable runs; some local receipts only,multiple scoring/rank systems conflict; position-threshold applicability must be explicit,1.0.0
art_7506f9cafd4cd045,markdown/text,PRE_DRAFT_AND_TIMING_GOVERNANCE,SUPPORTING_EVIDENCE,,LIVE_HQ,loc_332a91540166710938621d7e,,,,false,true,NO_DUPLICATE_FLAG,NOT_SUPERSEDED,SEPARATE_LEDGER_CONTROLS,REGISTERED_METADATA_ONLY,SOURCE_INVENTORY_SHA256_RECORDED,f429449e4493a76dd9654c00e441c503ca8f259b3e4871cfa3b3f520329ef8ec,N/A,markdown/text,as-of policy present; zero experiment-ready player/feature rows,authority is limited to the artifact's documented scope,1.0.0
art_7540681266183794,markdown/text,ROOKIE_SEASON_AND_MULTI_YEAR_OUTCOME,SUPPORTING_EVIDENCE,,LIVE_HQ,loc_6dd0700fc39382e16d93b289,,,,false,true,NO_DUPLICATE_FLAG,NOT_SUPERSEDED,SEPARATE_LEDGER_CONTROLS,REGISTERED_METADATA_ONLY,SOURCE_INVENTORY_SHA256_RECORDED,55cf462c19af426147be2c51fb575f761604f468ea52d651c5966d941f1f7f81,N/A,markdown/text,packet-specific 2026 receipts,authority is limited to the artifact's documented scope,1.0.0
art_755109d16bfe3c02,markdown/text,ROOKIE_SEASON_AND_MULTI_YEAR_OUTCOME,SUPPORTING_EVIDENCE,,LIVE_HQ,loc_18f542a3722badad7a2f7898,,,,false,true,NO_DUPLICATE_FLAG,NOT_SUPERSEDED,SEPARATE_LEDGER_CONTROLS,REGISTERED_METADATA_ONLY,SOURCE_INVENTORY_SHA256_RECORDED,3166368fd4b318a571704d4b4d2372a3ba7678bdc078b37e687775528528d9f8,N/A,markdown/text,packet-specific immutable runs; some local receipts only,multiple scoring/rank systems conflict; position-threshold applicability must be explicit,1.0.0
art_756e5a38d36df95d,py,CROSS_LIFECYCLE,SUPPORTING_EVIDENCE,,LIVE_HQ,loc_058511513234c9f5972bd8f2,,,,false,true,NO_DUPLICATE_FLAG,NOT_SUPERSEDED,SEPARATE_LEDGER_CONTROLS,REGISTERED_METADATA_ONLY,SOURCE_INVENTORY_SHA256_RECORDED,b2fa07b4634d75331b29cdef918ac02c53b97ee2a3849bf4d9df3c501765e0af,N/A,py,packet-specific snapshot,authority is limited to the artifact's documented scope,1.0.0
art_757d3b5998ceda38,markdown/text,PRE_DRAFT_TO_MULTI_YEAR_LEGACY,SUPPORTING_EVIDENCE,,LIVE_HQ,loc_9e9ae09ff1cbf85c8c15e983,,,,false,true,NO_DUPLICATE_FLAG,NOT_SUPERSEDED,SEPARATE_LEDGER_CONTROLS,REGISTERED_METADATA_ONLY,SOURCE_INVENTORY_SHA256_RECORDED,709733116bbad1ef09d1a06d0e0b95366a4cdf9ff45f78fb687f9e9f5612625c,N/A,markdown/text,legacy baseline; superseded by June 29-30 review-only gates,legacy source/use claims are superseded; provider content and name-key joins are restricted,1.0.0
art_75e1997a92e535b7,file_name|row_count|sha256|generated_at,ROOKIE_SEASON_AND_MULTI_YEAR_OUTCOME,SUPPORTING_EVIDENCE,,LOCAL_ONLY,loc_de614281764ccbab1f86bcd3,,,,false,true,NO_DUPLICATE_FLAG,NOT_SUPERSEDED,SEPARATE_LEDGER_CONTROLS,REGISTERED_METADATA_ONLY,SOURCE_INVENTORY_SHA256_RECORDED,56bd7f03d8e886b8bf41c74596c92c28046efacfba4b58f1dcf15963a8906bdf,63,file_name|row_count|sha256|generated_at,packet-specific 2026 receipts,not tracked at live HQ HEAD,1.0.0
art_760146ac820fd9bd,season|player_id|player_name|position|team|games_played|games_played_source|games_with_stats|available_game_count_fields|available_component_fantasy_points|strict_fantasy_points|strict_scoring_complete|scoring_component_complete|scoring_missing_components|scoring_source_caveats|scoring_version|overall_rank|position_rank|strict_overall_rank|strict_position_rank|rank_basis,ROOKIE_SEASON_AND_MULTI_YEAR_OUTCOME,DUPLICATE_CONFLICTING,,LOCAL_ONLY,loc_1c3b02f2b9cb5ceec75da187,,,,false,true,DUPLICATE_RECORDED,NOT_SUPERSEDED,SEPARATE_LEDGER_CONTROLS,REGISTERED_METADATA_ONLY,SOURCE_INVENTORY_SHA256_RECORDED,301689b832adfc88c2020543e155fed7674a06309adfb40a6f1597e1018096a5,13843,season|player_id|player_name|position|team|games_played|games_played_source|games_with_stats|available_game_count_fields|available_component_fantasy_points|strict_fantasy_points|strict_scoring_complete|scoring_component_complete|scoring_missing_components|scoring_source_caveats|scoring_version|overall_rank|position_rank|strict_overall_rank|strict_position_rank|rank_basis,packet-specific 2026 receipts,not tracked at live HQ HEAD; competing scoring/target system must remain separate pending manual parity review,1.0.0
art_761d98b4c140b3ca,scoreboard_window|formula_id|miss_type|position|injury_availability_bucket|miss_rows|share_of_formula_position_misses,LATER_OUTCOME_RESEARCH,SUPPORTING_EVIDENCE,,LIVE_HQ,loc_3115d63bf83f98e305a72cfb,,,,false,true,NO_DUPLICATE_FLAG,NOT_SUPERSEDED,SEPARATE_LEDGER_CONTROLS,REGISTERED_METADATA_ONLY,SOURCE_INVENTORY_SHA256_RECORDED,eb8b024504ca6b913b6b725fdc08b60f10719a65e6aedf54fb48b1db182ba0ff,67,scoreboard_window|formula_id|miss_type|position|injury_availability_bucket|miss_rows|share_of_formula_position_misses,July 9 2026 research snapshots,authority is limited to the artifact's documented scope,1.0.0
art_76327d0fb6b0d884,player_id|player_name|position|season|team|scoring_mode|fantasy_points|position_finish|games_played|top_6_hit|top_12_hit|top_24_hit|top_36_hit|data_quality_status|approval_status|model_input_allowed|training_allowed|app_wiring_allowed,ROOKIE_SEASON_AND_MULTI_YEAR_OUTCOME,SUPPORTING_EVIDENCE,,LOCAL_ONLY,loc_decff842d6cc53dc49f63efe,,,,false,true,NO_DUPLICATE_FLAG,NOT_SUPERSEDED,SEPARATE_LEDGER_CONTROLS,REGISTERED_METADATA_ONLY,SOURCE_INVENTORY_SHA256_RECORDED,60934f142ee80eae8894090a97ae7d8b484e91da9bdd30c98dc8ab36767cba7e,7440,player_id|player_name|position|season|team|scoring_mode|fantasy_points|position_finish|games_played|top_6_hit|top_12_hit|top_24_hit|top_36_hit|data_quality_status|approval_status|model_input_allowed|training_allowed|app_wiring_allowed,packet-specific immutable runs; some local receipts only,multiple scoring/rank systems conflict; position-threshold applicability must be explicit; not tracked at live HQ HEAD,1.0.0
art_764bff652537173f,markdown/text,PRODUCT_CONSUMER,SUPPORTING_EVIDENCE,,LIVE_HQ,loc_29ac30184b77491ba21696c3,,,,false,true,NO_DUPLICATE_FLAG,NOT_SUPERSEDED,SEPARATE_LEDGER_CONTROLS,REGISTERED_METADATA_ONLY,SOURCE_INVENTORY_SHA256_RECORDED,edc705e812bc503c86fde8a1b3b9aa61c910fe8ae44d18bac5b35eddae0f6dbf,N/A,markdown/text,live HQ at starting commit,authority is limited to the artifact's documented scope,1.0.0
art_766158e41b91e691,metric|value|notes|review_only|display_only|model_use_allowed|training_allowed|rankings_wiring_allowed,DRAFT_EVENT_AND_POST_DRAFT_PRESEASON,SUPPORTING_EVIDENCE,,LOCAL_ONLY,loc_68c8ac61950369e37fac45d1,,,,false,true,NO_DUPLICATE_FLAG,NOT_SUPERSEDED,SEPARATE_LEDGER_CONTROLS,REGISTERED_METADATA_ONLY,SOURCE_INVENTORY_SHA256_RECORDED,54c7348a70121b115f0c2f2dad8f35309082268c644ad7fc73b0cd0e6379725e,4,metric|value|notes|review_only|display_only|model_use_allowed|training_allowed|rankings_wiring_allowed,June 29-30 2026; no uniform row-level source timestamp,published counts may be duplicate-inflated; three distinct current records have no stable candidate ID; not tracked at live HQ HEAD,1.0.0
art_76ad495abde355a2,markdown/text,ROOKIE_SEASON_AND_MULTI_YEAR_OUTCOME,SUPPORTING_EVIDENCE,,LIVE_HQ,loc_5dc59b241efe7fb3b7faf13b,,,,false,true,NO_DUPLICATE_FLAG,NOT_SUPERSEDED,SEPARATE_LEDGER_CONTROLS,REGISTERED_METADATA_ONLY,SOURCE_INVENTORY_SHA256_RECORDED,3229cf8b51255839fa19cf439ce13f1be99035618af2c4e3ad47172141f889e4,N/A,markdown/text,packet-specific immutable runs; some local receipts only,multiple scoring/rank systems conflict; position-threshold applicability must be explicit,1.0.0
art_76c0b4faeb9954cf,markdown/text,ROOKIE_SEASON_AND_MULTI_YEAR_OUTCOME,SUPPORTING_EVIDENCE,,LIVE_HQ,loc_1843d49444f9f38621a2a53b,,,,false,true,NO_DUPLICATE_FLAG,NOT_SUPERSEDED,SEPARATE_LEDGER_CONTROLS,REGISTERED_METADATA_ONLY,SOURCE_INVENTORY_SHA256_RECORDED,3a3bcec504156024ffd713c26ec05c6d7654de2fa6540807f9d3f15b7a3864db,N/A,markdown/text,packet-specific immutable runs; some local receipts only,multiple scoring/rank systems conflict; position-threshold applicability must be explicit,1.0.0
art_77169bd03f3ba808,markdown/text,DRAFT_EVENT,SUPERSEDED,,LIVE_HQ,loc_1c4daf95ff2f505e5cda8e35,,,,false,true,NO_DUPLICATE_FLAG,SUPERSEDED_RECORDED,SEPARATE_LEDGER_CONTROLS,REGISTERED_METADATA_ONLY,SOURCE_INVENTORY_SHA256_RECORDED,b3809551ec58d030bfd855c39aee28c0d0903a7ee501c981f9870d28e4a9acc8,N/A,markdown/text,static completed draft events; source timestamps/receipt IDs incomplete in several derivatives,positive draft facts only; missing draft evidence remains unknown; current name+position joins are review-only,1.0.0
art_777d88b8ee122d31,target|formula|allowed_as_feature|missing_behavior,ROOKIE_SEASON_AND_MULTI_YEAR_OUTCOME,SUPPORTING_EVIDENCE,,LOCAL_ONLY,loc_5f83c25c3a7d8b1e995a4d98,,,,false,true,NO_DUPLICATE_FLAG,NOT_SUPERSEDED,SEPARATE_LEDGER_CONTROLS,REGISTERED_METADATA_ONLY,SOURCE_INVENTORY_SHA256_RECORDED,2e2b6f2a832be2d43df7c8844e19aefb620d0e5b3d4b3b234ee913aa1260cc93,7,target|formula|allowed_as_feature|missing_behavior,packet-specific 2026 receipts,not tracked at live HQ HEAD,1.0.0
art_77ad23655bf15164,markdown/text,LATER_OUTCOME_RESEARCH,SUPPORTING_EVIDENCE,,LIVE_HQ,loc_4d081097278b6ce63aa1a8c0,,,,false,true,NO_DUPLICATE_FLAG,NOT_SUPERSEDED,SEPARATE_LEDGER_CONTROLS,REGISTERED_METADATA_ONLY,SOURCE_INVENTORY_SHA256_RECORDED,8dae4ef2571f36f813cef3f8df3c799417a114e12e96ab9046c123025985ba8c,N/A,markdown/text,July 9 2026 research snapshots,authority is limited to the artifact's documented scope,1.0.0
art_77af7e8cb475cf1b,markdown/text,ROOKIE_SEASON_AND_MULTI_YEAR_OUTCOME,SUPPORTING_EVIDENCE,,LOCAL_ONLY,loc_85bc0dcd638a9f3f3b8e7aca,,,,false,true,NO_DUPLICATE_FLAG,NOT_SUPERSEDED,SEPARATE_LEDGER_CONTROLS,REGISTERED_METADATA_ONLY,SOURCE_INVENTORY_SHA256_RECORDED,3c9815e029ed0a08f7ecd8ddfaaae58a512f348cd8e6c3573389da9edeb1be59,N/A,markdown/text,packet-specific 2026 receipts,not tracked at live HQ HEAD,1.0.0
art_77b3e2e818bc076b,feature_family|source_artifact|current_display_status|display_safe_rows|gated_rows|outcome_current_status|rookie_current_status|model_candidate_status|allowed_for_display_now|allowed_for_model_now|allowed_for_training_now|allowed_for_source_truth_now|required_identity_gate|required_historical_replay_gate|required_label_parity_gate|required_leakage_gate|required_missingness_gate|missingness_rule|blocked_reason|next_evidence_lane|notes,ROOKIE_SEASON_AND_MULTI_YEAR_OUTCOME,SUPPORTING_EVIDENCE,,LIVE_HQ,loc_c1ac909c7d902edef198d947,,,,false,true,NO_DUPLICATE_FLAG,NOT_SUPERSEDED,SEPARATE_LEDGER_CONTROLS,REGISTERED_METADATA_ONLY,SOURCE_INVENTORY_SHA256_RECORDED,2557ef027697101963cfa783a466642870a0ae5ba3db3c1980c469eaa2219f40,21,feature_family|source_artifact|current_display_status|display_safe_rows|gated_rows|outcome_current_status|rookie_current_status|model_candidate_status|allowed_for_display_now|allowed_for_model_now|allowed_for_training_now|allowed_for_source_truth_now|required_identity_gate|required_historical_replay_gate|required_label_parity_gate|required_leakage_gate|required_missingness_gate|missingness_rule|blocked_reason|next_evidence_lane|notes,packet-specific immutable runs; some local receipts only,multiple scoring/rank systems conflict; position-threshold applicability must be explicit,1.0.0
art_77b55a6420c9fcd8,markdown/text,ROOKIE_SEASON_AND_MULTI_YEAR_OUTCOME,SUPPORTING_EVIDENCE,,LOCAL_ONLY,loc_2492f18f05a86debac287e4f,,,,false,true,NO_DUPLICATE_FLAG,NOT_SUPERSEDED,SEPARATE_LEDGER_CONTROLS,REGISTERED_METADATA_ONLY,SOURCE_INVENTORY_SHA256_RECORDED,6154f2c56110f009d1326ad93e45616e1d2c0d57e1d41bd6db1f1d29eb0e5de6,N/A,markdown/text,packet-specific 2026 receipts,not tracked at live HQ HEAD,1.0.0
art_77d0b9cddce9aa71,scoreboard_window|best_rule_id|best_formula_id|rows_tested|best_net_miss_reduction|best_spearman_before|best_spearman_after|best_spearman_delta|best_rule_classification|partial_window_only,LATER_OUTCOME_RESEARCH,SUPPORTING_EVIDENCE,,LIVE_HQ,loc_0d5443a4a346e13c45353e01,,,,false,true,NO_DUPLICATE_FLAG,NOT_SUPERSEDED,SEPARATE_LEDGER_CONTROLS,REGISTERED_METADATA_ONLY,SOURCE_INVENTORY_SHA256_RECORDED,d20f1a636122ad3abfe61e7883798f361bf01bb8a378c98e980981d65f8271d7,3,scoreboard_window|best_rule_id|best_formula_id|rows_tested|best_net_miss_reduction|best_spearman_before|best_spearman_after|best_spearman_delta|best_rule_classification|partial_window_only,July 9 2026 research snapshots,authority is limited to the artifact's documented scope,1.0.0
art_77ee39f09d533d3c,markdown/text,CROSS_LIFECYCLE_IDENTITY,SUPPORTING_EVIDENCE,,LIVE_HQ,loc_1c6716eff51cabc3ae8fe1ff,,,,false,true,NO_DUPLICATE_FLAG,NOT_SUPERSEDED,SEPARATE_LEDGER_CONTROLS,REGISTERED_METADATA_ONLY,SOURCE_INVENTORY_SHA256_RECORDED,5aa0dcd4ecc955ceedbdbdf82b35234bdaba9b1b7de481177827b4d8a0ee5c3c,N/A,markdown/text,June 23-30 2026 snapshots,authority is limited to the artifact's documented scope,1.0.0
art_78076cfd8849e412,scoreboard_window|formula_id|miss_type|position|position_bucket|miss_rows|share_of_formula_position_misses,LATER_OUTCOME_RESEARCH,SUPPORTING_EVIDENCE,,LIVE_HQ,loc_debe2902b87236e8c7ec34ba,,,,false,true,NO_DUPLICATE_FLAG,NOT_SUPERSEDED,SEPARATE_LEDGER_CONTROLS,REGISTERED_METADATA_ONLY,SOURCE_INVENTORY_SHA256_RECORDED,2f861da95051da01e728e636bc87ffc29dccac4d6778e8bf06dd832833d75854,32,scoreboard_window|formula_id|miss_type|position|position_bucket|miss_rows|share_of_formula_position_misses,July 9 2026 research snapshots,authority is limited to the artifact's documented scope,1.0.0
art_782796975d939577,player_name|position|rookie_class_year|candidate_ids|conflict_type|evidence_summary|recommended_status|blocker_reason,DRAFT_EVENT,SUPPORTING_EVIDENCE,,LIVE_HQ,loc_9c201ee556f2947f6e170c7d,,,,false,true,NO_DUPLICATE_FLAG,NOT_SUPERSEDED,SEPARATE_LEDGER_CONTROLS,REGISTERED_METADATA_ONLY,SOURCE_INVENTORY_SHA256_RECORDED,45586d10f83ea09412fe6ea4e9cff20835589c9498f6545c72003918ba08bb65,438,player_name|position|rookie_class_year|candidate_ids|conflict_type|evidence_summary|recommended_status|blocker_reason,June 30 2026 snapshot; source acquisition receipt incomplete,"2,514 likely-UDFA rows are provisional; tracked builder/input receipt is missing; no evidence modified",1.0.0
art_785d3c88b073e89c,markdown/text,ROOKIE_SEASON_AND_MULTI_YEAR_OUTCOME,SUPPORTING_EVIDENCE,,LOCAL_ONLY,loc_73af2d7f80ee9cd883b07e66,,,,false,true,NO_DUPLICATE_FLAG,NOT_SUPERSEDED,SEPARATE_LEDGER_CONTROLS,REGISTERED_METADATA_ONLY,SOURCE_INVENTORY_SHA256_RECORDED,3d55a2a920a9d80dd21d4a629255957aa3c8fcdfbac2e5d0037fb7a74473a2ad,N/A,markdown/text,packet-specific 2026 receipts,not tracked at live HQ HEAD,1.0.0
art_788f61532592a339,markdown/text,ROOKIE_SEASON_AND_MULTI_YEAR_OUTCOME,SUPPORTING_EVIDENCE,,LIVE_HQ,loc_a52cc9967957d8245c52ad4f,,,,false,true,NO_DUPLICATE_FLAG,NOT_SUPERSEDED,SEPARATE_LEDGER_CONTROLS,REGISTERED_METADATA_ONLY,SOURCE_INVENTORY_SHA256_RECORDED,ac343957631edf3f702c1939ef34ab2883e5955b71efdbc76a0cae7fc1174ea7,N/A,markdown/text,packet-specific 2026 receipts,authority is limited to the artifact's documented scope,1.0.0
art_7912a0373e30f868,markdown/text,ROOKIE_SEASON_AND_MULTI_YEAR_OUTCOME,SUPPORTING_EVIDENCE,,LIVE_HQ,loc_fdcfd053151473a916b07aa7,,,,false,true,NO_DUPLICATE_FLAG,NOT_SUPERSEDED,SEPARATE_LEDGER_CONTROLS,REGISTERED_METADATA_ONLY,SOURCE_INVENTORY_SHA256_RECORDED,1687ad4fcc94bc88fef172185363934cb4843a49aa0579b349099174ab1d0a93,N/A,markdown/text,packet-specific immutable runs; some local receipts only,multiple scoring/rank systems conflict; position-threshold applicability must be explicit,1.0.0
art_7930d900f335afda,markdown/text,ROOKIE_SEASON_AND_MULTI_YEAR_OUTCOME,SUPPORTING_EVIDENCE,,LIVE_HQ,loc_38ecc6df83573a3f4a806f63,,,,false,true,NO_DUPLICATE_FLAG,NOT_SUPERSEDED,SEPARATE_LEDGER_CONTROLS,REGISTERED_METADATA_ONLY,SOURCE_INVENTORY_SHA256_RECORDED,9f6d157e4eb46739b25957b1709cb05f8b34766edda7ad6cb9a82c713af04b99,N/A,markdown/text,packet-specific immutable runs; some local receipts only,multiple scoring/rank systems conflict; position-threshold applicability must be explicit,1.0.0
art_793fe684496fbbae,py,CROSS_LIFECYCLE,SUPPORTING_EVIDENCE,,LIVE_HQ,loc_d678eae31595f11bd6a6ae1d,,,,false,true,NO_DUPLICATE_FLAG,NOT_SUPERSEDED,SEPARATE_LEDGER_CONTROLS,REGISTERED_METADATA_ONLY,SOURCE_INVENTORY_SHA256_RECORDED,eb4a0faafa36ce98d0a8d0e2a5cebbdbbee1dad2d18ae5da4d1548529f3b21f7,N/A,py,packet-specific snapshot,authority is limited to the artifact's documented scope,1.0.0
art_7953a0f50b7234cc,py,PRE_DRAFT_TO_MULTI_YEAR_LEGACY,SUPPORTING_EVIDENCE,,LIVE_HQ,loc_9caea6372992d6f941d949aa,,,,false,true,NO_DUPLICATE_FLAG,NOT_SUPERSEDED,SEPARATE_LEDGER_CONTROLS,REGISTERED_METADATA_ONLY,SOURCE_INVENTORY_SHA256_RECORDED,bd9dab360c8f274f098bdec7a94f8be8f9e0502696100fe771c487f3178a4197,N/A,py,legacy baseline; superseded by June 29-30 review-only gates,legacy source/use claims are superseded; provider content and name-key joins are restricted,1.0.0
art_79b1f7f7a8f22358,draft_year|player_name|position|nfl_team|round|overall_pick|college|pfr_id|cfb_id|gsis_id|has_combine_row|has_outcome_v2_label|has_approved_cfbd_identity|outcome_window_status|cfbd_identity_status|missing_reason_code,CROSS_LIFECYCLE,SUPPORTING_EVIDENCE,,LIVE_HQ,loc_c9cb18a3b7f1bc7d5a73a2b8,,,,false,true,NO_DUPLICATE_FLAG,NOT_SUPERSEDED,SEPARATE_LEDGER_CONTROLS,REGISTERED_METADATA_ONLY,SOURCE_INVENTORY_SHA256_RECORDED,3b546b06063a30203fa3cd8aec7d5d8efb6e2f0e526f4bf822d804e0e7b8bd68,1999,draft_year|player_name|position|nfl_team|round|overall_pick|college|pfr_id|cfb_id|gsis_id|has_combine_row|has_outcome_v2_label|has_approved_cfbd_identity|outcome_window_status|cfbd_identity_status|missing_reason_code,packet-specific snapshot,authority is limited to the artifact's documented scope,1.0.0
art_79b2ee4d0a490f3a,py,LATER_OUTCOME_RESEARCH,SUPPORTING_EVIDENCE,,LIVE_HQ,loc_92133adcf983a55318e75f4c,,,,false,true,NO_DUPLICATE_FLAG,NOT_SUPERSEDED,SEPARATE_LEDGER_CONTROLS,REGISTERED_METADATA_ONLY,SOURCE_INVENTORY_SHA256_RECORDED,8dcb9042466e2c7da3fa34a4fe48cdca2d7c81ca8d9d2cccea32cd77e8a67eb7,N/A,py,versioned June-July 2026 review snapshots,review-only; formula work paused; current proxy/zero encodings cannot become evidence truth; retain scoring/window semantics,1.0.0
art_79bdbf4f008e4746,markdown/text,ROOKIE_SEASON_AND_MULTI_YEAR_OUTCOME,SUPPORTING_EVIDENCE,,LIVE_HQ,loc_b4a1f25cd59c72d0f25b5a34,,,,false,true,NO_DUPLICATE_FLAG,NOT_SUPERSEDED,SEPARATE_LEDGER_CONTROLS,REGISTERED_METADATA_ONLY,SOURCE_INVENTORY_SHA256_RECORDED,bd9a6afd85b3c7669bc6a1a8d0efb9dded0f7907f93e2d43cf39eae02e9d8a28,N/A,markdown/text,packet-specific immutable runs; some local receipts only,multiple scoring/rank systems conflict; position-threshold applicability must be explicit,1.0.0
art_79ff246271c7f837,markdown/text,ROOKIE_SEASON_AND_MULTI_YEAR_OUTCOME,SUPPORTING_EVIDENCE,,LIVE_HQ,loc_ed0f19e45c60a833ebd8e9cb,,,,false,true,NO_DUPLICATE_FLAG,NOT_SUPERSEDED,SEPARATE_LEDGER_CONTROLS,REGISTERED_METADATA_ONLY,SOURCE_INVENTORY_SHA256_RECORDED,b865655962d592f560ffd2886b0e65d08c234a9b4185632abf3820bdf3c0c713,N/A,markdown/text,packet-specific immutable runs; some local receipts only,multiple scoring/rank systems conflict; position-threshold applicability must be explicit,1.0.0
art_7a0f82f07f43092f,markdown/text,PRE_DRAFT,SUPPORTING_EVIDENCE,,LIVE_HQ,loc_68395ba1def31db869450935,,,,false,true,NO_DUPLICATE_FLAG,NOT_SUPERSEDED,SEPARATE_LEDGER_CONTROLS,REGISTERED_METADATA_ONLY,SOURCE_INVENTORY_SHA256_RECORDED,7a9d1e5880e782cfe33e5b2098ee1f2381e35f677031b6275ee7bc63d19684e7,N/A,markdown/text,June 30 2026; measurement source timestamp incomplete,authority is limited to the artifact's documented scope,1.0.0
art_7a23684dff173ca0,markdown/text,LATER_OUTCOME_RESEARCH,SUPPORTING_EVIDENCE,,LIVE_HQ,loc_34e1b18f85914d95de3d2069,,,,false,true,NO_DUPLICATE_FLAG,NOT_SUPERSEDED,SEPARATE_LEDGER_CONTROLS,REGISTERED_METADATA_ONLY,SOURCE_INVENTORY_SHA256_RECORDED,c6ee3550499a73b97358eb80c88a40cd451900f795bda60b4426ccd1c759f53c,N/A,markdown/text,July 9 2026 research snapshots,authority is limited to the artifact's documented scope,1.0.0
art_7ace48df819ac23e,markdown/text,LATER_OUTCOME_RESEARCH,SUPPORTING_EVIDENCE,,LIVE_HQ,loc_10e75ccfea0f534f6d8b2d91,,,,false,true,NO_DUPLICATE_FLAG,NOT_SUPERSEDED,SEPARATE_LEDGER_CONTROLS,REGISTERED_METADATA_ONLY,SOURCE_INVENTORY_SHA256_RECORDED,ebb33f65928e8337b8ea461e2477beee363468132a33eed3695888ebd6f7df9f,N/A,markdown/text,versioned June-July 2026 review snapshots,review-only; formula work paused; current proxy/zero encodings cannot become evidence truth; retain scoring/window semantics,1.0.0
art_7b3f50bac7e2c3ad,py,CROSS_LIFECYCLE,SUPPORTING_EVIDENCE,,LIVE_HQ,loc_64e46c61a9a5d0d40c497e00,,,,false,true,NO_DUPLICATE_FLAG,NOT_SUPERSEDED,SEPARATE_LEDGER_CONTROLS,REGISTERED_METADATA_ONLY,SOURCE_INVENTORY_SHA256_RECORDED,25e973d897b4cdef084615beb53a5e419500eab52978b845d68ab856d0184efb,N/A,py,packet-specific snapshot,authority is limited to the artifact's documented scope,1.0.0
art_7b4e8106e92c104c,markdown/text,PRE_DRAFT_TO_MULTI_YEAR_LEGACY,SUPPORTING_EVIDENCE,,LIVE_HQ,loc_510a9baf98610cfd19be58bf,,,,false,true,NO_DUPLICATE_FLAG,NOT_SUPERSEDED,SEPARATE_LEDGER_CONTROLS,REGISTERED_METADATA_ONLY,SOURCE_INVENTORY_SHA256_RECORDED,a3b89e55296825b6d0a4ee7d9d5d68fe41907226892fd3bc252b62d8523599b6,N/A,markdown/text,legacy baseline; superseded by June 29-30 review-only gates,legacy source/use claims are superseded; provider content and name-key joins are restricted,1.0.0
art_7b880b685e6bce3c,markdown/text,GOVERNANCE,CANONICAL_ADMITTED,,LIVE_HQ,loc_7217216e80cbfd4647c7c63d,,,,true,false,NO_DUPLICATE_FLAG,NOT_SUPERSEDED,SEPARATE_LEDGER_CONTROLS,REGISTERED_METADATA_ONLY,SOURCE_INVENTORY_SHA256_RECORDED,e9e4daf0cbb7058e8ab75a8b93d7c75c3117710c6309913d303b719558d72036,N/A,markdown/text,versioned policy snapshot,authority is limited to the artifact's documented scope,1.0.0
art_7bb1bb02495ee7e8,markdown/text,DRAFT_EVENT,SUPPORTING_EVIDENCE,,LIVE_HQ,loc_4dc0474c9dbd92b00fc7525a,,,,false,true,NO_DUPLICATE_FLAG,NOT_SUPERSEDED,SEPARATE_LEDGER_CONTROLS,REGISTERED_METADATA_ONLY,SOURCE_INVENTORY_SHA256_RECORDED,474c55cfec2d307c94bb717bf8608a5526db43ac581fe80345b8551f765bca28,N/A,markdown/text,June 30 2026 packet snapshots,likely/confirmed-review-only must not be treated as verified undrafted truth,1.0.0
art_7be472eb01540a25,py,CROSS_LIFECYCLE,SUPPORTING_EVIDENCE,,LIVE_HQ,loc_a064f1e236f5c42ee25cd8f0,,,,false,true,NO_DUPLICATE_FLAG,NOT_SUPERSEDED,SEPARATE_LEDGER_CONTROLS,REGISTERED_METADATA_ONLY,SOURCE_INVENTORY_SHA256_RECORDED,add6a0cb8af2a825ee0a1e7c14683f9cb48834426016643a860e85bf7152b970,N/A,py,packet-specific snapshot,authority is limited to the artifact's documented scope,1.0.0
art_7beede0b8d7f0d42,position|season|sidecar_players|sidecar_rows|label_players|label_rows|matched_players|unmatched_sidecar_players|unmatched_label_players|overlap_rate|parity_ready|blocker_reason|notes,ROOKIE_SEASON_AND_MULTI_YEAR_OUTCOME,SUPPORTING_EVIDENCE,,LIVE_HQ,loc_81fa5920a3cd0b097ed81640,,,,false,true,NO_DUPLICATE_FLAG,NOT_SUPERSEDED,SEPARATE_LEDGER_CONTROLS,REGISTERED_METADATA_ONLY,SOURCE_INVENTORY_SHA256_RECORDED,a6ebdc9f384772607575ae38aa00000d39a206a4b225c6aa00fa35420a120f48,10,position|season|sidecar_players|sidecar_rows|label_players|label_rows|matched_players|unmatched_sidecar_players|unmatched_label_players|overlap_rate|parity_ready|blocker_reason|notes,packet-specific immutable runs; some local receipts only,multiple scoring/rank systems conflict; position-threshold applicability must be explicit,1.0.0
art_7bf3d1704051a198,markdown/text,PRODUCT_CONSUMER,SUPPORTING_EVIDENCE,,LIVE_HQ,loc_b4f2e620f9023c4ed64e14b6,,,,false,true,NO_DUPLICATE_FLAG,NOT_SUPERSEDED,SEPARATE_LEDGER_CONTROLS,REGISTERED_METADATA_ONLY,SOURCE_INVENTORY_SHA256_RECORDED,3ed5f86f729177451771d1c614c8a2385857ee0c9a18fc19b5b24b080a453325,N/A,markdown/text,live HQ at starting commit,authority is limited to the artifact's documented scope,1.0.0
art_7c171b92c6a94800,py,DRAFT_EVENT,SUPPORTING_EVIDENCE,,LIVE_HQ,loc_dfc3f4852cb5ed00c7a8a221,,,,false,true,NO_DUPLICATE_FLAG,NOT_SUPERSEDED,SEPARATE_LEDGER_CONTROLS,REGISTERED_METADATA_ONLY,SOURCE_INVENTORY_SHA256_RECORDED,969cbe0333e59acfb80024fde0b1b3353241a952932444618dcdb31c5656e6b4,N/A,py,static completed draft events; source timestamps/receipt IDs incomplete in several derivatives,positive draft facts only; missing draft evidence remains unknown; current name+position joins are review-only,1.0.0
art_7c59492ff754f4e3,markdown/text,ROOKIE_SEASON_AND_MULTI_YEAR_OUTCOME,SUPPORTING_EVIDENCE,,LIVE_HQ,loc_adb2871658ef118cfb36cf94,,,,false,true,NO_DUPLICATE_FLAG,NOT_SUPERSEDED,SEPARATE_LEDGER_CONTROLS,REGISTERED_METADATA_ONLY,SOURCE_INVENTORY_SHA256_RECORDED,b2a10e81e90636548845292c4738b4d423b28a134634d16a6de1d09aceebd8a6,N/A,markdown/text,packet-specific immutable runs; some local receipts only,multiple scoring/rank systems conflict; position-threshold applicability must be explicit,1.0.0
art_7c8fa2b19a34b989,result_id|result_type|base_candidate_id|ingredient_family|ingredient|weight|position|rows_tested|candidate_spearman|pyf_spearman_same_rows|spearman_delta_vs_pyf|formula_alone_spearman_same_rows|spearman_delta_vs_formula_alone|delta_vs_0755_reference|delta_vs_snap_depth_0763_reference|startable_precision|pyf_startable_precision_same_rows|false_positives|pyf_false_positives_same_rows|false_negatives|pyf_false_negatives_same_rows|sparse_history_error_rate|low_games_error_rate|full_history_comparable|broad_window_comparable|partial_window_flag|interpretation|definition,DRAFT_EVENT,SUPPORTING_EVIDENCE,,LIVE_HQ,loc_e37db2d26e258e2819bd383c,,,,false,true,NO_DUPLICATE_FLAG,NOT_SUPERSEDED,SEPARATE_LEDGER_CONTROLS,REGISTERED_METADATA_ONLY,SOURCE_INVENTORY_SHA256_RECORDED,5c12a639e17fa62bfacf3ea36a973b0df4f49c6942a806cd277019fb1ff27722,20,result_id|result_type|base_candidate_id|ingredient_family|ingredient|weight|position|rows_tested|candidate_spearman|pyf_spearman_same_rows|spearman_delta_vs_pyf|formula_alone_spearman_same_rows|spearman_delta_vs_formula_alone|delta_vs_0755_reference|delta_vs_snap_depth_0763_reference|startable_precision|pyf_startable_precision_same_rows|false_positives|pyf_false_positives_same_rows|false_negatives|pyf_false_negatives_same_rows|sparse_history_error_rate|low_games_error_rate|full_history_comparable|broad_window_comparable|partial_window_flag|interpretation|definition,static completed draft events; source timestamps/receipt IDs incomplete in several derivatives,positive draft facts only; missing draft evidence remains unknown; current name+position joins are review-only,1.0.0
art_7c940003e73c4e09,summary_level|candidate_name|baseline_name|position|independent_target_seasons|candidate_mean_spearman|pyf_mean_spearman|candidate_minus_pyf_spearman|candidate_mean_kendall_tau_a|pyf_mean_kendall_tau_a|candidate_minus_pyf_kendall,PROTECTED_FROZEN_GOVERNANCE,CANONICAL_REVIEW_ONLY,,LIVE_HQ,loc_c7d02a86b6f3c7589c00744f,,,,true,false,NO_DUPLICATE_FLAG,NOT_SUPERSEDED,SEPARATE_LEDGER_CONTROLS,REGISTERED_METADATA_ONLY,SOURCE_INVENTORY_SHA256_RECORDED,7f7f5502ed63991be13dbab15ff1d27c3e680c029a017b69a7c126e97b46e842,10,summary_level|candidate_name|baseline_name|position|independent_target_seasons|candidate_mean_spearman|pyf_mean_spearman|candidate_minus_pyf_spearman|candidate_mean_kendall_tau_a|pyf_mean_kendall_tau_a|candidate_minus_pyf_kendall,frozen 2026-07-10 before outcomes,authority is limited to the artifact's documented scope,1.0.0
art_7c9611d90fb4a4cf,markdown/text,DRAFT_EVENT,SUPPORTING_EVIDENCE,,LIVE_HQ,loc_e2ca4e25f539f9fb58f8fa6a,,,,false,true,NO_DUPLICATE_FLAG,NOT_SUPERSEDED,SEPARATE_LEDGER_CONTROLS,REGISTERED_METADATA_ONLY,SOURCE_INVENTORY_SHA256_RECORDED,e65b27e1622fa2a48b0ffb1749405475692c176a2ed1e4c6df6f91b01f3d8b5b,N/A,markdown/text,June 30 2026 packet snapshots,likely/confirmed-review-only must not be treated as verified undrafted truth,1.0.0
art_7d18ff95554a80b7,nwr_player_id|nwr_player_name|nwr_position|nwr_team|candidate_gsis_id|candidate_sleeper_id|candidate_nflverse_name|candidate_team|candidate_source|candidate_match_rule|proposed_decision|confidence|source_columns_used|review_only|model_use_allowed|training_allowed|source_truth_allowed|notes,CROSS_LIFECYCLE_IDENTITY,SUPPORTING_EVIDENCE,,LIVE_HQ,loc_32805f3c3bd9327ffe05c24d,,,,false,true,NO_DUPLICATE_FLAG,NOT_SUPERSEDED,SEPARATE_LEDGER_CONTROLS,REGISTERED_METADATA_ONLY,SOURCE_INVENTORY_SHA256_RECORDED,3cc1559f99944e74b1aac6bfd07e30c73742671b5c7959ee6e4af5a2186eaf9e,54,nwr_player_id|nwr_player_name|nwr_position|nwr_team|candidate_gsis_id|candidate_sleeper_id|candidate_nflverse_name|candidate_team|candidate_source|candidate_match_rule|proposed_decision|confidence|source_columns_used|review_only|model_use_allowed|training_allowed|source_truth_allowed|notes,June 23-30 2026 snapshots,authority is limited to the artifact's documented scope,1.0.0
art_7d1cd1dbf6161cc4,markdown/text,PRODUCT_CONSUMER,SUPPORTING_EVIDENCE,,LIVE_HQ,loc_2a1aee254af1bf6f3d1b065a,,,,false,true,NO_DUPLICATE_FLAG,NOT_SUPERSEDED,SEPARATE_LEDGER_CONTROLS,REGISTERED_METADATA_ONLY,SOURCE_INVENTORY_SHA256_RECORDED,5891e503f47b4cb07c50e88e9886af47f8f80cc363b88d3c6f799a287c335112,N/A,markdown/text,live HQ at starting commit,authority is limited to the artifact's documented scope,1.0.0
art_7d2055f9795d20a1,markdown/text,ROOKIE_SEASON_AND_MULTI_YEAR_OUTCOME,SUPPORTING_EVIDENCE,,LIVE_HQ,loc_49ba8bc972c9fe25b83f5f91,,,,false,true,NO_DUPLICATE_FLAG,NOT_SUPERSEDED,SEPARATE_LEDGER_CONTROLS,REGISTERED_METADATA_ONLY,SOURCE_INVENTORY_SHA256_RECORDED,c35ebd21d524caa5a2853b08acb8d98ab2d3bacf6280932ae487e29d8172c901,N/A,markdown/text,packet-specific immutable runs; some local receipts only,multiple scoring/rank systems conflict; position-threshold applicability must be explicit,1.0.0
art_7d372df7312fc6aa,py,LATER_OUTCOME_RESEARCH,SUPPORTING_EVIDENCE,,LIVE_HQ,loc_ce41fc0ccd84d347b3e90657,,,,false,true,NO_DUPLICATE_FLAG,NOT_SUPERSEDED,SEPARATE_LEDGER_CONTROLS,REGISTERED_METADATA_ONLY,SOURCE_INVENTORY_SHA256_RECORDED,4cbeaaae11765af0ae218871845f51e2c710ab69865d3223a019c8e252532df6,N/A,py,July 9 2026 research snapshots,authority is limited to the artifact's documented scope,1.0.0
art_7d6ae1f81565cdd6,markdown/text,PRE_DRAFT_AND_TIMING_GOVERNANCE,SUPPORTING_EVIDENCE,,LIVE_HQ,loc_c1f6c01b4e8838601c746282,,,,false,true,NO_DUPLICATE_FLAG,NOT_SUPERSEDED,SEPARATE_LEDGER_CONTROLS,REGISTERED_METADATA_ONLY,SOURCE_INVENTORY_SHA256_RECORDED,2e3f55bb2e1635e8bad1e5f023c0996e3cb9a06edbadc331e691a9313a6eff34,N/A,markdown/text,as-of policy present; zero experiment-ready player/feature rows,authority is limited to the artifact's documented scope,1.0.0
art_7d7c09f4e0be72ee,markdown/text,GOVERNANCE,CANONICAL_ADMITTED,,LIVE_HQ,loc_6cd1702906c3b3599c7b8e52,,,,true,false,NO_DUPLICATE_FLAG,NOT_SUPERSEDED,SEPARATE_LEDGER_CONTROLS,REGISTERED_METADATA_ONLY,SOURCE_INVENTORY_SHA256_RECORDED,ee80bf02b80fef726bfbbb2091aa6f92952bb360a786988f47f2d42ce5bea948,N/A,markdown/text,versioned canonical packet,authority is limited to the artifact's documented scope,1.0.0
art_7df4a0bf12348b31,markdown/text,ROOKIE_SEASON_AND_MULTI_YEAR_OUTCOME,SUPPORTING_EVIDENCE,,LOCAL_ONLY,loc_3c7370e2eccc7d5b4e07383d,,,,false,true,NO_DUPLICATE_FLAG,NOT_SUPERSEDED,SEPARATE_LEDGER_CONTROLS,REGISTERED_METADATA_ONLY,SOURCE_INVENTORY_SHA256_RECORDED,37a5bbd91ae8601c17141b1c0e482b605857001a2867a07bb57a429dc83a2954,N/A,markdown/text,packet-specific 2026 receipts,not tracked at live HQ HEAD,1.0.0
art_7ef19c2b04a61b7f,markdown/text,ROOKIE_SEASON_AND_MULTI_YEAR_OUTCOME,SUPPORTING_EVIDENCE,,LIVE_HQ,loc_6974348bfffb9baa099bde5f,,,,false,true,NO_DUPLICATE_FLAG,NOT_SUPERSEDED,SEPARATE_LEDGER_CONTROLS,REGISTERED_METADATA_ONLY,SOURCE_INVENTORY_SHA256_RECORDED,8bea0be33a23da378bffc3c0c9db1f8ecb189c92ac30e4158d8d5a7245811e81,N/A,markdown/text,packet-specific immutable runs; some local receipts only,multiple scoring/rank systems conflict; position-threshold applicability must be explicit,1.0.0
art_7f4d783b36f89548,markdown/text,ROOKIE_SEASON_AND_MULTI_YEAR_OUTCOME,SUPPORTING_EVIDENCE,,LIVE_HQ,loc_74fa72fb29730db6fcaec1ff,,,,false,true,NO_DUPLICATE_FLAG,NOT_SUPERSEDED,SEPARATE_LEDGER_CONTROLS,REGISTERED_METADATA_ONLY,SOURCE_INVENTORY_SHA256_RECORDED,14fba87739737e9d17e5a545c28d3a514ac2297fd1da9df6f5bbc7f246727ca8,N/A,markdown/text,local run 2026-06-29; latest factual outcome season 2024,drafted-only; link availability differs from usable value availability; incomplete windows are censored,1.0.0
art_7f7bd74adc48ff7f,py,CROSS_LIFECYCLE,SUPPORTING_EVIDENCE,,LIVE_HQ,loc_d0addceb54d694f5098d41c9,,,,false,true,NO_DUPLICATE_FLAG,NOT_SUPERSEDED,SEPARATE_LEDGER_CONTROLS,REGISTERED_METADATA_ONLY,SOURCE_INVENTORY_SHA256_RECORDED,787e49d805476648575c829b2485df61788f9045e0f8de49e2cc24b6096bb662,N/A,py,packet-specific snapshot,authority is limited to the artifact's documented scope,1.0.0
art_7f8c8883ce86c356,markdown/text,PROTECTED_FROZEN_GOVERNANCE,CANONICAL_REVIEW_ONLY,,LIVE_HQ,loc_afbe8ff73980a2ce32520e94,,,,true,false,NO_DUPLICATE_FLAG,NOT_SUPERSEDED,SEPARATE_LEDGER_CONTROLS,REGISTERED_METADATA_ONLY,SOURCE_INVENTORY_SHA256_RECORDED,20db4fb9c9524dfda6d8fb69f51f0807c5db65cd2682a83bc3636227b81661d9,N/A,markdown/text,frozen 2026-07-10 before outcomes,authority is limited to the artifact's documented scope,1.0.0
art_7fd33ea5e779a22b,reference_id|formula_id|rule_id|scoreboard_window|position|rows_tested|misses_before|misses_after|net_miss_reduction|false_positives_before|false_positives_after|false_negatives_before|false_negatives_after,LATER_OUTCOME_RESEARCH,SUPPORTING_EVIDENCE,,LIVE_HQ,loc_093cf181acca5d7d47d4fb6d,,,,false,true,NO_DUPLICATE_FLAG,NOT_SUPERSEDED,SEPARATE_LEDGER_CONTROLS,REGISTERED_METADATA_ONLY,SOURCE_INVENTORY_SHA256_RECORDED,75dee47698eb7dbb208f8168bc6d1d9e7da68f1582032460ab43b0817cca083e,168,reference_id|formula_id|rule_id|scoreboard_window|position|rows_tested|misses_before|misses_after|net_miss_reduction|false_positives_before|false_positives_after|false_negatives_before|false_negatives_after,July 9 2026 research snapshots,authority is limited to the artifact's documented scope,1.0.0
art_7fddabb6b36445b4,markdown/text,ROOKIE_SEASON_AND_MULTI_YEAR_OUTCOME,SUPPORTING_EVIDENCE,,LOCAL_ONLY,loc_f0b777ebff3ddb95ed206c13,,,,false,true,NO_DUPLICATE_FLAG,NOT_SUPERSEDED,SEPARATE_LEDGER_CONTROLS,REGISTERED_METADATA_ONLY,SOURCE_INVENTORY_SHA256_RECORDED,7a9157848849801f5221a7b56ddc65e3dd48aff629982dffb80f3079abc6c5be,N/A,markdown/text,packet-specific 2026 receipts,not tracked at live HQ HEAD,1.0.0
art_7fff94aeca2991ab,markdown/text,PRODUCT_CONSUMER,SUPPORTING_EVIDENCE,,LIVE_HQ,loc_daf8b4d69cee037fce5bb107,,,,false,true,NO_DUPLICATE_FLAG,NOT_SUPERSEDED,SEPARATE_LEDGER_CONTROLS,REGISTERED_METADATA_ONLY,SOURCE_INVENTORY_SHA256_RECORDED,61de272c04d84f04e82bc4b503ab26d677b2f0114cc136504c5ec23803a73b17,N/A,markdown/text,live HQ at starting commit,authority is limited to the artifact's documented scope,1.0.0
art_803a535ff2e7065f,py,CROSS_LIFECYCLE,SUPPORTING_EVIDENCE,,LIVE_HQ,loc_710dbaa9f0e438f8bec6a4ab,,,,false,true,NO_DUPLICATE_FLAG,NOT_SUPERSEDED,SEPARATE_LEDGER_CONTROLS,REGISTERED_METADATA_ONLY,SOURCE_INVENTORY_SHA256_RECORDED,aa2be20f4076514a40dd340854c76ece794ae918e04b2a4fa5ae0f5b7a3bb60d,N/A,py,packet-specific snapshot,authority is limited to the artifact's documented scope,1.0.0
art_804469756c4f737d,artifact|row_count|purpose,ROOKIE_SEASON_AND_MULTI_YEAR_OUTCOME,SUPPORTING_EVIDENCE,,LIVE_HQ,loc_1f40b884740a61c82c182812,,,,false,true,NO_DUPLICATE_FLAG,NOT_SUPERSEDED,SEPARATE_LEDGER_CONTROLS,REGISTERED_METADATA_ONLY,SOURCE_INVENTORY_SHA256_RECORDED,13ed53430ce806e9658c9d77ad86f4871e83fc5739b8a9933387f5c60738759a,10,artifact|row_count|purpose,packet-specific 2026 receipts,authority is limited to the artifact's documented scope,1.0.0
art_80bf4e55de3ae180,py,CROSS_LIFECYCLE,SUPPORTING_EVIDENCE,,LIVE_HQ,loc_0cae6616ac1a44f0ef2d2aca,,,,false,true,NO_DUPLICATE_FLAG,NOT_SUPERSEDED,SEPARATE_LEDGER_CONTROLS,REGISTERED_METADATA_ONLY,SOURCE_INVENTORY_SHA256_RECORDED,a6bd3f646e5113d4e536e0757f9e2805088713fba1fc4e62b11dc0fa011e1d48,N/A,py,packet-specific snapshot,authority is limited to the artifact's documented scope,1.0.0
art_80cf941221c0f3f9,markdown/text,CROSS_LIFECYCLE,SUPPORTING_EVIDENCE,,LIVE_HQ,loc_7ee48f08501752278cd8247d,,,,false,true,NO_DUPLICATE_FLAG,NOT_SUPERSEDED,SEPARATE_LEDGER_CONTROLS,REGISTERED_METADATA_ONLY,SOURCE_INVENTORY_SHA256_RECORDED,8d794ca8f6929e4d0d646ceec434cb3d52985daf2f5bbb695179987bd9b7d58f,N/A,markdown/text,packet-specific snapshot,authority is limited to the artifact's documented scope,1.0.0
art_81828d331ee64a23,markdown/text,CROSS_LIFECYCLE_IDENTITY,SUPPORTING_EVIDENCE,,LIVE_HQ,loc_f8368287dcb4d943b5656020,,,,false,true,NO_DUPLICATE_FLAG,NOT_SUPERSEDED,SEPARATE_LEDGER_CONTROLS,REGISTERED_METADATA_ONLY,SOURCE_INVENTORY_SHA256_RECORDED,1bb9e429d940946a0f11e880e730c581ab04aa9614a354fde8d08c52d083610b,N/A,markdown/text,June 23-30 2026 snapshots,authority is limited to the artifact's documented scope,1.0.0
art_81933ba222a30c54,markdown/text,LATER_OUTCOME_RESEARCH,SUPPORTING_EVIDENCE,,LIVE_HQ,loc_82d1d16439a4c2e85db5de28,,,,false,true,NO_DUPLICATE_FLAG,NOT_SUPERSEDED,SEPARATE_LEDGER_CONTROLS,REGISTERED_METADATA_ONLY,SOURCE_INVENTORY_SHA256_RECORDED,42ddcc861acfa040d7c96fac29bcd7e44a5c23d63341b247842b8b03078d72c4,N/A,markdown/text,July 9 2026 research snapshots,authority is limited to the artifact's documented scope,1.0.0
art_81c2c4ff60330721,result_id|result_type|base_candidate_id|ingredient_family|ingredient|weight|position|rows_tested|candidate_spearman|pyf_spearman_same_rows|spearman_delta_vs_pyf|formula_alone_spearman_same_rows|spearman_delta_vs_formula_alone|delta_vs_0755_reference|delta_vs_snap_depth_0763_reference|startable_precision|pyf_startable_precision_same_rows|false_positives|pyf_false_positives_same_rows|false_negatives|pyf_false_negatives_same_rows|sparse_history_error_rate|low_games_error_rate|full_history_comparable|broad_window_comparable|partial_window_flag|interpretation|definition,DRAFT_EVENT,SUPPORTING_EVIDENCE,,LIVE_HQ,loc_cc90599c97e4b2b8964e7644,,,,false,true,NO_DUPLICATE_FLAG,NOT_SUPERSEDED,SEPARATE_LEDGER_CONTROLS,REGISTERED_METADATA_ONLY,SOURCE_INVENTORY_SHA256_RECORDED,571ae9b2a124cf13c27ac9fa77672e4be54a42b1d20a3cc5bfc7c075f0f04fbb,300,result_id|result_type|base_candidate_id|ingredient_family|ingredient|weight|position|rows_tested|candidate_spearman|pyf_spearman_same_rows|spearman_delta_vs_pyf|formula_alone_spearman_same_rows|spearman_delta_vs_formula_alone|delta_vs_0755_reference|delta_vs_snap_depth_0763_reference|startable_precision|pyf_startable_precision_same_rows|false_positives|pyf_false_positives_same_rows|false_negatives|pyf_false_negatives_same_rows|sparse_history_error_rate|low_games_error_rate|full_history_comparable|broad_window_comparable|partial_window_flag|interpretation|definition,static completed draft events; source timestamps/receipt IDs incomplete in several derivatives,positive draft facts only; missing draft evidence remains unknown; current name+position joins are review-only,1.0.0
art_81cc13cf7144745a,py,LATER_OUTCOME_RESEARCH,SUPPORTING_EVIDENCE,,LIVE_HQ,loc_cbf7974c34cf4458b0f5c1e0,,,,false,true,NO_DUPLICATE_FLAG,NOT_SUPERSEDED,SEPARATE_LEDGER_CONTROLS,REGISTERED_METADATA_ONLY,SOURCE_INVENTORY_SHA256_RECORDED,8b2d557a3e76caa9bf0833df5921ebac67fb137244c0a796d3d2f72374f08ee0,N/A,py,versioned June-July 2026 review snapshots,review-only; formula work paused; current proxy/zero encodings cannot become evidence truth; retain scoring/window semantics,1.0.0
art_8223130c7b14151f,markdown/text,ROOKIE_SEASON_AND_MULTI_YEAR_OUTCOME,SUPPORTING_EVIDENCE,,LIVE_HQ,loc_c1a8dc68afb9d348c396fa4b,,,,false,true,NO_DUPLICATE_FLAG,NOT_SUPERSEDED,SEPARATE_LEDGER_CONTROLS,REGISTERED_METADATA_ONLY,SOURCE_INVENTORY_SHA256_RECORDED,9b646c5d1a8e954df74052b9dfb9a7cbdf503ec2b4e02697f4c17a03f3cfb1f7,N/A,markdown/text,packet-specific immutable runs; some local receipts only,multiple scoring/rank systems conflict; position-threshold applicability must be explicit,1.0.0
art_8293c824f4cefbf3,markdown/text,LATER_OUTCOME_RESEARCH,SUPPORTING_EVIDENCE,,LIVE_HQ,loc_a5893ae9b5fa83156f2cc056,,,,false,true,NO_DUPLICATE_FLAG,NOT_SUPERSEDED,SEPARATE_LEDGER_CONTROLS,REGISTERED_METADATA_ONLY,SOURCE_INVENTORY_SHA256_RECORDED,91fb399a68a7b7e2a4bfce62d4a49013a16cce72143aa9e0debe22e498c76f68,N/A,markdown/text,versioned June-July 2026 review snapshots,review-only; formula work paused; current proxy/zero encodings cannot become evidence truth; retain scoring/window semantics,1.0.0
art_829f6b7f711aac39,markdown/text,PRODUCT_CONSUMER,SUPPORTING_EVIDENCE,,LIVE_HQ,loc_3433e99b631b23379d1d80c4,,,,false,true,NO_DUPLICATE_FLAG,NOT_SUPERSEDED,SEPARATE_LEDGER_CONTROLS,REGISTERED_METADATA_ONLY,SOURCE_INVENTORY_SHA256_RECORDED,3355eaff3da18a15a082e605034e83f93cd3de042fdc704e2a2f3046b28455e7,N/A,markdown/text,live HQ at starting commit,authority is limited to the artifact's documented scope,1.0.0
art_82ba85bb1f3898cb,file_name|row_count|season_range|source_inputs|generated_timestamp_utc|sha256|notes,ROOKIE_SEASON_AND_MULTI_YEAR_OUTCOME,SUPPORTING_EVIDENCE,,LOCAL_ONLY,loc_7561a9bb7448c2ea605434e5,,,,false,true,NO_DUPLICATE_FLAG,NOT_SUPERSEDED,SEPARATE_LEDGER_CONTROLS,REGISTERED_METADATA_ONLY,SOURCE_INVENTORY_SHA256_RECORDED,6bbccfa68dd3e32f85f95cccfd37f759540d30e5a11e8255f8cf793f53d50f0b,16,file_name|row_count|season_range|source_inputs|generated_timestamp_utc|sha256|notes,packet-specific 2026 receipts,not tracked at live HQ HEAD,1.0.0
art_82e2e78ec01d244c,season|player_id|player_name|position|team|formula_id|scoreboard_window|formula_score|formula_rank|pyf_score|pyf_rank|actual_outcome_label|miss_type|miss_severity|position_rank_actual|top_n_threshold_involved|age|lifecycle_bucket|age_bucket|role_archetype|role_usage_bucket|snap_offensive_snap_share|snap_role_score|snap_low_snap_flag|depth_role_tier|depth_stability_score|injury_availability_score|injury_caveat_flag|draft_capital_bucket|early_career_flag|...(+10 columns),LATER_OUTCOME_RESEARCH,SUPPORTING_EVIDENCE,,LIVE_HQ,loc_b3eba54e0018b9593802c1fa,,,,false,true,NO_DUPLICATE_FLAG,NOT_SUPERSEDED,SEPARATE_LEDGER_CONTROLS,REGISTERED_METADATA_ONLY,SOURCE_INVENTORY_SHA256_RECORDED,ff4cc6abc7bbaa0825701cc34ee38a7187a6d631e3fce9715213445164fa041f,2854,season|player_id|player_name|position|team|formula_id|scoreboard_window|formula_score|formula_rank|pyf_score|pyf_rank|actual_outcome_label|miss_type|miss_severity|position_rank_actual|top_n_threshold_involved|age|lifecycle_bucket|age_bucket|role_archetype|role_usage_bucket|snap_offensive_snap_share|snap_role_score|snap_low_snap_flag|depth_role_tier|depth_stability_score|injury_availability_score|injury_caveat_flag|draft_capital_bucket|early_career_flag|...(+10 columns),July 9 2026 research snapshots,authority is limited to the artifact's documented scope,1.0.0
art_8312c4ede932c7ff,py,DRAFT_EVENT_AND_POST_DRAFT_PRESEASON,SUPPORTING_EVIDENCE,,LIVE_HQ,loc_599f3015c41f8b2b58fa386b,,,,false,true,NO_DUPLICATE_FLAG,NOT_SUPERSEDED,SEPARATE_LEDGER_CONTROLS,REGISTERED_METADATA_ONLY,SOURCE_INVENTORY_SHA256_RECORDED,8626a219d49b9b7e41c2edf4f8dfcd2cbff316b911aef8b6050d77a4398d241b,N/A,py,June 29-30 2026; no uniform row-level source timestamp,published counts may be duplicate-inflated; three distinct current records have no stable candidate ID,1.0.0
art_831dd929eb6c9ffb,markdown/text,LATER_OUTCOME_RESEARCH,SUPPORTING_EVIDENCE,,LIVE_HQ,loc_2efc110d737889ea0fbe2cc9,,,,false,true,NO_DUPLICATE_FLAG,NOT_SUPERSEDED,SEPARATE_LEDGER_CONTROLS,REGISTERED_METADATA_ONLY,SOURCE_INVENTORY_SHA256_RECORDED,71ce356745fe4502a6b7057fb6eeaa24c9a8c3e17f98928c4cdaaebbe5d40aee,N/A,markdown/text,versioned June-July 2026 review snapshots,review-only; formula work paused; current proxy/zero encodings cannot become evidence truth; retain scoring/window semantics,1.0.0
art_831e9e7c26a355e9,outcome_family|position|season_or_year|existing_label_source|nflverse_source_artifact|player_stats_rows_available|existing_label_rows|matched_players|unmatched_existing_labels|unmatched_nflverse_rows|parity_status|label_truth_allowed|sidecar_review_allowed|model_use_allowed_now|training_allowed_now|source_truth_allowed_now|blocker_reason|notes,ROOKIE_SEASON_AND_MULTI_YEAR_OUTCOME,SUPPORTING_EVIDENCE,,LIVE_HQ,loc_5d67e84ed899fc4a1b5d8cbc,,,,false,true,NO_DUPLICATE_FLAG,NOT_SUPERSEDED,SEPARATE_LEDGER_CONTROLS,REGISTERED_METADATA_ONLY,SOURCE_INVENTORY_SHA256_RECORDED,ef1e19c317389f4bacfee1bc84c6f0dd3ceaec83568cfa79b7e24e1c8e55e581,9,outcome_family|position|season_or_year|existing_label_source|nflverse_source_artifact|player_stats_rows_available|existing_label_rows|matched_players|unmatched_existing_labels|unmatched_nflverse_rows|parity_status|label_truth_allowed|sidecar_review_allowed|model_use_allowed_now|training_allowed_now|source_truth_allowed_now|blocker_reason|notes,packet-specific immutable runs; some local receipts only,multiple scoring/rank systems conflict; position-threshold applicability must be explicit,1.0.0
art_8342f77dc7238d5d,markdown/text,ROOKIE_SEASON_AND_MULTI_YEAR_OUTCOME,SUPPORTING_EVIDENCE,,LIVE_HQ,loc_5f152159b76004fa7fb79349,,,,false,true,NO_DUPLICATE_FLAG,NOT_SUPERSEDED,SEPARATE_LEDGER_CONTROLS,REGISTERED_METADATA_ONLY,SOURCE_INVENTORY_SHA256_RECORDED,461b0bcfd38bd1b9b1bae5ca8fae51dbaf2f4fedcaf656ec8285942470db9003,N/A,markdown/text,packet-specific 2026 receipts,authority is limited to the artifact's documented scope,1.0.0
art_8348db02850f8a29,algorithm_id|algorithm_family|season|split|actual_cornerstones|safely_ranked|dangerous_misses|cornerstone_safety_score|dangerous_miss_rate,ROOKIE_SEASON_AND_MULTI_YEAR_OUTCOME,SUPPORTING_EVIDENCE,,LOCAL_ONLY,loc_28ee945174e10230a6cd786d,,,,false,true,NO_DUPLICATE_FLAG,NOT_SUPERSEDED,SEPARATE_LEDGER_CONTROLS,REGISTERED_METADATA_ONLY,SOURCE_INVENTORY_SHA256_RECORDED,fa8b33b22cfaab31b58b051d90ba2203fbe1f552ed15bc3a05c02998a8452ec0,693,algorithm_id|algorithm_family|season|split|actual_cornerstones|safely_ranked|dangerous_misses|cornerstone_safety_score|dangerous_miss_rate,packet-specific 2026 receipts,not tracked at live HQ HEAD,1.0.0
art_834eba7333bd0693,py,DRAFT_EVENT,SUPPORTING_EVIDENCE,,LIVE_HQ,loc_0e2794ab6269bbf6d88f73eb,,,,false,true,NO_DUPLICATE_FLAG,NOT_SUPERSEDED,SEPARATE_LEDGER_CONTROLS,REGISTERED_METADATA_ONLY,SOURCE_INVENTORY_SHA256_RECORDED,3981f2f43ea830626678ee2059dddcb2385dc62f8e56090f893d34d26fb08b5c,N/A,py,June 30 2026 packet snapshots,likely/confirmed-review-only must not be treated as verified undrafted truth,1.0.0
art_8353ebd5f602c9b1,feature_family|feature_name|source|availability_status|approval_status|allowed_for_review_only_model_rd|allowed_for_display_context|model_use_allowed|training_allowed|review_only|leakage_risk|missingness_risk|blocker_reason|required_next_gate|notes,DRAFT_EVENT_AND_POST_DRAFT_PRESEASON,SUPPORTING_EVIDENCE,,LIVE_HQ,loc_408cb1880b481e5294a2df44,,,,false,true,NO_DUPLICATE_FLAG,NOT_SUPERSEDED,SEPARATE_LEDGER_CONTROLS,REGISTERED_METADATA_ONLY,SOURCE_INVENTORY_SHA256_RECORDED,0c964869cde16c45ef9dc529652b43eaaee306d0a3c380969c5b2087c1f6c1e3,30,feature_family|feature_name|source|availability_status|approval_status|allowed_for_review_only_model_rd|allowed_for_display_context|model_use_allowed|training_allowed|review_only|leakage_risk|missingness_risk|blocker_reason|required_next_gate|notes,June 29-30 2026; no uniform row-level source timestamp,published counts may be duplicate-inflated; three distinct current records have no stable candidate ID,1.0.0
art_843fe2017b27f4d0,py,LATER_OUTCOME_RESEARCH,SUPPORTING_EVIDENCE,,LIVE_HQ,loc_c057b8c98d67a53a07d653ef,,,,false,true,NO_DUPLICATE_FLAG,NOT_SUPERSEDED,SEPARATE_LEDGER_CONTROLS,REGISTERED_METADATA_ONLY,SOURCE_INVENTORY_SHA256_RECORDED,bf47e8c80644cb75b8807382e32a77fa9f11b096fb1640cd1939e61c77d43fc7,N/A,py,July 9 2026 research snapshots,authority is limited to the artifact's documented scope,1.0.0
art_8466b1c17f20d707,scoreboard_window|formula_id|miss_type|position|rookie_sparse_history_bucket|miss_rows|share_of_formula_position_misses,LATER_OUTCOME_RESEARCH,SUPPORTING_EVIDENCE,,LIVE_HQ,loc_3a2ff3693472062dab493f6d,,,,false,true,NO_DUPLICATE_FLAG,NOT_SUPERSEDED,SEPARATE_LEDGER_CONTROLS,REGISTERED_METADATA_ONLY,SOURCE_INVENTORY_SHA256_RECORDED,d4abb1a02cfb1b65c50495ae0b0bb29cbfe79750cead57d0f2a5e072a665d41d,53,scoreboard_window|formula_id|miss_type|position|rookie_sparse_history_bucket|miss_rows|share_of_formula_position_misses,July 9 2026 research snapshots,authority is limited to the artifact's documented scope,1.0.0
art_8483cf7f1df4f074,variant_id|parent_rule_id|rule_family|reference_id|formula_id|scoreboard_window|seasons|rows_tested|variant_applied_rows|rows_changed_prediction|total_misses_before|total_misses_after|net_miss_reduction|misses_resolved|new_misses_created|false_positives_before|false_positives_after|false_negatives_before|false_negatives_after|false_negative_reduction|false_positive_increase|severe_false_positives_before|severe_false_positives_after|severe_false_positive_spike|severe_false_negatives_before|severe_false_negatives_after|severe_false_negative_reduction|sparse_misses_before|sparse_misses_after|sparse_history_only_miss_reduction|...(+29 columns),LATER_OUTCOME_RESEARCH,SUPPORTING_EVIDENCE,,LIVE_HQ,loc_5018d6a4c467332b7da62015,,,,false,true,NO_DUPLICATE_FLAG,NOT_SUPERSEDED,SEPARATE_LEDGER_CONTROLS,REGISTERED_METADATA_ONLY,SOURCE_INVENTORY_SHA256_RECORDED,140b3792172e7f3c44f8d5cd0a65ad3a5f8f57021bd5e3fae5c6d31d0d9c6247,100,variant_id|parent_rule_id|rule_family|reference_id|formula_id|scoreboard_window|seasons|rows_tested|variant_applied_rows|rows_changed_prediction|total_misses_before|total_misses_after|net_miss_reduction|misses_resolved|new_misses_created|false_positives_before|false_positives_after|false_negatives_before|false_negatives_after|false_negative_reduction|false_positive_increase|severe_false_positives_before|severe_false_positives_after|severe_false_positive_spike|severe_false_negatives_before|severe_false_negatives_after|severe_false_negative_reduction|sparse_misses_before|sparse_misses_after|sparse_history_only_miss_reduction|...(+29 columns),July 9 2026 research snapshots,authority is limited to the artifact's documented scope,1.0.0
art_84af40eb9646ac29,markdown/text,PRODUCT_CONSUMER,SUPPORTING_EVIDENCE,,LIVE_HQ,loc_ca4b0f88ce72906c5e439748,,,,false,true,NO_DUPLICATE_FLAG,NOT_SUPERSEDED,SEPARATE_LEDGER_CONTROLS,REGISTERED_METADATA_ONLY,SOURCE_INVENTORY_SHA256_RECORDED,1a865025ef02bc96b7c7485273991abaafcd0955513acafa780f24cbaaf7eecb,N/A,markdown/text,live HQ at starting commit,authority is limited to the artifact's documented scope,1.0.0
art_855e46c9eb36f8d7,markdown/text,DRAFT_EVENT,SUPPORTING_EVIDENCE,,LIVE_HQ,loc_087a5c791362ed64db41f2da,,,,false,true,NO_DUPLICATE_FLAG,NOT_SUPERSEDED,SEPARATE_LEDGER_CONTROLS,REGISTERED_METADATA_ONLY,SOURCE_INVENTORY_SHA256_RECORDED,8ebb174848527f59106332000a11387a14de1c7dd7aa22152f371bdf25283601,N/A,markdown/text,static completed draft events; source timestamps/receipt IDs incomplete in several derivatives,positive draft facts only; missing draft evidence remains unknown; current name+position joins are review-only,1.0.0
art_8634e56a708e7aca,markdown/text,LATER_OUTCOME_RESEARCH,SUPPORTING_EVIDENCE,,LIVE_HQ,loc_5883000dc6581f6ce5bd7092,,,,false,true,NO_DUPLICATE_FLAG,NOT_SUPERSEDED,SEPARATE_LEDGER_CONTROLS,REGISTERED_METADATA_ONLY,SOURCE_INVENTORY_SHA256_RECORDED,aa2aea80771a9fe9f8d84ee4b9ef2cccf83172e1414a5b9dd67c83c6967b500b,N/A,markdown/text,versioned June-July 2026 review snapshots,review-only; formula work paused; current proxy/zero encodings cannot become evidence truth; retain scoring/window semantics,1.0.0
art_8648d582802744c6,markdown/text,PRE_DRAFT_AND_TIMING_GOVERNANCE,SUPPORTING_EVIDENCE,,LIVE_HQ,loc_b0875a10a9eab1b66998f50d,,,,false,true,NO_DUPLICATE_FLAG,NOT_SUPERSEDED,SEPARATE_LEDGER_CONTROLS,REGISTERED_METADATA_ONLY,SOURCE_INVENTORY_SHA256_RECORDED,3d0d7fd28d38fba923049d6eb3cf26bacbae10b6b0588e91b05417c8668df1da,N/A,markdown/text,as-of policy present; zero experiment-ready player/feature rows,authority is limited to the artifact's documented scope,1.0.0
art_864fc2620846e1e8,markdown/text,PRE_DRAFT_TO_MULTI_YEAR_LEGACY,SUPPORTING_EVIDENCE,,LIVE_HQ,loc_ce33b154e6da970d80f32260,,,,false,true,NO_DUPLICATE_FLAG,NOT_SUPERSEDED,SEPARATE_LEDGER_CONTROLS,REGISTERED_METADATA_ONLY,SOURCE_INVENTORY_SHA256_RECORDED,ec4034f68c6250370bd753ddf0181b7505cb29b639eb5b07f2f59c8401334c50,N/A,markdown/text,legacy baseline; superseded by June 29-30 review-only gates,legacy source/use claims are superseded; provider content and name-key joins are restricted,1.0.0
art_8687f8a32df1f38e,markdown/text,ROOKIE_SEASON_AND_MULTI_YEAR_OUTCOME,SUPPORTING_EVIDENCE,,LIVE_HQ,loc_bcf79e779107f998f10a1b3a,,,,false,true,NO_DUPLICATE_FLAG,NOT_SUPERSEDED,SEPARATE_LEDGER_CONTROLS,REGISTERED_METADATA_ONLY,SOURCE_INVENTORY_SHA256_RECORDED,1c0f89a108c7276e344728405a8e63240207d32dd58a02e2061ae82a8273b267,N/A,markdown/text,local run 2026-06-29; latest factual outcome season 2024,drafted-only; link availability differs from usable value availability; incomplete windows are censored,1.0.0
art_86b8bdc869b8e70d,evaluation_scope|comparison_candidate|evaluation_subject|target_season|position|record_type|top_k|population_rows|hits|predicted_top_k|actual_top_k|precision|recall|false_positives|severe_false_positives|false_negatives|severe_false_negatives|net_severe_misses|metric_status|unsupported_reason|canonical_definition,PROTECTED_FROZEN_GOVERNANCE,CANONICAL_REVIEW_ONLY,,LIVE_HQ,loc_9590a2bfb6587aaab6fc3ccc,,,,true,false,NO_DUPLICATE_FLAG,NOT_SUPERSEDED,SEPARATE_LEDGER_CONTROLS,REGISTERED_METADATA_ONLY,SOURCE_INVENTORY_SHA256_RECORDED,435d82e822a608505fd3d23c3aa0d95b26c65b820b8596cbe4805f2978dfeebb,847,evaluation_scope|comparison_candidate|evaluation_subject|target_season|position|record_type|top_k|population_rows|hits|predicted_top_k|actual_top_k|precision|recall|false_positives|severe_false_positives|false_negatives|severe_false_negatives|net_severe_misses|metric_status|unsupported_reason|canonical_definition,frozen 2026-07-10 before outcomes,authority is limited to the artifact's documented scope,1.0.0
art_86d07f597f23dc5d,nfl_player_id|gsis_id|player_stats_id|nwr_player_id|cfbd_player_id|player_name|position|rookie_class_year|draft_year|draft_round|draft_pick|drafted_team|college_team|scoring_mode|rookie_year_position_finish|year_2_position_finish|rookie_year_top_6_hit|rookie_year_top_12_hit|rookie_year_top_24_hit|rookie_year_top_36_hit|year_2_top_6_hit|year_2_top_12_hit|year_2_top_24_hit|year_2_top_36_hit|first_3y_top_6_hit|first_3y_top_12_hit|first_3y_top_24_hit|first_3y_top_36_hit|first_5y_top_6_hit|first_5y_top_12_hit|...(+11 columns),ROOKIE_SEASON_AND_MULTI_YEAR_OUTCOME,SUPPORTING_EVIDENCE,,LOCAL_ONLY,loc_e4b90349934da68a6d78c0db,,,,false,true,NO_DUPLICATE_FLAG,NOT_SUPERSEDED,SEPARATE_LEDGER_CONTROLS,REGISTERED_METADATA_ONLY,SOURCE_INVENTORY_SHA256_RECORDED,6db401e1cbaf9a611d53061046006d40600fae335dac512e23539391f2aabeac,919,nfl_player_id|gsis_id|player_stats_id|nwr_player_id|cfbd_player_id|player_name|position|rookie_class_year|draft_year|draft_round|draft_pick|drafted_team|college_team|scoring_mode|rookie_year_position_finish|year_2_position_finish|rookie_year_top_6_hit|rookie_year_top_12_hit|rookie_year_top_24_hit|rookie_year_top_36_hit|year_2_top_6_hit|year_2_top_12_hit|year_2_top_24_hit|year_2_top_36_hit|first_3y_top_6_hit|first_3y_top_12_hit|first_3y_top_24_hit|first_3y_top_36_hit|first_5y_top_6_hit|first_5y_top_12_hit|...(+11 columns),local run 2026-06-29; latest factual outcome season 2024,drafted-only; link availability differs from usable value availability; incomplete windows are censored; not tracked at live HQ HEAD,1.0.0
art_86d5d7e487111ae0,surface|tested_observation|reliability|manual_status|authoritative_status|reason,GOVERNANCE,SUPPORTING_EVIDENCE,,LIVE_HQ,loc_123b8ebdd9503830276889d8,,,,false,true,NO_DUPLICATE_FLAG,NOT_SUPERSEDED,SEPARATE_LEDGER_CONTROLS,REGISTERED_METADATA_ONLY,SOURCE_INVENTORY_SHA256_RECORDED,42eb23ecb2a0807a1e0275778ed5097a1c36c98cc1312f7f615f62e329aa1d72,10,surface|tested_observation|reliability|manual_status|authoritative_status|reason,canonical closeout at starting HEAD,authority is limited to the artifact's documented scope,1.0.0
art_86d75b0945045ce0,py,ROOKIE_SEASON_AND_MULTI_YEAR_OUTCOME,SUPPORTING_EVIDENCE,,LIVE_HQ,loc_8eb50e8e9d05e80143881d09,,,,false,true,NO_DUPLICATE_FLAG,NOT_SUPERSEDED,SEPARATE_LEDGER_CONTROLS,REGISTERED_METADATA_ONLY,SOURCE_INVENTORY_SHA256_RECORDED,6bbbc4b59ea4d727f8acc8ac7fc4d5631a70161f7be7cbd3241aa8914f2c3a89,N/A,py,local run 2026-06-29; latest factual outcome season 2024,drafted-only; link availability differs from usable value availability; incomplete windows are censored,1.0.0
art_86e91273edb14caa,evidence_lane|artifact_root|current_status|review_only|model_input_allowed|app_wiring_allowed|training_allowed|approved_by_human|source_truth_allowed|display_only_allowed|raw_data_tracked|known_blockers|next_gate|last_known_commit|notes,GOVERNANCE,CANONICAL_ADMITTED,,LIVE_HQ,loc_262004d2f9aae0b259e133db,,,,true,false,NO_DUPLICATE_FLAG,NOT_SUPERSEDED,SEPARATE_LEDGER_CONTROLS,REGISTERED_METADATA_ONLY,SOURCE_INVENTORY_SHA256_RECORDED,bb35f8fe6c0a5bdeaf1552aacff5e90e9951c9cf1ef1cb7b96cb9c8144d0f295,16,evidence_lane|artifact_root|current_status|review_only|model_input_allowed|app_wiring_allowed|training_allowed|approved_by_human|source_truth_allowed|display_only_allowed|raw_data_tracked|known_blockers|next_gate|last_known_commit|notes,versioned policy snapshot,authority is limited to the artifact's documented scope,1.0.0
art_8759e1af2a7da1e1,markdown/text,ROOKIE_SEASON_AND_MULTI_YEAR_OUTCOME,SUPPORTING_EVIDENCE,,LOCAL_ONLY,loc_0b064a3905ba875af9a50dda,,,,false,true,NO_DUPLICATE_FLAG,NOT_SUPERSEDED,SEPARATE_LEDGER_CONTROLS,REGISTERED_METADATA_ONLY,SOURCE_INVENTORY_SHA256_RECORDED,d7788e6ee77f23e7742ab8778b82dbc157af1e208571a0da5426f6b39e8e5108,N/A,markdown/text,packet-specific 2026 receipts,not tracked at live HQ HEAD,1.0.0
art_875b8f9e0963ac6d,issue_id|page_or_area|severity|issue_type|description|evidence|recommended_fix|blocks_release|notes,PRODUCT_CONSUMER,SUPPORTING_EVIDENCE,,LIVE_HQ,loc_586d823445c6b9b16d802d6e,,,,false,true,NO_DUPLICATE_FLAG,NOT_SUPERSEDED,SEPARATE_LEDGER_CONTROLS,REGISTERED_METADATA_ONLY,SOURCE_INVENTORY_SHA256_RECORDED,0297bf71491eab59f7c170f9bc420027875f6c343e4a7fc1b5f19cd0d20fbb46,3,issue_id|page_or_area|severity|issue_type|description|evidence|recommended_fix|blocks_release|notes,live HQ at starting commit,authority is limited to the artifact's documented scope,1.0.0
art_87976c844ac768bb,py,PROTECTED_FROZEN_GOVERNANCE,CANONICAL_REVIEW_ONLY,,LIVE_HQ,loc_735525e07f1a5be4ea70ad4a,,,,true,false,NO_DUPLICATE_FLAG,NOT_SUPERSEDED,SEPARATE_LEDGER_CONTROLS,REGISTERED_METADATA_ONLY,SOURCE_INVENTORY_SHA256_RECORDED,6e55007d5a6e5353388945971de2c268b44801b0bbb71b27303c71da42af3961,N/A,py,frozen 2026-07-10 before outcomes,authority is limited to the artifact's documented scope,1.0.0
art_87a72639a649db70,comparison|join_basis|player_id|player_name_review|position|left_rank|right_rank|absolute_rank_delta|left_score|right_score|classification|identity_caveat,PROTECTED_FROZEN_GOVERNANCE,CANONICAL_REVIEW_ONLY,,LIVE_HQ,loc_ead2df68fbccd7154be3d0fb,,,,true,false,NO_DUPLICATE_FLAG,NOT_SUPERSEDED,SEPARATE_LEDGER_CONTROLS,REGISTERED_METADATA_ONLY,SOURCE_INVENTORY_SHA256_RECORDED,4ac45bb7f84be06f22457fe4e7b52bb20a46df9ddac7c43797b6e6bbd39203a7,300,comparison|join_basis|player_id|player_name_review|position|left_rank|right_rank|absolute_rank_delta|left_score|right_score|classification|identity_caveat,frozen 2026-07-10 before outcomes,authority is limited to the artifact's documented scope,1.0.0
art_87ca17ba5a6205b0,markdown/text,CROSS_LIFECYCLE_IDENTITY,IDENTITY_UNRESOLVED,,LIVE_HQ,loc_ffe608bceaf8840fe8e97673,,,,false,true,NO_DUPLICATE_FLAG,NOT_SUPERSEDED,SEPARATE_LEDGER_CONTROLS,REGISTERED_METADATA_ONLY,SOURCE_INVENTORY_SHA256_RECORDED,b34f79ef56dc3e3dd7c2765463adefc83f01f5bf6cff9c9dddbf2dac90439a13,N/A,markdown/text,2026-06-26 to 2026-06-29 review snapshots,human review approval is review-only; normalized name/position is not controlling identity,1.0.0
art_87d7930128092253,markdown/text,ROOKIE_SEASON_AND_MULTI_YEAR_OUTCOME,SUPPORTING_EVIDENCE,,LIVE_HQ,loc_abdaa5cad2bbeeac97612aa0,,,,false,true,NO_DUPLICATE_FLAG,NOT_SUPERSEDED,SEPARATE_LEDGER_CONTROLS,REGISTERED_METADATA_ONLY,SOURCE_INVENTORY_SHA256_RECORDED,a66675dec6e0da685d286d457ac72c76a6a022b283aa593174d260b1f5128d30,N/A,markdown/text,packet-specific immutable runs; some local receipts only,multiple scoring/rank systems conflict; position-threshold applicability must be explicit,1.0.0
art_87fe423d831940ef,py,CROSS_LIFECYCLE,SUPPORTING_EVIDENCE,,LIVE_HQ,loc_78aa0f2b5ff2972cc56cc406,,,,false,true,NO_DUPLICATE_FLAG,NOT_SUPERSEDED,SEPARATE_LEDGER_CONTROLS,REGISTERED_METADATA_ONLY,SOURCE_INVENTORY_SHA256_RECORDED,9fcf3fc1f664d1b33e3b2aa1e75bed19f5b388d576473245145f5b51522b5cc1,N/A,py,packet-specific snapshot,authority is limited to the artifact's documented scope,1.0.0
art_889570f9ae82bdb7,markdown/text,ROOKIE_SEASON_AND_MULTI_YEAR_OUTCOME,SUPPORTING_EVIDENCE,,LIVE_HQ,loc_60ac74e12a5b17dc52059d19,,,,false,true,NO_DUPLICATE_FLAG,NOT_SUPERSEDED,SEPARATE_LEDGER_CONTROLS,REGISTERED_METADATA_ONLY,SOURCE_INVENTORY_SHA256_RECORDED,ad0a3d8ab45d2fbb6ef33801ac86a4649f63e0e94a10db7215f833ac39b0efa4,N/A,markdown/text,packet-specific immutable runs; some local receipts only,multiple scoring/rank systems conflict; position-threshold applicability must be explicit,1.0.0
art_88a5762bb795b369,markdown/text,PRODUCT_CONSUMER,SUPPORTING_EVIDENCE,,LIVE_HQ,loc_5e886606cfde173e29a81ce6,,,,false,true,NO_DUPLICATE_FLAG,NOT_SUPERSEDED,SEPARATE_LEDGER_CONTROLS,REGISTERED_METADATA_ONLY,SOURCE_INVENTORY_SHA256_RECORDED,c0a124cfb71925ed165ce1b373d44315bd73da36db70701359e7aab89038fbba,N/A,markdown/text,live HQ at starting commit,authority is limited to the artifact's documented scope,1.0.0
art_88e7ffbdb525795e,markdown/text,CROSS_LIFECYCLE_IDENTITY,IDENTITY_UNRESOLVED,,LIVE_HQ,loc_a340b056fc0df8a2f178667a,,,,false,true,NO_DUPLICATE_FLAG,NOT_SUPERSEDED,SEPARATE_LEDGER_CONTROLS,REGISTERED_METADATA_ONLY,SOURCE_INVENTORY_SHA256_RECORDED,2d1c6d0d9a6e2cc2186cac666138bbf03dc3475e1ea4217898e91a49b158921a,N/A,markdown/text,2026-06-26 to 2026-06-29 review snapshots,human review approval is review-only; normalized name/position is not controlling identity,1.0.0
art_890dcb08057e3b55,markdown/text,LATER_OUTCOME_RESEARCH,SUPPORTING_EVIDENCE,,LIVE_HQ,loc_2a42be292ed2a8d2eec8e5e7,,,,false,true,NO_DUPLICATE_FLAG,NOT_SUPERSEDED,SEPARATE_LEDGER_CONTROLS,REGISTERED_METADATA_ONLY,SOURCE_INVENTORY_SHA256_RECORDED,d9c9b92ffd5b0e05cdfad499d94124e2f015cabf47a823fb42f1cdef357496f0,N/A,markdown/text,versioned June-July 2026 review snapshots,review-only; formula work paused; current proxy/zero encodings cannot become evidence truth; retain scoring/window semantics,1.0.0
art_89314d1389333034,run_id|run_timestamp|artifact|source|rows|output_path|review_only|display_only|model_use_allowed|training_allowed|rankings_wiring_allowed|notes,DRAFT_EVENT_AND_POST_DRAFT_PRESEASON,SUPERSEDED,,LOCAL_ONLY,loc_35b2f5ae685df6f92fd2f522,,,,false,true,NO_DUPLICATE_FLAG,SUPERSEDED_RECORDED,SEPARATE_LEDGER_CONTROLS,REGISTERED_METADATA_ONLY,SOURCE_INVENTORY_SHA256_RECORDED,46fa1552959dee2ef4b255c6588430aa07f6a543883bf3d1f36e7cfcd165d833,3,run_id|run_timestamp|artifact|source|rows|output_path|review_only|display_only|model_use_allowed|training_allowed|rankings_wiring_allowed|notes,June 29-30 2026; no uniform row-level source timestamp,published counts may be duplicate-inflated; three distinct current records have no stable candidate ID; not tracked at live HQ HEAD,1.0.0
art_896d280f952bf10b,markdown/text,DRAFT_EVENT,SUPPORTING_EVIDENCE,,LIVE_HQ,loc_bfcbe840693a65cb0104b697,,,,false,true,NO_DUPLICATE_FLAG,NOT_SUPERSEDED,SEPARATE_LEDGER_CONTROLS,REGISTERED_METADATA_ONLY,SOURCE_INVENTORY_SHA256_RECORDED,ca46000cb21e7ebdd017323c55d2c24608266ab397c6e7333d5ba01247457bfb,N/A,markdown/text,June 30 2026 packet snapshots,likely/confirmed-review-only must not be treated as verified undrafted truth,1.0.0
art_89858a7ab23bac81,markdown/text,DRAFT_EVENT,SUPPORTING_EVIDENCE,,LIVE_HQ,loc_333bbabd18f4ddaebb055d58,,,,false,true,NO_DUPLICATE_FLAG,NOT_SUPERSEDED,SEPARATE_LEDGER_CONTROLS,REGISTERED_METADATA_ONLY,SOURCE_INVENTORY_SHA256_RECORDED,1c10b32cee60b418e305a41f6f7d1e6f30a4311736ac1ab5b066cd2cf40abf85,N/A,markdown/text,static completed draft events; source timestamps/receipt IDs incomplete in several derivatives,positive draft facts only; missing draft evidence remains unknown; current name+position joins are review-only,1.0.0
art_89bb372cf213d02c,context_group|artifact_field|display_label|source_dataset|display_rule|deferred_or_blocked_rule,PRODUCT_CONSUMER,SUPPORTING_EVIDENCE,,LIVE_HQ,loc_552faf274b9a3ab4ec9ca498,,,,false,true,NO_DUPLICATE_FLAG,NOT_SUPERSEDED,SEPARATE_LEDGER_CONTROLS,REGISTERED_METADATA_ONLY,SOURCE_INVENTORY_SHA256_RECORDED,cc6212f0d6b40a41284516919f61425542a7167db2f45b3e69ec380a1d7aa749,31,context_group|artifact_field|display_label|source_dataset|display_rule|deferred_or_blocked_rule,live HQ at starting commit,authority is limited to the artifact's documented scope,1.0.0
art_89e573e51bc2682f,markdown/text,GOVERNANCE,SUPPORTING_EVIDENCE,,LIVE_HQ,loc_8c16820aacbc1948340ec015,,,,false,true,NO_DUPLICATE_FLAG,NOT_SUPERSEDED,SEPARATE_LEDGER_CONTROLS,REGISTERED_METADATA_ONLY,SOURCE_INVENTORY_SHA256_RECORDED,b241e6167177c4ce0257799ceee3a303cdd3f1d1527040e1057355a7f8293b9e,N/A,markdown/text,canonical closeout at starting HEAD,authority is limited to the artifact's documented scope,1.0.0
art_89e9197e9390428a,py,LATER_OUTCOME_RESEARCH,SUPPORTING_EVIDENCE,,LIVE_HQ,loc_f4cd577ed9870b6e3bb05ce9,,,,false,true,NO_DUPLICATE_FLAG,NOT_SUPERSEDED,SEPARATE_LEDGER_CONTROLS,REGISTERED_METADATA_ONLY,SOURCE_INVENTORY_SHA256_RECORDED,e0bf976bffdebdab4fd3643372fa5735eee0610b694ab2567e6391017fa834a9,N/A,py,July 9 2026 research snapshots,authority is limited to the artifact's documented scope,1.0.0
art_89f066719609cde2,markdown/text,LATER_OUTCOME_RESEARCH,SUPPORTING_EVIDENCE,,LIVE_HQ,loc_d3ac14a20c4c718a7d1274d0,,,,false,true,NO_DUPLICATE_FLAG,NOT_SUPERSEDED,SEPARATE_LEDGER_CONTROLS,REGISTERED_METADATA_ONLY,SOURCE_INVENTORY_SHA256_RECORDED,74390ff25dfabc1e2e23ccb60f6a4e253fe45a5ec5394c7e32c4fcf89a8df81a,N/A,markdown/text,July 9 2026 research snapshots,authority is limited to the artifact's documented scope,1.0.0
art_8ab6c5d3d653ad22,markdown/text,ROOKIE_SEASON_AND_MULTI_YEAR_OUTCOME,SUPPORTING_EVIDENCE,,LIVE_HQ,loc_043f6f09bd07a7c3a7e49b8c,,,,false,true,NO_DUPLICATE_FLAG,NOT_SUPERSEDED,SEPARATE_LEDGER_CONTROLS,REGISTERED_METADATA_ONLY,SOURCE_INVENTORY_SHA256_RECORDED,87f55f4a643c8dc9a036618e5b0a0e7f1b794238bf70f43d2508de6075d4885e,N/A,markdown/text,packet-specific immutable runs; some local receipts only,multiple scoring/rank systems conflict; position-threshold applicability must be explicit,1.0.0
art_8acbbfafe71f8d32,receipt_row_id|source_candidate|source_path|row_count|sha256|seasons_covered|positions_covered|label_families|identity_columns_present|hit_status_present|censoring_status_present|review_use_allowed|label_truth_allowed|model_use_allowed|training_allowed|source_truth_allowed|compact_tracking_allowed|blocker_reason|notes,ROOKIE_SEASON_AND_MULTI_YEAR_OUTCOME,SUPPORTING_EVIDENCE,,LIVE_HQ,loc_12d653ceba6901c89a724b00,,,,false,true,NO_DUPLICATE_FLAG,NOT_SUPERSEDED,SEPARATE_LEDGER_CONTROLS,REGISTERED_METADATA_ONLY,SOURCE_INVENTORY_SHA256_RECORDED,8d174f9568ae08aa503f047f7560983f2c3e20ff8b10d654a8dfe9f1851e5060,9,receipt_row_id|source_candidate|source_path|row_count|sha256|seasons_covered|positions_covered|label_families|identity_columns_present|hit_status_present|censoring_status_present|review_use_allowed|label_truth_allowed|model_use_allowed|training_allowed|source_truth_allowed|compact_tracking_allowed|blocker_reason|notes,packet-specific immutable runs; some local receipts only,multiple scoring/rank systems conflict; position-threshold applicability must be explicit,1.0.0
art_8adef9e83dba617e,field_name|total_rows|available_rows|missing_rows|coverage_pct|notes|review_only|model_use_allowed|training_allowed,DRAFT_EVENT,SUPERSEDED,,LIVE_HQ,loc_11e152f38a71d6f29f186193,,,,false,true,NO_DUPLICATE_FLAG,SUPERSEDED_RECORDED,SEPARATE_LEDGER_CONTROLS,REGISTERED_METADATA_ONLY,SOURCE_INVENTORY_SHA256_RECORDED,146e23bdb48b63d3f911115751fd36a30721cc06c16c9bc7216512ad7dd2762f,8,field_name|total_rows|available_rows|missing_rows|coverage_pct|notes|review_only|model_use_allowed|training_allowed,static completed draft events; source timestamps/receipt IDs incomplete in several derivatives,positive draft facts only; missing draft evidence remains unknown; current name+position joins are review-only,1.0.0
art_8af6c423cd84ba94,markdown/text,ROOKIE_SEASON_AND_MULTI_YEAR_OUTCOME,SUPPORTING_EVIDENCE,,LIVE_HQ,loc_2c7df6eefe072678b5f4aee5,,,,false,true,NO_DUPLICATE_FLAG,NOT_SUPERSEDED,SEPARATE_LEDGER_CONTROLS,REGISTERED_METADATA_ONLY,SOURCE_INVENTORY_SHA256_RECORDED,d351bc45efc4db4065824f921013ddb38ed0199be64f67d79e970a4be4c7e820,N/A,markdown/text,packet-specific immutable runs; some local receipts only,multiple scoring/rank systems conflict; position-threshold applicability must be explicit,1.0.0
art_8b09c89d2508000d,artifact|path|rows|sha256|created_at|decision|source_stats_path|source_manifest_path|identity_bridge_path|validation_results_path|display_only|model_use_allowed|source_truth_allowed|training_allowed,ROOKIE_SEASON_AND_MULTI_YEAR_OUTCOME,SUPPORTING_EVIDENCE,,LOCAL_ONLY,loc_4df7b1a6f0e199b4a595d69e,,,,false,true,NO_DUPLICATE_FLAG,NOT_SUPERSEDED,SEPARATE_LEDGER_CONTROLS,REGISTERED_METADATA_ONLY,SOURCE_INVENTORY_SHA256_RECORDED,d6192f452f0b6b9bc1a236bb65f03df27c74ee608169ecd64c67b9da66b4c804,1,artifact|path|rows|sha256|created_at|decision|source_stats_path|source_manifest_path|identity_bridge_path|validation_results_path|display_only|model_use_allowed|source_truth_allowed|training_allowed,packet-specific immutable runs; some local receipts only,multiple scoring/rank systems conflict; position-threshold applicability must be explicit; not tracked at live HQ HEAD,1.0.0
art_8b9461819e9888de,field_id|position|threshold|horizon|profile_bucket|train_rows|train_positives|probability|baseline_probability,ROOKIE_SEASON_AND_MULTI_YEAR_OUTCOME,SUPPORTING_EVIDENCE,,LOCAL_ONLY,loc_d2486a5bf7d9e5e003109e8d,,,,false,true,NO_DUPLICATE_FLAG,NOT_SUPERSEDED,SEPARATE_LEDGER_CONTROLS,REGISTERED_METADATA_ONLY,SOURCE_INVENTORY_SHA256_RECORDED,8b89509ec000651c2badb4af64c352c80b2b9df2b7341b6bbe8ef9196ce83c79,144,field_id|position|threshold|horizon|profile_bucket|train_rows|train_positives|probability|baseline_probability,packet-specific immutable runs; some local receipts only,multiple scoring/rank systems conflict; position-threshold applicability must be explicit; not tracked at live HQ HEAD,1.0.0
art_8be3de8dfacd318d,markdown/text,GOVERNANCE,CANONICAL_ADMITTED,,LIVE_HQ,loc_231b4a57c55011b7275eb82f,,,,true,false,NO_DUPLICATE_FLAG,NOT_SUPERSEDED,SEPARATE_LEDGER_CONTROLS,REGISTERED_METADATA_ONLY,SOURCE_INVENTORY_SHA256_RECORDED,e6462db7c47988e064729dca899ead025363b0f47819cc9635f8329943bf723c,N/A,markdown/text,versioned canonical packet,authority is limited to the artifact's documented scope,1.0.0
art_8becd34c423d8d0f,algorithm_id|family|algorithm_name|features_used|weights_or_feature_importance|leakage_safe_proof_notes|caveats,ROOKIE_SEASON_AND_MULTI_YEAR_OUTCOME,SUPPORTING_EVIDENCE,,LOCAL_ONLY,loc_bc86ed31919e59af43ddbe6f,,,,false,true,NO_DUPLICATE_FLAG,NOT_SUPERSEDED,SEPARATE_LEDGER_CONTROLS,REGISTERED_METADATA_ONLY,SOURCE_INVENTORY_SHA256_RECORDED,67d6e433c2be83b54e845fa5ad91d72745c832baad70f80afc8eecde3b1794c9,33,algorithm_id|family|algorithm_name|features_used|weights_or_feature_importance|leakage_safe_proof_notes|caveats,packet-specific 2026 receipts,not tracked at live HQ HEAD,1.0.0
art_8c28ec5de1de8a79,field_id|position|threshold|horizon|complete_label_rows|positive_label_count|negative_label_count|censored_or_missing_rows|anchor_seasons|complete_anchor_season_count|feasibility_status|reason|train_rows|train_positives|validation_rows|validation_positives|train_anchor_seasons|validation_anchor_seasons|baseline_probability|model_brier|baseline_brier|brier_delta_vs_baseline|weighted_calibration_abs_error|max_large_bucket_calibration_abs_error|calibration_status|validation_status|display_eligible|blocked_inputs_used|model_description|notes,ROOKIE_SEASON_AND_MULTI_YEAR_OUTCOME,SUPPORTING_EVIDENCE,,LOCAL_ONLY,loc_30984ba9cca2c824616d112c,,,,false,true,NO_DUPLICATE_FLAG,NOT_SUPERSEDED,SEPARATE_LEDGER_CONTROLS,REGISTERED_METADATA_ONLY,SOURCE_INVENTORY_SHA256_RECORDED,02e7e1eaed268930082c0a5668f3d7c6a391adbe34bef63f982c2d7b5c663d5d,36,field_id|position|threshold|horizon|complete_label_rows|positive_label_count|negative_label_count|censored_or_missing_rows|anchor_seasons|complete_anchor_season_count|feasibility_status|reason|train_rows|train_positives|validation_rows|validation_positives|train_anchor_seasons|validation_anchor_seasons|baseline_probability|model_brier|baseline_brier|brier_delta_vs_baseline|weighted_calibration_abs_error|max_large_bucket_calibration_abs_error|calibration_status|validation_status|display_eligible|blocked_inputs_used|model_description|notes,packet-specific immutable runs; some local receipts only,multiple scoring/rank systems conflict; position-threshold applicability must be explicit; not tracked at live HQ HEAD,1.0.0
art_8c91ba972ac2ba03,player_id|player_name|position|team|rookie_class_year|draft_year|draft_round|draft_pick|draft_capital_bucket|identity_status|draft_capital_status|feature_coverage_status|model_rd_status|validation_status|display_status|data_quality_status|source_provenance_status|rookie_year_top_12_review_display_rate|rookie_year_top_24_review_display_rate|rookie_year_top_36_review_display_rate|year_2_top_12_review_display_rate|year_2_top_24_review_display_rate|year_2_top_36_review_display_rate|first_3y_top_12_review_display_rate|first_3y_top_24_review_display_rate|first_3y_top_36_review_display_rate|first_5y_top_12_review_display_rate|first_5y_top_24_review_display_rate|first_5y_top_36_review_display_rate|display_field_count|...(+8 columns),PRE_DRAFT,DUPLICATE_EQUIVALENT,,LIVE_HQ,loc_110097058d15fee2d4e07770,,,,false,true,DUPLICATE_RECORDED,SUPERSEDED_RECORDED,SEPARATE_LEDGER_CONTROLS,REGISTERED_METADATA_ONLY,SOURCE_INVENTORY_SHA256_RECORDED,8ba2b094dd8ec60a6e204940f491912368555df2fa4e3a711426e3626e72f33d,157,player_id|player_name|position|team|rookie_class_year|draft_year|draft_round|draft_pick|draft_capital_bucket|identity_status|draft_capital_status|feature_coverage_status|model_rd_status|validation_status|display_status|data_quality_status|source_provenance_status|rookie_year_top_12_review_display_rate|rookie_year_top_24_review_display_rate|rookie_year_top_36_review_display_rate|year_2_top_12_review_display_rate|year_2_top_24_review_display_rate|year_2_top_36_review_display_rate|first_3y_top_12_review_display_rate|first_3y_top_24_review_display_rate|first_3y_top_36_review_display_rate|first_5y_top_12_review_display_rate|first_5y_top_24_review_display_rate|first_5y_top_36_review_display_rate|display_field_count|...(+8 columns),June 30 2026; measurement source timestamp incomplete,contains 50 exact duplicate row groups / 50 excess rows; no dedup performed,1.0.0
art_8c91cd73030c3dda,nwr_player_id|sleeper_id|gsis_id|player_name|position|team|eligibility_status|feature_coverage_status|injury_context_available|most_recent_injury_context_season|prior_season_injury_context_available|prior_season_injury_report_weeks|prior_season_out_or_doubtful_weeks|prior_season_questionable_weeks|missed_prior_season_context_flag|limited_recent_sample|last_materially_active_season|seasons_since_material_activity|availability_caveat|not_enough_information_reason|injury_context_source_status|injury_context_review_only|injury_used_as_model_input|medical_projection_made,ROOKIE_SEASON_AND_MULTI_YEAR_OUTCOME,SUPPORTING_EVIDENCE,,LOCAL_ONLY,loc_9b8a214ee279f0cea64dabfb,,,,false,true,NO_DUPLICATE_FLAG,NOT_SUPERSEDED,SEPARATE_LEDGER_CONTROLS,REGISTERED_METADATA_ONLY,SOURCE_INVENTORY_SHA256_RECORDED,52bb7fd74ec140189f32223053fca58cf4c0d9ed8c0c8efab8e17b30271778b5,240,nwr_player_id|sleeper_id|gsis_id|player_name|position|team|eligibility_status|feature_coverage_status|injury_context_available|most_recent_injury_context_season|prior_season_injury_context_available|prior_season_injury_report_weeks|prior_season_out_or_doubtful_weeks|prior_season_questionable_weeks|missed_prior_season_context_flag|limited_recent_sample|last_materially_active_season|seasons_since_material_activity|availability_caveat|not_enough_information_reason|injury_context_source_status|injury_context_review_only|injury_used_as_model_input|medical_projection_made,packet-specific immutable runs; some local receipts only,multiple scoring/rank systems conflict; position-threshold applicability must be explicit; not tracked at live HQ HEAD,1.0.0
art_8c941b96e96b77e6,player_name|position|draft_year|draft_round|overall_pick|drafted_team|college|pfr_id|gsis_id|cfb_id|has_combine_row|has_ff_playerids_crosswalk|admission_status|blocker_reason|review_only|model_use_allowed|training_allowed,DRAFT_EVENT,SUPPORTING_EVIDENCE,,LIVE_HQ,loc_b1f86e5c42807b23a0421752,,,,false,true,NO_DUPLICATE_FLAG,NOT_SUPERSEDED,SEPARATE_LEDGER_CONTROLS,REGISTERED_METADATA_ONLY,SOURCE_INVENTORY_SHA256_RECORDED,a342d5559aa18af0c6a69f4015ccd577dc4f14c80f738538b72e68c1b9c23024,1999,player_name|position|draft_year|draft_round|overall_pick|drafted_team|college|pfr_id|gsis_id|cfb_id|has_combine_row|has_ff_playerids_crosswalk|admission_status|blocker_reason|review_only|model_use_allowed|training_allowed,static completed draft events; source timestamps/receipt IDs incomplete in several derivatives,positive draft facts only; missing draft evidence remains unknown; current name+position joins are review-only,1.0.0
art_8c95f9d80e0443ed,feature_family|source_artifact|current_display_status|current_safe_rows|gated_rows|outcome_policy_classification|rookie_policy_classification|allowed_for_display_now|allowed_for_model_now|allowed_for_training_now|allowed_for_source_truth_now|leakage_risk|missingness_rule|required_next_gate|notes,ROOKIE_SEASON_AND_MULTI_YEAR_OUTCOME,SUPPORTING_EVIDENCE,,LIVE_HQ,loc_525b6f6955d3c6eef936fed1,,,,false,true,NO_DUPLICATE_FLAG,NOT_SUPERSEDED,SEPARATE_LEDGER_CONTROLS,REGISTERED_METADATA_ONLY,SOURCE_INVENTORY_SHA256_RECORDED,5fb54e85357fc494754eea5ae38a13f5efce9bbdde898bfcc94ec3390ebdb7b3,18,feature_family|source_artifact|current_display_status|current_safe_rows|gated_rows|outcome_policy_classification|rookie_policy_classification|allowed_for_display_now|allowed_for_model_now|allowed_for_training_now|allowed_for_source_truth_now|leakage_risk|missingness_rule|required_next_gate|notes,packet-specific immutable runs; some local receipts only,multiple scoring/rank systems conflict; position-threshold applicability must be explicit,1.0.0
art_8ce38b27c0ed38d1,py,CROSS_LIFECYCLE,SUPPORTING_EVIDENCE,,LIVE_HQ,loc_ff502654613d0184b3f8b258,,,,false,true,NO_DUPLICATE_FLAG,NOT_SUPERSEDED,SEPARATE_LEDGER_CONTROLS,REGISTERED_METADATA_ONLY,SOURCE_INVENTORY_SHA256_RECORDED,2550bb31256b04a0adf079da0d5c0f73789cc92a124941ef810c9c0600e5e44c,N/A,py,packet-specific snapshot,authority is limited to the artifact's documented scope,1.0.0
art_8d200c3edaae4dfe,markdown/text,ROOKIE_SEASON_AND_MULTI_YEAR_OUTCOME,SUPPORTING_EVIDENCE,,LIVE_HQ,loc_78a951528e0b2d38ec735a1f,,,,false,true,NO_DUPLICATE_FLAG,NOT_SUPERSEDED,SEPARATE_LEDGER_CONTROLS,REGISTERED_METADATA_ONLY,SOURCE_INVENTORY_SHA256_RECORDED,3a131cd38a67a58ca309c9eab6f466431af972209afac543cefed18774ec28ff,N/A,markdown/text,packet-specific immutable runs; some local receipts only,multiple scoring/rank systems conflict; position-threshold applicability must be explicit,1.0.0
art_8d509c692d265b04,markdown/text,PRE_DRAFT_TO_MULTI_YEAR_LEGACY,SUPPORTING_EVIDENCE,,LIVE_HQ,loc_3d7ae4efcc90a739f6b6b9cb,,,,false,true,NO_DUPLICATE_FLAG,NOT_SUPERSEDED,SEPARATE_LEDGER_CONTROLS,REGISTERED_METADATA_ONLY,SOURCE_INVENTORY_SHA256_RECORDED,5a25e4fd3fe489f44250a3bed7b850c44a361767f1349e24782732722880476c,N/A,markdown/text,legacy baseline; superseded by June 29-30 review-only gates,legacy source/use claims are superseded; provider content and name-key joins are restricted,1.0.0
art_8e46ac5b45b59f68,markdown/text,ROOKIE_SEASON_AND_MULTI_YEAR_OUTCOME,SUPPORTING_EVIDENCE,,LIVE_HQ,loc_8f930287cb2addc4da7a69d9,,,,false,true,NO_DUPLICATE_FLAG,NOT_SUPERSEDED,SEPARATE_LEDGER_CONTROLS,REGISTERED_METADATA_ONLY,SOURCE_INVENTORY_SHA256_RECORDED,7d8e17c25b2d37bce452e7961459e382bca3d542d4f1a89a30ad0576786b4c20,N/A,markdown/text,packet-specific immutable runs; some local receipts only,multiple scoring/rank systems conflict; position-threshold applicability must be explicit,1.0.0
art_8e62302c7ae19b81,research_component|completed_evidence|canonical_conclusion|recreate_status|reentry_rule,GOVERNANCE,SUPPORTING_EVIDENCE,,LIVE_HQ,loc_cbd94513cd4aac7b3b336561,,,,false,true,NO_DUPLICATE_FLAG,NOT_SUPERSEDED,SEPARATE_LEDGER_CONTROLS,REGISTERED_METADATA_ONLY,SOURCE_INVENTORY_SHA256_RECORDED,fff804ed4d9b8b4e098241c30e09f92b440f277d505b16ec89f489213df8696c,8,research_component|completed_evidence|canonical_conclusion|recreate_status|reentry_rule,canonical closeout at starting HEAD,authority is limited to the artifact's documented scope,1.0.0
art_8e638f54b438c7a1,candidate_id|canonical_role|source_rule_family|preserved_status|best_reference|window|net_miss_reduction|misses_resolved|new_misses_created|false_negative_impact|false_positive_impact|spearman_impact|future_use_status|blocked_use_status,LATER_OUTCOME_RESEARCH,SUPPORTING_EVIDENCE,,LIVE_HQ,loc_04233eb74ad7b1fb685091b7,,,,false,true,NO_DUPLICATE_FLAG,NOT_SUPERSEDED,SEPARATE_LEDGER_CONTROLS,REGISTERED_METADATA_ONLY,SOURCE_INVENTORY_SHA256_RECORDED,fae8b2c719e7fcd722cbd384d949ee9fb2bfe1a311df57537819960068ee1511,4,candidate_id|canonical_role|source_rule_family|preserved_status|best_reference|window|net_miss_reduction|misses_resolved|new_misses_created|false_negative_impact|false_positive_impact|spearman_impact|future_use_status|blocked_use_status,July 9 2026 research snapshots,authority is limited to the artifact's documented scope,1.0.0
art_8e7dd7809894cd57,py,CROSS_LIFECYCLE,SUPPORTING_EVIDENCE,,LIVE_HQ,loc_2a2df9813e7e3e74a93c5400,,,,false,true,NO_DUPLICATE_FLAG,NOT_SUPERSEDED,SEPARATE_LEDGER_CONTROLS,REGISTERED_METADATA_ONLY,SOURCE_INVENTORY_SHA256_RECORDED,0e04c82968cac847e754aff33d945d39ce733fd81fa5703355f7cc891221ef71,N/A,py,packet-specific snapshot,authority is limited to the artifact's documented scope,1.0.0
art_8e8bc105043f8837,markdown/text,ROOKIE_SEASON_AND_MULTI_YEAR_OUTCOME,SUPPORTING_EVIDENCE,,LIVE_HQ,loc_5b3433810ccbd5dcd9e5cdf5,,,,false,true,NO_DUPLICATE_FLAG,NOT_SUPERSEDED,SEPARATE_LEDGER_CONTROLS,REGISTERED_METADATA_ONLY,SOURCE_INVENTORY_SHA256_RECORDED,5eb9cb78b72ce1f14d275e8b9b38688f7178bec6dedd53402bf99c603e08558f,N/A,markdown/text,packet-specific immutable runs; some local receipts only,multiple scoring/rank systems conflict; position-threshold applicability must be explicit,1.0.0
art_8ea75b5865337645,markdown/text,PROTECTED_FROZEN_GOVERNANCE,CANONICAL_REVIEW_ONLY,,LIVE_HQ,loc_d7e1c20cbeca6fc875db48ef,,,,true,false,NO_DUPLICATE_FLAG,NOT_SUPERSEDED,SEPARATE_LEDGER_CONTROLS,REGISTERED_METADATA_ONLY,SOURCE_INVENTORY_SHA256_RECORDED,d6402efbc3eec4a71dbfa4ba4f32ae439bcc5902606317950741d6d1a52ea31b,N/A,markdown/text,frozen 2026-07-10 before outcomes,authority is limited to the artifact's documented scope,1.0.0
art_8ebcef88e3ac12f2,markdown/text,PRE_DRAFT_AND_TIMING_GOVERNANCE,SUPPORTING_EVIDENCE,,LIVE_HQ,loc_3c976801635ad67b5740ee00,,,,false,true,NO_DUPLICATE_FLAG,NOT_SUPERSEDED,SEPARATE_LEDGER_CONTROLS,REGISTERED_METADATA_ONLY,SOURCE_INVENTORY_SHA256_RECORDED,6889d764341329c4caaced436e598aa06d92db68cbef8e65f30d66eeed373ab5,N/A,markdown/text,as-of policy present; zero experiment-ready player/feature rows,authority is limited to the artifact's documented scope,1.0.0
art_8ecb19a1bc1c0f3d,markdown/text,GOVERNANCE,CANONICAL_ADMITTED,,LIVE_HQ,loc_0896a1e60b2c2a3088ea9fec,,,,true,false,NO_DUPLICATE_FLAG,NOT_SUPERSEDED,SEPARATE_LEDGER_CONTROLS,REGISTERED_METADATA_ONLY,SOURCE_INVENTORY_SHA256_RECORDED,3824e239cac60445843fd100baf549843bfaecb2056496a5376bab88955d97a2,N/A,markdown/text,versioned policy snapshot,authority is limited to the artifact's documented scope,1.0.0
art_8ecb88d35efa842a,source_path|file_folder_name|source_family|raw_vs_derived|row_grain|file_size|sha256|row_count|columns|seasons_or_draft_years_covered|player_id_fields|player_name_fields|position_fields|team_fields|draft_year_round_pick_fields|entry_status_fields|combine_prospect_fields|source_use_gate_status|identity_risk|asof_leakage_risk|safe_for_review_only_formula_mart_sidecar|blocked_or_parked|classification_evidence|next_action,DRAFT_EVENT,SUPPORTING_EVIDENCE,,LIVE_HQ,loc_e931daef52ef946edca6e054,,,,false,true,NO_DUPLICATE_FLAG,NOT_SUPERSEDED,SEPARATE_LEDGER_CONTROLS,REGISTERED_METADATA_ONLY,SOURCE_INVENTORY_SHA256_RECORDED,4b143853baee1a29994c95fb96303487abdfa952f082f3ff66d8a3472b9baeda,11,source_path|file_folder_name|source_family|raw_vs_derived|row_grain|file_size|sha256|row_count|columns|seasons_or_draft_years_covered|player_id_fields|player_name_fields|position_fields|team_fields|draft_year_round_pick_fields|entry_status_fields|combine_prospect_fields|source_use_gate_status|identity_risk|asof_leakage_risk|safe_for_review_only_formula_mart_sidecar|blocked_or_parked|classification_evidence|next_action,static completed draft events; source timestamps/receipt IDs incomplete in several derivatives,positive draft facts only; missing draft evidence remains unknown; current name+position joins are review-only,1.0.0
art_8ed75d32841675ec,priority_bucket|priority_reason|cfbd_player_id|cfbd_player_name|cfbd_college_team|cfbd_position|cfbd_season|production_context_available|recruiting_context_available|needs_identity_source|recommended_review_action|model_use_allowed|training_allowed|review_required,CROSS_LIFECYCLE_IDENTITY,IDENTITY_UNRESOLVED,,LIVE_HQ,loc_11ac15325d1e14422db28112,,,,false,true,NO_DUPLICATE_FLAG,NOT_SUPERSEDED,SEPARATE_LEDGER_CONTROLS,REGISTERED_METADATA_ONLY,SOURCE_INVENTORY_SHA256_RECORDED,9c4256b339a62ecc445bdb2b6bebc97ab6447cbb1680d2e2d4d2c4a92bc0a7bb,31614,priority_bucket|priority_reason|cfbd_player_id|cfbd_player_name|cfbd_college_team|cfbd_position|cfbd_season|production_context_available|recruiting_context_available|needs_identity_source|recommended_review_action|model_use_allowed|training_allowed|review_required,2026-06-26 to 2026-06-29 review snapshots,human review approval is review-only; normalized name/position is not controlling identity,1.0.0
art_8ef7ac189f141a7a,player_name|position|draft_year|nwr_player_id|draft_pick_evidence_present|draft_round_present|overall_pick_present|drafted_team_present|combine_row_present|prospect_age_present|college_present|identity_join_status|review_required|as_of_safe_now|experiment_ready_now|model_use_allowed|training_allowed|source_truth_allowed|blocker_reason|notes,PRE_DRAFT_AND_TIMING_GOVERNANCE,SUPPORTING_EVIDENCE,,LIVE_HQ,loc_3a75cf675a56ef61216fca51,,,,false,true,NO_DUPLICATE_FLAG,NOT_SUPERSEDED,SEPARATE_LEDGER_CONTROLS,REGISTERED_METADATA_ONLY,SOURCE_INVENTORY_SHA256_RECORDED,025d176cd575a3600b203257b1b4ad851a513791dc0e4184179c10241a035c85,1999,player_name|position|draft_year|nwr_player_id|draft_pick_evidence_present|draft_round_present|overall_pick_present|drafted_team_present|combine_row_present|prospect_age_present|college_present|identity_join_status|review_required|as_of_safe_now|experiment_ready_now|model_use_allowed|training_allowed|source_truth_allowed|blocker_reason|notes,as-of policy present; zero experiment-ready player/feature rows,authority is limited to the artifact's documented scope,1.0.0
art_8f8bd6990cb414a2,markdown/text,ROOKIE_SEASON_AND_MULTI_YEAR_OUTCOME,SUPPORTING_EVIDENCE,,LOCAL_ONLY,loc_bffa38e273622fd3e3b79894,,,,false,true,NO_DUPLICATE_FLAG,NOT_SUPERSEDED,SEPARATE_LEDGER_CONTROLS,REGISTERED_METADATA_ONLY,SOURCE_INVENTORY_SHA256_RECORDED,b35f31828cafef4cf98aefde48fbf1db577a0093ffa0e386843f50305c98f7a9,N/A,markdown/text,packet-specific 2026 receipts,not tracked at live HQ HEAD,1.0.0
art_8fcecd4f70d182bd,markdown/text,ROOKIE_SEASON_AND_MULTI_YEAR_OUTCOME,SUPPORTING_EVIDENCE,,LIVE_HQ,loc_255ae2f9dc1118d4597114ce,,,,false,true,NO_DUPLICATE_FLAG,NOT_SUPERSEDED,SEPARATE_LEDGER_CONTROLS,REGISTERED_METADATA_ONLY,SOURCE_INVENTORY_SHA256_RECORDED,5380a7a62d9e11cbad2140e3b3bd237c618b00108c0434905d4992d0763520ec,N/A,markdown/text,packet-specific immutable runs; some local receipts only,multiple scoring/rank systems conflict; position-threshold applicability must be explicit,1.0.0
art_8fe7b619c64ece74,markdown/text,PRE_DRAFT_AND_TIMING_GOVERNANCE,SUPPORTING_EVIDENCE,,LIVE_HQ,loc_700868e9fa635cf38343eb36,,,,false,true,NO_DUPLICATE_FLAG,NOT_SUPERSEDED,SEPARATE_LEDGER_CONTROLS,REGISTERED_METADATA_ONLY,SOURCE_INVENTORY_SHA256_RECORDED,f9683e4e28ecee818e583e276214dbef480c9c68d5cf8e018588813400a9fa1a,N/A,markdown/text,as-of policy present; zero experiment-ready player/feature rows,authority is limited to the artifact's documented scope,1.0.0
art_90150a0e13698d5f,run_id|run_timestamp|artifact|source|rows|output_path|review_only|model_use_allowed|training_allowed|notes,ROOKIE_SEASON_AND_MULTI_YEAR_OUTCOME,SUPPORTING_EVIDENCE,,LOCAL_ONLY,loc_32b6e7ad12eb64bc0123c640,,,,false,true,NO_DUPLICATE_FLAG,NOT_SUPERSEDED,SEPARATE_LEDGER_CONTROLS,REGISTERED_METADATA_ONLY,SOURCE_INVENTORY_SHA256_RECORDED,dd45bfd62f062557fc228dd48d514f8cec0cc4cad184c9b1aa59be45812957a0,2,run_id|run_timestamp|artifact|source|rows|output_path|review_only|model_use_allowed|training_allowed|notes,local run 2026-06-29; latest factual outcome season 2024,drafted-only; link availability differs from usable value availability; incomplete windows are censored; not tracked at live HQ HEAD,1.0.0
art_901668f233faed02,rule_id|rule_family|rule_name|score_delta|window_scope|conditions|partial_window_only|blocked_input_check|source_use_gate_status|leakage_asof_check|review_only_status,LATER_OUTCOME_RESEARCH,SUPPORTING_EVIDENCE,,LIVE_HQ,loc_c07d47dfa050318f05711b7a,,,,false,true,NO_DUPLICATE_FLAG,NOT_SUPERSEDED,SEPARATE_LEDGER_CONTROLS,REGISTERED_METADATA_ONLY,SOURCE_INVENTORY_SHA256_RECORDED,eec45d222871f8d812bbead1b0532fc2362c8f93d444f676471c44ac27289059,12,rule_id|rule_family|rule_name|score_delta|window_scope|conditions|partial_window_only|blocked_input_check|source_use_gate_status|leakage_asof_check|review_only_status,July 9 2026 research snapshots,authority is limited to the artifact's documented scope,1.0.0
art_902a49e7d667003c,player_id|player_name|position|team|current_nwr_rank|current_position_rank|current_nwr_score|formula_score|formula_score_before_overlay|position_formula_used|formula_implementation|formula_evidence_reference|position_rank|overall_rank|normalized_score|prior_nwr_points|prior_nwr_ppg|prior_games|prior_opportunities|sparse_history_overlay_eligible|sparse_history_overlay_applied|sparse_history_overlay_effect|veteran_decline_guardrail_flag|older_lifecycle_guardrail_flag|availability_rebound_context_flag|starter_depth_promotion_context_flag|snap_growth_role_promotion_context_flag|injury_availability_warning_flag|low_snap_depth_warning_flag|expected_opportunity_partial_window_flag|...(+24 columns),CROSS_LIFECYCLE_REVIEW_SIMULATION,LOCAL_ONLY_RESTRICTED,,OFF_HQ_BRANCH_ONLY,loc_9f28124255e1ce75a379edac,,,,false,true,NO_DUPLICATE_FLAG,NOT_SUPERSEDED,NO_RECREATE_REQUIRED,REGISTERED_METADATA_ONLY,SOURCE_INVENTORY_SHA256_RECORDED,361f6a95d047f60a6be1a5baef7c372eacb6d180566e4565bb7a870f9c5dbc70,32,player_id|player_name|position|team|current_nwr_rank|current_position_rank|current_nwr_score|formula_score|formula_score_before_overlay|position_formula_used|formula_implementation|formula_evidence_reference|position_rank|overall_rank|normalized_score|prior_nwr_points|prior_nwr_ppg|prior_games|prior_opportunities|sparse_history_overlay_eligible|sparse_history_overlay_applied|sparse_history_overlay_effect|veteran_decline_guardrail_flag|older_lifecycle_guardrail_flag|availability_rebound_context_flag|starter_depth_promotion_context_flag|snap_growth_role_promotion_context_flag|injury_availability_warning_flag|low_snap_depth_warning_flag|expected_opportunity_partial_window_flag|...(+24 columns),off-HQ commit 2026-07-09; not ancestor of live HQ,"Off-HQ Git object is retained for audit discovery and no-recreate protection only; active evidence, migration, ranking, formula, training, production, and runtime use are blocked.",1.0.0
art_904cf0a84e710c62,markdown/text,CROSS_LIFECYCLE,SUPERSEDED,,LIVE_HQ,loc_ee27e187f38cb11cb346fd58,,,,false,true,NO_DUPLICATE_FLAG,SUPERSEDED_RECORDED,SEPARATE_LEDGER_CONTROLS,REGISTERED_METADATA_ONLY,SOURCE_INVENTORY_SHA256_RECORDED,0e75a7b436a0f597e32dacb8449efeb86603b897dcc71afaf1539fb1b4943513,N/A,markdown/text,packet-specific snapshot,authority is limited to the artifact's documented scope,1.0.0
art_904ff43d6fcd88da,markdown/text,ROOKIE_SEASON_AND_MULTI_YEAR_OUTCOME,SUPPORTING_EVIDENCE,,LIVE_HQ,loc_2a790553a0ad1e6591fe3b2a,,,,false,true,NO_DUPLICATE_FLAG,NOT_SUPERSEDED,SEPARATE_LEDGER_CONTROLS,REGISTERED_METADATA_ONLY,SOURCE_INVENTORY_SHA256_RECORDED,c95a1dd9f7eee5d41341b9571a4e71d358c0978c1ff855f2229a654660ca8486,N/A,markdown/text,packet-specific immutable runs; some local receipts only,multiple scoring/rank systems conflict; position-threshold applicability must be explicit,1.0.0
art_90faa6b75a9c8677,markdown/text,DRAFT_EVENT,SUPPORTING_EVIDENCE,,LIVE_HQ,loc_62f424e6299b96de37a1482e,,,,false,true,NO_DUPLICATE_FLAG,NOT_SUPERSEDED,SEPARATE_LEDGER_CONTROLS,REGISTERED_METADATA_ONLY,SOURCE_INVENTORY_SHA256_RECORDED,b8e3a2dcd0e67dfa5c910f7184095ecac2fde65065615a00cc38c5c08231a852,N/A,markdown/text,June 30 2026 packet snapshots,likely/confirmed-review-only must not be treated as verified undrafted truth,1.0.0
art_91301408a7c9e4e3,markdown/text,ROOKIE_SEASON_AND_MULTI_YEAR_OUTCOME,SUPPORTING_EVIDENCE,,LIVE_HQ,loc_4f91a2cc8e3da88479268235,,,,false,true,NO_DUPLICATE_FLAG,NOT_SUPERSEDED,SEPARATE_LEDGER_CONTROLS,REGISTERED_METADATA_ONLY,SOURCE_INVENTORY_SHA256_RECORDED,f85c9f5e6f4309fd6fa9931cee9d47db0f74e310c4be04c001f888c3411e5c51,N/A,markdown/text,packet-specific immutable runs; some local receipts only,multiple scoring/rank systems conflict; position-threshold applicability must be explicit,1.0.0
art_91bcce8bfc6ae57f,input_name|allowed_use|source|v2_status|blocked_use,LATER_OUTCOME_RESEARCH,SUPPORTING_EVIDENCE,,LIVE_HQ,loc_860e3b9b23d436ddb3e14a3f,,,,false,true,NO_DUPLICATE_FLAG,NOT_SUPERSEDED,SEPARATE_LEDGER_CONTROLS,REGISTERED_METADATA_ONLY,SOURCE_INVENTORY_SHA256_RECORDED,d5004e569ce7b4588b3d60eb36b1adc139ab3fce35607aaebddff443c818b428,11,input_name|allowed_use|source|v2_status|blocked_use,July 9 2026 research snapshots,authority is limited to the artifact's documented scope,1.0.0
art_91cea7b3436c9105,markdown/text,ROOKIE_SEASON_AND_MULTI_YEAR_OUTCOME,SUPPORTING_EVIDENCE,,LIVE_HQ,loc_65729e414bfafcd98cb68a65,,,,false,true,NO_DUPLICATE_FLAG,NOT_SUPERSEDED,SEPARATE_LEDGER_CONTROLS,REGISTERED_METADATA_ONLY,SOURCE_INVENTORY_SHA256_RECORDED,632104fe9450d849b8482141535e0e0550903c433a816331ecfde599069cbcc5,N/A,markdown/text,packet-specific immutable runs; some local receipts only,multiple scoring/rank systems conflict; position-threshold applicability must be explicit,1.0.0
art_91d51b9235f95b4b,markdown/text,PRODUCT_CONSUMER,SUPPORTING_EVIDENCE,,LIVE_HQ,loc_044957d143d5153adce62f26,,,,false,true,NO_DUPLICATE_FLAG,NOT_SUPERSEDED,SEPARATE_LEDGER_CONTROLS,REGISTERED_METADATA_ONLY,SOURCE_INVENTORY_SHA256_RECORDED,12c930ac2a8789df1ea8b305f356a80d072b30594de3229919e9e2e44e279b94,N/A,markdown/text,live HQ at starting commit,authority is limited to the artifact's documented scope,1.0.0
art_91fd12b144d88f31,markdown/text,ROOKIE_SEASON_AND_MULTI_YEAR_OUTCOME,SUPPORTING_EVIDENCE,,LOCAL_ONLY,loc_1de8511a741e89ca168b225f,,,,false,true,NO_DUPLICATE_FLAG,NOT_SUPERSEDED,SEPARATE_LEDGER_CONTROLS,REGISTERED_METADATA_ONLY,SOURCE_INVENTORY_SHA256_RECORDED,357f50b2f64aa4b806f73bf39c268a0b2f24048236c22b29c089051314baf44d,N/A,markdown/text,packet-specific 2026 receipts,not tracked at live HQ HEAD,1.0.0
art_923e523757924df5,markdown/text,PRODUCT_CONSUMER,SUPPORTING_EVIDENCE,,LIVE_HQ,loc_0d672c5abd18a2bdfbaf09d2,,,,false,true,NO_DUPLICATE_FLAG,NOT_SUPERSEDED,SEPARATE_LEDGER_CONTROLS,REGISTERED_METADATA_ONLY,SOURCE_INVENTORY_SHA256_RECORDED,a13cba6bb21e53aa821e1107ed4d02e0813c9aa297d74f11d18b9ef53b0f5b49,N/A,markdown/text,live HQ at starting commit,authority is limited to the artifact's documented scope,1.0.0
art_92426898bbaaa8c6,markdown/text,CROSS_LIFECYCLE_IDENTITY,SUPPORTING_EVIDENCE,,LIVE_HQ,loc_c49ad32f2e8d6bb5b4c88d81,,,,false,true,NO_DUPLICATE_FLAG,NOT_SUPERSEDED,SEPARATE_LEDGER_CONTROLS,REGISTERED_METADATA_ONLY,SOURCE_INVENTORY_SHA256_RECORDED,247397f7af0c83a32d7b6b62799779191ca5a309b89d59c6b3dd571334fd8d30,N/A,markdown/text,June 23-30 2026 snapshots,authority is limited to the artifact's documented scope,1.0.0
art_924dd6763b931860,check_name|status|value|notes,DRAFT_EVENT,SUPPORTING_EVIDENCE,,LIVE_HQ,loc_9e47f1b57f72a544d633da6f,,,,false,true,NO_DUPLICATE_FLAG,NOT_SUPERSEDED,SEPARATE_LEDGER_CONTROLS,REGISTERED_METADATA_ONLY,SOURCE_INVENTORY_SHA256_RECORDED,79ea8cf9dc1c9d63ca16db03b8fd85afa20f94ab322853dfc1fdb829f969e5b3,7,check_name|status|value|notes,static completed draft events; source timestamps/receipt IDs incomplete in several derivatives,positive draft facts only; missing draft evidence remains unknown; current name+position joins are review-only,1.0.0
art_925b2d1b38e89d35,reference_id|formula_id|rule_id|scoreboard_window|non_sparse_misses_before|non_sparse_misses_after|non_sparse_collateral_damage|new_misses_created|rule_classification|collateral_status,LATER_OUTCOME_RESEARCH,SUPPORTING_EVIDENCE,,LIVE_HQ,loc_ad78d99996416bb9d2035191,,,,false,true,NO_DUPLICATE_FLAG,NOT_SUPERSEDED,SEPARATE_LEDGER_CONTROLS,REGISTERED_METADATA_ONLY,SOURCE_INVENTORY_SHA256_RECORDED,ea7b13b5da2d84eab5797dac6dd6877adc522ab41e0ef571bea0c1731ddfaa9b,42,reference_id|formula_id|rule_id|scoreboard_window|non_sparse_misses_before|non_sparse_misses_after|non_sparse_collateral_damage|new_misses_created|rule_classification|collateral_status,July 9 2026 research snapshots,authority is limited to the artifact's documented scope,1.0.0
art_929b9bcd18c637fd,markdown/text,DRAFT_EVENT,SUPPORTING_EVIDENCE,,LIVE_HQ,loc_41eb0d514098bcf3e5a5c2d5,,,,false,true,NO_DUPLICATE_FLAG,NOT_SUPERSEDED,SEPARATE_LEDGER_CONTROLS,REGISTERED_METADATA_ONLY,SOURCE_INVENTORY_SHA256_RECORDED,2d29d76d35d32b7337eded2239336eb4364ac8265a9aa5bc8d824998e44e172a,N/A,markdown/text,June 30 2026 packet snapshots,likely/confirmed-review-only must not be treated as verified undrafted truth,1.0.0
art_92b1fc8cef84d4bc,metric|value|notes|review_only|display_only|model_use_allowed|training_allowed|rankings_wiring_allowed,DRAFT_EVENT_AND_POST_DRAFT_PRESEASON,SUPERSEDED,,LOCAL_ONLY,loc_d2704e75e7a2d20644e6509f,,,,false,true,NO_DUPLICATE_FLAG,SUPERSEDED_RECORDED,SEPARATE_LEDGER_CONTROLS,REGISTERED_METADATA_ONLY,SOURCE_INVENTORY_SHA256_RECORDED,7174e1e3425b659623430e240b0aaed4774019b209370bf5a96967c8c9620a82,3,metric|value|notes|review_only|display_only|model_use_allowed|training_allowed|rankings_wiring_allowed,June 29-30 2026; no uniform row-level source timestamp,published counts may be duplicate-inflated; three distinct current records have no stable candidate ID; not tracked at live HQ HEAD,1.0.0
art_92bc762e4f8ea8be,markdown/text,CROSS_LIFECYCLE,SUPPORTING_EVIDENCE,,LIVE_HQ,loc_0d98b45a0f674b5f94730a71,,,,false,true,NO_DUPLICATE_FLAG,NOT_SUPERSEDED,SEPARATE_LEDGER_CONTROLS,REGISTERED_METADATA_ONLY,SOURCE_INVENTORY_SHA256_RECORDED,6dafb13b17c4bbcac837835a9231ddabdb364417a93abb7bd6d022b86e7b2eb6,N/A,markdown/text,packet-specific snapshot,authority is limited to the artifact's documented scope,1.0.0
art_92c22f2bb4af5edd,file,PROTECTED_FROZEN_GOVERNANCE,CANONICAL_REVIEW_ONLY,,LIVE_HQ,loc_d257aa3e46a257b72f39201b,,,,true,false,NO_DUPLICATE_FLAG,NOT_SUPERSEDED,SEPARATE_LEDGER_CONTROLS,REGISTERED_METADATA_ONLY,SOURCE_INVENTORY_SHA256_RECORDED,bf3a745870d04e370cc4b3ac81440cd5763c306c52818567bc5f538558ead01e,N/A,file,frozen 2026-07-10 before outcomes,authority is limited to the artifact's documented scope,1.0.0
art_932846ec3592aeca,markdown/text,DRAFT_EVENT,SUPPORTING_EVIDENCE,,LIVE_HQ,loc_83d3a307c724d35e11701d55,,,,false,true,NO_DUPLICATE_FLAG,NOT_SUPERSEDED,SEPARATE_LEDGER_CONTROLS,REGISTERED_METADATA_ONLY,SOURCE_INVENTORY_SHA256_RECORDED,cc97b16240b2eb8c184ce9c90a8763ababae091a623a991581ef28054b82bd37,N/A,markdown/text,static completed draft events; source timestamps/receipt IDs incomplete in several derivatives,positive draft facts only; missing draft evidence remains unknown; current name+position joins are review-only,1.0.0
art_941dca50750b04c8,metric|value|notes|review_only|model_use_allowed|training_allowed,ROOKIE_SEASON_AND_MULTI_YEAR_OUTCOME,SUPPORTING_EVIDENCE,,LIVE_HQ,loc_8e0d9040aab5b10b3ead9cea,,,,false,true,NO_DUPLICATE_FLAG,NOT_SUPERSEDED,SEPARATE_LEDGER_CONTROLS,REGISTERED_METADATA_ONLY,SOURCE_INVENTORY_SHA256_RECORDED,aa7a16ad8c8ac9ac17854753865a77dc2c780f62ff7256e5580124eed27c4b5e,10,metric|value|notes|review_only|model_use_allowed|training_allowed,local run 2026-06-29; latest factual outcome season 2024,drafted-only; link availability differs from usable value availability; incomplete windows are censored,1.0.0
art_9445fa4a0a0e38c3,provider|priority|provider_category|target_contact_status|message_artifact|outreach_status|date_sent|response_status|classification|followup_due|minimum_feed_fields_requested|preferred_fields_requested|source_admission_status|notes,ROOKIE_SEASON_AND_MULTI_YEAR_OUTCOME,SUPPORTING_EVIDENCE,,LIVE_HQ,loc_a11f6253b7ddda8f65d7e3aa,,,,false,true,NO_DUPLICATE_FLAG,NOT_SUPERSEDED,SEPARATE_LEDGER_CONTROLS,REGISTERED_METADATA_ONLY,SOURCE_INVENTORY_SHA256_RECORDED,58ead6a4b711842e591d74d12db7a297b8504004243e504cb202a8fba1d9da8b,11,provider|priority|provider_category|target_contact_status|message_artifact|outreach_status|date_sent|response_status|classification|followup_due|minimum_feed_fields_requested|preferred_fields_requested|source_admission_status|notes,packet-specific 2026 receipts,authority is limited to the artifact's documented scope,1.0.0
art_9494c05bd04c1266,markdown/text,LATER_OUTCOME_RESEARCH,SUPPORTING_EVIDENCE,,LIVE_HQ,loc_3fc35dbdffb0617014bdec74,,,,false,true,NO_DUPLICATE_FLAG,NOT_SUPERSEDED,SEPARATE_LEDGER_CONTROLS,REGISTERED_METADATA_ONLY,SOURCE_INVENTORY_SHA256_RECORDED,2f8c88faf0573c6f74f491c6d6471277f2dc0fd1ae806ab7a4e2b21e8924f888,N/A,markdown/text,July 9 2026 research snapshots,authority is limited to the artifact's documented scope,1.0.0
art_9496aa0978ae3d64,markdown/text,ROOKIE_SEASON_AND_MULTI_YEAR_OUTCOME,SUPPORTING_EVIDENCE,,LOCAL_ONLY,loc_38a83aad57db820f14274590,,,,false,true,NO_DUPLICATE_FLAG,NOT_SUPERSEDED,SEPARATE_LEDGER_CONTROLS,REGISTERED_METADATA_ONLY,SOURCE_INVENTORY_SHA256_RECORDED,96f39cfd9547721061f6e72ce1cd60e514f38d1c9f512ff339037ae287214330,N/A,markdown/text,packet-specific 2026 receipts,not tracked at live HQ HEAD,1.0.0
art_94a15ecfe084c3ca,feature_module|allowed_use|inputs|source_status|blocked_use|caveat,LATER_OUTCOME_RESEARCH,SUPPORTING_EVIDENCE,,LIVE_HQ,loc_8082ac387b5ebaca63afb981,,,,false,true,NO_DUPLICATE_FLAG,NOT_SUPERSEDED,SEPARATE_LEDGER_CONTROLS,REGISTERED_METADATA_ONLY,SOURCE_INVENTORY_SHA256_RECORDED,59eeac843266e63969ecae2a0b05013ffaf2bb87799f1b75603b9ab3a15b7ac0,10,feature_module|allowed_use|inputs|source_status|blocked_use|caveat,July 9 2026 research snapshots,authority is limited to the artifact's documented scope,1.0.0
art_94f6b693f1cc64c9,markdown/text,PROTECTED_FROZEN_GOVERNANCE,CANONICAL_REVIEW_ONLY,,LIVE_HQ,loc_616d12505643efb23b751a41,,,,true,false,NO_DUPLICATE_FLAG,NOT_SUPERSEDED,SEPARATE_LEDGER_CONTROLS,REGISTERED_METADATA_ONLY,SOURCE_INVENTORY_SHA256_RECORDED,750a1cd28a7a330eb664c658949affb97d82b2ae19bc7c6e4b9d3955aa57e9f2,N/A,markdown/text,frozen 2026-07-10 before outcomes,authority is limited to the artifact's documented scope,1.0.0
art_95039c10b381aa9d,markdown/text,ROOKIE_SEASON_AND_MULTI_YEAR_OUTCOME,SUPPORTING_EVIDENCE,,LIVE_HQ,loc_6405de809b5171383e929d65,,,,false,true,NO_DUPLICATE_FLAG,NOT_SUPERSEDED,SEPARATE_LEDGER_CONTROLS,REGISTERED_METADATA_ONLY,SOURCE_INVENTORY_SHA256_RECORDED,77c7ef11fe4b065e503aecf262eb367253384c0c542c9ea97ee3f1c269498cb3,N/A,markdown/text,packet-specific immutable runs; some local receipts only,multiple scoring/rank systems conflict; position-threshold applicability must be explicit,1.0.0
art_95528d3c05c6e8e5,markdown/text,ROOKIE_SEASON_AND_MULTI_YEAR_OUTCOME,SUPPORTING_EVIDENCE,,LIVE_HQ,loc_b9ac6754062d7cc2ca6376b1,,,,false,true,NO_DUPLICATE_FLAG,NOT_SUPERSEDED,SEPARATE_LEDGER_CONTROLS,REGISTERED_METADATA_ONLY,SOURCE_INVENTORY_SHA256_RECORDED,c78c55841fb42c186a15e91c4bd83d1ff3e882b3362e2b9f92bb82d819f46397,N/A,markdown/text,packet-specific 2026 receipts,authority is limited to the artifact's documented scope,1.0.0
art_955cf46e77c120eb,player_id|player_name|position|college_team|nfl_team_if_available|draft_year_if_available|cfbd_candidate_id|cfbd_name|cfbd_position|cfbd_team|cfbd_years|match_status|identity_confidence|match_evidence|production_context_summary|ambiguity_flags|recommended_review_decision|human_decision|human_notes|approved_by_human|review_only|model_use_allowed|training_allowed|approval_scope|approval_source|approval_notes|gate_a_status,CROSS_LIFECYCLE_IDENTITY,DUPLICATE_EQUIVALENT,,LIVE_HQ,loc_bae87e6f3075e9c8776dd49c,,,,false,true,DUPLICATE_RECORDED,NOT_SUPERSEDED,SEPARATE_LEDGER_CONTROLS,REGISTERED_METADATA_ONLY,SOURCE_INVENTORY_SHA256_RECORDED,4193600e8f390f1eda2f6fed14271cca9ccdaadd47cf40748ad70ca6aec78f6e,213,player_id|player_name|position|college_team|nfl_team_if_available|draft_year_if_available|cfbd_candidate_id|cfbd_name|cfbd_position|cfbd_team|cfbd_years|match_status|identity_confidence|match_evidence|production_context_summary|ambiguity_flags|recommended_review_decision|human_decision|human_notes|approved_by_human|review_only|model_use_allowed|training_allowed|approval_scope|approval_source|approval_notes|gate_a_status,2026-06-26 to 2026-06-29 review snapshots,contains 72 exact duplicate row groups / 72 excess rows; no dedup performed; human review approval is review-only; normalized name/position is not controlling identity,1.0.0
art_95d68ed451490fd0,markdown/text,PRODUCT_CONSUMER,SUPPORTING_EVIDENCE,,LIVE_HQ,loc_473d4978596cd81101b7b6ea,,,,false,true,NO_DUPLICATE_FLAG,NOT_SUPERSEDED,SEPARATE_LEDGER_CONTROLS,REGISTERED_METADATA_ONLY,SOURCE_INVENTORY_SHA256_RECORDED,b43a5b8374709b0ed0d4344f8227fc3518b24c7c676e8ce2f045a9a389d66962,N/A,markdown/text,live HQ at starting commit,authority is limited to the artifact's documented scope,1.0.0
art_95f98b9425804e10,markdown/text,ROOKIE_SEASON_AND_MULTI_YEAR_OUTCOME,SUPPORTING_EVIDENCE,,LIVE_HQ,loc_c6743a402f4c37b7fcc7cce5,,,,false,true,NO_DUPLICATE_FLAG,NOT_SUPERSEDED,SEPARATE_LEDGER_CONTROLS,REGISTERED_METADATA_ONLY,SOURCE_INVENTORY_SHA256_RECORDED,fdc40d957d287160863bda640a5a242fa166161233ca9bcc31854f24220d3c46,N/A,markdown/text,packet-specific immutable runs; some local receipts only,multiple scoring/rank systems conflict; position-threshold applicability must be explicit,1.0.0
art_9623980b26440bb5,target_season|player_id|player_name|position|split|next_season_points|next_season_overall_rank|next_season_position_rank|next_season_ppg|next_season_overall_per_game_rank|next_season_position_per_game_rank|qualified_4_plus_games|qualified_8_plus_games|qualified_10_plus_games|qualified_12_plus_games|top12_hit|top24_hit|top36_hit|position_elite_hit|position_strong_hit|position_useful_hit|future_2yr_value|future_3yr_weighted_value|future_3yr_complete|future_3yr_clean_nonbridge_complete|future_3yr_contains_2025_bridge|future_5yr_value|future_5yr_complete|games_played_target|target_row_present|...(+1 columns),ROOKIE_SEASON_AND_MULTI_YEAR_OUTCOME,DUPLICATE_CONFLICTING,,LOCAL_ONLY,loc_71652b2eab34b4585a6bba45,,,,false,true,DUPLICATE_RECORDED,NOT_SUPERSEDED,SEPARATE_LEDGER_CONTROLS,REGISTERED_METADATA_ONLY,SOURCE_INVENTORY_SHA256_RECORDED,e3648f517b4ccc366e7b362a7c2018ca21c611b435d846ce154eef816d2e7f49,16518,target_season|player_id|player_name|position|split|next_season_points|next_season_overall_rank|next_season_position_rank|next_season_ppg|next_season_overall_per_game_rank|next_season_position_per_game_rank|qualified_4_plus_games|qualified_8_plus_games|qualified_10_plus_games|qualified_12_plus_games|top12_hit|top24_hit|top36_hit|position_elite_hit|position_strong_hit|position_useful_hit|future_2yr_value|future_3yr_weighted_value|future_3yr_complete|future_3yr_clean_nonbridge_complete|future_3yr_contains_2025_bridge|future_5yr_value|future_5yr_complete|games_played_target|target_row_present|...(+1 columns),packet-specific 2026 receipts,not tracked at live HQ HEAD; competing scoring/target system must remain separate pending manual parity review,1.0.0
art_9623d8b0630cddfd,markdown/text,CROSS_LIFECYCLE,SUPPORTING_EVIDENCE,,LIVE_HQ,loc_2e640cc0ac62d5c7594b8654,,,,false,true,NO_DUPLICATE_FLAG,NOT_SUPERSEDED,SEPARATE_LEDGER_CONTROLS,REGISTERED_METADATA_ONLY,SOURCE_INVENTORY_SHA256_RECORDED,bf67411c17e1326363d5bc0ca8789baa7cd8d9b3721075ed4f50b568653d0dd9,N/A,markdown/text,packet-specific snapshot,authority is limited to the artifact's documented scope,1.0.0
art_96c6d27145a2922e,player_name|position|rookie_class_year|conflict_type|entry_status|identity_status|name_collision_flag|blocker_reason|qa_issue_flag|qa_notes,DRAFT_EVENT,SUPPORTING_EVIDENCE,,LIVE_HQ,loc_fa6ad7401661ceb43c4f547c,,,,false,true,NO_DUPLICATE_FLAG,NOT_SUPERSEDED,SEPARATE_LEDGER_CONTROLS,REGISTERED_METADATA_ONLY,SOURCE_INVENTORY_SHA256_RECORDED,6ba29714c320b928759486acb4007be549b2163d48bf575b5dc56e06b9c8bbc5,544,player_name|position|rookie_class_year|conflict_type|entry_status|identity_status|name_collision_flag|blocker_reason|qa_issue_flag|qa_notes,June 30 2026 snapshot; source acquisition receipt incomplete,"2,514 likely-UDFA rows are provisional; tracked builder/input receipt is missing",1.0.0
art_96f6765e5c9c33b0,feature_family|source_artifact|current_status|allowed_for_display_now|allowed_for_review_now|allowed_for_model_now|allowed_for_training_now|pre_draft_allowed|post_draft_allowed|leakage_risk|missingness_policy|required_future_gate|blocker_reason|notes,ROOKIE_SEASON_AND_MULTI_YEAR_OUTCOME,SUPPORTING_EVIDENCE,,LIVE_HQ,loc_ce52883947ec60503a4b379e,,,,false,true,NO_DUPLICATE_FLAG,NOT_SUPERSEDED,SEPARATE_LEDGER_CONTROLS,REGISTERED_METADATA_ONLY,SOURCE_INVENTORY_SHA256_RECORDED,5a5d1a6493dd046781ee80209753839ba487d2f3c5719b3cbcf669735e1a3314,18,feature_family|source_artifact|current_status|allowed_for_display_now|allowed_for_review_now|allowed_for_model_now|allowed_for_training_now|pre_draft_allowed|post_draft_allowed|leakage_risk|missingness_policy|required_future_gate|blocker_reason|notes,packet-specific immutable runs; some local receipts only,multiple scoring/rank systems conflict; position-threshold applicability must be explicit,1.0.0
art_97096d484d743c93,markdown/text,ROOKIE_SEASON_AND_MULTI_YEAR_OUTCOME,SUPPORTING_EVIDENCE,,LIVE_HQ,loc_bc0ee43201122101e34f6836,,,,false,true,NO_DUPLICATE_FLAG,NOT_SUPERSEDED,SEPARATE_LEDGER_CONTROLS,REGISTERED_METADATA_ONLY,SOURCE_INVENTORY_SHA256_RECORDED,49210fdd8aa074ee7f858b34f6afba0b6cddc126533462229d28f05f78639ac4,N/A,markdown/text,packet-specific 2026 receipts,authority is limited to the artifact's documented scope,1.0.0
art_971ebcfd039d4316,algorithm_id|algorithm_family|algorithm_name|development_composite_score|development_next_points_spearman|development_future3_spearman|development_rank_mae|development_top_precision|development_top_recall|development_bust_avoidance|development_cornerstone_safety|holdout_composite_score|holdout_next_points_spearman|holdout_rank_mae|stress_2025_next_points_spearman|complexity_score|winner_selection_basis|beats_simple_baseline_multiple_checks|finalist_selection_note,ROOKIE_SEASON_AND_MULTI_YEAR_OUTCOME,SUPPORTING_EVIDENCE,,LOCAL_ONLY,loc_6b177eb8306f8da3978d2cd5,,,,false,true,NO_DUPLICATE_FLAG,NOT_SUPERSEDED,SEPARATE_LEDGER_CONTROLS,REGISTERED_METADATA_ONLY,SOURCE_INVENTORY_SHA256_RECORDED,786221f7a870c562d9378829752cc6039aeddf3c2bb92adf4e337c71ebac9faa,6,algorithm_id|algorithm_family|algorithm_name|development_composite_score|development_next_points_spearman|development_future3_spearman|development_rank_mae|development_top_precision|development_top_recall|development_bust_avoidance|development_cornerstone_safety|holdout_composite_score|holdout_next_points_spearman|holdout_rank_mae|stress_2025_next_points_spearman|complexity_score|winner_selection_basis|beats_simple_baseline_multiple_checks|finalist_selection_note,packet-specific 2026 receipts,not tracked at live HQ HEAD,1.0.0
art_97298bdc635d2cab,candidate|position|preserved_rows|valid_scores|invalid_scores|duplicate_keys|identity_namespaces|invalid_reasons|classification|potential_defect,PROTECTED_FROZEN_GOVERNANCE,CANONICAL_REVIEW_ONLY,,LIVE_HQ,loc_0148794a21e0bbf4cc5972c4,,,,true,false,NO_DUPLICATE_FLAG,NOT_SUPERSEDED,SEPARATE_LEDGER_CONTROLS,REGISTERED_METADATA_ONLY,SOURCE_INVENTORY_SHA256_RECORDED,9bd58e2f49a0f53dd07b44cdab094a6e91364806a9dfdf9053a18c2cb76c6b51,13,candidate|position|preserved_rows|valid_scores|invalid_scores|duplicate_keys|identity_namespaces|invalid_reasons|classification|potential_defect,frozen 2026-07-10 before outcomes,authority is limited to the artifact's documented scope,1.0.0
art_9742a651c1faa2b6,markdown/text,DRAFT_EVENT,SUPPORTING_EVIDENCE,,LIVE_HQ,loc_8e3c01f0a185eae894ce5dfb,,,,false,true,NO_DUPLICATE_FLAG,NOT_SUPERSEDED,SEPARATE_LEDGER_CONTROLS,REGISTERED_METADATA_ONLY,SOURCE_INVENTORY_SHA256_RECORDED,bf83875c7129a10feb7e37216902b572c3757b041e79459f9b5ec67504a54500,N/A,markdown/text,June 30 2026 packet snapshots,likely/confirmed-review-only must not be treated as verified undrafted truth,1.0.0
art_974c629c769450eb,variant_id|parent_rule_id|reference_id|formula_id|scoreboard_window|net_miss_reduction|misses_resolved|new_misses_created|false_negative_reduction|false_positive_increase|non_sparse_collateral_damage|spearman_delta|refined_rule_classification|pass_fail_status|pass_fail_reasons,LATER_OUTCOME_RESEARCH,SUPPORTING_EVIDENCE,,LIVE_HQ,loc_ba1a8b9bedd58f809a73b64e,,,,false,true,NO_DUPLICATE_FLAG,NOT_SUPERSEDED,SEPARATE_LEDGER_CONTROLS,REGISTERED_METADATA_ONLY,SOURCE_INVENTORY_SHA256_RECORDED,85ec3db3847a04513e4eea4cf8297b4cd16d40382f5e867a8ec0ffc87b5125dc,100,variant_id|parent_rule_id|reference_id|formula_id|scoreboard_window|net_miss_reduction|misses_resolved|new_misses_created|false_negative_reduction|false_positive_increase|non_sparse_collateral_damage|spearman_delta|refined_rule_classification|pass_fail_status|pass_fail_reasons,July 9 2026 research snapshots,authority is limited to the artifact's documented scope,1.0.0
art_97baf44416429f94,season|week|season_type|player_id|player_name|position|position_group|team|opponent_team|model_position_supported|completions|attempts|passing_yards|passing_tds|interceptions|passing_first_downs|passing_2pt_conversions|carries|rushing_yards|rushing_tds|rushing_first_downs|rushing_2pt_conversions|receptions|targets|receiving_yards|receiving_tds|receiving_first_downs|receiving_2pt_conversions|fumbles_lost|return_yards|...(+20 columns),ROOKIE_SEASON_AND_MULTI_YEAR_OUTCOME,SUPPORTING_EVIDENCE,,LOCAL_ONLY,loc_e0a8f27e12e89b04248c7f5d,,,,false,true,NO_DUPLICATE_FLAG,NOT_SUPERSEDED,SEPARATE_LEDGER_CONTROLS,REGISTERED_METADATA_ONLY,SOURCE_INVENTORY_SHA256_RECORDED,739fae395e54df84ec6ec034be5fa7c48e8ca60f5222e29ae04c3cc473590c26,140441,season|week|season_type|player_id|player_name|position|position_group|team|opponent_team|model_position_supported|completions|attempts|passing_yards|passing_tds|interceptions|passing_first_downs|passing_2pt_conversions|carries|rushing_yards|rushing_tds|rushing_first_downs|rushing_2pt_conversions|receptions|targets|receiving_yards|receiving_tds|receiving_first_downs|receiving_2pt_conversions|fumbles_lost|return_yards|...(+20 columns),packet-specific 2026 receipts,not tracked at live HQ HEAD,1.0.0
art_98764d7dbc7b5916,match_row_id|nwr_player_id|player_id|player_name|position|season|zero_eligible_weeks|observed_nonzero_weeks|observed_explicit_zero_weeks|rostered_active_safe_zero_weeks|sidecar_component_count|observed_component_weighted_sum|label_family|label_name|label_value|hit_status|censoring_status|parity_status|experiment_readiness_decision|label_truth_allowed|model_use_allowed|training_allowed|source_truth_allowed|experiment_allowed|review_only|notes,ROOKIE_SEASON_AND_MULTI_YEAR_OUTCOME,SUPPORTING_EVIDENCE,,LIVE_HQ,loc_908a3a7323d576de73464381,,,,false,true,NO_DUPLICATE_FLAG,NOT_SUPERSEDED,SEPARATE_LEDGER_CONTROLS,REGISTERED_METADATA_ONLY,SOURCE_INVENTORY_SHA256_RECORDED,b17b78fe0d832710438309f75b25e016be58160d056afabf75b6f77c82535fd4,2816,match_row_id|nwr_player_id|player_id|player_name|position|season|zero_eligible_weeks|observed_nonzero_weeks|observed_explicit_zero_weeks|rostered_active_safe_zero_weeks|sidecar_component_count|observed_component_weighted_sum|label_family|label_name|label_value|hit_status|censoring_status|parity_status|experiment_readiness_decision|label_truth_allowed|model_use_allowed|training_allowed|source_truth_allowed|experiment_allowed|review_only|notes,packet-specific immutable runs; some local receipts only,multiple scoring/rank systems conflict; position-threshold applicability must be explicit,1.0.0
art_9887ae59ec9c36dc,markdown/text,DRAFT_EVENT_AND_POST_DRAFT_PRESEASON,SUPPORTING_EVIDENCE,,LIVE_HQ,loc_f1cb4b999e92e2d8454cbba7,,,,false,true,NO_DUPLICATE_FLAG,NOT_SUPERSEDED,SEPARATE_LEDGER_CONTROLS,REGISTERED_METADATA_ONLY,SOURCE_INVENTORY_SHA256_RECORDED,72adc5d327f51ff5f11acdb81dd9e3d4df2bc4cbeaa478dcd17b23f11b826878,N/A,markdown/text,June 29-30 2026; no uniform row-level source timestamp,published counts may be duplicate-inflated; three distinct current records have no stable candidate ID,1.0.0
art_98f02f67b9a3e99e,py,CROSS_LIFECYCLE,SUPPORTING_EVIDENCE,,LIVE_HQ,loc_e1e557ab1defd2334b201301,,,,false,true,NO_DUPLICATE_FLAG,NOT_SUPERSEDED,SEPARATE_LEDGER_CONTROLS,REGISTERED_METADATA_ONLY,SOURCE_INVENTORY_SHA256_RECORDED,169b1c28391c8b006c77e1192ceffd9c58fec07ace92a107645b5f75d82e78ad,N/A,py,packet-specific snapshot,authority is limited to the artifact's documented scope,1.0.0
art_9940eeec383b4e0c,algorithm_id|season|player_id|player_name|position|miss_type|predicted_position_rank|actual_position_rank|notes,ROOKIE_SEASON_AND_MULTI_YEAR_OUTCOME,SUPPORTING_EVIDENCE,,LOCAL_ONLY,loc_08ef57eeee1cb94a20eae6f6,,,,false,true,NO_DUPLICATE_FLAG,NOT_SUPERSEDED,SEPARATE_LEDGER_CONTROLS,REGISTERED_METADATA_ONLY,SOURCE_INVENTORY_SHA256_RECORDED,ab6b6dbd4849fea3b4cce26db6896032afb92ad99b0ddc8846086eafb53e5747,1494,algorithm_id|season|player_id|player_name|position|miss_type|predicted_position_rank|actual_position_rank|notes,packet-specific 2026 receipts,not tracked at live HQ HEAD,1.0.0
art_99410a5d14a2872f,markdown/text,LATER_OUTCOME_RESEARCH,SUPPORTING_EVIDENCE,,LIVE_HQ,loc_e669fd7939ed8271c62d5cb4,,,,false,true,NO_DUPLICATE_FLAG,NOT_SUPERSEDED,SEPARATE_LEDGER_CONTROLS,REGISTERED_METADATA_ONLY,SOURCE_INVENTORY_SHA256_RECORDED,3db1923656fbdc2781a7ddf0ec58b907206c5cf0872e15655f77a3f6de3de471,N/A,markdown/text,July 9 2026 research snapshots,authority is limited to the artifact's documented scope,1.0.0
art_994efcc2a0df2e10,blocker_area|source_name|source_path|available_now|row_count|approved_for_review|approved_for_model_use|approved_for_training|source_policy_status|can_unblock_watchlist|can_unblock_udfa_modeling|blocker_reason|next_action,CROSS_LIFECYCLE,SUPPORTING_EVIDENCE,,LIVE_HQ,loc_16551d15f71913ec26761f4a,,,,false,true,NO_DUPLICATE_FLAG,NOT_SUPERSEDED,SEPARATE_LEDGER_CONTROLS,REGISTERED_METADATA_ONLY,SOURCE_INVENTORY_SHA256_RECORDED,d553c05ec45372c9c6cb793210364f92e5b21c1ba81de12692b5f74625eff205,13,blocker_area|source_name|source_path|available_now|row_count|approved_for_review|approved_for_model_use|approved_for_training|source_policy_status|can_unblock_watchlist|can_unblock_udfa_modeling|blocker_reason|next_action,packet-specific snapshot,authority is limited to the artifact's documented scope,1.0.0
art_995257dee78460ef,markdown/text,PRODUCT_CONSUMER,SUPPORTING_EVIDENCE,,LIVE_HQ,loc_f0241fe0373870b85b89331e,,,,false,true,NO_DUPLICATE_FLAG,NOT_SUPERSEDED,SEPARATE_LEDGER_CONTROLS,REGISTERED_METADATA_ONLY,SOURCE_INVENTORY_SHA256_RECORDED,4ed00d66bfc590954ace6427eb264ad7654185c9ca25fb4738f73ae9ff9b53a1,N/A,markdown/text,live HQ at starting commit,authority is limited to the artifact's documented scope,1.0.0
art_999b1f8f7da4368a,py,PRODUCT_CONSUMER,SUPPORTING_EVIDENCE,,LIVE_HQ,loc_0124ad18695cad98f239da2a,,,,false,true,NO_DUPLICATE_FLAG,NOT_SUPERSEDED,SEPARATE_LEDGER_CONTROLS,REGISTERED_METADATA_ONLY,SOURCE_INVENTORY_SHA256_RECORDED,4d9330e31815c39eebbe2d3566d1991858e12d28e14d02c9be5bef6ad8392174,N/A,py,live HQ at starting commit,authority is limited to the artifact's documented scope,1.0.0
art_999ecf7658fa92b9,markdown/text,DRAFT_EVENT,SUPPORTING_EVIDENCE,,LIVE_HQ,loc_7946e93225f953fe8613e15d,,,,false,true,NO_DUPLICATE_FLAG,NOT_SUPERSEDED,SEPARATE_LEDGER_CONTROLS,REGISTERED_METADATA_ONLY,SOURCE_INVENTORY_SHA256_RECORDED,e68977a8e921046aec3953111c98def1e2b1481428af06452a2b8fa6267bb162,N/A,markdown/text,static completed draft events; source timestamps/receipt IDs incomplete in several derivatives,positive draft facts only; missing draft evidence remains unknown; current name+position joins are review-only,1.0.0
art_99e67755bf02b639,markdown/text,LATER_OUTCOME_RESEARCH,SUPPORTING_EVIDENCE,,LIVE_HQ,loc_aa5c851e1fa690ace31cd94b,,,,false,true,NO_DUPLICATE_FLAG,NOT_SUPERSEDED,SEPARATE_LEDGER_CONTROLS,REGISTERED_METADATA_ONLY,SOURCE_INVENTORY_SHA256_RECORDED,3eac5c94781d074fbf1b0f4a3128c4f3aec87297ece8c731c24b6a85076e3ab1,N/A,markdown/text,July 9 2026 research snapshots,authority is limited to the artifact's documented scope,1.0.0
art_9a08187f6474eb2e,py,DRAFT_EVENT,SUPPORTING_EVIDENCE,,LIVE_HQ,loc_186fc96207236cd8e6ad9947,,,,false,true,NO_DUPLICATE_FLAG,NOT_SUPERSEDED,SEPARATE_LEDGER_CONTROLS,REGISTERED_METADATA_ONLY,SOURCE_INVENTORY_SHA256_RECORDED,316287f86f2a48c23df1fbc72ea46d9faaf7230ad530e620fc94720700d1688e,N/A,py,static completed draft events; source timestamps/receipt IDs incomplete in several derivatives,positive draft facts only; missing draft evidence remains unknown; current name+position joins are review-only,1.0.0
art_9a69920d243489b0,metric|value,ROOKIE_SEASON_AND_MULTI_YEAR_OUTCOME,SUPPORTING_EVIDENCE,,LOCAL_ONLY,loc_9860b8180e06b5dce618f531,,,,false,true,NO_DUPLICATE_FLAG,NOT_SUPERSEDED,SEPARATE_LEDGER_CONTROLS,REGISTERED_METADATA_ONLY,SOURCE_INVENTORY_SHA256_RECORDED,981bd7ce2a6635257f7a18d4209c38a59b8667eb67a780720d8991ff4eb3aa03,13,metric|value,packet-specific immutable runs; some local receipts only,multiple scoring/rank systems conflict; position-threshold applicability must be explicit; not tracked at live HQ HEAD,1.0.0
art_9aac43400ff18f77,markdown/text,DRAFT_EVENT,SUPPORTING_EVIDENCE,,LIVE_HQ,loc_911b1ca43802e3ce612c9ea9,,,,false,true,NO_DUPLICATE_FLAG,NOT_SUPERSEDED,SEPARATE_LEDGER_CONTROLS,REGISTERED_METADATA_ONLY,SOURCE_INVENTORY_SHA256_RECORDED,d4e8cda7692bc119a76f765f44438be647f78dd81a3f25a56d680efa45b42ef4,N/A,markdown/text,June 30 2026 packet snapshots,likely/confirmed-review-only must not be treated as verified undrafted truth,1.0.0
art_9ab5e29897e09f16,feature_name|source_family|source_path_or_artifact|pre_draft_allowed|post_draft_allowed|review_only|model_use_allowed|training_allowed|blocked_leakage|required_gate|reason,DRAFT_EVENT,SUPPORTING_EVIDENCE,,LIVE_HQ,loc_b5dc3af39b9989d6377e1601,,,,false,true,NO_DUPLICATE_FLAG,NOT_SUPERSEDED,SEPARATE_LEDGER_CONTROLS,REGISTERED_METADATA_ONLY,SOURCE_INVENTORY_SHA256_RECORDED,7e151d76a9e98ea92d795eeb57bb7168044925f64948eefab2ad2d480228b3f9,20,feature_name|source_family|source_path_or_artifact|pre_draft_allowed|post_draft_allowed|review_only|model_use_allowed|training_allowed|blocked_leakage|required_gate|reason,static completed draft events; source timestamps/receipt IDs incomplete in several derivatives,positive draft facts only; missing draft evidence remains unknown; current name+position joins are review-only,1.0.0
art_9adc0a5fd4f567f9,scoreboard_window|formula_id|position|miss_type|category|miss_rows|category_share_of_formula_position_misses,LATER_OUTCOME_RESEARCH,SUPPORTING_EVIDENCE,,LIVE_HQ,loc_275c8fe24c613dd8b8c3f1f3,,,,false,true,NO_DUPLICATE_FLAG,NOT_SUPERSEDED,SEPARATE_LEDGER_CONTROLS,REGISTERED_METADATA_ONLY,SOURCE_INVENTORY_SHA256_RECORDED,f418de4669909b45789f51741dd40d4d94d79e941cfa9c9b5f956ed15c4e1680,121,scoreboard_window|formula_id|position|miss_type|category|miss_rows|category_share_of_formula_position_misses,July 9 2026 research snapshots,authority is limited to the artifact's documented scope,1.0.0
art_9b27151fb910c0a7,admitted_player_id|identity_namespace|player_name_review|position|current_board_presence|current_board_player_id|identity_join_basis|pyf_valid|gauntlet_valid|current_board_score_valid|missing_comparator|exclusion_or_invalidity_reason|identity_status|rookie_or_pre_nfl_status|sparse_history_status|source_or_feature_gap|classification|difference_expected|future_evaluation_valid,PROTECTED_FROZEN_GOVERNANCE,CANONICAL_REVIEW_ONLY,,LIVE_HQ,loc_b2db570796e70fb9c65d6487,,,,true,false,NO_DUPLICATE_FLAG,NOT_SUPERSEDED,SEPARATE_LEDGER_CONTROLS,REGISTERED_METADATA_ONLY,SOURCE_INVENTORY_SHA256_RECORDED,6959ef025e728a88728773cc587b719d19df293fb432ef4f3252850ecb86cb6a,350,admitted_player_id|identity_namespace|player_name_review|position|current_board_presence|current_board_player_id|identity_join_basis|pyf_valid|gauntlet_valid|current_board_score_valid|missing_comparator|exclusion_or_invalidity_reason|identity_status|rookie_or_pre_nfl_status|sparse_history_status|source_or_feature_gap|classification|difference_expected|future_evaluation_valid,frozen 2026-07-10 before outcomes,authority is limited to the artifact's documented scope,1.0.0
art_9c1e54f24f73dca1,player_id|player_name|position|anchor_season|team|current_season_row_status|current_fantasy_points|current_position_finish|current_games_played|current_points_per_game|experience_year_number|seasons_since_first_observed|last_materially_active_season|last_materially_active_points|last_materially_active_position_finish|last_materially_active_games|seasons_since_last_materially_active|material_activity_definition|missed_prior_season_flag|missed_prior_season_flag_numeric|limited_recent_sample_flag|limited_recent_sample_flag_numeric|availability_caveat|medical_inference_used|usage_feature_status|current_carries|current_targets|current_receptions|current_touches|current_opportunities|...(+42 columns),ROOKIE_SEASON_AND_MULTI_YEAR_OUTCOME,SUPPORTING_EVIDENCE,,LOCAL_ONLY,loc_1c61ce33a82065bfbd02a555,,,,false,true,NO_DUPLICATE_FLAG,NOT_SUPERSEDED,SEPARATE_LEDGER_CONTROLS,REGISTERED_METADATA_ONLY,SOURCE_INVENTORY_SHA256_RECORDED,00a1119bfa65e8d6440945ec57769f40710fc7f4f6583f8478820fb928649a51,1937,player_id|player_name|position|anchor_season|team|current_season_row_status|current_fantasy_points|current_position_finish|current_games_played|current_points_per_game|experience_year_number|seasons_since_first_observed|last_materially_active_season|last_materially_active_points|last_materially_active_position_finish|last_materially_active_games|seasons_since_last_materially_active|material_activity_definition|missed_prior_season_flag|missed_prior_season_flag_numeric|limited_recent_sample_flag|limited_recent_sample_flag_numeric|availability_caveat|medical_inference_used|usage_feature_status|current_carries|current_targets|current_receptions|current_touches|current_opportunities|...(+42 columns),packet-specific immutable runs; some local receipts only,multiple scoring/rank systems conflict; position-threshold applicability must be explicit; not tracked at live HQ HEAD,1.0.0
art_9c213e3814155630,markdown/text,LATER_OUTCOME_RESEARCH,SUPPORTING_EVIDENCE,,LIVE_HQ,loc_e577e61e13dc4db00c5f3365,,,,false,true,NO_DUPLICATE_FLAG,NOT_SUPERSEDED,SEPARATE_LEDGER_CONTROLS,REGISTERED_METADATA_ONLY,SOURCE_INVENTORY_SHA256_RECORDED,abe7e054a1c7f2a7123fb6d5cacc5f96056a8ce3ca12a1dcf7742f70bad6ef94,N/A,markdown/text,July 9 2026 research snapshots,authority is limited to the artifact's documented scope,1.0.0
art_9c36f719b1ed6672,markdown/text,PRODUCT_CONSUMER,SUPPORTING_EVIDENCE,,LIVE_HQ,loc_7700fc1a287b9e38f6d22fb0,,,,false,true,NO_DUPLICATE_FLAG,NOT_SUPERSEDED,SEPARATE_LEDGER_CONTROLS,REGISTERED_METADATA_ONLY,SOURCE_INVENTORY_SHA256_RECORDED,b85bd9c19abacb341b4756b9f2db8f5648c9eda3184fb0c5c591c4869031ee24,N/A,markdown/text,live HQ at starting commit,authority is limited to the artifact's documented scope,1.0.0
art_9c8a8553dc5d4c99,markdown/text,CROSS_LIFECYCLE_IDENTITY,SUPERSEDED,,LIVE_HQ,loc_eaa326d9e2d744e5efa031f3,,,,false,true,NO_DUPLICATE_FLAG,SUPERSEDED_RECORDED,SEPARATE_LEDGER_CONTROLS,REGISTERED_METADATA_ONLY,SOURCE_INVENTORY_SHA256_RECORDED,32fd66a637564cf61aab0c0b0140bfd771b6ed70e6dc1e08f7c0e5e6155444b0,N/A,markdown/text,2026-06-26 to 2026-06-29 review snapshots,human review approval is review-only; normalized name/position is not controlling identity,1.0.0
art_9cbb9e38143269e7,candidate_name|candidate_role|position|training_target_seasons|scored_target_season|training_row_count|scored_universe_row_count|scored_valid_row_count|feature_cutoff|source_cutoff|preprocessing_fit_status|coefficient_hash|prediction_hash|outcome_join_status|identity_gate_status|source_gate_status|gate_status,PROTECTED_FROZEN_GOVERNANCE,CANONICAL_REVIEW_ONLY,,LIVE_HQ,loc_0ffa17a1c629a6f88d812a43,,,,true,false,NO_DUPLICATE_FLAG,NOT_SUPERSEDED,SEPARATE_LEDGER_CONTROLS,REGISTERED_METADATA_ONLY,SOURCE_INVENTORY_SHA256_RECORDED,f03f3e5202a3c0d69a169198e7f29382e6d7fd3fb7999d0a9b6df90670010c14,132,candidate_name|candidate_role|position|training_target_seasons|scored_target_season|training_row_count|scored_universe_row_count|scored_valid_row_count|feature_cutoff|source_cutoff|preprocessing_fit_status|coefficient_hash|prediction_hash|outcome_join_status|identity_gate_status|source_gate_status|gate_status,frozen 2026-07-10 before outcomes,authority is limited to the artifact's documented scope,1.0.0
art_9ccc1b0e3e36d2fa,season|player_id|player_name|position|team|issue_type|issue_detail|source|join_confidence|review_needed,ROOKIE_SEASON_AND_MULTI_YEAR_OUTCOME,SUPPORTING_EVIDENCE,,LOCAL_ONLY,loc_2d6c129867fd61daf27653be,,,,false,true,NO_DUPLICATE_FLAG,NOT_SUPERSEDED,SEPARATE_LEDGER_CONTROLS,REGISTERED_METADATA_ONLY,SOURCE_INVENTORY_SHA256_RECORDED,f93b5c4100b568b99275b286e3099e42a0005789be01521896edcc1ce1f0c818,4023,season|player_id|player_name|position|team|issue_type|issue_detail|source|join_confidence|review_needed,packet-specific 2026 receipts,not tracked at live HQ HEAD,1.0.0
art_9d0962d00d6b33dc,label_family|position|season_or_year|existing_label_source|sidecar_source_artifact|existing_label_rows|sidecar_rows|matched_players|matched_player_weeks|overlap_status|scoring_parity_status|censoring_parity_status|parity_ready|label_truth_allowed|model_use_allowed|training_allowed|source_truth_allowed|blocker_reason|notes,ROOKIE_SEASON_AND_MULTI_YEAR_OUTCOME,SUPPORTING_EVIDENCE,,LIVE_HQ,loc_564c0ae4bc3459dd68a83fa8,,,,false,true,NO_DUPLICATE_FLAG,NOT_SUPERSEDED,SEPARATE_LEDGER_CONTROLS,REGISTERED_METADATA_ONLY,SOURCE_INVENTORY_SHA256_RECORDED,04ce382e368c1f12b53f5fd2b502416a22a2b034f9ddb485e26c26a1135d6a7f,5,label_family|position|season_or_year|existing_label_source|sidecar_source_artifact|existing_label_rows|sidecar_rows|matched_players|matched_player_weeks|overlap_status|scoring_parity_status|censoring_parity_status|parity_ready|label_truth_allowed|model_use_allowed|training_allowed|source_truth_allowed|blocker_reason|notes,packet-specific immutable runs; some local receipts only,multiple scoring/rank systems conflict; position-threshold applicability must be explicit,1.0.0
art_9d8f84a78866a5bf,markdown/text,DRAFT_EVENT,SUPPORTING_EVIDENCE,,LIVE_HQ,loc_8fe3836c5bf34b5c3347a109,,,,false,true,NO_DUPLICATE_FLAG,NOT_SUPERSEDED,SEPARATE_LEDGER_CONTROLS,REGISTERED_METADATA_ONLY,SOURCE_INVENTORY_SHA256_RECORDED,8cf12ebc959a21535fd0279295c3bf4d1ea11aa84fc868a0d2cc100e03922a19,N/A,markdown/text,static completed draft events; source timestamps/receipt IDs incomplete in several derivatives,positive draft facts only; missing draft evidence remains unknown; current name+position joins are review-only,1.0.0
art_9dc3d8b5df451664,artifact|path|rows|sha256|tracked_in_git|display_only|review_only|model_use_allowed|training_allowed|source_truth_allowed|app_wiring_allowed|medical_projection_made|created_at,ROOKIE_SEASON_AND_MULTI_YEAR_OUTCOME,SUPPORTING_EVIDENCE,,LOCAL_ONLY,loc_048548fee271fe54cf63f6d0,,,,false,true,NO_DUPLICATE_FLAG,NOT_SUPERSEDED,SEPARATE_LEDGER_CONTROLS,REGISTERED_METADATA_ONLY,SOURCE_INVENTORY_SHA256_RECORDED,ef9d5fd8ea19ba40e64315e48e64263fbe313490981a73b950cd440abded3375,6,artifact|path|rows|sha256|tracked_in_git|display_only|review_only|model_use_allowed|training_allowed|source_truth_allowed|app_wiring_allowed|medical_projection_made|created_at,packet-specific immutable runs; some local receipts only,multiple scoring/rank systems conflict; position-threshold applicability must be explicit; not tracked at live HQ HEAD,1.0.0
art_9dcafc49c10e8efd,player_id|player_name|position|anchor_season|team|current_season_row_status|current_fantasy_points|current_position_finish|current_games_played|current_points_per_game|experience_year_number|seasons_since_first_observed|age_status|usage_feature_status|last_materially_active_season|last_materially_active_points|last_materially_active_position_finish|last_materially_active_games|seasons_since_last_materially_active|material_activity_definition|missed_prior_season_flag|missed_prior_season_flag_numeric|limited_recent_sample_flag|limited_recent_sample_flag_numeric|availability_caveat|current_rushing_yards|current_receiving_yards|current_rushing_first_downs|current_receiving_first_downs|current_touches_per_game|...(+39 columns),ROOKIE_SEASON_AND_MULTI_YEAR_OUTCOME,SUPPORTING_EVIDENCE,,LOCAL_ONLY,loc_56b2e88e6710f1534e9fe26f,,,,false,true,NO_DUPLICATE_FLAG,NOT_SUPERSEDED,SEPARATE_LEDGER_CONTROLS,REGISTERED_METADATA_ONLY,SOURCE_INVENTORY_SHA256_RECORDED,396c21a9f8a2e5b80824c5b8c7a13fa9cc972b0e26dba7ab3a348f70321a0733,1937,player_id|player_name|position|anchor_season|team|current_season_row_status|current_fantasy_points|current_position_finish|current_games_played|current_points_per_game|experience_year_number|seasons_since_first_observed|age_status|usage_feature_status|last_materially_active_season|last_materially_active_points|last_materially_active_position_finish|last_materially_active_games|seasons_since_last_materially_active|material_activity_definition|missed_prior_season_flag|missed_prior_season_flag_numeric|limited_recent_sample_flag|limited_recent_sample_flag_numeric|availability_caveat|current_rushing_yards|current_receiving_yards|current_rushing_first_downs|current_receiving_first_downs|current_touches_per_game|...(+39 columns),packet-specific immutable runs; some local receipts only,multiple scoring/rank systems conflict; position-threshold applicability must be explicit; not tracked at live HQ HEAD,1.0.0
art_9dcde3786a09dbf3,markdown/text,PRODUCT_CONSUMER,SUPPORTING_EVIDENCE,,LIVE_HQ,loc_163b4408206b7052c54c7b5d,,,,false,true,NO_DUPLICATE_FLAG,NOT_SUPERSEDED,SEPARATE_LEDGER_CONTROLS,REGISTERED_METADATA_ONLY,SOURCE_INVENTORY_SHA256_RECORDED,dbcb4b5c8f4b9c21232eb3ca2112c6788fdde4c36b854df8fadf92632381f1c1,N/A,markdown/text,live HQ at starting commit,authority is limited to the artifact's documented scope,1.0.0
art_9e33637e11b674c7,artifact|path|rows|sha256|display_only|diagnostic_only|model_use_allowed|app_wiring_allowed|blocked_source_scan|notes,ROOKIE_SEASON_AND_MULTI_YEAR_OUTCOME,SUPPORTING_EVIDENCE,,LOCAL_ONLY,loc_d2cc4dfa6bfd20b7026857be,,,,false,true,NO_DUPLICATE_FLAG,NOT_SUPERSEDED,SEPARATE_LEDGER_CONTROLS,REGISTERED_METADATA_ONLY,SOURCE_INVENTORY_SHA256_RECORDED,7a864f63851317b022eb2837e6b23a356fc74d8e0e388226adf46d17a3ba5cde,11,artifact|path|rows|sha256|display_only|diagnostic_only|model_use_allowed|app_wiring_allowed|blocked_source_scan|notes,packet-specific immutable runs; some local receipts only,multiple scoring/rank systems conflict; position-threshold applicability must be explicit; not tracked at live HQ HEAD,1.0.0
art_9ebd01fd7b533ff5,markdown/text,LATER_OUTCOME_RESEARCH,SUPPORTING_EVIDENCE,,LIVE_HQ,loc_1e11881fd2125570d3f74226,,,,false,true,NO_DUPLICATE_FLAG,NOT_SUPERSEDED,SEPARATE_LEDGER_CONTROLS,REGISTERED_METADATA_ONLY,SOURCE_INVENTORY_SHA256_RECORDED,569f1b61b55c2a33de40b16d160ecaeb6bf8078d9336ab520bfc7ecf9415f917,N/A,markdown/text,July 9 2026 research snapshots,authority is limited to the artifact's documented scope,1.0.0
art_9ec6866b0b2ea716,py,DRAFT_EVENT,SUPPORTING_EVIDENCE,,LIVE_HQ,loc_569e19bc078a5046cfb58bf6,,,,false,true,NO_DUPLICATE_FLAG,NOT_SUPERSEDED,SEPARATE_LEDGER_CONTROLS,REGISTERED_METADATA_ONLY,SOURCE_INVENTORY_SHA256_RECORDED,dace503ab144d9831a2c51dad0bb17a46536a0d99b36795c769927bdff7e83da,N/A,py,static completed draft events; source timestamps/receipt IDs incomplete in several derivatives,positive draft facts only; missing draft evidence remains unknown; current name+position joins are review-only,1.0.0
art_9ee7a4d81c926746,issue_id|title|source_feedback|priority|mode|lane|user_impact|acceptance_criteria|dependencies|risk|status,PRODUCT_CONSUMER,SUPPORTING_EVIDENCE,,LIVE_HQ,loc_bc39990a628008d3d5a652b8,,,,false,true,NO_DUPLICATE_FLAG,NOT_SUPERSEDED,SEPARATE_LEDGER_CONTROLS,REGISTERED_METADATA_ONLY,SOURCE_INVENTORY_SHA256_RECORDED,9b16b8704574ac1812ec9ae0c412a6e0fe583870d7af9bed5c46ee23c79ece91,26,issue_id|title|source_feedback|priority|mode|lane|user_impact|acceptance_criteria|dependencies|risk|status,live HQ at starting commit,authority is limited to the artifact's documented scope,1.0.0
art_9efc589793751d6e,markdown/text,ROOKIE_SEASON_AND_MULTI_YEAR_OUTCOME,SUPPORTING_EVIDENCE,,LIVE_HQ,loc_b80d7757995c7b466395705c,,,,false,true,NO_DUPLICATE_FLAG,NOT_SUPERSEDED,SEPARATE_LEDGER_CONTROLS,REGISTERED_METADATA_ONLY,SOURCE_INVENTORY_SHA256_RECORDED,6e842e8a68236f6923ca4f4a31199c94093e124fc6a4e784da75873f1054a6a7,N/A,markdown/text,packet-specific immutable runs; some local receipts only,multiple scoring/rank systems conflict; position-threshold applicability must be explicit,1.0.0
art_9f1543bd573d9bb9,gap|current_evidence|admitted_data|missing_or_gated|user_impact|classification|control,GOVERNANCE,CANONICAL_ADMITTED,,LIVE_HQ,loc_26def0b0b99293c581e29543,,,,true,false,NO_DUPLICATE_FLAG,NOT_SUPERSEDED,SEPARATE_LEDGER_CONTROLS,REGISTERED_METADATA_ONLY,SOURCE_INVENTORY_SHA256_RECORDED,46394d1cdbf38c7cf03734ef0083d2713dd7fecd675785c5f625ff1c2aa5a1e2,7,gap|current_evidence|admitted_data|missing_or_gated|user_impact|classification|control,versioned canonical packet,authority is limited to the artifact's documented scope,1.0.0
art_9f4fdc2cd92c26eb,player_id|player_name|position|rookie_class_year|height|weight|bmi|forty_time|speed_score|vertical|broad|three_cone|shuttle|bench|arm_length|hand_size|measurement_source|combine_vs_pro_day_flag|measurement_status|data_quality_status|review_only|model_use_allowed|training_allowed,PRE_DRAFT,DUPLICATE_EQUIVALENT,,LOCAL_ONLY,loc_aae60804cb09efc10d3f6d88,,,,false,true,DUPLICATE_RECORDED,NOT_SUPERSEDED,SEPARATE_LEDGER_CONTROLS,REGISTERED_METADATA_ONLY,SOURCE_INVENTORY_SHA256_RECORDED,37c69f61b15593b35a9205acdb9fb36b17a3a68dcc870b9c6bfe905fb54ce434,157,player_id|player_name|position|rookie_class_year|height|weight|bmi|forty_time|speed_score|vertical|broad|three_cone|shuttle|bench|arm_length|hand_size|measurement_source|combine_vs_pro_day_flag|measurement_status|data_quality_status|review_only|model_use_allowed|training_allowed,June 30 2026; measurement source timestamp incomplete,contains 50 exact duplicate row groups / 50 excess rows; no dedup performed; not tracked at live HQ HEAD,1.0.0
art_9f6173d9dd92f915,markdown/text,ROOKIE_SEASON_AND_MULTI_YEAR_OUTCOME,SUPPORTING_EVIDENCE,,LIVE_HQ,loc_3b16a5134201d75ac63af4f9,,,,false,true,NO_DUPLICATE_FLAG,NOT_SUPERSEDED,SEPARATE_LEDGER_CONTROLS,REGISTERED_METADATA_ONLY,SOURCE_INVENTORY_SHA256_RECORDED,1a9d4557e7192d38026b7340f4a0bc514f5149dfd2578b3a9d5c1210a489bff0,N/A,markdown/text,packet-specific immutable runs; some local receipts only,multiple scoring/rank systems conflict; position-threshold applicability must be explicit,1.0.0
art_9f65e255e6e8efb5,py,CROSS_LIFECYCLE,SUPPORTING_EVIDENCE,,LIVE_HQ,loc_ee095bfbe77cb0b905e8f83c,,,,false,true,NO_DUPLICATE_FLAG,NOT_SUPERSEDED,SEPARATE_LEDGER_CONTROLS,REGISTERED_METADATA_ONLY,SOURCE_INVENTORY_SHA256_RECORDED,cbb16e8f86a831e3710c70cd2f17e1f5fffedbcdf4d97e14084300822a02ab88,N/A,py,packet-specific snapshot,authority is limited to the artifact's documented scope,1.0.0
art_9f7fa6ebfe258d18,py,PRODUCT_CONSUMER,SUPPORTING_EVIDENCE,,LIVE_HQ,loc_c71449ae0135d0972dc66d05,,,,false,true,NO_DUPLICATE_FLAG,NOT_SUPERSEDED,SEPARATE_LEDGER_CONTROLS,REGISTERED_METADATA_ONLY,SOURCE_INVENTORY_SHA256_RECORDED,2422e980a40c5c501f703e17510f4715f47f7bd627c53634cfcf2be02c3212da,N/A,py,live HQ at starting commit,authority is limited to the artifact's documented scope,1.0.0
art_9faf4af48974c01b,markdown/text,LATER_OUTCOME_RESEARCH,SUPPORTING_EVIDENCE,,LIVE_HQ,loc_b19ba596ec80fbccd8b0836d,,,,false,true,NO_DUPLICATE_FLAG,NOT_SUPERSEDED,SEPARATE_LEDGER_CONTROLS,REGISTERED_METADATA_ONLY,SOURCE_INVENTORY_SHA256_RECORDED,07d803143e36192294cd0f343f47c9d06819cb9a07b95d2af362a1bb9fdd8402,N/A,markdown/text,versioned June-July 2026 review snapshots,review-only; formula work paused; current proxy/zero encodings cannot become evidence truth; retain scoring/window semantics,1.0.0
art_9fbb997dad50015c,markdown/text,LATER_OUTCOME_RESEARCH,SUPPORTING_EVIDENCE,,LIVE_HQ,loc_5a8e1744f78c7cd7a4ce89b7,,,,false,true,NO_DUPLICATE_FLAG,NOT_SUPERSEDED,SEPARATE_LEDGER_CONTROLS,REGISTERED_METADATA_ONLY,SOURCE_INVENTORY_SHA256_RECORDED,c20322402b76670ea40e7f0ba55238ee9448a39f4d75b026f08db05b3031625a,N/A,markdown/text,July 9 2026 research snapshots,authority is limited to the artifact's documented scope,1.0.0
art_9fd0150cdd777563,markdown/text,GOVERNANCE,CANONICAL_ADMITTED,,LIVE_HQ,loc_13303759030c04dab97195a4,,,,true,false,NO_DUPLICATE_FLAG,NOT_SUPERSEDED,SEPARATE_LEDGER_CONTROLS,REGISTERED_METADATA_ONLY,SOURCE_INVENTORY_SHA256_RECORDED,3d5a7a655a57f333a91b1e914ac6ab80264219ff817b9285ee0f92c8ab56c4d2,N/A,markdown/text,versioned policy snapshot,authority is limited to the artifact's documented scope,1.0.0
art_9fdd3a11f19ec2f6,markdown/text,LATER_OUTCOME_RESEARCH,SUPPORTING_EVIDENCE,,LIVE_HQ,loc_e7a3e8c835b60d09378a9eaf,,,,false,true,NO_DUPLICATE_FLAG,NOT_SUPERSEDED,SEPARATE_LEDGER_CONTROLS,REGISTERED_METADATA_ONLY,SOURCE_INVENTORY_SHA256_RECORDED,c17bbae3c94deff2f559f353f95a9ace523e1e3f47ae635ac901836d5206cd8b,N/A,markdown/text,July 9 2026 research snapshots,authority is limited to the artifact's documented scope,1.0.0
art_9ff01e8c811af250,file,PRE_DRAFT_LEGACY,LOCAL_ONLY_RESTRICTED,,LOCAL_ONLY_RESTRICTED,loc_53a05c4812c38e35db9cb2ba,,,,false,true,NO_DUPLICATE_FLAG,NOT_SUPERSEDED,NO_RECREATE_REQUIRED,REGISTERED_METADATA_ONLY,WITHHELD_OR_NOT_PERMITTED,,N/A,restricted aggregate; content withheld,recovered local artifact,"Restricted aggregate metadata only; raw paths, provider content, private identifiers, and reversible locator material are withheld.",1.0.0
art_a0034eb58c041c40,run_id|season|cfbd_player_id|player_name|college_team|position|stat_category|games|stat_1_name|stat_1_value|stat_2_name|stat_2_value|stat_3_name|stat_3_value|stat_4_name|stat_4_value|stat_5_name|stat_5_value|source_dataset|identity_review_required|model_use_allowed|training_allowed|review_only|notes,PRE_DRAFT,SOURCE_UNADMITTED,,LIVE_HQ,loc_9fa2d81cd4afd79540986f4a,,,,false,true,NO_DUPLICATE_FLAG,NOT_SUPERSEDED,SEPARATE_LEDGER_CONTROLS,REGISTERED_METADATA_ONLY,SOURCE_INVENTORY_SHA256_RECORDED,227a033431bd2ce10c40ab82d5818642093ba57260e4b298d0e326b498c186d7,16938,run_id|season|cfbd_player_id|player_name|college_team|position|stat_category|games|stat_1_name|stat_1_value|stat_2_name|stat_2_value|stat_3_name|stat_3_value|stat_4_name|stat_4_value|stat_5_name|stat_5_value|source_dataset|identity_review_required|model_use_allowed|training_allowed|review_only|notes,run 2026-06-26; mutable source; row-level as-of incomplete,"raw cache remains outside Git; rights, hashes, and production gates are incomplete",1.0.0
art_a076838e2b03ac64,markdown/text,CROSS_LIFECYCLE,SUPPORTING_EVIDENCE,,LIVE_HQ,loc_4938ece382525592a133c014,,,,false,true,NO_DUPLICATE_FLAG,NOT_SUPERSEDED,SEPARATE_LEDGER_CONTROLS,REGISTERED_METADATA_ONLY,SOURCE_INVENTORY_SHA256_RECORDED,a9166b8aae070137be888475643cac54d757fbb257acafc2a63f7bde577b9350,N/A,markdown/text,packet-specific snapshot,authority is limited to the artifact's documented scope,1.0.0
art_a10eb902ccae1ef8,markdown/text,PRODUCT_CONSUMER,SUPPORTING_EVIDENCE,,LIVE_HQ,loc_79db2848837ad35bb5c0304f,,,,false,true,NO_DUPLICATE_FLAG,NOT_SUPERSEDED,SEPARATE_LEDGER_CONTROLS,REGISTERED_METADATA_ONLY,SOURCE_INVENTORY_SHA256_RECORDED,b4d75ba42c36acb3ded9fb495ced49a71cd073ddc0705b7eae5c08453ee46702,N/A,markdown/text,live HQ at starting commit,authority is limited to the artifact's documented scope,1.0.0
art_a132c230ca3abc91,py,PRODUCT_CONSUMER,SUPPORTING_EVIDENCE,,LIVE_HQ,loc_325ee34159eb60928f8ec1c4,,,,false,true,NO_DUPLICATE_FLAG,NOT_SUPERSEDED,SEPARATE_LEDGER_CONTROLS,REGISTERED_METADATA_ONLY,SOURCE_INVENTORY_SHA256_RECORDED,127fc58ef15454cbf612533054085a5d2df263bc0d5c05ba44a86e4ca01de71a,N/A,py,live HQ at starting commit,authority is limited to the artifact's documented scope,1.0.0
art_a1bc966321ba1a4c,markdown/text,PRE_DRAFT_TO_MULTI_YEAR_LEGACY,SUPPORTING_EVIDENCE,,LIVE_HQ,loc_c6f1efa30a9ad27291b59667,,,,false,true,NO_DUPLICATE_FLAG,NOT_SUPERSEDED,SEPARATE_LEDGER_CONTROLS,REGISTERED_METADATA_ONLY,SOURCE_INVENTORY_SHA256_RECORDED,bf01385aef317888a8722a75ed39b127c06b202262c43c6107fc10d736e04a12,N/A,markdown/text,legacy baseline; superseded by June 29-30 review-only gates,legacy source/use claims are superseded; provider content and name-key joins are restricted,1.0.0
art_a210348094431931,py,DRAFT_EVENT,SUPPORTING_EVIDENCE,,LIVE_HQ,loc_4509e105ffd24ffd4fc9ee4a,,,,false,true,NO_DUPLICATE_FLAG,NOT_SUPERSEDED,SEPARATE_LEDGER_CONTROLS,REGISTERED_METADATA_ONLY,SOURCE_INVENTORY_SHA256_RECORDED,3777450ddedf3273ccfaef91ff8790faf76a8718c14128c7f66652434d8805e0,N/A,py,June 30 2026 packet snapshots,likely/confirmed-review-only must not be treated as verified undrafted truth,1.0.0
art_a210fb8d552f832a,markdown/text,PRE_DRAFT_AND_TIMING_GOVERNANCE,SUPPORTING_EVIDENCE,,LIVE_HQ,loc_bdc3ed8e3f833c3a024324ee,,,,false,true,NO_DUPLICATE_FLAG,NOT_SUPERSEDED,SEPARATE_LEDGER_CONTROLS,REGISTERED_METADATA_ONLY,SOURCE_INVENTORY_SHA256_RECORDED,81cf66b657d1c7508ee3a255c86d970132592a058fdff2654360288f95897ea4,N/A,markdown/text,as-of policy present; zero experiment-ready player/feature rows,authority is limited to the artifact's documented scope,1.0.0
art_a215aee6292b8616,variant_id|source_rule_family|window|reference_formula|reference_id|net_miss_reduction|misses_resolved|new_misses_created|false_positive_change|false_negative_change|severe_false_positive_change|severe_false_negative_change|spearman_delta|top12_precision_delta|top24_precision_delta|top36_precision_delta|position_level_impact|sparse_history_impact|non_sparse_collateral_damage|collateral_status|classification|pass_fail_status|pass_fail_reasons,LATER_OUTCOME_RESEARCH,SUPPORTING_EVIDENCE,,LIVE_HQ,loc_eb7717208d08063186cb73f9,,,,false,true,NO_DUPLICATE_FLAG,NOT_SUPERSEDED,SEPARATE_LEDGER_CONTROLS,REGISTERED_METADATA_ONLY,SOURCE_INVENTORY_SHA256_RECORDED,fb2144d42b853d9ab475e38c07b05944d3f7c62e844b15e955e2a34716e2401e,100,variant_id|source_rule_family|window|reference_formula|reference_id|net_miss_reduction|misses_resolved|new_misses_created|false_positive_change|false_negative_change|severe_false_positive_change|severe_false_negative_change|spearman_delta|top12_precision_delta|top24_precision_delta|top36_precision_delta|position_level_impact|sparse_history_impact|non_sparse_collateral_damage|collateral_status|classification|pass_fail_status|pass_fail_reasons,July 9 2026 research snapshots,authority is limited to the artifact's documented scope,1.0.0
art_a2378361efa4b127,py,DRAFT_EVENT_TO_ROOKIE_OUTCOME_BRIDGE,SUPPORTING_EVIDENCE,,LIVE_HQ,loc_e820994bb1b1293ca7d9e1a2,,,,false,true,NO_DUPLICATE_FLAG,NOT_SUPERSEDED,SEPARATE_LEDGER_CONTROLS,REGISTERED_METADATA_ONLY,SOURCE_INVENTORY_SHA256_RECORDED,262c5d80bf6ec58bb9dcd28c27159ada4843e7324c43145cfe0ed388fc0c5409,N/A,py,local run 2026-06-29; raw input receipt/hash incomplete,authority is limited to the artifact's documented scope,1.0.0
art_a2a1593369e7e8b2,input_or_label_family|status|evidence|decision_date_safe|current_or_future_risk|allowed_use|caveat|next_gate,LATER_OUTCOME_RESEARCH,SUPPORTING_EVIDENCE,,LIVE_HQ,loc_408b7b01a1a8f4a91f0c1e9b,,,,false,true,NO_DUPLICATE_FLAG,NOT_SUPERSEDED,SEPARATE_LEDGER_CONTROLS,REGISTERED_METADATA_ONLY,SOURCE_INVENTORY_SHA256_RECORDED,18a8acda16d959bc1bae8bbdd682ad171b44adf564d4b9cc3649f37cd144c1a7,14,input_or_label_family|status|evidence|decision_date_safe|current_or_future_risk|allowed_use|caveat|next_gate,versioned June-July 2026 review snapshots,review-only; formula work paused; current proxy/zero encodings cannot become evidence truth; retain scoring/window semantics,1.0.0
art_a331e6163d8226ab,markdown/text,DRAFT_EVENT,SUPPORTING_EVIDENCE,,LIVE_HQ,loc_821c892b9c9f3bc53ec0357e,,,,false,true,NO_DUPLICATE_FLAG,NOT_SUPERSEDED,SEPARATE_LEDGER_CONTROLS,REGISTERED_METADATA_ONLY,SOURCE_INVENTORY_SHA256_RECORDED,6a426296bc0248e562af318e0681d7e7ca585d1e5e990d97f0383749e4d42e66,N/A,markdown/text,static completed draft events; source timestamps/receipt IDs incomplete in several derivatives,positive draft facts only; missing draft evidence remains unknown; current name+position joins are review-only,1.0.0
art_a3342c6f291b95a3,markdown/text,ROOKIE_SEASON_AND_MULTI_YEAR_OUTCOME,SUPPORTING_EVIDENCE,,LIVE_HQ,loc_e6fbeff90b91427274330d29,,,,false,true,NO_DUPLICATE_FLAG,NOT_SUPERSEDED,SEPARATE_LEDGER_CONTROLS,REGISTERED_METADATA_ONLY,SOURCE_INVENTORY_SHA256_RECORDED,578f6494f41472575aece99f6d12257a9dec9699870a0e6925f173919ca30c00,N/A,markdown/text,packet-specific immutable runs; some local receipts only,multiple scoring/rank systems conflict; position-threshold applicability must be explicit,1.0.0
art_a33dc5c13a766db7,py,PRODUCT_CONSUMER,SUPPORTING_EVIDENCE,,LIVE_HQ,loc_0437f5be81599fadea3dfdf8,,,,false,true,NO_DUPLICATE_FLAG,NOT_SUPERSEDED,SEPARATE_LEDGER_CONTROLS,REGISTERED_METADATA_ONLY,SOURCE_INVENTORY_SHA256_RECORDED,7347eebc95dfd5ec15662925c00c344b9330a43904d6836f23861a7bbeac2a2e,N/A,py,live HQ at starting commit,authority is limited to the artifact's documented scope,1.0.0
art_a35346c8dc3b5f47,markdown/text,ROOKIE_SEASON_AND_MULTI_YEAR_OUTCOME,SUPPORTING_EVIDENCE,,LIVE_HQ,loc_55fad5c0cd7e6adfb46b3772,,,,false,true,NO_DUPLICATE_FLAG,NOT_SUPERSEDED,SEPARATE_LEDGER_CONTROLS,REGISTERED_METADATA_ONLY,SOURCE_INVENTORY_SHA256_RECORDED,758de4e0da41a94de00f21cfe7e1b8a203b35dbb274c4409eb5b37d1f0e2f487,N/A,markdown/text,packet-specific 2026 receipts,authority is limited to the artifact's documented scope,1.0.0
art_a37f1fad784f5985,algorithm_id|algorithm_family|algorithm_name|development_composite_score|development_next_points_spearman|development_future3_spearman|development_rank_mae|development_top_precision|development_top_recall|development_bust_avoidance|development_cornerstone_safety|holdout_composite_score|holdout_next_points_spearman|holdout_rank_mae|stress_2025_next_points_spearman|complexity_score|winner_selection_basis|beats_simple_baseline_multiple_checks|finalist_selection_note|development_to_holdout_drop|overfit_risk,ROOKIE_SEASON_AND_MULTI_YEAR_OUTCOME,SUPPORTING_EVIDENCE,,LOCAL_ONLY,loc_a4b51a042a68ebe52a3d6ae0,,,,false,true,NO_DUPLICATE_FLAG,NOT_SUPERSEDED,SEPARATE_LEDGER_CONTROLS,REGISTERED_METADATA_ONLY,SOURCE_INVENTORY_SHA256_RECORDED,7660a04c510c496d3910b16b5410a48970e49ebb2f4f01eac04adbf27174691f,33,algorithm_id|algorithm_family|algorithm_name|development_composite_score|development_next_points_spearman|development_future3_spearman|development_rank_mae|development_top_precision|development_top_recall|development_bust_avoidance|development_cornerstone_safety|holdout_composite_score|holdout_next_points_spearman|holdout_rank_mae|stress_2025_next_points_spearman|complexity_score|winner_selection_basis|beats_simple_baseline_multiple_checks|finalist_selection_note|development_to_holdout_drop|overfit_risk,packet-specific 2026 receipts,not tracked at live HQ HEAD,1.0.0
art_a3a2d6309d533e16,markdown/text,ROOKIE_SEASON_AND_MULTI_YEAR_OUTCOME,SUPPORTING_EVIDENCE,,LIVE_HQ,loc_97a0fb5365d4e994e319815e,,,,false,true,NO_DUPLICATE_FLAG,NOT_SUPERSEDED,SEPARATE_LEDGER_CONTROLS,REGISTERED_METADATA_ONLY,SOURCE_INVENTORY_SHA256_RECORDED,ac0e14382484de5e3b0ab29c0d125b740751bd503eef01693ac763849b6c6e2c,N/A,markdown/text,packet-specific immutable runs; some local receipts only,multiple scoring/rank systems conflict; position-threshold applicability must be explicit,1.0.0
art_a3a81b53c8c271a9,feature|source_columns|lag_rule|available_before_target|missing_data_behavior,ROOKIE_SEASON_AND_MULTI_YEAR_OUTCOME,SUPPORTING_EVIDENCE,,LOCAL_ONLY,loc_bec6fd616f50f816227d807a,,,,false,true,NO_DUPLICATE_FLAG,NOT_SUPERSEDED,SEPARATE_LEDGER_CONTROLS,REGISTERED_METADATA_ONLY,SOURCE_INVENTORY_SHA256_RECORDED,8059be910a848d1fbc19a25e94fa98fceb65deaee3328795a0f38a16107f53d9,10,feature|source_columns|lag_rule|available_before_target|missing_data_behavior,packet-specific 2026 receipts,not tracked at live HQ HEAD,1.0.0
art_a3b78bcb3f756f1a,markdown/text,PRODUCT_CONSUMER,SUPPORTING_EVIDENCE,,LIVE_HQ,loc_0f6564c7b99deb84235a81af,,,,false,true,NO_DUPLICATE_FLAG,NOT_SUPERSEDED,SEPARATE_LEDGER_CONTROLS,REGISTERED_METADATA_ONLY,SOURCE_INVENTORY_SHA256_RECORDED,97b629240ab73e776aa940332e3b278008e5a9b7fbe52c0b6bbc2a693986c430,N/A,markdown/text,live HQ at starting commit,authority is limited to the artifact's documented scope,1.0.0
art_a3f4398628ff3430,markdown/text,LATER_OUTCOME_RESEARCH,SUPPORTING_EVIDENCE,,LIVE_HQ,loc_ed8a6c35c04b60a63394bc0d,,,,false,true,NO_DUPLICATE_FLAG,NOT_SUPERSEDED,SEPARATE_LEDGER_CONTROLS,REGISTERED_METADATA_ONLY,SOURCE_INVENTORY_SHA256_RECORDED,e2b13bc5e4ac4dc9c924e5cfd20084782299811369632da3dd532c3a24411adf,N/A,markdown/text,July 9 2026 research snapshots,authority is limited to the artifact's documented scope,1.0.0
art_a40c1b4a86a2b068,component_family|component_name|source_fields_used|source_rows_observed|sidecar_rows_created|explicit_zero_rows_created|nonzero_rows_created|seasons_covered|weeks_covered|positions_covered|mapping_status|safe_for_observed_row_parity|safe_for_global_scoring_parity|label_truth_allowed|model_use_allowed|training_allowed|source_truth_allowed|blocker_reason|notes,ROOKIE_SEASON_AND_MULTI_YEAR_OUTCOME,SUPPORTING_EVIDENCE,,LIVE_HQ,loc_6e63eec524b58c865841cca8,,,,false,true,NO_DUPLICATE_FLAG,NOT_SUPERSEDED,SEPARATE_LEDGER_CONTROLS,REGISTERED_METADATA_ONLY,SOURCE_INVENTORY_SHA256_RECORDED,e109d418583c2608dc63560e9da95fc0b0ace91219bea431293aa3aa2954d32e,23,component_family|component_name|source_fields_used|source_rows_observed|sidecar_rows_created|explicit_zero_rows_created|nonzero_rows_created|seasons_covered|weeks_covered|positions_covered|mapping_status|safe_for_observed_row_parity|safe_for_global_scoring_parity|label_truth_allowed|model_use_allowed|training_allowed|source_truth_allowed|blocker_reason|notes,packet-specific immutable runs; some local receipts only,multiple scoring/rank systems conflict; position-threshold applicability must be explicit,1.0.0
art_a4bd53e03575a05b,markdown/text,ROOKIE_SEASON_AND_MULTI_YEAR_OUTCOME,SUPPORTING_EVIDENCE,,LIVE_HQ,loc_2d59323e6c2f0115edeb949d,,,,false,true,NO_DUPLICATE_FLAG,NOT_SUPERSEDED,SEPARATE_LEDGER_CONTROLS,REGISTERED_METADATA_ONLY,SOURCE_INVENTORY_SHA256_RECORDED,1f454cfc34bd2d6098ec94a48249c2043ed48bb9464f8cf57cd073a3f215b0a0,N/A,markdown/text,packet-specific immutable runs; some local receipts only,multiple scoring/rank systems conflict; position-threshold applicability must be explicit,1.0.0
art_a573c6c952a7cc1a,markdown/text,ROOKIE_SEASON_AND_MULTI_YEAR_OUTCOME,SUPERSEDED,,LIVE_HQ,loc_5016451adb90f56122e781bf,,,,false,true,NO_DUPLICATE_FLAG,SUPERSEDED_RECORDED,SEPARATE_LEDGER_CONTROLS,REGISTERED_METADATA_ONLY,SOURCE_INVENTORY_SHA256_RECORDED,3275dfcc35c5b19b7e06cb687e1248dd276f778e3f0600a1daecfcdc536b20cd,N/A,markdown/text,local run 2026-06-29; latest factual outcome season 2024,drafted-only; link availability differs from usable value availability; incomplete windows are censored,1.0.0
art_a596e0267f247866,markdown/text,DRAFT_EVENT,SUPPORTING_EVIDENCE,,LIVE_HQ,loc_df896f56997fb271b8986fbf,,,,false,true,NO_DUPLICATE_FLAG,NOT_SUPERSEDED,SEPARATE_LEDGER_CONTROLS,REGISTERED_METADATA_ONLY,SOURCE_INVENTORY_SHA256_RECORDED,27fb919b6f6a948abb4cbbcc36b101d05204ec0fdf043b46c86421a82e468785,N/A,markdown/text,static completed draft events; source timestamps/receipt IDs incomplete in several derivatives,positive draft facts only; missing draft evidence remains unknown; current name+position joins are review-only,1.0.0
art_a617654b3d5dcd78,markdown/text,PRE_DRAFT,SUPPORTING_EVIDENCE,,LIVE_HQ,loc_575001a9bd7b9e1b3919a3e5,,,,false,true,NO_DUPLICATE_FLAG,NOT_SUPERSEDED,SEPARATE_LEDGER_CONTROLS,REGISTERED_METADATA_ONLY,SOURCE_INVENTORY_SHA256_RECORDED,bebf92eaa9d9df37ee847ba84d60abe91c6373ccf3cee9f5829ebda1442d75d9,N/A,markdown/text,June 30 2026; measurement source timestamp incomplete,authority is limited to the artifact's documented scope,1.0.0
art_a66a2c716c8d2476,markdown/text,ROOKIE_SEASON_AND_MULTI_YEAR_OUTCOME,SUPPORTING_EVIDENCE,,LIVE_HQ,loc_6f185822d08b274ca011b0dd,,,,false,true,NO_DUPLICATE_FLAG,NOT_SUPERSEDED,SEPARATE_LEDGER_CONTROLS,REGISTERED_METADATA_ONLY,SOURCE_INVENTORY_SHA256_RECORDED,a4f3fae167447cbfde04ba5eb0c73ab53422d7e8b85743328f7b895f68672d80,N/A,markdown/text,local run 2026-06-29; latest factual outcome season 2024,drafted-only; link availability differs from usable value availability; incomplete windows are censored,1.0.0
art_a69ab5107ba0d980,panel|label|artifact_column|source_dataset|display_condition|missing_rule|guardrail_note,PRODUCT_CONSUMER,SUPPORTING_EVIDENCE,,LIVE_HQ,loc_9a9d2ee954573b304088048b,,,,false,true,NO_DUPLICATE_FLAG,NOT_SUPERSEDED,SEPARATE_LEDGER_CONTROLS,REGISTERED_METADATA_ONLY,SOURCE_INVENTORY_SHA256_RECORDED,527cc757942e8f95f6af061a910704abcc053294d48d2936d7d415555d60e07f,33,panel|label|artifact_column|source_dataset|display_condition|missing_rule|guardrail_note,live HQ at starting commit,authority is limited to the artifact's documented scope,1.0.0
art_a6a356bb7ffc3bf2,markdown/text,ROOKIE_SEASON_AND_MULTI_YEAR_OUTCOME,SUPPORTING_EVIDENCE,,LIVE_HQ,loc_42a520474bfc476291816542,,,,false,true,NO_DUPLICATE_FLAG,NOT_SUPERSEDED,SEPARATE_LEDGER_CONTROLS,REGISTERED_METADATA_ONLY,SOURCE_INVENTORY_SHA256_RECORDED,d6a202d16213e053cdff70c3ebedafabe8d66bc77148b15ef2b448d6f978e394,N/A,markdown/text,packet-specific immutable runs; some local receipts only,multiple scoring/rank systems conflict; position-threshold applicability must be explicit,1.0.0
art_a6a8a6fe741f6532,markdown/text,ROOKIE_SEASON_AND_MULTI_YEAR_OUTCOME,SUPPORTING_EVIDENCE,,LIVE_HQ,loc_b1dfdedd58ac957f3267fd0d,,,,false,true,NO_DUPLICATE_FLAG,NOT_SUPERSEDED,SEPARATE_LEDGER_CONTROLS,REGISTERED_METADATA_ONLY,SOURCE_INVENTORY_SHA256_RECORDED,51ab7cabfc9a4f89a6fbe7b9384a387fa5c43322fd06c0a2dd94ef4e90ba7eba,N/A,markdown/text,packet-specific immutable runs; some local receipts only,multiple scoring/rank systems conflict; position-threshold applicability must be explicit,1.0.0
art_a6b81622fe8686f5,markdown/text,ROOKIE_SEASON_AND_MULTI_YEAR_OUTCOME,SUPPORTING_EVIDENCE,,LIVE_HQ,loc_f3de1b0d3d5b2e7b66b50d6b,,,,false,true,NO_DUPLICATE_FLAG,NOT_SUPERSEDED,SEPARATE_LEDGER_CONTROLS,REGISTERED_METADATA_ONLY,SOURCE_INVENTORY_SHA256_RECORDED,b007b6304ef97d10e35e20c42693627d8f4cd2ced232e8907e267297e67e4bf7,N/A,markdown/text,packet-specific immutable runs; some local receipts only,multiple scoring/rank systems conflict; position-threshold applicability must be explicit,1.0.0
art_a6dd8e94346825c6,algorithm_id|algorithm_family|season|split|bust_candidates|bust_count|bust_rate|bust_avoidance_score,ROOKIE_SEASON_AND_MULTI_YEAR_OUTCOME,SUPPORTING_EVIDENCE,,LOCAL_ONLY,loc_e3599530b24df324f1e2727c,,,,false,true,NO_DUPLICATE_FLAG,NOT_SUPERSEDED,SEPARATE_LEDGER_CONTROLS,REGISTERED_METADATA_ONLY,SOURCE_INVENTORY_SHA256_RECORDED,87938d588b8d7f535a6f2c8a56ecf5fb151bda3f2eeab19ada706373dab4da6c,693,algorithm_id|algorithm_family|season|split|bust_candidates|bust_count|bust_rate|bust_avoidance_score,packet-specific 2026 receipts,not tracked at live HQ HEAD,1.0.0
art_a7188417b7eb705e,markdown/text,ROOKIE_SEASON_AND_MULTI_YEAR_OUTCOME,SUPPORTING_EVIDENCE,,LIVE_HQ,loc_32a0555a7cdc123ef124cf74,,,,false,true,NO_DUPLICATE_FLAG,NOT_SUPERSEDED,SEPARATE_LEDGER_CONTROLS,REGISTERED_METADATA_ONLY,SOURCE_INVENTORY_SHA256_RECORDED,bdf2b2a4711768e9d06ca7919ebe4fdff9bc46cde2673a777d5fc19f988a83e2,N/A,markdown/text,packet-specific immutable runs; some local receipts only,multiple scoring/rank systems conflict; position-threshold applicability must be explicit,1.0.0
art_a72bf20dedc8ff0a,draft_year|prospect_id|player_name|position|school|as_of_date|source|draft_capital_score|age_trajectory_score|production_score|efficiency_score|target_earning_score|rushing_profile_score|receiving_role_score|athleticism_score|lve_position_fit_score|confidence_score|source_notes,PRE_DRAFT_TO_MULTI_YEAR_LEGACY,SUPERSEDED,,LIVE_HQ,loc_4af37a8ed38966bfba56d170,,,,false,true,NO_DUPLICATE_FLAG,SUPERSEDED_RECORDED,SEPARATE_LEDGER_CONTROLS,REGISTERED_METADATA_ONLY,SOURCE_INVENTORY_SHA256_RECORDED,5daf99b2bd3fce237abfc14dda933712f228c1088f42a21b4dcb074a809e4219,60,draft_year|prospect_id|player_name|position|school|as_of_date|source|draft_capital_score|age_trajectory_score|production_score|efficiency_score|target_earning_score|rushing_profile_score|receiving_role_score|athleticism_score|lve_position_fit_score|confidence_score|source_notes,legacy baseline; superseded by June 29-30 review-only gates,legacy source/use claims are superseded; provider content and name-key joins are restricted,1.0.0
art_a767297dfe04a99d,markdown/text,ROOKIE_SEASON_AND_MULTI_YEAR_OUTCOME,SUPPORTING_EVIDENCE,,LIVE_HQ,loc_9540e46d7f5e8df47550d4fa,,,,false,true,NO_DUPLICATE_FLAG,NOT_SUPERSEDED,SEPARATE_LEDGER_CONTROLS,REGISTERED_METADATA_ONLY,SOURCE_INVENTORY_SHA256_RECORDED,6b19097fff446fe68a2dd429700c36e4dd022f4496dba3bff4f5529ba54d8ecc,N/A,markdown/text,packet-specific immutable runs; some local receipts only,multiple scoring/rank systems conflict; position-threshold applicability must be explicit,1.0.0
art_a784b1f855d24c6a,markdown/text,CROSS_LIFECYCLE_IDENTITY,SUPPORTING_EVIDENCE,,LIVE_HQ,loc_3adccb7888e4e096987e2edf,,,,false,true,NO_DUPLICATE_FLAG,NOT_SUPERSEDED,SEPARATE_LEDGER_CONTROLS,REGISTERED_METADATA_ONLY,SOURCE_INVENTORY_SHA256_RECORDED,edecff7514dd46b9d4a9eec4a663069b6ef47fac834b303d8c0fb90bdcea7eea,N/A,markdown/text,June 23-30 2026 snapshots,authority is limited to the artifact's documented scope,1.0.0
art_a7a34e1eba51e861,markdown/text,LATER_OUTCOME_RESEARCH,SUPPORTING_EVIDENCE,,LIVE_HQ,loc_4d06fdbf783af775e72cf3a9,,,,false,true,NO_DUPLICATE_FLAG,NOT_SUPERSEDED,SEPARATE_LEDGER_CONTROLS,REGISTERED_METADATA_ONLY,SOURCE_INVENTORY_SHA256_RECORDED,452407dc805fe211f705d1faf2404094e48402e053f4fb18c24cf55c11ce968f,N/A,markdown/text,July 9 2026 research snapshots,authority is limited to the artifact's documented scope,1.0.0
art_a7cf1714bd7f3408,markdown/text,GOVERNANCE,CANONICAL_ADMITTED,,LIVE_HQ,loc_8a15870b81fe6435435722e7,,,,true,false,NO_DUPLICATE_FLAG,NOT_SUPERSEDED,SEPARATE_LEDGER_CONTROLS,REGISTERED_METADATA_ONLY,SOURCE_INVENTORY_SHA256_RECORDED,c3b66b0ed69328da99623c34cce7f28c63f1318f5be9c6849a372059414412c2,N/A,markdown/text,versioned canonical packet,authority is limited to the artifact's documented scope,1.0.0
art_a812f9e5cd5a2825,markdown/text,ROOKIE_SEASON_AND_MULTI_YEAR_OUTCOME,SUPPORTING_EVIDENCE,,LIVE_HQ,loc_f0b6276b676fa491f225159c,,,,false,true,NO_DUPLICATE_FLAG,NOT_SUPERSEDED,SEPARATE_LEDGER_CONTROLS,REGISTERED_METADATA_ONLY,SOURCE_INVENTORY_SHA256_RECORDED,c6fbe6978a4e694032e7574fd4edf9cf31add308fa09df354683c64e3f1f9f67,N/A,markdown/text,local run 2026-06-29; latest factual outcome season 2024,drafted-only; link availability differs from usable value availability; incomplete windows are censored,1.0.0
art_a83c268c4f63c857,position|false_positive_trap|trap_rows|false_positive_sparse_rows|share|policy_response,LATER_OUTCOME_RESEARCH,SUPPORTING_EVIDENCE,,LIVE_HQ,loc_37050d492ed2ec617100273b,,,,false,true,NO_DUPLICATE_FLAG,NOT_SUPERSEDED,SEPARATE_LEDGER_CONTROLS,REGISTERED_METADATA_ONLY,SOURCE_INVENTORY_SHA256_RECORDED,31649a34d37b0d1ba0c5e378ca99a53dbeb95fd7c10426a8d9b2de33d2ddc1a7,24,position|false_positive_trap|trap_rows|false_positive_sparse_rows|share|policy_response,July 9 2026 research snapshots,authority is limited to the artifact's documented scope,1.0.0
art_a88237c1a7e86e00,markdown/text,ROOKIE_SEASON_AND_MULTI_YEAR_OUTCOME,SUPPORTING_EVIDENCE,,LIVE_HQ,loc_0a987a708392bab80d721676,,,,false,true,NO_DUPLICATE_FLAG,NOT_SUPERSEDED,SEPARATE_LEDGER_CONTROLS,REGISTERED_METADATA_ONLY,SOURCE_INVENTORY_SHA256_RECORDED,5e2d045f8bb8147fa0bd35c16489692dd9a305fcf50a61489bff08ab59f778e8,N/A,markdown/text,packet-specific immutable runs; some local receipts only,multiple scoring/rank systems conflict; position-threshold applicability must be explicit,1.0.0
art_a8b4a6a4823da358,markdown/text,GOVERNANCE,SUPPORTING_EVIDENCE,,LIVE_HQ,loc_523fb1b78bbf157eb8ec3878,,,,false,true,NO_DUPLICATE_FLAG,NOT_SUPERSEDED,SEPARATE_LEDGER_CONTROLS,REGISTERED_METADATA_ONLY,SOURCE_INVENTORY_SHA256_RECORDED,9bbf31fe01d91a38daf7bc1ef952e714bc18ec9b06cd57182a25d6bb3a6f432d,N/A,markdown/text,canonical closeout at starting HEAD,authority is limited to the artifact's documented scope,1.0.0
art_a8b4aa78568e91ba,markdown/text,PRE_DRAFT_TO_MULTI_YEAR_LEGACY,SUPPORTING_EVIDENCE,,LIVE_HQ,loc_75fe03a8d71c8ab833353522,,,,false,true,NO_DUPLICATE_FLAG,NOT_SUPERSEDED,SEPARATE_LEDGER_CONTROLS,REGISTERED_METADATA_ONLY,SOURCE_INVENTORY_SHA256_RECORDED,4d5750957c168f967cf8c4136dbcad1fcbd22f047bb22336a1c4683682a42bdb,N/A,markdown/text,legacy baseline; superseded by June 29-30 review-only gates,legacy source/use claims are superseded; provider content and name-key joins are restricted,1.0.0
art_a907ee9f1c42379d,markdown/text,DRAFT_EVENT,SUPPORTING_EVIDENCE,,LIVE_HQ,loc_b0acfeab996954848a2ce73c,,,,false,true,NO_DUPLICATE_FLAG,NOT_SUPERSEDED,SEPARATE_LEDGER_CONTROLS,REGISTERED_METADATA_ONLY,SOURCE_INVENTORY_SHA256_RECORDED,3652fb467e4f718a0acdc87b0b4c168193a8d0110571339c9c918cf53c97e0ee,N/A,markdown/text,June 30 2026 packet snapshots,likely/confirmed-review-only must not be treated as verified undrafted truth,1.0.0
art_a92e566a24b1b398,audit_item|result|evidence,ROOKIE_SEASON_AND_MULTI_YEAR_OUTCOME,SUPPORTING_EVIDENCE,,LOCAL_ONLY,loc_c7b793232f05782eb958441b,,,,false,true,NO_DUPLICATE_FLAG,NOT_SUPERSEDED,SEPARATE_LEDGER_CONTROLS,REGISTERED_METADATA_ONLY,SOURCE_INVENTORY_SHA256_RECORDED,fa2650f8912e8b0af59cb661e01837b994685d3c1284e9797eb07092b65b06e5,6,audit_item|result|evidence,packet-specific 2026 receipts,not tracked at live HQ HEAD,1.0.0
art_a97a72f45924371f,markdown/text,PRODUCT_CONSUMER,SUPPORTING_EVIDENCE,,LIVE_HQ,loc_81857495880431dd7ca00e5f,,,,false,true,NO_DUPLICATE_FLAG,NOT_SUPERSEDED,SEPARATE_LEDGER_CONTROLS,REGISTERED_METADATA_ONLY,SOURCE_INVENTORY_SHA256_RECORDED,38898ba4a78058dee513340b0378df66452218af73fdaaa8e0573d5039ddf772,N/A,markdown/text,live HQ at starting commit,authority is limited to the artifact's documented scope,1.0.0
art_a9887cbe100b3ba7,markdown/text,ROOKIE_SEASON_AND_MULTI_YEAR_OUTCOME,SUPPORTING_EVIDENCE,,LOCAL_ONLY,loc_22793281a901b4cf3302fef2,,,,false,true,NO_DUPLICATE_FLAG,NOT_SUPERSEDED,SEPARATE_LEDGER_CONTROLS,REGISTERED_METADATA_ONLY,SOURCE_INVENTORY_SHA256_RECORDED,b1e98b5660b832e472c8693c2f163ae61baac9bd6f4e5f1afcceab584d1e76bd,N/A,markdown/text,packet-specific 2026 receipts,not tracked at live HQ HEAD,1.0.0
art_a98d8944fbe14497,markdown/text,ROOKIE_SEASON_AND_MULTI_YEAR_OUTCOME,SUPPORTING_EVIDENCE,,LIVE_HQ,loc_39448b1cbe60c207c13d624e,,,,false,true,NO_DUPLICATE_FLAG,NOT_SUPERSEDED,SEPARATE_LEDGER_CONTROLS,REGISTERED_METADATA_ONLY,SOURCE_INVENTORY_SHA256_RECORDED,d4a983b096422cc4af0e41f7a7b040c9bd2ca1fe27216bfbaae549f3be160ef2,N/A,markdown/text,packet-specific immutable runs; some local receipts only,multiple scoring/rank systems conflict; position-threshold applicability must be explicit,1.0.0
art_a9a3e8f20a5278ef,coverage_scope|rows|joined_rows|coverage_rate|notes,DRAFT_EVENT,SUPPORTING_EVIDENCE,,LIVE_HQ,loc_013b158e21f98ff1e7c425a5,,,,false,true,NO_DUPLICATE_FLAG,NOT_SUPERSEDED,SEPARATE_LEDGER_CONTROLS,REGISTERED_METADATA_ONLY,SOURCE_INVENTORY_SHA256_RECORDED,8c77d0c49673a08176ea8f5d78c07d0192be758e71f2f4c643569fcd359f8957,7,coverage_scope|rows|joined_rows|coverage_rate|notes,static completed draft events; source timestamps/receipt IDs incomplete in several derivatives,positive draft facts only; missing draft evidence remains unknown; current name+position joins are review-only,1.0.0
art_a9ec8ab4c58b5bf2,markdown/text,ROOKIE_SEASON_AND_MULTI_YEAR_OUTCOME,SUPPORTING_EVIDENCE,,LIVE_HQ,loc_1a3f745ddec5c4e4103e0f3e,,,,false,true,NO_DUPLICATE_FLAG,NOT_SUPERSEDED,SEPARATE_LEDGER_CONTROLS,REGISTERED_METADATA_ONLY,SOURCE_INVENTORY_SHA256_RECORDED,b32b2d67052e0040f5f41a8215e4c6af143f506e887f15f58475e1f71c1c234e,N/A,markdown/text,packet-specific immutable runs; some local receipts only,multiple scoring/rank systems conflict; position-threshold applicability must be explicit,1.0.0
art_a9fcdb0456b00d2d,field_id|feature_set|probability_band|rows|average_prediction|observed_rate|positive_count,ROOKIE_SEASON_AND_MULTI_YEAR_OUTCOME,SUPPORTING_EVIDENCE,,LOCAL_ONLY,loc_8e6770da1747297e4f9d6d45,,,,false,true,NO_DUPLICATE_FLAG,NOT_SUPERSEDED,SEPARATE_LEDGER_CONTROLS,REGISTERED_METADATA_ONLY,SOURCE_INVENTORY_SHA256_RECORDED,81624a0d81d6738f2fd687d8a5104ec0f25a88f2c47ff2a480bbc8cbbfea143c,125,field_id|feature_set|probability_band|rows|average_prediction|observed_rate|positive_count,packet-specific immutable runs; some local receipts only,multiple scoring/rank systems conflict; position-threshold applicability must be explicit; not tracked at live HQ HEAD,1.0.0
art_aa672ae1c225d5e8,markdown/text,ROOKIE_SEASON_AND_MULTI_YEAR_OUTCOME,SUPPORTING_EVIDENCE,,LOCAL_ONLY,loc_3b8118cbe5d3ea518cce82cb,,,,false,true,NO_DUPLICATE_FLAG,NOT_SUPERSEDED,SEPARATE_LEDGER_CONTROLS,REGISTERED_METADATA_ONLY,SOURCE_INVENTORY_SHA256_RECORDED,81e266e6aac27ea29a2311db94e4ebd39dd9ee45174ecec907fa5905a4aace03,N/A,markdown/text,packet-specific 2026 receipts,not tracked at live HQ HEAD,1.0.0
art_aae9bdd973526ca5,markdown/text,ROOKIE_SEASON_AND_MULTI_YEAR_OUTCOME,SUPPORTING_EVIDENCE,,LIVE_HQ,loc_0d255e9a3fb8326c3dfaf026,,,,false,true,NO_DUPLICATE_FLAG,NOT_SUPERSEDED,SEPARATE_LEDGER_CONTROLS,REGISTERED_METADATA_ONLY,SOURCE_INVENTORY_SHA256_RECORDED,22831f752e8221e0de3020071c7b1cd6bc03b923e8098c26ac0527369d57d49c,N/A,markdown/text,packet-specific immutable runs; some local receipts only,multiple scoring/rank systems conflict; position-threshold applicability must be explicit,1.0.0
art_aaeb6e858886803c,markdown/text,ROOKIE_SEASON_AND_MULTI_YEAR_OUTCOME,SUPPORTING_EVIDENCE,,LIVE_HQ,loc_9aa72364dab0d685ea908435,,,,false,true,NO_DUPLICATE_FLAG,NOT_SUPERSEDED,SEPARATE_LEDGER_CONTROLS,REGISTERED_METADATA_ONLY,SOURCE_INVENTORY_SHA256_RECORDED,9a89d8437af51a54f0caa69288fa818895a4783349a883ad00e69c63c10d4696,N/A,markdown/text,packet-specific 2026 receipts,authority is limited to the artifact's documented scope,1.0.0
art_ab70b4b24fce1380,feature_name|used_as_input|source|allowed_by_gate_d|review_only|model_use_allowed|training_allowed|notes,CROSS_LIFECYCLE,SUPPORTING_EVIDENCE,,LOCAL_ONLY,loc_a0c152e2ea76e2b57e104621,,,,false,true,NO_DUPLICATE_FLAG,NOT_SUPERSEDED,SEPARATE_LEDGER_CONTROLS,REGISTERED_METADATA_ONLY,SOURCE_INVENTORY_SHA256_RECORDED,0299ed1e7d19479212da7dd2ecd24195a7a7995bb4b4db5118bd9b44f32c4ddc,6,feature_name|used_as_input|source|allowed_by_gate_d|review_only|model_use_allowed|training_allowed|notes,packet-specific snapshot,not tracked at live HQ HEAD,1.0.0
art_ab85da75acc24d0e,markdown/text,CROSS_LIFECYCLE_IDENTITY,SUPPORTING_EVIDENCE,,LIVE_HQ,loc_187bd0359fe761dcccedf952,,,,false,true,NO_DUPLICATE_FLAG,NOT_SUPERSEDED,SEPARATE_LEDGER_CONTROLS,REGISTERED_METADATA_ONLY,SOURCE_INVENTORY_SHA256_RECORDED,f651ed0c4bed85dc1177096fa52bf297fcfc8a359a38a3778552a55391c33824,N/A,markdown/text,June 23-30 2026 snapshots,authority is limited to the artifact's documented scope,1.0.0
art_ab8c41142a91a318,markdown/text,ROOKIE_SEASON_AND_MULTI_YEAR_OUTCOME,SUPPORTING_EVIDENCE,,LIVE_HQ,loc_3c4b69b81293f7e31a6e5a63,,,,false,true,NO_DUPLICATE_FLAG,NOT_SUPERSEDED,SEPARATE_LEDGER_CONTROLS,REGISTERED_METADATA_ONLY,SOURCE_INVENTORY_SHA256_RECORDED,14263a251dbdce096bb4aeaefbdb6209e65ef54715ae480845287017d04fb5d6,N/A,markdown/text,packet-specific immutable runs; some local receipts only,multiple scoring/rank systems conflict; position-threshold applicability must be explicit,1.0.0
art_abde23ee701aa9eb,player_id|player_name|position|team|rookie_class_year|draft_year|draft_round|draft_pick|overall_pick|draft_capital_bucket|udffa_or_undrafted_status|current_rookie_universe_status|udfa_display_status|wrong_universe_flag|name_collision_flag|identity_status|draft_capital_status|feature_coverage_status|model_rd_status|validation_status|display_status|data_quality_status|source_provenance_status|repair_action|repair_confidence|rookie_year_top_12_review_display_rate|rookie_year_top_24_review_display_rate|rookie_year_top_36_review_display_rate|year_2_top_12_review_display_rate|year_2_top_24_review_display_rate|...(+25 columns),DRAFT_EVENT_AND_POST_DRAFT_PRESEASON,DUPLICATE_EQUIVALENT,,LOCAL_ONLY,loc_0c8fa61cabce7e67b24f1d7e,,,,false,true,DUPLICATE_RECORDED,NOT_SUPERSEDED,SEPARATE_LEDGER_CONTROLS,REGISTERED_METADATA_ONLY,SOURCE_INVENTORY_SHA256_RECORDED,af2016f2e280793262806a3394dee1f51962afa3e9e66473c01a6abec1a5b20a,157,player_id|player_name|position|team|rookie_class_year|draft_year|draft_round|draft_pick|overall_pick|draft_capital_bucket|udffa_or_undrafted_status|current_rookie_universe_status|udfa_display_status|wrong_universe_flag|name_collision_flag|identity_status|draft_capital_status|feature_coverage_status|model_rd_status|validation_status|display_status|data_quality_status|source_provenance_status|repair_action|repair_confidence|rookie_year_top_12_review_display_rate|rookie_year_top_24_review_display_rate|rookie_year_top_36_review_display_rate|year_2_top_12_review_display_rate|year_2_top_24_review_display_rate|...(+25 columns),June 29-30 2026; no uniform row-level source timestamp,contains 50 exact duplicate row groups / 50 excess rows; no dedup performed; published counts may be duplicate-inflated; three distinct current records have no stable candidate ID; not tracked at live HQ HEAD,1.0.0
art_ac3318e873dc2d21,markdown/text,ROOKIE_SEASON_AND_MULTI_YEAR_OUTCOME,SUPPORTING_EVIDENCE,,LIVE_HQ,loc_ece75e18f5d03af218d5373e,,,,false,true,NO_DUPLICATE_FLAG,NOT_SUPERSEDED,SEPARATE_LEDGER_CONTROLS,REGISTERED_METADATA_ONLY,SOURCE_INVENTORY_SHA256_RECORDED,6b57b9c30f5a977ab5489f01bc1220c9b5b80490577ea814102103f9568d45c2,N/A,markdown/text,packet-specific immutable runs; some local receipts only,multiple scoring/rank systems conflict; position-threshold applicability must be explicit,1.0.0
art_acbc36fecca5c5c3,markdown/text,ROOKIE_SEASON_AND_MULTI_YEAR_OUTCOME,SUPPORTING_EVIDENCE,,LIVE_HQ,loc_0d52489ee43e2298308bd612,,,,false,true,NO_DUPLICATE_FLAG,NOT_SUPERSEDED,SEPARATE_LEDGER_CONTROLS,REGISTERED_METADATA_ONLY,SOURCE_INVENTORY_SHA256_RECORDED,463c6eb5ebbc0a3a805b69f61b0f892f9b344ae1a44e7024ce657f65cf7f9ca1,N/A,markdown/text,packet-specific immutable runs; some local receipts only,multiple scoring/rank systems conflict; position-threshold applicability must be explicit,1.0.0
art_acf8be54cbeb4d3d,markdown/text,PRE_DRAFT_TO_MULTI_YEAR_LEGACY,SUPPORTING_EVIDENCE,,LIVE_HQ,loc_d071356e306ff77a0c58ece7,,,,false,true,NO_DUPLICATE_FLAG,NOT_SUPERSEDED,SEPARATE_LEDGER_CONTROLS,REGISTERED_METADATA_ONLY,SOURCE_INVENTORY_SHA256_RECORDED,a858e890ab18a0839e0bebefd743e14c001537f5f8b0f6414083927ed97bfaf6,N/A,markdown/text,legacy baseline; superseded by June 29-30 review-only gates,legacy source/use claims are superseded; provider content and name-key joins are restricted,1.0.0
art_acff6f1a78d5a87e,markdown/text,PROTECTED_FROZEN_GOVERNANCE,CANONICAL_REVIEW_ONLY,,LIVE_HQ,loc_5900711711a09a48c44fea10,,,,true,false,NO_DUPLICATE_FLAG,NOT_SUPERSEDED,SEPARATE_LEDGER_CONTROLS,REGISTERED_METADATA_ONLY,SOURCE_INVENTORY_SHA256_RECORDED,c129dd5195f414dd254cd2f9e43848d39b18f59141fb9611f4dd16f458f2588d,N/A,markdown/text,frozen 2026-07-10 before outcomes,authority is limited to the artifact's documented scope,1.0.0
art_ad2d3ed82e61dbcd,markdown/text,PROTECTED_FROZEN_GOVERNANCE,CANONICAL_REVIEW_ONLY,,LIVE_HQ,loc_157ba3a122d4a7fc9aa44d2e,,,,true,false,NO_DUPLICATE_FLAG,NOT_SUPERSEDED,SEPARATE_LEDGER_CONTROLS,REGISTERED_METADATA_ONLY,SOURCE_INVENTORY_SHA256_RECORDED,e81790a5d0cf80a4205060baf0ca72d3fdae39c8839575961a31023067f1879b,N/A,markdown/text,frozen 2026-07-10 before outcomes,authority is limited to the artifact's documented scope,1.0.0
art_ad60a0097d0340fd,player_id|player_name|position|team|current_nwr_rank|current_position_rank|current_nwr_score|formula_score|formula_score_before_overlay|position_formula_used|formula_implementation|formula_evidence_reference|position_rank|overall_rank|normalized_score|prior_nwr_points|prior_nwr_ppg|prior_games|prior_opportunities|sparse_history_overlay_eligible|sparse_history_overlay_applied|sparse_history_overlay_effect|veteran_decline_guardrail_flag|older_lifecycle_guardrail_flag|availability_rebound_context_flag|starter_depth_promotion_context_flag|snap_growth_role_promotion_context_flag|injury_availability_warning_flag|low_snap_depth_warning_flag|expected_opportunity_partial_window_flag|...(+26 columns),CROSS_LIFECYCLE_REVIEW_SIMULATION,LOCAL_ONLY_RESTRICTED,,OFF_HQ_BRANCH_ONLY,loc_3ad63e778d7d0164eb2381ee,,,,false,true,NO_DUPLICATE_FLAG,NOT_SUPERSEDED,NO_RECREATE_REQUIRED,REGISTERED_METADATA_ONLY,SOURCE_INVENTORY_SHA256_RECORDED,55d9622f87e37543b040b144d71c47a3f211927a18dcbf9810b4e2cbb6274444,245,player_id|player_name|position|team|current_nwr_rank|current_position_rank|current_nwr_score|formula_score|formula_score_before_overlay|position_formula_used|formula_implementation|formula_evidence_reference|position_rank|overall_rank|normalized_score|prior_nwr_points|prior_nwr_ppg|prior_games|prior_opportunities|sparse_history_overlay_eligible|sparse_history_overlay_applied|sparse_history_overlay_effect|veteran_decline_guardrail_flag|older_lifecycle_guardrail_flag|availability_rebound_context_flag|starter_depth_promotion_context_flag|snap_growth_role_promotion_context_flag|injury_availability_warning_flag|low_snap_depth_warning_flag|expected_opportunity_partial_window_flag|...(+26 columns),off-HQ commit 2026-07-09; not ancestor of live HQ,"Off-HQ Git object is retained for audit discovery and no-recreate protection only; active evidence, migration, ranking, formula, training, production, and runtime use are blocked.",1.0.0
art_ad6f8315fb399b8b,target_season|split|player_id|player_name|position|latest_team_before_target|candidate_pool_rule|first_seen_season|last_seen_before_target|experience_entering|seasons_observed_entering|years_since_last_seen|rookie_or_no_history_flag|prior1_points|prior1_ppg|prior1_games|prior1_opportunities|prior1_touches|prior1_first_downs|prior1_pass_attempts|prior1_carries|prior1_targets|prior1_total_tds|prior1_yards_per_attempt|prior1_yards_per_carry|prior1_yards_per_target|prior1_yards_per_touch|prior1_td_rate|prior2_points|prior2_ppg|...(+36 columns),ROOKIE_SEASON_AND_MULTI_YEAR_OUTCOME,SUPPORTING_EVIDENCE,,LOCAL_ONLY,loc_060b60aa7611a6c7fc1103b8,,,,false,true,NO_DUPLICATE_FLAG,NOT_SUPERSEDED,SEPARATE_LEDGER_CONTROLS,REGISTERED_METADATA_ONLY,SOURCE_INVENTORY_SHA256_RECORDED,ac5e32561812f986274a912e0398b1197b641695559b3e2a5e6cf0fac2a7b039,17249,target_season|split|player_id|player_name|position|latest_team_before_target|candidate_pool_rule|first_seen_season|last_seen_before_target|experience_entering|seasons_observed_entering|years_since_last_seen|rookie_or_no_history_flag|prior1_points|prior1_ppg|prior1_games|prior1_opportunities|prior1_touches|prior1_first_downs|prior1_pass_attempts|prior1_carries|prior1_targets|prior1_total_tds|prior1_yards_per_attempt|prior1_yards_per_carry|prior1_yards_per_target|prior1_yards_per_touch|prior1_td_rate|prior2_points|prior2_ppg|...(+36 columns),packet-specific 2026 receipts,not tracked at live HQ HEAD,1.0.0
art_add19271e631a9ce,markdown/text,DRAFT_EVENT_TO_ROOKIE_OUTCOME_BRIDGE,SUPPORTING_EVIDENCE,,LIVE_HQ,loc_9a105642f2abe4d5c750083d,,,,false,true,NO_DUPLICATE_FLAG,NOT_SUPERSEDED,SEPARATE_LEDGER_CONTROLS,REGISTERED_METADATA_ONLY,SOURCE_INVENTORY_SHA256_RECORDED,6215be2dfad48005ad566ba48675600db329229b392ff202a3160c6a6d03229e,N/A,markdown/text,local run 2026-06-29; raw input receipt/hash incomplete,authority is limited to the artifact's documented scope,1.0.0
art_ae35a1252bd6a2bc,run_id|season|cfbd_player_id|player_name|college_team|position|height|weight|hometown|recruiting_year|candidate_nwr_player_id|candidate_sleeper_id|match_confidence|match_status|review_note|model_use_allowed|training_allowed|identity_review_required|review_only,PRE_DRAFT,SOURCE_UNADMITTED,,LIVE_HQ,loc_e88a2320e9619e4c3df846fe,,,,false,true,NO_DUPLICATE_FLAG,NOT_SUPERSEDED,SEPARATE_LEDGER_CONTROLS,REGISTERED_METADATA_ONLY,SOURCE_INVENTORY_SHA256_RECORDED,b31fac4d146714c5f2365644691192de80cd1026d830967de45bb660180040a4,31822,run_id|season|cfbd_player_id|player_name|college_team|position|height|weight|hometown|recruiting_year|candidate_nwr_player_id|candidate_sleeper_id|match_confidence|match_status|review_note|model_use_allowed|training_allowed|identity_review_required|review_only,run 2026-06-26; mutable source; row-level as-of incomplete,"raw cache remains outside Git; rights, hashes, and production gates are incomplete",1.0.0
art_ae8b2aeb2a91f0c7,run_id|dataset_name|season|row_count|player_count|team_count|fields_present|raw_cache_location|tracked_artifact|freshness|gap_or_limitation|notes|model_use_allowed|training_allowed|identity_review_required|review_only,PRE_DRAFT,SOURCE_UNADMITTED,,LIVE_HQ,loc_edfb542a0297b9cd70dc86ab,,,,false,true,NO_DUPLICATE_FLAG,NOT_SUPERSEDED,SEPARATE_LEDGER_CONTROLS,REGISTERED_METADATA_ONLY,SOURCE_INVENTORY_SHA256_RECORDED,d30b4ee268feca488a58474deb21d9a600e51846a7a184946b541e1022899083,18,run_id|dataset_name|season|row_count|player_count|team_count|fields_present|raw_cache_location|tracked_artifact|freshness|gap_or_limitation|notes|model_use_allowed|training_allowed|identity_review_required|review_only,run 2026-06-26; mutable source; row-level as-of incomplete,"raw cache remains outside Git; rights, hashes, and production gates are incomplete",1.0.0
art_aeb7be7a111de620,review_type|candidate|admitted_player_id|identity_namespace|player_name_review|position|raw_score|within_position_rank|age|lifecycle_bucket|history_years_available|score_valid|exclusion_reason|classification|review_note,PROTECTED_FROZEN_GOVERNANCE,CANONICAL_REVIEW_ONLY,,LIVE_HQ,loc_8104c8dc3806212f059a7b71,,,,true,false,NO_DUPLICATE_FLAG,NOT_SUPERSEDED,SEPARATE_LEDGER_CONTROLS,REGISTERED_METADATA_ONLY,SOURCE_INVENTORY_SHA256_RECORDED,6fbf04a2e6faab731431f4ae2310aa4fb19f79edf8822bb070d0656ff97ed1e2,1081,review_type|candidate|admitted_player_id|identity_namespace|player_name_review|position|raw_score|within_position_rank|age|lifecycle_bucket|history_years_available|score_valid|exclusion_reason|classification|review_note,frozen 2026-07-10 before outcomes,authority is limited to the artifact's documented scope,1.0.0
art_aec09aff95f3cc2d,markdown/text,PRODUCT_CONSUMER,SUPPORTING_EVIDENCE,,LIVE_HQ,loc_b18db55f2ac77900b7afebe4,,,,false,true,NO_DUPLICATE_FLAG,NOT_SUPERSEDED,SEPARATE_LEDGER_CONTROLS,REGISTERED_METADATA_ONLY,SOURCE_INVENTORY_SHA256_RECORDED,c6006e6aac196478d040ff66171654007fb1b6604e4013c7576e2f01b0d6d31c,N/A,markdown/text,live HQ at starting commit,authority is limited to the artifact's documented scope,1.0.0
art_aec3077cdf5c98e7,markdown/text,DRAFT_EVENT_AND_POST_DRAFT_PRESEASON,SUPPORTING_EVIDENCE,,LIVE_HQ,loc_4942f9e12f7c7fe02a18ada1,,,,false,true,NO_DUPLICATE_FLAG,NOT_SUPERSEDED,SEPARATE_LEDGER_CONTROLS,REGISTERED_METADATA_ONLY,SOURCE_INVENTORY_SHA256_RECORDED,33f40d59416b9e11819e6899926eb5a1ca88a9aa6d412cc3eeeff325f33b7046,N/A,markdown/text,June 29-30 2026; no uniform row-level source timestamp,published counts may be duplicate-inflated; three distinct current records have no stable candidate ID,1.0.0
art_aec937e47455085a,markdown/text,ROOKIE_SEASON_AND_MULTI_YEAR_OUTCOME,SUPPORTING_EVIDENCE,,LOCAL_ONLY,loc_f3f7af96e545038e662fb229,,,,false,true,NO_DUPLICATE_FLAG,NOT_SUPERSEDED,SEPARATE_LEDGER_CONTROLS,REGISTERED_METADATA_ONLY,SOURCE_INVENTORY_SHA256_RECORDED,80415868d470013631892e0222de23515c1636b31c91ec75060f8dcd93e55159,N/A,markdown/text,packet-specific 2026 receipts,not tracked at live HQ HEAD,1.0.0
art_aecd2bf78d2c8713,markdown/text,ROOKIE_SEASON_AND_MULTI_YEAR_OUTCOME,SUPPORTING_EVIDENCE,,LIVE_HQ,loc_b4444e8c8bd0750dfb9d3511,,,,false,true,NO_DUPLICATE_FLAG,NOT_SUPERSEDED,SEPARATE_LEDGER_CONTROLS,REGISTERED_METADATA_ONLY,SOURCE_INVENTORY_SHA256_RECORDED,6dbf92ecc61a7e848d3f4dfc27f7f619a6db9121e6a06d1298e4ec368dfaa3bd,N/A,markdown/text,packet-specific immutable runs; some local receipts only,multiple scoring/rank systems conflict; position-threshold applicability must be explicit,1.0.0
art_af72d4cb46928111,artifact_name|artifact_path|row_count|sha256|created_at|approval_status|current_board_rows|source_path|source_approval_status|source_policy_status|display_only|model_use_allowed|source_truth_allowed|training_allowed|notes,ROOKIE_SEASON_AND_MULTI_YEAR_OUTCOME,SUPPORTING_EVIDENCE,,LOCAL_ONLY,loc_d38196314067a351b97cb322,,,,false,true,NO_DUPLICATE_FLAG,NOT_SUPERSEDED,SEPARATE_LEDGER_CONTROLS,REGISTERED_METADATA_ONLY,SOURCE_INVENTORY_SHA256_RECORDED,60c1d7b078d2fcc1d732e09adf0f71606e9e2b072df00ca6ca190353f53f5984,2,artifact_name|artifact_path|row_count|sha256|created_at|approval_status|current_board_rows|source_path|source_approval_status|source_policy_status|display_only|model_use_allowed|source_truth_allowed|training_allowed|notes,packet-specific immutable runs; some local receipts only,multiple scoring/rank systems conflict; position-threshold applicability must be explicit; not tracked at live HQ HEAD,1.0.0
art_afbe41a924c76484,column_name|required|field_type|nullable|source_field_or_rule|missingness_rule|allowed_use|prohibited_use|notes,ROOKIE_SEASON_AND_MULTI_YEAR_OUTCOME,SUPPORTING_EVIDENCE,,LIVE_HQ,loc_c9bb8d94a468cc5407202d42,,,,false,true,NO_DUPLICATE_FLAG,NOT_SUPERSEDED,SEPARATE_LEDGER_CONTROLS,REGISTERED_METADATA_ONLY,SOURCE_INVENTORY_SHA256_RECORDED,ab1fae0b8781f46224f46c849f4a75dc6a4655d6c634076799368b97e540d19d,23,column_name|required|field_type|nullable|source_field_or_rule|missingness_rule|allowed_use|prohibited_use|notes,packet-specific immutable runs; some local receipts only,multiple scoring/rank systems conflict; position-threshold applicability must be explicit,1.0.0
art_afd6293fcaf60836,markdown/text,PRODUCT_CONSUMER,SUPPORTING_EVIDENCE,,LIVE_HQ,loc_072efa1a7a35780c58491f28,,,,false,true,NO_DUPLICATE_FLAG,NOT_SUPERSEDED,SEPARATE_LEDGER_CONTROLS,REGISTERED_METADATA_ONLY,SOURCE_INVENTORY_SHA256_RECORDED,8e1a89735a35ca235dbd6871890266d0813a728104ee9a20613b3eb8b073d8f8,N/A,markdown/text,live HQ at starting commit,authority is limited to the artifact's documented scope,1.0.0
art_b07f6c15dbfe6dcc,overlay_family|best_result_reference|best_window|net_miss_reduction|misses_resolved|new_misses|false_negative_reduction|false_positive_reduction|spearman_delta|classification|next_use_decision,LATER_OUTCOME_RESEARCH,SUPPORTING_EVIDENCE,,LIVE_HQ,loc_849f6d10540a358b2f3d455f,,,,false,true,NO_DUPLICATE_FLAG,NOT_SUPERSEDED,SEPARATE_LEDGER_CONTROLS,REGISTERED_METADATA_ONLY,SOURCE_INVENTORY_SHA256_RECORDED,7d4edfd1429d0caa2f479f414bccbc82b810c80ba907c395a766315e71a7419b,6,overlay_family|best_result_reference|best_window|net_miss_reduction|misses_resolved|new_misses|false_negative_reduction|false_positive_reduction|spearman_delta|classification|next_use_decision,July 9 2026 research snapshots,authority is limited to the artifact's documented scope,1.0.0
art_b099529e223812be,source_name|source_artifact|row_level_available|row_count|positions_covered|seasons_covered|label_families|identity_columns_present|hit_status_present|censoring_status_present|source_as_of_present|review_use_allowed|label_truth_allowed|model_use_allowed|training_allowed|source_truth_allowed|blocker_reason|notes,ROOKIE_SEASON_AND_MULTI_YEAR_OUTCOME,SUPPORTING_EVIDENCE,,LIVE_HQ,loc_17eccac4d7b498ac7d84fe3c,,,,false,true,NO_DUPLICATE_FLAG,NOT_SUPERSEDED,SEPARATE_LEDGER_CONTROLS,REGISTERED_METADATA_ONLY,SOURCE_INVENTORY_SHA256_RECORDED,033aa00ef80dfb0247409defa28f4aaa0a7ab6eac5df6556eed1fbdd319bc145,9,source_name|source_artifact|row_level_available|row_count|positions_covered|seasons_covered|label_families|identity_columns_present|hit_status_present|censoring_status_present|source_as_of_present|review_use_allowed|label_truth_allowed|model_use_allowed|training_allowed|source_truth_allowed|blocker_reason|notes,packet-specific immutable runs; some local receipts only,multiple scoring/rank systems conflict; position-threshold applicability must be explicit,1.0.0
art_b123a90401e2cfc8,markdown/text,LATER_OUTCOME_RESEARCH,SUPPORTING_EVIDENCE,,LIVE_HQ,loc_e64461afb0d4e7264c0a1b5e,,,,false,true,NO_DUPLICATE_FLAG,NOT_SUPERSEDED,SEPARATE_LEDGER_CONTROLS,REGISTERED_METADATA_ONLY,SOURCE_INVENTORY_SHA256_RECORDED,db0d178792b661b0e9110987292e857f5edbcafe68c13fbf61c61aa3302cc3d5,N/A,markdown/text,July 9 2026 research snapshots,authority is limited to the artifact's documented scope,1.0.0
art_b137d1a25bf59d88,player_id|player_name|position|team|rookie_class_year|draft_year|draft_round|draft_pick|draft_capital_bucket|identity_status|draft_capital_status|feature_coverage_status|model_rd_status|validation_status|display_status|data_quality_status|source_provenance_status|rookie_year_top_12_review_display_rate|rookie_year_top_24_review_display_rate|rookie_year_top_36_review_display_rate|year_2_top_12_review_display_rate|year_2_top_24_review_display_rate|year_2_top_36_review_display_rate|first_3y_top_12_review_display_rate|first_3y_top_24_review_display_rate|first_3y_top_36_review_display_rate|first_5y_top_12_review_display_rate|first_5y_top_24_review_display_rate|first_5y_top_36_review_display_rate|display_field_count|...(+8 columns),DRAFT_EVENT_AND_POST_DRAFT_PRESEASON,DUPLICATE_EQUIVALENT,,LOCAL_ONLY,loc_f2308c111952b0ad53cefe52,,,,false,true,DUPLICATE_RECORDED,SUPERSEDED_RECORDED,SEPARATE_LEDGER_CONTROLS,REGISTERED_METADATA_ONLY,SOURCE_INVENTORY_SHA256_RECORDED,8ba2b094dd8ec60a6e204940f491912368555df2fa4e3a711426e3626e72f33d,157,player_id|player_name|position|team|rookie_class_year|draft_year|draft_round|draft_pick|draft_capital_bucket|identity_status|draft_capital_status|feature_coverage_status|model_rd_status|validation_status|display_status|data_quality_status|source_provenance_status|rookie_year_top_12_review_display_rate|rookie_year_top_24_review_display_rate|rookie_year_top_36_review_display_rate|year_2_top_12_review_display_rate|year_2_top_24_review_display_rate|year_2_top_36_review_display_rate|first_3y_top_12_review_display_rate|first_3y_top_24_review_display_rate|first_3y_top_36_review_display_rate|first_5y_top_12_review_display_rate|first_5y_top_24_review_display_rate|first_5y_top_36_review_display_rate|display_field_count|...(+8 columns),June 29-30 2026; no uniform row-level source timestamp,contains 50 exact duplicate row groups / 50 excess rows; no dedup performed; published counts may be duplicate-inflated; three distinct current records have no stable candidate ID; not tracked at live HQ HEAD,1.0.0
art_b1571b5997f1a404,source_surface|player_name|position|team|existing_id_present|sleeper_id|dynastyprocess_id|nflverse_id_or_gsis|match_method|match_confidence|needs_manual_review|reason,CROSS_LIFECYCLE_IDENTITY,SUPPORTING_EVIDENCE,,LIVE_HQ,loc_19c12fe5db3c19704a9578be,,,,false,true,NO_DUPLICATE_FLAG,NOT_SUPERSEDED,SEPARATE_LEDGER_CONTROLS,REGISTERED_METADATA_ONLY,SOURCE_INVENTORY_SHA256_RECORDED,57640b6c09b10cda27ce0569573ca515072082268309caa0a0360daf0196825e,74,source_surface|player_name|position|team|existing_id_present|sleeper_id|dynastyprocess_id|nflverse_id_or_gsis|match_method|match_confidence|needs_manual_review|reason,June 23-30 2026 snapshots,authority is limited to the artifact's documented scope,1.0.0
art_b16cf4a39835d528,markdown/text,DRAFT_EVENT,SUPPORTING_EVIDENCE,,LIVE_HQ,loc_cc288219a964c778cf785ee1,,,,false,true,NO_DUPLICATE_FLAG,NOT_SUPERSEDED,SEPARATE_LEDGER_CONTROLS,REGISTERED_METADATA_ONLY,SOURCE_INVENTORY_SHA256_RECORDED,c06abde3e9c95292f154bccb903238230fa55465025ccba105a3d7994886c59a,N/A,markdown/text,June 30 2026 packet snapshots,likely/confirmed-review-only must not be treated as verified undrafted truth,1.0.0
art_b1aba2aec6951dc7,markdown/text,CROSS_LIFECYCLE,SUPPORTING_EVIDENCE,,LIVE_HQ,loc_202f06860c4b9a897086e074,,,,false,true,NO_DUPLICATE_FLAG,NOT_SUPERSEDED,SEPARATE_LEDGER_CONTROLS,REGISTERED_METADATA_ONLY,SOURCE_INVENTORY_SHA256_RECORDED,c26e0f8a7eb3b6d5659aa4ef819c8f13e89a9aea576939f51a0eac5b54fed980,N/A,markdown/text,packet-specific snapshot,authority is limited to the artifact's documented scope,1.0.0
art_b1d6bd123a69ff42,field_id|feature_set|slice|slice_value|rows|positive_count|observed_rate|average_prediction|brier|absolute_calibration_error,ROOKIE_SEASON_AND_MULTI_YEAR_OUTCOME,SUPPORTING_EVIDENCE,,LOCAL_ONLY,loc_aa9f83de4b649ed9882bdb89,,,,false,true,NO_DUPLICATE_FLAG,NOT_SUPERSEDED,SEPARATE_LEDGER_CONTROLS,REGISTERED_METADATA_ONLY,SOURCE_INVENTORY_SHA256_RECORDED,9cdb473383d712c86e6b602d1e25b6e757f86af9eb628ba1d71e2a37eae3df7c,150,field_id|feature_set|slice|slice_value|rows|positive_count|observed_rate|average_prediction|brier|absolute_calibration_error,packet-specific immutable runs; some local receipts only,multiple scoring/rank systems conflict; position-threshold applicability must be explicit; not tracked at live HQ HEAD,1.0.0
art_b2385a75a28eea33,markdown/text,ROOKIE_SEASON_AND_MULTI_YEAR_OUTCOME,SUPPORTING_EVIDENCE,,LIVE_HQ,loc_b40821f59fa155b3fcfe0f08,,,,false,true,NO_DUPLICATE_FLAG,NOT_SUPERSEDED,SEPARATE_LEDGER_CONTROLS,REGISTERED_METADATA_ONLY,SOURCE_INVENTORY_SHA256_RECORDED,6452ff1c062fad8ecda0b244c62172c15236ba14b57b715af0108f147bf0ff6c,N/A,markdown/text,packet-specific immutable runs; some local receipts only,multiple scoring/rank systems conflict; position-threshold applicability must be explicit,1.0.0
art_b23af271d6c6badb,markdown/text,ROOKIE_SEASON_AND_MULTI_YEAR_OUTCOME,SUPPORTING_EVIDENCE,,LIVE_HQ,loc_5470c0eec4b102c59ec1f6a3,,,,false,true,NO_DUPLICATE_FLAG,NOT_SUPERSEDED,SEPARATE_LEDGER_CONTROLS,REGISTERED_METADATA_ONLY,SOURCE_INVENTORY_SHA256_RECORDED,121d1dd9ddc8fd9b18eece51edd2b4e7ef18dba64d158d24539d72e7e4a0ff6d,N/A,markdown/text,packet-specific immutable runs; some local receipts only,multiple scoring/rank systems conflict; position-threshold applicability must be explicit,1.0.0
art_b2625606d17d58f0,markdown/text,ROOKIE_SEASON_AND_MULTI_YEAR_OUTCOME,SUPPORTING_EVIDENCE,,LOCAL_ONLY,loc_4569948b698157e2fc934b9a,,,,false,true,NO_DUPLICATE_FLAG,NOT_SUPERSEDED,SEPARATE_LEDGER_CONTROLS,REGISTERED_METADATA_ONLY,SOURCE_INVENTORY_SHA256_RECORDED,88b33c571d1a9da6dd7d87b69af6a9d61019f387bf072c5e9a632c46b051135b,N/A,markdown/text,packet-specific 2026 receipts,not tracked at live HQ HEAD,1.0.0
art_b2bbcbf66dd36a23,markdown/text,ROOKIE_SEASON_AND_MULTI_YEAR_OUTCOME,SUPPORTING_EVIDENCE,,LIVE_HQ,loc_a2f286146533f084d2438636,,,,false,true,NO_DUPLICATE_FLAG,NOT_SUPERSEDED,SEPARATE_LEDGER_CONTROLS,REGISTERED_METADATA_ONLY,SOURCE_INVENTORY_SHA256_RECORDED,7a074f52f9fa830bf104c34b8f09a1c8ebe45bd9e1e70f16dbe2530485dd6743,N/A,markdown/text,packet-specific immutable runs; some local receipts only,multiple scoring/rank systems conflict; position-threshold applicability must be explicit,1.0.0
art_b2d912978448870e,gate_or_area|current_status|input_artifact|approved_action|blocked_action|row_count|review_only|model_use_allowed|training_allowed|rankings_wiring_allowed|notes,CROSS_LIFECYCLE,SUPPORTING_EVIDENCE,,LIVE_HQ,loc_02d41c19ec6c8c856b1c1317,,,,false,true,NO_DUPLICATE_FLAG,NOT_SUPERSEDED,SEPARATE_LEDGER_CONTROLS,REGISTERED_METADATA_ONLY,SOURCE_INVENTORY_SHA256_RECORDED,4145c998d1f29569b7f298c5726678f39630e48a8723b527d45c485d50513f90,6,gate_or_area|current_status|input_artifact|approved_action|blocked_action|row_count|review_only|model_use_allowed|training_allowed|rankings_wiring_allowed|notes,packet-specific snapshot,authority is limited to the artifact's documented scope,1.0.0
art_b2dc39797473f814,player_id|player_name|position|season|team|scoring_mode|fantasy_points|position_finish|games_played|top_6_hit|top_12_hit|top_24_hit|top_36_hit|data_quality_status|approval_status|model_input_allowed|training_allowed|app_wiring_allowed,ROOKIE_SEASON_AND_MULTI_YEAR_OUTCOME,DUPLICATE_CONFLICTING,,LOCAL_ONLY,loc_77c7c5e97f703298dec6ba2e,,,,false,true,DUPLICATE_RECORDED,NOT_SUPERSEDED,SEPARATE_LEDGER_CONTROLS,REGISTERED_METADATA_ONLY,SOURCE_INVENTORY_SHA256_RECORDED,a78f608da70cfda3af55bcb43775a87a56d72a2e91a9fb379d0221f134c170d0,13652,player_id|player_name|position|season|team|scoring_mode|fantasy_points|position_finish|games_played|top_6_hit|top_12_hit|top_24_hit|top_36_hit|data_quality_status|approval_status|model_input_allowed|training_allowed|app_wiring_allowed,packet-specific immutable runs; some local receipts only,multiple scoring/rank systems conflict; position-threshold applicability must be explicit; not tracked at live HQ HEAD; competing scoring/target system must remain separate pending manual parity review,1.0.0
art_b2e4570dbbccf96d,markdown/text,ROOKIE_SEASON_AND_MULTI_YEAR_OUTCOME,SUPPORTING_EVIDENCE,,LOCAL_ONLY,loc_17adf2e26abac47ee76ad5ae,,,,false,true,NO_DUPLICATE_FLAG,NOT_SUPERSEDED,SEPARATE_LEDGER_CONTROLS,REGISTERED_METADATA_ONLY,SOURCE_INVENTORY_SHA256_RECORDED,70be25d76c59c8fbf980b86321df7eef6c0fab7da9905ed27a8f2a03d70d36e3,N/A,markdown/text,packet-specific 2026 receipts,not tracked at live HQ HEAD,1.0.0
art_b35e97b2f38ee535,markdown/text,ROOKIE_SEASON_AND_MULTI_YEAR_OUTCOME,SUPPORTING_EVIDENCE,,LIVE_HQ,loc_ecd0c280b51e5c0590e959ed,,,,false,true,NO_DUPLICATE_FLAG,NOT_SUPERSEDED,SEPARATE_LEDGER_CONTROLS,REGISTERED_METADATA_ONLY,SOURCE_INVENTORY_SHA256_RECORDED,a958228d9853d53d9fc1972fe86e69382d8ce813c14fd07f0558ba4bf63a5882,N/A,markdown/text,packet-specific 2026 receipts,authority is limited to the artifact's documented scope,1.0.0
art_b36a9021741cdf1a,markdown/text,LATER_OUTCOME_RESEARCH,SUPPORTING_EVIDENCE,,LIVE_HQ,loc_4ea4425119662d853b012bfa,,,,false,true,NO_DUPLICATE_FLAG,NOT_SUPERSEDED,SEPARATE_LEDGER_CONTROLS,REGISTERED_METADATA_ONLY,SOURCE_INVENTORY_SHA256_RECORDED,f2eb9828fd763d4b03fe37942958d2e489f293d4e013feb0465a87602b4f16a6,N/A,markdown/text,July 9 2026 research snapshots,authority is limited to the artifact's documented scope,1.0.0
art_b3936844d67fc4f6,markdown/text,ROOKIE_SEASON_AND_MULTI_YEAR_OUTCOME,SUPPORTING_EVIDENCE,,LIVE_HQ,loc_a2990cb39d060d86f559b6b1,,,,false,true,NO_DUPLICATE_FLAG,NOT_SUPERSEDED,SEPARATE_LEDGER_CONTROLS,REGISTERED_METADATA_ONLY,SOURCE_INVENTORY_SHA256_RECORDED,27c69e447083db102949679afca03f38876f87cad081b5da220c0d4bca0d9707,N/A,markdown/text,packet-specific immutable runs; some local receipts only,multiple scoring/rank systems conflict; position-threshold applicability must be explicit,1.0.0
art_b3be798366538fc4,markdown/text,PROTECTED_FROZEN_GOVERNANCE,CANONICAL_REVIEW_ONLY,,LIVE_HQ,loc_103d2dce771aa08304993724,,,,true,false,NO_DUPLICATE_FLAG,NOT_SUPERSEDED,SEPARATE_LEDGER_CONTROLS,REGISTERED_METADATA_ONLY,SOURCE_INVENTORY_SHA256_RECORDED,4e6d98952bb3599c58ae7264129f107aa2dde14496f81edd73446733c53b3b91,N/A,markdown/text,frozen 2026-07-10 before outcomes,authority is limited to the artifact's documented scope,1.0.0
art_b3ed8a4c24a805e5,markdown/text,ROOKIE_SEASON_AND_MULTI_YEAR_OUTCOME,SUPPORTING_EVIDENCE,,LIVE_HQ,loc_6192c0f30e16a025fd70b02d,,,,false,true,NO_DUPLICATE_FLAG,NOT_SUPERSEDED,SEPARATE_LEDGER_CONTROLS,REGISTERED_METADATA_ONLY,SOURCE_INVENTORY_SHA256_RECORDED,3b22d5663e16f59d10709e52399a2354a99d241f60024eb438c7c7ae259fafe0,N/A,markdown/text,packet-specific immutable runs; some local receipts only,multiple scoring/rank systems conflict; position-threshold applicability must be explicit,1.0.0
art_b45f250b0127e4d7,player_id|player_name|position|team|rookie_bridge_rank|rookie_bridge_position_rank|rookie_pre_nfl_flag|no_usable_nfl_history_flag|rookie_bridge_score|draft_capital_bucket|draft_capital_score|draft_year|rookie_year|draft_round|draft_pick|draft_overall|years_since_draft|age|rookie_source_status|rookie_identity_status|rookie_comparison_caveat|bridge_status|blocked_signals|review_only_status,CROSS_LIFECYCLE_REVIEW_SIMULATION,LOCAL_ONLY_RESTRICTED,,OFF_HQ_BRANCH_ONLY,loc_70f92e0352039a9c5345bec8,,,,false,true,NO_DUPLICATE_FLAG,NOT_SUPERSEDED,NO_RECREATE_REQUIRED,REGISTERED_METADATA_ONLY,SOURCE_INVENTORY_SHA256_RECORDED,b12c9dc6fb1903928d55bd011f50abf2e2da59e40eb4995546c70e930b261c87,32,player_id|player_name|position|team|rookie_bridge_rank|rookie_bridge_position_rank|rookie_pre_nfl_flag|no_usable_nfl_history_flag|rookie_bridge_score|draft_capital_bucket|draft_capital_score|draft_year|rookie_year|draft_round|draft_pick|draft_overall|years_since_draft|age|rookie_source_status|rookie_identity_status|rookie_comparison_caveat|bridge_status|blocked_signals|review_only_status,off-HQ commit 2026-07-09; not ancestor of live HQ,"Off-HQ Git object is retained for audit discovery and no-recreate protection only; active evidence, migration, ranking, formula, training, production, and runtime use are blocked.",1.0.0
art_b47a5f40f690ab54,markdown/text,ROOKIE_SEASON_AND_MULTI_YEAR_OUTCOME,SUPPORTING_EVIDENCE,,LOCAL_ONLY,loc_13feaf4f97341e7482c36036,,,,false,true,NO_DUPLICATE_FLAG,NOT_SUPERSEDED,SEPARATE_LEDGER_CONTROLS,REGISTERED_METADATA_ONLY,SOURCE_INVENTORY_SHA256_RECORDED,791e7ddd1914aaa8f28a585651f5f9d32c218019d372e18a0eb218eedc1463f3,N/A,markdown/text,packet-specific 2026 receipts,not tracked at live HQ HEAD,1.0.0
art_b4c8fb03f3926c17,markdown/text,PRE_DRAFT_AND_TIMING_GOVERNANCE,SUPPORTING_EVIDENCE,,LIVE_HQ,loc_3e67480ee5e97298a92ffe13,,,,false,true,NO_DUPLICATE_FLAG,NOT_SUPERSEDED,SEPARATE_LEDGER_CONTROLS,REGISTERED_METADATA_ONLY,SOURCE_INVENTORY_SHA256_RECORDED,2718ec113d81c746571ab4a129d808eba98feee87bf781bda5cfc4318f921bce,N/A,markdown/text,as-of policy present; zero experiment-ready player/feature rows,authority is limited to the artifact's documented scope,1.0.0
art_b50c7c88e69e08dd,rookie_class_year|position|total_candidate_count|drafted_count|confirmed_udfa_count|likely_udfa_needs_review_count|free_agent_rookie_needs_review_count|wrong_universe_count|name_collision_count|unknown_count|blocker_count|notes,DRAFT_EVENT,SUPPORTING_EVIDENCE,,LIVE_HQ,loc_b498ad273ebd207bda6c8f04,,,,false,true,NO_DUPLICATE_FLAG,NOT_SUPERSEDED,SEPARATE_LEDGER_CONTROLS,REGISTERED_METADATA_ONLY,SOURCE_INVENTORY_SHA256_RECORDED,21ae620cbf14d4c765dbdac543991ca491d010d9dbd3a3b07aed2155d3400dc5,100,rookie_class_year|position|total_candidate_count|drafted_count|confirmed_udfa_count|likely_udfa_needs_review_count|free_agent_rookie_needs_review_count|wrong_universe_count|name_collision_count|unknown_count|blocker_count|notes,June 30 2026 snapshot; source acquisition receipt incomplete,"2,514 likely-UDFA rows are provisional; tracked builder/input receipt is missing; no evidence modified",1.0.0
art_b520bf173eea6bba,algorithm_id|algorithm_family|season|split|segment|target_type|row_count|mae|rmse|spearman|kendall|rank_mae|notes,ROOKIE_SEASON_AND_MULTI_YEAR_OUTCOME,SUPPORTING_EVIDENCE,,LOCAL_ONLY,loc_3b8c84d1e0b571e38d46ff23,,,,false,true,NO_DUPLICATE_FLAG,NOT_SUPERSEDED,SEPARATE_LEDGER_CONTROLS,REGISTERED_METADATA_ONLY,SOURCE_INVENTORY_SHA256_RECORDED,458712993095d6e313ea35b2130e54a6b2f23c0c8265a63f4deda2cfc3d4628c,2772,algorithm_id|algorithm_family|season|split|segment|target_type|row_count|mae|rmse|spearman|kendall|rank_mae|notes,packet-specific 2026 receipts,not tracked at live HQ HEAD,1.0.0
art_b545f93b6b9c8bf6,py,DRAFT_EVENT,SUPPORTING_EVIDENCE,,LIVE_HQ,loc_c3b89baf70cff0d5d4658ffb,,,,false,true,NO_DUPLICATE_FLAG,NOT_SUPERSEDED,SEPARATE_LEDGER_CONTROLS,REGISTERED_METADATA_ONLY,SOURCE_INVENTORY_SHA256_RECORDED,c9592bed679e4b425465c256c690e7f854293e56d15b8a3ef15de49c48dd160f,N/A,py,static completed draft events; source timestamps/receipt IDs incomplete in several derivatives,positive draft facts only; missing draft evidence remains unknown; current name+position joins are review-only,1.0.0
art_b57b2179ea8185e2,player_id|player_name|position|team|rookie_class_year|recommended_human_decision|evidence_strength|recommended_reason|can_auto_apply_review_only|review_only|approved_by_human|model_use_allowed|training_allowed,DRAFT_EVENT,DUPLICATE_EQUIVALENT,,LIVE_HQ,loc_f1b104c2c42aeb8f29a8dd94,,,,false,true,DUPLICATE_RECORDED,NOT_SUPERSEDED,SEPARATE_LEDGER_CONTROLS,REGISTERED_METADATA_ONLY,SOURCE_INVENTORY_SHA256_RECORDED,766e1813082adbe6f52f8767c4ec00766d4eb93aa06e104cf8356ecb4b052f3d,38,player_id|player_name|position|team|rookie_class_year|recommended_human_decision|evidence_strength|recommended_reason|can_auto_apply_review_only|review_only|approved_by_human|model_use_allowed|training_allowed,June 30 2026 packet snapshots,contains 18 exact duplicate row groups / 18 excess rows; no dedup performed; likely/confirmed-review-only must not be treated as verified undrafted truth,1.0.0
art_b57e4ad7fe550d73,draft_year|prospect_id|nfl_team|nfl_draft_pick|rookie_year_lve_ppg|year2_lve_ppg|year3_lve_ppg|best_lve_ppg|top24_seasons|hit_label|outcome_notes,PRE_DRAFT_TO_MULTI_YEAR_LEGACY,SUPERSEDED,,LIVE_HQ,loc_a5897634cd0d4a0e5b46df26,,,,false,true,NO_DUPLICATE_FLAG,SUPERSEDED_RECORDED,SEPARATE_LEDGER_CONTROLS,REGISTERED_METADATA_ONLY,SOURCE_INVENTORY_SHA256_RECORDED,f9d9630b312370ea158cef5637e969f4ed3466203a1bb8a9c30c326ad0a91401,0,draft_year|prospect_id|nfl_team|nfl_draft_pick|rookie_year_lve_ppg|year2_lve_ppg|year3_lve_ppg|best_lve_ppg|top24_seasons|hit_label|outcome_notes,legacy baseline; superseded by June 29-30 review-only gates,legacy source/use claims are superseded; provider content and name-key joins are restricted,1.0.0
art_b5b166ce97b750f8,label_family|position|season_or_year|sidecar_source_artifact|label_source_artifact|sidecar_rows|label_rows|matched_players|matched_player_seasons|matched_player_weeks|observed_row_scoring_ready|global_scoring_ready|return_special_td_parity_ready|censoring_parity_status|parity_ready|label_truth_allowed|model_use_allowed|training_allowed|source_truth_allowed|blocker_reason|notes,ROOKIE_SEASON_AND_MULTI_YEAR_OUTCOME,SUPPORTING_EVIDENCE,,LIVE_HQ,loc_21b2cbd0ea1123bf31f4354f,,,,false,true,NO_DUPLICATE_FLAG,NOT_SUPERSEDED,SEPARATE_LEDGER_CONTROLS,REGISTERED_METADATA_ONLY,SOURCE_INVENTORY_SHA256_RECORDED,2420d47baa4c1cc0f5eed97a73238397be45b9b1a42aeeb30811a4f2c3277707,16,label_family|position|season_or_year|sidecar_source_artifact|label_source_artifact|sidecar_rows|label_rows|matched_players|matched_player_seasons|matched_player_weeks|observed_row_scoring_ready|global_scoring_ready|return_special_td_parity_ready|censoring_parity_status|parity_ready|label_truth_allowed|model_use_allowed|training_allowed|source_truth_allowed|blocker_reason|notes,packet-specific immutable runs; some local receipts only,multiple scoring/rank systems conflict; position-threshold applicability must be explicit,1.0.0
art_b5fb61dcd7144a78,markdown/text,ROOKIE_SEASON_AND_MULTI_YEAR_OUTCOME,SUPPORTING_EVIDENCE,,LIVE_HQ,loc_427c8802bed74ad501409a68,,,,false,true,NO_DUPLICATE_FLAG,NOT_SUPERSEDED,SEPARATE_LEDGER_CONTROLS,REGISTERED_METADATA_ONLY,SOURCE_INVENTORY_SHA256_RECORDED,4219546c35b323d7779ba2fde08c61dc2f3176e59f310bd644fd5fb28346b41a,N/A,markdown/text,packet-specific 2026 receipts,authority is limited to the artifact's documented scope,1.0.0
art_b606db875f06f0ec,markdown/text,ROOKIE_SEASON_AND_MULTI_YEAR_OUTCOME,SUPPORTING_EVIDENCE,,LIVE_HQ,loc_469495dcd49308c7b8d00a4d,,,,false,true,NO_DUPLICATE_FLAG,NOT_SUPERSEDED,SEPARATE_LEDGER_CONTROLS,REGISTERED_METADATA_ONLY,SOURCE_INVENTORY_SHA256_RECORDED,081c00a99c8e5ad04e4c3aa055746a76fe2298246ecce1634e24868542020be6,N/A,markdown/text,packet-specific 2026 receipts,authority is limited to the artifact's documented scope,1.0.0
art_b60b02d16443f89c,markdown/text,ROOKIE_SEASON_AND_MULTI_YEAR_OUTCOME,SUPPORTING_EVIDENCE,,LIVE_HQ,loc_5524946f4f5b0cc779c5ea81,,,,false,true,NO_DUPLICATE_FLAG,NOT_SUPERSEDED,SEPARATE_LEDGER_CONTROLS,REGISTERED_METADATA_ONLY,SOURCE_INVENTORY_SHA256_RECORDED,78f7ac19411dfe4ebfd35b493487e52a399351624f9c972156d6c7f9c368df64,N/A,markdown/text,packet-specific 2026 receipts,authority is limited to the artifact's documented scope,1.0.0
art_b641e2278f2eab25,markdown/text,ROOKIE_SEASON_AND_MULTI_YEAR_OUTCOME,SUPPORTING_EVIDENCE,,LOCAL_ONLY,loc_4b893000b3ff27be16a49185,,,,false,true,NO_DUPLICATE_FLAG,NOT_SUPERSEDED,SEPARATE_LEDGER_CONTROLS,REGISTERED_METADATA_ONLY,SOURCE_INVENTORY_SHA256_RECORDED,d8ea465ac75794fe5817d36ccec774b1d11aac6099ca5019a8d06642e89f8583,N/A,markdown/text,packet-specific 2026 receipts,not tracked at live HQ HEAD,1.0.0
art_b66fe5ccf1cd73dd,json keys:schema_version|packet|verdict|starting_remote_hq|remote_advanced|immutable_reference|files|controls,GOVERNANCE,CANONICAL_ADMITTED,,LIVE_HQ,loc_5f47c0d4eba04a2c59072bf8,,,,true,false,NO_DUPLICATE_FLAG,NOT_SUPERSEDED,SEPARATE_LEDGER_CONTROLS,REGISTERED_METADATA_ONLY,SOURCE_INVENTORY_SHA256_RECORDED,62445c1947954f8d6c964c37eede6012766aad84fdd0849ec1783535349b2cdb,N/A,json keys:schema_version|packet|verdict|starting_remote_hq|remote_advanced|immutable_reference|files|controls,versioned canonical packet,authority is limited to the artifact's documented scope,1.0.0
art_b6cdfa0d3601d2b6,py,CROSS_LIFECYCLE,SUPPORTING_EVIDENCE,,LIVE_HQ,loc_ac09845ab946b4264586b559,,,,false,true,NO_DUPLICATE_FLAG,NOT_SUPERSEDED,SEPARATE_LEDGER_CONTROLS,REGISTERED_METADATA_ONLY,SOURCE_INVENTORY_SHA256_RECORDED,cd82f468b32e3e4e72fea5ced3479ec5ce67f37ef4c86b9de8051b40b0e44ae5,N/A,py,packet-specific snapshot,authority is limited to the artifact's documented scope,1.0.0
art_b6eb17c912099706,markdown/text,PRODUCT_CONSUMER,SUPPORTING_EVIDENCE,,LIVE_HQ,loc_1751ad827ebf02bcdd6daefd,,,,false,true,NO_DUPLICATE_FLAG,NOT_SUPERSEDED,SEPARATE_LEDGER_CONTROLS,REGISTERED_METADATA_ONLY,SOURCE_INVENTORY_SHA256_RECORDED,a04521620bea5439b93a70632a2ae4ac2b2e8e489a71436a13fb1ac69eeddb2d,N/A,markdown/text,live HQ at starting commit,authority is limited to the artifact's documented scope,1.0.0
art_b6f279bb42d78144,target_season|feature_season|position|exact_replay_rows_possible|partial_replay_rows_possible|label_coverage|identity_coverage|exact_input_coverage|partial_input_overlap_coverage|exact_source_receipt_coverage|v3_review_source_coverage|decision_date_safe|valid_exact_replay_row_can_exist|valid_partial_replay_row_can_exist|missingness|main_blocker,LATER_OUTCOME_RESEARCH,SUPPORTING_EVIDENCE,,LIVE_HQ,loc_7e70f6aa3c67fce49af97dba,,,,false,true,NO_DUPLICATE_FLAG,NOT_SUPERSEDED,SEPARATE_LEDGER_CONTROLS,REGISTERED_METADATA_ONLY,SOURCE_INVENTORY_SHA256_RECORDED,36027ca5395f46acdf31d5538169ad55f57493c9aac18b99736a5b8e6c13b458,52,target_season|feature_season|position|exact_replay_rows_possible|partial_replay_rows_possible|label_coverage|identity_coverage|exact_input_coverage|partial_input_overlap_coverage|exact_source_receipt_coverage|v3_review_source_coverage|decision_date_safe|valid_exact_replay_row_can_exist|valid_partial_replay_row_can_exist|missingness|main_blocker,versioned June-July 2026 review snapshots,review-only; formula work paused; current proxy/zero encodings cannot become evidence truth; retain scoring/window semantics,1.0.0
art_b70e0d53e598ed5f,markdown/text,ROOKIE_SEASON_AND_MULTI_YEAR_OUTCOME,SUPERSEDED,,LIVE_HQ,loc_399405a48b9081cab4a6f693,,,,false,true,NO_DUPLICATE_FLAG,SUPERSEDED_RECORDED,SEPARATE_LEDGER_CONTROLS,REGISTERED_METADATA_ONLY,SOURCE_INVENTORY_SHA256_RECORDED,4aa48b24157ff669238d8c2cf58972128ee80ea2cd2baaa66b08711430a04081,N/A,markdown/text,local run 2026-06-29; latest factual outcome season 2024,drafted-only; link availability differs from usable value availability; incomplete windows are censored,1.0.0
art_b70fe515981a552d,markdown/text,PRODUCT_CONSUMER,SUPPORTING_EVIDENCE,,LIVE_HQ,loc_fc1de5fd6ecc1f7053efd59b,,,,false,true,NO_DUPLICATE_FLAG,NOT_SUPERSEDED,SEPARATE_LEDGER_CONTROLS,REGISTERED_METADATA_ONLY,SOURCE_INVENTORY_SHA256_RECORDED,ea7272595070116443dea20b2a28db9c5f36274e2c4c795db92d98f3c5740c13,N/A,markdown/text,live HQ at starting commit,authority is limited to the artifact's documented scope,1.0.0
art_b71ac058aa536b27,rule_id|rule_name|source|required_condition|allowed_result|blocked_result|missing_data_behavior|review_only|model_use_allowed|training_allowed|test_required,DRAFT_EVENT,SUPPORTING_EVIDENCE,,LIVE_HQ,loc_64897771b1445e1c1d472359,,,,false,true,NO_DUPLICATE_FLAG,NOT_SUPERSEDED,SEPARATE_LEDGER_CONTROLS,REGISTERED_METADATA_ONLY,SOURCE_INVENTORY_SHA256_RECORDED,6cd0d37471571c219901d94ee2764ba948e157f8b9cb81a09da0618a2ecdbbd1,6,rule_id|rule_name|source|required_condition|allowed_result|blocked_result|missing_data_behavior|review_only|model_use_allowed|training_allowed|test_required,static completed draft events; source timestamps/receipt IDs incomplete in several derivatives,positive draft facts only; missing draft evidence remains unknown; current name+position joins are review-only,1.0.0
art_b732b6e71e163406,field_id|position|threshold|horizon|complete_label_rows|positive_label_count|negative_label_count|censored_or_missing_rows|anchor_seasons|complete_anchor_season_count|feasibility_status|reason|train_rows|train_positives|validation_rows|validation_positives|train_anchor_seasons|validation_anchor_seasons|baseline_probability|model_brier|baseline_brier|brier_delta_vs_baseline|weighted_calibration_abs_error|max_large_bucket_calibration_abs_error|calibration_status|validation_status|display_eligible|blocked_inputs_used|model_description|notes,ROOKIE_SEASON_AND_MULTI_YEAR_OUTCOME,SUPPORTING_EVIDENCE,,LOCAL_ONLY,loc_32a9b7fa732ca5c08d7ed934,,,,false,true,NO_DUPLICATE_FLAG,NOT_SUPERSEDED,SEPARATE_LEDGER_CONTROLS,REGISTERED_METADATA_ONLY,SOURCE_INVENTORY_SHA256_RECORDED,5169fa1a66e9425b89a60db4c127a09b082629306838d95b4216ea66db82b2af,36,field_id|position|threshold|horizon|complete_label_rows|positive_label_count|negative_label_count|censored_or_missing_rows|anchor_seasons|complete_anchor_season_count|feasibility_status|reason|train_rows|train_positives|validation_rows|validation_positives|train_anchor_seasons|validation_anchor_seasons|baseline_probability|model_brier|baseline_brier|brier_delta_vs_baseline|weighted_calibration_abs_error|max_large_bucket_calibration_abs_error|calibration_status|validation_status|display_eligible|blocked_inputs_used|model_description|notes,packet-specific immutable runs; some local receipts only,multiple scoring/rank systems conflict; position-threshold applicability must be explicit; not tracked at live HQ HEAD,1.0.0
art_b771ba7fd97c8efe,markdown/text,ROOKIE_SEASON_AND_MULTI_YEAR_OUTCOME,SUPPORTING_EVIDENCE,,LIVE_HQ,loc_fd4a8d45c189376ffe914bd3,,,,false,true,NO_DUPLICATE_FLAG,NOT_SUPERSEDED,SEPARATE_LEDGER_CONTROLS,REGISTERED_METADATA_ONLY,SOURCE_INVENTORY_SHA256_RECORDED,87f454747d76c260fe9ecd2cce5dae740bb52562d169a6fd6eb23224265592d1,N/A,markdown/text,packet-specific immutable runs; some local receipts only,multiple scoring/rank systems conflict; position-threshold applicability must be explicit,1.0.0
art_b7a54eb906a57330,component_name|position_scope|component_layer|production_input|current_source_file_function|data_source|admission_status|historical_availability|earliest_season_available|available_at_decision_date|leakage_risk|identity_join_risk|can_replay_historically|replay_status|drop_proxy_block|caveat,LATER_OUTCOME_RESEARCH,SUPPORTING_EVIDENCE,,LIVE_HQ,loc_633727f0bfb9ca2b005b19ee,,,,false,true,NO_DUPLICATE_FLAG,NOT_SUPERSEDED,SEPARATE_LEDGER_CONTROLS,REGISTERED_METADATA_ONLY,SOURCE_INVENTORY_SHA256_RECORDED,2b31784fcbb4550e4543a8f8502de7af218d27587b808f515a50598cf3ac9c8e,46,component_name|position_scope|component_layer|production_input|current_source_file_function|data_source|admission_status|historical_availability|earliest_season_available|available_at_decision_date|leakage_risk|identity_join_risk|can_replay_historically|replay_status|drop_proxy_block|caveat,versioned June-July 2026 review snapshots,review-only; formula work paused; current proxy/zero encodings cannot become evidence truth; retain scoring/window semantics,1.0.0
art_b85a1844319c60b0,json keys:accepted_controlling_audit_commit|app_runtime_change_allowed|branch|files|generated_at_utc|manifest_self_hash_policy|packet|precommit_base_and_verified_remote_hq|production_model_use_allowed|push_authorized|rankings_integration_allowed|schema_version|source_promotion_allowed|verdict,PROTECTED_FROZEN_GOVERNANCE,CANONICAL_REVIEW_ONLY,,LIVE_HQ,loc_a8e3bb8caafe51795b2d2cf5,,,,true,false,NO_DUPLICATE_FLAG,NOT_SUPERSEDED,SEPARATE_LEDGER_CONTROLS,REGISTERED_METADATA_ONLY,SOURCE_INVENTORY_SHA256_RECORDED,ba08b28a003a96331f81d367d70cc7ba379a488533d03fe608ede856ce9b3e42,N/A,json keys:accepted_controlling_audit_commit|app_runtime_change_allowed|branch|files|generated_at_utc|manifest_self_hash_policy|packet|precommit_base_and_verified_remote_hq|production_model_use_allowed|push_authorized|rankings_integration_allowed|schema_version|source_promotion_allowed|verdict,frozen 2026-07-10 before outcomes,authority is limited to the artifact's documented scope,1.0.0
art_b86054fd2dfcf600,markdown/text,PRE_DRAFT_TO_MULTI_YEAR_LEGACY,SUPPORTING_EVIDENCE,,LIVE_HQ,loc_46d685ae78d28d3985d8e2f7,,,,false,true,NO_DUPLICATE_FLAG,NOT_SUPERSEDED,SEPARATE_LEDGER_CONTROLS,REGISTERED_METADATA_ONLY,SOURCE_INVENTORY_SHA256_RECORDED,4b97f44a9e8546911f62e03dbd2a3d5c93e3ed423dbacc668b8dd2aa7b3fc86c,N/A,markdown/text,legacy baseline; superseded by June 29-30 review-only gates,legacy source/use claims are superseded; provider content and name-key joins are restricted,1.0.0
art_b8819e6fbe3aabcf,metric|value|notes|review_only|model_use_allowed|training_allowed,DRAFT_EVENT_TO_ROOKIE_OUTCOME_BRIDGE,SUPPORTING_EVIDENCE,,LOCAL_ONLY,loc_eab7ccfcddf569f189a35302,,,,false,true,NO_DUPLICATE_FLAG,NOT_SUPERSEDED,SEPARATE_LEDGER_CONTROLS,REGISTERED_METADATA_ONLY,SOURCE_INVENTORY_SHA256_RECORDED,32ee36229677b0fa7adf7624733932ce3d610ee879f02915cb4a67f7bd387091,21,metric|value|notes|review_only|model_use_allowed|training_allowed,local run 2026-06-29; raw input receipt/hash incomplete,local-only; tracked manifest lacks complete raw receipt/hash lineage; five rows lack GSIS,1.0.0
art_b897c4d6532a0f82,markdown/text,LATER_OUTCOME_RESEARCH,SUPPORTING_EVIDENCE,,LIVE_HQ,loc_67ffb697e267dadce78f55ef,,,,false,true,NO_DUPLICATE_FLAG,NOT_SUPERSEDED,SEPARATE_LEDGER_CONTROLS,REGISTERED_METADATA_ONLY,SOURCE_INVENTORY_SHA256_RECORDED,0bf6f91d8b033e08b19291c21f35df6fafe726b97dbdb875221afb772488ef52,N/A,markdown/text,versioned June-July 2026 review snapshots,review-only; formula work paused; current proxy/zero encodings cannot become evidence truth; retain scoring/window semantics,1.0.0
art_b8a20141e723fdad,markdown/text,ROOKIE_SEASON_AND_MULTI_YEAR_OUTCOME,SUPPORTING_EVIDENCE,,LIVE_HQ,loc_4ba5392045d85b76e92f7863,,,,false,true,NO_DUPLICATE_FLAG,NOT_SUPERSEDED,SEPARATE_LEDGER_CONTROLS,REGISTERED_METADATA_ONLY,SOURCE_INVENTORY_SHA256_RECORDED,a4e843c5488643735d71e8b71b4f790844f896930535862bef1ca45585e0e0f2,N/A,markdown/text,packet-specific immutable runs; some local receipts only,multiple scoring/rank systems conflict; position-threshold applicability must be explicit,1.0.0
art_b8ff02a222de0c49,py,DRAFT_EVENT,SUPPORTING_EVIDENCE,,LIVE_HQ,loc_f6bc05da5cd0266cf646c6de,,,,false,true,NO_DUPLICATE_FLAG,NOT_SUPERSEDED,SEPARATE_LEDGER_CONTROLS,REGISTERED_METADATA_ONLY,SOURCE_INVENTORY_SHA256_RECORDED,d83b75e848708fba213533c8bcc5bd51adbf7b6a907e5afbdbd4806a6bded0a1,N/A,py,June 30 2026 packet snapshots,likely/confirmed-review-only must not be treated as verified undrafted truth,1.0.0
art_b9161beaa68d3fe9,markdown/text,LATER_OUTCOME_RESEARCH,SUPPORTING_EVIDENCE,,LIVE_HQ,loc_3ffd90e5e8c56a9f15ab9eb4,,,,false,true,NO_DUPLICATE_FLAG,NOT_SUPERSEDED,SEPARATE_LEDGER_CONTROLS,REGISTERED_METADATA_ONLY,SOURCE_INVENTORY_SHA256_RECORDED,823eae46315564401c788432edf81692204e5e301fb1886dce6b57062644fe0f,N/A,markdown/text,July 9 2026 research snapshots,authority is limited to the artifact's documented scope,1.0.0
art_b948fb3e0c8456a8,markdown/text,DRAFT_EVENT,SUPERSEDED,,LIVE_HQ,loc_204c424fb2005601766eb5e8,,,,false,true,NO_DUPLICATE_FLAG,SUPERSEDED_RECORDED,SEPARATE_LEDGER_CONTROLS,REGISTERED_METADATA_ONLY,SOURCE_INVENTORY_SHA256_RECORDED,87cd002f08014c16f44d01887bd2e0fe0cf996694c175dcd32a1891339222415,N/A,markdown/text,static completed draft events; source timestamps/receipt IDs incomplete in several derivatives,positive draft facts only; missing draft evidence remains unknown; current name+position joins are review-only,1.0.0
art_b965e90dd9adce84,column_name|required|field_type|nullable|source_or_rule|missingness_rule|notes,ROOKIE_SEASON_AND_MULTI_YEAR_OUTCOME,SUPPORTING_EVIDENCE,,LIVE_HQ,loc_808d0504f25a7c8a6c46708c,,,,false,true,NO_DUPLICATE_FLAG,NOT_SUPERSEDED,SEPARATE_LEDGER_CONTROLS,REGISTERED_METADATA_ONLY,SOURCE_INVENTORY_SHA256_RECORDED,854938f4e81530b5f54d8a04d7e1be7d388b296b8f107a66da247ddc51617ea7,28,column_name|required|field_type|nullable|source_or_rule|missingness_rule|notes,packet-specific immutable runs; some local receipts only,multiple scoring/rank systems conflict; position-threshold applicability must be explicit,1.0.0
art_b969e9dc288f43f9,py,PROTECTED_FROZEN_GOVERNANCE,CANONICAL_REVIEW_ONLY,,LIVE_HQ,loc_d7694e1a52ccb973b348df0c,,,,true,false,NO_DUPLICATE_FLAG,NOT_SUPERSEDED,SEPARATE_LEDGER_CONTROLS,REGISTERED_METADATA_ONLY,SOURCE_INVENTORY_SHA256_RECORDED,540682374910312c5a5cbf0b17b1e6174f5e2faf22179b701300a93564afb667,N/A,py,frozen 2026-07-10 before outcomes,authority is limited to the artifact's documented scope,1.0.0
art_b9bd6c28eefcb59c,run_id|run_timestamp|dataset_name|season|endpoint_or_source|action_type|refreshed|raw_cache_location|tracked_artifact|row_count|freshness|model_use_allowed|training_allowed|identity_review_required|review_only|notes,PRE_DRAFT,SOURCE_UNADMITTED,,LIVE_HQ,loc_3de61a7d4be97d235ad68be1,,,,false,true,NO_DUPLICATE_FLAG,NOT_SUPERSEDED,SEPARATE_LEDGER_CONTROLS,REGISTERED_METADATA_ONLY,SOURCE_INVENTORY_SHA256_RECORDED,6041c03c8631c23249d62b8f47dfeec8148b2bc420a0a6742f0c779ba650449a,18,run_id|run_timestamp|dataset_name|season|endpoint_or_source|action_type|refreshed|raw_cache_location|tracked_artifact|row_count|freshness|model_use_allowed|training_allowed|identity_review_required|review_only|notes,run 2026-06-26; mutable source; row-level as-of incomplete,"raw cache remains outside Git; rights, hashes, and production gates are incomplete",1.0.0
art_ba0809f611c10dc7,ps1,CROSS_LIFECYCLE,SUPPORTING_EVIDENCE,,LIVE_HQ,loc_c913b9ca43f22bcd63e20dc9,,,,false,true,NO_DUPLICATE_FLAG,NOT_SUPERSEDED,SEPARATE_LEDGER_CONTROLS,REGISTERED_METADATA_ONLY,SOURCE_INVENTORY_SHA256_RECORDED,c1bda0e874463df26d21d1cd0e5e9898330ef6a69a36e3c4a200ec6bd2f5828b,N/A,ps1,packet-specific snapshot,authority is limited to the artifact's documented scope,1.0.0
art_ba0a195f2c1411d2,identity_scope|status|rows_or_count|evidence|canonical_id_safe|duplicate_safe|name_conflict_safe|season_position_aligned|formula_gauntlet_readiness|caveat,LATER_OUTCOME_RESEARCH,SUPPORTING_EVIDENCE,,LIVE_HQ,loc_45131a47f042dc89c34f2c71,,,,false,true,NO_DUPLICATE_FLAG,NOT_SUPERSEDED,SEPARATE_LEDGER_CONTROLS,REGISTERED_METADATA_ONLY,SOURCE_INVENTORY_SHA256_RECORDED,a6b63cde216cca670d18fd18392af12135adf96691725398dae495b675b6f63a,10,identity_scope|status|rows_or_count|evidence|canonical_id_safe|duplicate_safe|name_conflict_safe|season_position_aligned|formula_gauntlet_readiness|caveat,versioned June-July 2026 review snapshots,review-only; formula work paused; current proxy/zero encodings cannot become evidence truth; retain scoring/window semantics,1.0.0
art_ba6875ca56d27bcf,player_id|player_name|position|team|rookie_class_year|current_status_before|current_rookie_universe_status|CFBD_identity_status_if_available|NWR_Sleeper_NFL_identity_fields_if_available|nflverse_draft_pick_search_result|draft_year_checked|exact_name_match_in_draft_picks|normalized_name_match_in_draft_picks|position_match_in_draft_picks|team_or_school_context_if_available|possible_name_collision|wrong_universe_risk|current_evidence_summary|evidence_strength|recommended_human_decision|recommended_reason|review_only|model_use_allowed|training_allowed,DRAFT_EVENT,DUPLICATE_EQUIVALENT,,LIVE_HQ,loc_0f5f3be9df3dd07a1a5ed87c,,,,false,true,DUPLICATE_RECORDED,NOT_SUPERSEDED,SEPARATE_LEDGER_CONTROLS,REGISTERED_METADATA_ONLY,SOURCE_INVENTORY_SHA256_RECORDED,28a1b0d052db6de54265adf0d9cdb7e690d236e3e3be8606338551f3a633e786,38,player_id|player_name|position|team|rookie_class_year|current_status_before|current_rookie_universe_status|CFBD_identity_status_if_available|NWR_Sleeper_NFL_identity_fields_if_available|nflverse_draft_pick_search_result|draft_year_checked|exact_name_match_in_draft_picks|normalized_name_match_in_draft_picks|position_match_in_draft_picks|team_or_school_context_if_available|possible_name_collision|wrong_universe_risk|current_evidence_summary|evidence_strength|recommended_human_decision|recommended_reason|review_only|model_use_allowed|training_allowed,June 30 2026 packet snapshots,contains 18 exact duplicate row groups / 18 excess rows; no dedup performed; likely/confirmed-review-only must not be treated as verified undrafted truth,1.0.0
art_ba761e7a35a9beb8,markdown/text,LATER_OUTCOME_RESEARCH,SUPPORTING_EVIDENCE,,LIVE_HQ,loc_0d7ed6a67538952588b4c792,,,,false,true,NO_DUPLICATE_FLAG,NOT_SUPERSEDED,SEPARATE_LEDGER_CONTROLS,REGISTERED_METADATA_ONLY,SOURCE_INVENTORY_SHA256_RECORDED,410f189462544388bd40415fb1d8fe4fff6c1887fec861e0ad1ad95e23bf00ab,N/A,markdown/text,July 9 2026 research snapshots,authority is limited to the artifact's documented scope,1.0.0
art_ba880b99f33ed552,player_id|player_name|position|anchor_season|team|this_year_top_6_hit|this_year_top_12_hit|this_year_top_24_hit|this_year_top_36_hit|next_year_top_6_hit|next_year_top_12_hit|next_year_top_24_hit|next_year_top_36_hit|within_5y_top_6_hit|within_5y_top_12_hit|within_5y_top_24_hit|within_5y_top_36_hit|this_year_window_complete|next_year_window_complete|within_5y_window_complete|censoring_status|approval_status|model_input_allowed|training_allowed|app_wiring_allowed,ROOKIE_SEASON_AND_MULTI_YEAR_OUTCOME,SUPPORTING_EVIDENCE,,LOCAL_ONLY,loc_2b16e7d61adfbae3ede3fbcc,,,,false,true,NO_DUPLICATE_FLAG,NOT_SUPERSEDED,SEPARATE_LEDGER_CONTROLS,REGISTERED_METADATA_ONLY,SOURCE_INVENTORY_SHA256_RECORDED,a8ab98e28175de6092f0179710e52f50012c2663898b2e3e401cde9ee5df5d14,3569,player_id|player_name|position|anchor_season|team|this_year_top_6_hit|this_year_top_12_hit|this_year_top_24_hit|this_year_top_36_hit|next_year_top_6_hit|next_year_top_12_hit|next_year_top_24_hit|next_year_top_36_hit|within_5y_top_6_hit|within_5y_top_12_hit|within_5y_top_24_hit|within_5y_top_36_hit|this_year_window_complete|next_year_window_complete|within_5y_window_complete|censoring_status|approval_status|model_input_allowed|training_allowed|app_wiring_allowed,packet-specific immutable runs; some local receipts only,multiple scoring/rank systems conflict; position-threshold applicability must be explicit; not tracked at live HQ HEAD,1.0.0
art_bacedb710258cea7,markdown/text,DRAFT_EVENT,SUPPORTING_EVIDENCE,,LIVE_HQ,loc_ee40f922907797a3ec206ac8,,,,false,true,NO_DUPLICATE_FLAG,NOT_SUPERSEDED,SEPARATE_LEDGER_CONTROLS,REGISTERED_METADATA_ONLY,SOURCE_INVENTORY_SHA256_RECORDED,a950fc23de002a376d110ba7596cd8642122896c4cdccc3cca2ada56913c5708,N/A,markdown/text,static completed draft events; source timestamps/receipt IDs incomplete in several derivatives,positive draft facts only; missing draft evidence remains unknown; current name+position joins are review-only,1.0.0
art_bb1c6b426907a1a6,py,CROSS_LIFECYCLE,SUPPORTING_EVIDENCE,,LIVE_HQ,loc_4305607c3ea3767c75a799e1,,,,false,true,NO_DUPLICATE_FLAG,NOT_SUPERSEDED,SEPARATE_LEDGER_CONTROLS,REGISTERED_METADATA_ONLY,SOURCE_INVENTORY_SHA256_RECORDED,b80d2116c52d4864ee571882c096e864c6203b5ab4d09b003532afb0741de829,N/A,py,packet-specific snapshot,authority is limited to the artifact's documented scope,1.0.0
art_bb435ada2b39bb35,audit_id|source_name|field_name|season|week_or_date|position|team|row_grain|expected_rows|observed_rows|missing_rows|missing_rate|missing_reason|coverage_status|coverage_bias_risk|eligibility_filter|zero_fill_used|exclusion_rule|review_owner|notes,GOVERNANCE,CANONICAL_ADMITTED,,LIVE_HQ,loc_6ae40f63fa71552456af2014,,,,true,false,NO_DUPLICATE_FLAG,NOT_SUPERSEDED,SEPARATE_LEDGER_CONTROLS,REGISTERED_METADATA_ONLY,SOURCE_INVENTORY_SHA256_RECORDED,f95e19a467b79939edb19c23de6c9b52d60829e7d8b4cdfad8f3a8d3c80c4acd,0,audit_id|source_name|field_name|season|week_or_date|position|team|row_grain|expected_rows|observed_rows|missing_rows|missing_rate|missing_reason|coverage_status|coverage_bias_risk|eligibility_filter|zero_fill_used|exclusion_rule|review_owner|notes,versioned policy snapshot,authority is limited to the artifact's documented scope,1.0.0
art_bb53f8b24f104f70,markdown/text,ROOKIE_SEASON_AND_MULTI_YEAR_OUTCOME,SUPPORTING_EVIDENCE,,LIVE_HQ,loc_10b88e733aa512813f1690ac,,,,false,true,NO_DUPLICATE_FLAG,NOT_SUPERSEDED,SEPARATE_LEDGER_CONTROLS,REGISTERED_METADATA_ONLY,SOURCE_INVENTORY_SHA256_RECORDED,c6cfee2fb31e5c2d351ee7a60ed9b66ec947e26aa3ba5ffea46b0122f17d15bf,N/A,markdown/text,packet-specific 2026 receipts,authority is limited to the artifact's documented scope,1.0.0
art_bbcd2f04f524a583,target_season|position|component_name|source_column|rows|available_rows|missing_rows|coverage_rate|review_only_status|caveat,LATER_OUTCOME_RESEARCH,SUPPORTING_EVIDENCE,,LIVE_HQ,loc_91c6270e8a07844388799db3,,,,false,true,NO_DUPLICATE_FLAG,NOT_SUPERSEDED,SEPARATE_LEDGER_CONTROLS,REGISTERED_METADATA_ONLY,SOURCE_INVENTORY_SHA256_RECORDED,91a52649f781b6bc34e9fef604f21ae7fa7abdbdcd5e41078f7285756d2c56b0,1079,target_season|position|component_name|source_column|rows|available_rows|missing_rows|coverage_rate|review_only_status|caveat,versioned June-July 2026 review snapshots,review-only; formula work paused; current proxy/zero encodings cannot become evidence truth; retain scoring/window semantics,1.0.0
art_bbddaaee723aaac1,markdown/text,ROOKIE_SEASON_AND_MULTI_YEAR_OUTCOME,SUPPORTING_EVIDENCE,,LOCAL_ONLY,loc_37369a8bdfebf995558bb5cd,,,,false,true,NO_DUPLICATE_FLAG,NOT_SUPERSEDED,SEPARATE_LEDGER_CONTROLS,REGISTERED_METADATA_ONLY,SOURCE_INVENTORY_SHA256_RECORDED,117b4383407d705686f1065891803d079fa5dd10848c9bbf5b7751977a5869fe,N/A,markdown/text,packet-specific 2026 receipts,not tracked at live HQ HEAD,1.0.0
art_bbefe71b3a2bd32e,classification|meaning|minimum_evidence|allowed_next_action|not_allowed|source_admission_status|notes,ROOKIE_SEASON_AND_MULTI_YEAR_OUTCOME,SUPPORTING_EVIDENCE,,LIVE_HQ,loc_9f92fa9576f261ae59247570,,,,false,true,NO_DUPLICATE_FLAG,NOT_SUPERSEDED,SEPARATE_LEDGER_CONTROLS,REGISTERED_METADATA_ONLY,SOURCE_INVENTORY_SHA256_RECORDED,e4a454088d5b3b8bff578361c7014eea5dbe70ece67094473aaf82e0913b814d,5,classification|meaning|minimum_evidence|allowed_next_action|not_allowed|source_admission_status|notes,packet-specific 2026 receipts,authority is limited to the artifact's documented scope,1.0.0
art_bc5d977c1598e630,markdown/text,LATER_OUTCOME_RESEARCH,SUPPORTING_EVIDENCE,,LIVE_HQ,loc_9f520400e98b877368fcc93f,,,,false,true,NO_DUPLICATE_FLAG,NOT_SUPERSEDED,SEPARATE_LEDGER_CONTROLS,REGISTERED_METADATA_ONLY,SOURCE_INVENTORY_SHA256_RECORDED,3ec7921ecbbeda15e980d47fa936d92c3f4e9211e7c24ade280ffb8c5ad5eae0,N/A,markdown/text,July 9 2026 research snapshots,authority is limited to the artifact's documented scope,1.0.0
art_bc874ea89e207db7,markdown/text,ROOKIE_SEASON_AND_MULTI_YEAR_OUTCOME,SUPPORTING_EVIDENCE,,LIVE_HQ,loc_392828e35a214fbf107d2436,,,,false,true,NO_DUPLICATE_FLAG,NOT_SUPERSEDED,SEPARATE_LEDGER_CONTROLS,REGISTERED_METADATA_ONLY,SOURCE_INVENTORY_SHA256_RECORDED,a9c5178692f81e964578834f49d34fc0eb88f8ae4a9cdc66982d82385173a083,N/A,markdown/text,packet-specific immutable runs; some local receipts only,multiple scoring/rank systems conflict; position-threshold applicability must be explicit,1.0.0
art_bca34e651a14d4de,markdown/text,ROOKIE_SEASON_AND_MULTI_YEAR_OUTCOME,SUPPORTING_EVIDENCE,,LIVE_HQ,loc_8e11ce5c98c3e5d7ab6d4e13,,,,false,true,NO_DUPLICATE_FLAG,NOT_SUPERSEDED,SEPARATE_LEDGER_CONTROLS,REGISTERED_METADATA_ONLY,SOURCE_INVENTORY_SHA256_RECORDED,c84a2870340914cbbc0441e44caccc3d0939738cf6b2b67104ae998e0e257a7d,N/A,markdown/text,packet-specific immutable runs; some local receipts only,multiple scoring/rank systems conflict; position-threshold applicability must be explicit,1.0.0
art_bcef3e502a27a8cc,algorithm_id|target_season|player_id|player_name|position|predicted_score|predicted_overall_rank|predicted_position_rank|actual_points|actual_position_rank|split,ROOKIE_SEASON_AND_MULTI_YEAR_OUTCOME,SUPPORTING_EVIDENCE,,LOCAL_ONLY,loc_a025cd96e7adeadf612a27de,,,,false,true,NO_DUPLICATE_FLAG,NOT_SUPERSEDED,SEPARATE_LEDGER_CONTROLS,REGISTERED_METADATA_ONLY,SOURCE_INVENTORY_SHA256_RECORDED,8f70f8429d1dce80ffd999392f1f53a16db7746c10405eeb1f53e460e0aff192,14190,algorithm_id|target_season|player_id|player_name|position|predicted_score|predicted_overall_rank|predicted_position_rank|actual_points|actual_position_rank|split,packet-specific 2026 receipts,not tracked at live HQ HEAD,1.0.0
art_bcf83fda9483579d,markdown/text,LATER_OUTCOME_RESEARCH,SUPPORTING_EVIDENCE,,LIVE_HQ,loc_07e53c99ea0958d69da808d3,,,,false,true,NO_DUPLICATE_FLAG,NOT_SUPERSEDED,SEPARATE_LEDGER_CONTROLS,REGISTERED_METADATA_ONLY,SOURCE_INVENTORY_SHA256_RECORDED,14ae1bc6f119256597187b275089075a4d6883f6014dcf1f1faad8b6e3ade714,N/A,markdown/text,versioned June-July 2026 review snapshots,review-only; formula work paused; current proxy/zero encodings cannot become evidence truth; retain scoring/window semantics,1.0.0
art_bd019409c9236b5f,markdown/text,LATER_OUTCOME_RESEARCH,SUPPORTING_EVIDENCE,,LIVE_HQ,loc_98297d97055d3b158e6fd9b8,,,,false,true,NO_DUPLICATE_FLAG,NOT_SUPERSEDED,SEPARATE_LEDGER_CONTROLS,REGISTERED_METADATA_ONLY,SOURCE_INVENTORY_SHA256_RECORDED,e6973460e47602fd8b938d9b391b2896f4550d7f4258c2b2b5905284c5efc7bb,N/A,markdown/text,versioned June-July 2026 review snapshots,review-only; formula work paused; current proxy/zero encodings cannot become evidence truth; retain scoring/window semantics,1.0.0
art_bd0ef85f6a4e45cc,markdown/text,DRAFT_EVENT,SUPPORTING_EVIDENCE,,LIVE_HQ,loc_019f9a184d007533dbe6a243,,,,false,true,NO_DUPLICATE_FLAG,NOT_SUPERSEDED,SEPARATE_LEDGER_CONTROLS,REGISTERED_METADATA_ONLY,SOURCE_INVENTORY_SHA256_RECORDED,817f684f9bc41519f6c9298860ccd2b550a16a00ea3be44e9b054ebc95f7fed8,N/A,markdown/text,static completed draft events; source timestamps/receipt IDs incomplete in several derivatives,positive draft facts only; missing draft evidence remains unknown; current name+position joins are review-only,1.0.0
art_bd5fd641b6c7a891,markdown/text,DRAFT_EVENT,SUPPORTING_EVIDENCE,,LIVE_HQ,loc_331f5813fd453935ad6137d6,,,,false,true,NO_DUPLICATE_FLAG,NOT_SUPERSEDED,SEPARATE_LEDGER_CONTROLS,REGISTERED_METADATA_ONLY,SOURCE_INVENTORY_SHA256_RECORDED,376d5e3b947d50275e1f6d258754c0588b3ccf7de37c19547ba7f156e4fde3ab,N/A,markdown/text,static completed draft events; source timestamps/receipt IDs incomplete in several derivatives,positive draft facts only; missing draft evidence remains unknown; current name+position joins are review-only,1.0.0
art_bdfd5e1e0b24f0f4,markdown/text,ROOKIE_SEASON_AND_MULTI_YEAR_OUTCOME,SUPPORTING_EVIDENCE,,LIVE_HQ,loc_f63de508129c491654a18faf,,,,false,true,NO_DUPLICATE_FLAG,NOT_SUPERSEDED,SEPARATE_LEDGER_CONTROLS,REGISTERED_METADATA_ONLY,SOURCE_INVENTORY_SHA256_RECORDED,d4056a8c5bc8919e1ec6c70fe0e5613b98be102632b2e0eb7d62186123f0193b,N/A,markdown/text,packet-specific immutable runs; some local receipts only,multiple scoring/rank systems conflict; position-threshold applicability must be explicit,1.0.0
art_be677d4b22b21120,markdown/text,ROOKIE_SEASON_AND_MULTI_YEAR_OUTCOME,SUPPORTING_EVIDENCE,,LIVE_HQ,loc_a483e6ff0e1db8ddfffd16b1,,,,false,true,NO_DUPLICATE_FLAG,NOT_SUPERSEDED,SEPARATE_LEDGER_CONTROLS,REGISTERED_METADATA_ONLY,SOURCE_INVENTORY_SHA256_RECORDED,e96b9a6fbfd711b57f6c30af5902f30b417bf4a9e188200b9690dde5bbc7ae57,N/A,markdown/text,packet-specific immutable runs; some local receipts only,multiple scoring/rank systems conflict; position-threshold applicability must be explicit,1.0.0
art_be8ae6c351998318,algorithm_id|algorithm_family|season|split|tier|predicted_count|actual_count|hits|precision|recall,ROOKIE_SEASON_AND_MULTI_YEAR_OUTCOME,SUPPORTING_EVIDENCE,,LOCAL_ONLY,loc_eaf648ae2d84a6ec845daee0,,,,false,true,NO_DUPLICATE_FLAG,NOT_SUPERSEDED,SEPARATE_LEDGER_CONTROLS,REGISTERED_METADATA_ONLY,SOURCE_INVENTORY_SHA256_RECORDED,e3f08efbab7370c654970edeab6864a0f69d485709a8d6ef07dbe671b2349707,9009,algorithm_id|algorithm_family|season|split|tier|predicted_count|actual_count|hits|precision|recall,packet-specific 2026 receipts,not tracked at live HQ HEAD,1.0.0
art_beafab768a11d21e,markdown/text,ROOKIE_SEASON_AND_MULTI_YEAR_OUTCOME,SUPPORTING_EVIDENCE,,LIVE_HQ,loc_1a583a7be522fe991d671eee,,,,false,true,NO_DUPLICATE_FLAG,NOT_SUPERSEDED,SEPARATE_LEDGER_CONTROLS,REGISTERED_METADATA_ONLY,SOURCE_INVENTORY_SHA256_RECORDED,a00381914ffa74e9075b761f35c2df0deb1d854f558143fc14d0debf33903859,N/A,markdown/text,local run 2026-06-29; latest factual outcome season 2024,drafted-only; link availability differs from usable value availability; incomplete windows are censored,1.0.0
art_bec9a5339c27f330,markdown/text,ROOKIE_SEASON_AND_MULTI_YEAR_OUTCOME,SUPPORTING_EVIDENCE,,LIVE_HQ,loc_62903f1822f7582e0b87a2b4,,,,false,true,NO_DUPLICATE_FLAG,NOT_SUPERSEDED,SEPARATE_LEDGER_CONTROLS,REGISTERED_METADATA_ONLY,SOURCE_INVENTORY_SHA256_RECORDED,728791964db8173d41204bf4b5453f83894153b53cca8b4ed49c2200c2e66110,N/A,markdown/text,packet-specific 2026 receipts,authority is limited to the artifact's documented scope,1.0.0
art_bf4a9536d1e81dd2,markdown/text,DRAFT_EVENT,SUPPORTING_EVIDENCE,,LIVE_HQ,loc_a8ddb099368a23291c7ae76c,,,,false,true,NO_DUPLICATE_FLAG,NOT_SUPERSEDED,SEPARATE_LEDGER_CONTROLS,REGISTERED_METADATA_ONLY,SOURCE_INVENTORY_SHA256_RECORDED,5647c432ca4796abe1fa7bbf18375da88204adfb619cd0558bbc67ef6fd54c6b,N/A,markdown/text,June 30 2026 packet snapshots,likely/confirmed-review-only must not be treated as verified undrafted truth,1.0.0
art_bf98231c6d04b349,markdown/text,CROSS_LIFECYCLE,SUPPORTING_EVIDENCE,,LIVE_HQ,loc_f420e14ead86a9e38edf0664,,,,false,true,NO_DUPLICATE_FLAG,NOT_SUPERSEDED,SEPARATE_LEDGER_CONTROLS,REGISTERED_METADATA_ONLY,SOURCE_INVENTORY_SHA256_RECORDED,b289f6be8e6a94a560b31368ea4e3aacfd95358549a508cfffd23fdb248cdcf5,N/A,markdown/text,packet-specific snapshot,authority is limited to the artifact's documented scope,1.0.0
art_bfa8e86ccdce7ce2,label_family|source_path_or_dataset|current_status|allowed_as_label_target|allowed_as_feature|review_only|display_only|model_use_allowed|training_allowed|source_truth_allowed|refresh_dependency|blocker_reason|next_gate,DRAFT_EVENT,SUPPORTING_EVIDENCE,,LIVE_HQ,loc_8f3768a656cb0deb9674c5f0,,,,false,true,NO_DUPLICATE_FLAG,NOT_SUPERSEDED,SEPARATE_LEDGER_CONTROLS,REGISTERED_METADATA_ONLY,SOURCE_INVENTORY_SHA256_RECORDED,69ba67e6473640dfdd4ba5de935797711e0beb1245b87c972445c64a88e41f19,5,label_family|source_path_or_dataset|current_status|allowed_as_label_target|allowed_as_feature|review_only|display_only|model_use_allowed|training_allowed|source_truth_allowed|refresh_dependency|blocker_reason|next_gate,static completed draft events; source timestamps/receipt IDs incomplete in several derivatives,positive draft facts only; missing draft evidence remains unknown; current name+position joins are review-only,1.0.0
art_bfb398198a825788,player_id|player_name|position|team|rookie_class_year|draft_year|draft_round|draft_pick|overall_pick|draft_capital_bucket|udffa_or_undrafted_status|current_rookie_universe_status|udfa_display_status|wrong_universe_flag|name_collision_flag|identity_status|draft_capital_status|feature_coverage_status|model_rd_status|validation_status|display_status|data_quality_status|source_provenance_status|repair_action|repair_confidence|rookie_year_top_12_review_display_rate|rookie_year_top_24_review_display_rate|rookie_year_top_36_review_display_rate|year_2_top_12_review_display_rate|year_2_top_24_review_display_rate|...(+25 columns),DRAFT_EVENT,DUPLICATE_EQUIVALENT,,LIVE_HQ,loc_805a206867bba3a568acc959,,,,false,true,DUPLICATE_RECORDED,NOT_SUPERSEDED,SEPARATE_LEDGER_CONTROLS,REGISTERED_METADATA_ONLY,SOURCE_INVENTORY_SHA256_RECORDED,af2016f2e280793262806a3394dee1f51962afa3e9e66473c01a6abec1a5b20a,157,player_id|player_name|position|team|rookie_class_year|draft_year|draft_round|draft_pick|overall_pick|draft_capital_bucket|udffa_or_undrafted_status|current_rookie_universe_status|udfa_display_status|wrong_universe_flag|name_collision_flag|identity_status|draft_capital_status|feature_coverage_status|model_rd_status|validation_status|display_status|data_quality_status|source_provenance_status|repair_action|repair_confidence|rookie_year_top_12_review_display_rate|rookie_year_top_24_review_display_rate|rookie_year_top_36_review_display_rate|year_2_top_12_review_display_rate|year_2_top_24_review_display_rate|...(+25 columns),June 30 2026 packet snapshots,contains 50 exact duplicate row groups / 50 excess rows; no dedup performed; likely/confirmed-review-only must not be treated as verified undrafted truth,1.0.0
art_bfe05571123ea0de,markdown/text,DRAFT_EVENT,SUPPORTING_EVIDENCE,,LIVE_HQ,loc_6a5f790b3bba138656034713,,,,false,true,NO_DUPLICATE_FLAG,NOT_SUPERSEDED,SEPARATE_LEDGER_CONTROLS,REGISTERED_METADATA_ONLY,SOURCE_INVENTORY_SHA256_RECORDED,903b8d9d54f7d410b4cf492c9b9631cd273bd63316ff22dd2846e6f8cf25b060,N/A,markdown/text,June 30 2026 snapshot; source acquisition receipt incomplete,"2,514 likely-UDFA rows are provisional; tracked builder/input receipt is missing; no evidence modified",1.0.0
art_bfff734b51ef4468,markdown/text,GOVERNANCE,CANONICAL_ADMITTED,,LIVE_HQ,loc_1eb0ce4c1fee83cd9f376a67,,,,true,false,NO_DUPLICATE_FLAG,NOT_SUPERSEDED,SEPARATE_LEDGER_CONTROLS,REGISTERED_METADATA_ONLY,SOURCE_INVENTORY_SHA256_RECORDED,7c4da05a2a872cbfa1021e59dc6bda69577e95e840a7b1e4604a3870884da65f,N/A,markdown/text,versioned canonical packet,authority is limited to the artifact's documented scope,1.0.0
art_c007a7ef323ae31f,markdown/text,ROOKIE_SEASON_AND_MULTI_YEAR_OUTCOME,SUPPORTING_EVIDENCE,,LIVE_HQ,loc_68afb7857d146a2d06e45656,,,,false,true,NO_DUPLICATE_FLAG,NOT_SUPERSEDED,SEPARATE_LEDGER_CONTROLS,REGISTERED_METADATA_ONLY,SOURCE_INVENTORY_SHA256_RECORDED,66f08676d2157b01a1dfecd49761efa67387f2e960fe751a39eb65d0db7cb9d9,N/A,markdown/text,packet-specific immutable runs; some local receipts only,multiple scoring/rank systems conflict; position-threshold applicability must be explicit,1.0.0
art_c03c7b28f8570957,draft_year|player_name|position|draft_college|candidate_cfbd_name|candidate_cfbd_team|candidate_cfbd_position|candidate_years|match_basis|risk_flags|recommended_status|explanation,CROSS_LIFECYCLE_IDENTITY,IDENTITY_UNRESOLVED,,LIVE_HQ,loc_2fe9bd81caf0683abe7c9bb2,,,,false,true,NO_DUPLICATE_FLAG,NOT_SUPERSEDED,SEPARATE_LEDGER_CONTROLS,REGISTERED_METADATA_ONLY,SOURCE_INVENTORY_SHA256_RECORDED,dad725f1e911c44bdacedde1536492dedf4a0e16199434dd8e2537e442a87209,17,draft_year|player_name|position|draft_college|candidate_cfbd_name|candidate_cfbd_team|candidate_cfbd_position|candidate_years|match_basis|risk_flags|recommended_status|explanation,2026-06-26 to 2026-06-29 review snapshots,human review approval is review-only; normalized name/position is not controlling identity,1.0.0
art_c0ae8adf3c3116e9,markdown/text,ROOKIE_SEASON_AND_MULTI_YEAR_OUTCOME,SUPPORTING_EVIDENCE,,LIVE_HQ,loc_2a095ee306cdaab2d5339c18,,,,false,true,NO_DUPLICATE_FLAG,NOT_SUPERSEDED,SEPARATE_LEDGER_CONTROLS,REGISTERED_METADATA_ONLY,SOURCE_INVENTORY_SHA256_RECORDED,9e373d2bb7e8037225549e04b12bf4dfafcda5a287d629f6246158e5b17faa72,N/A,markdown/text,packet-specific immutable runs; some local receipts only,multiple scoring/rank systems conflict; position-threshold applicability must be explicit,1.0.0
art_c163b5f30c670a74,markdown/text,LATER_OUTCOME_RESEARCH,SUPPORTING_EVIDENCE,,LIVE_HQ,loc_549b5bb351bd07f13d33a9f4,,,,false,true,NO_DUPLICATE_FLAG,NOT_SUPERSEDED,SEPARATE_LEDGER_CONTROLS,REGISTERED_METADATA_ONLY,SOURCE_INVENTORY_SHA256_RECORDED,5e6aa5f39fa8deb4a1cb7b9d85366b902601ee5fb5cdd07ef01e5309e5b87f89,N/A,markdown/text,July 9 2026 research snapshots,authority is limited to the artifact's documented scope,1.0.0
art_c1c2abff0332af10,markdown/text,CROSS_LIFECYCLE_IDENTITY,IDENTITY_UNRESOLVED,,LIVE_HQ,loc_b7b649edb00076d72929b0c6,,,,false,true,NO_DUPLICATE_FLAG,NOT_SUPERSEDED,SEPARATE_LEDGER_CONTROLS,REGISTERED_METADATA_ONLY,SOURCE_INVENTORY_SHA256_RECORDED,b780a17ad558d764bbdc9a2f1ec3d4472a1aa7498ef560b0f69ba0a5a400cea3,N/A,markdown/text,2026-06-26 to 2026-06-29 review snapshots,human review approval is review-only; normalized name/position is not controlling identity,1.0.0
art_c25ca3086ac45388,markdown/text,DRAFT_EVENT,SUPPORTING_EVIDENCE,,LIVE_HQ,loc_9b5e60aeddd4baf53101bbd7,,,,false,true,NO_DUPLICATE_FLAG,NOT_SUPERSEDED,SEPARATE_LEDGER_CONTROLS,REGISTERED_METADATA_ONLY,SOURCE_INVENTORY_SHA256_RECORDED,d0bebeb7cdcae5fbb0f53a5819078bcadccd9d4cb63d3f82919c50924da03cbb,N/A,markdown/text,static completed draft events; source timestamps/receipt IDs incomplete in several derivatives,positive draft facts only; missing draft evidence remains unknown; current name+position joins are review-only,1.0.0
art_c2998862dce9dce2,markdown/text,PROTECTED_FROZEN_GOVERNANCE,CANONICAL_REVIEW_ONLY,,LIVE_HQ,loc_a47b15a9bff3e9467ff37fa3,,,,true,false,NO_DUPLICATE_FLAG,NOT_SUPERSEDED,SEPARATE_LEDGER_CONTROLS,REGISTERED_METADATA_ONLY,SOURCE_INVENTORY_SHA256_RECORDED,4196a8628af7a4123a334485e7fe9ac168eebe68a4f2a6bf75e372c7c57f3868,N/A,markdown/text,frozen 2026-07-10 before outcomes,authority is limited to the artifact's documented scope,1.0.0
art_c2b4a17ae6f734cc,markdown/text,ROOKIE_SEASON_AND_MULTI_YEAR_OUTCOME,SUPPORTING_EVIDENCE,,LIVE_HQ,loc_9b769d48e38d240f4a544997,,,,false,true,NO_DUPLICATE_FLAG,NOT_SUPERSEDED,SEPARATE_LEDGER_CONTROLS,REGISTERED_METADATA_ONLY,SOURCE_INVENTORY_SHA256_RECORDED,4f096a8228854dc819f10ee43579e9ca73ff65b9d2ed99368511a925cac3fe33,N/A,markdown/text,packet-specific immutable runs; some local receipts only,multiple scoring/rank systems conflict; position-threshold applicability must be explicit,1.0.0
art_c2d5b32ae5a51246,markdown/text,PROTECTED_FROZEN_GOVERNANCE,CANONICAL_REVIEW_ONLY,,LIVE_HQ,loc_f48472097cefc37d28d94ae9,,,,true,false,NO_DUPLICATE_FLAG,NOT_SUPERSEDED,SEPARATE_LEDGER_CONTROLS,REGISTERED_METADATA_ONLY,SOURCE_INVENTORY_SHA256_RECORDED,642badb903744283122af2a79bdbc581526f425bd6bf99511ad26d4acc1d9d9b,N/A,markdown/text,frozen 2026-07-10 before outcomes,authority is limited to the artifact's documented scope,1.0.0
art_c2e9113ce2c315c4,feature_family|category|current_status|availability_class|position_scope|season_coverage|row_count|non_null_rows|source_path_or_artifact|join_key|decision_date_safe|leakage_status|source_use_gate|formula_test_eligibility|ranking_integration_eligibility|production_model_use_allowed|review_only_allowed|display_only_allowed|blocked_reason|position_coverage|caveats,LATER_OUTCOME_RESEARCH,SUPPORTING_EVIDENCE,,LIVE_HQ,loc_218f69f033255a3429d6e656,,,,false,true,NO_DUPLICATE_FLAG,NOT_SUPERSEDED,SEPARATE_LEDGER_CONTROLS,REGISTERED_METADATA_ONLY,SOURCE_INVENTORY_SHA256_RECORDED,cd2e11bd0f74a2c59d1e0e34fbac3d5227e145f789b21d28a358868de5509589,40,feature_family|category|current_status|availability_class|position_scope|season_coverage|row_count|non_null_rows|source_path_or_artifact|join_key|decision_date_safe|leakage_status|source_use_gate|formula_test_eligibility|ranking_integration_eligibility|production_model_use_allowed|review_only_allowed|display_only_allowed|blocked_reason|position_coverage|caveats,versioned June-July 2026 review snapshots,review-only; formula work paused; current proxy/zero encodings cannot become evidence truth; retain scoring/window semantics,1.0.0
art_c32ea3493180585c,markdown/text,ROOKIE_SEASON_AND_MULTI_YEAR_OUTCOME,SUPPORTING_EVIDENCE,,LIVE_HQ,loc_b5406a0da07dd71d7f407334,,,,false,true,NO_DUPLICATE_FLAG,NOT_SUPERSEDED,SEPARATE_LEDGER_CONTROLS,REGISTERED_METADATA_ONLY,SOURCE_INVENTORY_SHA256_RECORDED,9a93ce59bf984c4bcd84576191b1e099646cf29abc9cad70f5c2228a46c64cb7,N/A,markdown/text,packet-specific immutable runs; some local receipts only,multiple scoring/rank systems conflict; position-threshold applicability must be explicit,1.0.0
art_c359eaf2fce00219,markdown/text,CROSS_LIFECYCLE,SUPERSEDED,,LIVE_HQ,loc_fdc699831daabd607214a5ab,,,,false,true,NO_DUPLICATE_FLAG,SUPERSEDED_RECORDED,SEPARATE_LEDGER_CONTROLS,REGISTERED_METADATA_ONLY,SOURCE_INVENTORY_SHA256_RECORDED,ba0e21352a175e25656a0ee15b32cdb96ed58410e945d74a514e8e1f7866fff4,N/A,markdown/text,packet-specific snapshot,authority is limited to the artifact's documented scope,1.0.0
art_c385b87928421c4e,markdown/text,LATER_OUTCOME_RESEARCH,SUPPORTING_EVIDENCE,,LIVE_HQ,loc_9ecd56636d132d0e65fb0fb6,,,,false,true,NO_DUPLICATE_FLAG,NOT_SUPERSEDED,SEPARATE_LEDGER_CONTROLS,REGISTERED_METADATA_ONLY,SOURCE_INVENTORY_SHA256_RECORDED,b4b3617cf329b6396092f6034c1051197cc68dc3a4c07d975c455305fc6b19b2,N/A,markdown/text,July 9 2026 research snapshots,authority is limited to the artifact's documented scope,1.0.0
art_c395a44fb08cf5d5,markdown/text,ROOKIE_SEASON_AND_MULTI_YEAR_OUTCOME,SUPPORTING_EVIDENCE,,LIVE_HQ,loc_d7c4a019600b3ffc0d6be6e6,,,,false,true,NO_DUPLICATE_FLAG,NOT_SUPERSEDED,SEPARATE_LEDGER_CONTROLS,REGISTERED_METADATA_ONLY,SOURCE_INVENTORY_SHA256_RECORDED,7a445c7ae76e86b494b9a591610b9c5c2bf40a24931019402eec2f781c4c4324,N/A,markdown/text,packet-specific immutable runs; some local receipts only,multiple scoring/rank systems conflict; position-threshold applicability must be explicit,1.0.0
art_c397d923646afa78,markdown/text,GOVERNANCE,SUPPORTING_EVIDENCE,,LIVE_HQ,loc_3654a823f1949cd5c75d8589,,,,false,true,NO_DUPLICATE_FLAG,NOT_SUPERSEDED,SEPARATE_LEDGER_CONTROLS,REGISTERED_METADATA_ONLY,SOURCE_INVENTORY_SHA256_RECORDED,01d60101aaa45fd34debd8f6d5fdea7ba5f3919c39774fdc16d2800a0488d495,N/A,markdown/text,canonical closeout at starting HEAD,authority is limited to the artifact's documented scope,1.0.0
art_c39c717db064b42e,feature_family|availability|policy_status|blocker_or_requirement|notes,CROSS_LIFECYCLE,SUPERSEDED,,LIVE_HQ,loc_2bef81451b9f055469271112,,,,false,true,NO_DUPLICATE_FLAG,SUPERSEDED_RECORDED,SEPARATE_LEDGER_CONTROLS,REGISTERED_METADATA_ONLY,SOURCE_INVENTORY_SHA256_RECORDED,451db2da6be5210c6ccd875b0f4db54dc548f3c607cc607405d0806a8678adb1,16,feature_family|availability|policy_status|blocker_or_requirement|notes,packet-specific snapshot,authority is limited to the artifact's documented scope,1.0.0
art_c3a92f4eb6cbeed8,markdown/text,PROTECTED_FROZEN_GOVERNANCE,CANONICAL_REVIEW_ONLY,,LIVE_HQ,loc_205b1ad9335f5e3bbf33c468,,,,true,false,NO_DUPLICATE_FLAG,NOT_SUPERSEDED,SEPARATE_LEDGER_CONTROLS,REGISTERED_METADATA_ONLY,SOURCE_INVENTORY_SHA256_RECORDED,938dfc09dd7dd58f1ef2dd685227a9cd3598c966baccdb68cdb039c57e794212,N/A,markdown/text,frozen 2026-07-10 before outcomes,authority is limited to the artifact's documented scope,1.0.0
art_c3db92fe39f39d68,conflict_type|position|rookie_class_year|recommended_status|blocker_reason|count|notes,DRAFT_EVENT,SUPPORTING_EVIDENCE,,LIVE_HQ,loc_0a8cd8430768e090a40bfe6d,,,,false,true,NO_DUPLICATE_FLAG,NOT_SUPERSEDED,SEPARATE_LEDGER_CONTROLS,REGISTERED_METADATA_ONLY,SOURCE_INVENTORY_SHA256_RECORDED,288d9ea5cd9d0fc9e5624ab6101bad46f0f19ba4e51a8fb025b44fdf2bcd82bf,169,conflict_type|position|rookie_class_year|recommended_status|blocker_reason|count|notes,June 30 2026 snapshot; source acquisition receipt incomplete,"2,514 likely-UDFA rows are provisional; tracked builder/input receipt is missing",1.0.0
art_c40ae70960afb3e8,output_name|output_type|claimed_meaning|source_files|target_label|label_type|training_allowed|sensitivity_allowed|leakage_risk|missing_data_risk|notes,CROSS_LIFECYCLE,DUPLICATE_CONFLICTING,,LIVE_HQ,loc_979393264202c83212c4bfc6,,,,false,true,DUPLICATE_RECORDED,SUPERSEDED_RECORDED,SEPARATE_LEDGER_CONTROLS,REGISTERED_METADATA_ONLY,SOURCE_INVENTORY_SHA256_RECORDED,cf24d33e512c2586a874665ba93fd7d75e909473ee18fdabae9c6e8514905eea,17,output_name|output_type|claimed_meaning|source_files|target_label|label_type|training_allowed|sensitivity_allowed|leakage_risk|missing_data_risk|notes,packet-specific snapshot,legacy training/source authority conflicts with later June 29-30 review-only gates; later scoped gate controls,1.0.0
art_c43a03eee8f39c28,position|variant_id|reference_id|formula_id|scoreboard_window|rows_tested|variant_applied_rows|misses_before|misses_after|net_miss_reduction|false_positives_before|false_positives_after|false_negatives_before|false_negatives_after,LATER_OUTCOME_RESEARCH,SUPPORTING_EVIDENCE,,LIVE_HQ,loc_63757f79e0742c7ac6139aab,,,,false,true,NO_DUPLICATE_FLAG,NOT_SUPERSEDED,SEPARATE_LEDGER_CONTROLS,REGISTERED_METADATA_ONLY,SOURCE_INVENTORY_SHA256_RECORDED,01b1f8fe52f9d4ee09e51024b442c61423baa4f046c4ce495b211a95f8f594c6,400,position|variant_id|reference_id|formula_id|scoreboard_window|rows_tested|variant_applied_rows|misses_before|misses_after|net_miss_reduction|false_positives_before|false_positives_after|false_negatives_before|false_negatives_after,July 9 2026 research snapshots,authority is limited to the artifact's documented scope,1.0.0
art_c46a0646079627e6,markdown/text,PRODUCT_CONSUMER,SUPPORTING_EVIDENCE,,LIVE_HQ,loc_9a06e80bdeada6b47297f9a2,,,,false,true,NO_DUPLICATE_FLAG,NOT_SUPERSEDED,SEPARATE_LEDGER_CONTROLS,REGISTERED_METADATA_ONLY,SOURCE_INVENTORY_SHA256_RECORDED,fe2c849d770d8c5472b9172d5a9eed9a74909086fa78563c39df206318610c2b,N/A,markdown/text,live HQ at starting commit,authority is limited to the artifact's documented scope,1.0.0
art_c4e17fc6edc2b253,area|check|status|evidence|severity,PROTECTED_FROZEN_GOVERNANCE,CANONICAL_REVIEW_ONLY,,LIVE_HQ,loc_d23e704ba239d1bd01995f41,,,,true,false,NO_DUPLICATE_FLAG,NOT_SUPERSEDED,SEPARATE_LEDGER_CONTROLS,REGISTERED_METADATA_ONLY,SOURCE_INVENTORY_SHA256_RECORDED,a4476b2fb3b58183c356ad3d85d597b73cc43ed0e4df0cb24be4f2282fdcb79b,15,area|check|status|evidence|severity,frozen 2026-07-10 before outcomes,authority is limited to the artifact's documented scope,1.0.0
art_c4e2bc66eb28fb49,scoreboard_window|formula_id|miss_type|position|snap_depth_bucket|miss_rows|share_of_formula_position_misses,LATER_OUTCOME_RESEARCH,SUPPORTING_EVIDENCE,,LIVE_HQ,loc_6f16018a1ed1b7513c2693e2,,,,false,true,NO_DUPLICATE_FLAG,NOT_SUPERSEDED,SEPARATE_LEDGER_CONTROLS,REGISTERED_METADATA_ONLY,SOURCE_INVENTORY_SHA256_RECORDED,e811f0fe221aac5cc23f6ab1b8b7388dbeebb764b38bed939c9e0c4b19fe03f9,101,scoreboard_window|formula_id|miss_type|position|snap_depth_bucket|miss_rows|share_of_formula_position_misses,July 9 2026 research snapshots,authority is limited to the artifact's documented scope,1.0.0
art_c4fb3b0151567946,markdown/text,LATER_OUTCOME_RESEARCH,SUPPORTING_EVIDENCE,,LIVE_HQ,loc_4eb0a9d57afb10ba6a710793,,,,false,true,NO_DUPLICATE_FLAG,NOT_SUPERSEDED,SEPARATE_LEDGER_CONTROLS,REGISTERED_METADATA_ONLY,SOURCE_INVENTORY_SHA256_RECORDED,b78e314ffcbc845dd0b09913182884971192222a614d03936a421ffd33004929,N/A,markdown/text,July 9 2026 research snapshots,authority is limited to the artifact's documented scope,1.0.0
art_c52e7ed04df0a621,source_name|source_path|scope|seasons_or_classes|row_count|availability_status|approved_for_model_use|training_allowed|review_only|blocked_reason|safe_next_step,DRAFT_EVENT,SUPERSEDED,,LIVE_HQ,loc_a70c3197485eb0af7e6d3e55,,,,false,true,NO_DUPLICATE_FLAG,SUPERSEDED_RECORDED,SEPARATE_LEDGER_CONTROLS,REGISTERED_METADATA_ONLY,SOURCE_INVENTORY_SHA256_RECORDED,585025a6ad97bf21a72abbef9982dd2420c446437f3be0f8a7b101219358fbbd,6,source_name|source_path|scope|seasons_or_classes|row_count|availability_status|approved_for_model_use|training_allowed|review_only|blocked_reason|safe_next_step,static completed draft events; source timestamps/receipt IDs incomplete in several derivatives,positive draft facts only; missing draft evidence remains unknown; current name+position joins are review-only,1.0.0
art_c5594ba847741cfb,markdown/text,GOVERNANCE,CANONICAL_ADMITTED,,LIVE_HQ,loc_0cea84ca46395828d7be0519,,,,true,false,NO_DUPLICATE_FLAG,NOT_SUPERSEDED,SEPARATE_LEDGER_CONTROLS,REGISTERED_METADATA_ONLY,SOURCE_INVENTORY_SHA256_RECORDED,2acc1075abc5bded6cf9c853f3abf7db2363db57ba771ded63f268e4b78e9332,N/A,markdown/text,versioned canonical packet,authority is limited to the artifact's documented scope,1.0.0
art_c5a00d95dfc32b5a,source_name|source_path_or_artifact|owning_lane|allowed_for_builder|allowed_for_display|allowed_for_experiment_design|allowed_for_model|allowed_for_training|allowed_for_source_truth|raw_shared_read_allowed|blocker_reason|notes,ROOKIE_SEASON_AND_MULTI_YEAR_OUTCOME,SUPPORTING_EVIDENCE,,LIVE_HQ,loc_dfc18e78a664f381d989d4d0,,,,false,true,NO_DUPLICATE_FLAG,NOT_SUPERSEDED,SEPARATE_LEDGER_CONTROLS,REGISTERED_METADATA_ONLY,SOURCE_INVENTORY_SHA256_RECORDED,dc6fc5617bc4cd2a9294fd890697fc1a5aaa2dd213277c23db496faba738b375,17,source_name|source_path_or_artifact|owning_lane|allowed_for_builder|allowed_for_display|allowed_for_experiment_design|allowed_for_model|allowed_for_training|allowed_for_source_truth|raw_shared_read_allowed|blocker_reason|notes,packet-specific immutable runs; some local receipts only,multiple scoring/rank systems conflict; position-threshold applicability must be explicit,1.0.0
art_c640e9e3be398169,markdown/text,ROOKIE_SEASON_AND_MULTI_YEAR_OUTCOME,SUPPORTING_EVIDENCE,,LIVE_HQ,loc_c1ced36b49e66664f870635d,,,,false,true,NO_DUPLICATE_FLAG,NOT_SUPERSEDED,SEPARATE_LEDGER_CONTROLS,REGISTERED_METADATA_ONLY,SOURCE_INVENTORY_SHA256_RECORDED,9f4e53e38f7719ac5c88bb747d19265c0cdf14be00d6c9c58ca19d2a89d7d2a3,N/A,markdown/text,packet-specific 2026 receipts,authority is limited to the artifact's documented scope,1.0.0
art_c66d052ff2b788ea,artifact|row_count_basis|row_count|purpose,GOVERNANCE,CANONICAL_ADMITTED,,LIVE_HQ,loc_bb853238335cc4e0ce7fcd46,,,,true,false,NO_DUPLICATE_FLAG,NOT_SUPERSEDED,SEPARATE_LEDGER_CONTROLS,REGISTERED_METADATA_ONLY,SOURCE_INVENTORY_SHA256_RECORDED,9ae6e5042fdfeeb8a5a06b7d7860427e41beac2072a5225c4bcc6bf4a2a7a480,13,artifact|row_count_basis|row_count|purpose,versioned policy snapshot,authority is limited to the artifact's documented scope,1.0.0
art_c6740ec978b38ac4,markdown/text,ROOKIE_SEASON_AND_MULTI_YEAR_OUTCOME,SUPPORTING_EVIDENCE,,LOCAL_ONLY,loc_9eeb7f2a4ab6516687506ab0,,,,false,true,NO_DUPLICATE_FLAG,NOT_SUPERSEDED,SEPARATE_LEDGER_CONTROLS,REGISTERED_METADATA_ONLY,SOURCE_INVENTORY_SHA256_RECORDED,94cf0df5f248547dcc79fe3f145cdcafa24305f5b7be5db36aabb19a71cd928c,N/A,markdown/text,packet-specific 2026 receipts,not tracked at live HQ HEAD,1.0.0
art_c6c647022d793ab0,field_id|threshold|best_feature_set|best_model_brier|best_baseline_brier|best_brier_delta_vs_baseline|best_weighted_calibration_abs_error|best_max_large_bucket_calibration_abs_error|best_fold_win_rate|slice_stability_status|recommendation_status|recommendation_notes|display_only|diagnostic_only|app_wiring_allowed,ROOKIE_SEASON_AND_MULTI_YEAR_OUTCOME,SUPPORTING_EVIDENCE,,LOCAL_ONLY,loc_cfc547328f3c59a8af4c71f5,,,,false,true,NO_DUPLICATE_FLAG,NOT_SUPERSEDED,SEPARATE_LEDGER_CONTROLS,REGISTERED_METADATA_ONLY,SOURCE_INVENTORY_SHA256_RECORDED,199154e6d32c1f969cb926a878d3bc633766401fa04bcd3a04e87673905b7dd5,5,field_id|threshold|best_feature_set|best_model_brier|best_baseline_brier|best_brier_delta_vs_baseline|best_weighted_calibration_abs_error|best_max_large_bucket_calibration_abs_error|best_fold_win_rate|slice_stability_status|recommendation_status|recommendation_notes|display_only|diagnostic_only|app_wiring_allowed,packet-specific immutable runs; some local receipts only,multiple scoring/rank systems conflict; position-threshold applicability must be explicit; not tracked at live HQ HEAD,1.0.0
art_c730fab0d660bc93,markdown/text,DRAFT_EVENT,SUPPORTING_EVIDENCE,,LIVE_HQ,loc_a89fe89667afe8a7a64d3e47,,,,false,true,NO_DUPLICATE_FLAG,NOT_SUPERSEDED,SEPARATE_LEDGER_CONTROLS,REGISTERED_METADATA_ONLY,SOURCE_INVENTORY_SHA256_RECORDED,5563202b4e902770f9fe9887abce024e290cd10d01a8c4221d95f8b1423dd135,N/A,markdown/text,June 30 2026 snapshot; source acquisition receipt incomplete,"2,514 likely-UDFA rows are provisional; tracked builder/input receipt is missing; no evidence modified",1.0.0
art_c77644ea10aed0ec,markdown/text,DRAFT_EVENT,SUPPORTING_EVIDENCE,,LIVE_HQ,loc_c0f8dfce8fbb7ed835ace2de,,,,false,true,NO_DUPLICATE_FLAG,NOT_SUPERSEDED,SEPARATE_LEDGER_CONTROLS,REGISTERED_METADATA_ONLY,SOURCE_INVENTORY_SHA256_RECORDED,192a283c798db458d3ef1ed3de0af05d37a6884fca28b77cf682d9296acb6e52,N/A,markdown/text,June 30 2026 snapshot; source acquisition receipt incomplete,"2,514 likely-UDFA rows are provisional; tracked builder/input receipt is missing",1.0.0
art_c78cfa8b4f748474,markdown/text,GOVERNANCE,SUPPORTING_EVIDENCE,,LIVE_HQ,loc_1b6fb45ed8d8d8c22792465f,,,,false,true,NO_DUPLICATE_FLAG,NOT_SUPERSEDED,SEPARATE_LEDGER_CONTROLS,REGISTERED_METADATA_ONLY,SOURCE_INVENTORY_SHA256_RECORDED,a07d23637090c735cdfceda7f754b63ce020c736e7c8e8a5381cbecd064f9826,N/A,markdown/text,canonical closeout at starting HEAD,authority is limited to the artifact's documented scope,1.0.0
art_c8310e5b637a81f2,markdown/text,DRAFT_EVENT,SUPPORTING_EVIDENCE,,LIVE_HQ,loc_264ad947d0b880a65c44e5ef,,,,false,true,NO_DUPLICATE_FLAG,NOT_SUPERSEDED,SEPARATE_LEDGER_CONTROLS,REGISTERED_METADATA_ONLY,SOURCE_INVENTORY_SHA256_RECORDED,e33bb9c09f3f0b8335058544ca49fb580ade3a6490b6eb82ab460aad78e02527,N/A,markdown/text,June 30 2026 packet snapshots,likely/confirmed-review-only must not be treated as verified undrafted truth,1.0.0
art_c88989ea4492c0bc,markdown/text,PRE_DRAFT_AND_TIMING_GOVERNANCE,SUPPORTING_EVIDENCE,,LIVE_HQ,loc_26ecfd269589cd2e6445ca08,,,,false,true,NO_DUPLICATE_FLAG,NOT_SUPERSEDED,SEPARATE_LEDGER_CONTROLS,REGISTERED_METADATA_ONLY,SOURCE_INVENTORY_SHA256_RECORDED,da50fbeb49fb2d3d9523d9a04afec9959c9aa069d12ff6d404b470083c3932db,N/A,markdown/text,as-of policy present; zero experiment-ready player/feature rows,authority is limited to the artifact's documented scope,1.0.0
art_c88eff77420dbd10,player_name|position|rookie_class_year|conflict_type|identity_status|name_collision_flag|blocker_reason|recommended_status_after_policy|qa_notes,DRAFT_EVENT,SUPPORTING_EVIDENCE,,LIVE_HQ,loc_2e1c1bdcecc87fa2c14c400d,,,,false,true,NO_DUPLICATE_FLAG,NOT_SUPERSEDED,SEPARATE_LEDGER_CONTROLS,REGISTERED_METADATA_ONLY,SOURCE_INVENTORY_SHA256_RECORDED,d84b1be33f4b40f7a143152d85ededaca505e211ebec972bda7e50b1f33d2fe0,2514,player_name|position|rookie_class_year|conflict_type|identity_status|name_collision_flag|blocker_reason|recommended_status_after_policy|qa_notes,June 30 2026 packet snapshots,likely/confirmed-review-only must not be treated as verified undrafted truth,1.0.0
art_c8a4ffdd3e2922f3,py,LATER_OUTCOME_RESEARCH,SUPPORTING_EVIDENCE,,LIVE_HQ,loc_aa02a4387508f43278c11bfb,,,,false,true,NO_DUPLICATE_FLAG,NOT_SUPERSEDED,SEPARATE_LEDGER_CONTROLS,REGISTERED_METADATA_ONLY,SOURCE_INVENTORY_SHA256_RECORDED,69954c88112fa51497638b588137a97405a3c7a7821bd4c761a04891f0b24a5b,N/A,py,July 9 2026 research snapshots,authority is limited to the artifact's documented scope,1.0.0
art_c8beb978e4899212,markdown/text,CROSS_LIFECYCLE,SUPPORTING_EVIDENCE,,LIVE_HQ,loc_206d77aeff9966cd98796adc,,,,false,true,NO_DUPLICATE_FLAG,NOT_SUPERSEDED,SEPARATE_LEDGER_CONTROLS,REGISTERED_METADATA_ONLY,SOURCE_INVENTORY_SHA256_RECORDED,ccdcb80464115512c2f54f227fac06dc1171a4383509d5cdf1118ecc01ec568b,N/A,markdown/text,packet-specific snapshot,authority is limited to the artifact's documented scope,1.0.0
art_c8caef80a96b226f,markdown/text,LATER_OUTCOME_RESEARCH,SUPPORTING_EVIDENCE,,LIVE_HQ,loc_6d3a31b73cc7cd5c87e13976,,,,false,true,NO_DUPLICATE_FLAG,NOT_SUPERSEDED,SEPARATE_LEDGER_CONTROLS,REGISTERED_METADATA_ONLY,SOURCE_INVENTORY_SHA256_RECORDED,c3b45a271da6e3be64b3713b5c4ad4684962a8681b9aee1d89cde7ead7f9814c,N/A,markdown/text,versioned June-July 2026 review snapshots,review-only; formula work paused; current proxy/zero encodings cannot become evidence truth; retain scoring/window semantics,1.0.0
art_c8ea726d7dbaf48e,markdown/text,CROSS_LIFECYCLE_IDENTITY,SUPPORTING_EVIDENCE,,LIVE_HQ,loc_598cd6a5ba5a9b5ce09d2ec5,,,,false,true,NO_DUPLICATE_FLAG,NOT_SUPERSEDED,SEPARATE_LEDGER_CONTROLS,REGISTERED_METADATA_ONLY,SOURCE_INVENTORY_SHA256_RECORDED,58318dabcbdfbe5133b94c42c6325640cb14de666f6fc7e8da8e55f5164a8ee1,N/A,markdown/text,June 23-30 2026 snapshots,authority is limited to the artifact's documented scope,1.0.0
art_c92250ce1fcb6160,field_id|position|threshold|horizon|profile_bucket|train_rows|train_positives|probability|baseline_probability,ROOKIE_SEASON_AND_MULTI_YEAR_OUTCOME,SUPPORTING_EVIDENCE,,LOCAL_ONLY,loc_3b1746ee196eb07637bfe8fa,,,,false,true,NO_DUPLICATE_FLAG,NOT_SUPERSEDED,SEPARATE_LEDGER_CONTROLS,REGISTERED_METADATA_ONLY,SOURCE_INVENTORY_SHA256_RECORDED,83820c1f0613fb4f7df1bb9566759f5290be8ded9ab10ac260835363bea930a5,180,field_id|position|threshold|horizon|profile_bucket|train_rows|train_positives|probability|baseline_probability,packet-specific immutable runs; some local receipts only,multiple scoring/rank systems conflict; position-threshold applicability must be explicit; not tracked at live HQ HEAD,1.0.0
art_c95a8b603760ddc1,markdown/text,DRAFT_EVENT_AND_POST_DRAFT_PRESEASON,SUPPORTING_EVIDENCE,,LIVE_HQ,loc_c5d45eb57b7b6127b313de18,,,,false,true,NO_DUPLICATE_FLAG,NOT_SUPERSEDED,SEPARATE_LEDGER_CONTROLS,REGISTERED_METADATA_ONLY,SOURCE_INVENTORY_SHA256_RECORDED,889381509eb33491248f7b6ce9dffc97e7f04827713bc13eb347b92ee10dd2be,N/A,markdown/text,June 29-30 2026; no uniform row-level source timestamp,published counts may be duplicate-inflated; three distinct current records have no stable candidate ID,1.0.0
art_c985e7254ec1c880,markdown/text,ROOKIE_SEASON_AND_MULTI_YEAR_OUTCOME,SUPPORTING_EVIDENCE,,LIVE_HQ,loc_521a88c10dd855662d1b4891,,,,false,true,NO_DUPLICATE_FLAG,NOT_SUPERSEDED,SEPARATE_LEDGER_CONTROLS,REGISTERED_METADATA_ONLY,SOURCE_INVENTORY_SHA256_RECORDED,b86c8f34323e56adedeac31aa726e90ba934debaaaece981af7bdcaad7136b14,N/A,markdown/text,packet-specific immutable runs; some local receipts only,multiple scoring/rank systems conflict; position-threshold applicability must be explicit,1.0.0
art_c98aa191b3268a28,markdown/text,CROSS_LIFECYCLE_IDENTITY,SUPPORTING_EVIDENCE,,LIVE_HQ,loc_9ab83c79f7846207b40a8c4c,,,,false,true,NO_DUPLICATE_FLAG,NOT_SUPERSEDED,SEPARATE_LEDGER_CONTROLS,REGISTERED_METADATA_ONLY,SOURCE_INVENTORY_SHA256_RECORDED,2ed97a8e23b42b5dabc3925c7835371dfbbe557fb606d2943a540583c5c22652,N/A,markdown/text,June 23-30 2026 snapshots,authority is limited to the artifact's documented scope,1.0.0
art_ca2573f7370f37b2,markdown/text,ROOKIE_SEASON_AND_MULTI_YEAR_OUTCOME,SUPPORTING_EVIDENCE,,LIVE_HQ,loc_d7e5c5e413604516314c6e75,,,,false,true,NO_DUPLICATE_FLAG,NOT_SUPERSEDED,SEPARATE_LEDGER_CONTROLS,REGISTERED_METADATA_ONLY,SOURCE_INVENTORY_SHA256_RECORDED,c5529b89bef7ef04389dd8e19c42ddc3bd2342c50f6e3fb89e95a441e0491b1e,N/A,markdown/text,packet-specific immutable runs; some local receipts only,multiple scoring/rank systems conflict; position-threshold applicability must be explicit,1.0.0
art_ca726caf2d8e78f4,py,ROOKIE_SEASON_AND_MULTI_YEAR_OUTCOME,SUPPORTING_EVIDENCE,,LIVE_HQ,loc_17882fbe4355853dab1acbc0,,,,false,true,NO_DUPLICATE_FLAG,NOT_SUPERSEDED,SEPARATE_LEDGER_CONTROLS,REGISTERED_METADATA_ONLY,SOURCE_INVENTORY_SHA256_RECORDED,dbda7c019f06d3c24a624af949970fcaeefb6bde0ada2a9948432ec1a53d0d92,N/A,py,local run 2026-06-29; latest factual outcome season 2024,drafted-only; link availability differs from usable value availability; incomplete windows are censored,1.0.0
art_ca74768c2b2a488f,markdown/text,PRE_DRAFT_TO_MULTI_YEAR_LEGACY,SUPPORTING_EVIDENCE,,LIVE_HQ,loc_832ff1c4dafbfd6c0da97e67,,,,false,true,NO_DUPLICATE_FLAG,NOT_SUPERSEDED,SEPARATE_LEDGER_CONTROLS,REGISTERED_METADATA_ONLY,SOURCE_INVENTORY_SHA256_RECORDED,c0e5805131b331a24fd52c6340b2bfc73a52a38c07f0efc80396ff5d1be7f5ba,N/A,markdown/text,legacy baseline; superseded by June 29-30 review-only gates,legacy source/use claims are superseded; provider content and name-key joins are restricted,1.0.0
art_ca89eb0ccca5c2d1,markdown/text,CROSS_LIFECYCLE_IDENTITY,SUPPORTING_EVIDENCE,,LIVE_HQ,loc_21399ac8b7361dc0a3fc0fa1,,,,false,true,NO_DUPLICATE_FLAG,NOT_SUPERSEDED,SEPARATE_LEDGER_CONTROLS,REGISTERED_METADATA_ONLY,SOURCE_INVENTORY_SHA256_RECORDED,4f68ee25fc163ee27ef6090de7153a24ea8337871e8685433a09778db61ae331,N/A,markdown/text,June 23-30 2026 snapshots,authority is limited to the artifact's documented scope,1.0.0
art_caa5a081b0b6b263,variant_id|source_rule_family|harm_pattern|why_it_should_not_advance|diagnostic_or_context_only_status|blocked_use_status,LATER_OUTCOME_RESEARCH,SUPPORTING_EVIDENCE,,LIVE_HQ,loc_217975554772db1f5210ff06,,,,false,true,NO_DUPLICATE_FLAG,NOT_SUPERSEDED,SEPARATE_LEDGER_CONTROLS,REGISTERED_METADATA_ONLY,SOURCE_INVENTORY_SHA256_RECORDED,d33c09587dbab4e49a5bbfa23e57f9556f4ac92d73a34f1ee857f0e4fcf17d42,3,variant_id|source_rule_family|harm_pattern|why_it_should_not_advance|diagnostic_or_context_only_status|blocked_use_status,July 9 2026 research snapshots,authority is limited to the artifact's documented scope,1.0.0
art_cabed3fb73369a5f,artifact|row_count|purpose,ROOKIE_SEASON_AND_MULTI_YEAR_OUTCOME,SUPPORTING_EVIDENCE,,LIVE_HQ,loc_3ad39340328fe24d116f2fe2,,,,false,true,NO_DUPLICATE_FLAG,NOT_SUPERSEDED,SEPARATE_LEDGER_CONTROLS,REGISTERED_METADATA_ONLY,SOURCE_INVENTORY_SHA256_RECORDED,30c1b05bdf83036693d7cf27d7beb4b060a7aeb58364c604ce67f718c97522df,10,artifact|row_count|purpose,packet-specific 2026 receipts,authority is limited to the artifact's documented scope,1.0.0
art_cb80a8bfdadd0835,metric|value|notes|review_only|display_only|model_use_allowed|training_allowed|rankings_wiring_allowed,DRAFT_EVENT_AND_POST_DRAFT_PRESEASON,SUPERSEDED,,LOCAL_ONLY,loc_fb1ea84b44a84f4ceaf87d02,,,,false,true,NO_DUPLICATE_FLAG,SUPERSEDED_RECORDED,SEPARATE_LEDGER_CONTROLS,REGISTERED_METADATA_ONLY,SOURCE_INVENTORY_SHA256_RECORDED,b40fd459e7c6b45f6b3573365a215e14ad08dbbaa2966410ccfe61d080b38d7e,6,metric|value|notes|review_only|display_only|model_use_allowed|training_allowed|rankings_wiring_allowed,June 29-30 2026; no uniform row-level source timestamp,published counts may be duplicate-inflated; three distinct current records have no stable candidate ID; not tracked at live HQ HEAD,1.0.0
art_cba0e311ff31ce5a,markdown/text,ROOKIE_SEASON_AND_MULTI_YEAR_OUTCOME,SUPPORTING_EVIDENCE,,LIVE_HQ,loc_9e1fda3dcdddac6fd79f8b40,,,,false,true,NO_DUPLICATE_FLAG,NOT_SUPERSEDED,SEPARATE_LEDGER_CONTROLS,REGISTERED_METADATA_ONLY,SOURCE_INVENTORY_SHA256_RECORDED,a86babf9dfd7d98e32c7434a586ccc3aca39c9776560c7a6d900f16359046a7d,N/A,markdown/text,packet-specific immutable runs; some local receipts only,multiple scoring/rank systems conflict; position-threshold applicability must be explicit,1.0.0
art_cbc38f561b5c022a,markdown/text,DRAFT_EVENT_AND_POST_DRAFT_PRESEASON,SUPPORTING_EVIDENCE,,LIVE_HQ,loc_1ca6d29dc780ee0a00bfc295,,,,false,true,NO_DUPLICATE_FLAG,NOT_SUPERSEDED,SEPARATE_LEDGER_CONTROLS,REGISTERED_METADATA_ONLY,SOURCE_INVENTORY_SHA256_RECORDED,ceebeffbbf661f5e9274ce17c9c7c5eb548b5faf6ee72a562782a5d4fe27f7a6,N/A,markdown/text,June 29-30 2026; no uniform row-level source timestamp,published counts may be duplicate-inflated; three distinct current records have no stable candidate ID,1.0.0
art_cbcf68bfe95bf438,player_name|position|rookie_class_year|old_entry_status|proposed_entry_status|confirmation_basis|confirmation_sources|identity_status|draft_lookup_status|remaining_risks|requires_human_approval|review_only|model_use_allowed|training_allowed,DRAFT_EVENT,SUPPORTING_EVIDENCE,,LIVE_HQ,loc_65d3780911dfca3470407036,,,,false,true,NO_DUPLICATE_FLAG,NOT_SUPERSEDED,SEPARATE_LEDGER_CONTROLS,REGISTERED_METADATA_ONLY,SOURCE_INVENTORY_SHA256_RECORDED,339ba42c4410fc1500def8adba1c417c1059c35905088aa574e7b8533a01a391,0,player_name|position|rookie_class_year|old_entry_status|proposed_entry_status|confirmation_basis|confirmation_sources|identity_status|draft_lookup_status|remaining_risks|requires_human_approval|review_only|model_use_allowed|training_allowed,June 30 2026 packet snapshots,likely/confirmed-review-only must not be treated as verified undrafted truth,1.0.0
art_cbdf36d6af33054d,markdown/text,PRE_DRAFT_TO_MULTI_YEAR_LEGACY,SUPPORTING_EVIDENCE,,LIVE_HQ,loc_3f0436338913a9af29536675,,,,false,true,NO_DUPLICATE_FLAG,NOT_SUPERSEDED,SEPARATE_LEDGER_CONTROLS,REGISTERED_METADATA_ONLY,SOURCE_INVENTORY_SHA256_RECORDED,094a6d8c97020fb9521509d0d29b816852bbaa804dc4a32969050fe87710f8a4,N/A,markdown/text,legacy baseline; superseded by June 29-30 review-only gates,legacy source/use claims are superseded; provider content and name-key joins are restricted,1.0.0
art_cc0dc681a1d2e15a,integration_option|decision|weight_or_scope|controlling_reason|reentry_required,GOVERNANCE,SUPPORTING_EVIDENCE,,LIVE_HQ,loc_989357b0da457d48d9101c5b,,,,false,true,NO_DUPLICATE_FLAG,NOT_SUPERSEDED,SEPARATE_LEDGER_CONTROLS,REGISTERED_METADATA_ONLY,SOURCE_INVENTORY_SHA256_RECORDED,9d297ced39c8c5dc9dd6894b020f37276eb7fdc7498cda65a7b9390464109d51,8,integration_option|decision|weight_or_scope|controlling_reason|reentry_required,canonical closeout at starting HEAD,authority is limited to the artifact's documented scope,1.0.0
art_cc387beaa52f9b8b,py,PRE_DRAFT_AND_TIMING_GOVERNANCE,SUPPORTING_EVIDENCE,,LIVE_HQ,loc_fe315927311908d2549513ca,,,,false,true,NO_DUPLICATE_FLAG,NOT_SUPERSEDED,SEPARATE_LEDGER_CONTROLS,REGISTERED_METADATA_ONLY,SOURCE_INVENTORY_SHA256_RECORDED,aafd7d171de2d024f71121b2fd0d7feb76134805eed20ecd8ae05587790b44fd,N/A,py,as-of policy present; zero experiment-ready player/feature rows,authority is limited to the artifact's documented scope,1.0.0
art_cc3f93bf88440e70,event_id|event_timestamp_utc|event_type|freeze_version|controlling_commit|baseline_freeze_sha256|actor_or_authority|artifact_or_location|artifact_sha256|status|notes,PROTECTED_FROZEN_GOVERNANCE,CANONICAL_REVIEW_ONLY,,LIVE_HQ,loc_dced4810510af71ef4ffdefc,,,,true,false,NO_DUPLICATE_FLAG,NOT_SUPERSEDED,SEPARATE_LEDGER_CONTROLS,REGISTERED_METADATA_ONLY,SOURCE_INVENTORY_SHA256_RECORDED,55b792ebeb418bf34545eb19d699621297c52338ce4bd30845ab56d496c5bb2c,2,event_id|event_timestamp_utc|event_type|freeze_version|controlling_commit|baseline_freeze_sha256|actor_or_authority|artifact_or_location|artifact_sha256|status|notes,frozen 2026-07-10 before outcomes,authority is limited to the artifact's documented scope,1.0.0
art_cc4ac8fbb7bdd416,player_id|player_name|target_player_name|season|feature_season|position|row_grain|substrate_row_id|review_only|model_use_allowed|training_allowed|source_truth_allowed|production_approved|feature_asof_rule|leakage_check_result|asof_check_result|exact_model_v4_replay_status|partial_replay_status|formula_test_allowed_scope|ranking_integration_allowed|label_next_nwr_points|label_next_nwr_ppg|label_next_position_finish|label_startable_hit|label_startable_bucket|label_target_games|pyf_prior_nwr_points|pyf_prior_nwr_ppg|pyf_prior_rank_position_feature_season|prior_2yr_weighted_nwr_points|...(+56 columns),LATER_OUTCOME_RESEARCH,DUPLICATE_CONFLICTING,,LIVE_HQ,loc_1ab733a2ef3ba48287bf726c,,,,false,true,DUPLICATE_RECORDED,NOT_SUPERSEDED,SEPARATE_LEDGER_CONTROLS,REGISTERED_METADATA_ONLY,SOURCE_INVENTORY_SHA256_RECORDED,4c63a01cc4d56d0496d56ff13d4dabb4faa0b7a24d8f7510a368ad48d9714151,5518,player_id|player_name|target_player_name|season|feature_season|position|row_grain|substrate_row_id|review_only|model_use_allowed|training_allowed|source_truth_allowed|production_approved|feature_asof_rule|leakage_check_result|asof_check_result|exact_model_v4_replay_status|partial_replay_status|formula_test_allowed_scope|ranking_integration_allowed|label_next_nwr_points|label_next_nwr_ppg|label_next_position_finish|label_startable_hit|label_startable_bucket|label_target_games|pyf_prior_nwr_points|pyf_prior_nwr_ppg|pyf_prior_rank_position_feature_season|prior_2yr_weighted_nwr_points|...(+56 columns),versioned June-July 2026 review snapshots,review-only; formula work paused; current proxy/zero encodings cannot become evidence truth; retain scoring/window semantics; competing scoring/target system must remain separate pending manual parity review,1.0.0
art_ccd518476a93d2d0,player_name|position|rookie_class_year|identity_status|name_collision_flag|conflict_type|blocker_reason|suggested_review_path,DRAFT_EVENT,SUPPORTING_EVIDENCE,,LIVE_HQ,loc_5b77f41884f395b50dfb745c,,,,false,true,NO_DUPLICATE_FLAG,NOT_SUPERSEDED,SEPARATE_LEDGER_CONTROLS,REGISTERED_METADATA_ONLY,SOURCE_INVENTORY_SHA256_RECORDED,1398ed1ad5f07321ff187fa748221621a2cd901adf8246b47dafde26a139e145,0,player_name|position|rookie_class_year|identity_status|name_collision_flag|conflict_type|blocker_reason|suggested_review_path,June 30 2026 packet snapshots,likely/confirmed-review-only must not be treated as verified undrafted truth,1.0.0
art_cce1c570d5e3da45,markdown/text,ROOKIE_SEASON_AND_MULTI_YEAR_OUTCOME,SUPPORTING_EVIDENCE,,LIVE_HQ,loc_c1918923c5cd172b78019a70,,,,false,true,NO_DUPLICATE_FLAG,NOT_SUPERSEDED,SEPARATE_LEDGER_CONTROLS,REGISTERED_METADATA_ONLY,SOURCE_INVENTORY_SHA256_RECORDED,4d6ae2bed92bb64b231151527410fb930787fd7079c6dcc635413c64226cf3cb,N/A,markdown/text,packet-specific immutable runs; some local receipts only,multiple scoring/rank systems conflict; position-threshold applicability must be explicit,1.0.0
art_cd28a7b46fa0df58,markdown/text,ROOKIE_SEASON_AND_MULTI_YEAR_OUTCOME,SUPPORTING_EVIDENCE,,LIVE_HQ,loc_e9919e57a5162f9b84746878,,,,false,true,NO_DUPLICATE_FLAG,NOT_SUPERSEDED,SEPARATE_LEDGER_CONTROLS,REGISTERED_METADATA_ONLY,SOURCE_INVENTORY_SHA256_RECORDED,2d6993dba20ee29649059ac103501ad7721e70c0dafbe658d2478f8ad316dbdb,N/A,markdown/text,packet-specific 2026 receipts,authority is limited to the artifact's documented scope,1.0.0
art_cd44e900a5b85085,player_id|player_name|position|team|current_nwr_rank|current_position_rank|current_nwr_score|formula_score|formula_score_before_overlay|position_formula_used|formula_implementation|formula_evidence_reference|position_rank|overall_rank|normalized_score|prior_nwr_points|prior_nwr_ppg|prior_games|prior_opportunities|sparse_history_overlay_eligible|sparse_history_overlay_applied|sparse_history_overlay_effect|veteran_decline_guardrail_flag|older_lifecycle_guardrail_flag|availability_rebound_context_flag|starter_depth_promotion_context_flag|snap_growth_role_promotion_context_flag|injury_availability_warning_flag|low_snap_depth_warning_flag|expected_opportunity_partial_window_flag|...(+24 columns),CROSS_LIFECYCLE_REVIEW_SIMULATION,LOCAL_ONLY_RESTRICTED,,OFF_HQ_BRANCH_ONLY,loc_6a217bf155adc67ccdcba761,,,,false,true,NO_DUPLICATE_FLAG,NOT_SUPERSEDED,NO_RECREATE_REQUIRED,REGISTERED_METADATA_ONLY,SOURCE_INVENTORY_SHA256_RECORDED,21baaf49fbc6b18395562515c07d38a07b39d1e2c1d071614d0d48d79d3bf08e,79,player_id|player_name|position|team|current_nwr_rank|current_position_rank|current_nwr_score|formula_score|formula_score_before_overlay|position_formula_used|formula_implementation|formula_evidence_reference|position_rank|overall_rank|normalized_score|prior_nwr_points|prior_nwr_ppg|prior_games|prior_opportunities|sparse_history_overlay_eligible|sparse_history_overlay_applied|sparse_history_overlay_effect|veteran_decline_guardrail_flag|older_lifecycle_guardrail_flag|availability_rebound_context_flag|starter_depth_promotion_context_flag|snap_growth_role_promotion_context_flag|injury_availability_warning_flag|low_snap_depth_warning_flag|expected_opportunity_partial_window_flag|...(+24 columns),off-HQ commit 2026-07-09; not ancestor of live HQ,"Off-HQ Git object is retained for audit discovery and no-recreate protection only; active evidence, migration, ranking, formula, training, production, and runtime use are blocked.",1.0.0
art_cd6916317c46c544,markdown/text,ROOKIE_SEASON_AND_MULTI_YEAR_OUTCOME,SUPPORTING_EVIDENCE,,LOCAL_ONLY,loc_371fd6a0cdf27da1bed1e31a,,,,false,true,NO_DUPLICATE_FLAG,NOT_SUPERSEDED,SEPARATE_LEDGER_CONTROLS,REGISTERED_METADATA_ONLY,SOURCE_INVENTORY_SHA256_RECORDED,7fe50b5f4c30b59e364477ee70ebdf1e36fccdc29cd5410aa27a1825c4ffa446,N/A,markdown/text,packet-specific 2026 receipts,not tracked at live HQ HEAD,1.0.0
art_cda3519a7aab04f7,variant_id|source_rule_family|canonical_status|harm_pattern|why_blocked|allowed_future_status|blocked_use_status,LATER_OUTCOME_RESEARCH,SUPPORTING_EVIDENCE,,LIVE_HQ,loc_a57de361df00aca0a93f5ee2,,,,false,true,NO_DUPLICATE_FLAG,NOT_SUPERSEDED,SEPARATE_LEDGER_CONTROLS,REGISTERED_METADATA_ONLY,SOURCE_INVENTORY_SHA256_RECORDED,1fef56baa999eaaaf7f7b656c9d0b2f725a7439841a8866c5488a2a0fecc7afe,3,variant_id|source_rule_family|canonical_status|harm_pattern|why_blocked|allowed_future_status|blocked_use_status,July 9 2026 research snapshots,authority is limited to the artifact's documented scope,1.0.0
art_cdf13849909638c1,markdown/text,LATER_OUTCOME_RESEARCH,SUPPORTING_EVIDENCE,,LIVE_HQ,loc_5bbe26efdf44bc0926178700,,,,false,true,NO_DUPLICATE_FLAG,NOT_SUPERSEDED,SEPARATE_LEDGER_CONTROLS,REGISTERED_METADATA_ONLY,SOURCE_INVENTORY_SHA256_RECORDED,77e89d771026da633849dfa45a9ab99e4b253f5d8e7923fcae0dccfc921c1ecd,N/A,markdown/text,July 9 2026 research snapshots,authority is limited to the artifact's documented scope,1.0.0
art_ce31bf9129b5c36d,field_id|probability_band|rows|average_prediction|observed_rate|positive_count,ROOKIE_SEASON_AND_MULTI_YEAR_OUTCOME,SUPPORTING_EVIDENCE,,LOCAL_ONLY,loc_a7816f2cb8364dcbed83b866,,,,false,true,NO_DUPLICATE_FLAG,NOT_SUPERSEDED,SEPARATE_LEDGER_CONTROLS,REGISTERED_METADATA_ONLY,SOURCE_INVENTORY_SHA256_RECORDED,e330cd37de990bf8f29f23d12bad9b614c0555d692f9ccc8c4a0bdc0219c89f7,117,field_id|probability_band|rows|average_prediction|observed_rate|positive_count,packet-specific immutable runs; some local receipts only,multiple scoring/rank systems conflict; position-threshold applicability must be explicit; not tracked at live HQ HEAD,1.0.0
art_ce6cb7d6cadf3cf2,provider_response_says|classification|required_followup|source_admission_lane_allowed|data_intake_allowed|production_use_allowed|notes,ROOKIE_SEASON_AND_MULTI_YEAR_OUTCOME,SUPPORTING_EVIDENCE,,LIVE_HQ,loc_e2a13595bd71fa5ca7402d11,,,,false,true,NO_DUPLICATE_FLAG,NOT_SUPERSEDED,SEPARATE_LEDGER_CONTROLS,REGISTERED_METADATA_ONLY,SOURCE_INVENTORY_SHA256_RECORDED,7c5e745ba638734a914fd80e403f391da918414f48ba9d7ab9b6a7ed505acfcb,11,provider_response_says|classification|required_followup|source_admission_lane_allowed|data_intake_allowed|production_use_allowed|notes,packet-specific 2026 receipts,authority is limited to the artifact's documented scope,1.0.0
art_cecb1bb3b87ba2df,selection_type|candidate_id|position|spearman|rows|seasons|selected_for_scoring|chosen_final_position_specific_formula|rationale|caveats|current_simulation_implementation,CROSS_LIFECYCLE_REVIEW_SIMULATION,LOCAL_ONLY_RESTRICTED,,OFF_HQ_BRANCH_ONLY,loc_1bdd8ec94e8ecb9b7a70bdc6,,,,false,true,NO_DUPLICATE_FLAG,NOT_SUPERSEDED,NO_RECREATE_REQUIRED,REGISTERED_METADATA_ONLY,SOURCE_INVENTORY_SHA256_RECORDED,fddf4a6e217d2d37401137a176f5fef1eea374a26c6d0e97b493dbaec4282387,7,selection_type|candidate_id|position|spearman|rows|seasons|selected_for_scoring|chosen_final_position_specific_formula|rationale|caveats|current_simulation_implementation,off-HQ commit 2026-07-09; not ancestor of live HQ,"Off-HQ Git object is retained for audit discovery and no-recreate protection only; active evidence, migration, ranking, formula, training, production, and runtime use are blocked.",1.0.0
art_cee25d4470ef72b2,player_name|position|rookie_class_year|nfl_player_id|gsis_id|player_stats_id|nwr_player_id|cfbd_player_id|draft_year|draft_round|draft_pick|overall_pick|drafted_team|entry_status|entry_status_confidence|entry_status_source|identity_status|wrong_universe_flag|name_collision_flag|blocker_reason|review_only|model_use_allowed|training_allowed,DRAFT_EVENT,CANONICAL_REVIEW_ONLY,,LIVE_HQ,loc_f6239794e34e59acf3a79da5,,,,true,false,NO_DUPLICATE_FLAG,NOT_SUPERSEDED,SEPARATE_LEDGER_CONTROLS,REGISTERED_METADATA_ONLY,SOURCE_INVENTORY_SHA256_RECORDED,e335493b702901c76c8df1f2131e370060b89aa9b66a7957ab33a7c1133b6200,4653,player_name|position|rookie_class_year|nfl_player_id|gsis_id|player_stats_id|nwr_player_id|cfbd_player_id|draft_year|draft_round|draft_pick|overall_pick|drafted_team|entry_status|entry_status_confidence|entry_status_source|identity_status|wrong_universe_flag|name_collision_flag|blocker_reason|review_only|model_use_allowed|training_allowed,June 30 2026 snapshot; source acquisition receipt incomplete,"2,514 likely-UDFA rows are provisional; tracked builder/input receipt is missing; no evidence modified",1.0.0
art_cef741df78089237,algorithm_id|algorithm_family|algorithm_name|development_composite_score|development_next_points_spearman|development_future3_spearman|development_rank_mae|development_top_precision|development_top_recall|development_bust_avoidance|development_cornerstone_safety|holdout_composite_score|holdout_next_points_spearman|holdout_rank_mae|stress_2025_next_points_spearman|complexity_score|winner_selection_basis|family_winner_reason|deserves_finalist_consideration,ROOKIE_SEASON_AND_MULTI_YEAR_OUTCOME,SUPPORTING_EVIDENCE,,LOCAL_ONLY,loc_f68feb64e3189b63cb65e811,,,,false,true,NO_DUPLICATE_FLAG,NOT_SUPERSEDED,SEPARATE_LEDGER_CONTROLS,REGISTERED_METADATA_ONLY,SOURCE_INVENTORY_SHA256_RECORDED,48ea35a3b582cf58279e4dd36ca750f0c79b33cc04a0f1912b1e1d5f34a9ec7f,6,algorithm_id|algorithm_family|algorithm_name|development_composite_score|development_next_points_spearman|development_future3_spearman|development_rank_mae|development_top_precision|development_top_recall|development_bust_avoidance|development_cornerstone_safety|holdout_composite_score|holdout_next_points_spearman|holdout_rank_mae|stress_2025_next_points_spearman|complexity_score|winner_selection_basis|family_winner_reason|deserves_finalist_consideration,packet-specific 2026 receipts,not tracked at live HQ HEAD,1.0.0
art_cf21ba10d51c1ab6,feature_name|current_source_or_service|appears_in_replay_contract|approved_in_gate_e_six_feature_cap|pre_draft_allowed|post_draft_allowed|review_only|model_use_allowed|training_allowed|blocked_leakage|downgrade_behavior|required_gate|notes,DRAFT_EVENT,SUPPORTING_EVIDENCE,,LIVE_HQ,loc_fc6d0be71f9e4c78e14ac099,,,,false,true,NO_DUPLICATE_FLAG,NOT_SUPERSEDED,SEPARATE_LEDGER_CONTROLS,REGISTERED_METADATA_ONLY,SOURCE_INVENTORY_SHA256_RECORDED,7d20dafc95c86f7da7e18133a067e1b9af326e90303c6f8b6fe830b6240ec297,31,feature_name|current_source_or_service|appears_in_replay_contract|approved_in_gate_e_six_feature_cap|pre_draft_allowed|post_draft_allowed|review_only|model_use_allowed|training_allowed|blocked_leakage|downgrade_behavior|required_gate|notes,static completed draft events; source timestamps/receipt IDs incomplete in several derivatives,positive draft facts only; missing draft evidence remains unknown; current name+position joins are review-only,1.0.0
art_cf2fa3b1486177e6,markdown/text,ROOKIE_SEASON_AND_MULTI_YEAR_OUTCOME,SUPPORTING_EVIDENCE,,LIVE_HQ,loc_4d77ee6907d2b0c53d2cbcab,,,,false,true,NO_DUPLICATE_FLAG,NOT_SUPERSEDED,SEPARATE_LEDGER_CONTROLS,REGISTERED_METADATA_ONLY,SOURCE_INVENTORY_SHA256_RECORDED,05e1ce622c3f7ce4eef31e9b99b16924df33a8181f7726349c1996cd9f1e5296,N/A,markdown/text,packet-specific immutable runs; some local receipts only,multiple scoring/rank systems conflict; position-threshold applicability must be explicit,1.0.0
art_cf7fec79b8bd7ec6,markdown/text,DRAFT_EVENT,SUPPORTING_EVIDENCE,,LIVE_HQ,loc_26d49f1eef9a36853d4dc0eb,,,,false,true,NO_DUPLICATE_FLAG,NOT_SUPERSEDED,SEPARATE_LEDGER_CONTROLS,REGISTERED_METADATA_ONLY,SOURCE_INVENTORY_SHA256_RECORDED,83fe2248b250ed2a0cf37b0b3f48a34efcd0c344ea93be0fd798f1b2a6cbd9a6,N/A,markdown/text,static completed draft events; source timestamps/receipt IDs incomplete in several derivatives,positive draft facts only; missing draft evidence remains unknown; current name+position joins are review-only,1.0.0
art_cf8be3663f61c009,markdown/text,PRODUCT_CONSUMER,SUPPORTING_EVIDENCE,,LIVE_HQ,loc_9f92d8a10192ea3d8ca6cf64,,,,false,true,NO_DUPLICATE_FLAG,NOT_SUPERSEDED,SEPARATE_LEDGER_CONTROLS,REGISTERED_METADATA_ONLY,SOURCE_INVENTORY_SHA256_RECORDED,65f19312460b49fc5a5e0e2682b73044c57f1eff8df9db3cb2484efa45c6870b,N/A,markdown/text,live HQ at starting commit,authority is limited to the artifact's documented scope,1.0.0
art_d00fde7ec9561806,column_name|required|field_type|nullable|source_or_rule|allowed_values|missingness_rule|notes,ROOKIE_SEASON_AND_MULTI_YEAR_OUTCOME,SUPPORTING_EVIDENCE,,LIVE_HQ,loc_a0960dc7213332ee4e690e57,,,,false,true,NO_DUPLICATE_FLAG,NOT_SUPERSEDED,SEPARATE_LEDGER_CONTROLS,REGISTERED_METADATA_ONLY,SOURCE_INVENTORY_SHA256_RECORDED,2c25fcdcff0247dc0e48f9004cb483d600633c18f7b779a2009a406a9cbfa715,25,column_name|required|field_type|nullable|source_or_rule|allowed_values|missingness_rule|notes,packet-specific immutable runs; some local receipts only,multiple scoring/rank systems conflict; position-threshold applicability must be explicit,1.0.0
art_d012b9eebefebbcf,markdown/text,PROTECTED_FROZEN_GOVERNANCE,CANONICAL_REVIEW_ONLY,,LIVE_HQ,loc_f261679c2c11a8d974f381c3,,,,true,false,NO_DUPLICATE_FLAG,NOT_SUPERSEDED,SEPARATE_LEDGER_CONTROLS,REGISTERED_METADATA_ONLY,SOURCE_INVENTORY_SHA256_RECORDED,1b8cfac3807613c453588a60b24b6303e8bcaac35d03639c1927ec8d81735e28,N/A,markdown/text,frozen 2026-07-10 before outcomes,authority is limited to the artifact's documented scope,1.0.0
art_d033efedc5c9ac75,player_name|position|team|rookie_class_year|identity_status|name_collision_flag|conflict_type|blocker_reason|suggested_review_path,DRAFT_EVENT,SUPPORTING_EVIDENCE,,LIVE_HQ,loc_45a55e6ec3c633cf02e3474a,,,,false,true,NO_DUPLICATE_FLAG,NOT_SUPERSEDED,SEPARATE_LEDGER_CONTROLS,REGISTERED_METADATA_ONLY,SOURCE_INVENTORY_SHA256_RECORDED,1aee626138dba312811e7b82d469580b8ec612cc0b0675b8c47f6391b7637de4,0,player_name|position|team|rookie_class_year|identity_status|name_collision_flag|conflict_type|blocker_reason|suggested_review_path,June 30 2026 packet snapshots,likely/confirmed-review-only must not be treated as verified undrafted truth,1.0.0
art_d04777532034c203,markdown/text,ROOKIE_SEASON_AND_MULTI_YEAR_OUTCOME,SUPPORTING_EVIDENCE,,LIVE_HQ,loc_800437625d96575f5c877cbf,,,,false,true,NO_DUPLICATE_FLAG,NOT_SUPERSEDED,SEPARATE_LEDGER_CONTROLS,REGISTERED_METADATA_ONLY,SOURCE_INVENTORY_SHA256_RECORDED,d690b53b72433351261f4a409faece1bf137c3b97173da8754ba642037094bc4,N/A,markdown/text,local run 2026-06-29; latest factual outcome season 2024,drafted-only; link availability differs from usable value availability; incomplete windows are censored,1.0.0
art_d0503b6808f46f57,py,DRAFT_EVENT_AND_POST_DRAFT_PRESEASON,SUPERSEDED,,LIVE_HQ,loc_fcf98a07bd154f3343014afd,,,,false,true,NO_DUPLICATE_FLAG,SUPERSEDED_RECORDED,SEPARATE_LEDGER_CONTROLS,REGISTERED_METADATA_ONLY,SOURCE_INVENTORY_SHA256_RECORDED,228c82a5d63b845981b6578bc0e9d1408cc6b481564c1c3f9294460f089e46f7,N/A,py,June 29-30 2026; no uniform row-level source timestamp,published counts may be duplicate-inflated; three distinct current records have no stable candidate ID,1.0.0
art_d06711dc21ac466a,markdown/text,DRAFT_EVENT,SUPPORTING_EVIDENCE,,LIVE_HQ,loc_536360e381b52e86a8b058e7,,,,false,true,NO_DUPLICATE_FLAG,NOT_SUPERSEDED,SEPARATE_LEDGER_CONTROLS,REGISTERED_METADATA_ONLY,SOURCE_INVENTORY_SHA256_RECORDED,f5b867d6b66be409db684e819a7cc6983935c7e7ba599d9026e833ce321d3658,N/A,markdown/text,June 30 2026 packet snapshots,likely/confirmed-review-only must not be treated as verified undrafted truth,1.0.0
art_d07c06ce26840e59,rookie_class_year|position|likely_udfa_candidate_count|confirmed_udfa_candidate_count|still_likely_udfa_needs_review_count|free_agent_rookie_needs_review_count|name_collision_count|wrong_universe_count|unknown_count|promotion_rate|notes,DRAFT_EVENT,SUPPORTING_EVIDENCE,,LIVE_HQ,loc_7d585dae0158487f9db4be2a,,,,false,true,NO_DUPLICATE_FLAG,NOT_SUPERSEDED,SEPARATE_LEDGER_CONTROLS,REGISTERED_METADATA_ONLY,SOURCE_INVENTORY_SHA256_RECORDED,6c3bf8b500fa36d4a6643ce0474a9f7bda8c164ed49791161368827555d0239b,100,rookie_class_year|position|likely_udfa_candidate_count|confirmed_udfa_candidate_count|still_likely_udfa_needs_review_count|free_agent_rookie_needs_review_count|name_collision_count|wrong_universe_count|unknown_count|promotion_rate|notes,June 30 2026 packet snapshots,likely/confirmed-review-only must not be treated as verified undrafted truth,1.0.0
art_d08162ac48a64db9,markdown/text,PRODUCT_CONSUMER,SUPPORTING_EVIDENCE,,LIVE_HQ,loc_161ad081a865b8bc7c67fea7,,,,false,true,NO_DUPLICATE_FLAG,NOT_SUPERSEDED,SEPARATE_LEDGER_CONTROLS,REGISTERED_METADATA_ONLY,SOURCE_INVENTORY_SHA256_RECORDED,b083a34c047fc14dc66810abe310b63e5dd377c278705cc4b09a360cdecb81bf,N/A,markdown/text,live HQ at starting commit,authority is limited to the artifact's documented scope,1.0.0
art_d0dc87d4553a961e,markdown/text,CROSS_LIFECYCLE_IDENTITY,SUPPORTING_EVIDENCE,,LIVE_HQ,loc_5f11aeaacc228b833b2d0b48,,,,false,true,NO_DUPLICATE_FLAG,NOT_SUPERSEDED,SEPARATE_LEDGER_CONTROLS,REGISTERED_METADATA_ONLY,SOURCE_INVENTORY_SHA256_RECORDED,b48ab8fa3ebfdcf899a4aa8f1fc7fa4a0ecf9bd6cde9558fc4bc23dda49bd561,N/A,markdown/text,June 23-30 2026 snapshots,authority is limited to the artifact's documented scope,1.0.0
art_d0fad607c77830f0,check|result|passed|caveat,LATER_OUTCOME_RESEARCH,SUPPORTING_EVIDENCE,,LIVE_HQ,loc_177ddf95bbb777d0bf3e8a71,,,,false,true,NO_DUPLICATE_FLAG,NOT_SUPERSEDED,SEPARATE_LEDGER_CONTROLS,REGISTERED_METADATA_ONLY,SOURCE_INVENTORY_SHA256_RECORDED,0844a374d7543bd2641a58a1190107e650e4e3dbdb42483090ea2f446db5f022,14,check|result|passed|caveat,versioned June-July 2026 review snapshots,review-only; formula work paused; current proxy/zero encodings cannot become evidence truth; retain scoring/window semantics,1.0.0
art_d1393ed428483ffc,item|status|classification|admission_state|production_use_allowed|reason|next_action|notes,ROOKIE_SEASON_AND_MULTI_YEAR_OUTCOME,SUPPORTING_EVIDENCE,,LIVE_HQ,loc_855530de280be438741d5305,,,,false,true,NO_DUPLICATE_FLAG,NOT_SUPERSEDED,SEPARATE_LEDGER_CONTROLS,REGISTERED_METADATA_ONLY,SOURCE_INVENTORY_SHA256_RECORDED,9a13bfb9ee36f85ef739883e78f08ad7f15bb234fd5878198df8ee37ba67d154,12,item|status|classification|admission_state|production_use_allowed|reason|next_action|notes,packet-specific 2026 receipts,authority is limited to the artifact's documented scope,1.0.0
art_d1b0bdb18bdf74aa,markdown/text,ROOKIE_SEASON_AND_MULTI_YEAR_OUTCOME,SUPPORTING_EVIDENCE,,LIVE_HQ,loc_ee8257d16a6eeb149c8122a1,,,,false,true,NO_DUPLICATE_FLAG,NOT_SUPERSEDED,SEPARATE_LEDGER_CONTROLS,REGISTERED_METADATA_ONLY,SOURCE_INVENTORY_SHA256_RECORDED,1b0d29867e6c5b86eb72a17fcad6a90ed69ee7c5a978a44ba11f80066b0b129d,N/A,markdown/text,packet-specific 2026 receipts,authority is limited to the artifact's documented scope,1.0.0
art_d206cd89b7a9e6be,py,PRODUCT_CONSUMER,SUPPORTING_EVIDENCE,,LIVE_HQ,loc_f904f33640f1d6e5ee926bb4,,,,false,true,NO_DUPLICATE_FLAG,NOT_SUPERSEDED,SEPARATE_LEDGER_CONTROLS,REGISTERED_METADATA_ONLY,SOURCE_INVENTORY_SHA256_RECORDED,8bbb08da311e0efdbb076fc00f3acd7e794a8dc94fe5735673cc67981173558c,N/A,py,live HQ at starting commit,authority is limited to the artifact's documented scope,1.0.0
art_d23e7fe3c6af14a6,outcome_family|position|season_or_year|existing_label_source|nflverse_source_artifact|existing_label_rows|nflverse_player_stats_rows|matched_players|unmatched_existing_labels|unmatched_nflverse_rows|identity_match_rate|scoring_parity_status|censoring_parity_status|sidecar_review_allowed|label_truth_allowed|model_use_allowed_now|training_allowed_now|source_truth_allowed_now|blocker_reason|notes,ROOKIE_SEASON_AND_MULTI_YEAR_OUTCOME,SUPPORTING_EVIDENCE,,LIVE_HQ,loc_51fa9f3e27e622fd89876681,,,,false,true,NO_DUPLICATE_FLAG,NOT_SUPERSEDED,SEPARATE_LEDGER_CONTROLS,REGISTERED_METADATA_ONLY,SOURCE_INVENTORY_SHA256_RECORDED,6ccdd99547757c0f7fd34280140c673c865d3b47cab5cc9d6cc823c1843855b4,9,outcome_family|position|season_or_year|existing_label_source|nflverse_source_artifact|existing_label_rows|nflverse_player_stats_rows|matched_players|unmatched_existing_labels|unmatched_nflverse_rows|identity_match_rate|scoring_parity_status|censoring_parity_status|sidecar_review_allowed|label_truth_allowed|model_use_allowed_now|training_allowed_now|source_truth_allowed_now|blocker_reason|notes,packet-specific immutable runs; some local receipts only,multiple scoring/rank systems conflict; position-threshold applicability must be explicit,1.0.0
art_d249ebbbebee95b0,summary_level|candidate_name|baseline_name|target_season|position|eligible_universe_rows|pyf_valid_rows|candidate_valid_rows|shared_rows|rows_lost_by_pyf|rows_lost_by_candidate|shared_coverage_of_eligible_universe|shared_fraction_of_pyf_valid|shared_fraction_of_candidate_valid|pyf_exclusion_reasons|candidate_exclusion_reasons|pyf_spearman|candidate_spearman|candidate_minus_pyf_spearman|pyf_kendall_tau_a|candidate_kendall_tau_a|candidate_minus_pyf_kendall|pooled_within_position_rank_spearman_secondary_pyf|pooled_within_position_rank_spearman_secondary_candidate,PROTECTED_FROZEN_GOVERNANCE,CANONICAL_REVIEW_ONLY,,LIVE_HQ,loc_320a90b453c30b7d9fab2bd0,,,,true,false,NO_DUPLICATE_FLAG,NOT_SUPERSEDED,SEPARATE_LEDGER_CONTROLS,REGISTERED_METADATA_ONLY,SOURCE_INVENTORY_SHA256_RECORDED,96e5afc8a6bb4a686ed7070f289221fefc4769f4c4cb6b7b020301655b2b8877,90,summary_level|candidate_name|baseline_name|target_season|position|eligible_universe_rows|pyf_valid_rows|candidate_valid_rows|shared_rows|rows_lost_by_pyf|rows_lost_by_candidate|shared_coverage_of_eligible_universe|shared_fraction_of_pyf_valid|shared_fraction_of_candidate_valid|pyf_exclusion_reasons|candidate_exclusion_reasons|pyf_spearman|candidate_spearman|candidate_minus_pyf_spearman|pyf_kendall_tau_a|candidate_kendall_tau_a|candidate_minus_pyf_kendall|pooled_within_position_rank_spearman_secondary_pyf|pooled_within_position_rank_spearman_secondary_candidate,frozen 2026-07-10 before outcomes,authority is limited to the artifact's documented scope,1.0.0
art_d2a79ceeb623a729,markdown/text,ROOKIE_SEASON_AND_MULTI_YEAR_OUTCOME,SUPPORTING_EVIDENCE,,LIVE_HQ,loc_9d7181fe186ee12e2b7289b0,,,,false,true,NO_DUPLICATE_FLAG,NOT_SUPERSEDED,SEPARATE_LEDGER_CONTROLS,REGISTERED_METADATA_ONLY,SOURCE_INVENTORY_SHA256_RECORDED,a504a65cc14755ad38cb1e7ab931c084993091cf9f2d83bc2d3d8f7c0bdd179c,N/A,markdown/text,packet-specific immutable runs; some local receipts only,multiple scoring/rank systems conflict; position-threshold applicability must be explicit,1.0.0
art_d2af4f1bbd4e8522,markdown/text,ROOKIE_SEASON_AND_MULTI_YEAR_OUTCOME,SUPPORTING_EVIDENCE,,LIVE_HQ,loc_822d8ab883dffc840ab8001c,,,,false,true,NO_DUPLICATE_FLAG,NOT_SUPERSEDED,SEPARATE_LEDGER_CONTROLS,REGISTERED_METADATA_ONLY,SOURCE_INVENTORY_SHA256_RECORDED,1cb222c69ba22c9d97bc69eb14ed48a070eabeed72b61f7fa00af7911efcdbe3,N/A,markdown/text,packet-specific immutable runs; some local receipts only,multiple scoring/rank systems conflict; position-threshold applicability must be explicit,1.0.0
art_d30e0aaf26eba9e2,markdown/text,ROOKIE_SEASON_AND_MULTI_YEAR_OUTCOME,CANONICAL_REVIEW_ONLY,,LIVE_HQ,loc_b14e4e257e2e62150136d854,,,,true,true,NO_DUPLICATE_FLAG,NOT_SUPERSEDED,SEPARATE_LEDGER_CONTROLS,REGISTERED_METADATA_ONLY,SOURCE_INVENTORY_SHA256_RECORDED,097ad2cd1a2f65bbea3d7a657316add098389f23eb08ca67ca3e2de757b477ee,N/A,markdown/text,packet-specific immutable runs; some local receipts only,multiple scoring/rank systems conflict; position-threshold applicability must be explicit,1.0.0
art_d314c6da08c02521,cfbd_player_id|nfl_player_id|nwr_player_id|player_name|position|college_team|draft_year|rookie_class_year|draft_capital_status|identity_approval_status|cfbd_bridge_status|nfl_outcome_label_link_status|ambiguity_flag|blocker_reason|review_only|approved_by_human|model_use_allowed|training_allowed,ROOKIE_SEASON_AND_MULTI_YEAR_OUTCOME,DUPLICATE_EQUIVALENT,,LIVE_HQ,loc_586f237c8b1f117960b241e3,,,,false,true,DUPLICATE_RECORDED,NOT_SUPERSEDED,SEPARATE_LEDGER_CONTROLS,REGISTERED_METADATA_ONLY,SOURCE_INVENTORY_SHA256_RECORDED,4218565c38544b21edfedb04ed56e39dfb8232e39c55391c53a7d598163a06ec,157,cfbd_player_id|nfl_player_id|nwr_player_id|player_name|position|college_team|draft_year|rookie_class_year|draft_capital_status|identity_approval_status|cfbd_bridge_status|nfl_outcome_label_link_status|ambiguity_flag|blocker_reason|review_only|approved_by_human|model_use_allowed|training_allowed,local run 2026-06-29; latest factual outcome season 2024,contains 50 exact duplicate row groups / 50 excess rows; no dedup performed; drafted-only; link availability differs from usable value availability; incomplete windows are censored,1.0.0
art_d39d64392a37ef21,markdown/text,ROOKIE_SEASON_AND_MULTI_YEAR_OUTCOME,SUPPORTING_EVIDENCE,,LIVE_HQ,loc_67ff162eb8b6f2186c1b48e1,,,,false,true,NO_DUPLICATE_FLAG,NOT_SUPERSEDED,SEPARATE_LEDGER_CONTROLS,REGISTERED_METADATA_ONLY,SOURCE_INVENTORY_SHA256_RECORDED,b23bc74312cd14465c0e50b2b88d86f2abf4907cbe73a81ec4094cb9ac49f905,N/A,markdown/text,packet-specific immutable runs; some local receipts only,multiple scoring/rank systems conflict; position-threshold applicability must be explicit,1.0.0
art_d3ef88061f64cc61,markdown/text,ROOKIE_SEASON_AND_MULTI_YEAR_OUTCOME,SUPPORTING_EVIDENCE,,LIVE_HQ,loc_dbf3f2a256d8e93d44164ab0,,,,false,true,NO_DUPLICATE_FLAG,NOT_SUPERSEDED,SEPARATE_LEDGER_CONTROLS,REGISTERED_METADATA_ONLY,SOURCE_INVENTORY_SHA256_RECORDED,10e1111719fb092a5cef0f2671229115b37c2a64a73853fd05d7d0baaa8cf25f,N/A,markdown/text,local run 2026-06-29; latest factual outcome season 2024,drafted-only; link availability differs from usable value availability; incomplete windows are censored,1.0.0
art_d436c2924b86afe4,rule_id|rule_class|eligibility_decision|max_allowed_v2_use|rationale|v1_best_net_miss_reduction|v1_spearman_delta,LATER_OUTCOME_RESEARCH,SUPPORTING_EVIDENCE,,LIVE_HQ,loc_1a6295ba3e9f859cd15fc07d,,,,false,true,NO_DUPLICATE_FLAG,NOT_SUPERSEDED,SEPARATE_LEDGER_CONTROLS,REGISTERED_METADATA_ONLY,SOURCE_INVENTORY_SHA256_RECORDED,5c3517b0451020d50f69be48590897c0d1e706007492ccec97fa4a5e9a0e352e,12,rule_id|rule_class|eligibility_decision|max_allowed_v2_use|rationale|v1_best_net_miss_reduction|v1_spearman_delta,July 9 2026 research snapshots,authority is limited to the artifact's documented scope,1.0.0
art_d44883b06af174b8,py,CROSS_LIFECYCLE,SUPPORTING_EVIDENCE,,LIVE_HQ,loc_a6553b04f187ab0ddae6f6e4,,,,false,true,NO_DUPLICATE_FLAG,NOT_SUPERSEDED,SEPARATE_LEDGER_CONTROLS,REGISTERED_METADATA_ONLY,SOURCE_INVENTORY_SHA256_RECORDED,d73176a4828603480aee3f645cd1bb306b5406d3cfa1b8869fb6b475fea9e463,N/A,py,packet-specific snapshot,authority is limited to the artifact's documented scope,1.0.0
art_d48702959b117539,markdown/text,PRE_DRAFT,SOURCE_UNADMITTED,,LIVE_HQ,loc_c21eadf1af252abafe12aaf0,,,,false,true,NO_DUPLICATE_FLAG,NOT_SUPERSEDED,SEPARATE_LEDGER_CONTROLS,REGISTERED_METADATA_ONLY,SOURCE_INVENTORY_SHA256_RECORDED,a959c375ce5de261b05f82737117f53c0e424576fd2ee69992a73c68ef0cd1c9,N/A,markdown/text,run 2026-06-26; mutable source; row-level as-of incomplete,"raw cache remains outside Git; rights, hashes, and production gates are incomplete",1.0.0
art_d49a69ac0095f53c,markdown/text,DRAFT_EVENT,SUPPORTING_EVIDENCE,,LIVE_HQ,loc_1628cb8ec2249975c6d50439,,,,false,true,NO_DUPLICATE_FLAG,NOT_SUPERSEDED,SEPARATE_LEDGER_CONTROLS,REGISTERED_METADATA_ONLY,SOURCE_INVENTORY_SHA256_RECORDED,2fd7c8f35292c163ed046117fee7421d42050da9871d6b7a46517431ebc717a3,N/A,markdown/text,static completed draft events; source timestamps/receipt IDs incomplete in several derivatives,positive draft facts only; missing draft evidence remains unknown; current name+position joins are review-only,1.0.0
art_d49fb78ef660f67d,season|player_id|player_name|position|team|games_played|games_played_source|games_with_stats|available_game_count_fields|available_component_fantasy_points|strict_fantasy_points|strict_scoring_complete|scoring_component_complete|scoring_missing_components|scoring_source_caveats|scoring_version|overall_rank|position_rank|strict_overall_rank|strict_position_rank|rank_basis|per_game_denominator|per_game_denominator_source|available_component_fantasy_points_per_game|strict_fantasy_points_per_game|overall_per_game_rank|position_per_game_rank|qualified_4_plus_games|qualified_8_plus_games|qualified_10_plus_games|...(+2 columns),ROOKIE_SEASON_AND_MULTI_YEAR_OUTCOME,SUPPORTING_EVIDENCE,,LOCAL_ONLY,loc_570eb0b534d507759bad4c23,,,,false,true,NO_DUPLICATE_FLAG,NOT_SUPERSEDED,SEPARATE_LEDGER_CONTROLS,REGISTERED_METADATA_ONLY,SOURCE_INVENTORY_SHA256_RECORDED,d5856f4cd6dc6766b712bd659a3279c1e7900204ebb236a4881b7d1ebeaa5cf6,13843,season|player_id|player_name|position|team|games_played|games_played_source|games_with_stats|available_game_count_fields|available_component_fantasy_points|strict_fantasy_points|strict_scoring_complete|scoring_component_complete|scoring_missing_components|scoring_source_caveats|scoring_version|overall_rank|position_rank|strict_overall_rank|strict_position_rank|rank_basis|per_game_denominator|per_game_denominator_source|available_component_fantasy_points_per_game|strict_fantasy_points_per_game|overall_per_game_rank|position_per_game_rank|qualified_4_plus_games|qualified_8_plus_games|qualified_10_plus_games|...(+2 columns),packet-specific 2026 receipts,not tracked at live HQ HEAD,1.0.0
art_d4b18db786f32f42,py,PRODUCT_CONSUMER,SUPPORTING_EVIDENCE,,LIVE_HQ,loc_0ba3ae76f262a356204d60ea,,,,false,true,NO_DUPLICATE_FLAG,NOT_SUPERSEDED,SEPARATE_LEDGER_CONTROLS,REGISTERED_METADATA_ONLY,SOURCE_INVENTORY_SHA256_RECORDED,6815e3700fcfa9a8c73f7b6f6131df8cc04f1d616a9201d188440e66052e25ec,N/A,py,live HQ at starting commit,authority is limited to the artifact's documented scope,1.0.0
art_d4f7ab1a6008eaf0,markdown/text,PRE_DRAFT_AND_TIMING_GOVERNANCE,SUPPORTING_EVIDENCE,,LIVE_HQ,loc_262165bbfc8c01ef920475cb,,,,false,true,NO_DUPLICATE_FLAG,NOT_SUPERSEDED,SEPARATE_LEDGER_CONTROLS,REGISTERED_METADATA_ONLY,SOURCE_INVENTORY_SHA256_RECORDED,c6cc9fa2165a16434477bd0c9d3309d265fb540de627204b1a3983e749993ecd,N/A,markdown/text,as-of policy present; zero experiment-ready player/feature rows,authority is limited to the artifact's documented scope,1.0.0
art_d51fcbd397f2cd5e,markdown/text,PRE_DRAFT_TO_MULTI_YEAR_LEGACY,SUPPORTING_EVIDENCE,,LIVE_HQ,loc_539070f7eb78a59d15dab025,,,,false,true,NO_DUPLICATE_FLAG,NOT_SUPERSEDED,SEPARATE_LEDGER_CONTROLS,REGISTERED_METADATA_ONLY,SOURCE_INVENTORY_SHA256_RECORDED,0ac426d4dd69f074b0459b128e8f66f5308859f6d785f59e6a62844db9dbb7c1,N/A,markdown/text,legacy baseline; superseded by June 29-30 review-only gates,legacy source/use claims are superseded; provider content and name-key joins are restricted,1.0.0
art_d577a9b61f24a6af,markdown/text,ROOKIE_SEASON_AND_MULTI_YEAR_OUTCOME,SUPPORTING_EVIDENCE,,LIVE_HQ,loc_e6f1cc4bedcae4d02098a944,,,,false,true,NO_DUPLICATE_FLAG,NOT_SUPERSEDED,SEPARATE_LEDGER_CONTROLS,REGISTERED_METADATA_ONLY,SOURCE_INVENTORY_SHA256_RECORDED,5ed911321e4c775e5609f6d40b6b13e47baf35b88afd257db7dc07a9118b73e9,N/A,markdown/text,packet-specific immutable runs; some local receipts only,multiple scoring/rank systems conflict; position-threshold applicability must be explicit,1.0.0
art_d59f4d2d931f69f9,field_id|feature_set|model_description|complete_rows|positive_count|validation_rows|validation_positives|validation_anchor_seasons|fold_count|folds_beating_baseline|fold_win_rate|fold_stability_status|model_brier|baseline_brier|brier_delta_vs_baseline|weighted_calibration_abs_error|max_large_bucket_calibration_abs_error|calibration_status|validation_status|blocked_inputs_used|display_only|diagnostic_only|model_use_allowed|app_wiring_allowed,ROOKIE_SEASON_AND_MULTI_YEAR_OUTCOME,SUPPORTING_EVIDENCE,,LOCAL_ONLY,loc_ef82c1a7b7403e8140f3c09f,,,,false,true,NO_DUPLICATE_FLAG,NOT_SUPERSEDED,SEPARATE_LEDGER_CONTROLS,REGISTERED_METADATA_ONLY,SOURCE_INVENTORY_SHA256_RECORDED,c94a5c341a43365414d6fb50768f6da5eb4745c45bf6eeefb08bdfc3e1c9a99f,30,field_id|feature_set|model_description|complete_rows|positive_count|validation_rows|validation_positives|validation_anchor_seasons|fold_count|folds_beating_baseline|fold_win_rate|fold_stability_status|model_brier|baseline_brier|brier_delta_vs_baseline|weighted_calibration_abs_error|max_large_bucket_calibration_abs_error|calibration_status|validation_status|blocked_inputs_used|display_only|diagnostic_only|model_use_allowed|app_wiring_allowed,packet-specific immutable runs; some local receipts only,multiple scoring/rank systems conflict; position-threshold applicability must be explicit; not tracked at live HQ HEAD,1.0.0
art_d5aac4d503b70fac,py,DRAFT_EVENT,SUPPORTING_EVIDENCE,,LIVE_HQ,loc_727b243601903767b7507728,,,,false,true,NO_DUPLICATE_FLAG,NOT_SUPERSEDED,SEPARATE_LEDGER_CONTROLS,REGISTERED_METADATA_ONLY,SOURCE_INVENTORY_SHA256_RECORDED,80f2b860e42c6942abd3018c4c4fe66ad4e3cc8d38fa37532987d2f1b015d614,N/A,py,June 30 2026 packet snapshots,likely/confirmed-review-only must not be treated as verified undrafted truth,1.0.0
art_d6008d46dd9e8c1c,result_id|season|rows|spearman|startable_precision|false_positives|false_negatives,DRAFT_EVENT,SUPPORTING_EVIDENCE,,LIVE_HQ,loc_3c7e15b1712ab1c307f379d4,,,,false,true,NO_DUPLICATE_FLAG,NOT_SUPERSEDED,SEPARATE_LEDGER_CONTROLS,REGISTERED_METADATA_ONLY,SOURCE_INVENTORY_SHA256_RECORDED,84a1de826ce4d1a6b8391de3db9a37129b904e72082be051acc263c1718c00ff,130,result_id|season|rows|spearman|startable_precision|false_positives|false_negatives,static completed draft events; source timestamps/receipt IDs incomplete in several derivatives,positive draft facts only; missing draft evidence remains unknown; current name+position joins are review-only,1.0.0
art_d6025bbe23378eef,markdown/text,DRAFT_EVENT,SUPPORTING_EVIDENCE,,LIVE_HQ,loc_c9a3d39419e1d6ff137404c0,,,,false,true,NO_DUPLICATE_FLAG,NOT_SUPERSEDED,SEPARATE_LEDGER_CONTROLS,REGISTERED_METADATA_ONLY,SOURCE_INVENTORY_SHA256_RECORDED,40bc0a535853741ed35159f65dfa5ab3a8824934abef82a4b313ce8bd3253fcf,N/A,markdown/text,static completed draft events; source timestamps/receipt IDs incomplete in several derivatives,positive draft facts only; missing draft evidence remains unknown; current name+position joins are review-only,1.0.0
art_d67b212f5298dd1b,markdown/text,DRAFT_EVENT,SUPPORTING_EVIDENCE,,LIVE_HQ,loc_d0fef59dc082a92d12122235,,,,false,true,NO_DUPLICATE_FLAG,NOT_SUPERSEDED,SEPARATE_LEDGER_CONTROLS,REGISTERED_METADATA_ONLY,SOURCE_INVENTORY_SHA256_RECORDED,23a7608ca473f778c8962b2b8a74188d7011f47d6bb268e943ab7c3cb2e2c0f5,N/A,markdown/text,June 30 2026 snapshot; source acquisition receipt incomplete,"2,514 likely-UDFA rows are provisional; tracked builder/input receipt is missing",1.0.0
art_d685eb2d2ff9a40c,py,CROSS_LIFECYCLE,SUPPORTING_EVIDENCE,,LIVE_HQ,loc_b4d3901139a45521e85e63f8,,,,false,true,NO_DUPLICATE_FLAG,NOT_SUPERSEDED,SEPARATE_LEDGER_CONTROLS,REGISTERED_METADATA_ONLY,SOURCE_INVENTORY_SHA256_RECORDED,6459b2f5a8593db93951610b1010c815f4a6693c02b826ea433d14ca6cf86cd5,N/A,py,packet-specific snapshot,authority is limited to the artifact's documented scope,1.0.0
art_d69ccd0d1fdb1cac,season_or_year|position|player_stats_rows|matched_drafted_players|outcome_v2_label_overlap|missing_match_count|feasible_for_review_sidecar|blocker_reason|notes,DRAFT_EVENT,SUPPORTING_EVIDENCE,,LIVE_HQ,loc_02ab97f2986d1914c57d3322,,,,false,true,NO_DUPLICATE_FLAG,NOT_SUPERSEDED,SEPARATE_LEDGER_CONTROLS,REGISTERED_METADATA_ONLY,SOURCE_INVENTORY_SHA256_RECORDED,56f0b5d1086f4cbd903abdb880f264d6c598708864df80a5cd2b1a408f864e62,52,season_or_year|position|player_stats_rows|matched_drafted_players|outcome_v2_label_overlap|missing_match_count|feasible_for_review_sidecar|blocker_reason|notes,static completed draft events; source timestamps/receipt IDs incomplete in several derivatives,positive draft facts only; missing draft evidence remains unknown; current name+position joins are review-only,1.0.0
art_d6b3e66ea3fa97e7,player_id|player_name|position|team|rookie_class_year|current_status_before|draft_pick_match_status|nflverse_absence_status|source_completeness_status|possible_name_collision|possible_wrong_draft_year|possible_wrong_player_match|udfa_status_recommendation|wrong_universe_recommendation|recommended_action|confidence|blocker_reason|review_only|model_use_allowed|training_allowed,DRAFT_EVENT,DUPLICATE_EQUIVALENT,,LIVE_HQ,loc_df347d005e9a5aec4aa686c2,,,,false,true,DUPLICATE_RECORDED,NOT_SUPERSEDED,SEPARATE_LEDGER_CONTROLS,REGISTERED_METADATA_ONLY,SOURCE_INVENTORY_SHA256_RECORDED,91776803a4c02ca30af8d53598e4490cf309b06709196827592a8304c89fc091,30,player_id|player_name|position|team|rookie_class_year|current_status_before|draft_pick_match_status|nflverse_absence_status|source_completeness_status|possible_name_collision|possible_wrong_draft_year|possible_wrong_player_match|udfa_status_recommendation|wrong_universe_recommendation|recommended_action|confidence|blocker_reason|review_only|model_use_allowed|training_allowed,June 30 2026 packet snapshots,contains 14 exact duplicate row groups / 14 excess rows; no dedup performed; likely/confirmed-review-only must not be treated as verified undrafted truth,1.0.0
art_d6c5358b4eec8cd2,feature_family|feature_name|source|availability_status|approval_status|allowed_for_review_only_model_rd|allowed_for_display_context|model_use_allowed|training_allowed|review_only|leakage_risk|missingness_risk|blocker_reason|required_next_gate|notes,PRE_DRAFT,SUPPORTING_EVIDENCE,,LIVE_HQ,loc_5a2d25122d06f12a8de06094,,,,false,true,NO_DUPLICATE_FLAG,NOT_SUPERSEDED,SEPARATE_LEDGER_CONTROLS,REGISTERED_METADATA_ONLY,SOURCE_INVENTORY_SHA256_RECORDED,1090604b2435734bb75c923419ec25dac9ce11bc0e478c0be31a104f5530cf91,20,feature_family|feature_name|source|availability_status|approval_status|allowed_for_review_only_model_rd|allowed_for_display_context|model_use_allowed|training_allowed|review_only|leakage_risk|missingness_risk|blocker_reason|required_next_gate|notes,June 30 2026; measurement source timestamp incomplete,authority is limited to the artifact's documented scope,1.0.0
art_d6ed89dda72e419a,markdown/text,ROOKIE_SEASON_AND_MULTI_YEAR_OUTCOME,SUPPORTING_EVIDENCE,,LIVE_HQ,loc_92bb982659d688b5006810e5,,,,false,true,NO_DUPLICATE_FLAG,NOT_SUPERSEDED,SEPARATE_LEDGER_CONTROLS,REGISTERED_METADATA_ONLY,SOURCE_INVENTORY_SHA256_RECORDED,2da065192ba509fe80956196230011f3797ab854e8b4056829ef6fa911e513cd,N/A,markdown/text,packet-specific 2026 receipts,authority is limited to the artifact's documented scope,1.0.0
art_d717cc3e1373706d,py,LATER_OUTCOME_RESEARCH,SUPPORTING_EVIDENCE,,LIVE_HQ,loc_54bc1c7fa87f9e4d0415d85b,,,,false,true,NO_DUPLICATE_FLAG,NOT_SUPERSEDED,SEPARATE_LEDGER_CONTROLS,REGISTERED_METADATA_ONLY,SOURCE_INVENTORY_SHA256_RECORDED,101963e33416b260248e686813b945a7c45e90c42b6a83d6276db4255faab345,N/A,py,July 9 2026 research snapshots,authority is limited to the artifact's documented scope,1.0.0
art_d75207771f4416d5,position|season|prior_matched_player_seasons|zero_eligibility_matched_player_seasons|matched_player_season_delta|prior_matched_label_rows|zero_eligibility_matched_label_rows|matched_label_row_delta|matched_same_season_rows|matched_anchor_horizon_rows|zero_subset_player_seasons|zero_subset_weeks|observed_nonzero_weeks|observed_explicit_zero_weeks|rostered_active_safe_zero_weeks|safe_zero_matched_player_seasons|parity_status|experiment_readiness_decision|global_scoring_ready|return_touchdown_used|special_teams_tds_used|label_truth_allowed|model_use_allowed|training_allowed|source_truth_allowed|experiment_allowed|review_only|blocker_reason|notes,ROOKIE_SEASON_AND_MULTI_YEAR_OUTCOME,SUPPORTING_EVIDENCE,,LIVE_HQ,loc_3b9b24adb10cac952e1ecd8f,,,,false,true,NO_DUPLICATE_FLAG,NOT_SUPERSEDED,SEPARATE_LEDGER_CONTROLS,REGISTERED_METADATA_ONLY,SOURCE_INVENTORY_SHA256_RECORDED,c24ccacc71e02b8b163f64be9fd1537218861867e8363e1e1aabd1a1f4111f0b,8,position|season|prior_matched_player_seasons|zero_eligibility_matched_player_seasons|matched_player_season_delta|prior_matched_label_rows|zero_eligibility_matched_label_rows|matched_label_row_delta|matched_same_season_rows|matched_anchor_horizon_rows|zero_subset_player_seasons|zero_subset_weeks|observed_nonzero_weeks|observed_explicit_zero_weeks|rostered_active_safe_zero_weeks|safe_zero_matched_player_seasons|parity_status|experiment_readiness_decision|global_scoring_ready|return_touchdown_used|special_teams_tds_used|label_truth_allowed|model_use_allowed|training_allowed|source_truth_allowed|experiment_allowed|review_only|blocker_reason|notes,packet-specific immutable runs; some local receipts only,multiple scoring/rank systems conflict; position-threshold applicability must be explicit,1.0.0
art_d80e22a02f2e70aa,markdown/text,ROOKIE_SEASON_AND_MULTI_YEAR_OUTCOME,SUPPORTING_EVIDENCE,,LIVE_HQ,loc_17cad514d00c146c55d7101b,,,,false,true,NO_DUPLICATE_FLAG,NOT_SUPERSEDED,SEPARATE_LEDGER_CONTROLS,REGISTERED_METADATA_ONLY,SOURCE_INVENTORY_SHA256_RECORDED,2e89e0a4d9774150733c9184fb9bbdfbc5b565425abb0bf8ee43db506cb66f10,N/A,markdown/text,packet-specific immutable runs; some local receipts only,multiple scoring/rank systems conflict; position-threshold applicability must be explicit,1.0.0
art_d832e153d174d2e9,markdown/text,ROOKIE_SEASON_AND_MULTI_YEAR_OUTCOME,SUPPORTING_EVIDENCE,,LIVE_HQ,loc_f676c025ce300d140d6251ab,,,,false,true,NO_DUPLICATE_FLAG,NOT_SUPERSEDED,SEPARATE_LEDGER_CONTROLS,REGISTERED_METADATA_ONLY,SOURCE_INVENTORY_SHA256_RECORDED,c39b1210608dd4939cdd612c7ec5dc68badbc37bc6b7c1afb57cb29a23ca8346,N/A,markdown/text,packet-specific immutable runs; some local receipts only,multiple scoring/rank systems conflict; position-threshold applicability must be explicit,1.0.0
art_d84d242a8b4dc3db,markdown/text,ROOKIE_SEASON_AND_MULTI_YEAR_OUTCOME,SUPPORTING_EVIDENCE,,LIVE_HQ,loc_fee5364a95bd5155ddf0bd4b,,,,false,true,NO_DUPLICATE_FLAG,NOT_SUPERSEDED,SEPARATE_LEDGER_CONTROLS,REGISTERED_METADATA_ONLY,SOURCE_INVENTORY_SHA256_RECORDED,6ce71cb12cf83cb84b8d438be4e0e1acbda99bc04c1552886781c705d0ccac4e,N/A,markdown/text,packet-specific immutable runs; some local receipts only,multiple scoring/rank systems conflict; position-threshold applicability must be explicit,1.0.0
art_d8646b27658418d2,markdown/text,DRAFT_EVENT,SUPPORTING_EVIDENCE,,LIVE_HQ,loc_090381a76d1c65b228ff6616,,,,false,true,NO_DUPLICATE_FLAG,NOT_SUPERSEDED,SEPARATE_LEDGER_CONTROLS,REGISTERED_METADATA_ONLY,SOURCE_INVENTORY_SHA256_RECORDED,f121e50002b5ec8cd14154dee0b7caef0078e4a06a3f19d73630c2672abc9c54,N/A,markdown/text,static completed draft events; source timestamps/receipt IDs incomplete in several derivatives,positive draft facts only; missing draft evidence remains unknown; current name+position joins are review-only,1.0.0
art_d8ab579d09a2713b,field_id|target|complete_rows|positive_count|negative_count|censored_or_missing_rows|complete_anchor_seasons|review_only,ROOKIE_SEASON_AND_MULTI_YEAR_OUTCOME,SUPPORTING_EVIDENCE,,LOCAL_ONLY,loc_0408b1e7ade19ce17b8362df,,,,false,true,NO_DUPLICATE_FLAG,NOT_SUPERSEDED,SEPARATE_LEDGER_CONTROLS,REGISTERED_METADATA_ONLY,SOURCE_INVENTORY_SHA256_RECORDED,4fe9e73c1946e37e8f0e910059373099801f072ff567f65fd8c481e775c59e75,5,field_id|target|complete_rows|positive_count|negative_count|censored_or_missing_rows|complete_anchor_seasons|review_only,packet-specific immutable runs; some local receipts only,multiple scoring/rank systems conflict; position-threshold applicability must be explicit; not tracked at live HQ HEAD,1.0.0
art_d94ab77c6aa41e6b,markdown/text,LATER_OUTCOME_RESEARCH,SUPPORTING_EVIDENCE,,LIVE_HQ,loc_fc1b04734af51034d9f74dda,,,,false,true,NO_DUPLICATE_FLAG,NOT_SUPERSEDED,SEPARATE_LEDGER_CONTROLS,REGISTERED_METADATA_ONLY,SOURCE_INVENTORY_SHA256_RECORDED,8beab2f0c105ab3797326b46396b8bade71cf861ab0a8fb6bbe8d953393f117c,N/A,markdown/text,July 9 2026 research snapshots,authority is limited to the artifact's documented scope,1.0.0
art_d94e88c3e702f017,markdown/text,ROOKIE_SEASON_AND_MULTI_YEAR_OUTCOME,SUPPORTING_EVIDENCE,,LIVE_HQ,loc_654a2aabb30960b7cc23598d,,,,false,true,NO_DUPLICATE_FLAG,NOT_SUPERSEDED,SEPARATE_LEDGER_CONTROLS,REGISTERED_METADATA_ONLY,SOURCE_INVENTORY_SHA256_RECORDED,edea1a6cc1aa6e7fb6140c12b4ea08e71cc60a8f34126eb86b956147ecb03858,N/A,markdown/text,packet-specific immutable runs; some local receipts only,multiple scoring/rank systems conflict; position-threshold applicability must be explicit,1.0.0
art_d96857792484807e,markdown/text,ROOKIE_SEASON_AND_MULTI_YEAR_OUTCOME,SUPPORTING_EVIDENCE,,LIVE_HQ,loc_8827edccceca52107b4ac384,,,,false,true,NO_DUPLICATE_FLAG,NOT_SUPERSEDED,SEPARATE_LEDGER_CONTROLS,REGISTERED_METADATA_ONLY,SOURCE_INVENTORY_SHA256_RECORDED,a0b2eb782a9acf6c1283eafd73aca8ba795c36471995caa6a3540dabcf7b267a,N/A,markdown/text,packet-specific immutable runs; some local receipts only,multiple scoring/rank systems conflict; position-threshold applicability must be explicit,1.0.0
art_da2b3a6120d98ff1,scoreboard_window|formula_id|miss_type|position|role_archetype|miss_rows|share_of_formula_position_misses,LATER_OUTCOME_RESEARCH,SUPPORTING_EVIDENCE,,LIVE_HQ,loc_21ab58a2743daf55cfd854fe,,,,false,true,NO_DUPLICATE_FLAG,NOT_SUPERSEDED,SEPARATE_LEDGER_CONTROLS,REGISTERED_METADATA_ONLY,SOURCE_INVENTORY_SHA256_RECORDED,f91043021de68429d39dcd954af706f366a5ec0781151b534c481cd14181ff91,96,scoreboard_window|formula_id|miss_type|position|role_archetype|miss_rows|share_of_formula_position_misses,July 9 2026 research snapshots,authority is limited to the artifact's documented scope,1.0.0
art_da3abbb45f51d404,lane|verdict|key_result|final_status,LATER_OUTCOME_RESEARCH,SUPPORTING_EVIDENCE,,LIVE_HQ,loc_1495e4ad07071ca1bb6d863d,,,,false,true,NO_DUPLICATE_FLAG,NOT_SUPERSEDED,SEPARATE_LEDGER_CONTROLS,REGISTERED_METADATA_ONLY,SOURCE_INVENTORY_SHA256_RECORDED,5a4749b8adc6c20062701bbaf550ee79375ab56bd6e42a8f1c199f8623748508,10,lane|verdict|key_result|final_status,July 9 2026 research snapshots,authority is limited to the artifact's documented scope,1.0.0
art_db228ecf61801682,markdown/text,ROOKIE_SEASON_AND_MULTI_YEAR_OUTCOME,SUPPORTING_EVIDENCE,,LIVE_HQ,loc_72d5e55a897fa04db35467e6,,,,false,true,NO_DUPLICATE_FLAG,NOT_SUPERSEDED,SEPARATE_LEDGER_CONTROLS,REGISTERED_METADATA_ONLY,SOURCE_INVENTORY_SHA256_RECORDED,49aa10c446e47f98a2e9d17e274cfb0fbc8e4bd78b14d78d0da65a5260bcaa01,N/A,markdown/text,packet-specific immutable runs; some local receipts only,multiple scoring/rank systems conflict; position-threshold applicability must be explicit,1.0.0
art_db3028e23945391f,scoreboard_window|formula_id|rows_compared|false_positives|false_negatives|total_misses|pyf_false_positives_same_rows|pyf_false_negatives_same_rows|pyf_total_misses_same_rows|pyf_misses_resolved|new_misses_vs_pyf|net_miss_reduction_vs_pyf|false_positive_reduction_vs_pyf|false_negative_reduction_vs_pyf|window_comparability,LATER_OUTCOME_RESEARCH,SUPPORTING_EVIDENCE,,LIVE_HQ,loc_f0c78200d9dbba1249aa151d,,,,false,true,NO_DUPLICATE_FLAG,NOT_SUPERSEDED,SEPARATE_LEDGER_CONTROLS,REGISTERED_METADATA_ONLY,SOURCE_INVENTORY_SHA256_RECORDED,b3d71b5520a37f7a876b1016a42c37380db9288f1b31d39c01e80645eca54c31,4,scoreboard_window|formula_id|rows_compared|false_positives|false_negatives|total_misses|pyf_false_positives_same_rows|pyf_false_negatives_same_rows|pyf_total_misses_same_rows|pyf_misses_resolved|new_misses_vs_pyf|net_miss_reduction_vs_pyf|false_positive_reduction_vs_pyf|false_negative_reduction_vs_pyf|window_comparability,July 9 2026 research snapshots,authority is limited to the artifact's documented scope,1.0.0
art_db7e8834b051227e,markdown/text,PROTECTED_FROZEN_GOVERNANCE,CANONICAL_REVIEW_ONLY,,LIVE_HQ,loc_185bfb2671b55daed9d2354e,,,,true,false,NO_DUPLICATE_FLAG,NOT_SUPERSEDED,SEPARATE_LEDGER_CONTROLS,REGISTERED_METADATA_ONLY,SOURCE_INVENTORY_SHA256_RECORDED,2117d16ff7ca80b48306fb865d6e8aa98ca16f7482292feb307275bf0c6ef6f1,N/A,markdown/text,frozen 2026-07-10 before outcomes,authority is limited to the artifact's documented scope,1.0.0
art_db817cab8eb37543,markdown/text,ROOKIE_SEASON_AND_MULTI_YEAR_OUTCOME,SUPPORTING_EVIDENCE,,LIVE_HQ,loc_7f52a343684a10b40028ff4c,,,,false,true,NO_DUPLICATE_FLAG,NOT_SUPERSEDED,SEPARATE_LEDGER_CONTROLS,REGISTERED_METADATA_ONLY,SOURCE_INVENTORY_SHA256_RECORDED,1b94ca50fe1c7f0efbfcf58604aebddb9622957ddaf2f724fbd8b7870b7b1dde,N/A,markdown/text,packet-specific immutable runs; some local receipts only,multiple scoring/rank systems conflict; position-threshold applicability must be explicit,1.0.0
art_db9fb4e2f2c3226c,markdown/text,PRE_DRAFT_AND_TIMING_GOVERNANCE,SUPPORTING_EVIDENCE,,LIVE_HQ,loc_60d9cd10ac934ef290710698,,,,false,true,NO_DUPLICATE_FLAG,NOT_SUPERSEDED,SEPARATE_LEDGER_CONTROLS,REGISTERED_METADATA_ONLY,SOURCE_INVENTORY_SHA256_RECORDED,1965fe2624081586762c3740dce089f396ae090b789914c3a394030f0a9706d4,N/A,markdown/text,as-of policy present; zero experiment-ready player/feature rows,authority is limited to the artifact's documented scope,1.0.0
art_dba3abbca7825b0a,markdown/text,ROOKIE_SEASON_AND_MULTI_YEAR_OUTCOME,SUPPORTING_EVIDENCE,,LIVE_HQ,loc_b467b3dbf774252cfbde3b0d,,,,false,true,NO_DUPLICATE_FLAG,NOT_SUPERSEDED,SEPARATE_LEDGER_CONTROLS,REGISTERED_METADATA_ONLY,SOURCE_INVENTORY_SHA256_RECORDED,13b01e0813b0b6940a0cd8a52d734adfee8faa834b240dc83efd43430f869cc8,N/A,markdown/text,packet-specific immutable runs; some local receipts only,multiple scoring/rank systems conflict; position-threshold applicability must be explicit,1.0.0
art_dbc1f19c7652205c,markdown/text,ROOKIE_SEASON_AND_MULTI_YEAR_OUTCOME,SUPPORTING_EVIDENCE,,LIVE_HQ,loc_169d41914a904eb0b0c2dd3f,,,,false,true,NO_DUPLICATE_FLAG,NOT_SUPERSEDED,SEPARATE_LEDGER_CONTROLS,REGISTERED_METADATA_ONLY,SOURCE_INVENTORY_SHA256_RECORDED,10ebaa027d1c5845175a82674e5a3e8b231c17a1b88ada759ae0734fd38731cd,N/A,markdown/text,packet-specific immutable runs; some local receipts only,multiple scoring/rank systems conflict; position-threshold applicability must be explicit,1.0.0
art_dcc202d89d8a64c8,metric|value|notes|review_only|display_only|model_use_allowed|training_allowed|rankings_wiring_allowed,DRAFT_EVENT_AND_POST_DRAFT_PRESEASON,SUPERSEDED,,LOCAL_ONLY,loc_c842dcd1811d1be14e0538f2,,,,false,true,NO_DUPLICATE_FLAG,SUPERSEDED_RECORDED,SEPARATE_LEDGER_CONTROLS,REGISTERED_METADATA_ONLY,SOURCE_INVENTORY_SHA256_RECORDED,f0ca8638ad7576f7fbd599326e0b9ef146d33098f15327119e4a5955f9ca729e,13,metric|value|notes|review_only|display_only|model_use_allowed|training_allowed|rankings_wiring_allowed,June 29-30 2026; no uniform row-level source timestamp,published counts may be duplicate-inflated; three distinct current records have no stable candidate ID; not tracked at live HQ HEAD,1.0.0
art_dcfe3d5c9519d69d,issue_id|severity|page_or_area|issue|evidence|recommended_fix|blocks_acceptance|notes,PRODUCT_CONSUMER,SUPPORTING_EVIDENCE,,LIVE_HQ,loc_78776a4e1da4cee1402cbfbf,,,,false,true,NO_DUPLICATE_FLAG,NOT_SUPERSEDED,SEPARATE_LEDGER_CONTROLS,REGISTERED_METADATA_ONLY,SOURCE_INVENTORY_SHA256_RECORDED,22388cb7d70fd188f04042262c0c6886699e556181d795929575945b4c46fc36,4,issue_id|severity|page_or_area|issue|evidence|recommended_fix|blocks_acceptance|notes,live HQ at starting commit,authority is limited to the artifact's documented scope,1.0.0
art_dd29b51e78233828,markdown/text,ROOKIE_SEASON_AND_MULTI_YEAR_OUTCOME,SUPPORTING_EVIDENCE,,LOCAL_ONLY,loc_e70809bc4e1603e0a1dd347a,,,,false,true,NO_DUPLICATE_FLAG,NOT_SUPERSEDED,SEPARATE_LEDGER_CONTROLS,REGISTERED_METADATA_ONLY,SOURCE_INVENTORY_SHA256_RECORDED,9a236913efece3d94598d8a972e2005506c4eab0de8794b775b4cf8695a5cec2,N/A,markdown/text,packet-specific 2026 receipts,not tracked at live HQ HEAD,1.0.0
art_ddbb2992796cd0cb,markdown/text,ROOKIE_SEASON_AND_MULTI_YEAR_OUTCOME,SUPERSEDED,,LIVE_HQ,loc_cf81a29ec600b97c95c08be6,,,,false,true,NO_DUPLICATE_FLAG,SUPERSEDED_RECORDED,SEPARATE_LEDGER_CONTROLS,REGISTERED_METADATA_ONLY,SOURCE_INVENTORY_SHA256_RECORDED,eeb091ecb785d3c8df54cc8213370a76023584c311fdc8662eb860fa18c75a93,N/A,markdown/text,local run 2026-06-29; latest factual outcome season 2024,drafted-only; link availability differs from usable value availability; incomplete windows are censored,1.0.0
art_ddfcca5feb7aedf9,markdown/text,CROSS_LIFECYCLE_IDENTITY,SUPPORTING_EVIDENCE,,LIVE_HQ,loc_b2603fbdb5efd01f22dd4de8,,,,false,true,NO_DUPLICATE_FLAG,NOT_SUPERSEDED,SEPARATE_LEDGER_CONTROLS,REGISTERED_METADATA_ONLY,SOURCE_INVENTORY_SHA256_RECORDED,3b31c898576f00df9a5c279bdc5724184b07fcd64e07067c0efda64e6ed8027f,N/A,markdown/text,June 23-30 2026 snapshots,authority is limited to the artifact's documented scope,1.0.0
art_de4b7aa81b4fbca2,py,LATER_OUTCOME_RESEARCH,SUPPORTING_EVIDENCE,,LIVE_HQ,loc_5c85d193980c4df35cd46a6b,,,,false,true,NO_DUPLICATE_FLAG,NOT_SUPERSEDED,SEPARATE_LEDGER_CONTROLS,REGISTERED_METADATA_ONLY,SOURCE_INVENTORY_SHA256_RECORDED,eb8066a38bb05cded46719bc532b7c1467215cdd29e0bcb3ad869fecbf2ff75e,N/A,py,July 9 2026 research snapshots,authority is limited to the artifact's documented scope,1.0.0
art_de9067d67032d1cd,finding_id|classification|area|current_risk|safe_action|status,PRODUCT_CONSUMER,SUPPORTING_EVIDENCE,,LIVE_HQ,loc_2eb12d42be523442f18dc7ea,,,,false,true,NO_DUPLICATE_FLAG,NOT_SUPERSEDED,SEPARATE_LEDGER_CONTROLS,REGISTERED_METADATA_ONLY,SOURCE_INVENTORY_SHA256_RECORDED,255d4624a77a4d9d82cf2086bd5768aa6243f7b79257448aec39e4e29920831a,9,finding_id|classification|area|current_risk|safe_action|status,live HQ at starting commit,authority is limited to the artifact's documented scope,1.0.0
art_defe1efdfc97f909,markdown/text,ROOKIE_SEASON_AND_MULTI_YEAR_OUTCOME,SUPPORTING_EVIDENCE,,LIVE_HQ,loc_110fadcc4da9ebc57c87e24a,,,,false,true,NO_DUPLICATE_FLAG,NOT_SUPERSEDED,SEPARATE_LEDGER_CONTROLS,REGISTERED_METADATA_ONLY,SOURCE_INVENTORY_SHA256_RECORDED,3e7cfc5e6f7c6829c12062405b2cb6f453cc7613ef86ffd347ce5912f7773cd3,N/A,markdown/text,packet-specific immutable runs; some local receipts only,multiple scoring/rank systems conflict; position-threshold applicability must be explicit,1.0.0
art_dfa6c86371ff48f3,markdown/text,DRAFT_EVENT,SUPPORTING_EVIDENCE,,LIVE_HQ,loc_4261c9752f200d2a927b60e4,,,,false,true,NO_DUPLICATE_FLAG,NOT_SUPERSEDED,SEPARATE_LEDGER_CONTROLS,REGISTERED_METADATA_ONLY,SOURCE_INVENTORY_SHA256_RECORDED,99976b6b0b2a49c7966f6a62f082bef2868da90139a6bd29dacd66ddc5841894,N/A,markdown/text,June 30 2026 packet snapshots,likely/confirmed-review-only must not be treated as verified undrafted truth,1.0.0
art_e00dc99deed8f730,metric|value|notes,CROSS_LIFECYCLE_IDENTITY,IDENTITY_UNRESOLVED,,LIVE_HQ,loc_53b8e19f0ef99f7b82635fda,,,,false,true,NO_DUPLICATE_FLAG,NOT_SUPERSEDED,SEPARATE_LEDGER_CONTROLS,REGISTERED_METADATA_ONLY,SOURCE_INVENTORY_SHA256_RECORDED,31fd90126bdcac115bb2df20f35db9cd723e508f4895361754774cbb1438afde,16,metric|value|notes,2026-06-26 to 2026-06-29 review snapshots,human review approval is review-only; normalized name/position is not controlling identity,1.0.0
art_e045542f6ea69baf,markdown/text,ROOKIE_SEASON_AND_MULTI_YEAR_OUTCOME,SUPPORTING_EVIDENCE,,LIVE_HQ,loc_f1a7e950790fdf53d7837b80,,,,false,true,NO_DUPLICATE_FLAG,NOT_SUPERSEDED,SEPARATE_LEDGER_CONTROLS,REGISTERED_METADATA_ONLY,SOURCE_INVENTORY_SHA256_RECORDED,47cce86b966ef6a2cdc21a4bc7b6bddc7e9a398f8d6672cb60686eb4f27686ca,N/A,markdown/text,packet-specific immutable runs; some local receipts only,multiple scoring/rank systems conflict; position-threshold applicability must be explicit,1.0.0
art_e046e34bdc4e6beb,markdown/text,PRE_DRAFT_TO_MULTI_YEAR_LEGACY,SUPPORTING_EVIDENCE,,LIVE_HQ,loc_9803d006d49ac0043223bf8a,,,,false,true,NO_DUPLICATE_FLAG,NOT_SUPERSEDED,SEPARATE_LEDGER_CONTROLS,REGISTERED_METADATA_ONLY,SOURCE_INVENTORY_SHA256_RECORDED,b9c12af9fc9b1bde87d04151ddd608bce60e08ab4f8c5fd71b109dcaaff9eb71,N/A,markdown/text,legacy baseline; superseded by June 29-30 review-only gates,legacy source/use claims are superseded; provider content and name-key joins are restricted,1.0.0
art_e05c82439393c972,player_id|player_name|position|cfbd_identity_approval_status|human_decision|draft_year|draft_round|overall_pick|drafted_team|udfa_status|nfl_entry_status|rookie_class_year|age_at_draft|source_file|source_status|source_provenance|data_quality_status|review_only|model_use_allowed|training_allowed|blocker_reason,DRAFT_EVENT,DUPLICATE_EQUIVALENT,,LIVE_HQ,loc_57e6801365c338e468e86bfa,,,,false,true,DUPLICATE_RECORDED,SUPERSEDED_RECORDED,SEPARATE_LEDGER_CONTROLS,REGISTERED_METADATA_ONLY,SOURCE_INVENTORY_SHA256_RECORDED,9764f80727abff2b4655500abadda3e9fdbb38b9ae31b16ef96bb56c96d16627,157,player_id|player_name|position|cfbd_identity_approval_status|human_decision|draft_year|draft_round|overall_pick|drafted_team|udfa_status|nfl_entry_status|rookie_class_year|age_at_draft|source_file|source_status|source_provenance|data_quality_status|review_only|model_use_allowed|training_allowed|blocker_reason,static completed draft events; source timestamps/receipt IDs incomplete in several derivatives,contains 50 exact duplicate row groups / 50 excess rows; no dedup performed; positive draft facts only; missing draft evidence remains unknown; current name+position joins are review-only,1.0.0
art_e06bd7baa123e020,markdown/text,LATER_OUTCOME_RESEARCH,SUPPORTING_EVIDENCE,,LIVE_HQ,loc_76ffd9f86c34a6d392c556eb,,,,false,true,NO_DUPLICATE_FLAG,NOT_SUPERSEDED,SEPARATE_LEDGER_CONTROLS,REGISTERED_METADATA_ONLY,SOURCE_INVENTORY_SHA256_RECORDED,4609fe12b2f443dbba1587d76e03b48057a3d5ff48c4589e0ff37267a0070100,N/A,markdown/text,July 9 2026 research snapshots,authority is limited to the artifact's documented scope,1.0.0
art_e07d0dced24e6236,markdown/text,ROOKIE_SEASON_AND_MULTI_YEAR_OUTCOME,SUPPORTING_EVIDENCE,,LIVE_HQ,loc_b1bdb557c20265ddb63f3e78,,,,false,true,NO_DUPLICATE_FLAG,NOT_SUPERSEDED,SEPARATE_LEDGER_CONTROLS,REGISTERED_METADATA_ONLY,SOURCE_INVENTORY_SHA256_RECORDED,45b81b8cb49a4ab370c418005213b810f4427e56ca4d7b3a6d6eb2b255daedd2,N/A,markdown/text,local run 2026-06-29; latest factual outcome season 2024,drafted-only; link availability differs from usable value availability; incomplete windows are censored,1.0.0
art_e0a0ee8b29bacffb,markdown/text,CROSS_LIFECYCLE,SUPPORTING_EVIDENCE,,LIVE_HQ,loc_4a8eb0b8bae503741c0707f7,,,,false,true,NO_DUPLICATE_FLAG,NOT_SUPERSEDED,SEPARATE_LEDGER_CONTROLS,REGISTERED_METADATA_ONLY,SOURCE_INVENTORY_SHA256_RECORDED,10f56b50599c8156aefa1a99d528f2698da276b95d50726d224db2ab9b1c72b0,N/A,markdown/text,packet-specific snapshot,authority is limited to the artifact's documented scope,1.0.0
art_e16266595a31641e,markdown/text,ROOKIE_SEASON_AND_MULTI_YEAR_OUTCOME,SUPPORTING_EVIDENCE,,LIVE_HQ,loc_9c1e338df7aaaac51583c7fd,,,,false,true,NO_DUPLICATE_FLAG,NOT_SUPERSEDED,SEPARATE_LEDGER_CONTROLS,REGISTERED_METADATA_ONLY,SOURCE_INVENTORY_SHA256_RECORDED,693f66ab473218ea453163a621b82a58d73b03e0e3bbc18ff0278703a80bc62c,N/A,markdown/text,packet-specific 2026 receipts,authority is limited to the artifact's documented scope,1.0.0
art_e16a67814012b607,markdown/text,ROOKIE_SEASON_AND_MULTI_YEAR_OUTCOME,SUPPORTING_EVIDENCE,,LIVE_HQ,loc_189d1c9f01068c97ca8bdb84,,,,false,true,NO_DUPLICATE_FLAG,NOT_SUPERSEDED,SEPARATE_LEDGER_CONTROLS,REGISTERED_METADATA_ONLY,SOURCE_INVENTORY_SHA256_RECORDED,2092aa8266621f55e63d8adc767567bc28afd97b9f86195cf7ddf6831dc4ab2f,N/A,markdown/text,packet-specific immutable runs; some local receipts only,multiple scoring/rank systems conflict; position-threshold applicability must be explicit,1.0.0
art_e1bbb00d660b804d,player_id|player_name|position|team|rookie_pre_nfl_flag|no_usable_nfl_history_flag|rookie_bridge_score|rookie_bridge_rank|draft_capital_bucket|draft_capital_score|rookie_source_status|rookie_identity_status|nearest_veteran_player_id|nearest_veteran_player_name|nearest_veteran_position|nearest_veteran_position_rank|nearest_veteran_overall_rank|nearest_veteran_normalized_score|rookie_comparison_caveat,CROSS_LIFECYCLE_REVIEW_SIMULATION,LOCAL_ONLY_RESTRICTED,,OFF_HQ_BRANCH_ONLY,loc_b5085ea60eeeaa5a806a54bc,,,,false,true,NO_DUPLICATE_FLAG,NOT_SUPERSEDED,NO_RECREATE_REQUIRED,REGISTERED_METADATA_ONLY,SOURCE_INVENTORY_SHA256_RECORDED,812a5ab580a2715a51b7c5221f35db79cd0541160d061582c8c462ff29b452d8,32,player_id|player_name|position|team|rookie_pre_nfl_flag|no_usable_nfl_history_flag|rookie_bridge_score|rookie_bridge_rank|draft_capital_bucket|draft_capital_score|rookie_source_status|rookie_identity_status|nearest_veteran_player_id|nearest_veteran_player_name|nearest_veteran_position|nearest_veteran_position_rank|nearest_veteran_overall_rank|nearest_veteran_normalized_score|rookie_comparison_caveat,off-HQ commit 2026-07-09; not ancestor of live HQ,"Off-HQ Git object is retained for audit discovery and no-recreate protection only; active evidence, migration, ranking, formula, training, production, and runtime use are blocked.",1.0.0
art_e1fbe36378f6d61a,position|likely_udfa_or_nondrafted_count|matched_to_depth_chart_count|high_depth_chart_watchlist_candidate_count|identity_blocker_count|missing_depth_chart_data_count|feasible_for_review_watchlist|blocker_reason|notes,DRAFT_EVENT,SUPPORTING_EVIDENCE,,LIVE_HQ,loc_7672d8d87f4d30616730ef42,,,,false,true,NO_DUPLICATE_FLAG,NOT_SUPERSEDED,SEPARATE_LEDGER_CONTROLS,REGISTERED_METADATA_ONLY,SOURCE_INVENTORY_SHA256_RECORDED,99b8727871b5d902df8eee59f55eee76eddb942734800170129050ae0c3acad2,2,position|likely_udfa_or_nondrafted_count|matched_to_depth_chart_count|high_depth_chart_watchlist_candidate_count|identity_blocker_count|missing_depth_chart_data_count|feasible_for_review_watchlist|blocker_reason|notes,June 30 2026 packet snapshots,likely/confirmed-review-only must not be treated as verified undrafted truth,1.0.0
art_e22b354d7bbbf10a,markdown/text,ROOKIE_SEASON_AND_MULTI_YEAR_OUTCOME,SUPPORTING_EVIDENCE,,LIVE_HQ,loc_edf325d825b12bf5344cd753,,,,false,true,NO_DUPLICATE_FLAG,NOT_SUPERSEDED,SEPARATE_LEDGER_CONTROLS,REGISTERED_METADATA_ONLY,SOURCE_INVENTORY_SHA256_RECORDED,42b0f6f36c90bf82262075708ff394d0602ee4af88ba080dfaaaef398807bfb0,N/A,markdown/text,packet-specific immutable runs; some local receipts only,multiple scoring/rank systems conflict; position-threshold applicability must be explicit,1.0.0
art_e299216fc97a0552,py,CROSS_LIFECYCLE,SUPPORTING_EVIDENCE,,LIVE_HQ,loc_241ec7d4270c26a3f7d9f33a,,,,false,true,NO_DUPLICATE_FLAG,NOT_SUPERSEDED,SEPARATE_LEDGER_CONTROLS,REGISTERED_METADATA_ONLY,SOURCE_INVENTORY_SHA256_RECORDED,8d57346a265c72434125a9643af70ac9600347005fb012e0a1161fdb18e679b7,N/A,py,packet-specific snapshot,authority is limited to the artifact's documented scope,1.0.0
art_e2a324f884c57fd3,markdown/text,DRAFT_EVENT,SUPPORTING_EVIDENCE,,LIVE_HQ,loc_1b7d144f86ed1c83f91a6cbf,,,,false,true,NO_DUPLICATE_FLAG,NOT_SUPERSEDED,SEPARATE_LEDGER_CONTROLS,REGISTERED_METADATA_ONLY,SOURCE_INVENTORY_SHA256_RECORDED,200797b1d683cf03ad74425e737d46bbef1567b7dafee5b7625303077fd6461b,N/A,markdown/text,static completed draft events; source timestamps/receipt IDs incomplete in several derivatives,positive draft facts only; missing draft evidence remains unknown; current name+position joins are review-only,1.0.0
art_e31a9a8fd7827b51,py,CROSS_LIFECYCLE,SUPPORTING_EVIDENCE,,LIVE_HQ,loc_200dc1323749eb9319d18ecd,,,,false,true,NO_DUPLICATE_FLAG,NOT_SUPERSEDED,SEPARATE_LEDGER_CONTROLS,REGISTERED_METADATA_ONLY,SOURCE_INVENTORY_SHA256_RECORDED,49480948a0ed953267bfeca220686215e8186a0bc93e44d11790e1edfc45723d,N/A,py,packet-specific snapshot,authority is limited to the artifact's documented scope,1.0.0
art_e3c40521fc646a9b,ps1,CROSS_LIFECYCLE,SUPPORTING_EVIDENCE,,LIVE_HQ,loc_79706e991709ad51cfccf84d,,,,false,true,NO_DUPLICATE_FLAG,NOT_SUPERSEDED,SEPARATE_LEDGER_CONTROLS,REGISTERED_METADATA_ONLY,SOURCE_INVENTORY_SHA256_RECORDED,075cf56e02ec0d09b4a71b11d230cac1e6b042afdc532eda99ac75f2539cafe7,N/A,ps1,packet-specific snapshot,authority is limited to the artifact's documented scope,1.0.0
art_e3d055fa8ca8fe9b,nwr_player_id|sleeper_id|gsis_id|player_name|position|team|eligibility_status|identity_status|feature_coverage_status|scoring_mode|outcome_v2_version|as_of_context|this_year_definition|display_only|model_use_allowed|training_allowed|source_truth_allowed|market_used_as_input|dynastyprocess_used_as_input|adp_used_as_input|cfbd_used_as_input|data_coverage_status|availability_context_status|caveat_summary|validated_field_status|QB T6 This Year|QB T12 This Year|QB T6 Next Year|QB T12 Next Year|QB T6 Within 5Y|...(+29 columns),ROOKIE_SEASON_AND_MULTI_YEAR_OUTCOME,SUPPORTING_EVIDENCE,,LIVE_HQ,loc_52dbd2331e933478180d8691,,,,false,true,NO_DUPLICATE_FLAG,NOT_SUPERSEDED,SEPARATE_LEDGER_CONTROLS,REGISTERED_METADATA_ONLY,SOURCE_INVENTORY_SHA256_RECORDED,679f353dabeeae216b51e1592eeb1e750b9a2e0dffbd69ced7259587914d4a79,240,nwr_player_id|sleeper_id|gsis_id|player_name|position|team|eligibility_status|identity_status|feature_coverage_status|scoring_mode|outcome_v2_version|as_of_context|this_year_definition|display_only|model_use_allowed|training_allowed|source_truth_allowed|market_used_as_input|dynastyprocess_used_as_input|adp_used_as_input|cfbd_used_as_input|data_coverage_status|availability_context_status|caveat_summary|validated_field_status|QB T6 This Year|QB T12 This Year|QB T6 Next Year|QB T12 Next Year|QB T6 Within 5Y|...(+29 columns),packet-specific immutable runs; some local receipts only,multiple scoring/rank systems conflict; position-threshold applicability must be explicit,1.0.0
art_e430ccbac279520c,season|position|rows,ROOKIE_SEASON_AND_MULTI_YEAR_OUTCOME,SUPPORTING_EVIDENCE,,LOCAL_ONLY,loc_960df1b4f0174d4bfd3f86f5,,,,false,true,NO_DUPLICATE_FLAG,NOT_SUPERSEDED,SEPARATE_LEDGER_CONTROLS,REGISTERED_METADATA_ONLY,SOURCE_INVENTORY_SHA256_RECORDED,6a131b15aaafb6dddc04be6ca6809a93cdc74e3387dc6e60ecf64e3d634af4ea,100,season|position|rows,packet-specific immutable runs; some local receipts only,multiple scoring/rank systems conflict; position-threshold applicability must be explicit; not tracked at live HQ HEAD,1.0.0
art_e45f9ef5ccb173b0,draft_year|prospect_id|player_name|position|school|as_of_date|source|draft_capital_score|age_trajectory_score|production_score|efficiency_score|target_earning_score|rushing_profile_score|receiving_role_score|athleticism_score|lve_position_fit_score|confidence_score|source_notes,PRE_DRAFT_TO_MULTI_YEAR_LEGACY,SUPERSEDED,,LIVE_HQ,loc_d2be797e2c8f3d8d48741386,,,,false,true,NO_DUPLICATE_FLAG,SUPERSEDED_RECORDED,SEPARATE_LEDGER_CONTROLS,REGISTERED_METADATA_ONLY,SOURCE_INVENTORY_SHA256_RECORDED,564797ac8946851a22b6b3605697e13d4ba57a1383e51344f7b22961df0d6860,0,draft_year|prospect_id|player_name|position|school|as_of_date|source|draft_capital_score|age_trajectory_score|production_score|efficiency_score|target_earning_score|rushing_profile_score|receiving_role_score|athleticism_score|lve_position_fit_score|confidence_score|source_notes,legacy baseline; superseded by June 29-30 review-only gates,legacy source/use claims are superseded; provider content and name-key joins are restricted,1.0.0
art_e464985978a2bd38,markdown/text,PRE_DRAFT,SUPPORTING_EVIDENCE,,LIVE_HQ,loc_415a3de6b2b91527f8c6f155,,,,false,true,NO_DUPLICATE_FLAG,NOT_SUPERSEDED,SEPARATE_LEDGER_CONTROLS,REGISTERED_METADATA_ONLY,SOURCE_INVENTORY_SHA256_RECORDED,29f957d05433121d7e6341b511f3232b21c30656ffbef9d0ab77cd620340e575,N/A,markdown/text,June 30 2026; measurement source timestamp incomplete,authority is limited to the artifact's documented scope,1.0.0
art_e4692769481b5195,markdown/text,DRAFT_EVENT,SUPPORTING_EVIDENCE,,LIVE_HQ,loc_c81fa83f6c086ff22493c76e,,,,false,true,NO_DUPLICATE_FLAG,NOT_SUPERSEDED,SEPARATE_LEDGER_CONTROLS,REGISTERED_METADATA_ONLY,SOURCE_INVENTORY_SHA256_RECORDED,0326a2942008d2392462b8aa76c77294c2ef7daf8be673cb6e2734c5ad3541c6,N/A,markdown/text,June 30 2026 packet snapshots,likely/confirmed-review-only must not be treated as verified undrafted truth,1.0.0
art_e4830e66e19757f1,markdown/text,ROOKIE_SEASON_AND_MULTI_YEAR_OUTCOME,SUPPORTING_EVIDENCE,,LIVE_HQ,loc_109a3b26bf9588fb141c6782,,,,false,true,NO_DUPLICATE_FLAG,NOT_SUPERSEDED,SEPARATE_LEDGER_CONTROLS,REGISTERED_METADATA_ONLY,SOURCE_INVENTORY_SHA256_RECORDED,d0c6d7aad9ca0fad3e2a1292b00d4f6ceafdb5cbc1cbc8e984704797035186af,N/A,markdown/text,packet-specific immutable runs; some local receipts only,multiple scoring/rank systems conflict; position-threshold applicability must be explicit,1.0.0
art_e48924816fa5e14d,py,DRAFT_EVENT,SUPPORTING_EVIDENCE,,LIVE_HQ,loc_a3398edd7ae3edace936d31b,,,,false,true,NO_DUPLICATE_FLAG,NOT_SUPERSEDED,SEPARATE_LEDGER_CONTROLS,REGISTERED_METADATA_ONLY,SOURCE_INVENTORY_SHA256_RECORDED,8e3656d07ab6207fd546ea9376478b5c79ef85a70263c8a29ba91bb28b2dfbe6,N/A,py,static completed draft events; source timestamps/receipt IDs incomplete in several derivatives,positive draft facts only; missing draft evidence remains unknown; current name+position joins are review-only,1.0.0
art_e5270308c63b41c0,markdown/text,ROOKIE_SEASON_AND_MULTI_YEAR_OUTCOME,SUPPORTING_EVIDENCE,,LIVE_HQ,loc_32c2a0586200c0474d11bce9,,,,false,true,NO_DUPLICATE_FLAG,NOT_SUPERSEDED,SEPARATE_LEDGER_CONTROLS,REGISTERED_METADATA_ONLY,SOURCE_INVENTORY_SHA256_RECORDED,968488c6186d82d225c242560f219637ac47ba823b04f0aa559609e39690873b,N/A,markdown/text,packet-specific immutable runs; some local receipts only,multiple scoring/rank systems conflict; position-threshold applicability must be explicit,1.0.0
art_e53b57b6fd9337f2,markdown/text,DRAFT_EVENT,SUPPORTING_EVIDENCE,,LIVE_HQ,loc_4d088e4e80c83014b937be64,,,,false,true,NO_DUPLICATE_FLAG,NOT_SUPERSEDED,SEPARATE_LEDGER_CONTROLS,REGISTERED_METADATA_ONLY,SOURCE_INVENTORY_SHA256_RECORDED,fba9a9eedeb78d57d4e5487d6ade6e7be8cdf828e9b778c4a1ea791523c68c83,N/A,markdown/text,June 30 2026 packet snapshots,likely/confirmed-review-only must not be treated as verified undrafted truth,1.0.0
art_e55ed8952f279dd1,label_family|position|season_or_year|sidecar_source_artifact|label_source_artifact|sidecar_rows|label_rows|matched_players|matched_player_seasons|matched_player_weeks|overlap_status|scoring_parity_status|censoring_parity_status|parity_ready|label_truth_allowed|model_use_allowed|training_allowed|source_truth_allowed|blocker_reason|notes,ROOKIE_SEASON_AND_MULTI_YEAR_OUTCOME,SUPPORTING_EVIDENCE,,LIVE_HQ,loc_66d78d2c2e250de0719a3f0e,,,,false,true,NO_DUPLICATE_FLAG,NOT_SUPERSEDED,SEPARATE_LEDGER_CONTROLS,REGISTERED_METADATA_ONLY,SOURCE_INVENTORY_SHA256_RECORDED,0927ab7da19e886bf951924bb12c927a4d5805a1a632e56c298d7797ab3ee1ef,9,label_family|position|season_or_year|sidecar_source_artifact|label_source_artifact|sidecar_rows|label_rows|matched_players|matched_player_seasons|matched_player_weeks|overlap_status|scoring_parity_status|censoring_parity_status|parity_ready|label_truth_allowed|model_use_allowed|training_allowed|source_truth_allowed|blocker_reason|notes,packet-specific immutable runs; some local receipts only,multiple scoring/rank systems conflict; position-threshold applicability must be explicit,1.0.0
art_e5e272217f284ddc,markdown/text,ROOKIE_SEASON_AND_MULTI_YEAR_OUTCOME,SUPPORTING_EVIDENCE,,LIVE_HQ,loc_e091de32c37341a740e9b07f,,,,false,true,NO_DUPLICATE_FLAG,NOT_SUPERSEDED,SEPARATE_LEDGER_CONTROLS,REGISTERED_METADATA_ONLY,SOURCE_INVENTORY_SHA256_RECORDED,e800d859301f3bc0ed073630147523b7f1779684677279acb1bff8511db8111f,N/A,markdown/text,packet-specific immutable runs; some local receipts only,multiple scoring/rank systems conflict; position-threshold applicability must be explicit,1.0.0
art_e6051c153d56d228,player_name|position|draft_year|draft_round|draft_pick|overall_pick|drafted_team|college|pfr_id|gsis_id|cfb_id|bridge_status|duplicate_flag|blocker_reason,DRAFT_EVENT,SUPPORTING_EVIDENCE,,LIVE_HQ,loc_da54419036ce155f72df82b3,,,,false,true,NO_DUPLICATE_FLAG,NOT_SUPERSEDED,SEPARATE_LEDGER_CONTROLS,REGISTERED_METADATA_ONLY,SOURCE_INVENTORY_SHA256_RECORDED,f3cb3d830c5623b4e9063df3fc3efa670fb980140ec1cd8c03d592e31201d650,1999,player_name|position|draft_year|draft_round|draft_pick|overall_pick|drafted_team|college|pfr_id|gsis_id|cfb_id|bridge_status|duplicate_flag|blocker_reason,June 30 2026 snapshot; source acquisition receipt incomplete,"2,514 likely-UDFA rows are provisional; tracked builder/input receipt is missing; no evidence modified",1.0.0
art_e64c757fb1e5bc2b,markdown/text,DRAFT_EVENT,SUPPORTING_EVIDENCE,,LIVE_HQ,loc_4b95d81fa99793bee58a338e,,,,false,true,NO_DUPLICATE_FLAG,NOT_SUPERSEDED,SEPARATE_LEDGER_CONTROLS,REGISTERED_METADATA_ONLY,SOURCE_INVENTORY_SHA256_RECORDED,d8412c3c63e39458702bea109ac9bd0d20ed76891253c57d4ab6bd72c5992175,N/A,markdown/text,June 30 2026 packet snapshots,likely/confirmed-review-only must not be treated as verified undrafted truth,1.0.0
art_e664db7cc1b2caee,json keys:app_runtime_change_allowed|baseline_freeze|challenger_freeze|correction_policy|current_board_comparator_caveat|feature_season|freeze_timestamp|immutable|inputs|production_model_use_allowed|rankings_integration_allowed|review_only|schema_version|source_promotion_allowed|target_season|verdict,PROTECTED_FROZEN_GOVERNANCE,CANONICAL_REVIEW_ONLY,,LIVE_HQ,loc_6ca214f3112e42b499c02591,,,,true,false,NO_DUPLICATE_FLAG,NOT_SUPERSEDED,SEPARATE_LEDGER_CONTROLS,REGISTERED_METADATA_ONLY,SOURCE_INVENTORY_SHA256_RECORDED,e3138680da27350239e8f0f5dea6b43cd778c3daab979c17fd7ba76280b16d94,N/A,json keys:app_runtime_change_allowed|baseline_freeze|challenger_freeze|correction_policy|current_board_comparator_caveat|feature_season|freeze_timestamp|immutable|inputs|production_model_use_allowed|rankings_integration_allowed|review_only|schema_version|source_promotion_allowed|target_season|verdict,frozen 2026-07-10 before outcomes,authority is limited to the artifact's documented scope,1.0.0
art_e6974f907ee99e58,markdown/text,PRE_DRAFT,SUPPORTING_EVIDENCE,,LIVE_HQ,loc_c12e2795d6a5fb3d11e2a0b5,,,,false,true,NO_DUPLICATE_FLAG,NOT_SUPERSEDED,SEPARATE_LEDGER_CONTROLS,REGISTERED_METADATA_ONLY,SOURCE_INVENTORY_SHA256_RECORDED,959f668a68c6e7fa6d612050769bd664becc45469fb5fbfbf5a5366f72fab686,N/A,markdown/text,June 30 2026; measurement source timestamp incomplete,authority is limited to the artifact's documented scope,1.0.0
art_e6ac8d700a4a3bbe,markdown/text,ROOKIE_SEASON_AND_MULTI_YEAR_OUTCOME,SUPPORTING_EVIDENCE,,LIVE_HQ,loc_5292b9015e2eed32b6037200,,,,false,true,NO_DUPLICATE_FLAG,NOT_SUPERSEDED,SEPARATE_LEDGER_CONTROLS,REGISTERED_METADATA_ONLY,SOURCE_INVENTORY_SHA256_RECORDED,5fe8c30a6b9d6e04c4ae398d45c2156c1f3c5003c6cbdc9faedaf3fc91aa4ae5,N/A,markdown/text,packet-specific 2026 receipts,authority is limited to the artifact's documented scope,1.0.0
art_e6e1b553e1fe701e,markdown/text,PRODUCT_CONSUMER,SUPPORTING_EVIDENCE,,LIVE_HQ,loc_f58cceff5feefc7795b233ed,,,,false,true,NO_DUPLICATE_FLAG,NOT_SUPERSEDED,SEPARATE_LEDGER_CONTROLS,REGISTERED_METADATA_ONLY,SOURCE_INVENTORY_SHA256_RECORDED,c27d973969092c6ef93a0cd6ec9b80349028ec95163cc921a075c5eb3c071684,N/A,markdown/text,live HQ at starting commit,authority is limited to the artifact's documented scope,1.0.0
art_e711f15934795e71,markdown/text,GOVERNANCE,CANONICAL_ADMITTED,,LIVE_HQ,loc_b2f6fb83b0a1b513c17a15c9,,,,true,false,NO_DUPLICATE_FLAG,NOT_SUPERSEDED,SEPARATE_LEDGER_CONTROLS,REGISTERED_METADATA_ONLY,SOURCE_INVENTORY_SHA256_RECORDED,e01ee4b401f6df956a547459112e912f4792b5a6217004084ce58d7449c69fb6,N/A,markdown/text,versioned policy snapshot,authority is limited to the artifact's documented scope,1.0.0
art_e72378cc4b68156b,player_id|player_name|position|team|age|current_nwr_rank|formula_score|position_rank|overall_rank|age_cliff_guardrail_flag|older_lifecycle_bucket|veteran_decline_context_flag|role_loss_warning_flag|low_snap_depth_warning_flag|injury_availability_caveat_flag|prior_production_trap_flag|age_cliff_caveat|age_cliff_not_scoring_overlay_flag|score_changed_by_age_cliff_logic|review_only_status,CROSS_LIFECYCLE_REVIEW_SIMULATION,LOCAL_ONLY_RESTRICTED,,OFF_HQ_BRANCH_ONLY,loc_36d292c9de3637c4bb443415,,,,false,true,NO_DUPLICATE_FLAG,NOT_SUPERSEDED,NO_RECREATE_REQUIRED,REGISTERED_METADATA_ONLY,SOURCE_INVENTORY_SHA256_RECORDED,b66cd89253f57d4ea77d49738e7a99b45a632fe2b72b779bff03fd980322ad86,65,player_id|player_name|position|team|age|current_nwr_rank|formula_score|position_rank|overall_rank|age_cliff_guardrail_flag|older_lifecycle_bucket|veteran_decline_context_flag|role_loss_warning_flag|low_snap_depth_warning_flag|injury_availability_caveat_flag|prior_production_trap_flag|age_cliff_caveat|age_cliff_not_scoring_overlay_flag|score_changed_by_age_cliff_logic|review_only_status,off-HQ commit 2026-07-09; not ancestor of live HQ,"Off-HQ Git object is retained for audit discovery and no-recreate protection only; active evidence, migration, ranking, formula, training, production, and runtime use are blocked.",1.0.0
art_e75caebb89353a4e,artifact|path|rows|display_only|model_use_allowed|training_allowed|blocked_inputs_used|notes,ROOKIE_SEASON_AND_MULTI_YEAR_OUTCOME,SUPPORTING_EVIDENCE,,LOCAL_ONLY,loc_d95ebd2a9ee57459db45506c,,,,false,true,NO_DUPLICATE_FLAG,NOT_SUPERSEDED,SEPARATE_LEDGER_CONTROLS,REGISTERED_METADATA_ONLY,SOURCE_INVENTORY_SHA256_RECORDED,30b7239d3155015dc85063c3bea9e97f2ee14e69256ee4a431e402e0a08716fa,3,artifact|path|rows|display_only|model_use_allowed|training_allowed|blocked_inputs_used|notes,packet-specific immutable runs; some local receipts only,multiple scoring/rank systems conflict; position-threshold applicability must be explicit; not tracked at live HQ HEAD,1.0.0
art_e789f18de17a4328,artifact|rows|source|seasons|scoring_mode|review_only|model_input_allowed|training_allowed|app_wiring_allowed,ROOKIE_SEASON_AND_MULTI_YEAR_OUTCOME,SUPPORTING_EVIDENCE,,LOCAL_ONLY,loc_4c032c4f6ec5c8de8a0b55f1,,,,false,true,NO_DUPLICATE_FLAG,NOT_SUPERSEDED,SEPARATE_LEDGER_CONTROLS,REGISTERED_METADATA_ONLY,SOURCE_INVENTORY_SHA256_RECORDED,31aa5b671194b972314ad8164a204cb49b66a3089eb592f827ad2dcd37b88a9c,3,artifact|rows|source|seasons|scoring_mode|review_only|model_input_allowed|training_allowed|app_wiring_allowed,packet-specific immutable runs; some local receipts only,multiple scoring/rank systems conflict; position-threshold applicability must be explicit; not tracked at live HQ HEAD,1.0.0
art_e7b4d2322cefdaba,py,DRAFT_EVENT,SUPPORTING_EVIDENCE,,LIVE_HQ,loc_9d18a4111ce6d5ac72fd21ef,,,,false,true,NO_DUPLICATE_FLAG,NOT_SUPERSEDED,SEPARATE_LEDGER_CONTROLS,REGISTERED_METADATA_ONLY,SOURCE_INVENTORY_SHA256_RECORDED,4bdc2ef6b49286d47044f2125be95d7a5de87293380adacdcce17a8a79101dae,N/A,py,static completed draft events; source timestamps/receipt IDs incomplete in several derivatives,positive draft facts only; missing draft evidence remains unknown; current name+position joins are review-only,1.0.0
art_e7b691a553e20ede,markdown/text,PRE_DRAFT_TO_MULTI_YEAR_LEGACY,SUPPORTING_EVIDENCE,,LIVE_HQ,loc_d889069f4be505428b77a263,,,,false,true,NO_DUPLICATE_FLAG,NOT_SUPERSEDED,SEPARATE_LEDGER_CONTROLS,REGISTERED_METADATA_ONLY,SOURCE_INVENTORY_SHA256_RECORDED,152932abb68b1d33f2a4347e222209925262d7b970c3f157c197a057aab8b9b8,N/A,markdown/text,legacy baseline; superseded by June 29-30 review-only gates,legacy source/use claims are superseded; provider content and name-key joins are restricted,1.0.0
art_e7c3c7f37c476b77,Position|Seasons Tested|Rows|MAE|RMSE|Spearman|Top-12 Hit|Top-24 Hit|Top-36 Hit|Startable Precision|Trust|Metric Unit|Exact Replay|Benchmark Layer,LATER_OUTCOME_RESEARCH,SUPPORTING_EVIDENCE,,LIVE_HQ,loc_eb97b6328ad55b7de9a18c61,,,,false,true,NO_DUPLICATE_FLAG,NOT_SUPERSEDED,SEPARATE_LEDGER_CONTROLS,REGISTERED_METADATA_ONLY,SOURCE_INVENTORY_SHA256_RECORDED,f7ff9504eda0b0a0ee19f5b4248f1c11a8a70556901a04d6390b3c63b54798fa,4,Position|Seasons Tested|Rows|MAE|RMSE|Spearman|Top-12 Hit|Top-24 Hit|Top-36 Hit|Startable Precision|Trust|Metric Unit|Exact Replay|Benchmark Layer,versioned June-July 2026 review snapshots,review-only; formula work paused; current proxy/zero encodings cannot become evidence truth; retain scoring/window semantics,1.0.0
art_e838a5b18620c108,player_name|position|rookie_class_year|draft_lookup_status|current_entry_status|proposed_review_flag|college_team|cfbd_player_id|identity_status|production_metric_1|production_metric_1_percentile|production_metric_2|production_metric_2_percentile|threshold_basis|why_flagged|blocker_reason|review_only|model_use_allowed|training_allowed,DRAFT_EVENT,SUPPORTING_EVIDENCE,,LIVE_HQ,loc_7839752aaa9d5ae1f73c811d,,,,false,true,NO_DUPLICATE_FLAG,NOT_SUPERSEDED,SEPARATE_LEDGER_CONTROLS,REGISTERED_METADATA_ONLY,SOURCE_INVENTORY_SHA256_RECORDED,b5ab9a87c46cf3a0500705b2381be77f9cebd6feebb795c4e6b4d4b8cab06cb5,0,player_name|position|rookie_class_year|draft_lookup_status|current_entry_status|proposed_review_flag|college_team|cfbd_player_id|identity_status|production_metric_1|production_metric_1_percentile|production_metric_2|production_metric_2_percentile|threshold_basis|why_flagged|blocker_reason|review_only|model_use_allowed|training_allowed,June 30 2026 packet snapshots,likely/confirmed-review-only must not be treated as verified undrafted truth,1.0.0
art_e840c1993d0a88e7,markdown/text,ROOKIE_SEASON_AND_MULTI_YEAR_OUTCOME,SUPPORTING_EVIDENCE,,LIVE_HQ,loc_0e01f798162c34ca26cac8d3,,,,false,true,NO_DUPLICATE_FLAG,NOT_SUPERSEDED,SEPARATE_LEDGER_CONTROLS,REGISTERED_METADATA_ONLY,SOURCE_INVENTORY_SHA256_RECORDED,47e0f5cd9edc9b25384bc8ffc48ebcea47082bab7837f3fb6f9659b5766a8cd2,N/A,markdown/text,packet-specific 2026 receipts,authority is limited to the artifact's documented scope,1.0.0
art_e86da67c04b30d62,markdown/text,ROOKIE_SEASON_AND_MULTI_YEAR_OUTCOME,SUPPORTING_EVIDENCE,,LIVE_HQ,loc_9c0f849649a5c8482280a175,,,,false,true,NO_DUPLICATE_FLAG,NOT_SUPERSEDED,SEPARATE_LEDGER_CONTROLS,REGISTERED_METADATA_ONLY,SOURCE_INVENTORY_SHA256_RECORDED,064dde565371842dfc9a279c671cc04687cf04b98c7fbe157d4006230653b367,N/A,markdown/text,packet-specific immutable runs; some local receipts only,multiple scoring/rank systems conflict; position-threshold applicability must be explicit,1.0.0
art_e88c9e980de80f1b,markdown/text,GOVERNANCE,CANONICAL_ADMITTED,,LIVE_HQ,loc_b22a7a370a9cc99262e553fa,,,,true,false,NO_DUPLICATE_FLAG,NOT_SUPERSEDED,SEPARATE_LEDGER_CONTROLS,REGISTERED_METADATA_ONLY,SOURCE_INVENTORY_SHA256_RECORDED,91c49f5dc5f037372d841027ece56bdb827619ab14cdd089de13864c90418134,N/A,markdown/text,versioned policy snapshot,authority is limited to the artifact's documented scope,1.0.0
art_e8ef6fe028979936,markdown/text,ROOKIE_SEASON_AND_MULTI_YEAR_OUTCOME,SUPPORTING_EVIDENCE,,LIVE_HQ,loc_d8dd5dddaebc703447440eb7,,,,false,true,NO_DUPLICATE_FLAG,NOT_SUPERSEDED,SEPARATE_LEDGER_CONTROLS,REGISTERED_METADATA_ONLY,SOURCE_INVENTORY_SHA256_RECORDED,c2d838b04516e49e5e458b3afe572acbf5e8d365f0b43587b4620af8f4f99d46,N/A,markdown/text,packet-specific immutable runs; some local receipts only,multiple scoring/rank systems conflict; position-threshold applicability must be explicit,1.0.0
art_e8f22dddf2c8254b,markdown/text,LATER_OUTCOME_RESEARCH,SUPPORTING_EVIDENCE,,LIVE_HQ,loc_7c202dbc6325b7d96d6db09d,,,,false,true,NO_DUPLICATE_FLAG,NOT_SUPERSEDED,SEPARATE_LEDGER_CONTROLS,REGISTERED_METADATA_ONLY,SOURCE_INVENTORY_SHA256_RECORDED,4ef06eb98683433b04bedad9bb0b80902483b4d8cf3749ef9731c753bcdf8512,N/A,markdown/text,July 9 2026 research snapshots,authority is limited to the artifact's documented scope,1.0.0
art_e9250c43ba7ec5e0,audit_record_type|total_drafted_rows_in_entry_artifact|total_drafted_bridge_rows|mismatched_draft_round_count|mismatched_draft_pick_count|mismatched_overall_pick_count|mismatched_drafted_team_count|duplicate_player_year_rows|missing_required_draft_capital_rows|player_name|position|draft_year|field_name|entry_value|bridge_value|qa_issue_flag|qa_notes,DRAFT_EVENT,SUPPORTING_EVIDENCE,,LIVE_HQ,loc_b03cb65bc2931f0904cbb70e,,,,false,true,NO_DUPLICATE_FLAG,NOT_SUPERSEDED,SEPARATE_LEDGER_CONTROLS,REGISTERED_METADATA_ONLY,SOURCE_INVENTORY_SHA256_RECORDED,17943168dc8eb416bf9f2648959c0827a9e16ed97771ec1120541ed38ac00217,1,audit_record_type|total_drafted_rows_in_entry_artifact|total_drafted_bridge_rows|mismatched_draft_round_count|mismatched_draft_pick_count|mismatched_overall_pick_count|mismatched_drafted_team_count|duplicate_player_year_rows|missing_required_draft_capital_rows|player_name|position|draft_year|field_name|entry_value|bridge_value|qa_issue_flag|qa_notes,June 30 2026 snapshot; source acquisition receipt incomplete,"2,514 likely-UDFA rows are provisional; tracked builder/input receipt is missing",1.0.0
art_e926efed00f11c33,inventory_version|source_name|source_type|source_stage|raw_path|processed_path|relative_path|file_name|file_extension|file_hash|hash_algorithm|file_size_bytes|csv_rows|csv_columns|csv_header_preview|collected_at|last_modified_utc|license_source_status_note|model_lane_allowed|data_allowed_for_private_value|market_or_projection_exclusion|raw_preserved_freeze_status|manifest_status|safety_status|notes,PRE_DRAFT_TO_MULTI_YEAR_LEGACY,SUPPORTING_EVIDENCE,,LIVE_HQ,loc_f85f3a61d7d9742a1dac396c,,,,false,true,NO_DUPLICATE_FLAG,NOT_SUPERSEDED,SEPARATE_LEDGER_CONTROLS,REGISTERED_METADATA_ONLY,SOURCE_INVENTORY_SHA256_RECORDED,d8a44b0365114122b650341b4cf698db930007bc8aa55819737c12b929507e3c,640,inventory_version|source_name|source_type|source_stage|raw_path|processed_path|relative_path|file_name|file_extension|file_hash|hash_algorithm|file_size_bytes|csv_rows|csv_columns|csv_header_preview|collected_at|last_modified_utc|license_source_status_note|model_lane_allowed|data_allowed_for_private_value|market_or_projection_exclusion|raw_preserved_freeze_status|manifest_status|safety_status|notes,legacy baseline; superseded by June 29-30 review-only gates,legacy source/use claims are superseded; provider content and name-key joins are restricted,1.0.0
art_e952bc2a3b4181bd,markdown/text,PRE_DRAFT_AND_TIMING_GOVERNANCE,SUPPORTING_EVIDENCE,,LIVE_HQ,loc_436035c5de3e5b3665cbf9de,,,,false,true,NO_DUPLICATE_FLAG,NOT_SUPERSEDED,SEPARATE_LEDGER_CONTROLS,REGISTERED_METADATA_ONLY,SOURCE_INVENTORY_SHA256_RECORDED,3c0c27fd60237b7c0add16aa5bb8b96f5fbfcec84b583294e8ecfa1cd3f3b034,N/A,markdown/text,as-of policy present; zero experiment-ready player/feature rows,authority is limited to the artifact's documented scope,1.0.0
art_e95988d73aef0148,markdown/text,ROOKIE_SEASON_AND_MULTI_YEAR_OUTCOME,SUPPORTING_EVIDENCE,,LIVE_HQ,loc_503b7e85a995045af58b188a,,,,false,true,NO_DUPLICATE_FLAG,NOT_SUPERSEDED,SEPARATE_LEDGER_CONTROLS,REGISTERED_METADATA_ONLY,SOURCE_INVENTORY_SHA256_RECORDED,fb547c87820b30e3de5004a770492215dcf5e7389430ad77559e946c9c8417ed,N/A,markdown/text,packet-specific immutable runs; some local receipts only,multiple scoring/rank systems conflict; position-threshold applicability must be explicit,1.0.0
art_e976ec33d9039857,markdown/text,DRAFT_EVENT,SUPPORTING_EVIDENCE,,LIVE_HQ,loc_c33169acf94d74ba9b1e56ae,,,,false,true,NO_DUPLICATE_FLAG,NOT_SUPERSEDED,SEPARATE_LEDGER_CONTROLS,REGISTERED_METADATA_ONLY,SOURCE_INVENTORY_SHA256_RECORDED,870fa8c7b1790c4fd82b386566ef5fd31b73bbfe792f89965f3cd20a2867164c,N/A,markdown/text,June 30 2026 packet snapshots,likely/confirmed-review-only must not be treated as verified undrafted truth,1.0.0
art_e9afaabf471b8e97,markdown/text,ROOKIE_SEASON_AND_MULTI_YEAR_OUTCOME,SUPPORTING_EVIDENCE,,LIVE_HQ,loc_9f84bd13e41b89f336b89fc3,,,,false,true,NO_DUPLICATE_FLAG,NOT_SUPERSEDED,SEPARATE_LEDGER_CONTROLS,REGISTERED_METADATA_ONLY,SOURCE_INVENTORY_SHA256_RECORDED,17ff6d0a188f9204f403759d3ab2db73099139faba79f3c18c2872fc60372afc,N/A,markdown/text,packet-specific 2026 receipts,authority is limited to the artifact's documented scope,1.0.0
art_e9b3468d327ebbb6,markdown/text,DRAFT_EVENT,SUPPORTING_EVIDENCE,,LIVE_HQ,loc_f2635c5d909195abfdd7bbe7,,,,false,true,NO_DUPLICATE_FLAG,NOT_SUPERSEDED,SEPARATE_LEDGER_CONTROLS,REGISTERED_METADATA_ONLY,SOURCE_INVENTORY_SHA256_RECORDED,9b1eb65d952d7b2e20ec41f33c67bdf205417ffea89c11a2b51c0c0b3a4f6ee7,N/A,markdown/text,June 30 2026 packet snapshots,likely/confirmed-review-only must not be treated as verified undrafted truth,1.0.0
art_e9c4957803e47403,markdown/text,LATER_OUTCOME_RESEARCH,SUPPORTING_EVIDENCE,,LIVE_HQ,loc_6b86521f63986039bcf1f25a,,,,false,true,NO_DUPLICATE_FLAG,NOT_SUPERSEDED,SEPARATE_LEDGER_CONTROLS,REGISTERED_METADATA_ONLY,SOURCE_INVENTORY_SHA256_RECORDED,6bc76dbb83b39b5c8c37906f607de5fcdf41d9cd3f186add0e1cfa65b7ccb37f,N/A,markdown/text,July 9 2026 research snapshots,authority is limited to the artifact's documented scope,1.0.0
art_ea5810d116027dad,markdown/text,PRE_DRAFT_AND_TIMING_GOVERNANCE,SUPPORTING_EVIDENCE,,LIVE_HQ,loc_a0d3d3bfb76e98fd7af46536,,,,false,true,NO_DUPLICATE_FLAG,NOT_SUPERSEDED,SEPARATE_LEDGER_CONTROLS,REGISTERED_METADATA_ONLY,SOURCE_INVENTORY_SHA256_RECORDED,ff48ab0764ac0b38d92e0e47e197c247d2840ee7c743c115fad753a4ada74be4,N/A,markdown/text,as-of policy present; zero experiment-ready player/feature rows,authority is limited to the artifact's documented scope,1.0.0
art_ea599efca3dbec42,markdown/text,LATER_OUTCOME_RESEARCH,SUPPORTING_EVIDENCE,,LIVE_HQ,loc_46132aea75de074999ac7863,,,,false,true,NO_DUPLICATE_FLAG,NOT_SUPERSEDED,SEPARATE_LEDGER_CONTROLS,REGISTERED_METADATA_ONLY,SOURCE_INVENTORY_SHA256_RECORDED,ba6afb79aca77ea0b27d877e6156f419e8e958b2a5de049e6af78852fb847ea6,N/A,markdown/text,July 9 2026 research snapshots,authority is limited to the artifact's documented scope,1.0.0
art_eb08c57a4c3e4e51,markdown/text,ROOKIE_SEASON_AND_MULTI_YEAR_OUTCOME,SUPPORTING_EVIDENCE,,LIVE_HQ,loc_595372b446062b8ab8cccc07,,,,false,true,NO_DUPLICATE_FLAG,NOT_SUPERSEDED,SEPARATE_LEDGER_CONTROLS,REGISTERED_METADATA_ONLY,SOURCE_INVENTORY_SHA256_RECORDED,1fb171e7a6a2f7fbf74b6218cedde90bd9601c811a9093a800fdf194a3a72ff8,N/A,markdown/text,packet-specific immutable runs; some local receipts only,multiple scoring/rank systems conflict; position-threshold applicability must be explicit,1.0.0
art_eb9d670e89f0168f,markdown/text,DRAFT_EVENT,SUPPORTING_EVIDENCE,,LIVE_HQ,loc_932ebe2bc00ff3d05efc352b,,,,false,true,NO_DUPLICATE_FLAG,NOT_SUPERSEDED,SEPARATE_LEDGER_CONTROLS,REGISTERED_METADATA_ONLY,SOURCE_INVENTORY_SHA256_RECORDED,4380c03fb72186e83d821b581bd89b4dbdfa057802e3dde1504f868b053f79e1,N/A,markdown/text,static completed draft events; source timestamps/receipt IDs incomplete in several derivatives,positive draft facts only; missing draft evidence remains unknown; current name+position joins are review-only,1.0.0
art_eba1b5ef94a563a6,dataset_name|source_path|scope|availability_status|approved_for_label_build|review_only|model_use_allowed|training_allowed|blocker_reason|safe_next_step,ROOKIE_SEASON_AND_MULTI_YEAR_OUTCOME,SUPERSEDED,,LIVE_HQ,loc_49c9adc25a66ed0bb5e6d302,,,,false,true,NO_DUPLICATE_FLAG,SUPERSEDED_RECORDED,SEPARATE_LEDGER_CONTROLS,REGISTERED_METADATA_ONLY,SOURCE_INVENTORY_SHA256_RECORDED,e3250e69e4a395d0bf4c05415a2ca4b4fe75cd140aa40b5547c0d0f83644b444,3,dataset_name|source_path|scope|availability_status|approved_for_label_build|review_only|model_use_allowed|training_allowed|blocker_reason|safe_next_step,local run 2026-06-29; latest factual outcome season 2024,drafted-only; link availability differs from usable value availability; incomplete windows are censored,1.0.0
art_ebc8be1731cf100a,player_name|position|team|nwr_player_id|approved_nflverse_id|approved_gsis_id|approved_pfr_id|human_decision|approved_by_human|approval_scope|approval_evidence|candidate_id_requirement_status|join_key_status|apply_status|review_only|display_only|model_use_allowed|training_allowed|source_truth_allowed|rank_logic_allowed|hidden_sort_allowed|trade_value_allowed|pick_value_allowed|source_decision_sheet|notes,CROSS_LIFECYCLE_IDENTITY,SUPPORTING_EVIDENCE,,LIVE_HQ,loc_77604ec01c4c943dfd1f6e5a,,,,false,true,NO_DUPLICATE_FLAG,NOT_SUPERSEDED,SEPARATE_LEDGER_CONTROLS,REGISTERED_METADATA_ONLY,SOURCE_INVENTORY_SHA256_RECORDED,8daf0c781b7d367b7ee789819b5d712d4636983c21330ece14c9fb88243a7e50,43,player_name|position|team|nwr_player_id|approved_nflverse_id|approved_gsis_id|approved_pfr_id|human_decision|approved_by_human|approval_scope|approval_evidence|candidate_id_requirement_status|join_key_status|apply_status|review_only|display_only|model_use_allowed|training_allowed|source_truth_allowed|rank_logic_allowed|hidden_sort_allowed|trade_value_allowed|pick_value_allowed|source_decision_sheet|notes,June 23-30 2026 snapshots,authority is limited to the artifact's documented scope,1.0.0
art_ebf680856f4ac23e,markdown/text,CROSS_LIFECYCLE,SUPPORTING_EVIDENCE,,LIVE_HQ,loc_16684b4ccfba010646265e13,,,,false,true,NO_DUPLICATE_FLAG,NOT_SUPERSEDED,SEPARATE_LEDGER_CONTROLS,REGISTERED_METADATA_ONLY,SOURCE_INVENTORY_SHA256_RECORDED,74f7fcf3c0d6ed95e27611da7948096e14b58b8e33dac7080547fbf4b9d7dc0c,N/A,markdown/text,packet-specific snapshot,authority is limited to the artifact's documented scope,1.0.0
art_ec8d8c01ef63f7e5,candidate_name|fit_scope|target_season|position|training_rows|alpha|coefficient_order|coefficient_name|source_feature|training_mean|training_population_std|training_missing_count|coefficient|coefficient_hash|preprocessing,PROTECTED_FROZEN_GOVERNANCE,CANONICAL_REVIEW_ONLY,,LIVE_HQ,loc_a1dc796a49cedc13dee6e69d,,,,true,false,NO_DUPLICATE_FLAG,NOT_SUPERSEDED,SEPARATE_LEDGER_CONTROLS,REGISTERED_METADATA_ONLY,SOURCE_INVENTORY_SHA256_RECORDED,cf6f6eea5785694b274395c507326f4e3cbaa9ffdca8a54a5eeff4f98cb52ea4,836,candidate_name|fit_scope|target_season|position|training_rows|alpha|coefficient_order|coefficient_name|source_feature|training_mean|training_population_std|training_missing_count|coefficient|coefficient_hash|preprocessing,frozen 2026-07-10 before outcomes,authority is limited to the artifact's documented scope,1.0.0
art_ecca058293adf862,family|variant_count|thesis|features_used|features_excluded|plateau_rule|material_difference,ROOKIE_SEASON_AND_MULTI_YEAR_OUTCOME,SUPPORTING_EVIDENCE,,LOCAL_ONLY,loc_383236ca7d8c4bf7d8fcfcca,,,,false,true,NO_DUPLICATE_FLAG,NOT_SUPERSEDED,SEPARATE_LEDGER_CONTROLS,REGISTERED_METADATA_ONLY,SOURCE_INVENTORY_SHA256_RECORDED,d726f93fafe77f8bdb6b037955599d19319d549ccc31ef1a9b508c1484c59809,6,family|variant_count|thesis|features_used|features_excluded|plateau_rule|material_difference,packet-specific 2026 receipts,not tracked at live HQ HEAD,1.0.0
art_ecfd0362bf136ff5,player_name|position|rookie_class_year|evidence_basis|draft_lookup_status|entry_status_source|entry_status_confidence|identity_status|blocker_reason|qa_risk_flag|qa_notes,DRAFT_EVENT,SUPPORTING_EVIDENCE,,LIVE_HQ,loc_b6337373f2d96ca20d2514c3,,,,false,true,NO_DUPLICATE_FLAG,NOT_SUPERSEDED,SEPARATE_LEDGER_CONTROLS,REGISTERED_METADATA_ONLY,SOURCE_INVENTORY_SHA256_RECORDED,31bd5a5054fd9eeb96eb80a41de0109b682a153d28be1a301d71451fcadd90dd,199,player_name|position|rookie_class_year|evidence_basis|draft_lookup_status|entry_status_source|entry_status_confidence|identity_status|blocker_reason|qa_risk_flag|qa_notes,June 30 2026 snapshot; source acquisition receipt incomplete,"2,514 likely-UDFA rows are provisional; tracked builder/input receipt is missing",1.0.0
art_ed108fc51a75cac0,markdown/text,CROSS_LIFECYCLE_IDENTITY,SUPPORTING_EVIDENCE,,LIVE_HQ,loc_bf7bd6334e325a32fe0a55e6,,,,false,true,NO_DUPLICATE_FLAG,NOT_SUPERSEDED,SEPARATE_LEDGER_CONTROLS,REGISTERED_METADATA_ONLY,SOURCE_INVENTORY_SHA256_RECORDED,58a66070166c697c6f7232eb6e06bab3c4f98b6ca48798694e5ad81c55aa0bed,N/A,markdown/text,June 23-30 2026 snapshots,authority is limited to the artifact's documented scope,1.0.0
art_ed812c074807dcbe,path|change_type|purpose,GOVERNANCE,SUPPORTING_EVIDENCE,,LIVE_HQ,loc_27088689c52e1f0d414b6f77,,,,false,true,NO_DUPLICATE_FLAG,NOT_SUPERSEDED,SEPARATE_LEDGER_CONTROLS,REGISTERED_METADATA_ONLY,SOURCE_INVENTORY_SHA256_RECORDED,60649bd336fe3ac1081cc29edb09918623bf755ee9551cf1a3a264ff796fc659,18,path|change_type|purpose,canonical closeout at starting HEAD,authority is limited to the artifact's documented scope,1.0.0
art_ed89623f61dba2b7,season|load_succeeded|row_count|positions_present|missing_fields|exact_scoring_possible|approximation_required|source_policy_status|error_type|error_message,ROOKIE_SEASON_AND_MULTI_YEAR_OUTCOME,SUPPORTING_EVIDENCE,,LOCAL_ONLY,loc_892b605791fcf4746d687d91,,,,false,true,NO_DUPLICATE_FLAG,NOT_SUPERSEDED,SEPARATE_LEDGER_CONTROLS,REGISTERED_METADATA_ONLY,SOURCE_INVENTORY_SHA256_RECORDED,9ec7d3f15b01c981a4aa55362a5e7c299a0f55698671f01e29eb087d1e6fc452,12,season|load_succeeded|row_count|positions_present|missing_fields|exact_scoring_possible|approximation_required|source_policy_status|error_type|error_message,packet-specific immutable runs; some local receipts only,multiple scoring/rank systems conflict; position-threshold applicability must be explicit; not tracked at live HQ HEAD,1.0.0
art_ed9d078bc3f53434,markdown/text,CROSS_LIFECYCLE,SUPPORTING_EVIDENCE,,LIVE_HQ,loc_1c1359b1b6e51a3b4bf45c02,,,,false,true,NO_DUPLICATE_FLAG,NOT_SUPERSEDED,SEPARATE_LEDGER_CONTROLS,REGISTERED_METADATA_ONLY,SOURCE_INVENTORY_SHA256_RECORDED,a932eb021cd2fa966be48fb8c4e228aeb54321a9aa9d4554c415a3cb5cb9d3fe,N/A,markdown/text,packet-specific snapshot,authority is limited to the artifact's documented scope,1.0.0
art_eeafa2668fb219ca,markdown/text,ROOKIE_SEASON_AND_MULTI_YEAR_OUTCOME,SUPPORTING_EVIDENCE,,LIVE_HQ,loc_e98facd8f51148390c153be7,,,,false,true,NO_DUPLICATE_FLAG,NOT_SUPERSEDED,SEPARATE_LEDGER_CONTROLS,REGISTERED_METADATA_ONLY,SOURCE_INVENTORY_SHA256_RECORDED,0ff57883f5133238c7f6dd7c6cfd9825c681426e439fbc69d8300c5e05ccb1d3,N/A,markdown/text,packet-specific 2026 receipts,authority is limited to the artifact's documented scope,1.0.0
art_ef3b2842b013fbe4,py,CROSS_LIFECYCLE,SUPPORTING_EVIDENCE,,LIVE_HQ,loc_ff625d812006a7d23a53fee6,,,,false,true,NO_DUPLICATE_FLAG,NOT_SUPERSEDED,SEPARATE_LEDGER_CONTROLS,REGISTERED_METADATA_ONLY,SOURCE_INVENTORY_SHA256_RECORDED,890b2ed5f6d777167cabcceef1b432114a39ac7e0cf7183f2215ac2cbaf87f97,N/A,py,packet-specific snapshot,authority is limited to the artifact's documented scope,1.0.0
art_ef50716a54d07ee1,markdown/text,PRODUCT_CONSUMER,SUPPORTING_EVIDENCE,,LIVE_HQ,loc_29eccfdf93313f39f4e4d0bc,,,,false,true,NO_DUPLICATE_FLAG,NOT_SUPERSEDED,SEPARATE_LEDGER_CONTROLS,REGISTERED_METADATA_ONLY,SOURCE_INVENTORY_SHA256_RECORDED,a05326041ce01c689476895057b70fdb6bd7f6327d22de8a7b5d9ed09a573f00,N/A,markdown/text,live HQ at starting commit,authority is limited to the artifact's documented scope,1.0.0
art_ef822f99334c3733,markdown/text,ROOKIE_SEASON_AND_MULTI_YEAR_OUTCOME,SUPPORTING_EVIDENCE,,LIVE_HQ,loc_364e0a04d2635a07f4c87bbc,,,,false,true,NO_DUPLICATE_FLAG,NOT_SUPERSEDED,SEPARATE_LEDGER_CONTROLS,REGISTERED_METADATA_ONLY,SOURCE_INVENTORY_SHA256_RECORDED,b9b21bc05d2b83d7132aca25344e88a2877f55d25ff36728de6032079d56dc28,N/A,markdown/text,packet-specific immutable runs; some local receipts only,multiple scoring/rank systems conflict; position-threshold applicability must be explicit,1.0.0
art_efc5abc3b9cfd1ec,markdown/text,PRE_DRAFT_TO_MULTI_YEAR_LEGACY,SUPPORTING_EVIDENCE,,LIVE_HQ,loc_e4f9186f6b3afe35a9f365a0,,,,false,true,NO_DUPLICATE_FLAG,NOT_SUPERSEDED,SEPARATE_LEDGER_CONTROLS,REGISTERED_METADATA_ONLY,SOURCE_INVENTORY_SHA256_RECORDED,7eb0be7bbdc51663e27c2bbb0c6a335763657c3d0c5d15e7103d002b7373a466,N/A,markdown/text,legacy baseline; superseded by June 29-30 review-only gates,legacy source/use claims are superseded; provider content and name-key joins are restricted,1.0.0
art_f0769c3f53eb8abb,comparison_type|draft_year|rookie_candidate|veteran_candidate_or_archetype|position|rookie_age_or_age_score|rookie_tier_or_draft_capital|role_or_uncertainty_flags|year1_outcome|year2_outcome|year3_outcome|next_5_proxy_outcome|which_side_won|evidence_source|data_limitations,PRE_DRAFT_TO_MULTI_YEAR_LEGACY,SUPERSEDED,,LIVE_HQ,loc_81eacafce14ffb361593fa52,,,,false,true,NO_DUPLICATE_FLAG,SUPERSEDED_RECORDED,SEPARATE_LEDGER_CONTROLS,REGISTERED_METADATA_ONLY,SOURCE_INVENTORY_SHA256_RECORDED,de0e99b0bcaeaa326bb3af9a2615a75fde2ce34fc16a03aa9ecc05ef5050093a,66,comparison_type|draft_year|rookie_candidate|veteran_candidate_or_archetype|position|rookie_age_or_age_score|rookie_tier_or_draft_capital|role_or_uncertainty_flags|year1_outcome|year2_outcome|year3_outcome|next_5_proxy_outcome|which_side_won|evidence_source|data_limitations,legacy baseline; superseded by June 29-30 review-only gates,legacy source/use claims are superseded; provider content and name-key joins are restricted,1.0.0
art_f0e9888bdcedb0e1,season|player|pos|rookie_or_veteran|age|pre_draft_value_signal|rookie_tier_or_draft_capital|veteran_prior_production_signal|position_scarcity_signal|1QB_qb_discount_signal|uncertainty_flags|future_y1_result|future_y2_result|future_y3_result|future_5y_result|outcome_win_label|data_confidence|source_paths,PRE_DRAFT_TO_MULTI_YEAR_LEGACY,SUPPORTING_EVIDENCE,,LIVE_HQ,loc_1355bd54d5b3ee09499f7cee,,,,false,true,NO_DUPLICATE_FLAG,NOT_SUPERSEDED,SEPARATE_LEDGER_CONTROLS,REGISTERED_METADATA_ONLY,SOURCE_INVENTORY_SHA256_RECORDED,2c793ffdb5825aed3499800fc8f23fd5cb6537f04bd0f54e071ed49cbb8bf949,156,season|player|pos|rookie_or_veteran|age|pre_draft_value_signal|rookie_tier_or_draft_capital|veteran_prior_production_signal|position_scarcity_signal|1QB_qb_discount_signal|uncertainty_flags|future_y1_result|future_y2_result|future_y3_result|future_5y_result|outcome_win_label|data_confidence|source_paths,legacy baseline; superseded by June 29-30 review-only gates,legacy source/use claims are superseded; provider content and name-key joins are restricted,1.0.0
art_f0f45ea964d3c7f3,sidecar_row_id|nwr_player_id|player_name|position|season|week|source_dataset|source_receipt_sha|source_artifact|source_as_of|stat_family|raw_stat_name|raw_stat_value|normalized_stat_name|normalized_stat_value|identity_join_status|review_required|sidecar_review_allowed|label_truth_allowed|model_use_allowed|training_allowed|source_truth_allowed|blocker_reason|notes,ROOKIE_SEASON_AND_MULTI_YEAR_OUTCOME,DUPLICATE_EQUIVALENT,,LIVE_HQ,loc_1b8a4b1a765a85bfef68ee21,,,,false,true,DUPLICATE_RECORDED,NOT_SUPERSEDED,SEPARATE_LEDGER_CONTROLS,REGISTERED_METADATA_ONLY,SOURCE_INVENTORY_SHA256_RECORDED,b7f6e237a76b65a75c83543ed64f77525331d87f4e56e3522f4dc52d97a03df8,13628,sidecar_row_id|nwr_player_id|player_name|position|season|week|source_dataset|source_receipt_sha|source_artifact|source_as_of|stat_family|raw_stat_name|raw_stat_value|normalized_stat_name|normalized_stat_value|identity_join_status|review_required|sidecar_review_allowed|label_truth_allowed|model_use_allowed|training_allowed|source_truth_allowed|blocker_reason|notes,packet-specific immutable runs; some local receipts only,contains 6814 exact duplicate row groups / 6814 excess rows; no dedup performed; multiple scoring/rank systems conflict; position-threshold applicability must be explicit,1.0.0
art_f12c3f7964fa7abd,markdown/text,ROOKIE_SEASON_AND_MULTI_YEAR_OUTCOME,SUPPORTING_EVIDENCE,,LIVE_HQ,loc_1be3cfe0f763e0e09e880b14,,,,false,true,NO_DUPLICATE_FLAG,NOT_SUPERSEDED,SEPARATE_LEDGER_CONTROLS,REGISTERED_METADATA_ONLY,SOURCE_INVENTORY_SHA256_RECORDED,16831044e2a24f742602262f8a85ab988a90289ff5c9b357bd1e6674a507682e,N/A,markdown/text,packet-specific immutable runs; some local receipts only,multiple scoring/rank systems conflict; position-threshold applicability must be explicit,1.0.0
art_f134015a8ad23d7c,markdown/text,PRODUCT_CONSUMER,SUPPORTING_EVIDENCE,,LIVE_HQ,loc_a8d0e076bb2f7c17a9e74917,,,,false,true,NO_DUPLICATE_FLAG,NOT_SUPERSEDED,SEPARATE_LEDGER_CONTROLS,REGISTERED_METADATA_ONLY,SOURCE_INVENTORY_SHA256_RECORDED,1bac7821df9ee3337b4f3dced9ae474296041852bc8495132e0aef0d56bfe43f,N/A,markdown/text,live HQ at starting commit,authority is limited to the artifact's documented scope,1.0.0
art_f14b5bc2a4d0dd1a,position|total_likely_udfa_or_nondrafted_count|on_depth_chart_count|high_depth_chart_watchlist_count|ignored_or_blocked_count|missing_depth_chart_data_count|notes,DRAFT_EVENT,SUPPORTING_EVIDENCE,,LIVE_HQ,loc_e0016d671f2f1c70cdcda4c4,,,,false,true,NO_DUPLICATE_FLAG,NOT_SUPERSEDED,SEPARATE_LEDGER_CONTROLS,REGISTERED_METADATA_ONLY,SOURCE_INVENTORY_SHA256_RECORDED,c452021acd9b300a6b037a0b3abd41acf42a97d9a34314fedc971814f414e8c4,4,position|total_likely_udfa_or_nondrafted_count|on_depth_chart_count|high_depth_chart_watchlist_count|ignored_or_blocked_count|missing_depth_chart_data_count|notes,June 30 2026 packet snapshots,likely/confirmed-review-only must not be treated as verified undrafted truth,1.0.0
art_f18eec7fda1ff2b3,markdown/text,ROOKIE_SEASON_AND_MULTI_YEAR_OUTCOME,SUPPORTING_EVIDENCE,,LIVE_HQ,loc_fb8800213c791bb62d595a87,,,,false,true,NO_DUPLICATE_FLAG,NOT_SUPERSEDED,SEPARATE_LEDGER_CONTROLS,REGISTERED_METADATA_ONLY,SOURCE_INVENTORY_SHA256_RECORDED,92d3c628ca4e2f91cc9a32d1a5e57fd88737fad1dad90c0cafe9ba073f531262,N/A,markdown/text,packet-specific immutable runs; some local receipts only,multiple scoring/rank systems conflict; position-threshold applicability must be explicit,1.0.0
art_f1b71d88057492a5,markdown/text,LATER_OUTCOME_RESEARCH,SUPPORTING_EVIDENCE,,LIVE_HQ,loc_5d9faae29db135d049407994,,,,false,true,NO_DUPLICATE_FLAG,NOT_SUPERSEDED,SEPARATE_LEDGER_CONTROLS,REGISTERED_METADATA_ONLY,SOURCE_INVENTORY_SHA256_RECORDED,16a9d57479ad9fd807df0bd3f36ba397280fab620eafe131f075f7bb81044c24,N/A,markdown/text,versioned June-July 2026 review snapshots,review-only; formula work paused; current proxy/zero encodings cannot become evidence truth; retain scoring/window semantics,1.0.0
art_f1f77405e2c614ff,markdown/text,ROOKIE_SEASON_AND_MULTI_YEAR_OUTCOME,SUPPORTING_EVIDENCE,,LIVE_HQ,loc_9198c50b75f2ed8422ac382d,,,,false,true,NO_DUPLICATE_FLAG,NOT_SUPERSEDED,SEPARATE_LEDGER_CONTROLS,REGISTERED_METADATA_ONLY,SOURCE_INVENTORY_SHA256_RECORDED,d117dcda355f00f6961a4af0c4481ec0fffb74e617b0d19ff7a266e33603b4ed,N/A,markdown/text,packet-specific immutable runs; some local receipts only,multiple scoring/rank systems conflict; position-threshold applicability must be explicit,1.0.0
art_f214eb5fa491fb29,py,CROSS_LIFECYCLE_IDENTITY,IDENTITY_UNRESOLVED,,LIVE_HQ,loc_7fa16753a127fbcef2bc6316,,,,false,true,NO_DUPLICATE_FLAG,NOT_SUPERSEDED,SEPARATE_LEDGER_CONTROLS,REGISTERED_METADATA_ONLY,SOURCE_INVENTORY_SHA256_RECORDED,386fb55e4f9f569b1d1a57b188232204d0e9ef8982702af085f7a49bf5de7f4e,N/A,py,2026-06-26 to 2026-06-29 review snapshots,human review approval is review-only; normalized name/position is not controlling identity,1.0.0
art_f2200bcdfbea37b9,player_name|position|team|nwr_player_id|candidate_nflverse_id|candidate_gsis_id|candidate_pfr_id|recommendation|recommendation_reason|required_human_decision|human_decision|approved_by_human|review_only|model_use_allowed|training_allowed|source_truth_allowed|display_action,CROSS_LIFECYCLE_IDENTITY,SUPPORTING_EVIDENCE,,LIVE_HQ,loc_6ea62c7348fbb1383d2238b6,,,,false,true,NO_DUPLICATE_FLAG,NOT_SUPERSEDED,SEPARATE_LEDGER_CONTROLS,REGISTERED_METADATA_ONLY,SOURCE_INVENTORY_SHA256_RECORDED,02a90255dc8d03e27036e9a18dcef0582fbddb213bde0e80bf394a30d5a33b74,54,player_name|position|team|nwr_player_id|candidate_nflverse_id|candidate_gsis_id|candidate_pfr_id|recommendation|recommendation_reason|required_human_decision|human_decision|approved_by_human|review_only|model_use_allowed|training_allowed|source_truth_allowed|display_action,June 23-30 2026 snapshots,authority is limited to the artifact's documented scope,1.0.0
art_f257e5e5ea33c9e3,rookie_class_year|position|likely_udfa_needs_review_count|high_production_watchlist_count|ignored_or_blocked_count|notes,DRAFT_EVENT,SUPPORTING_EVIDENCE,,LIVE_HQ,loc_cf252ccc2e84067f0159f6fd,,,,false,true,NO_DUPLICATE_FLAG,NOT_SUPERSEDED,SEPARATE_LEDGER_CONTROLS,REGISTERED_METADATA_ONLY,SOURCE_INVENTORY_SHA256_RECORDED,e9a12747f30983cf16623d98d5ad56377e4ec748df52d7894491c3ecc6f067e5,100,rookie_class_year|position|likely_udfa_needs_review_count|high_production_watchlist_count|ignored_or_blocked_count|notes,June 30 2026 packet snapshots,likely/confirmed-review-only must not be treated as verified undrafted truth,1.0.0
art_f28227b156f0da19,path|change_type|purpose,GOVERNANCE,CANONICAL_ADMITTED,,LIVE_HQ,loc_ba128fb02d9b810b53e299a8,,,,true,false,NO_DUPLICATE_FLAG,NOT_SUPERSEDED,SEPARATE_LEDGER_CONTROLS,REGISTERED_METADATA_ONLY,SOURCE_INVENTORY_SHA256_RECORDED,c07373c8dd8c35f7da2e5b0eafd06b8e2ab020ca602c7d4a5d7747485dd29ca7,18,path|change_type|purpose,versioned canonical packet,authority is limited to the artifact's documented scope,1.0.0
art_f28d3a1c44366aae,markdown/text,ROOKIE_SEASON_AND_MULTI_YEAR_OUTCOME,SUPPORTING_EVIDENCE,,LIVE_HQ,loc_6ff789e635fe955acc3b3324,,,,false,true,NO_DUPLICATE_FLAG,NOT_SUPERSEDED,SEPARATE_LEDGER_CONTROLS,REGISTERED_METADATA_ONLY,SOURCE_INVENTORY_SHA256_RECORDED,469cd18595626ad21426412f7f119f7779a91e01dade98cbc99a6d8c34d16010,N/A,markdown/text,packet-specific immutable runs; some local receipts only,multiple scoring/rank systems conflict; position-threshold applicability must be explicit,1.0.0
art_f299cd4e661476bd,markdown/text,PRODUCT_CONSUMER,SUPPORTING_EVIDENCE,,LIVE_HQ,loc_e7e820a557e1508a0f0dbfea,,,,false,true,NO_DUPLICATE_FLAG,NOT_SUPERSEDED,SEPARATE_LEDGER_CONTROLS,REGISTERED_METADATA_ONLY,SOURCE_INVENTORY_SHA256_RECORDED,555484419d1909d3cd39283e4b7169250aad54225549a7e65c84b3ef97a51d80,N/A,markdown/text,live HQ at starting commit,authority is limited to the artifact's documented scope,1.0.0
art_f2effab89ccd26d5,metric|value|notes|review_only|display_only|model_use_allowed|training_allowed|rankings_wiring_allowed,DRAFT_EVENT_AND_POST_DRAFT_PRESEASON,SUPERSEDED,,LOCAL_ONLY,loc_d110a660cf71044644b0a771,,,,false,true,NO_DUPLICATE_FLAG,SUPERSEDED_RECORDED,SEPARATE_LEDGER_CONTROLS,REGISTERED_METADATA_ONLY,SOURCE_INVENTORY_SHA256_RECORDED,0870aae9542538455c87c2f7d2ecafd530ad6bb13b9a320526714155cd50adab,6,metric|value|notes|review_only|display_only|model_use_allowed|training_allowed|rankings_wiring_allowed,June 29-30 2026; no uniform row-level source timestamp,published counts may be duplicate-inflated; three distinct current records have no stable candidate ID; not tracked at live HQ HEAD,1.0.0
art_f345c4c82862f7ed,markdown/text,CROSS_LIFECYCLE_IDENTITY,SUPPORTING_EVIDENCE,,LIVE_HQ,loc_5db385a2f2661d9e95ff3f96,,,,false,true,NO_DUPLICATE_FLAG,NOT_SUPERSEDED,SEPARATE_LEDGER_CONTROLS,REGISTERED_METADATA_ONLY,SOURCE_INVENTORY_SHA256_RECORDED,01c5d4d22aa896fa2096e6e15e3bfd6b1cd7ffb4e745af497e10c417fa7b93dd,N/A,markdown/text,June 23-30 2026 snapshots,authority is limited to the artifact's documented scope,1.0.0
art_f3a70d1d37dd8c04,markdown/text,ROOKIE_SEASON_AND_MULTI_YEAR_OUTCOME,SUPPORTING_EVIDENCE,,LIVE_HQ,loc_230f9a020c303695f91f6a9d,,,,false,true,NO_DUPLICATE_FLAG,NOT_SUPERSEDED,SEPARATE_LEDGER_CONTROLS,REGISTERED_METADATA_ONLY,SOURCE_INVENTORY_SHA256_RECORDED,d53db61c60493d59dd737d6beb0989c108413dec1fcbef1d18256fe64c45743f,N/A,markdown/text,packet-specific immutable runs; some local receipts only,multiple scoring/rank systems conflict; position-threshold applicability must be explicit,1.0.0
art_f3b436b821008f48,target_name|train_rows|validation_rows|validation_start_year|validation_classes|validation_positive_rate|empirical_brier_score|global_baseline_brier_score|brier_improvement|prediction_methods|calibration_bucket_count|validation_status|review_only|model_use_allowed|training_allowed,CROSS_LIFECYCLE,SUPPORTING_EVIDENCE,,LOCAL_ONLY,loc_9b073028c802fb14d2d0f3aa,,,,false,true,NO_DUPLICATE_FLAG,NOT_SUPERSEDED,SEPARATE_LEDGER_CONTROLS,REGISTERED_METADATA_ONLY,SOURCE_INVENTORY_SHA256_RECORDED,2d87ce75bb659c080fe38705e50c562c0f81a18fb04fe98eba46981440cedf43,12,target_name|train_rows|validation_rows|validation_start_year|validation_classes|validation_positive_rate|empirical_brier_score|global_baseline_brier_score|brier_improvement|prediction_methods|calibration_bucket_count|validation_status|review_only|model_use_allowed|training_allowed,packet-specific snapshot,not tracked at live HQ HEAD,1.0.0
art_f3d08f3538c422b9,season|player_id|player_name|position|team|base_stats_source|return_stats_source|fumbles_lost_source|touches|opportunities|total_scrimmage_yards|offensive_tds|nonpassing_tds|total_player_tds|yards_per_attempt|yards_per_carry|yards_per_target|yards_per_reception|yards_per_touch|passing_td_rate|interception_rate|rushing_td_rate|receiving_td_rate|rushing_first_down_rate|receiving_first_down_rate|derived_metric_source_note,ROOKIE_SEASON_AND_MULTI_YEAR_OUTCOME,SUPPORTING_EVIDENCE,,LOCAL_ONLY,loc_a11929abf69f5ebfaef120d9,,,,false,true,NO_DUPLICATE_FLAG,NOT_SUPERSEDED,SEPARATE_LEDGER_CONTROLS,REGISTERED_METADATA_ONLY,SOURCE_INVENTORY_SHA256_RECORDED,f1e7026bb549f097b4cf1b049d5aeafe7c5ff899f4cbfc9b2c4377765fc74569,13843,season|player_id|player_name|position|team|base_stats_source|return_stats_source|fumbles_lost_source|touches|opportunities|total_scrimmage_yards|offensive_tds|nonpassing_tds|total_player_tds|yards_per_attempt|yards_per_carry|yards_per_target|yards_per_reception|yards_per_touch|passing_td_rate|interception_rate|rushing_td_rate|receiving_td_rate|rushing_first_down_rate|receiving_first_down_rate|derived_metric_source_note,packet-specific 2026 receipts,not tracked at live HQ HEAD,1.0.0
art_f3e0018d1cdc103d,nwr_player_id|current_board_player_name|normalized_player_name|current_board_position|current_board_team|sleeper_id|gsis_id|nflverse_id|match_method|match_confidence|identity_status|evidence_fields_used|source_path|review_notes|display_only|model_use_allowed|source_truth_allowed|training_allowed|source_approval_status|source_policy_status|source_allowed_use|source_forbidden_use|roster_full_name|roster_team|roster_birth_date|roster_rookie_year|roster_years_exp|historical_label_available|feature_coverage_note,ROOKIE_SEASON_AND_MULTI_YEAR_OUTCOME,SUPPORTING_EVIDENCE,,LOCAL_ONLY,loc_258b6c634c6e517c05af9e36,,,,false,true,NO_DUPLICATE_FLAG,NOT_SUPERSEDED,SEPARATE_LEDGER_CONTROLS,REGISTERED_METADATA_ONLY,SOURCE_INVENTORY_SHA256_RECORDED,523869cef08612d1d784744d2c213d3d8178a26c72cba0c5025992495083a253,232,nwr_player_id|current_board_player_name|normalized_player_name|current_board_position|current_board_team|sleeper_id|gsis_id|nflverse_id|match_method|match_confidence|identity_status|evidence_fields_used|source_path|review_notes|display_only|model_use_allowed|source_truth_allowed|training_allowed|source_approval_status|source_policy_status|source_allowed_use|source_forbidden_use|roster_full_name|roster_team|roster_birth_date|roster_rookie_year|roster_years_exp|historical_label_available|feature_coverage_note,packet-specific immutable runs; some local receipts only,multiple scoring/rank systems conflict; position-threshold applicability must be explicit; not tracked at live HQ HEAD,1.0.0
art_f3ec321c1f627d4a,artifact|row_count|purpose,ROOKIE_SEASON_AND_MULTI_YEAR_OUTCOME,SUPPORTING_EVIDENCE,,LIVE_HQ,loc_294e6a147ab18f39403cf687,,,,false,true,NO_DUPLICATE_FLAG,NOT_SUPERSEDED,SEPARATE_LEDGER_CONTROLS,REGISTERED_METADATA_ONLY,SOURCE_INVENTORY_SHA256_RECORDED,3d5d5993387738086dc16e9ebe12d171dbd734e11f9aa36f95d142341fabbee8,8,artifact|row_count|purpose,packet-specific 2026 receipts,authority is limited to the artifact's documented scope,1.0.0
art_f3fbf6cd14e48de8,markdown/text,GOVERNANCE,CANONICAL_ADMITTED,,LIVE_HQ,loc_4b63466a84f3896c6a3fd55a,,,,true,false,NO_DUPLICATE_FLAG,NOT_SUPERSEDED,SEPARATE_LEDGER_CONTROLS,REGISTERED_METADATA_ONLY,SOURCE_INVENTORY_SHA256_RECORDED,2bf927c76e87b9f3cff888da9ee0259e662a9abb3b000f837dafee8137133f3e,N/A,markdown/text,versioned policy snapshot,authority is limited to the artifact's documented scope,1.0.0
art_f41a1a805bc829f1,markdown/text,LATER_OUTCOME_RESEARCH,SUPPORTING_EVIDENCE,,LIVE_HQ,loc_b432cafe3ccda7fbe6212290,,,,false,true,NO_DUPLICATE_FLAG,NOT_SUPERSEDED,SEPARATE_LEDGER_CONTROLS,REGISTERED_METADATA_ONLY,SOURCE_INVENTORY_SHA256_RECORDED,7d700fe9f6952db43a72c5dbcad6614073b9562685bc5404d9291197cb0920e4,N/A,markdown/text,versioned June-July 2026 review snapshots,review-only; formula work paused; current proxy/zero encodings cannot become evidence truth; retain scoring/window semantics,1.0.0
art_f473467096a8364d,py,CROSS_LIFECYCLE,SUPPORTING_EVIDENCE,,LIVE_HQ,loc_58f9c9269fae328872e902a6,,,,false,true,NO_DUPLICATE_FLAG,NOT_SUPERSEDED,SEPARATE_LEDGER_CONTROLS,REGISTERED_METADATA_ONLY,SOURCE_INVENTORY_SHA256_RECORDED,052d4d7807460471e13b5e0d8003a761dbd140f198c869a13dcbd8d0b7fdd9a8,N/A,py,packet-specific snapshot,authority is limited to the artifact's documented scope,1.0.0
art_f49f6ca241607ed5,markdown/text,ROOKIE_SEASON_AND_MULTI_YEAR_OUTCOME,SUPPORTING_EVIDENCE,,LIVE_HQ,loc_7c3f3f0d7f452939e19d988e,,,,false,true,NO_DUPLICATE_FLAG,NOT_SUPERSEDED,SEPARATE_LEDGER_CONTROLS,REGISTERED_METADATA_ONLY,SOURCE_INVENTORY_SHA256_RECORDED,90cb9eb4625676220f4977c84672c795cac7952ca5be43f1358bdf51d46e0e71,N/A,markdown/text,packet-specific immutable runs; some local receipts only,multiple scoring/rank systems conflict; position-threshold applicability must be explicit,1.0.0
art_f4ab22ed906d3157,py,CROSS_LIFECYCLE,SUPPORTING_EVIDENCE,,LIVE_HQ,loc_7f7c9fbe31e39a29abeb58e3,,,,false,true,NO_DUPLICATE_FLAG,NOT_SUPERSEDED,SEPARATE_LEDGER_CONTROLS,REGISTERED_METADATA_ONLY,SOURCE_INVENTORY_SHA256_RECORDED,b982795516d39fa628834f2eba777041c0ed7d1930ca3dfc2eb95c91ea0043ea,N/A,py,packet-specific snapshot,authority is limited to the artifact's documented scope,1.0.0
art_f4be941cb002acec,markdown/text,ROOKIE_SEASON_AND_MULTI_YEAR_OUTCOME,SUPPORTING_EVIDENCE,,LOCAL_ONLY,loc_f8e47634071972007758acf5,,,,false,true,NO_DUPLICATE_FLAG,NOT_SUPERSEDED,SEPARATE_LEDGER_CONTROLS,REGISTERED_METADATA_ONLY,SOURCE_INVENTORY_SHA256_RECORDED,0632843f6520a2dae624e503ce864c89871f85ebd6bf5fb88d9c4d14cf2a2f45,N/A,markdown/text,packet-specific 2026 receipts,not tracked at live HQ HEAD,1.0.0
art_f4da9a7f569af214,markdown/text,ROOKIE_SEASON_AND_MULTI_YEAR_OUTCOME,SUPPORTING_EVIDENCE,,LIVE_HQ,loc_2f0de6372393f87f7dc18566,,,,false,true,NO_DUPLICATE_FLAG,NOT_SUPERSEDED,SEPARATE_LEDGER_CONTROLS,REGISTERED_METADATA_ONLY,SOURCE_INVENTORY_SHA256_RECORDED,c9066fbb07f9cf448435610468fdca895743027576a19fcf31eca409cdbd0423,N/A,markdown/text,packet-specific immutable runs; some local receipts only,multiple scoring/rank systems conflict; position-threshold applicability must be explicit,1.0.0
art_f4dd8d808cd9413d,markdown/text,CROSS_LIFECYCLE_IDENTITY,IDENTITY_UNRESOLVED,,LIVE_HQ,loc_06053a3549744cb9a039edb3,,,,false,true,NO_DUPLICATE_FLAG,NOT_SUPERSEDED,SEPARATE_LEDGER_CONTROLS,REGISTERED_METADATA_ONLY,SOURCE_INVENTORY_SHA256_RECORDED,391cd6b15c5220cfce45d3053a77ef0f4f0945e137f06c3402a4d6824bc3814f,N/A,markdown/text,2026-06-26 to 2026-06-29 review snapshots,human review approval is review-only; normalized name/position is not controlling identity,1.0.0
art_f4f3570071a0f8d9,surface|purpose|status|existing_features|admitted_data|gated_or_missing_data|test_status|user_value|highest_value_gap|change_risk|safe_now,GOVERNANCE,CANONICAL_ADMITTED,,LIVE_HQ,loc_bbc60a4193035e641caf85f5,,,,true,false,NO_DUPLICATE_FLAG,NOT_SUPERSEDED,SEPARATE_LEDGER_CONTROLS,REGISTERED_METADATA_ONLY,SOURCE_INVENTORY_SHA256_RECORDED,c8212064436147dce701aa6b2d619c1a9b273cae37e50a324639da082bf85f7f,13,surface|purpose|status|existing_features|admitted_data|gated_or_missing_data|test_status|user_value|highest_value_gap|change_risk|safe_now,versioned canonical packet,authority is limited to the artifact's documented scope,1.0.0
art_f544cd98e688be15,markdown/text,LATER_OUTCOME_RESEARCH,SUPPORTING_EVIDENCE,,LIVE_HQ,loc_ba4e5647d68ce4b519f0cec3,,,,false,true,NO_DUPLICATE_FLAG,NOT_SUPERSEDED,SEPARATE_LEDGER_CONTROLS,REGISTERED_METADATA_ONLY,SOURCE_INVENTORY_SHA256_RECORDED,dc30e0968c2df4d4b2d8cc8acd51162007a296f42616810acc53b75f1372290e,N/A,markdown/text,July 9 2026 research snapshots,authority is limited to the artifact's documented scope,1.0.0
art_f59024cc038bb015,py,CROSS_LIFECYCLE,SUPPORTING_EVIDENCE,,LIVE_HQ,loc_0f2289ceea7c4fc64dccaaaa,,,,false,true,NO_DUPLICATE_FLAG,NOT_SUPERSEDED,SEPARATE_LEDGER_CONTROLS,REGISTERED_METADATA_ONLY,SOURCE_INVENTORY_SHA256_RECORDED,01c0401cc9d9edb5418d59f4cde13170a6bf161693a629b126cc6f52ab9a482b,N/A,py,packet-specific snapshot,authority is limited to the artifact's documented scope,1.0.0
art_f59d1588edfac9f2,feature_family|source_artifact|current_display_status|phase2_evidence_status|readiness_status|safe_display_rows|gated_rows|allowed_for_display_now|allowed_for_experiment_now|allowed_for_model_now|allowed_for_training_now|allowed_for_source_truth_now|required_next_gate|blocker_reason|recommended_next_lane|notes,ROOKIE_SEASON_AND_MULTI_YEAR_OUTCOME,SUPPORTING_EVIDENCE,,LIVE_HQ,loc_93686ab1e8b4e38aee2382eb,,,,false,true,NO_DUPLICATE_FLAG,NOT_SUPERSEDED,SEPARATE_LEDGER_CONTROLS,REGISTERED_METADATA_ONLY,SOURCE_INVENTORY_SHA256_RECORDED,364c1259ad59f3181377b5f979ebfdd185c0191be097212bb2bfb86007ae57e3,21,feature_family|source_artifact|current_display_status|phase2_evidence_status|readiness_status|safe_display_rows|gated_rows|allowed_for_display_now|allowed_for_experiment_now|allowed_for_model_now|allowed_for_training_now|allowed_for_source_truth_now|required_next_gate|blocker_reason|recommended_next_lane|notes,packet-specific immutable runs; some local receipts only,multiple scoring/rank systems conflict; position-threshold applicability must be explicit,1.0.0
art_f5dea58a5be860fe,markdown/text,CROSS_LIFECYCLE,SUPERSEDED,,LIVE_HQ,loc_1f544b795be4304cc92cf50c,,,,false,true,NO_DUPLICATE_FLAG,SUPERSEDED_RECORDED,SEPARATE_LEDGER_CONTROLS,REGISTERED_METADATA_ONLY,SOURCE_INVENTORY_SHA256_RECORDED,bcf7552dad7ba107cd29b341a77317cb2c5de54df1b8f3f52ffd5b496ff033c2,N/A,markdown/text,packet-specific snapshot,authority is limited to the artifact's documented scope,1.0.0
art_f6349228ffc9710a,markdown/text,GOVERNANCE,CANONICAL_ADMITTED,,LIVE_HQ,loc_a44090aee8ba5928c0a6e935,,,,true,false,NO_DUPLICATE_FLAG,NOT_SUPERSEDED,SEPARATE_LEDGER_CONTROLS,REGISTERED_METADATA_ONLY,SOURCE_INVENTORY_SHA256_RECORDED,5547683247bd5543887bf04935001adfa6502a50285ce70239c2c1f5c10e16ce,N/A,markdown/text,versioned policy snapshot,authority is limited to the artifact's documented scope,1.0.0
art_f6ba47d8110a91bb,markdown/text,ROOKIE_SEASON_AND_MULTI_YEAR_OUTCOME,SUPPORTING_EVIDENCE,,LIVE_HQ,loc_205057a6fd7cc48a243edb16,,,,false,true,NO_DUPLICATE_FLAG,NOT_SUPERSEDED,SEPARATE_LEDGER_CONTROLS,REGISTERED_METADATA_ONLY,SOURCE_INVENTORY_SHA256_RECORDED,4443f754df5c2f75e785cc67ba73cb8a317eaa3e9be33aa6c0283976d55eb4ec,N/A,markdown/text,packet-specific immutable runs; some local receipts only,multiple scoring/rank systems conflict; position-threshold applicability must be explicit,1.0.0
art_f6beb7c25eb75e1c,feature_id|feature_name|classification|implemented_now|waiting_reason|guardrail_notes,PRODUCT_CONSUMER,SUPPORTING_EVIDENCE,,LIVE_HQ,loc_7a2996949634e99cab3bed79,,,,false,true,NO_DUPLICATE_FLAG,NOT_SUPERSEDED,SEPARATE_LEDGER_CONTROLS,REGISTERED_METADATA_ONLY,SOURCE_INVENTORY_SHA256_RECORDED,2d2d6a5b166097b0a65a2ec294a51ba8dacf65b6e1cd5b752cbd3dc4f73c610e,11,feature_id|feature_name|classification|implemented_now|waiting_reason|guardrail_notes,live HQ at starting commit,authority is limited to the artifact's documented scope,1.0.0
art_f6db66bbce7fa065,artifact|row_count|purpose,ROOKIE_SEASON_AND_MULTI_YEAR_OUTCOME,SUPPORTING_EVIDENCE,,LIVE_HQ,loc_ac03d2e7d7ae08939f05dcae,,,,false,true,NO_DUPLICATE_FLAG,NOT_SUPERSEDED,SEPARATE_LEDGER_CONTROLS,REGISTERED_METADATA_ONLY,SOURCE_INVENTORY_SHA256_RECORDED,093459f63abe327b10c9de4d1164de87b84d7dfa148c846a4e7a882263bcfc13,9,artifact|row_count|purpose,packet-specific 2026 receipts,authority is limited to the artifact's documented scope,1.0.0
art_f6dbb6173ae38591,markdown/text,PRE_DRAFT_TO_MULTI_YEAR_LEGACY,SUPPORTING_EVIDENCE,,LIVE_HQ,loc_fba33305b8e1c5991ddeaf7a,,,,false,true,NO_DUPLICATE_FLAG,NOT_SUPERSEDED,SEPARATE_LEDGER_CONTROLS,REGISTERED_METADATA_ONLY,SOURCE_INVENTORY_SHA256_RECORDED,03f933d99b5d625ed779a7041bbc2ff73d53e10dbc5978204063c742c3992f8e,N/A,markdown/text,legacy baseline; superseded by June 29-30 review-only gates,legacy source/use claims are superseded; provider content and name-key joins are restricted,1.0.0
art_f7405711ef03f1b1,markdown/text,PRE_DRAFT_TO_MULTI_YEAR_LEGACY,SUPPORTING_EVIDENCE,,LIVE_HQ,loc_ae5ca3badd719aa561b918c4,,,,false,true,NO_DUPLICATE_FLAG,NOT_SUPERSEDED,SEPARATE_LEDGER_CONTROLS,REGISTERED_METADATA_ONLY,SOURCE_INVENTORY_SHA256_RECORDED,d35dcfd9db84181d0c8aad14ef95f7ba4e5ac35cf786ffca2796d329479f9e6c,N/A,markdown/text,legacy baseline; superseded by June 29-30 review-only gates,legacy source/use claims are superseded; provider content and name-key joins are restricted,1.0.0
art_f77470651a4ee8b6,markdown/text,PRE_DRAFT_AND_TIMING_GOVERNANCE,SUPPORTING_EVIDENCE,,LIVE_HQ,loc_cd6a49574b52140ec7871478,,,,false,true,NO_DUPLICATE_FLAG,NOT_SUPERSEDED,SEPARATE_LEDGER_CONTROLS,REGISTERED_METADATA_ONLY,SOURCE_INVENTORY_SHA256_RECORDED,3c5fa1295dee367d95c4b30b151dbe3995bd20d39f900d304ef1dcd716418899,N/A,markdown/text,as-of policy present; zero experiment-ready player/feature rows,authority is limited to the artifact's documented scope,1.0.0
art_f77e065e940ca515,run_id|player_id|player_name|position|team|rookie_class_year|current_status_before|recommended_human_decision|evidence_strength|nflverse_draft_pick_search_result|human_decision|approved_by_human|approval_scope|udfa_status|review_only|model_use_allowed|training_allowed|source_truth_allowed|rankings_wiring_allowed|approval_source|approval_notes,DRAFT_EVENT,DUPLICATE_EQUIVALENT,,LIVE_HQ,loc_fd74c8167db3d6005da6010c,,,,false,true,DUPLICATE_RECORDED,NOT_SUPERSEDED,SEPARATE_LEDGER_CONTROLS,REGISTERED_METADATA_ONLY,SOURCE_INVENTORY_SHA256_RECORDED,8743269b4fb3c6cec098d5811c116ee83ff2e35886afb6f59a0d23c8c511343a,38,run_id|player_id|player_name|position|team|rookie_class_year|current_status_before|recommended_human_decision|evidence_strength|nflverse_draft_pick_search_result|human_decision|approved_by_human|approval_scope|udfa_status|review_only|model_use_allowed|training_allowed|source_truth_allowed|rankings_wiring_allowed|approval_source|approval_notes,June 30 2026 packet snapshots,contains 18 exact duplicate row groups / 18 excess rows; no dedup performed; likely/confirmed-review-only must not be treated as verified undrafted truth,1.0.0
art_f7804b43a672d01e,markdown/text,PRODUCT_CONSUMER,SUPPORTING_EVIDENCE,,LIVE_HQ,loc_2a59ea7483845bff917f4ddb,,,,false,true,NO_DUPLICATE_FLAG,NOT_SUPERSEDED,SEPARATE_LEDGER_CONTROLS,REGISTERED_METADATA_ONLY,SOURCE_INVENTORY_SHA256_RECORDED,c347d2b8f5968d4a9cd13953007528f1140c45559ba6bbe23c44394ef574590f,N/A,markdown/text,live HQ at starting commit,authority is limited to the artifact's documented scope,1.0.0
art_f787407d80c993ad,column_name|required|field_type|nullable|source_field_or_rule|missingness_rule|allowed_use|prohibited_use|notes,ROOKIE_SEASON_AND_MULTI_YEAR_OUTCOME,SUPPORTING_EVIDENCE,,LIVE_HQ,loc_19eaa23e8a21207dd847e3d0,,,,false,true,NO_DUPLICATE_FLAG,NOT_SUPERSEDED,SEPARATE_LEDGER_CONTROLS,REGISTERED_METADATA_ONLY,SOURCE_INVENTORY_SHA256_RECORDED,2898ddacb3a20157951db6d9dfaa0627360fd84d5e946cbdfe57e844f8500b66,24,column_name|required|field_type|nullable|source_field_or_rule|missingness_rule|allowed_use|prohibited_use|notes,packet-specific immutable runs; some local receipts only,multiple scoring/rank systems conflict; position-threshold applicability must be explicit,1.0.0
art_f7f579182c35cfd2,py,CROSS_LIFECYCLE,SUPPORTING_EVIDENCE,,LIVE_HQ,loc_d4fbcaad525267c2a9fb0fc4,,,,false,true,NO_DUPLICATE_FLAG,NOT_SUPERSEDED,SEPARATE_LEDGER_CONTROLS,REGISTERED_METADATA_ONLY,SOURCE_INVENTORY_SHA256_RECORDED,9ead7a3cd99292505dcb3bbdb434b9ff9ebe9e184484e78599395e4c8ccbffbc,N/A,py,packet-specific snapshot,authority is limited to the artifact's documented scope,1.0.0
art_f817ec46d9067bcc,markdown/text,CROSS_LIFECYCLE_REVIEW_SIMULATION,LOCAL_ONLY_RESTRICTED,,OFF_HQ_BRANCH_ONLY,loc_f54ebf916e847d905ec34456,,,,false,true,NO_DUPLICATE_FLAG,NOT_SUPERSEDED,NO_RECREATE_REQUIRED,REGISTERED_METADATA_ONLY,SOURCE_INVENTORY_SHA256_RECORDED,5decb96d8e9945dfccd1f5b93d01a95062d63c9b98be302249e2ce0f85830e4f,N/A,markdown/text,off-HQ commit 2026-07-09; not ancestor of live HQ,"Off-HQ Git object is retained for audit discovery and no-recreate protection only; active evidence, migration, ranking, formula, training, production, and runtime use are blocked.",1.0.0
art_f83411d68dcae5df,markdown/text,PRODUCT_CONSUMER,SUPPORTING_EVIDENCE,,LIVE_HQ,loc_b51e250b700cad49406766d6,,,,false,true,NO_DUPLICATE_FLAG,NOT_SUPERSEDED,SEPARATE_LEDGER_CONTROLS,REGISTERED_METADATA_ONLY,SOURCE_INVENTORY_SHA256_RECORDED,460d043f0a4e0854eab191ccbfd0581e693769552cb2e47e794f446a2e49af58,N/A,markdown/text,live HQ at starting commit,authority is limited to the artifact's documented scope,1.0.0
art_f856a8535f11f677,markdown/text,ROOKIE_SEASON_AND_MULTI_YEAR_OUTCOME,SUPPORTING_EVIDENCE,,LIVE_HQ,loc_cc69b0c9560d14844364e9f2,,,,false,true,NO_DUPLICATE_FLAG,NOT_SUPERSEDED,SEPARATE_LEDGER_CONTROLS,REGISTERED_METADATA_ONLY,SOURCE_INVENTORY_SHA256_RECORDED,2467e7d5fb4f42ac9b448be9185d83f8b3a3272bf9a15bd07261505fb85aa3fe,N/A,markdown/text,packet-specific immutable runs; some local receipts only,multiple scoring/rank systems conflict; position-threshold applicability must be explicit,1.0.0
art_f8fd198236214e45,freeze_timestamp|target_season|feature_season|candidate_name|candidate_role|player_id|identity_namespace|canonical_player_key|player_name|position|source_population|eligible|score_valid|exclusion_reason|raw_score|within_position_rank|overall_research_rank|model_or_formula_version|coefficient_hash|input_source_dates|input_source_hashes|formula_mart_hash|sidecar_hashes|age|birth_date|draft_year|lifecycle_bucket|history_years_available|raw_feature_values_json|imputed_feature_values_json|...(+5 columns),PROTECTED_FROZEN_GOVERNANCE,CANONICAL_REVIEW_ONLY,,LIVE_HQ,loc_1358b2dc7356a1ef645009e2,,,,true,false,NO_DUPLICATE_FLAG,NOT_SUPERSEDED,SEPARATE_LEDGER_CONTROLS,REGISTERED_METADATA_ONLY,SOURCE_INVENTORY_SHA256_RECORDED,b3270d9782cf53de745e966c318dd61aa7f482db17da7c4ceb51ef8baa8e1179,924,freeze_timestamp|target_season|feature_season|candidate_name|candidate_role|player_id|identity_namespace|canonical_player_key|player_name|position|source_population|eligible|score_valid|exclusion_reason|raw_score|within_position_rank|overall_research_rank|model_or_formula_version|coefficient_hash|input_source_dates|input_source_hashes|formula_mart_hash|sidecar_hashes|age|birth_date|draft_year|lifecycle_bucket|history_years_available|raw_feature_values_json|imputed_feature_values_json|...(+5 columns),frozen 2026-07-10 before outcomes,authority is limited to the artifact's documented scope,1.0.0
art_f90c435f976fcaee,review_only|model_use_allowed|training_allowed|source_truth_allowed|production_approved|substrate_row_id|player_id_gsis|feature_season|target_season|position|feature_player_name|target_player_name|prior_nwr_points|prior_games|prior_nwr_ppg|prior_targets|prior_carries|prior_receptions|prior_rushing_yards|prior_receiving_yards|prior_receiving_air_yards|prior_receiving_yards_after_catch|prior_rushing_first_downs|prior_receiving_first_downs|prior_passing_attempts|prior_passing_completions|prior_passing_yards|prior_passing_td|prior_interceptions|prior_passing_first_downs|...(+21 columns),LATER_OUTCOME_RESEARCH,CANONICAL_REVIEW_ONLY,,LIVE_HQ,loc_1e97d99f482ca24a880d524f,,,,true,false,NO_DUPLICATE_FLAG,NOT_SUPERSEDED,SEPARATE_LEDGER_CONTROLS,REGISTERED_METADATA_ONLY,SOURCE_INVENTORY_SHA256_RECORDED,22c7aa9ecb8567d0ff795809d075f8f8ac91a3dfe56e7a31f8a328ba99c9b99f,5518,review_only|model_use_allowed|training_allowed|source_truth_allowed|production_approved|substrate_row_id|player_id_gsis|feature_season|target_season|position|feature_player_name|target_player_name|prior_nwr_points|prior_games|prior_nwr_ppg|prior_targets|prior_carries|prior_receptions|prior_rushing_yards|prior_receiving_yards|prior_receiving_air_yards|prior_receiving_yards_after_catch|prior_rushing_first_downs|prior_receiving_first_downs|prior_passing_attempts|prior_passing_completions|prior_passing_yards|prior_passing_td|prior_interceptions|prior_passing_first_downs|...(+21 columns),versioned June-July 2026 review snapshots,review-only; formula work paused; current proxy/zero encodings cannot become evidence truth; retain scoring/window semantics,1.0.0
art_f92fca00d2e33dd9,markdown/text,ROOKIE_SEASON_AND_MULTI_YEAR_OUTCOME,SUPPORTING_EVIDENCE,,LIVE_HQ,loc_1ff34ea71d4ed21bf4b714bf,,,,false,true,NO_DUPLICATE_FLAG,NOT_SUPERSEDED,SEPARATE_LEDGER_CONTROLS,REGISTERED_METADATA_ONLY,SOURCE_INVENTORY_SHA256_RECORDED,cbe08b607e9abe5d10b8a197fe258ee039bba84af072fad508e020b80e23a736,N/A,markdown/text,packet-specific 2026 receipts,authority is limited to the artifact's documented scope,1.0.0
art_f945c2fdae6bc07a,markdown/text,DRAFT_EVENT,SUPPORTING_EVIDENCE,,LIVE_HQ,loc_67e462d3254143b7b3a40ede,,,,false,true,NO_DUPLICATE_FLAG,NOT_SUPERSEDED,SEPARATE_LEDGER_CONTROLS,REGISTERED_METADATA_ONLY,SOURCE_INVENTORY_SHA256_RECORDED,0f815a322b8c530c1ee63dc9deb9c4cb9aedcd0e9dcad5abf687ddb8ead565fc,N/A,markdown/text,June 30 2026 snapshot; source acquisition receipt incomplete,"2,514 likely-UDFA rows are provisional; tracked builder/input receipt is missing",1.0.0
art_f973c57df1e205d2,source_family|field_pattern|classification|source_status|allowed_surfaces|private_football_value_allowed|market_liquidity_allowed|confidence_effect|receipt_requirement|leakage_rule|missing_data_rule|notes|direct_scoring_allowed|talent_signal_allowed|role_signal_allowed|admitted_only_if_join_status_matched,PRE_DRAFT_TO_MULTI_YEAR_LEGACY,SUPPORTING_EVIDENCE,,LIVE_HQ,loc_14b20acbdcd265d57da1ca2c,,,,false,true,NO_DUPLICATE_FLAG,NOT_SUPERSEDED,SEPARATE_LEDGER_CONTROLS,REGISTERED_METADATA_ONLY,SOURCE_INVENTORY_SHA256_RECORDED,33fb98d2bb8a7e8631406b9f2a0cc72ff03c9a755916eafcfb270c7d326de0d0,36,source_family|field_pattern|classification|source_status|allowed_surfaces|private_football_value_allowed|market_liquidity_allowed|confidence_effect|receipt_requirement|leakage_rule|missing_data_rule|notes|direct_scoring_allowed|talent_signal_allowed|role_signal_allowed|admitted_only_if_join_status_matched,legacy baseline; superseded by June 29-30 review-only gates,legacy source/use claims are superseded; provider content and name-key joins are restricted,1.0.0
art_f98ca934ff97f56e,py,LATER_OUTCOME_RESEARCH,SUPPORTING_EVIDENCE,,LIVE_HQ,loc_4a17ab33659746aece9d817c,,,,false,true,NO_DUPLICATE_FLAG,NOT_SUPERSEDED,SEPARATE_LEDGER_CONTROLS,REGISTERED_METADATA_ONLY,SOURCE_INVENTORY_SHA256_RECORDED,bbaec148c2edd1c57ace89d371357180228e65ba5e1d15ca8e04bb9c9f054e34,N/A,py,versioned June-July 2026 review snapshots,review-only; formula work paused; current proxy/zero encodings cannot become evidence truth; retain scoring/window semantics,1.0.0
art_f9a455b0cd4232c1,blocker_id|gate|required_evidence|pass_condition|failure_status|notes,ROOKIE_SEASON_AND_MULTI_YEAR_OUTCOME,SUPPORTING_EVIDENCE,,LIVE_HQ,loc_97dc599237a4332cfd101948,,,,false,true,NO_DUPLICATE_FLAG,NOT_SUPERSEDED,SEPARATE_LEDGER_CONTROLS,REGISTERED_METADATA_ONLY,SOURCE_INVENTORY_SHA256_RECORDED,5809d1349f54a9c13a0c0a3533e733525eea603231f305916cd65343b8875341,15,blocker_id|gate|required_evidence|pass_condition|failure_status|notes,packet-specific 2026 receipts,authority is limited to the artifact's documented scope,1.0.0
art_f9a68c7aba88a6e3,markdown/text,ROOKIE_SEASON_AND_MULTI_YEAR_OUTCOME,SUPPORTING_EVIDENCE,,LOCAL_ONLY,loc_73d4e7ccb0e5fe4c0dd1ce0c,,,,false,true,NO_DUPLICATE_FLAG,NOT_SUPERSEDED,SEPARATE_LEDGER_CONTROLS,REGISTERED_METADATA_ONLY,SOURCE_INVENTORY_SHA256_RECORDED,121c715cc38c9cc6163a266a489f7ed63e2efe2c4cfc6fb70398d035ddff1049,N/A,markdown/text,packet-specific 2026 receipts,not tracked at live HQ HEAD,1.0.0
art_f9c4e57a60a93d9c,markdown/text,ROOKIE_SEASON_AND_MULTI_YEAR_OUTCOME,SUPPORTING_EVIDENCE,,LIVE_HQ,loc_6403a6178606602f1af2d58f,,,,false,true,NO_DUPLICATE_FLAG,NOT_SUPERSEDED,SEPARATE_LEDGER_CONTROLS,REGISTERED_METADATA_ONLY,SOURCE_INVENTORY_SHA256_RECORDED,096874188264a2c0b05585cf947b97c671597ef7a0795a948ecb880d602c4b63,N/A,markdown/text,packet-specific immutable runs; some local receipts only,multiple scoring/rank systems conflict; position-threshold applicability must be explicit,1.0.0
art_fa1299c639be5407,player_id|player_name|position|college_team|nfl_team_if_available|draft_year_if_available|cfbd_candidate_id|cfbd_name|cfbd_position|cfbd_team|cfbd_years|match_evidence|production_context_summary|ambiguity_flags|recommended_review_decision|human_decision|human_notes|approved_by_human|review_only|model_use_allowed|training_allowed,CROSS_LIFECYCLE_IDENTITY,DUPLICATE_EQUIVALENT,,LIVE_HQ,loc_d4841367c43a209644026f2f,,,,false,true,DUPLICATE_RECORDED,SUPERSEDED_RECORDED,SEPARATE_LEDGER_CONTROLS,REGISTERED_METADATA_ONLY,SOURCE_INVENTORY_SHA256_RECORDED,e121d53301f96240a724af5492cd19afb11246964b80aa222c3b1c921b10536f,213,player_id|player_name|position|college_team|nfl_team_if_available|draft_year_if_available|cfbd_candidate_id|cfbd_name|cfbd_position|cfbd_team|cfbd_years|match_evidence|production_context_summary|ambiguity_flags|recommended_review_decision|human_decision|human_notes|approved_by_human|review_only|model_use_allowed|training_allowed,2026-06-26 to 2026-06-29 review snapshots,contains 72 exact duplicate row groups / 72 excess rows; no dedup performed; human review approval is review-only; normalized name/position is not controlling identity,1.0.0
art_fa2de5c02990f102,player_id|player_name|position|team|current_nwr_rank|current_position_rank|current_nwr_score|formula_score|formula_score_before_overlay|position_formula_used|formula_implementation|formula_evidence_reference|position_rank|overall_rank|normalized_score|prior_nwr_points|prior_nwr_ppg|prior_games|prior_opportunities|sparse_history_overlay_eligible|sparse_history_overlay_applied|sparse_history_overlay_effect|veteran_decline_guardrail_flag|older_lifecycle_guardrail_flag|availability_rebound_context_flag|starter_depth_promotion_context_flag|snap_growth_role_promotion_context_flag|injury_availability_warning_flag|low_snap_depth_warning_flag|expected_opportunity_partial_window_flag|...(+24 columns),CROSS_LIFECYCLE_REVIEW_SIMULATION,LOCAL_ONLY_RESTRICTED,,OFF_HQ_BRANCH_ONLY,loc_4f518197eeba195711e3c206,,,,false,true,NO_DUPLICATE_FLAG,NOT_SUPERSEDED,NO_RECREATE_REQUIRED,REGISTERED_METADATA_ONLY,SOURCE_INVENTORY_SHA256_RECORDED,fc9f067f59d7c540148681be95ee3d436efe7ae6e4a27d7b4cef88a87cd62249,33,player_id|player_name|position|team|current_nwr_rank|current_position_rank|current_nwr_score|formula_score|formula_score_before_overlay|position_formula_used|formula_implementation|formula_evidence_reference|position_rank|overall_rank|normalized_score|prior_nwr_points|prior_nwr_ppg|prior_games|prior_opportunities|sparse_history_overlay_eligible|sparse_history_overlay_applied|sparse_history_overlay_effect|veteran_decline_guardrail_flag|older_lifecycle_guardrail_flag|availability_rebound_context_flag|starter_depth_promotion_context_flag|snap_growth_role_promotion_context_flag|injury_availability_warning_flag|low_snap_depth_warning_flag|expected_opportunity_partial_window_flag|...(+24 columns),off-HQ commit 2026-07-09; not ancestor of live HQ,"Off-HQ Git object is retained for audit discovery and no-recreate protection only; active evidence, migration, ranking, formula, training, production, and runtime use are blocked.",1.0.0
art_fa5af79b86ea64a7,source_name|url_or_local_path|source_type|visible_route_count_fields|seasons_covered|positions_covered|row_grain|player_id_fields|team_week_game_season_fields|licensing_terms_status|reproducibility_status|export_download_status|includes_actual_routes_run|includes_yprr_tprr|yprr_tprr_recomputable_from_route_count|missingness_risks|identity_risks|verdict|notes,ROOKIE_SEASON_AND_MULTI_YEAR_OUTCOME,SUPPORTING_EVIDENCE,,LIVE_HQ,loc_0b0e1d5b85ff3e6922a0d6b6,,,,false,true,NO_DUPLICATE_FLAG,NOT_SUPERSEDED,SEPARATE_LEDGER_CONTROLS,REGISTERED_METADATA_ONLY,SOURCE_INVENTORY_SHA256_RECORDED,0af3bae16e4d9947a3a08b8d604366b14ad3e406fac93ee436a5d4ccb1b26df5,16,source_name|url_or_local_path|source_type|visible_route_count_fields|seasons_covered|positions_covered|row_grain|player_id_fields|team_week_game_season_fields|licensing_terms_status|reproducibility_status|export_download_status|includes_actual_routes_run|includes_yprr_tprr|yprr_tprr_recomputable_from_route_count|missingness_risks|identity_risks|verdict|notes,packet-specific 2026 receipts,authority is limited to the artifact's documented scope,1.0.0
art_fa73506a4277dfaa,artifact|path|rows|sha256|display_only|diagnostic_only|model_use_allowed|app_wiring_allowed|blocked_source_scan|notes,ROOKIE_SEASON_AND_MULTI_YEAR_OUTCOME,SUPPORTING_EVIDENCE,,LOCAL_ONLY,loc_43aa454a1b2581ab6b75c6c3,,,,false,true,NO_DUPLICATE_FLAG,NOT_SUPERSEDED,SEPARATE_LEDGER_CONTROLS,REGISTERED_METADATA_ONLY,SOURCE_INVENTORY_SHA256_RECORDED,5d7a9ab1027fe45d137e9aac1080275d860515b01bafe55b60cd74c9a66e9db2,11,artifact|path|rows|sha256|display_only|diagnostic_only|model_use_allowed|app_wiring_allowed|blocked_source_scan|notes,packet-specific immutable runs; some local receipts only,multiple scoring/rank systems conflict; position-threshold applicability must be explicit; not tracked at live HQ HEAD,1.0.0
art_faa17d9f6b2745a1,py,PRODUCT_CONSUMER,SUPPORTING_EVIDENCE,,LIVE_HQ,loc_3e5faaea478845e56141baf8,,,,false,true,NO_DUPLICATE_FLAG,NOT_SUPERSEDED,SEPARATE_LEDGER_CONTROLS,REGISTERED_METADATA_ONLY,SOURCE_INVENTORY_SHA256_RECORDED,35a87553393986ed9a106539b0c327e863f223e2ca64f938137b95f27bd9fb30,N/A,py,live HQ at starting commit,authority is limited to the artifact's documented scope,1.0.0
art_faffc64f00456241,py,PRE_DRAFT_TO_MULTI_YEAR_LEGACY,SUPERSEDED,,LIVE_HQ,loc_156b54dec0046937eab1a06a,,,,false,true,NO_DUPLICATE_FLAG,SUPERSEDED_RECORDED,SEPARATE_LEDGER_CONTROLS,REGISTERED_METADATA_ONLY,SOURCE_INVENTORY_SHA256_RECORDED,f7593d3dd3611302f82da13d1c50a50fbfc2e85bd78cd12953a72b90a1eb1d27,N/A,py,legacy baseline; superseded by June 29-30 review-only gates,legacy source/use claims are superseded; provider content and name-key joins are restricted,1.0.0
art_fbb79dce80552c31,markdown/text,ROOKIE_SEASON_AND_MULTI_YEAR_OUTCOME,SUPPORTING_EVIDENCE,,LIVE_HQ,loc_d6c6d723a0ef8587f73d7321,,,,false,true,NO_DUPLICATE_FLAG,NOT_SUPERSEDED,SEPARATE_LEDGER_CONTROLS,REGISTERED_METADATA_ONLY,SOURCE_INVENTORY_SHA256_RECORDED,9946ba71c0e8feb341c9070e36b808bcdbe1e5a1b159cc7a8eafbb63bd168b6e,N/A,markdown/text,packet-specific immutable runs; some local receipts only,multiple scoring/rank systems conflict; position-threshold applicability must be explicit,1.0.0
art_fbead6bf197ef91e,algorithm_id|algorithm_family|algorithm_name|development_composite_score|development_next_points_spearman|development_future3_spearman|development_rank_mae|development_top_precision|development_top_recall|development_bust_avoidance|development_cornerstone_safety|holdout_composite_score|holdout_next_points_spearman|holdout_rank_mae|stress_2025_next_points_spearman|complexity_score|winner_selection_basis|family_winner_reason|deserves_finalist_consideration,ROOKIE_SEASON_AND_MULTI_YEAR_OUTCOME,SUPPORTING_EVIDENCE,,LOCAL_ONLY,loc_49d1e195a1bfa6d94fd1a082,,,,false,true,NO_DUPLICATE_FLAG,NOT_SUPERSEDED,SEPARATE_LEDGER_CONTROLS,REGISTERED_METADATA_ONLY,SOURCE_INVENTORY_SHA256_RECORDED,48ea35a3b582cf58279e4dd36ca750f0c79b33cc04a0f1912b1e1d5f34a9ec7f,6,algorithm_id|algorithm_family|algorithm_name|development_composite_score|development_next_points_spearman|development_future3_spearman|development_rank_mae|development_top_precision|development_top_recall|development_bust_avoidance|development_cornerstone_safety|holdout_composite_score|holdout_next_points_spearman|holdout_rank_mae|stress_2025_next_points_spearman|complexity_score|winner_selection_basis|family_winner_reason|deserves_finalist_consideration,packet-specific 2026 receipts,not tracked at live HQ HEAD,1.0.0
art_fc8679a60711bb3b,markdown/text,ROOKIE_SEASON_AND_MULTI_YEAR_OUTCOME,SUPPORTING_EVIDENCE,,LOCAL_ONLY,loc_ef1b31d3419704768429a38e,,,,false,true,NO_DUPLICATE_FLAG,NOT_SUPERSEDED,SEPARATE_LEDGER_CONTROLS,REGISTERED_METADATA_ONLY,SOURCE_INVENTORY_SHA256_RECORDED,6d87b62690e5b2dc46213722c2cddf62dd7fd4dfcdbbf7ab34ea21b88ac51c35,N/A,markdown/text,packet-specific 2026 receipts,not tracked at live HQ HEAD,1.0.0
art_fca3de3af153dff7,markdown/text,CROSS_LIFECYCLE_IDENTITY,SUPPORTING_EVIDENCE,,LIVE_HQ,loc_099da455e71c49da6af4bf9b,,,,false,true,NO_DUPLICATE_FLAG,NOT_SUPERSEDED,SEPARATE_LEDGER_CONTROLS,REGISTERED_METADATA_ONLY,SOURCE_INVENTORY_SHA256_RECORDED,dc3fab062c1f29517f7ca13ee1a29b04e65ac262bc94a184ac979ed1af6d77c9,N/A,markdown/text,June 23-30 2026 snapshots,authority is limited to the artifact's documented scope,1.0.0
art_fcaa7bccef45f638,field_id|probability_band|rows|average_prediction|observed_rate|positive_count,ROOKIE_SEASON_AND_MULTI_YEAR_OUTCOME,SUPPORTING_EVIDENCE,,LOCAL_ONLY,loc_54055a807de2b44fa8482368,,,,false,true,NO_DUPLICATE_FLAG,NOT_SUPERSEDED,SEPARATE_LEDGER_CONTROLS,REGISTERED_METADATA_ONLY,SOURCE_INVENTORY_SHA256_RECORDED,276b8571cb51767664d9528e4b61b50858ab4a2edb37eac4e08eead809e86aa2,125,field_id|probability_band|rows|average_prediction|observed_rate|positive_count,packet-specific immutable runs; some local receipts only,multiple scoring/rank systems conflict; position-threshold applicability must be explicit; not tracked at live HQ HEAD,1.0.0
art_fce9663a26686dd6,markdown/text,PRE_DRAFT_TO_MULTI_YEAR_LEGACY,SUPPORTING_EVIDENCE,,LIVE_HQ,loc_8646a877b08433c1cdb7bb52,,,,false,true,NO_DUPLICATE_FLAG,NOT_SUPERSEDED,SEPARATE_LEDGER_CONTROLS,REGISTERED_METADATA_ONLY,SOURCE_INVENTORY_SHA256_RECORDED,6694dc8e2563c27372029f4086910d5c774c5a36c72f1eeac9b4900bc0e4d12d,N/A,markdown/text,legacy baseline; superseded by June 29-30 review-only gates,legacy source/use claims are superseded; provider content and name-key joins are restricted,1.0.0
art_fd33254841a75d7b,markdown/text,ROOKIE_SEASON_AND_MULTI_YEAR_OUTCOME,SUPPORTING_EVIDENCE,,LIVE_HQ,loc_66709a0c50a16d9a655c6729,,,,false,true,NO_DUPLICATE_FLAG,NOT_SUPERSEDED,SEPARATE_LEDGER_CONTROLS,REGISTERED_METADATA_ONLY,SOURCE_INVENTORY_SHA256_RECORDED,0eaf8b46288411dff0e23f0cfec5f453a2a9e76fcefc2bc95f2011d3e380bfb3,N/A,markdown/text,packet-specific immutable runs; some local receipts only,multiple scoring/rank systems conflict; position-threshold applicability must be explicit,1.0.0
art_fd62ea9444521f88,markdown/text,ROOKIE_SEASON_AND_MULTI_YEAR_OUTCOME,SUPPORTING_EVIDENCE,,LIVE_HQ,loc_2601bb7769a928bbe62a0d35,,,,false,true,NO_DUPLICATE_FLAG,NOT_SUPERSEDED,SEPARATE_LEDGER_CONTROLS,REGISTERED_METADATA_ONLY,SOURCE_INVENTORY_SHA256_RECORDED,50cc0693e61e0db9a9c0bcc9f12a49e5c3e4bb482a42de20170f3c49dfbe1473,N/A,markdown/text,packet-specific immutable runs; some local receipts only,multiple scoring/rank systems conflict; position-threshold applicability must be explicit,1.0.0
art_fd9ac030a4f55c17,metric|value|notes|review_only|model_use_allowed|training_allowed,DRAFT_EVENT_AND_POST_DRAFT_PRESEASON,SUPPORTING_EVIDENCE,,LIVE_HQ,loc_a9fa26dd7cd459fe66fd4084,,,,false,true,NO_DUPLICATE_FLAG,NOT_SUPERSEDED,SEPARATE_LEDGER_CONTROLS,REGISTERED_METADATA_ONLY,SOURCE_INVENTORY_SHA256_RECORDED,00f70daf878e3f257e0bb518d061279c3ab6cf3566ab2f5b3d2fe8c9a1974ea1,12,metric|value|notes|review_only|model_use_allowed|training_allowed,June 29-30 2026; no uniform row-level source timestamp,published counts may be duplicate-inflated; three distinct current records have no stable candidate ID,1.0.0
art_fda9a90f048c79f3,run_id|run_timestamp|artifact|source|rows|output_path|review_only|model_use_allowed|training_allowed|notes,CROSS_LIFECYCLE,SUPPORTING_EVIDENCE,,LOCAL_ONLY,loc_6d34327ac3725024e17e115c,,,,false,true,NO_DUPLICATE_FLAG,NOT_SUPERSEDED,SEPARATE_LEDGER_CONTROLS,REGISTERED_METADATA_ONLY,SOURCE_INVENTORY_SHA256_RECORDED,d7e716826a4394b383d4b2f878d8537ecad6abb62244c001ab4bec39a7a7a0fc,4,run_id|run_timestamp|artifact|source|rows|output_path|review_only|model_use_allowed|training_allowed|notes,packet-specific snapshot,not tracked at live HQ HEAD,1.0.0
art_fdb1139c441d2b2d,result_id|result_type|base_candidate_id|ingredient_family|ingredient|weight|position|rows_tested|candidate_spearman|pyf_spearman_same_rows|spearman_delta_vs_pyf|formula_alone_spearman_same_rows|spearman_delta_vs_formula_alone|delta_vs_0755_reference|delta_vs_snap_depth_0763_reference|startable_precision|pyf_startable_precision_same_rows|false_positives|pyf_false_positives_same_rows|false_negatives|pyf_false_negatives_same_rows|sparse_history_error_rate|low_games_error_rate|full_history_comparable|broad_window_comparable|partial_window_flag|interpretation|definition,DRAFT_EVENT,SUPPORTING_EVIDENCE,,LIVE_HQ,loc_98fddd5b1aedb6eca68c7110,,,,false,true,NO_DUPLICATE_FLAG,NOT_SUPERSEDED,SEPARATE_LEDGER_CONTROLS,REGISTERED_METADATA_ONLY,SOURCE_INVENTORY_SHA256_RECORDED,b6cd2443ac8c0aa073cd60add17a95b49ce6b54b2c15e01ce5f0a7802e9add72,72,result_id|result_type|base_candidate_id|ingredient_family|ingredient|weight|position|rows_tested|candidate_spearman|pyf_spearman_same_rows|spearman_delta_vs_pyf|formula_alone_spearman_same_rows|spearman_delta_vs_formula_alone|delta_vs_0755_reference|delta_vs_snap_depth_0763_reference|startable_precision|pyf_startable_precision_same_rows|false_positives|pyf_false_positives_same_rows|false_negatives|pyf_false_negatives_same_rows|sparse_history_error_rate|low_games_error_rate|full_history_comparable|broad_window_comparable|partial_window_flag|interpretation|definition,static completed draft events; source timestamps/receipt IDs incomplete in several derivatives,positive draft facts only; missing draft evidence remains unknown; current name+position joins are review-only,1.0.0
art_fdb5bb3d3befea6a,markdown/text,DRAFT_EVENT,SUPPORTING_EVIDENCE,,LIVE_HQ,loc_4607f36c7013b8631f14046b,,,,false,true,NO_DUPLICATE_FLAG,NOT_SUPERSEDED,SEPARATE_LEDGER_CONTROLS,REGISTERED_METADATA_ONLY,SOURCE_INVENTORY_SHA256_RECORDED,c81190e8692743ff25b979f19a18364f4ebf4bb052d3cad7ed35643ae3679f03,N/A,markdown/text,June 30 2026 packet snapshots,likely/confirmed-review-only must not be treated as verified undrafted truth,1.0.0
art_fdb95455c14be792,markdown/text,ROOKIE_SEASON_AND_MULTI_YEAR_OUTCOME,SUPPORTING_EVIDENCE,,LIVE_HQ,loc_9fd9c7608c1785ae80b69a78,,,,false,true,NO_DUPLICATE_FLAG,NOT_SUPERSEDED,SEPARATE_LEDGER_CONTROLS,REGISTERED_METADATA_ONLY,SOURCE_INVENTORY_SHA256_RECORDED,58ccbc0fa39ef2d09cbaa464c17298df5b6fce0e13d359a4a7886b8ba13ab1e9,N/A,markdown/text,packet-specific immutable runs; some local receipts only,multiple scoring/rank systems conflict; position-threshold applicability must be explicit,1.0.0
art_fdbed68ee4c51eaa,markdown/text,ROOKIE_SEASON_AND_MULTI_YEAR_OUTCOME,SUPPORTING_EVIDENCE,,LIVE_HQ,loc_c2837225c38e203ee422b253,,,,false,true,NO_DUPLICATE_FLAG,NOT_SUPERSEDED,SEPARATE_LEDGER_CONTROLS,REGISTERED_METADATA_ONLY,SOURCE_INVENTORY_SHA256_RECORDED,7a37a1860493dc674b586277266cd356d9e720fae3ca2588b8c44f41009e8206,N/A,markdown/text,packet-specific immutable runs; some local receipts only,multiple scoring/rank systems conflict; position-threshold applicability must be explicit,1.0.0
art_fe3ca3be2eafb6f7,markdown/text,ROOKIE_SEASON_AND_MULTI_YEAR_OUTCOME,SUPPORTING_EVIDENCE,,LIVE_HQ,loc_f40779cbf691a79603bf385a,,,,false,true,NO_DUPLICATE_FLAG,NOT_SUPERSEDED,SEPARATE_LEDGER_CONTROLS,REGISTERED_METADATA_ONLY,SOURCE_INVENTORY_SHA256_RECORDED,b7b342ef6041e75261e20f82568a519b8d07220fcb729b72f6e5ee5d954aa759,N/A,markdown/text,packet-specific immutable runs; some local receipts only,multiple scoring/rank systems conflict; position-threshold applicability must be explicit,1.0.0
art_fe41d72c04fc9843,markdown/text,ROOKIE_SEASON_AND_MULTI_YEAR_OUTCOME,SUPPORTING_EVIDENCE,,LIVE_HQ,loc_a79c1dbf7bdb81df2daa79a1,,,,false,true,NO_DUPLICATE_FLAG,NOT_SUPERSEDED,SEPARATE_LEDGER_CONTROLS,REGISTERED_METADATA_ONLY,SOURCE_INVENTORY_SHA256_RECORDED,7eefc993041854b15ca033fc00238a4c13a97b59434f3ac6ddc7547fa7d680d8,N/A,markdown/text,packet-specific immutable runs; some local receipts only,multiple scoring/rank systems conflict; position-threshold applicability must be explicit,1.0.0
art_fe8e2233fc02f8fc,markdown/text,CROSS_LIFECYCLE_IDENTITY,SUPPORTING_EVIDENCE,,LIVE_HQ,loc_994d13342ee308dc83a19d76,,,,false,true,NO_DUPLICATE_FLAG,NOT_SUPERSEDED,SEPARATE_LEDGER_CONTROLS,REGISTERED_METADATA_ONLY,SOURCE_INVENTORY_SHA256_RECORDED,fa9f47551a58a4df1c262a8f8c8ac35e038c121292663707cea143d5ab58a098,N/A,markdown/text,June 23-30 2026 snapshots,authority is limited to the artifact's documented scope,1.0.0
art_fedd19bb5662791e,markdown/text,PRE_DRAFT_TO_MULTI_YEAR_LEGACY,SUPPORTING_EVIDENCE,,LIVE_HQ,loc_96a5a0fc39cea251072e82dd,,,,false,true,NO_DUPLICATE_FLAG,NOT_SUPERSEDED,SEPARATE_LEDGER_CONTROLS,REGISTERED_METADATA_ONLY,SOURCE_INVENTORY_SHA256_RECORDED,bf9e521534d23652a98c09b3954de2ddd9ba537bc11d02a8601962bd445ca1cd,N/A,markdown/text,legacy baseline; superseded by June 29-30 review-only gates,legacy source/use claims are superseded; provider content and name-key joins are restricted,1.0.0
art_ff4d6303a4008e1a,markdown/text,LATER_OUTCOME_RESEARCH,SUPPORTING_EVIDENCE,,LIVE_HQ,loc_c0f2fbf159eb7fed8d7b594a,,,,false,true,NO_DUPLICATE_FLAG,NOT_SUPERSEDED,SEPARATE_LEDGER_CONTROLS,REGISTERED_METADATA_ONLY,SOURCE_INVENTORY_SHA256_RECORDED,07efabb0021fc9742d68a9bb82e58d7ab6b86868408a1ef5e3b11e233e6bbedb,N/A,markdown/text,July 9 2026 research snapshots,authority is limited to the artifact's documented scope,1.0.0
art_ff8b77d23c0e6e0a,field_id|position|threshold|horizon|display_label|complete_label_rows|positive_label_count|negative_label_count|censored_or_missing_rows|anchor_seasons|complete_anchor_season_count|feasibility_status|reason,ROOKIE_SEASON_AND_MULTI_YEAR_OUTCOME,SUPPORTING_EVIDENCE,,LIVE_HQ,loc_cc8ac84f804f32bc730e083b,,,,false,true,NO_DUPLICATE_FLAG,NOT_SUPERSEDED,SEPARATE_LEDGER_CONTROLS,REGISTERED_METADATA_ONLY,SOURCE_INVENTORY_SHA256_RECORDED,916252d7727ce03e1e3120375b45dd9dd539e09e47784a7118eee8515c993e63,36,field_id|position|threshold|horizon|display_label|complete_label_rows|positive_label_count|negative_label_count|censored_or_missing_rows|anchor_seasons|complete_anchor_season_count|feasibility_status|reason,packet-specific immutable runs; some local receipts only,multiple scoring/rank systems conflict; position-threshold applicability must be explicit,1.0.0
art_ff8e783bdc8e2f52,markdown/text,PRE_DRAFT,SOURCE_UNADMITTED,,LIVE_HQ,loc_2ada44cc219ef0b3414c3cde,,,,false,true,NO_DUPLICATE_FLAG,NOT_SUPERSEDED,SEPARATE_LEDGER_CONTROLS,REGISTERED_METADATA_ONLY,SOURCE_INVENTORY_SHA256_RECORDED,872683bf88ed2faff96089a48c31ec76144ef0fc9aef053b57564c92313ab140,N/A,markdown/text,run 2026-06-26; mutable source; row-level as-of incomplete,"raw cache remains outside Git; rights, hashes, and production gates are incomplete",1.0.0
art_ffd19de998611ab0,markdown/text,CROSS_LIFECYCLE,SUPPORTING_EVIDENCE,,LIVE_HQ,loc_1aa037e1f4dabda55852fb69,,,,false,true,NO_DUPLICATE_FLAG,NOT_SUPERSEDED,SEPARATE_LEDGER_CONTROLS,REGISTERED_METADATA_ONLY,SOURCE_INVENTORY_SHA256_RECORDED,f6b2a0936a75b9d7c89d29f7ad08f6ef33e490a6f6d9c85b46dbdd9c9827846c,N/A,markdown/text,packet-specific snapshot,authority is limited to the artifact's documented scope,1.0.0
