player_id,gsis_id,player_name,position,age,finished_v1_rank,evidence_state,outcome_calibration_status,sample_support,confidence,missing_reason,max_projection_adjustment,reason_code,release_identifier,QB_T12_NEXT_YEAR,QB_T12_THIS_YEAR,QB_T12_TWO_OF_NEXT_3Y,QB_T12_T_PLUS_2,QB_T12_WITHIN_3Y,QB_T12_WITHIN_5Y,QB_T6_NEXT_YEAR,QB_T6_THIS_YEAR,QB_T6_TWO_OF_NEXT_3Y,QB_T6_T_PLUS_2,QB_T6_WITHIN_3Y,QB_T6_WITHIN_5Y,RB_T12_NEXT_YEAR,RB_T12_THIS_YEAR,RB_T12_TWO_OF_NEXT_3Y,RB_T12_T_PLUS_2,RB_T12_WITHIN_3Y,RB_T12_WITHIN_5Y,RB_T24_NEXT_YEAR,RB_T24_THIS_YEAR,RB_T24_TWO_OF_NEXT_3Y,RB_T24_T_PLUS_2,RB_T24_WITHIN_3Y,RB_T24_WITHIN_5Y,RB_T36_NEXT_YEAR,RB_T36_THIS_YEAR,RB_T36_TWO_OF_NEXT_3Y,RB_T36_T_PLUS_2,RB_T36_WITHIN_3Y,RB_T36_WITHIN_5Y,RB_T6_NEXT_YEAR,RB_T6_THIS_YEAR,RB_T6_TWO_OF_NEXT_3Y,RB_T6_T_PLUS_2,RB_T6_WITHIN_3Y,RB_T6_WITHIN_5Y,TE_T12_NEXT_YEAR,TE_T12_THIS_YEAR,TE_T12_TWO_OF_NEXT_3Y,TE_T12_T_PLUS_2,TE_T12_WITHIN_3Y,TE_T12_WITHIN_5Y,TE_T6_NEXT_YEAR,TE_T6_THIS_YEAR,TE_T6_TWO_OF_NEXT_3Y,TE_T6_T_PLUS_2,TE_T6_WITHIN_3Y,TE_T6_WITHIN_5Y,WR_T12_NEXT_YEAR,WR_T12_THIS_YEAR,WR_T12_TWO_OF_NEXT_3Y,WR_T12_T_PLUS_2,WR_T12_WITHIN_3Y,WR_T12_WITHIN_5Y,WR_T24_NEXT_YEAR,WR_T24_THIS_YEAR,WR_T24_TWO_OF_NEXT_3Y,WR_T24_T_PLUS_2,WR_T24_WITHIN_3Y,WR_T24_WITHIN_5Y,WR_T36_NEXT_YEAR,WR_T36_THIS_YEAR,WR_T36_TWO_OF_NEXT_3Y,WR_T36_T_PLUS_2,WR_T36_WITHIN_3Y,WR_T36_WITHIN_5Y,WR_T6_NEXT_YEAR,WR_T6_THIS_YEAR,WR_T6_TWO_OF_NEXT_3Y,WR_T6_T_PLUS_2,WR_T6_WITHIN_3Y,WR_T6_WITHIN_5Y
9493,00-0039075,Puka Nacua,WR,,1,complete,OUTCOME_V3_BLOCKED_LOW_SAMPLE|OUTCOME_V3_BLOCKED_WEAK_CALIBRATION|OUTCOME_V3_DIRECTIONALLY_BETTER_NOT_ADOPTED|OUTCOME_V3_KEEP_CURRENT_BASELINE|OUTCOME_V3_UPGRADE_ADMISSIBLE,208-1373 labeled rows,Higher historical support|Limited historical support|Moderate historical support|Not enough information,,0.0,BASELINE_PROJECTION_OR_CURRENT_AUTHORITY_GATE_FAILED|BASELINE_WEAK_AND_NO_CHALLENGER_PASSED_ALL_GATES|CHALLENGER_PASSED_EVERY_FIELD_GATE|CURRENT_BASELINE_RETAINED|CURRENT_BASELINE_STRONGEST_OOF|DIRECTIONALLY_BETTER_BUT_ONE_OR_MORE_GATES_FAILED|HISTORICAL_SAMPLE_GATE_FAILED,NWR_OUTCOME_COLUMNS_V3_RC1,N/A,N/A,N/A,N/A,N/A,N/A,N/A,N/A,N/A,N/A,N/A,N/A,N/A,N/A,N/A,N/A,N/A,N/A,N/A,N/A,N/A,N/A,N/A,N/A,N/A,N/A,N/A,N/A,N/A,N/A,N/A,N/A,N/A,N/A,N/A,N/A,N/A,N/A,N/A,N/A,N/A,N/A,N/A,N/A,N/A,N/A,N/A,N/A,42.3%,41.2%,40.9%,Not enough information,72.0%,Not enough information,48.0%,Not enough information,55.2%,Not enough information,80.3%,Not enough information,56.4%,Not enough information,66.7%,Not enough information,86.9%,97.3%,36.8%,40.0%,Not enough information,Not enough information,62.9%,66.1%
9488,00-0038543,Jaxon Smith-Njigba,WR,,2,complete,OUTCOME_V3_BLOCKED_LOW_SAMPLE|OUTCOME_V3_BLOCKED_WEAK_CALIBRATION|OUTCOME_V3_DIRECTIONALLY_BETTER_NOT_ADOPTED|OUTCOME_V3_KEEP_CURRENT_BASELINE|OUTCOME_V3_UPGRADE_ADMISSIBLE,208-1373 labeled rows,Higher historical support|Limited historical support|Moderate historical support|Not enough information,,0.0,BASELINE_PROJECTION_OR_CURRENT_AUTHORITY_GATE_FAILED|BASELINE_WEAK_AND_NO_CHALLENGER_PASSED_ALL_GATES|CHALLENGER_PASSED_EVERY_FIELD_GATE|CURRENT_BASELINE_RETAINED|CURRENT_BASELINE_STRONGEST_OOF|DIRECTIONALLY_BETTER_BUT_ONE_OR_MORE_GATES_FAILED|HISTORICAL_SAMPLE_GATE_FAILED,NWR_OUTCOME_COLUMNS_V3_RC1,N/A,N/A,N/A,N/A,N/A,N/A,N/A,N/A,N/A,N/A,N/A,N/A,N/A,N/A,N/A,N/A,N/A,N/A,N/A,N/A,N/A,N/A,N/A,N/A,N/A,N/A,N/A,N/A,N/A,N/A,N/A,N/A,N/A,N/A,N/A,N/A,N/A,N/A,N/A,N/A,N/A,N/A,N/A,N/A,N/A,N/A,N/A,N/A,42.3%,41.2%,40.9%,Not enough information,72.0%,Not enough information,48.0%,Not enough information,55.2%,Not enough information,80.3%,Not enough information,56.4%,Not enough information,66.7%,Not enough information,86.9%,97.3%,36.8%,40.0%,Not enough information,Not enough information,62.9%,66.1%
9509,00-0038542,Bijan Robinson,RB,,3,complete,OUTCOME_V3_BLOCKED_LOW_SAMPLE|OUTCOME_V3_BLOCKED_WEAK_CALIBRATION|OUTCOME_V3_DIRECTIONALLY_BETTER_NOT_ADOPTED|OUTCOME_V3_KEEP_CURRENT_BASELINE|OUTCOME_V3_UPGRADE_ADMISSIBLE,95-892 labeled rows,Higher historical support|Limited historical support|Moderate historical support|Not enough information,,0.0,BASELINE_PROJECTION_OR_CURRENT_AUTHORITY_GATE_FAILED|BASELINE_WEAK_AND_NO_CHALLENGER_PASSED_ALL_GATES|CHALLENGER_PASSED_EVERY_FIELD_GATE|CURRENT_BASELINE_RETAINED|DIRECTIONALLY_BETTER_BUT_ONE_OR_MORE_GATES_FAILED|HISTORICAL_SAMPLE_GATE_FAILED,NWR_OUTCOME_COLUMNS_V3_RC1,N/A,N/A,N/A,N/A,N/A,N/A,N/A,N/A,N/A,N/A,N/A,N/A,Not enough information,43.2%,33.9%,30.2%,72.4%,Not enough information,Not enough information,63.0%,55.0%,42.4%,84.9%,95.2%,55.7%,80.6%,68.0%,52.0%,94.4%,Not enough information,21.5%,35.4%,Not enough information,Not enough information,61.3%,Not enough information,N/A,N/A,N/A,N/A,N/A,N/A,N/A,N/A,N/A,N/A,N/A,N/A,N/A,N/A,N/A,N/A,N/A,N/A,N/A,N/A,N/A,N/A,N/A,N/A,N/A,N/A,N/A,N/A,N/A,N/A,N/A,N/A,N/A,N/A,N/A,N/A
6813,00-0036223,Jonathan Taylor,RB,,4,complete,OUTCOME_V3_BLOCKED_LOW_SAMPLE|OUTCOME_V3_BLOCKED_WEAK_CALIBRATION|OUTCOME_V3_DIRECTIONALLY_BETTER_NOT_ADOPTED|OUTCOME_V3_KEEP_CURRENT_BASELINE|OUTCOME_V3_UPGRADE_ADMISSIBLE,95-892 labeled rows,Higher historical support|Limited historical support|Moderate historical support|Not enough information,,0.0,BASELINE_PROJECTION_OR_CURRENT_AUTHORITY_GATE_FAILED|BASELINE_WEAK_AND_NO_CHALLENGER_PASSED_ALL_GATES|CHALLENGER_PASSED_EVERY_FIELD_GATE|CURRENT_BASELINE_RETAINED|DIRECTIONALLY_BETTER_BUT_ONE_OR_MORE_GATES_FAILED|HISTORICAL_SAMPLE_GATE_FAILED,NWR_OUTCOME_COLUMNS_V3_RC1,N/A,N/A,N/A,N/A,N/A,N/A,N/A,N/A,N/A,N/A,N/A,N/A,Not enough information,43.2%,33.9%,30.2%,72.4%,Not enough information,Not enough information,63.0%,55.0%,42.4%,84.9%,95.2%,55.7%,80.6%,68.0%,52.0%,94.4%,Not enough information,21.5%,35.4%,Not enough information,Not enough information,61.3%,Not enough information,N/A,N/A,N/A,N/A,N/A,N/A,N/A,N/A,N/A,N/A,N/A,N/A,N/A,N/A,N/A,N/A,N/A,N/A,N/A,N/A,N/A,N/A,N/A,N/A,N/A,N/A,N/A,N/A,N/A,N/A,N/A,N/A,N/A,N/A,N/A,N/A
9221,00-0039139,Jahmyr Gibbs,RB,,5,complete,OUTCOME_V3_BLOCKED_LOW_SAMPLE|OUTCOME_V3_BLOCKED_WEAK_CALIBRATION|OUTCOME_V3_DIRECTIONALLY_BETTER_NOT_ADOPTED|OUTCOME_V3_KEEP_CURRENT_BASELINE|OUTCOME_V3_UPGRADE_ADMISSIBLE,95-892 labeled rows,Higher historical support|Limited historical support|Moderate historical support|Not enough information,,0.0,BASELINE_PROJECTION_OR_CURRENT_AUTHORITY_GATE_FAILED|BASELINE_WEAK_AND_NO_CHALLENGER_PASSED_ALL_GATES|CHALLENGER_PASSED_EVERY_FIELD_GATE|CURRENT_BASELINE_RETAINED|DIRECTIONALLY_BETTER_BUT_ONE_OR_MORE_GATES_FAILED|HISTORICAL_SAMPLE_GATE_FAILED,NWR_OUTCOME_COLUMNS_V3_RC1,N/A,N/A,N/A,N/A,N/A,N/A,N/A,N/A,N/A,N/A,N/A,N/A,Not enough information,43.2%,33.9%,30.2%,72.4%,Not enough information,Not enough information,63.0%,55.0%,42.4%,84.9%,95.2%,55.7%,80.6%,68.0%,52.0%,94.4%,Not enough information,21.5%,35.4%,Not enough information,Not enough information,61.3%,Not enough information,N/A,N/A,N/A,N/A,N/A,N/A,N/A,N/A,N/A,N/A,N/A,N/A,N/A,N/A,N/A,N/A,N/A,N/A,N/A,N/A,N/A,N/A,N/A,N/A,N/A,N/A,N/A,N/A,N/A,N/A,N/A,N/A,N/A,N/A,N/A,N/A
7564,00-0036900,Ja'Marr Chase,WR,,6,complete,OUTCOME_V3_BLOCKED_LOW_SAMPLE|OUTCOME_V3_BLOCKED_WEAK_CALIBRATION|OUTCOME_V3_DIRECTIONALLY_BETTER_NOT_ADOPTED|OUTCOME_V3_KEEP_CURRENT_BASELINE|OUTCOME_V3_UPGRADE_ADMISSIBLE,208-1373 labeled rows,Higher historical support|Limited historical support|Moderate historical support|Not enough information,,0.0,BASELINE_PROJECTION_OR_CURRENT_AUTHORITY_GATE_FAILED|BASELINE_WEAK_AND_NO_CHALLENGER_PASSED_ALL_GATES|CHALLENGER_PASSED_EVERY_FIELD_GATE|CURRENT_BASELINE_RETAINED|CURRENT_BASELINE_STRONGEST_OOF|DIRECTIONALLY_BETTER_BUT_ONE_OR_MORE_GATES_FAILED|HISTORICAL_SAMPLE_GATE_FAILED,NWR_OUTCOME_COLUMNS_V3_RC1,N/A,N/A,N/A,N/A,N/A,N/A,N/A,N/A,N/A,N/A,N/A,N/A,N/A,N/A,N/A,N/A,N/A,N/A,N/A,N/A,N/A,N/A,N/A,N/A,N/A,N/A,N/A,N/A,N/A,N/A,N/A,N/A,N/A,N/A,N/A,N/A,N/A,N/A,N/A,N/A,N/A,N/A,N/A,N/A,N/A,N/A,N/A,N/A,42.3%,41.2%,40.9%,Not enough information,72.0%,Not enough information,48.0%,Not enough information,55.2%,Not enough information,80.3%,Not enough information,56.4%,Not enough information,66.7%,Not enough information,86.9%,97.3%,36.8%,40.0%,Not enough information,Not enough information,62.9%,66.1%
7547,00-0036963,Amon-Ra St. Brown,WR,,7,complete,OUTCOME_V3_BLOCKED_LOW_SAMPLE|OUTCOME_V3_BLOCKED_WEAK_CALIBRATION|OUTCOME_V3_DIRECTIONALLY_BETTER_NOT_ADOPTED|OUTCOME_V3_KEEP_CURRENT_BASELINE|OUTCOME_V3_UPGRADE_ADMISSIBLE,208-1373 labeled rows,Higher historical support|Limited historical support|Moderate historical support|Not enough information,,0.0,BASELINE_PROJECTION_OR_CURRENT_AUTHORITY_GATE_FAILED|BASELINE_WEAK_AND_NO_CHALLENGER_PASSED_ALL_GATES|CHALLENGER_PASSED_EVERY_FIELD_GATE|CURRENT_BASELINE_RETAINED|CURRENT_BASELINE_STRONGEST_OOF|DIRECTIONALLY_BETTER_BUT_ONE_OR_MORE_GATES_FAILED|HISTORICAL_SAMPLE_GATE_FAILED,NWR_OUTCOME_COLUMNS_V3_RC1,N/A,N/A,N/A,N/A,N/A,N/A,N/A,N/A,N/A,N/A,N/A,N/A,N/A,N/A,N/A,N/A,N/A,N/A,N/A,N/A,N/A,N/A,N/A,N/A,N/A,N/A,N/A,N/A,N/A,N/A,N/A,N/A,N/A,N/A,N/A,N/A,N/A,N/A,N/A,N/A,N/A,N/A,N/A,N/A,N/A,N/A,N/A,N/A,42.3%,41.2%,40.9%,Not enough information,72.0%,Not enough information,48.0%,Not enough information,55.2%,Not enough information,80.3%,Not enough information,56.4%,Not enough information,66.7%,Not enough information,86.9%,97.3%,36.8%,40.0%,Not enough information,Not enough information,62.9%,66.1%
8130,00-0037744,Trey McBride,TE,,8,complete,OUTCOME_V3_BLOCKED_WEAK_CALIBRATION|OUTCOME_V3_KEEP_CURRENT_BASELINE,119-769 labeled rows,Limited historical support|Moderate historical support,,0.0,BASELINE_WEAK_AND_NO_CHALLENGER_PASSED_ALL_GATES|CURRENT_BASELINE_RETAINED,NWR_OUTCOME_COLUMNS_V3_RC1,N/A,N/A,N/A,N/A,N/A,N/A,N/A,N/A,N/A,N/A,N/A,N/A,N/A,N/A,N/A,N/A,N/A,N/A,N/A,N/A,N/A,N/A,N/A,N/A,N/A,N/A,N/A,N/A,N/A,N/A,N/A,N/A,N/A,N/A,N/A,N/A,39.9%,49.5%,44.2%,35.3%,75.0%,Not enough information,34.3%,46.2%,40.9%,30.5%,65.3%,89.9%,N/A,N/A,N/A,N/A,N/A,N/A,N/A,N/A,N/A,N/A,N/A,N/A,N/A,N/A,N/A,N/A,N/A,N/A,N/A,N/A,N/A,N/A,N/A,N/A
9226,00-0039040,De'Von Achane,RB,,9,complete,OUTCOME_V3_BLOCKED_LOW_SAMPLE|OUTCOME_V3_BLOCKED_WEAK_CALIBRATION|OUTCOME_V3_DIRECTIONALLY_BETTER_NOT_ADOPTED|OUTCOME_V3_KEEP_CURRENT_BASELINE|OUTCOME_V3_UPGRADE_ADMISSIBLE,95-892 labeled rows,Higher historical support|Limited historical support|Moderate historical support|Not enough information,,0.0,BASELINE_PROJECTION_OR_CURRENT_AUTHORITY_GATE_FAILED|BASELINE_WEAK_AND_NO_CHALLENGER_PASSED_ALL_GATES|CHALLENGER_PASSED_EVERY_FIELD_GATE|CURRENT_BASELINE_RETAINED|DIRECTIONALLY_BETTER_BUT_ONE_OR_MORE_GATES_FAILED|HISTORICAL_SAMPLE_GATE_FAILED,NWR_OUTCOME_COLUMNS_V3_RC1,N/A,N/A,N/A,N/A,N/A,N/A,N/A,N/A,N/A,N/A,N/A,N/A,Not enough information,43.2%,33.9%,30.2%,72.4%,Not enough information,Not enough information,63.0%,55.0%,42.4%,84.9%,95.2%,55.7%,80.6%,68.0%,52.0%,94.4%,Not enough information,16.2%,17.8%,Not enough information,Not enough information,34.7%,Not enough information,N/A,N/A,N/A,N/A,N/A,N/A,N/A,N/A,N/A,N/A,N/A,N/A,N/A,N/A,N/A,N/A,N/A,N/A,N/A,N/A,N/A,N/A,N/A,N/A,N/A,N/A,N/A,N/A,N/A,N/A,N/A,N/A,N/A,N/A,N/A,N/A
8137,00-0037247,George Pickens,WR,,10,complete,OUTCOME_V3_BLOCKED_LOW_SAMPLE|OUTCOME_V3_BLOCKED_WEAK_CALIBRATION|OUTCOME_V3_DIRECTIONALLY_BETTER_NOT_ADOPTED|OUTCOME_V3_KEEP_CURRENT_BASELINE|OUTCOME_V3_UPGRADE_ADMISSIBLE,208-1373 labeled rows,Higher historical support|Limited historical support|Moderate historical support|Not enough information,,0.0,BASELINE_PROJECTION_OR_CURRENT_AUTHORITY_GATE_FAILED|BASELINE_WEAK_AND_NO_CHALLENGER_PASSED_ALL_GATES|CHALLENGER_PASSED_EVERY_FIELD_GATE|CURRENT_BASELINE_RETAINED|CURRENT_BASELINE_STRONGEST_OOF|DIRECTIONALLY_BETTER_BUT_ONE_OR_MORE_GATES_FAILED|HISTORICAL_SAMPLE_GATE_FAILED,NWR_OUTCOME_COLUMNS_V3_RC1,N/A,N/A,N/A,N/A,N/A,N/A,N/A,N/A,N/A,N/A,N/A,N/A,N/A,N/A,N/A,N/A,N/A,N/A,N/A,N/A,N/A,N/A,N/A,N/A,N/A,N/A,N/A,N/A,N/A,N/A,N/A,N/A,N/A,N/A,N/A,N/A,N/A,N/A,N/A,N/A,N/A,N/A,N/A,N/A,N/A,N/A,N/A,N/A,42.3%,41.2%,40.9%,Not enough information,72.0%,Not enough information,48.0%,Not enough information,55.2%,Not enough information,80.3%,Not enough information,56.4%,Not enough information,66.7%,Not enough information,86.9%,97.3%,36.8%,40.0%,Not enough information,Not enough information,62.9%,66.1%
8138,00-0037248,James Cook,RB,,11,complete,OUTCOME_V3_BLOCKED_LOW_SAMPLE|OUTCOME_V3_BLOCKED_WEAK_CALIBRATION|OUTCOME_V3_DIRECTIONALLY_BETTER_NOT_ADOPTED|OUTCOME_V3_KEEP_CURRENT_BASELINE|OUTCOME_V3_UPGRADE_ADMISSIBLE,95-892 labeled rows,Higher historical support|Limited historical support|Moderate historical support|Not enough information,,0.0,BASELINE_PROJECTION_OR_CURRENT_AUTHORITY_GATE_FAILED|BASELINE_WEAK_AND_NO_CHALLENGER_PASSED_ALL_GATES|CHALLENGER_PASSED_EVERY_FIELD_GATE|CURRENT_BASELINE_RETAINED|DIRECTIONALLY_BETTER_BUT_ONE_OR_MORE_GATES_FAILED|HISTORICAL_SAMPLE_GATE_FAILED,NWR_OUTCOME_COLUMNS_V3_RC1,N/A,N/A,N/A,N/A,N/A,N/A,N/A,N/A,N/A,N/A,N/A,N/A,Not enough information,43.2%,33.9%,30.2%,72.4%,Not enough information,Not enough information,63.0%,55.0%,42.4%,84.9%,95.2%,55.7%,80.6%,68.0%,52.0%,94.4%,Not enough information,21.5%,35.4%,Not enough information,Not enough information,61.3%,Not enough information,N/A,N/A,N/A,N/A,N/A,N/A,N/A,N/A,N/A,N/A,N/A,N/A,N/A,N/A,N/A,N/A,N/A,N/A,N/A,N/A,N/A,N/A,N/A,N/A,N/A,N/A,N/A,N/A,N/A,N/A,N/A,N/A,N/A,N/A,N/A,N/A
9997,00-0039064,Zay Flowers,WR,,12,complete,OUTCOME_V3_BLOCKED_LOW_SAMPLE|OUTCOME_V3_BLOCKED_WEAK_CALIBRATION|OUTCOME_V3_DIRECTIONALLY_BETTER_NOT_ADOPTED|OUTCOME_V3_KEEP_CURRENT_BASELINE|OUTCOME_V3_UPGRADE_ADMISSIBLE,208-1373 labeled rows,Higher historical support|Limited historical support|Moderate historical support|Not enough information,,0.0,BASELINE_PROJECTION_OR_CURRENT_AUTHORITY_GATE_FAILED|BASELINE_WEAK_AND_NO_CHALLENGER_PASSED_ALL_GATES|CHALLENGER_PASSED_EVERY_FIELD_GATE|CURRENT_BASELINE_RETAINED|CURRENT_BASELINE_STRONGEST_OOF|DIRECTIONALLY_BETTER_BUT_ONE_OR_MORE_GATES_FAILED|HISTORICAL_SAMPLE_GATE_FAILED,NWR_OUTCOME_COLUMNS_V3_RC1,N/A,N/A,N/A,N/A,N/A,N/A,N/A,N/A,N/A,N/A,N/A,N/A,N/A,N/A,N/A,N/A,N/A,N/A,N/A,N/A,N/A,N/A,N/A,N/A,N/A,N/A,N/A,N/A,N/A,N/A,N/A,N/A,N/A,N/A,N/A,N/A,N/A,N/A,N/A,N/A,N/A,N/A,N/A,N/A,N/A,N/A,N/A,N/A,42.3%,41.2%,40.9%,Not enough information,72.0%,Not enough information,48.0%,Not enough information,55.2%,Not enough information,80.3%,Not enough information,56.4%,Not enough information,66.7%,Not enough information,86.9%,97.3%,16.5%,12.3%,Not enough information,Not enough information,30.2%,40.0%
5859,00-0035676,A.J. Brown,WR,,13,complete,OUTCOME_V3_BLOCKED_LOW_SAMPLE|OUTCOME_V3_BLOCKED_WEAK_CALIBRATION|OUTCOME_V3_DIRECTIONALLY_BETTER_NOT_ADOPTED|OUTCOME_V3_KEEP_CURRENT_BASELINE|OUTCOME_V3_UPGRADE_ADMISSIBLE,208-1373 labeled rows,Higher historical support|Limited historical support|Moderate historical support|Not enough information,,0.0,BASELINE_PROJECTION_OR_CURRENT_AUTHORITY_GATE_FAILED|BASELINE_WEAK_AND_NO_CHALLENGER_PASSED_ALL_GATES|CHALLENGER_PASSED_EVERY_FIELD_GATE|CURRENT_BASELINE_RETAINED|CURRENT_BASELINE_STRONGEST_OOF|DIRECTIONALLY_BETTER_BUT_ONE_OR_MORE_GATES_FAILED|HISTORICAL_SAMPLE_GATE_FAILED,NWR_OUTCOME_COLUMNS_V3_RC1,N/A,N/A,N/A,N/A,N/A,N/A,N/A,N/A,N/A,N/A,N/A,N/A,N/A,N/A,N/A,N/A,N/A,N/A,N/A,N/A,N/A,N/A,N/A,N/A,N/A,N/A,N/A,N/A,N/A,N/A,N/A,N/A,N/A,N/A,N/A,N/A,N/A,N/A,N/A,N/A,N/A,N/A,N/A,N/A,N/A,N/A,N/A,N/A,17.1%,23.8%,16.7%,Not enough information,65.5%,Not enough information,48.0%,Not enough information,55.2%,Not enough information,80.3%,Not enough information,56.4%,Not enough information,66.7%,Not enough information,86.9%,97.3%,8.5%,9.9%,Not enough information,Not enough information,24.4%,42.3%
8144,00-0037239,Chris Olave,WR,,14,complete,OUTCOME_V3_BLOCKED_LOW_SAMPLE|OUTCOME_V3_BLOCKED_WEAK_CALIBRATION|OUTCOME_V3_DIRECTIONALLY_BETTER_NOT_ADOPTED|OUTCOME_V3_KEEP_CURRENT_BASELINE|OUTCOME_V3_UPGRADE_ADMISSIBLE,208-1373 labeled rows,Higher historical support|Limited historical support|Moderate historical support|Not enough information,,0.0,BASELINE_PROJECTION_OR_CURRENT_AUTHORITY_GATE_FAILED|BASELINE_WEAK_AND_NO_CHALLENGER_PASSED_ALL_GATES|CHALLENGER_PASSED_EVERY_FIELD_GATE|CURRENT_BASELINE_RETAINED|CURRENT_BASELINE_STRONGEST_OOF|DIRECTIONALLY_BETTER_BUT_ONE_OR_MORE_GATES_FAILED|HISTORICAL_SAMPLE_GATE_FAILED,NWR_OUTCOME_COLUMNS_V3_RC1,N/A,N/A,N/A,N/A,N/A,N/A,N/A,N/A,N/A,N/A,N/A,N/A,N/A,N/A,N/A,N/A,N/A,N/A,N/A,N/A,N/A,N/A,N/A,N/A,N/A,N/A,N/A,N/A,N/A,N/A,N/A,N/A,N/A,N/A,N/A,N/A,N/A,N/A,N/A,N/A,N/A,N/A,N/A,N/A,N/A,N/A,N/A,N/A,42.3%,41.2%,40.9%,Not enough information,72.0%,Not enough information,48.0%,Not enough information,55.2%,Not enough information,80.3%,Not enough information,56.4%,Not enough information,66.7%,Not enough information,86.9%,97.3%,36.8%,40.0%,Not enough information,Not enough information,62.9%,66.1%
8150,00-0037840,Kyren Williams,RB,,15,complete,OUTCOME_V3_BLOCKED_LOW_SAMPLE|OUTCOME_V3_BLOCKED_WEAK_CALIBRATION|OUTCOME_V3_DIRECTIONALLY_BETTER_NOT_ADOPTED|OUTCOME_V3_KEEP_CURRENT_BASELINE|OUTCOME_V3_UPGRADE_ADMISSIBLE,95-892 labeled rows,Higher historical support|Limited historical support|Moderate historical support|Not enough information,,0.0,BASELINE_PROJECTION_OR_CURRENT_AUTHORITY_GATE_FAILED|BASELINE_WEAK_AND_NO_CHALLENGER_PASSED_ALL_GATES|CHALLENGER_PASSED_EVERY_FIELD_GATE|CURRENT_BASELINE_RETAINED|DIRECTIONALLY_BETTER_BUT_ONE_OR_MORE_GATES_FAILED|HISTORICAL_SAMPLE_GATE_FAILED,NWR_OUTCOME_COLUMNS_V3_RC1,N/A,N/A,N/A,N/A,N/A,N/A,N/A,N/A,N/A,N/A,N/A,N/A,Not enough information,43.2%,33.9%,30.2%,72.4%,Not enough information,Not enough information,63.0%,55.0%,42.4%,84.9%,95.2%,55.7%,80.6%,68.0%,52.0%,94.4%,Not enough information,16.2%,17.8%,Not enough information,Not enough information,34.7%,Not enough information,N/A,N/A,N/A,N/A,N/A,N/A,N/A,N/A,N/A,N/A,N/A,N/A,N/A,N/A,N/A,N/A,N/A,N/A,N/A,N/A,N/A,N/A,N/A,N/A,N/A,N/A,N/A,N/A,N/A,N/A,N/A,N/A,N/A,N/A,N/A,N/A
7569,00-0036554,Nico Collins,WR,,16,complete,OUTCOME_V3_BLOCKED_LOW_SAMPLE|OUTCOME_V3_BLOCKED_WEAK_CALIBRATION|OUTCOME_V3_DIRECTIONALLY_BETTER_NOT_ADOPTED|OUTCOME_V3_KEEP_CURRENT_BASELINE|OUTCOME_V3_UPGRADE_ADMISSIBLE,208-1373 labeled rows,Higher historical support|Limited historical support|Moderate historical support|Not enough information,,0.0,BASELINE_PROJECTION_OR_CURRENT_AUTHORITY_GATE_FAILED|BASELINE_WEAK_AND_NO_CHALLENGER_PASSED_ALL_GATES|CHALLENGER_PASSED_EVERY_FIELD_GATE|CURRENT_BASELINE_RETAINED|CURRENT_BASELINE_STRONGEST_OOF|DIRECTIONALLY_BETTER_BUT_ONE_OR_MORE_GATES_FAILED|HISTORICAL_SAMPLE_GATE_FAILED,NWR_OUTCOME_COLUMNS_V3_RC1,N/A,N/A,N/A,N/A,N/A,N/A,N/A,N/A,N/A,N/A,N/A,N/A,N/A,N/A,N/A,N/A,N/A,N/A,N/A,N/A,N/A,N/A,N/A,N/A,N/A,N/A,N/A,N/A,N/A,N/A,N/A,N/A,N/A,N/A,N/A,N/A,N/A,N/A,N/A,N/A,N/A,N/A,N/A,N/A,N/A,N/A,N/A,N/A,42.3%,41.2%,40.9%,Not enough information,72.0%,Not enough information,48.0%,Not enough information,55.2%,Not enough information,80.3%,Not enough information,56.4%,Not enough information,66.7%,Not enough information,86.9%,97.3%,16.5%,12.3%,Not enough information,Not enough information,30.2%,40.0%
7553,00-0036970,Kyle Pitts,TE,,17,complete,OUTCOME_V3_BLOCKED_WEAK_CALIBRATION|OUTCOME_V3_KEEP_CURRENT_BASELINE,119-769 labeled rows,Limited historical support|Moderate historical support,,0.0,BASELINE_WEAK_AND_NO_CHALLENGER_PASSED_ALL_GATES|CURRENT_BASELINE_RETAINED,NWR_OUTCOME_COLUMNS_V3_RC1,N/A,N/A,N/A,N/A,N/A,N/A,N/A,N/A,N/A,N/A,N/A,N/A,N/A,N/A,N/A,N/A,N/A,N/A,N/A,N/A,N/A,N/A,N/A,N/A,N/A,N/A,N/A,N/A,N/A,N/A,N/A,N/A,N/A,N/A,N/A,N/A,39.9%,49.5%,44.2%,35.3%,75.0%,Not enough information,34.3%,46.2%,40.9%,30.5%,65.3%,89.9%,N/A,N/A,N/A,N/A,N/A,N/A,N/A,N/A,N/A,N/A,N/A,N/A,N/A,N/A,N/A,N/A,N/A,N/A,N/A,N/A,N/A,N/A,N/A,N/A
4034,00-0033280,Christian McCaffrey,RB,,18,complete,OUTCOME_V3_BLOCKED_LOW_SAMPLE|OUTCOME_V3_BLOCKED_WEAK_CALIBRATION|OUTCOME_V3_DIRECTIONALLY_BETTER_NOT_ADOPTED|OUTCOME_V3_KEEP_CURRENT_BASELINE|OUTCOME_V3_UPGRADE_ADMISSIBLE,95-892 labeled rows,Higher historical support|Limited historical support|Moderate historical support|Not enough information,,0.0,BASELINE_PROJECTION_OR_CURRENT_AUTHORITY_GATE_FAILED|BASELINE_WEAK_AND_NO_CHALLENGER_PASSED_ALL_GATES|CHALLENGER_PASSED_EVERY_FIELD_GATE|CURRENT_BASELINE_RETAINED|DIRECTIONALLY_BETTER_BUT_ONE_OR_MORE_GATES_FAILED|HISTORICAL_SAMPLE_GATE_FAILED,NWR_OUTCOME_COLUMNS_V3_RC1,N/A,N/A,N/A,N/A,N/A,N/A,N/A,N/A,N/A,N/A,N/A,N/A,Not enough information,43.2%,33.9%,30.2%,72.4%,Not enough information,Not enough information,63.0%,55.0%,42.4%,84.9%,95.2%,55.7%,80.6%,68.0%,52.0%,94.4%,Not enough information,21.5%,35.4%,Not enough information,Not enough information,61.3%,Not enough information,N/A,N/A,N/A,N/A,N/A,N/A,N/A,N/A,N/A,N/A,N/A,N/A,N/A,N/A,N/A,N/A,N/A,N/A,N/A,N/A,N/A,N/A,N/A,N/A,N/A,N/A,N/A,N/A,N/A,N/A,N/A,N/A,N/A,N/A,N/A,N/A
8112,00-0037238,Drake London,WR,,19,complete,OUTCOME_V3_BLOCKED_LOW_SAMPLE|OUTCOME_V3_BLOCKED_WEAK_CALIBRATION|OUTCOME_V3_DIRECTIONALLY_BETTER_NOT_ADOPTED|OUTCOME_V3_KEEP_CURRENT_BASELINE|OUTCOME_V3_UPGRADE_ADMISSIBLE,208-1373 labeled rows,Higher historical support|Limited historical support|Moderate historical support|Not enough information,,0.0,BASELINE_PROJECTION_OR_CURRENT_AUTHORITY_GATE_FAILED|BASELINE_WEAK_AND_NO_CHALLENGER_PASSED_ALL_GATES|CHALLENGER_PASSED_EVERY_FIELD_GATE|CURRENT_BASELINE_RETAINED|CURRENT_BASELINE_STRONGEST_OOF|DIRECTIONALLY_BETTER_BUT_ONE_OR_MORE_GATES_FAILED|HISTORICAL_SAMPLE_GATE_FAILED,NWR_OUTCOME_COLUMNS_V3_RC1,N/A,N/A,N/A,N/A,N/A,N/A,N/A,N/A,N/A,N/A,N/A,N/A,N/A,N/A,N/A,N/A,N/A,N/A,N/A,N/A,N/A,N/A,N/A,N/A,N/A,N/A,N/A,N/A,N/A,N/A,N/A,N/A,N/A,N/A,N/A,N/A,N/A,N/A,N/A,N/A,N/A,N/A,N/A,N/A,N/A,N/A,N/A,N/A,17.1%,23.8%,16.7%,Not enough information,65.5%,Not enough information,48.0%,Not enough information,55.2%,Not enough information,80.3%,Not enough information,56.4%,Not enough information,66.7%,Not enough information,86.9%,97.3%,1.0%,1.0%,Not enough information,Not enough information,3.3%,18.3%
6786,00-0036358,CeeDee Lamb,WR,,20,complete,OUTCOME_V3_BLOCKED_LOW_SAMPLE|OUTCOME_V3_BLOCKED_WEAK_CALIBRATION|OUTCOME_V3_DIRECTIONALLY_BETTER_NOT_ADOPTED|OUTCOME_V3_KEEP_CURRENT_BASELINE|OUTCOME_V3_UPGRADE_ADMISSIBLE,208-1373 labeled rows,Higher historical support|Limited historical support|Moderate historical support|Not enough information,,0.0,BASELINE_PROJECTION_OR_CURRENT_AUTHORITY_GATE_FAILED|BASELINE_WEAK_AND_NO_CHALLENGER_PASSED_ALL_GATES|CHALLENGER_PASSED_EVERY_FIELD_GATE|CURRENT_BASELINE_RETAINED|CURRENT_BASELINE_STRONGEST_OOF|DIRECTIONALLY_BETTER_BUT_ONE_OR_MORE_GATES_FAILED|HISTORICAL_SAMPLE_GATE_FAILED,NWR_OUTCOME_COLUMNS_V3_RC1,N/A,N/A,N/A,N/A,N/A,N/A,N/A,N/A,N/A,N/A,N/A,N/A,N/A,N/A,N/A,N/A,N/A,N/A,N/A,N/A,N/A,N/A,N/A,N/A,N/A,N/A,N/A,N/A,N/A,N/A,N/A,N/A,N/A,N/A,N/A,N/A,N/A,N/A,N/A,N/A,N/A,N/A,N/A,N/A,N/A,N/A,N/A,N/A,17.1%,23.8%,16.7%,Not enough information,65.5%,Not enough information,48.0%,Not enough information,55.2%,Not enough information,80.3%,Not enough information,56.4%,Not enough information,66.7%,Not enough information,86.9%,97.3%,1.0%,1.0%,Not enough information,Not enough information,3.3%,18.3%
4984,00-0034857,Josh Allen,QB,,21,complete,OUTCOME_V3_BLOCKED_LOW_SAMPLE|OUTCOME_V3_BLOCKED_WEAK_CALIBRATION|OUTCOME_V3_DIRECTIONALLY_BETTER_NOT_ADOPTED|OUTCOME_V3_KEEP_CURRENT_BASELINE,100-475 labeled rows,Limited historical support|Moderate historical support|Not enough information,,0.0,BASELINE_PROJECTION_OR_CURRENT_AUTHORITY_GATE_FAILED|BASELINE_WEAK_AND_NO_CHALLENGER_PASSED_ALL_GATES|CURRENT_BASELINE_RETAINED|DIRECTIONALLY_BETTER_BUT_ONE_OR_MORE_GATES_FAILED|HISTORICAL_SAMPLE_GATE_FAILED,NWR_OUTCOME_COLUMNS_V3_RC1,53.2%,Not enough information,Not enough information,Not enough information,84.7%,92.8%,37.7%,Not enough information,Not enough information,Not enough information,Not enough information,83.4%,N/A,N/A,N/A,N/A,N/A,N/A,N/A,N/A,N/A,N/A,N/A,N/A,N/A,N/A,N/A,N/A,N/A,N/A,N/A,N/A,N/A,N/A,N/A,N/A,N/A,N/A,N/A,N/A,N/A,N/A,N/A,N/A,N/A,N/A,N/A,N/A,N/A,N/A,N/A,N/A,N/A,N/A,N/A,N/A,N/A,N/A,N/A,N/A,N/A,N/A,N/A,N/A,N/A,N/A,N/A,N/A,N/A,N/A,N/A,N/A
6794,00-0036322,Justin Jefferson,WR,,22,complete,OUTCOME_V3_BLOCKED_LOW_SAMPLE|OUTCOME_V3_BLOCKED_WEAK_CALIBRATION|OUTCOME_V3_DIRECTIONALLY_BETTER_NOT_ADOPTED|OUTCOME_V3_KEEP_CURRENT_BASELINE|OUTCOME_V3_UPGRADE_ADMISSIBLE,208-1373 labeled rows,Higher historical support|Limited historical support|Moderate historical support|Not enough information,,0.0,BASELINE_PROJECTION_OR_CURRENT_AUTHORITY_GATE_FAILED|BASELINE_WEAK_AND_NO_CHALLENGER_PASSED_ALL_GATES|CHALLENGER_PASSED_EVERY_FIELD_GATE|CURRENT_BASELINE_RETAINED|CURRENT_BASELINE_STRONGEST_OOF|DIRECTIONALLY_BETTER_BUT_ONE_OR_MORE_GATES_FAILED|HISTORICAL_SAMPLE_GATE_FAILED,NWR_OUTCOME_COLUMNS_V3_RC1,N/A,N/A,N/A,N/A,N/A,N/A,N/A,N/A,N/A,N/A,N/A,N/A,N/A,N/A,N/A,N/A,N/A,N/A,N/A,N/A,N/A,N/A,N/A,N/A,N/A,N/A,N/A,N/A,N/A,N/A,N/A,N/A,N/A,N/A,N/A,N/A,N/A,N/A,N/A,N/A,N/A,N/A,N/A,N/A,N/A,N/A,N/A,N/A,12.8%,14.5%,10.3%,Not enough information,44.7%,Not enough information,22.5%,Not enough information,24.5%,Not enough information,51.0%,Not enough information,56.4%,Not enough information,66.7%,Not enough information,86.9%,97.3%,1.0%,1.0%,Not enough information,Not enough information,3.3%,18.3%
11564,00-0039851,Drake Maye,QB,,23,complete,OUTCOME_V3_BLOCKED_LOW_SAMPLE|OUTCOME_V3_BLOCKED_WEAK_CALIBRATION|OUTCOME_V3_DIRECTIONALLY_BETTER_NOT_ADOPTED|OUTCOME_V3_KEEP_CURRENT_BASELINE,100-475 labeled rows,Limited historical support|Moderate historical support|Not enough information,,0.0,BASELINE_PROJECTION_OR_CURRENT_AUTHORITY_GATE_FAILED|BASELINE_WEAK_AND_NO_CHALLENGER_PASSED_ALL_GATES|CURRENT_BASELINE_RETAINED|DIRECTIONALLY_BETTER_BUT_ONE_OR_MORE_GATES_FAILED|HISTORICAL_SAMPLE_GATE_FAILED,NWR_OUTCOME_COLUMNS_V3_RC1,53.2%,Not enough information,Not enough information,Not enough information,84.7%,92.8%,37.7%,Not enough information,Not enough information,Not enough information,Not enough information,83.4%,N/A,N/A,N/A,N/A,N/A,N/A,N/A,N/A,N/A,N/A,N/A,N/A,N/A,N/A,N/A,N/A,N/A,N/A,N/A,N/A,N/A,N/A,N/A,N/A,N/A,N/A,N/A,N/A,N/A,N/A,N/A,N/A,N/A,N/A,N/A,N/A,N/A,N/A,N/A,N/A,N/A,N/A,N/A,N/A,N/A,N/A,N/A,N/A,N/A,N/A,N/A,N/A,N/A,N/A,N/A,N/A,N/A,N/A,N/A,N/A
9224,00-0038597,Chase Brown,RB,,24,complete,OUTCOME_V3_BLOCKED_LOW_SAMPLE|OUTCOME_V3_BLOCKED_WEAK_CALIBRATION|OUTCOME_V3_DIRECTIONALLY_BETTER_NOT_ADOPTED|OUTCOME_V3_KEEP_CURRENT_BASELINE|OUTCOME_V3_UPGRADE_ADMISSIBLE,95-892 labeled rows,Higher historical support|Limited historical support|Moderate historical support|Not enough information,,0.0,BASELINE_PROJECTION_OR_CURRENT_AUTHORITY_GATE_FAILED|BASELINE_WEAK_AND_NO_CHALLENGER_PASSED_ALL_GATES|CHALLENGER_PASSED_EVERY_FIELD_GATE|CURRENT_BASELINE_RETAINED|DIRECTIONALLY_BETTER_BUT_ONE_OR_MORE_GATES_FAILED|HISTORICAL_SAMPLE_GATE_FAILED,NWR_OUTCOME_COLUMNS_V3_RC1,N/A,N/A,N/A,N/A,N/A,N/A,N/A,N/A,N/A,N/A,N/A,N/A,Not enough information,43.2%,33.9%,30.2%,72.4%,Not enough information,Not enough information,63.0%,55.0%,42.4%,84.9%,95.2%,55.7%,80.6%,68.0%,52.0%,94.4%,Not enough information,16.2%,17.8%,Not enough information,Not enough information,34.7%,Not enough information,N/A,N/A,N/A,N/A,N/A,N/A,N/A,N/A,N/A,N/A,N/A,N/A,N/A,N/A,N/A,N/A,N/A,N/A,N/A,N/A,N/A,N/A,N/A,N/A,N/A,N/A,N/A,N/A,N/A,N/A,N/A,N/A,N/A,N/A,N/A,N/A
7525,00-0036912,DeVonta Smith,WR,,25,complete,OUTCOME_V3_BLOCKED_LOW_SAMPLE|OUTCOME_V3_BLOCKED_WEAK_CALIBRATION|OUTCOME_V3_DIRECTIONALLY_BETTER_NOT_ADOPTED|OUTCOME_V3_KEEP_CURRENT_BASELINE|OUTCOME_V3_UPGRADE_ADMISSIBLE,208-1373 labeled rows,Higher historical support|Limited historical support|Moderate historical support|Not enough information,,0.0,BASELINE_PROJECTION_OR_CURRENT_AUTHORITY_GATE_FAILED|BASELINE_WEAK_AND_NO_CHALLENGER_PASSED_ALL_GATES|CHALLENGER_PASSED_EVERY_FIELD_GATE|CURRENT_BASELINE_RETAINED|CURRENT_BASELINE_STRONGEST_OOF|DIRECTIONALLY_BETTER_BUT_ONE_OR_MORE_GATES_FAILED|HISTORICAL_SAMPLE_GATE_FAILED,NWR_OUTCOME_COLUMNS_V3_RC1,N/A,N/A,N/A,N/A,N/A,N/A,N/A,N/A,N/A,N/A,N/A,N/A,N/A,N/A,N/A,N/A,N/A,N/A,N/A,N/A,N/A,N/A,N/A,N/A,N/A,N/A,N/A,N/A,N/A,N/A,N/A,N/A,N/A,N/A,N/A,N/A,N/A,N/A,N/A,N/A,N/A,N/A,N/A,N/A,N/A,N/A,N/A,N/A,17.1%,23.8%,16.7%,Not enough information,65.5%,Not enough information,48.0%,Not enough information,55.2%,Not enough information,80.3%,Not enough information,56.4%,Not enough information,66.7%,Not enough information,86.9%,97.3%,1.0%,1.0%,Not enough information,Not enough information,3.3%,18.3%
8148,00-0037240,Jameson Williams,WR,,26,complete,OUTCOME_V3_BLOCKED_LOW_SAMPLE|OUTCOME_V3_BLOCKED_WEAK_CALIBRATION|OUTCOME_V3_DIRECTIONALLY_BETTER_NOT_ADOPTED|OUTCOME_V3_KEEP_CURRENT_BASELINE|OUTCOME_V3_UPGRADE_ADMISSIBLE,208-1373 labeled rows,Higher historical support|Limited historical support|Moderate historical support|Not enough information,,0.0,BASELINE_PROJECTION_OR_CURRENT_AUTHORITY_GATE_FAILED|BASELINE_WEAK_AND_NO_CHALLENGER_PASSED_ALL_GATES|CHALLENGER_PASSED_EVERY_FIELD_GATE|CURRENT_BASELINE_RETAINED|CURRENT_BASELINE_STRONGEST_OOF|DIRECTIONALLY_BETTER_BUT_ONE_OR_MORE_GATES_FAILED|HISTORICAL_SAMPLE_GATE_FAILED,NWR_OUTCOME_COLUMNS_V3_RC1,N/A,N/A,N/A,N/A,N/A,N/A,N/A,N/A,N/A,N/A,N/A,N/A,N/A,N/A,N/A,N/A,N/A,N/A,N/A,N/A,N/A,N/A,N/A,N/A,N/A,N/A,N/A,N/A,N/A,N/A,N/A,N/A,N/A,N/A,N/A,N/A,N/A,N/A,N/A,N/A,N/A,N/A,N/A,N/A,N/A,N/A,N/A,N/A,42.3%,41.2%,40.9%,Not enough information,72.0%,Not enough information,48.0%,Not enough information,55.2%,Not enough information,80.3%,Not enough information,56.4%,Not enough information,66.7%,Not enough information,86.9%,97.3%,16.5%,12.3%,Not enough information,Not enough information,30.2%,40.0%
8142,00-0037664,Alec Pierce,WR,,27,complete,OUTCOME_V3_BLOCKED_LOW_SAMPLE|OUTCOME_V3_BLOCKED_WEAK_CALIBRATION|OUTCOME_V3_DIRECTIONALLY_BETTER_NOT_ADOPTED|OUTCOME_V3_KEEP_CURRENT_BASELINE|OUTCOME_V3_UPGRADE_ADMISSIBLE,208-1373 labeled rows,Higher historical support|Limited historical support|Moderate historical support|Not enough information,,0.0,BASELINE_PROJECTION_OR_CURRENT_AUTHORITY_GATE_FAILED|BASELINE_WEAK_AND_NO_CHALLENGER_PASSED_ALL_GATES|CHALLENGER_PASSED_EVERY_FIELD_GATE|CURRENT_BASELINE_RETAINED|CURRENT_BASELINE_STRONGEST_OOF|DIRECTIONALLY_BETTER_BUT_ONE_OR_MORE_GATES_FAILED|HISTORICAL_SAMPLE_GATE_FAILED,NWR_OUTCOME_COLUMNS_V3_RC1,N/A,N/A,N/A,N/A,N/A,N/A,N/A,N/A,N/A,N/A,N/A,N/A,N/A,N/A,N/A,N/A,N/A,N/A,N/A,N/A,N/A,N/A,N/A,N/A,N/A,N/A,N/A,N/A,N/A,N/A,N/A,N/A,N/A,N/A,N/A,N/A,N/A,N/A,N/A,N/A,N/A,N/A,N/A,N/A,N/A,N/A,N/A,N/A,17.1%,23.8%,16.7%,Not enough information,65.5%,Not enough information,48.0%,Not enough information,55.2%,Not enough information,80.3%,Not enough information,56.4%,Not enough information,66.7%,Not enough information,86.9%,97.3%,8.5%,9.9%,Not enough information,Not enough information,24.4%,42.3%
7523,00-0036971,Trevor Lawrence,QB,,28,complete,OUTCOME_V3_BLOCKED_LOW_SAMPLE|OUTCOME_V3_BLOCKED_WEAK_CALIBRATION|OUTCOME_V3_DIRECTIONALLY_BETTER_NOT_ADOPTED|OUTCOME_V3_KEEP_CURRENT_BASELINE,100-475 labeled rows,Limited historical support|Moderate historical support|Not enough information,,0.0,BASELINE_PROJECTION_OR_CURRENT_AUTHORITY_GATE_FAILED|BASELINE_WEAK_AND_NO_CHALLENGER_PASSED_ALL_GATES|CURRENT_BASELINE_RETAINED|DIRECTIONALLY_BETTER_BUT_ONE_OR_MORE_GATES_FAILED|HISTORICAL_SAMPLE_GATE_FAILED,NWR_OUTCOME_COLUMNS_V3_RC1,53.2%,Not enough information,Not enough information,Not enough information,84.7%,92.8%,37.7%,Not enough information,Not enough information,Not enough information,Not enough information,83.4%,N/A,N/A,N/A,N/A,N/A,N/A,N/A,N/A,N/A,N/A,N/A,N/A,N/A,N/A,N/A,N/A,N/A,N/A,N/A,N/A,N/A,N/A,N/A,N/A,N/A,N/A,N/A,N/A,N/A,N/A,N/A,N/A,N/A,N/A,N/A,N/A,N/A,N/A,N/A,N/A,N/A,N/A,N/A,N/A,N/A,N/A,N/A,N/A,N/A,N/A,N/A,N/A,N/A,N/A,N/A,N/A,N/A,N/A,N/A,N/A
5045,00-0034348,Courtland Sutton,WR,,29,complete,OUTCOME_V3_BLOCKED_LOW_SAMPLE|OUTCOME_V3_BLOCKED_WEAK_CALIBRATION|OUTCOME_V3_DIRECTIONALLY_BETTER_NOT_ADOPTED|OUTCOME_V3_KEEP_CURRENT_BASELINE|OUTCOME_V3_UPGRADE_ADMISSIBLE,208-1373 labeled rows,Higher historical support|Limited historical support|Moderate historical support|Not enough information,,0.0,BASELINE_PROJECTION_OR_CURRENT_AUTHORITY_GATE_FAILED|BASELINE_WEAK_AND_NO_CHALLENGER_PASSED_ALL_GATES|CHALLENGER_PASSED_EVERY_FIELD_GATE|CURRENT_BASELINE_RETAINED|CURRENT_BASELINE_STRONGEST_OOF|DIRECTIONALLY_BETTER_BUT_ONE_OR_MORE_GATES_FAILED|HISTORICAL_SAMPLE_GATE_FAILED,NWR_OUTCOME_COLUMNS_V3_RC1,N/A,N/A,N/A,N/A,N/A,N/A,N/A,N/A,N/A,N/A,N/A,N/A,N/A,N/A,N/A,N/A,N/A,N/A,N/A,N/A,N/A,N/A,N/A,N/A,N/A,N/A,N/A,N/A,N/A,N/A,N/A,N/A,N/A,N/A,N/A,N/A,N/A,N/A,N/A,N/A,N/A,N/A,N/A,N/A,N/A,N/A,N/A,N/A,42.3%,41.2%,40.9%,Not enough information,72.0%,Not enough information,48.0%,Not enough information,55.2%,Not enough information,80.3%,Not enough information,56.4%,Not enough information,66.7%,Not enough information,86.9%,97.3%,16.5%,12.3%,Not enough information,Not enough information,30.2%,40.0%
12526,00-0040124,Tetairoa McMillan,WR,,30,insufficient,OUTCOME_V3_BLOCKED_LOW_SAMPLE|OUTCOME_V3_BLOCKED_WEAK_CALIBRATION|OUTCOME_V3_DIRECTIONALLY_BETTER_NOT_ADOPTED|OUTCOME_V3_KEEP_CURRENT_BASELINE|OUTCOME_V3_UPGRADE_ADMISSIBLE,208-1373 labeled rows,Not enough information,rookie or prospect lacks admitted 2025 NFL feature evidence,,BASELINE_PROJECTION_OR_CURRENT_AUTHORITY_GATE_FAILED|BASELINE_WEAK_AND_NO_CHALLENGER_PASSED_ALL_GATES|CHALLENGER_PASSED_EVERY_FIELD_GATE|CURRENT_BASELINE_RETAINED|CURRENT_BASELINE_STRONGEST_OOF|DIRECTIONALLY_BETTER_BUT_ONE_OR_MORE_GATES_FAILED|HISTORICAL_SAMPLE_GATE_FAILED,NWR_OUTCOME_COLUMNS_V3_RC1,N/A,N/A,N/A,N/A,N/A,N/A,N/A,N/A,N/A,N/A,N/A,N/A,N/A,N/A,N/A,N/A,N/A,N/A,N/A,N/A,N/A,N/A,N/A,N/A,N/A,N/A,N/A,N/A,N/A,N/A,N/A,N/A,N/A,N/A,N/A,N/A,N/A,N/A,N/A,N/A,N/A,N/A,N/A,N/A,N/A,N/A,N/A,N/A,Not enough information,Not enough information,Not enough information,Not enough information,Not enough information,Not enough information,Not enough information,Not enough information,Not enough information,Not enough information,Not enough information,Not enough information,Not enough information,Not enough information,Not enough information,Not enough information,Not enough information,Not enough information,Not enough information,Not enough information,Not enough information,Not enough information,Not enough information,Not enough information
8155,00-0038120,Breece Hall,RB,,31,complete,OUTCOME_V3_BLOCKED_LOW_SAMPLE|OUTCOME_V3_BLOCKED_WEAK_CALIBRATION|OUTCOME_V3_DIRECTIONALLY_BETTER_NOT_ADOPTED|OUTCOME_V3_KEEP_CURRENT_BASELINE|OUTCOME_V3_UPGRADE_ADMISSIBLE,95-892 labeled rows,Higher historical support|Limited historical support|Moderate historical support|Not enough information,,0.008459633481921747,BASELINE_PROJECTION_OR_CURRENT_AUTHORITY_GATE_FAILED|BASELINE_WEAK_AND_NO_CHALLENGER_PASSED_ALL_GATES|CHALLENGER_PASSED_EVERY_FIELD_GATE|CURRENT_BASELINE_RETAINED|DIRECTIONALLY_BETTER_BUT_ONE_OR_MORE_GATES_FAILED|HISTORICAL_SAMPLE_GATE_FAILED,NWR_OUTCOME_COLUMNS_V3_RC1,N/A,N/A,N/A,N/A,N/A,N/A,N/A,N/A,N/A,N/A,N/A,N/A,Not enough information,23.6%,20.7%,12.6%,49.7%,Not enough information,Not enough information,63.0%,55.0%,42.4%,84.9%,95.2%,55.7%,80.6%,68.0%,52.0%,94.4%,Not enough information,8.8%,17.8%,Not enough information,Not enough information,30.6%,Not enough information,N/A,N/A,N/A,N/A,N/A,N/A,N/A,N/A,N/A,N/A,N/A,N/A,N/A,N/A,N/A,N/A,N/A,N/A,N/A,N/A,N/A,N/A,N/A,N/A,N/A,N/A,N/A,N/A,N/A,N/A,N/A,N/A,N/A,N/A,N/A,N/A
5850,00-0035700,Josh Jacobs,RB,,32,complete,OUTCOME_V3_BLOCKED_LOW_SAMPLE|OUTCOME_V3_BLOCKED_WEAK_CALIBRATION|OUTCOME_V3_DIRECTIONALLY_BETTER_NOT_ADOPTED|OUTCOME_V3_KEEP_CURRENT_BASELINE|OUTCOME_V3_UPGRADE_ADMISSIBLE,95-892 labeled rows,Higher historical support|Limited historical support|Moderate historical support|Not enough information,,0.008459633481921747,BASELINE_PROJECTION_OR_CURRENT_AUTHORITY_GATE_FAILED|BASELINE_WEAK_AND_NO_CHALLENGER_PASSED_ALL_GATES|CHALLENGER_PASSED_EVERY_FIELD_GATE|CURRENT_BASELINE_RETAINED|DIRECTIONALLY_BETTER_BUT_ONE_OR_MORE_GATES_FAILED|HISTORICAL_SAMPLE_GATE_FAILED,NWR_OUTCOME_COLUMNS_V3_RC1,N/A,N/A,N/A,N/A,N/A,N/A,N/A,N/A,N/A,N/A,N/A,N/A,Not enough information,23.6%,20.7%,12.6%,49.7%,Not enough information,Not enough information,63.0%,55.0%,42.4%,84.9%,95.2%,55.7%,80.6%,68.0%,52.0%,94.4%,Not enough information,8.8%,17.8%,Not enough information,Not enough information,30.6%,Not enough information,N/A,N/A,N/A,N/A,N/A,N/A,N/A,N/A,N/A,N/A,N/A,N/A,N/A,N/A,N/A,N/A,N/A,N/A,N/A,N/A,N/A,N/A,N/A,N/A,N/A,N/A,N/A,N/A,N/A,N/A,N/A,N/A,N/A,N/A,N/A,N/A
7526,00-0036613,Jaylen Waddle,WR,,33,complete,OUTCOME_V3_BLOCKED_LOW_SAMPLE|OUTCOME_V3_BLOCKED_WEAK_CALIBRATION|OUTCOME_V3_DIRECTIONALLY_BETTER_NOT_ADOPTED|OUTCOME_V3_KEEP_CURRENT_BASELINE|OUTCOME_V3_UPGRADE_ADMISSIBLE,208-1373 labeled rows,Higher historical support|Limited historical support|Moderate historical support|Not enough information,,0.0,BASELINE_PROJECTION_OR_CURRENT_AUTHORITY_GATE_FAILED|BASELINE_WEAK_AND_NO_CHALLENGER_PASSED_ALL_GATES|CHALLENGER_PASSED_EVERY_FIELD_GATE|CURRENT_BASELINE_RETAINED|CURRENT_BASELINE_STRONGEST_OOF|DIRECTIONALLY_BETTER_BUT_ONE_OR_MORE_GATES_FAILED|HISTORICAL_SAMPLE_GATE_FAILED,NWR_OUTCOME_COLUMNS_V3_RC1,N/A,N/A,N/A,N/A,N/A,N/A,N/A,N/A,N/A,N/A,N/A,N/A,N/A,N/A,N/A,N/A,N/A,N/A,N/A,N/A,N/A,N/A,N/A,N/A,N/A,N/A,N/A,N/A,N/A,N/A,N/A,N/A,N/A,N/A,N/A,N/A,N/A,N/A,N/A,N/A,N/A,N/A,N/A,N/A,N/A,N/A,N/A,N/A,17.1%,23.8%,16.7%,Not enough information,65.5%,Not enough information,48.0%,Not enough information,55.2%,Not enough information,80.3%,Not enough information,56.4%,Not enough information,66.7%,Not enough information,86.9%,97.3%,1.0%,1.0%,Not enough information,Not enough information,3.3%,18.3%
10232,00-0038559,Michael Wilson,WR,,34,complete,OUTCOME_V3_BLOCKED_LOW_SAMPLE|OUTCOME_V3_BLOCKED_WEAK_CALIBRATION|OUTCOME_V3_DIRECTIONALLY_BETTER_NOT_ADOPTED|OUTCOME_V3_KEEP_CURRENT_BASELINE|OUTCOME_V3_UPGRADE_ADMISSIBLE,208-1373 labeled rows,Higher historical support|Limited historical support|Moderate historical support|Not enough information,,0.0,BASELINE_PROJECTION_OR_CURRENT_AUTHORITY_GATE_FAILED|BASELINE_WEAK_AND_NO_CHALLENGER_PASSED_ALL_GATES|CHALLENGER_PASSED_EVERY_FIELD_GATE|CURRENT_BASELINE_RETAINED|CURRENT_BASELINE_STRONGEST_OOF|DIRECTIONALLY_BETTER_BUT_ONE_OR_MORE_GATES_FAILED|HISTORICAL_SAMPLE_GATE_FAILED,NWR_OUTCOME_COLUMNS_V3_RC1,N/A,N/A,N/A,N/A,N/A,N/A,N/A,N/A,N/A,N/A,N/A,N/A,N/A,N/A,N/A,N/A,N/A,N/A,N/A,N/A,N/A,N/A,N/A,N/A,N/A,N/A,N/A,N/A,N/A,N/A,N/A,N/A,N/A,N/A,N/A,N/A,N/A,N/A,N/A,N/A,N/A,N/A,N/A,N/A,N/A,N/A,N/A,N/A,17.1%,23.8%,16.7%,Not enough information,65.5%,Not enough information,48.0%,Not enough information,55.2%,Not enough information,80.3%,Not enough information,56.4%,Not enough information,66.7%,Not enough information,86.9%,97.3%,8.5%,9.9%,Not enough information,Not enough information,24.4%,42.3%
6801,00-0036410,Tee Higgins,WR,,35,complete,OUTCOME_V3_BLOCKED_LOW_SAMPLE|OUTCOME_V3_BLOCKED_WEAK_CALIBRATION|OUTCOME_V3_DIRECTIONALLY_BETTER_NOT_ADOPTED|OUTCOME_V3_KEEP_CURRENT_BASELINE|OUTCOME_V3_UPGRADE_ADMISSIBLE,208-1373 labeled rows,Higher historical support|Limited historical support|Moderate historical support|Not enough information,,0.0,BASELINE_PROJECTION_OR_CURRENT_AUTHORITY_GATE_FAILED|BASELINE_WEAK_AND_NO_CHALLENGER_PASSED_ALL_GATES|CHALLENGER_PASSED_EVERY_FIELD_GATE|CURRENT_BASELINE_RETAINED|CURRENT_BASELINE_STRONGEST_OOF|DIRECTIONALLY_BETTER_BUT_ONE_OR_MORE_GATES_FAILED|HISTORICAL_SAMPLE_GATE_FAILED,NWR_OUTCOME_COLUMNS_V3_RC1,N/A,N/A,N/A,N/A,N/A,N/A,N/A,N/A,N/A,N/A,N/A,N/A,N/A,N/A,N/A,N/A,N/A,N/A,N/A,N/A,N/A,N/A,N/A,N/A,N/A,N/A,N/A,N/A,N/A,N/A,N/A,N/A,N/A,N/A,N/A,N/A,N/A,N/A,N/A,N/A,N/A,N/A,N/A,N/A,N/A,N/A,N/A,N/A,17.1%,23.8%,16.7%,Not enough information,65.5%,Not enough information,48.0%,Not enough information,55.2%,Not enough information,80.3%,Not enough information,56.4%,Not enough information,66.7%,Not enough information,86.9%,97.3%,8.5%,9.9%,Not enough information,Not enough information,24.4%,42.3%
5846,00-0035640,DK Metcalf,WR,,36,complete,OUTCOME_V3_BLOCKED_LOW_SAMPLE|OUTCOME_V3_BLOCKED_WEAK_CALIBRATION|OUTCOME_V3_DIRECTIONALLY_BETTER_NOT_ADOPTED|OUTCOME_V3_KEEP_CURRENT_BASELINE|OUTCOME_V3_UPGRADE_ADMISSIBLE,208-1373 labeled rows,Higher historical support|Limited historical support|Moderate historical support|Not enough information,,0.0,BASELINE_PROJECTION_OR_CURRENT_AUTHORITY_GATE_FAILED|BASELINE_WEAK_AND_NO_CHALLENGER_PASSED_ALL_GATES|CHALLENGER_PASSED_EVERY_FIELD_GATE|CURRENT_BASELINE_RETAINED|CURRENT_BASELINE_STRONGEST_OOF|DIRECTIONALLY_BETTER_BUT_ONE_OR_MORE_GATES_FAILED|HISTORICAL_SAMPLE_GATE_FAILED,NWR_OUTCOME_COLUMNS_V3_RC1,N/A,N/A,N/A,N/A,N/A,N/A,N/A,N/A,N/A,N/A,N/A,N/A,N/A,N/A,N/A,N/A,N/A,N/A,N/A,N/A,N/A,N/A,N/A,N/A,N/A,N/A,N/A,N/A,N/A,N/A,N/A,N/A,N/A,N/A,N/A,N/A,N/A,N/A,N/A,N/A,N/A,N/A,N/A,N/A,N/A,N/A,N/A,N/A,12.8%,14.5%,10.3%,Not enough information,44.7%,Not enough information,22.5%,Not enough information,24.5%,Not enough information,51.0%,Not enough information,56.4%,Not enough information,66.7%,Not enough information,86.9%,97.3%,1.0%,1.0%,Not enough information,Not enough information,3.3%,18.3%
7588,00-0036997,Javonte Williams,RB,,37,complete,OUTCOME_V3_BLOCKED_LOW_SAMPLE|OUTCOME_V3_BLOCKED_WEAK_CALIBRATION|OUTCOME_V3_DIRECTIONALLY_BETTER_NOT_ADOPTED|OUTCOME_V3_KEEP_CURRENT_BASELINE|OUTCOME_V3_UPGRADE_ADMISSIBLE,95-892 labeled rows,Higher historical support|Limited historical support|Moderate historical support|Not enough information,,0.0,BASELINE_PROJECTION_OR_CURRENT_AUTHORITY_GATE_FAILED|BASELINE_WEAK_AND_NO_CHALLENGER_PASSED_ALL_GATES|CHALLENGER_PASSED_EVERY_FIELD_GATE|CURRENT_BASELINE_RETAINED|DIRECTIONALLY_BETTER_BUT_ONE_OR_MORE_GATES_FAILED|HISTORICAL_SAMPLE_GATE_FAILED,NWR_OUTCOME_COLUMNS_V3_RC1,N/A,N/A,N/A,N/A,N/A,N/A,N/A,N/A,N/A,N/A,N/A,N/A,Not enough information,43.2%,33.9%,30.2%,72.4%,Not enough information,Not enough information,63.0%,55.0%,42.4%,84.9%,95.2%,55.7%,80.6%,68.0%,52.0%,94.4%,Not enough information,16.2%,17.8%,Not enough information,Not enough information,34.7%,Not enough information,N/A,N/A,N/A,N/A,N/A,N/A,N/A,N/A,N/A,N/A,N/A,N/A,N/A,N/A,N/A,N/A,N/A,N/A,N/A,N/A,N/A,N/A,N/A,N/A,N/A,N/A,N/A,N/A,N/A,N/A,N/A,N/A,N/A,N/A,N/A,N/A
4866,00-0034844,Saquon Barkley,RB,,38,complete,OUTCOME_V3_BLOCKED_LOW_SAMPLE|OUTCOME_V3_BLOCKED_WEAK_CALIBRATION|OUTCOME_V3_DIRECTIONALLY_BETTER_NOT_ADOPTED|OUTCOME_V3_KEEP_CURRENT_BASELINE|OUTCOME_V3_UPGRADE_ADMISSIBLE,95-892 labeled rows,Higher historical support|Limited historical support|Moderate historical support|Not enough information,,0.008459633481921747,BASELINE_PROJECTION_OR_CURRENT_AUTHORITY_GATE_FAILED|BASELINE_WEAK_AND_NO_CHALLENGER_PASSED_ALL_GATES|CHALLENGER_PASSED_EVERY_FIELD_GATE|CURRENT_BASELINE_RETAINED|DIRECTIONALLY_BETTER_BUT_ONE_OR_MORE_GATES_FAILED|HISTORICAL_SAMPLE_GATE_FAILED,NWR_OUTCOME_COLUMNS_V3_RC1,N/A,N/A,N/A,N/A,N/A,N/A,N/A,N/A,N/A,N/A,N/A,N/A,Not enough information,23.6%,20.7%,12.6%,49.7%,Not enough information,Not enough information,63.0%,55.0%,42.4%,84.9%,95.2%,55.7%,80.6%,68.0%,52.0%,94.4%,Not enough information,8.8%,17.8%,Not enough information,Not enough information,30.6%,Not enough information,N/A,N/A,N/A,N/A,N/A,N/A,N/A,N/A,N/A,N/A,N/A,N/A,N/A,N/A,N/A,N/A,N/A,N/A,N/A,N/A,N/A,N/A,N/A,N/A,N/A,N/A,N/A,N/A,N/A,N/A,N/A,N/A,N/A,N/A,N/A,N/A
6790,00-0036275,D'Andre Swift,RB,,39,complete,OUTCOME_V3_BLOCKED_LOW_SAMPLE|OUTCOME_V3_BLOCKED_WEAK_CALIBRATION|OUTCOME_V3_DIRECTIONALLY_BETTER_NOT_ADOPTED|OUTCOME_V3_KEEP_CURRENT_BASELINE|OUTCOME_V3_UPGRADE_ADMISSIBLE,95-892 labeled rows,Higher historical support|Limited historical support|Moderate historical support|Not enough information,,0.0,BASELINE_PROJECTION_OR_CURRENT_AUTHORITY_GATE_FAILED|BASELINE_WEAK_AND_NO_CHALLENGER_PASSED_ALL_GATES|CHALLENGER_PASSED_EVERY_FIELD_GATE|CURRENT_BASELINE_RETAINED|DIRECTIONALLY_BETTER_BUT_ONE_OR_MORE_GATES_FAILED|HISTORICAL_SAMPLE_GATE_FAILED,NWR_OUTCOME_COLUMNS_V3_RC1,N/A,N/A,N/A,N/A,N/A,N/A,N/A,N/A,N/A,N/A,N/A,N/A,Not enough information,43.2%,33.9%,30.2%,72.4%,Not enough information,Not enough information,63.0%,55.0%,42.4%,84.9%,95.2%,55.7%,80.6%,68.0%,52.0%,94.4%,Not enough information,16.2%,17.8%,Not enough information,Not enough information,34.7%,Not enough information,N/A,N/A,N/A,N/A,N/A,N/A,N/A,N/A,N/A,N/A,N/A,N/A,N/A,N/A,N/A,N/A,N/A,N/A,N/A,N/A,N/A,N/A,N/A,N/A,N/A,N/A,N/A,N/A,N/A,N/A,N/A,N/A,N/A,N/A,N/A,N/A
8126,00-0038117,Wan'Dale Robinson,WR,,40,complete,OUTCOME_V3_BLOCKED_LOW_SAMPLE|OUTCOME_V3_BLOCKED_WEAK_CALIBRATION|OUTCOME_V3_DIRECTIONALLY_BETTER_NOT_ADOPTED|OUTCOME_V3_KEEP_CURRENT_BASELINE|OUTCOME_V3_UPGRADE_ADMISSIBLE,208-1373 labeled rows,Higher historical support|Limited historical support|Moderate historical support|Not enough information,,0.0,BASELINE_PROJECTION_OR_CURRENT_AUTHORITY_GATE_FAILED|BASELINE_WEAK_AND_NO_CHALLENGER_PASSED_ALL_GATES|CHALLENGER_PASSED_EVERY_FIELD_GATE|CURRENT_BASELINE_RETAINED|CURRENT_BASELINE_STRONGEST_OOF|DIRECTIONALLY_BETTER_BUT_ONE_OR_MORE_GATES_FAILED|HISTORICAL_SAMPLE_GATE_FAILED,NWR_OUTCOME_COLUMNS_V3_RC1,N/A,N/A,N/A,N/A,N/A,N/A,N/A,N/A,N/A,N/A,N/A,N/A,N/A,N/A,N/A,N/A,N/A,N/A,N/A,N/A,N/A,N/A,N/A,N/A,N/A,N/A,N/A,N/A,N/A,N/A,N/A,N/A,N/A,N/A,N/A,N/A,N/A,N/A,N/A,N/A,N/A,N/A,N/A,N/A,N/A,N/A,N/A,N/A,17.1%,23.8%,16.7%,Not enough information,65.5%,Not enough information,48.0%,Not enough information,55.2%,Not enough information,80.3%,Not enough information,56.4%,Not enough information,66.7%,Not enough information,86.9%,97.3%,1.0%,1.0%,Not enough information,Not enough information,3.3%,18.3%
7543,00-0036973,Travis Etienne,RB,,41,complete,OUTCOME_V3_BLOCKED_LOW_SAMPLE|OUTCOME_V3_BLOCKED_WEAK_CALIBRATION|OUTCOME_V3_DIRECTIONALLY_BETTER_NOT_ADOPTED|OUTCOME_V3_KEEP_CURRENT_BASELINE|OUTCOME_V3_UPGRADE_ADMISSIBLE,95-892 labeled rows,Higher historical support|Limited historical support|Moderate historical support|Not enough information,,0.0,BASELINE_PROJECTION_OR_CURRENT_AUTHORITY_GATE_FAILED|BASELINE_WEAK_AND_NO_CHALLENGER_PASSED_ALL_GATES|CHALLENGER_PASSED_EVERY_FIELD_GATE|CURRENT_BASELINE_RETAINED|DIRECTIONALLY_BETTER_BUT_ONE_OR_MORE_GATES_FAILED|HISTORICAL_SAMPLE_GATE_FAILED,NWR_OUTCOME_COLUMNS_V3_RC1,N/A,N/A,N/A,N/A,N/A,N/A,N/A,N/A,N/A,N/A,N/A,N/A,Not enough information,43.2%,33.9%,30.2%,72.4%,Not enough information,Not enough information,63.0%,55.0%,42.4%,84.9%,95.2%,55.7%,80.6%,68.0%,52.0%,94.4%,Not enough information,16.2%,17.8%,Not enough information,Not enough information,34.7%,Not enough information,N/A,N/A,N/A,N/A,N/A,N/A,N/A,N/A,N/A,N/A,N/A,N/A,N/A,N/A,N/A,N/A,N/A,N/A,N/A,N/A,N/A,N/A,N/A,N/A,N/A,N/A,N/A,N/A,N/A,N/A,N/A,N/A,N/A,N/A,N/A,N/A
12514,00-0040129,Emeka Egbuka,WR,,42,insufficient,OUTCOME_V3_BLOCKED_LOW_SAMPLE|OUTCOME_V3_BLOCKED_WEAK_CALIBRATION|OUTCOME_V3_DIRECTIONALLY_BETTER_NOT_ADOPTED|OUTCOME_V3_KEEP_CURRENT_BASELINE|OUTCOME_V3_UPGRADE_ADMISSIBLE,208-1373 labeled rows,Not enough information,rookie or prospect lacks admitted 2025 NFL feature evidence,,BASELINE_PROJECTION_OR_CURRENT_AUTHORITY_GATE_FAILED|BASELINE_WEAK_AND_NO_CHALLENGER_PASSED_ALL_GATES|CHALLENGER_PASSED_EVERY_FIELD_GATE|CURRENT_BASELINE_RETAINED|CURRENT_BASELINE_STRONGEST_OOF|DIRECTIONALLY_BETTER_BUT_ONE_OR_MORE_GATES_FAILED|HISTORICAL_SAMPLE_GATE_FAILED,NWR_OUTCOME_COLUMNS_V3_RC1,N/A,N/A,N/A,N/A,N/A,N/A,N/A,N/A,N/A,N/A,N/A,N/A,N/A,N/A,N/A,N/A,N/A,N/A,N/A,N/A,N/A,N/A,N/A,N/A,N/A,N/A,N/A,N/A,N/A,N/A,N/A,N/A,N/A,N/A,N/A,N/A,N/A,N/A,N/A,N/A,N/A,N/A,N/A,N/A,N/A,N/A,N/A,N/A,Not enough information,Not enough information,Not enough information,Not enough information,Not enough information,Not enough information,Not enough information,Not enough information,Not enough information,Not enough information,Not enough information,Not enough information,Not enough information,Not enough information,Not enough information,Not enough information,Not enough information,Not enough information,Not enough information,Not enough information,Not enough information,Not enough information,Not enough information,Not enough information
8228,00-0037228,Jaylen Warren,RB,,43,complete,OUTCOME_V3_BLOCKED_LOW_SAMPLE|OUTCOME_V3_BLOCKED_WEAK_CALIBRATION|OUTCOME_V3_DIRECTIONALLY_BETTER_NOT_ADOPTED|OUTCOME_V3_KEEP_CURRENT_BASELINE|OUTCOME_V3_UPGRADE_ADMISSIBLE,95-892 labeled rows,Higher historical support|Limited historical support|Moderate historical support|Not enough information,,0.008459633481921747,BASELINE_PROJECTION_OR_CURRENT_AUTHORITY_GATE_FAILED|BASELINE_WEAK_AND_NO_CHALLENGER_PASSED_ALL_GATES|CHALLENGER_PASSED_EVERY_FIELD_GATE|CURRENT_BASELINE_RETAINED|DIRECTIONALLY_BETTER_BUT_ONE_OR_MORE_GATES_FAILED|HISTORICAL_SAMPLE_GATE_FAILED,NWR_OUTCOME_COLUMNS_V3_RC1,N/A,N/A,N/A,N/A,N/A,N/A,N/A,N/A,N/A,N/A,N/A,N/A,Not enough information,23.6%,20.7%,12.6%,49.7%,Not enough information,Not enough information,63.0%,55.0%,42.4%,84.9%,95.2%,55.7%,80.6%,68.0%,52.0%,94.4%,Not enough information,8.8%,17.8%,Not enough information,Not enough information,30.6%,Not enough information,N/A,N/A,N/A,N/A,N/A,N/A,N/A,N/A,N/A,N/A,N/A,N/A,N/A,N/A,N/A,N/A,N/A,N/A,N/A,N/A,N/A,N/A,N/A,N/A,N/A,N/A,N/A,N/A,N/A,N/A,N/A,N/A,N/A,N/A,N/A,N/A
9487,00-0038606,Parker Washington,WR,,44,complete,OUTCOME_V3_BLOCKED_LOW_SAMPLE|OUTCOME_V3_BLOCKED_WEAK_CALIBRATION|OUTCOME_V3_DIRECTIONALLY_BETTER_NOT_ADOPTED|OUTCOME_V3_KEEP_CURRENT_BASELINE|OUTCOME_V3_UPGRADE_ADMISSIBLE,208-1373 labeled rows,Higher historical support|Limited historical support|Moderate historical support|Not enough information,,0.0,BASELINE_PROJECTION_OR_CURRENT_AUTHORITY_GATE_FAILED|BASELINE_WEAK_AND_NO_CHALLENGER_PASSED_ALL_GATES|CHALLENGER_PASSED_EVERY_FIELD_GATE|CURRENT_BASELINE_RETAINED|CURRENT_BASELINE_STRONGEST_OOF|DIRECTIONALLY_BETTER_BUT_ONE_OR_MORE_GATES_FAILED|HISTORICAL_SAMPLE_GATE_FAILED,NWR_OUTCOME_COLUMNS_V3_RC1,N/A,N/A,N/A,N/A,N/A,N/A,N/A,N/A,N/A,N/A,N/A,N/A,N/A,N/A,N/A,N/A,N/A,N/A,N/A,N/A,N/A,N/A,N/A,N/A,N/A,N/A,N/A,N/A,N/A,N/A,N/A,N/A,N/A,N/A,N/A,N/A,N/A,N/A,N/A,N/A,N/A,N/A,N/A,N/A,N/A,N/A,N/A,N/A,17.1%,23.8%,16.7%,Not enough information,65.5%,Not enough information,48.0%,Not enough information,55.2%,Not enough information,80.3%,Not enough information,56.4%,Not enough information,66.7%,Not enough information,86.9%,97.3%,8.5%,9.9%,Not enough information,Not enough information,24.4%,42.3%
11604,00-0039338,Brock Bowers,TE,,45,complete,OUTCOME_V3_BLOCKED_WEAK_CALIBRATION|OUTCOME_V3_KEEP_CURRENT_BASELINE,119-769 labeled rows,Limited historical support|Moderate historical support,,0.0,BASELINE_WEAK_AND_NO_CHALLENGER_PASSED_ALL_GATES|CURRENT_BASELINE_RETAINED,NWR_OUTCOME_COLUMNS_V3_RC1,N/A,N/A,N/A,N/A,N/A,N/A,N/A,N/A,N/A,N/A,N/A,N/A,N/A,N/A,N/A,N/A,N/A,N/A,N/A,N/A,N/A,N/A,N/A,N/A,N/A,N/A,N/A,N/A,N/A,N/A,N/A,N/A,N/A,N/A,N/A,N/A,39.9%,49.5%,44.2%,35.3%,75.0%,Not enough information,15.6%,17.3%,12.4%,12.6%,36.0%,68.4%,N/A,N/A,N/A,N/A,N/A,N/A,N/A,N/A,N/A,N/A,N/A,N/A,N/A,N/A,N/A,N/A,N/A,N/A,N/A,N/A,N/A,N/A,N/A,N/A
12527,00-0040122,Ashton Jeanty,RB,,46,insufficient,OUTCOME_V3_BLOCKED_LOW_SAMPLE|OUTCOME_V3_BLOCKED_WEAK_CALIBRATION|OUTCOME_V3_DIRECTIONALLY_BETTER_NOT_ADOPTED|OUTCOME_V3_KEEP_CURRENT_BASELINE|OUTCOME_V3_UPGRADE_ADMISSIBLE,95-892 labeled rows,Not enough information,rookie or prospect lacks admitted 2025 NFL feature evidence,,BASELINE_PROJECTION_OR_CURRENT_AUTHORITY_GATE_FAILED|BASELINE_WEAK_AND_NO_CHALLENGER_PASSED_ALL_GATES|CHALLENGER_PASSED_EVERY_FIELD_GATE|CURRENT_BASELINE_RETAINED|DIRECTIONALLY_BETTER_BUT_ONE_OR_MORE_GATES_FAILED|HISTORICAL_SAMPLE_GATE_FAILED,NWR_OUTCOME_COLUMNS_V3_RC1,N/A,N/A,N/A,N/A,N/A,N/A,N/A,N/A,N/A,N/A,N/A,N/A,Not enough information,Not enough information,Not enough information,Not enough information,Not enough information,Not enough information,Not enough information,Not enough information,Not enough information,Not enough information,Not enough information,Not enough information,Not enough information,Not enough information,Not enough information,Not enough information,Not enough information,Not enough information,Not enough information,Not enough information,Not enough information,Not enough information,Not enough information,Not enough information,N/A,N/A,N/A,N/A,N/A,N/A,N/A,N/A,N/A,N/A,N/A,N/A,N/A,N/A,N/A,N/A,N/A,N/A,N/A,N/A,N/A,N/A,N/A,N/A,N/A,N/A,N/A,N/A,N/A,N/A,N/A,N/A,N/A,N/A,N/A,N/A
2133,00-0031381,Davante Adams,WR,,47,complete,OUTCOME_V3_BLOCKED_LOW_SAMPLE|OUTCOME_V3_BLOCKED_WEAK_CALIBRATION|OUTCOME_V3_DIRECTIONALLY_BETTER_NOT_ADOPTED|OUTCOME_V3_KEEP_CURRENT_BASELINE|OUTCOME_V3_UPGRADE_ADMISSIBLE,208-1373 labeled rows,Higher historical support|Limited historical support|Moderate historical support|Not enough information,,0.0,BASELINE_PROJECTION_OR_CURRENT_AUTHORITY_GATE_FAILED|BASELINE_WEAK_AND_NO_CHALLENGER_PASSED_ALL_GATES|CHALLENGER_PASSED_EVERY_FIELD_GATE|CURRENT_BASELINE_RETAINED|CURRENT_BASELINE_STRONGEST_OOF|DIRECTIONALLY_BETTER_BUT_ONE_OR_MORE_GATES_FAILED|HISTORICAL_SAMPLE_GATE_FAILED,NWR_OUTCOME_COLUMNS_V3_RC1,N/A,N/A,N/A,N/A,N/A,N/A,N/A,N/A,N/A,N/A,N/A,N/A,N/A,N/A,N/A,N/A,N/A,N/A,N/A,N/A,N/A,N/A,N/A,N/A,N/A,N/A,N/A,N/A,N/A,N/A,N/A,N/A,N/A,N/A,N/A,N/A,N/A,N/A,N/A,N/A,N/A,N/A,N/A,N/A,N/A,N/A,N/A,N/A,42.3%,41.2%,40.9%,Not enough information,72.0%,Not enough information,48.0%,Not enough information,55.2%,Not enough information,80.3%,Not enough information,56.4%,Not enough information,66.7%,Not enough information,86.9%,97.3%,16.5%,12.3%,Not enough information,Not enough information,30.2%,40.0%
11620,00-0039919,Rome Odunze,WR,,48,complete,OUTCOME_V3_BLOCKED_LOW_SAMPLE|OUTCOME_V3_BLOCKED_WEAK_CALIBRATION|OUTCOME_V3_DIRECTIONALLY_BETTER_NOT_ADOPTED|OUTCOME_V3_KEEP_CURRENT_BASELINE|OUTCOME_V3_UPGRADE_ADMISSIBLE,208-1373 labeled rows,Higher historical support|Limited historical support|Moderate historical support|Not enough information,,0.012437156615260604,BASELINE_PROJECTION_OR_CURRENT_AUTHORITY_GATE_FAILED|BASELINE_WEAK_AND_NO_CHALLENGER_PASSED_ALL_GATES|CHALLENGER_PASSED_EVERY_FIELD_GATE|CURRENT_BASELINE_RETAINED|CURRENT_BASELINE_STRONGEST_OOF|DIRECTIONALLY_BETTER_BUT_ONE_OR_MORE_GATES_FAILED|HISTORICAL_SAMPLE_GATE_FAILED,NWR_OUTCOME_COLUMNS_V3_RC1,N/A,N/A,N/A,N/A,N/A,N/A,N/A,N/A,N/A,N/A,N/A,N/A,N/A,N/A,N/A,N/A,N/A,N/A,N/A,N/A,N/A,N/A,N/A,N/A,N/A,N/A,N/A,N/A,N/A,N/A,N/A,N/A,N/A,N/A,N/A,N/A,N/A,N/A,N/A,N/A,N/A,N/A,N/A,N/A,N/A,N/A,N/A,N/A,1.5%,1.0%,3.2%,Not enough information,4.6%,Not enough information,22.5%,Not enough information,24.5%,Not enough information,51.0%,Not enough information,22.5%,Not enough information,25.1%,Not enough information,53.4%,80.3%,1.0%,1.0%,Not enough information,Not enough information,3.3%,18.3%
6904,00-0036389,Jalen Hurts,QB,,49,complete,OUTCOME_V3_BLOCKED_LOW_SAMPLE|OUTCOME_V3_BLOCKED_WEAK_CALIBRATION|OUTCOME_V3_DIRECTIONALLY_BETTER_NOT_ADOPTED|OUTCOME_V3_KEEP_CURRENT_BASELINE,100-475 labeled rows,Limited historical support|Moderate historical support|Not enough information,,0.0,BASELINE_PROJECTION_OR_CURRENT_AUTHORITY_GATE_FAILED|BASELINE_WEAK_AND_NO_CHALLENGER_PASSED_ALL_GATES|CURRENT_BASELINE_RETAINED|DIRECTIONALLY_BETTER_BUT_ONE_OR_MORE_GATES_FAILED|HISTORICAL_SAMPLE_GATE_FAILED,NWR_OUTCOME_COLUMNS_V3_RC1,53.2%,Not enough information,Not enough information,Not enough information,84.7%,92.8%,19.4%,Not enough information,Not enough information,Not enough information,Not enough information,70.2%,N/A,N/A,N/A,N/A,N/A,N/A,N/A,N/A,N/A,N/A,N/A,N/A,N/A,N/A,N/A,N/A,N/A,N/A,N/A,N/A,N/A,N/A,N/A,N/A,N/A,N/A,N/A,N/A,N/A,N/A,N/A,N/A,N/A,N/A,N/A,N/A,N/A,N/A,N/A,N/A,N/A,N/A,N/A,N/A,N/A,N/A,N/A,N/A,N/A,N/A,N/A,N/A,N/A,N/A,N/A,N/A,N/A,N/A,N/A,N/A
6797,00-0036355,Justin Herbert,QB,,50,complete,OUTCOME_V3_BLOCKED_LOW_SAMPLE|OUTCOME_V3_BLOCKED_WEAK_CALIBRATION|OUTCOME_V3_DIRECTIONALLY_BETTER_NOT_ADOPTED|OUTCOME_V3_KEEP_CURRENT_BASELINE,100-475 labeled rows,Limited historical support|Moderate historical support|Not enough information,,0.0,BASELINE_PROJECTION_OR_CURRENT_AUTHORITY_GATE_FAILED|BASELINE_WEAK_AND_NO_CHALLENGER_PASSED_ALL_GATES|CURRENT_BASELINE_RETAINED|DIRECTIONALLY_BETTER_BUT_ONE_OR_MORE_GATES_FAILED|HISTORICAL_SAMPLE_GATE_FAILED,NWR_OUTCOME_COLUMNS_V3_RC1,53.2%,Not enough information,Not enough information,Not enough information,84.7%,92.8%,19.4%,Not enough information,Not enough information,Not enough information,Not enough information,70.2%,N/A,N/A,N/A,N/A,N/A,N/A,N/A,N/A,N/A,N/A,N/A,N/A,N/A,N/A,N/A,N/A,N/A,N/A,N/A,N/A,N/A,N/A,N/A,N/A,N/A,N/A,N/A,N/A,N/A,N/A,N/A,N/A,N/A,N/A,N/A,N/A,N/A,N/A,N/A,N/A,N/A,N/A,N/A,N/A,N/A,N/A,N/A,N/A,N/A,N/A,N/A,N/A,N/A,N/A,N/A,N/A,N/A,N/A,N/A,N/A
11560,00-0039918,Caleb Williams,QB,,51,complete,OUTCOME_V3_BLOCKED_LOW_SAMPLE|OUTCOME_V3_BLOCKED_WEAK_CALIBRATION|OUTCOME_V3_DIRECTIONALLY_BETTER_NOT_ADOPTED|OUTCOME_V3_KEEP_CURRENT_BASELINE,100-475 labeled rows,Limited historical support|Moderate historical support|Not enough information,,0.0,BASELINE_PROJECTION_OR_CURRENT_AUTHORITY_GATE_FAILED|BASELINE_WEAK_AND_NO_CHALLENGER_PASSED_ALL_GATES|CURRENT_BASELINE_RETAINED|DIRECTIONALLY_BETTER_BUT_ONE_OR_MORE_GATES_FAILED|HISTORICAL_SAMPLE_GATE_FAILED,NWR_OUTCOME_COLUMNS_V3_RC1,53.2%,Not enough information,Not enough information,Not enough information,84.7%,92.8%,37.7%,Not enough information,Not enough information,Not enough information,Not enough information,83.4%,N/A,N/A,N/A,N/A,N/A,N/A,N/A,N/A,N/A,N/A,N/A,N/A,N/A,N/A,N/A,N/A,N/A,N/A,N/A,N/A,N/A,N/A,N/A,N/A,N/A,N/A,N/A,N/A,N/A,N/A,N/A,N/A,N/A,N/A,N/A,N/A,N/A,N/A,N/A,N/A,N/A,N/A,N/A,N/A,N/A,N/A,N/A,N/A,N/A,N/A,N/A,N/A,N/A,N/A,N/A,N/A,N/A,N/A,N/A,N/A
5927,00-0035659,Terry McLaurin,WR,,52,complete,OUTCOME_V3_BLOCKED_LOW_SAMPLE|OUTCOME_V3_BLOCKED_WEAK_CALIBRATION|OUTCOME_V3_DIRECTIONALLY_BETTER_NOT_ADOPTED|OUTCOME_V3_KEEP_CURRENT_BASELINE|OUTCOME_V3_UPGRADE_ADMISSIBLE,208-1373 labeled rows,Higher historical support|Limited historical support|Moderate historical support|Not enough information,,0.012437156615260604,BASELINE_PROJECTION_OR_CURRENT_AUTHORITY_GATE_FAILED|BASELINE_WEAK_AND_NO_CHALLENGER_PASSED_ALL_GATES|CHALLENGER_PASSED_EVERY_FIELD_GATE|CURRENT_BASELINE_RETAINED|CURRENT_BASELINE_STRONGEST_OOF|DIRECTIONALLY_BETTER_BUT_ONE_OR_MORE_GATES_FAILED|HISTORICAL_SAMPLE_GATE_FAILED,NWR_OUTCOME_COLUMNS_V3_RC1,N/A,N/A,N/A,N/A,N/A,N/A,N/A,N/A,N/A,N/A,N/A,N/A,N/A,N/A,N/A,N/A,N/A,N/A,N/A,N/A,N/A,N/A,N/A,N/A,N/A,N/A,N/A,N/A,N/A,N/A,N/A,N/A,N/A,N/A,N/A,N/A,N/A,N/A,N/A,N/A,N/A,N/A,N/A,N/A,N/A,N/A,N/A,N/A,1.5%,1.0%,3.2%,Not enough information,4.6%,Not enough information,11.1%,Not enough information,10.2%,Not enough information,31.4%,Not enough information,21.6%,Not enough information,25.1%,Not enough information,53.4%,80.3%,1.0%,1.0%,Not enough information,Not enough information,3.3%,18.3%
6819,00-0036252,Michael Pittman,WR,,53,complete,OUTCOME_V3_BLOCKED_LOW_SAMPLE|OUTCOME_V3_BLOCKED_WEAK_CALIBRATION|OUTCOME_V3_DIRECTIONALLY_BETTER_NOT_ADOPTED|OUTCOME_V3_KEEP_CURRENT_BASELINE|OUTCOME_V3_UPGRADE_ADMISSIBLE,208-1373 labeled rows,Higher historical support|Limited historical support|Moderate historical support|Not enough information,,0.0,BASELINE_PROJECTION_OR_CURRENT_AUTHORITY_GATE_FAILED|BASELINE_WEAK_AND_NO_CHALLENGER_PASSED_ALL_GATES|CHALLENGER_PASSED_EVERY_FIELD_GATE|CURRENT_BASELINE_RETAINED|CURRENT_BASELINE_STRONGEST_OOF|DIRECTIONALLY_BETTER_BUT_ONE_OR_MORE_GATES_FAILED|HISTORICAL_SAMPLE_GATE_FAILED,NWR_OUTCOME_COLUMNS_V3_RC1,N/A,N/A,N/A,N/A,N/A,N/A,N/A,N/A,N/A,N/A,N/A,N/A,N/A,N/A,N/A,N/A,N/A,N/A,N/A,N/A,N/A,N/A,N/A,N/A,N/A,N/A,N/A,N/A,N/A,N/A,N/A,N/A,N/A,N/A,N/A,N/A,N/A,N/A,N/A,N/A,N/A,N/A,N/A,N/A,N/A,N/A,N/A,N/A,12.8%,14.5%,10.3%,Not enough information,44.7%,Not enough information,22.5%,Not enough information,24.5%,Not enough information,51.0%,Not enough information,56.4%,Not enough information,66.7%,Not enough information,86.9%,97.3%,1.0%,1.0%,Not enough information,Not enough information,3.3%,18.3%
5872,00-0035719,Deebo Samuel,WR,,54,complete,OUTCOME_V3_BLOCKED_LOW_SAMPLE|OUTCOME_V3_BLOCKED_WEAK_CALIBRATION|OUTCOME_V3_DIRECTIONALLY_BETTER_NOT_ADOPTED|OUTCOME_V3_KEEP_CURRENT_BASELINE|OUTCOME_V3_UPGRADE_ADMISSIBLE,208-1373 labeled rows,Higher historical support|Limited historical support|Moderate historical support|Not enough information,,0.0,BASELINE_PROJECTION_OR_CURRENT_AUTHORITY_GATE_FAILED|BASELINE_WEAK_AND_NO_CHALLENGER_PASSED_ALL_GATES|CHALLENGER_PASSED_EVERY_FIELD_GATE|CURRENT_BASELINE_RETAINED|CURRENT_BASELINE_STRONGEST_OOF|DIRECTIONALLY_BETTER_BUT_ONE_OR_MORE_GATES_FAILED|HISTORICAL_SAMPLE_GATE_FAILED,NWR_OUTCOME_COLUMNS_V3_RC1,N/A,N/A,N/A,N/A,N/A,N/A,N/A,N/A,N/A,N/A,N/A,N/A,N/A,N/A,N/A,N/A,N/A,N/A,N/A,N/A,N/A,N/A,N/A,N/A,N/A,N/A,N/A,N/A,N/A,N/A,N/A,N/A,N/A,N/A,N/A,N/A,N/A,N/A,N/A,N/A,N/A,N/A,N/A,N/A,N/A,N/A,N/A,N/A,12.8%,14.5%,10.3%,Not enough information,44.7%,Not enough information,22.5%,Not enough information,24.5%,Not enough information,51.0%,Not enough information,56.4%,Not enough information,66.7%,Not enough information,86.9%,97.3%,1.0%,1.0%,Not enough information,Not enough information,3.3%,18.3%
11635,00-0039915,Ladd McConkey,WR,,55,complete,OUTCOME_V3_BLOCKED_LOW_SAMPLE|OUTCOME_V3_BLOCKED_WEAK_CALIBRATION|OUTCOME_V3_DIRECTIONALLY_BETTER_NOT_ADOPTED|OUTCOME_V3_KEEP_CURRENT_BASELINE|OUTCOME_V3_UPGRADE_ADMISSIBLE,208-1373 labeled rows,Higher historical support|Limited historical support|Moderate historical support|Not enough information,,0.0,BASELINE_PROJECTION_OR_CURRENT_AUTHORITY_GATE_FAILED|BASELINE_WEAK_AND_NO_CHALLENGER_PASSED_ALL_GATES|CHALLENGER_PASSED_EVERY_FIELD_GATE|CURRENT_BASELINE_RETAINED|CURRENT_BASELINE_STRONGEST_OOF|DIRECTIONALLY_BETTER_BUT_ONE_OR_MORE_GATES_FAILED|HISTORICAL_SAMPLE_GATE_FAILED,NWR_OUTCOME_COLUMNS_V3_RC1,N/A,N/A,N/A,N/A,N/A,N/A,N/A,N/A,N/A,N/A,N/A,N/A,N/A,N/A,N/A,N/A,N/A,N/A,N/A,N/A,N/A,N/A,N/A,N/A,N/A,N/A,N/A,N/A,N/A,N/A,N/A,N/A,N/A,N/A,N/A,N/A,N/A,N/A,N/A,N/A,N/A,N/A,N/A,N/A,N/A,N/A,N/A,N/A,12.8%,14.5%,10.3%,Not enough information,44.7%,Not enough information,22.5%,Not enough information,24.5%,Not enough information,51.0%,Not enough information,56.4%,Not enough information,66.7%,Not enough information,86.9%,97.3%,1.0%,1.0%,Not enough information,Not enough information,3.3%,18.3%
7021,00-0036139,Rico Dowdle,RB,,56,complete,OUTCOME_V3_BLOCKED_LOW_SAMPLE|OUTCOME_V3_BLOCKED_WEAK_CALIBRATION|OUTCOME_V3_DIRECTIONALLY_BETTER_NOT_ADOPTED|OUTCOME_V3_KEEP_CURRENT_BASELINE|OUTCOME_V3_UPGRADE_ADMISSIBLE,95-892 labeled rows,Higher historical support|Limited historical support|Moderate historical support|Not enough information,,0.008459633481921747,BASELINE_PROJECTION_OR_CURRENT_AUTHORITY_GATE_FAILED|BASELINE_WEAK_AND_NO_CHALLENGER_PASSED_ALL_GATES|CHALLENGER_PASSED_EVERY_FIELD_GATE|CURRENT_BASELINE_RETAINED|DIRECTIONALLY_BETTER_BUT_ONE_OR_MORE_GATES_FAILED|HISTORICAL_SAMPLE_GATE_FAILED,NWR_OUTCOME_COLUMNS_V3_RC1,N/A,N/A,N/A,N/A,N/A,N/A,N/A,N/A,N/A,N/A,N/A,N/A,Not enough information,23.6%,20.7%,12.6%,49.7%,Not enough information,Not enough information,63.0%,55.0%,42.4%,84.9%,95.2%,55.7%,80.6%,68.0%,52.0%,94.4%,Not enough information,8.8%,17.8%,Not enough information,Not enough information,30.6%,Not enough information,N/A,N/A,N/A,N/A,N/A,N/A,N/A,N/A,N/A,N/A,N/A,N/A,N/A,N/A,N/A,N/A,N/A,N/A,N/A,N/A,N/A,N/A,N/A,N/A,N/A,N/A,N/A,N/A,N/A,N/A,N/A,N/A,N/A,N/A,N/A,N/A
8167,00-0038124,Christian Watson,WR,,57,complete,OUTCOME_V3_BLOCKED_LOW_SAMPLE|OUTCOME_V3_BLOCKED_WEAK_CALIBRATION|OUTCOME_V3_DIRECTIONALLY_BETTER_NOT_ADOPTED|OUTCOME_V3_KEEP_CURRENT_BASELINE|OUTCOME_V3_UPGRADE_ADMISSIBLE,208-1373 labeled rows,Higher historical support|Limited historical support|Moderate historical support|Not enough information,,0.012437156615260604,BASELINE_PROJECTION_OR_CURRENT_AUTHORITY_GATE_FAILED|BASELINE_WEAK_AND_NO_CHALLENGER_PASSED_ALL_GATES|CHALLENGER_PASSED_EVERY_FIELD_GATE|CURRENT_BASELINE_RETAINED|CURRENT_BASELINE_STRONGEST_OOF|DIRECTIONALLY_BETTER_BUT_ONE_OR_MORE_GATES_FAILED|HISTORICAL_SAMPLE_GATE_FAILED,NWR_OUTCOME_COLUMNS_V3_RC1,N/A,N/A,N/A,N/A,N/A,N/A,N/A,N/A,N/A,N/A,N/A,N/A,N/A,N/A,N/A,N/A,N/A,N/A,N/A,N/A,N/A,N/A,N/A,N/A,N/A,N/A,N/A,N/A,N/A,N/A,N/A,N/A,N/A,N/A,N/A,N/A,N/A,N/A,N/A,N/A,N/A,N/A,N/A,N/A,N/A,N/A,N/A,N/A,1.5%,1.0%,3.2%,Not enough information,4.6%,Not enough information,22.5%,Not enough information,24.5%,Not enough information,51.0%,Not enough information,22.5%,Not enough information,25.1%,Not enough information,53.4%,80.3%,1.0%,1.0%,Not enough information,Not enough information,3.3%,18.3%
11632,00-0039337,Malik Nabers,WR,,58,complete,OUTCOME_V3_BLOCKED_LOW_SAMPLE|OUTCOME_V3_BLOCKED_WEAK_CALIBRATION|OUTCOME_V3_DIRECTIONALLY_BETTER_NOT_ADOPTED|OUTCOME_V3_KEEP_CURRENT_BASELINE|OUTCOME_V3_UPGRADE_ADMISSIBLE,208-1373 labeled rows,Higher historical support|Limited historical support|Moderate historical support|Not enough information,,0.012437156615260604,BASELINE_PROJECTION_OR_CURRENT_AUTHORITY_GATE_FAILED|BASELINE_WEAK_AND_NO_CHALLENGER_PASSED_ALL_GATES|CHALLENGER_PASSED_EVERY_FIELD_GATE|CURRENT_BASELINE_RETAINED|CURRENT_BASELINE_STRONGEST_OOF|DIRECTIONALLY_BETTER_BUT_ONE_OR_MORE_GATES_FAILED|HISTORICAL_SAMPLE_GATE_FAILED,NWR_OUTCOME_COLUMNS_V3_RC1,N/A,N/A,N/A,N/A,N/A,N/A,N/A,N/A,N/A,N/A,N/A,N/A,N/A,N/A,N/A,N/A,N/A,N/A,N/A,N/A,N/A,N/A,N/A,N/A,N/A,N/A,N/A,N/A,N/A,N/A,N/A,N/A,N/A,N/A,N/A,N/A,N/A,N/A,N/A,N/A,N/A,N/A,N/A,N/A,N/A,N/A,N/A,N/A,1.5%,1.0%,3.2%,Not enough information,4.6%,Not enough information,2.9%,Not enough information,4.4%,Not enough information,10.8%,Not enough information,3.4%,Not enough information,4.4%,Not enough information,14.7%,44.3%,1.0%,1.0%,Not enough information,Not enough information,3.3%,18.3%
12518,00-0040128,Tyler Warren,TE,,59,insufficient,OUTCOME_V3_BLOCKED_WEAK_CALIBRATION|OUTCOME_V3_KEEP_CURRENT_BASELINE,119-769 labeled rows,Not enough information,rookie or prospect lacks admitted 2025 NFL feature evidence,,BASELINE_WEAK_AND_NO_CHALLENGER_PASSED_ALL_GATES|CURRENT_BASELINE_RETAINED,NWR_OUTCOME_COLUMNS_V3_RC1,N/A,N/A,N/A,N/A,N/A,N/A,N/A,N/A,N/A,N/A,N/A,N/A,N/A,N/A,N/A,N/A,N/A,N/A,N/A,N/A,N/A,N/A,N/A,N/A,N/A,N/A,N/A,N/A,N/A,N/A,N/A,N/A,N/A,N/A,N/A,N/A,Not enough information,Not enough information,Not enough information,Not enough information,Not enough information,Not enough information,Not enough information,Not enough information,Not enough information,Not enough information,Not enough information,Not enough information,N/A,N/A,N/A,N/A,N/A,N/A,N/A,N/A,N/A,N/A,N/A,N/A,N/A,N/A,N/A,N/A,N/A,N/A,N/A,N/A,N/A,N/A,N/A,N/A
12506,00-0040663,Harold Fannin,TE,,60,insufficient,OUTCOME_V3_BLOCKED_WEAK_CALIBRATION|OUTCOME_V3_KEEP_CURRENT_BASELINE,119-769 labeled rows,Not enough information,rookie or prospect lacks admitted 2025 NFL feature evidence,,BASELINE_WEAK_AND_NO_CHALLENGER_PASSED_ALL_GATES|CURRENT_BASELINE_RETAINED,NWR_OUTCOME_COLUMNS_V3_RC1,N/A,N/A,N/A,N/A,N/A,N/A,N/A,N/A,N/A,N/A,N/A,N/A,N/A,N/A,N/A,N/A,N/A,N/A,N/A,N/A,N/A,N/A,N/A,N/A,N/A,N/A,N/A,N/A,N/A,N/A,N/A,N/A,N/A,N/A,N/A,N/A,Not enough information,Not enough information,Not enough information,Not enough information,Not enough information,Not enough information,Not enough information,Not enough information,Not enough information,Not enough information,Not enough information,Not enough information,N/A,N/A,N/A,N/A,N/A,N/A,N/A,N/A,N/A,N/A,N/A,N/A,N/A,N/A,N/A,N/A,N/A,N/A,N/A,N/A,N/A,N/A,N/A,N/A
2449,00-0031588,Stefon Diggs,WR,,61,complete,OUTCOME_V3_BLOCKED_LOW_SAMPLE|OUTCOME_V3_BLOCKED_WEAK_CALIBRATION|OUTCOME_V3_DIRECTIONALLY_BETTER_NOT_ADOPTED|OUTCOME_V3_KEEP_CURRENT_BASELINE|OUTCOME_V3_UPGRADE_ADMISSIBLE,208-1373 labeled rows,Higher historical support|Limited historical support|Moderate historical support|Not enough information,,0.0,BASELINE_PROJECTION_OR_CURRENT_AUTHORITY_GATE_FAILED|BASELINE_WEAK_AND_NO_CHALLENGER_PASSED_ALL_GATES|CHALLENGER_PASSED_EVERY_FIELD_GATE|CURRENT_BASELINE_RETAINED|CURRENT_BASELINE_STRONGEST_OOF|DIRECTIONALLY_BETTER_BUT_ONE_OR_MORE_GATES_FAILED|HISTORICAL_SAMPLE_GATE_FAILED,NWR_OUTCOME_COLUMNS_V3_RC1,N/A,N/A,N/A,N/A,N/A,N/A,N/A,N/A,N/A,N/A,N/A,N/A,N/A,N/A,N/A,N/A,N/A,N/A,N/A,N/A,N/A,N/A,N/A,N/A,N/A,N/A,N/A,N/A,N/A,N/A,N/A,N/A,N/A,N/A,N/A,N/A,N/A,N/A,N/A,N/A,N/A,N/A,N/A,N/A,N/A,N/A,N/A,N/A,17.1%,23.8%,16.7%,Not enough information,65.5%,Not enough information,48.0%,Not enough information,55.2%,Not enough information,80.3%,Not enough information,56.4%,Not enough information,66.7%,Not enough information,86.9%,97.3%,1.0%,1.0%,Not enough information,Not enough information,3.3%,18.3%
11563,00-0039732,Bo Nix,QB,,62,complete,OUTCOME_V3_BLOCKED_LOW_SAMPLE|OUTCOME_V3_BLOCKED_WEAK_CALIBRATION|OUTCOME_V3_DIRECTIONALLY_BETTER_NOT_ADOPTED|OUTCOME_V3_KEEP_CURRENT_BASELINE,100-475 labeled rows,Limited historical support|Moderate historical support|Not enough information,,0.0,BASELINE_PROJECTION_OR_CURRENT_AUTHORITY_GATE_FAILED|BASELINE_WEAK_AND_NO_CHALLENGER_PASSED_ALL_GATES|CURRENT_BASELINE_RETAINED|DIRECTIONALLY_BETTER_BUT_ONE_OR_MORE_GATES_FAILED|HISTORICAL_SAMPLE_GATE_FAILED,NWR_OUTCOME_COLUMNS_V3_RC1,53.2%,Not enough information,Not enough information,Not enough information,84.7%,92.8%,19.4%,Not enough information,Not enough information,Not enough information,Not enough information,70.2%,N/A,N/A,N/A,N/A,N/A,N/A,N/A,N/A,N/A,N/A,N/A,N/A,N/A,N/A,N/A,N/A,N/A,N/A,N/A,N/A,N/A,N/A,N/A,N/A,N/A,N/A,N/A,N/A,N/A,N/A,N/A,N/A,N/A,N/A,N/A,N/A,N/A,N/A,N/A,N/A,N/A,N/A,N/A,N/A,N/A,N/A,N/A,N/A,N/A,N/A,N/A,N/A,N/A,N/A,N/A,N/A,N/A,N/A,N/A,N/A
8146,00-0037740,Garrett Wilson,WR,,63,complete,OUTCOME_V3_BLOCKED_LOW_SAMPLE|OUTCOME_V3_BLOCKED_WEAK_CALIBRATION|OUTCOME_V3_DIRECTIONALLY_BETTER_NOT_ADOPTED|OUTCOME_V3_KEEP_CURRENT_BASELINE|OUTCOME_V3_UPGRADE_ADMISSIBLE,208-1373 labeled rows,Higher historical support|Limited historical support|Moderate historical support|Not enough information,,0.012437156615260604,BASELINE_PROJECTION_OR_CURRENT_AUTHORITY_GATE_FAILED|BASELINE_WEAK_AND_NO_CHALLENGER_PASSED_ALL_GATES|CHALLENGER_PASSED_EVERY_FIELD_GATE|CURRENT_BASELINE_RETAINED|CURRENT_BASELINE_STRONGEST_OOF|DIRECTIONALLY_BETTER_BUT_ONE_OR_MORE_GATES_FAILED|HISTORICAL_SAMPLE_GATE_FAILED,NWR_OUTCOME_COLUMNS_V3_RC1,N/A,N/A,N/A,N/A,N/A,N/A,N/A,N/A,N/A,N/A,N/A,N/A,N/A,N/A,N/A,N/A,N/A,N/A,N/A,N/A,N/A,N/A,N/A,N/A,N/A,N/A,N/A,N/A,N/A,N/A,N/A,N/A,N/A,N/A,N/A,N/A,N/A,N/A,N/A,N/A,N/A,N/A,N/A,N/A,N/A,N/A,N/A,N/A,1.5%,1.0%,3.2%,Not enough information,4.6%,Not enough information,2.9%,Not enough information,4.4%,Not enough information,10.8%,Not enough information,12.1%,Not enough information,13.4%,Not enough information,36.4%,67.0%,1.0%,1.0%,Not enough information,Not enough information,3.3%,18.3%
5947,00-0034960,Jakobi Meyers,WR,,64,complete,OUTCOME_V3_BLOCKED_LOW_SAMPLE|OUTCOME_V3_BLOCKED_WEAK_CALIBRATION|OUTCOME_V3_DIRECTIONALLY_BETTER_NOT_ADOPTED|OUTCOME_V3_KEEP_CURRENT_BASELINE|OUTCOME_V3_UPGRADE_ADMISSIBLE,208-1373 labeled rows,Higher historical support|Limited historical support|Moderate historical support|Not enough information,,0.012437156615260604,BASELINE_PROJECTION_OR_CURRENT_AUTHORITY_GATE_FAILED|BASELINE_WEAK_AND_NO_CHALLENGER_PASSED_ALL_GATES|CHALLENGER_PASSED_EVERY_FIELD_GATE|CURRENT_BASELINE_RETAINED|CURRENT_BASELINE_STRONGEST_OOF|DIRECTIONALLY_BETTER_BUT_ONE_OR_MORE_GATES_FAILED|HISTORICAL_SAMPLE_GATE_FAILED,NWR_OUTCOME_COLUMNS_V3_RC1,N/A,N/A,N/A,N/A,N/A,N/A,N/A,N/A,N/A,N/A,N/A,N/A,N/A,N/A,N/A,N/A,N/A,N/A,N/A,N/A,N/A,N/A,N/A,N/A,N/A,N/A,N/A,N/A,N/A,N/A,N/A,N/A,N/A,N/A,N/A,N/A,N/A,N/A,N/A,N/A,N/A,N/A,N/A,N/A,N/A,N/A,N/A,N/A,1.5%,1.0%,3.2%,Not enough information,4.6%,Not enough information,22.5%,Not enough information,24.5%,Not enough information,51.0%,Not enough information,22.5%,Not enough information,25.1%,Not enough information,53.4%,80.3%,1.0%,1.0%,Not enough information,Not enough information,3.3%,18.3%
3198,00-0032764,Derrick Henry,RB,,65,complete,OUTCOME_V3_BLOCKED_LOW_SAMPLE|OUTCOME_V3_BLOCKED_WEAK_CALIBRATION|OUTCOME_V3_DIRECTIONALLY_BETTER_NOT_ADOPTED|OUTCOME_V3_KEEP_CURRENT_BASELINE|OUTCOME_V3_UPGRADE_ADMISSIBLE,95-892 labeled rows,Higher historical support|Limited historical support|Moderate historical support|Not enough information,,0.0,BASELINE_PROJECTION_OR_CURRENT_AUTHORITY_GATE_FAILED|BASELINE_WEAK_AND_NO_CHALLENGER_PASSED_ALL_GATES|CHALLENGER_PASSED_EVERY_FIELD_GATE|CURRENT_BASELINE_RETAINED|DIRECTIONALLY_BETTER_BUT_ONE_OR_MORE_GATES_FAILED|HISTORICAL_SAMPLE_GATE_FAILED,NWR_OUTCOME_COLUMNS_V3_RC1,N/A,N/A,N/A,N/A,N/A,N/A,N/A,N/A,N/A,N/A,N/A,N/A,Not enough information,43.2%,33.9%,30.2%,72.4%,Not enough information,Not enough information,63.0%,55.0%,42.4%,84.9%,95.2%,55.7%,80.6%,68.0%,52.0%,94.4%,Not enough information,21.5%,35.4%,Not enough information,Not enough information,61.3%,Not enough information,N/A,N/A,N/A,N/A,N/A,N/A,N/A,N/A,N/A,N/A,N/A,N/A,N/A,N/A,N/A,N/A,N/A,N/A,N/A,N/A,N/A,N/A,N/A,N/A,N/A,N/A,N/A,N/A,N/A,N/A,N/A,N/A,N/A,N/A,N/A,N/A
9756,00-0038994,Jordan Addison,WR,,66,complete,OUTCOME_V3_BLOCKED_LOW_SAMPLE|OUTCOME_V3_BLOCKED_WEAK_CALIBRATION|OUTCOME_V3_DIRECTIONALLY_BETTER_NOT_ADOPTED|OUTCOME_V3_KEEP_CURRENT_BASELINE|OUTCOME_V3_UPGRADE_ADMISSIBLE,208-1373 labeled rows,Higher historical support|Limited historical support|Moderate historical support|Not enough information,,0.012437156615260604,BASELINE_PROJECTION_OR_CURRENT_AUTHORITY_GATE_FAILED|BASELINE_WEAK_AND_NO_CHALLENGER_PASSED_ALL_GATES|CHALLENGER_PASSED_EVERY_FIELD_GATE|CURRENT_BASELINE_RETAINED|CURRENT_BASELINE_STRONGEST_OOF|DIRECTIONALLY_BETTER_BUT_ONE_OR_MORE_GATES_FAILED|HISTORICAL_SAMPLE_GATE_FAILED,NWR_OUTCOME_COLUMNS_V3_RC1,N/A,N/A,N/A,N/A,N/A,N/A,N/A,N/A,N/A,N/A,N/A,N/A,N/A,N/A,N/A,N/A,N/A,N/A,N/A,N/A,N/A,N/A,N/A,N/A,N/A,N/A,N/A,N/A,N/A,N/A,N/A,N/A,N/A,N/A,N/A,N/A,N/A,N/A,N/A,N/A,N/A,N/A,N/A,N/A,N/A,N/A,N/A,N/A,1.5%,1.0%,3.2%,Not enough information,4.6%,Not enough information,22.5%,Not enough information,24.5%,Not enough information,51.0%,Not enough information,22.5%,Not enough information,25.1%,Not enough information,53.4%,80.3%,1.0%,1.0%,Not enough information,Not enough information,3.3%,18.3%
4046,00-0033873,Patrick Mahomes,QB,,67,complete,OUTCOME_V3_BLOCKED_LOW_SAMPLE|OUTCOME_V3_BLOCKED_WEAK_CALIBRATION|OUTCOME_V3_DIRECTIONALLY_BETTER_NOT_ADOPTED|OUTCOME_V3_KEEP_CURRENT_BASELINE,100-475 labeled rows,Limited historical support|Moderate historical support|Not enough information,,0.0,BASELINE_PROJECTION_OR_CURRENT_AUTHORITY_GATE_FAILED|BASELINE_WEAK_AND_NO_CHALLENGER_PASSED_ALL_GATES|CURRENT_BASELINE_RETAINED|DIRECTIONALLY_BETTER_BUT_ONE_OR_MORE_GATES_FAILED|HISTORICAL_SAMPLE_GATE_FAILED,NWR_OUTCOME_COLUMNS_V3_RC1,53.2%,Not enough information,Not enough information,Not enough information,84.7%,92.8%,19.4%,Not enough information,Not enough information,Not enough information,Not enough information,70.2%,N/A,N/A,N/A,N/A,N/A,N/A,N/A,N/A,N/A,N/A,N/A,N/A,N/A,N/A,N/A,N/A,N/A,N/A,N/A,N/A,N/A,N/A,N/A,N/A,N/A,N/A,N/A,N/A,N/A,N/A,N/A,N/A,N/A,N/A,N/A,N/A,N/A,N/A,N/A,N/A,N/A,N/A,N/A,N/A,N/A,N/A,N/A,N/A,N/A,N/A,N/A,N/A,N/A,N/A,N/A,N/A,N/A,N/A,N/A,N/A
9754,00-0038544,Quentin Johnston,WR,,68,complete,OUTCOME_V3_BLOCKED_LOW_SAMPLE|OUTCOME_V3_BLOCKED_WEAK_CALIBRATION|OUTCOME_V3_DIRECTIONALLY_BETTER_NOT_ADOPTED|OUTCOME_V3_KEEP_CURRENT_BASELINE|OUTCOME_V3_UPGRADE_ADMISSIBLE,208-1373 labeled rows,Higher historical support|Limited historical support|Moderate historical support|Not enough information,,0.0,BASELINE_PROJECTION_OR_CURRENT_AUTHORITY_GATE_FAILED|BASELINE_WEAK_AND_NO_CHALLENGER_PASSED_ALL_GATES|CHALLENGER_PASSED_EVERY_FIELD_GATE|CURRENT_BASELINE_RETAINED|CURRENT_BASELINE_STRONGEST_OOF|DIRECTIONALLY_BETTER_BUT_ONE_OR_MORE_GATES_FAILED|HISTORICAL_SAMPLE_GATE_FAILED,NWR_OUTCOME_COLUMNS_V3_RC1,N/A,N/A,N/A,N/A,N/A,N/A,N/A,N/A,N/A,N/A,N/A,N/A,N/A,N/A,N/A,N/A,N/A,N/A,N/A,N/A,N/A,N/A,N/A,N/A,N/A,N/A,N/A,N/A,N/A,N/A,N/A,N/A,N/A,N/A,N/A,N/A,N/A,N/A,N/A,N/A,N/A,N/A,N/A,N/A,N/A,N/A,N/A,N/A,12.8%,14.5%,10.3%,Not enough information,44.7%,Not enough information,22.5%,Not enough information,24.5%,Not enough information,51.0%,Not enough information,56.4%,Not enough information,66.7%,Not enough information,86.9%,97.3%,1.0%,1.0%,Not enough information,Not enough information,3.3%,18.3%
11627,00-0039868,Troy Franklin,WR,,69,complete,OUTCOME_V3_BLOCKED_LOW_SAMPLE|OUTCOME_V3_BLOCKED_WEAK_CALIBRATION|OUTCOME_V3_DIRECTIONALLY_BETTER_NOT_ADOPTED|OUTCOME_V3_KEEP_CURRENT_BASELINE|OUTCOME_V3_UPGRADE_ADMISSIBLE,208-1373 labeled rows,Higher historical support|Limited historical support|Moderate historical support|Not enough information,,0.012437156615260604,BASELINE_PROJECTION_OR_CURRENT_AUTHORITY_GATE_FAILED|BASELINE_WEAK_AND_NO_CHALLENGER_PASSED_ALL_GATES|CHALLENGER_PASSED_EVERY_FIELD_GATE|CURRENT_BASELINE_RETAINED|CURRENT_BASELINE_STRONGEST_OOF|DIRECTIONALLY_BETTER_BUT_ONE_OR_MORE_GATES_FAILED|HISTORICAL_SAMPLE_GATE_FAILED,NWR_OUTCOME_COLUMNS_V3_RC1,N/A,N/A,N/A,N/A,N/A,N/A,N/A,N/A,N/A,N/A,N/A,N/A,N/A,N/A,N/A,N/A,N/A,N/A,N/A,N/A,N/A,N/A,N/A,N/A,N/A,N/A,N/A,N/A,N/A,N/A,N/A,N/A,N/A,N/A,N/A,N/A,N/A,N/A,N/A,N/A,N/A,N/A,N/A,N/A,N/A,N/A,N/A,N/A,1.5%,1.0%,3.2%,Not enough information,4.6%,Not enough information,22.5%,Not enough information,24.5%,Not enough information,51.0%,Not enough information,22.5%,Not enough information,25.1%,Not enough information,53.4%,80.3%,1.0%,1.0%,Not enough information,Not enough information,3.3%,18.3%
3294,00-0033077,Dak Prescott,QB,,70,complete,OUTCOME_V3_BLOCKED_LOW_SAMPLE|OUTCOME_V3_BLOCKED_WEAK_CALIBRATION|OUTCOME_V3_DIRECTIONALLY_BETTER_NOT_ADOPTED|OUTCOME_V3_KEEP_CURRENT_BASELINE,100-475 labeled rows,Limited historical support|Moderate historical support|Not enough information,,0.0,BASELINE_PROJECTION_OR_CURRENT_AUTHORITY_GATE_FAILED|BASELINE_WEAK_AND_NO_CHALLENGER_PASSED_ALL_GATES|CURRENT_BASELINE_RETAINED|DIRECTIONALLY_BETTER_BUT_ONE_OR_MORE_GATES_FAILED|HISTORICAL_SAMPLE_GATE_FAILED,NWR_OUTCOME_COLUMNS_V3_RC1,53.2%,Not enough information,Not enough information,Not enough information,84.7%,92.8%,37.7%,Not enough information,Not enough information,Not enough information,Not enough information,83.4%,N/A,N/A,N/A,N/A,N/A,N/A,N/A,N/A,N/A,N/A,N/A,N/A,N/A,N/A,N/A,N/A,N/A,N/A,N/A,N/A,N/A,N/A,N/A,N/A,N/A,N/A,N/A,N/A,N/A,N/A,N/A,N/A,N/A,N/A,N/A,N/A,N/A,N/A,N/A,N/A,N/A,N/A,N/A,N/A,N/A,N/A,N/A,N/A,N/A,N/A,N/A,N/A,N/A,N/A,N/A,N/A,N/A,N/A,N/A,N/A
6783,00-0036407,Jerry Jeudy,WR,,71,complete,OUTCOME_V3_BLOCKED_LOW_SAMPLE|OUTCOME_V3_BLOCKED_WEAK_CALIBRATION|OUTCOME_V3_DIRECTIONALLY_BETTER_NOT_ADOPTED|OUTCOME_V3_KEEP_CURRENT_BASELINE|OUTCOME_V3_UPGRADE_ADMISSIBLE,208-1373 labeled rows,Higher historical support|Limited historical support|Moderate historical support|Not enough information,,0.012437156615260604,BASELINE_PROJECTION_OR_CURRENT_AUTHORITY_GATE_FAILED|BASELINE_WEAK_AND_NO_CHALLENGER_PASSED_ALL_GATES|CHALLENGER_PASSED_EVERY_FIELD_GATE|CURRENT_BASELINE_RETAINED|CURRENT_BASELINE_STRONGEST_OOF|DIRECTIONALLY_BETTER_BUT_ONE_OR_MORE_GATES_FAILED|HISTORICAL_SAMPLE_GATE_FAILED,NWR_OUTCOME_COLUMNS_V3_RC1,N/A,N/A,N/A,N/A,N/A,N/A,N/A,N/A,N/A,N/A,N/A,N/A,N/A,N/A,N/A,N/A,N/A,N/A,N/A,N/A,N/A,N/A,N/A,N/A,N/A,N/A,N/A,N/A,N/A,N/A,N/A,N/A,N/A,N/A,N/A,N/A,N/A,N/A,N/A,N/A,N/A,N/A,N/A,N/A,N/A,N/A,N/A,N/A,1.5%,1.0%,3.2%,Not enough information,4.6%,Not enough information,11.1%,Not enough information,10.2%,Not enough information,31.4%,Not enough information,21.6%,Not enough information,25.1%,Not enough information,53.4%,80.3%,1.0%,1.0%,Not enough information,Not enough information,3.3%,18.3%
8134,00-0037261,Khalil Shakir,WR,,72,complete,OUTCOME_V3_BLOCKED_LOW_SAMPLE|OUTCOME_V3_BLOCKED_WEAK_CALIBRATION|OUTCOME_V3_DIRECTIONALLY_BETTER_NOT_ADOPTED|OUTCOME_V3_KEEP_CURRENT_BASELINE|OUTCOME_V3_UPGRADE_ADMISSIBLE,208-1373 labeled rows,Higher historical support|Limited historical support|Moderate historical support|Not enough information,,0.012437156615260604,BASELINE_PROJECTION_OR_CURRENT_AUTHORITY_GATE_FAILED|BASELINE_WEAK_AND_NO_CHALLENGER_PASSED_ALL_GATES|CHALLENGER_PASSED_EVERY_FIELD_GATE|CURRENT_BASELINE_RETAINED|CURRENT_BASELINE_STRONGEST_OOF|DIRECTIONALLY_BETTER_BUT_ONE_OR_MORE_GATES_FAILED|HISTORICAL_SAMPLE_GATE_FAILED,NWR_OUTCOME_COLUMNS_V3_RC1,N/A,N/A,N/A,N/A,N/A,N/A,N/A,N/A,N/A,N/A,N/A,N/A,N/A,N/A,N/A,N/A,N/A,N/A,N/A,N/A,N/A,N/A,N/A,N/A,N/A,N/A,N/A,N/A,N/A,N/A,N/A,N/A,N/A,N/A,N/A,N/A,N/A,N/A,N/A,N/A,N/A,N/A,N/A,N/A,N/A,N/A,N/A,N/A,1.5%,1.0%,3.2%,Not enough information,4.6%,Not enough information,22.5%,Not enough information,24.5%,Not enough information,51.0%,Not enough information,22.5%,Not enough information,25.1%,Not enough information,53.4%,80.3%,1.0%,1.0%,Not enough information,Not enough information,3.3%,18.3%
8151,00-0038134,Kenneth Walker,RB,,73,complete,OUTCOME_V3_BLOCKED_LOW_SAMPLE|OUTCOME_V3_BLOCKED_WEAK_CALIBRATION|OUTCOME_V3_DIRECTIONALLY_BETTER_NOT_ADOPTED|OUTCOME_V3_KEEP_CURRENT_BASELINE|OUTCOME_V3_UPGRADE_ADMISSIBLE,95-892 labeled rows,Higher historical support|Limited historical support|Moderate historical support|Not enough information,,0.0,BASELINE_PROJECTION_OR_CURRENT_AUTHORITY_GATE_FAILED|BASELINE_WEAK_AND_NO_CHALLENGER_PASSED_ALL_GATES|CHALLENGER_PASSED_EVERY_FIELD_GATE|CURRENT_BASELINE_RETAINED|DIRECTIONALLY_BETTER_BUT_ONE_OR_MORE_GATES_FAILED|HISTORICAL_SAMPLE_GATE_FAILED,NWR_OUTCOME_COLUMNS_V3_RC1,N/A,N/A,N/A,N/A,N/A,N/A,N/A,N/A,N/A,N/A,N/A,N/A,Not enough information,23.6%,20.7%,11.8%,49.7%,Not enough information,Not enough information,63.0%,55.0%,42.4%,84.9%,95.2%,55.7%,80.6%,68.0%,52.0%,94.4%,Not enough information,4.0%,1.9%,Not enough information,Not enough information,11.0%,Not enough information,N/A,N/A,N/A,N/A,N/A,N/A,N/A,N/A,N/A,N/A,N/A,N/A,N/A,N/A,N/A,N/A,N/A,N/A,N/A,N/A,N/A,N/A,N/A,N/A,N/A,N/A,N/A,N/A,N/A,N/A,N/A,N/A,N/A,N/A,N/A,N/A
3214,00-0033090,Hunter Henry,TE,,74,complete,OUTCOME_V3_BLOCKED_WEAK_CALIBRATION|OUTCOME_V3_KEEP_CURRENT_BASELINE,119-769 labeled rows,Limited historical support|Moderate historical support,,0.0,BASELINE_WEAK_AND_NO_CHALLENGER_PASSED_ALL_GATES|CURRENT_BASELINE_RETAINED,NWR_OUTCOME_COLUMNS_V3_RC1,N/A,N/A,N/A,N/A,N/A,N/A,N/A,N/A,N/A,N/A,N/A,N/A,N/A,N/A,N/A,N/A,N/A,N/A,N/A,N/A,N/A,N/A,N/A,N/A,N/A,N/A,N/A,N/A,N/A,N/A,N/A,N/A,N/A,N/A,N/A,N/A,39.9%,49.5%,44.2%,35.3%,75.0%,Not enough information,34.3%,46.2%,40.9%,30.5%,65.3%,89.9%,N/A,N/A,N/A,N/A,N/A,N/A,N/A,N/A,N/A,N/A,N/A,N/A,N/A,N/A,N/A,N/A,N/A,N/A,N/A,N/A,N/A,N/A,N/A,N/A
11628,00-0039849,Marvin Harrison,WR,,75,complete,OUTCOME_V3_BLOCKED_LOW_SAMPLE|OUTCOME_V3_BLOCKED_WEAK_CALIBRATION|OUTCOME_V3_DIRECTIONALLY_BETTER_NOT_ADOPTED|OUTCOME_V3_KEEP_CURRENT_BASELINE|OUTCOME_V3_UPGRADE_ADMISSIBLE,208-1373 labeled rows,Higher historical support|Limited historical support|Moderate historical support|Not enough information,,0.012437156615260604,BASELINE_PROJECTION_OR_CURRENT_AUTHORITY_GATE_FAILED|BASELINE_WEAK_AND_NO_CHALLENGER_PASSED_ALL_GATES|CHALLENGER_PASSED_EVERY_FIELD_GATE|CURRENT_BASELINE_RETAINED|CURRENT_BASELINE_STRONGEST_OOF|DIRECTIONALLY_BETTER_BUT_ONE_OR_MORE_GATES_FAILED|HISTORICAL_SAMPLE_GATE_FAILED,NWR_OUTCOME_COLUMNS_V3_RC1,N/A,N/A,N/A,N/A,N/A,N/A,N/A,N/A,N/A,N/A,N/A,N/A,N/A,N/A,N/A,N/A,N/A,N/A,N/A,N/A,N/A,N/A,N/A,N/A,N/A,N/A,N/A,N/A,N/A,N/A,N/A,N/A,N/A,N/A,N/A,N/A,N/A,N/A,N/A,N/A,N/A,N/A,N/A,N/A,N/A,N/A,N/A,N/A,1.5%,1.0%,3.2%,Not enough information,4.6%,Not enough information,11.1%,Not enough information,10.2%,Not enough information,31.4%,Not enough information,21.6%,Not enough information,25.1%,Not enough information,53.4%,80.3%,1.0%,1.0%,Not enough information,Not enough information,3.3%,18.3%
5967,00-0035261,Tony Pollard,RB,,76,complete,OUTCOME_V3_BLOCKED_LOW_SAMPLE|OUTCOME_V3_BLOCKED_WEAK_CALIBRATION|OUTCOME_V3_DIRECTIONALLY_BETTER_NOT_ADOPTED|OUTCOME_V3_KEEP_CURRENT_BASELINE|OUTCOME_V3_UPGRADE_ADMISSIBLE,95-892 labeled rows,Higher historical support|Limited historical support|Moderate historical support|Not enough information,,0.0,BASELINE_PROJECTION_OR_CURRENT_AUTHORITY_GATE_FAILED|BASELINE_WEAK_AND_NO_CHALLENGER_PASSED_ALL_GATES|CHALLENGER_PASSED_EVERY_FIELD_GATE|CURRENT_BASELINE_RETAINED|DIRECTIONALLY_BETTER_BUT_ONE_OR_MORE_GATES_FAILED|HISTORICAL_SAMPLE_GATE_FAILED,NWR_OUTCOME_COLUMNS_V3_RC1,N/A,N/A,N/A,N/A,N/A,N/A,N/A,N/A,N/A,N/A,N/A,N/A,Not enough information,23.6%,20.7%,11.8%,49.7%,Not enough information,Not enough information,63.0%,55.0%,42.4%,84.9%,95.2%,55.7%,80.6%,68.0%,52.0%,94.4%,Not enough information,4.0%,1.9%,Not enough information,Not enough information,11.0%,Not enough information,N/A,N/A,N/A,N/A,N/A,N/A,N/A,N/A,N/A,N/A,N/A,N/A,N/A,N/A,N/A,N/A,N/A,N/A,N/A,N/A,N/A,N/A,N/A,N/A,N/A,N/A,N/A,N/A,N/A,N/A,N/A,N/A,N/A,N/A,N/A,N/A
5001,00-0034383,Dalton Schultz,TE,,77,complete,OUTCOME_V3_BLOCKED_WEAK_CALIBRATION|OUTCOME_V3_KEEP_CURRENT_BASELINE,119-769 labeled rows,Limited historical support|Moderate historical support,,0.0,BASELINE_WEAK_AND_NO_CHALLENGER_PASSED_ALL_GATES|CURRENT_BASELINE_RETAINED,NWR_OUTCOME_COLUMNS_V3_RC1,N/A,N/A,N/A,N/A,N/A,N/A,N/A,N/A,N/A,N/A,N/A,N/A,N/A,N/A,N/A,N/A,N/A,N/A,N/A,N/A,N/A,N/A,N/A,N/A,N/A,N/A,N/A,N/A,N/A,N/A,N/A,N/A,N/A,N/A,N/A,N/A,39.9%,49.5%,44.2%,35.3%,75.0%,Not enough information,15.6%,17.3%,12.4%,12.6%,36.0%,68.4%,N/A,N/A,N/A,N/A,N/A,N/A,N/A,N/A,N/A,N/A,N/A,N/A,N/A,N/A,N/A,N/A,N/A,N/A,N/A,N/A,N/A,N/A,N/A,N/A
4981,00-0034837,Calvin Ridley,WR,,78,complete,OUTCOME_V3_BLOCKED_LOW_SAMPLE|OUTCOME_V3_BLOCKED_WEAK_CALIBRATION|OUTCOME_V3_DIRECTIONALLY_BETTER_NOT_ADOPTED|OUTCOME_V3_KEEP_CURRENT_BASELINE|OUTCOME_V3_UPGRADE_ADMISSIBLE,208-1373 labeled rows,Higher historical support|Limited historical support|Moderate historical support|Not enough information,,0.012437156615260604,BASELINE_PROJECTION_OR_CURRENT_AUTHORITY_GATE_FAILED|BASELINE_WEAK_AND_NO_CHALLENGER_PASSED_ALL_GATES|CHALLENGER_PASSED_EVERY_FIELD_GATE|CURRENT_BASELINE_RETAINED|CURRENT_BASELINE_STRONGEST_OOF|DIRECTIONALLY_BETTER_BUT_ONE_OR_MORE_GATES_FAILED|HISTORICAL_SAMPLE_GATE_FAILED,NWR_OUTCOME_COLUMNS_V3_RC1,N/A,N/A,N/A,N/A,N/A,N/A,N/A,N/A,N/A,N/A,N/A,N/A,N/A,N/A,N/A,N/A,N/A,N/A,N/A,N/A,N/A,N/A,N/A,N/A,N/A,N/A,N/A,N/A,N/A,N/A,N/A,N/A,N/A,N/A,N/A,N/A,N/A,N/A,N/A,N/A,N/A,N/A,N/A,N/A,N/A,N/A,N/A,N/A,1.5%,1.0%,3.2%,Not enough information,4.6%,Not enough information,2.9%,Not enough information,4.4%,Not enough information,10.8%,Not enough information,3.4%,Not enough information,4.4%,Not enough information,14.7%,44.3%,1.0%,1.0%,Not enough information,Not enough information,3.3%,18.3%
10229,00-0039067,Rashee Rice,WR,,79,complete,OUTCOME_V3_BLOCKED_LOW_SAMPLE|OUTCOME_V3_BLOCKED_WEAK_CALIBRATION|OUTCOME_V3_DIRECTIONALLY_BETTER_NOT_ADOPTED|OUTCOME_V3_KEEP_CURRENT_BASELINE|OUTCOME_V3_UPGRADE_ADMISSIBLE,208-1373 labeled rows,Higher historical support|Limited historical support|Moderate historical support|Not enough information,,0.012437156615260604,BASELINE_PROJECTION_OR_CURRENT_AUTHORITY_GATE_FAILED|BASELINE_WEAK_AND_NO_CHALLENGER_PASSED_ALL_GATES|CHALLENGER_PASSED_EVERY_FIELD_GATE|CURRENT_BASELINE_RETAINED|CURRENT_BASELINE_STRONGEST_OOF|DIRECTIONALLY_BETTER_BUT_ONE_OR_MORE_GATES_FAILED|HISTORICAL_SAMPLE_GATE_FAILED,NWR_OUTCOME_COLUMNS_V3_RC1,N/A,N/A,N/A,N/A,N/A,N/A,N/A,N/A,N/A,N/A,N/A,N/A,N/A,N/A,N/A,N/A,N/A,N/A,N/A,N/A,N/A,N/A,N/A,N/A,N/A,N/A,N/A,N/A,N/A,N/A,N/A,N/A,N/A,N/A,N/A,N/A,N/A,N/A,N/A,N/A,N/A,N/A,N/A,N/A,N/A,N/A,N/A,N/A,1.5%,1.0%,3.2%,Not enough information,4.6%,Not enough information,22.5%,Not enough information,24.5%,Not enough information,51.0%,Not enough information,22.5%,Not enough information,25.1%,Not enough information,53.4%,80.3%,1.0%,1.0%,Not enough information,Not enough information,3.3%,18.3%
7567,00-0036919,Kenneth Gainwell,RB,,80,complete,OUTCOME_V3_BLOCKED_LOW_SAMPLE|OUTCOME_V3_BLOCKED_WEAK_CALIBRATION|OUTCOME_V3_DIRECTIONALLY_BETTER_NOT_ADOPTED|OUTCOME_V3_KEEP_CURRENT_BASELINE|OUTCOME_V3_UPGRADE_ADMISSIBLE,95-892 labeled rows,Higher historical support|Limited historical support|Moderate historical support|Not enough information,,0.0,BASELINE_PROJECTION_OR_CURRENT_AUTHORITY_GATE_FAILED|BASELINE_WEAK_AND_NO_CHALLENGER_PASSED_ALL_GATES|CHALLENGER_PASSED_EVERY_FIELD_GATE|CURRENT_BASELINE_RETAINED|DIRECTIONALLY_BETTER_BUT_ONE_OR_MORE_GATES_FAILED|HISTORICAL_SAMPLE_GATE_FAILED,NWR_OUTCOME_COLUMNS_V3_RC1,N/A,N/A,N/A,N/A,N/A,N/A,N/A,N/A,N/A,N/A,N/A,N/A,Not enough information,23.6%,20.7%,11.8%,49.7%,Not enough information,Not enough information,63.0%,55.0%,42.4%,84.9%,95.2%,55.7%,80.6%,68.0%,52.0%,94.4%,Not enough information,4.0%,1.9%,Not enough information,Not enough information,11.0%,Not enough information,N/A,N/A,N/A,N/A,N/A,N/A,N/A,N/A,N/A,N/A,N/A,N/A,N/A,N/A,N/A,N/A,N/A,N/A,N/A,N/A,N/A,N/A,N/A,N/A,N/A,N/A,N/A,N/A,N/A,N/A,N/A,N/A,N/A,N/A,N/A,N/A
9500,00-0038997,Josh Downs,WR,,81,complete,OUTCOME_V3_BLOCKED_LOW_SAMPLE|OUTCOME_V3_BLOCKED_WEAK_CALIBRATION|OUTCOME_V3_DIRECTIONALLY_BETTER_NOT_ADOPTED|OUTCOME_V3_KEEP_CURRENT_BASELINE|OUTCOME_V3_UPGRADE_ADMISSIBLE,208-1373 labeled rows,Higher historical support|Limited historical support|Moderate historical support|Not enough information,,0.012437156615260604,BASELINE_PROJECTION_OR_CURRENT_AUTHORITY_GATE_FAILED|BASELINE_WEAK_AND_NO_CHALLENGER_PASSED_ALL_GATES|CHALLENGER_PASSED_EVERY_FIELD_GATE|CURRENT_BASELINE_RETAINED|CURRENT_BASELINE_STRONGEST_OOF|DIRECTIONALLY_BETTER_BUT_ONE_OR_MORE_GATES_FAILED|HISTORICAL_SAMPLE_GATE_FAILED,NWR_OUTCOME_COLUMNS_V3_RC1,N/A,N/A,N/A,N/A,N/A,N/A,N/A,N/A,N/A,N/A,N/A,N/A,N/A,N/A,N/A,N/A,N/A,N/A,N/A,N/A,N/A,N/A,N/A,N/A,N/A,N/A,N/A,N/A,N/A,N/A,N/A,N/A,N/A,N/A,N/A,N/A,N/A,N/A,N/A,N/A,N/A,N/A,N/A,N/A,N/A,N/A,N/A,N/A,1.5%,1.0%,3.2%,Not enough information,4.6%,Not enough information,11.1%,Not enough information,10.2%,Not enough information,31.4%,Not enough information,21.6%,Not enough information,25.1%,Not enough information,53.4%,80.3%,1.0%,1.0%,Not enough information,Not enough information,3.3%,18.3%
11631,00-0039893,Brian Thomas,WR,,82,complete,OUTCOME_V3_BLOCKED_LOW_SAMPLE|OUTCOME_V3_BLOCKED_WEAK_CALIBRATION|OUTCOME_V3_DIRECTIONALLY_BETTER_NOT_ADOPTED|OUTCOME_V3_KEEP_CURRENT_BASELINE|OUTCOME_V3_UPGRADE_ADMISSIBLE,208-1373 labeled rows,Higher historical support|Limited historical support|Moderate historical support|Not enough information,,0.012437156615260604,BASELINE_PROJECTION_OR_CURRENT_AUTHORITY_GATE_FAILED|BASELINE_WEAK_AND_NO_CHALLENGER_PASSED_ALL_GATES|CHALLENGER_PASSED_EVERY_FIELD_GATE|CURRENT_BASELINE_RETAINED|CURRENT_BASELINE_STRONGEST_OOF|DIRECTIONALLY_BETTER_BUT_ONE_OR_MORE_GATES_FAILED|HISTORICAL_SAMPLE_GATE_FAILED,NWR_OUTCOME_COLUMNS_V3_RC1,N/A,N/A,N/A,N/A,N/A,N/A,N/A,N/A,N/A,N/A,N/A,N/A,N/A,N/A,N/A,N/A,N/A,N/A,N/A,N/A,N/A,N/A,N/A,N/A,N/A,N/A,N/A,N/A,N/A,N/A,N/A,N/A,N/A,N/A,N/A,N/A,N/A,N/A,N/A,N/A,N/A,N/A,N/A,N/A,N/A,N/A,N/A,N/A,1.5%,1.0%,3.2%,Not enough information,4.6%,Not enough information,22.5%,Not enough information,24.5%,Not enough information,51.0%,Not enough information,22.5%,Not enough information,25.1%,Not enough information,53.4%,80.3%,1.0%,1.0%,Not enough information,Not enough information,3.3%,18.3%
12512,00-0040784,Quinshon Judkins,RB,,83,insufficient,OUTCOME_V3_BLOCKED_LOW_SAMPLE|OUTCOME_V3_BLOCKED_WEAK_CALIBRATION|OUTCOME_V3_DIRECTIONALLY_BETTER_NOT_ADOPTED|OUTCOME_V3_KEEP_CURRENT_BASELINE|OUTCOME_V3_UPGRADE_ADMISSIBLE,95-892 labeled rows,Not enough information,rookie or prospect lacks admitted 2025 NFL feature evidence,,BASELINE_PROJECTION_OR_CURRENT_AUTHORITY_GATE_FAILED|BASELINE_WEAK_AND_NO_CHALLENGER_PASSED_ALL_GATES|CHALLENGER_PASSED_EVERY_FIELD_GATE|CURRENT_BASELINE_RETAINED|DIRECTIONALLY_BETTER_BUT_ONE_OR_MORE_GATES_FAILED|HISTORICAL_SAMPLE_GATE_FAILED,NWR_OUTCOME_COLUMNS_V3_RC1,N/A,N/A,N/A,N/A,N/A,N/A,N/A,N/A,N/A,N/A,N/A,N/A,Not enough information,Not enough information,Not enough information,Not enough information,Not enough information,Not enough information,Not enough information,Not enough information,Not enough information,Not enough information,Not enough information,Not enough information,Not enough information,Not enough information,Not enough information,Not enough information,Not enough information,Not enough information,Not enough information,Not enough information,Not enough information,Not enough information,Not enough information,Not enough information,N/A,N/A,N/A,N/A,N/A,N/A,N/A,N/A,N/A,N/A,N/A,N/A,N/A,N/A,N/A,N/A,N/A,N/A,N/A,N/A,N/A,N/A,N/A,N/A,N/A,N/A,N/A,N/A,N/A,N/A,N/A,N/A,N/A,N/A,N/A,N/A
6803,00-0036261,Brandon Aiyuk,WR,,84,insufficient,OUTCOME_V3_BLOCKED_LOW_SAMPLE|OUTCOME_V3_BLOCKED_WEAK_CALIBRATION|OUTCOME_V3_DIRECTIONALLY_BETTER_NOT_ADOPTED|OUTCOME_V3_KEEP_CURRENT_BASELINE|OUTCOME_V3_UPGRADE_ADMISSIBLE,208-1373 labeled rows,Not enough information,missing admitted 2025 regular-season feature row,,BASELINE_PROJECTION_OR_CURRENT_AUTHORITY_GATE_FAILED|BASELINE_WEAK_AND_NO_CHALLENGER_PASSED_ALL_GATES|CHALLENGER_PASSED_EVERY_FIELD_GATE|CURRENT_BASELINE_RETAINED|CURRENT_BASELINE_STRONGEST_OOF|DIRECTIONALLY_BETTER_BUT_ONE_OR_MORE_GATES_FAILED|HISTORICAL_SAMPLE_GATE_FAILED,NWR_OUTCOME_COLUMNS_V3_RC1,N/A,N/A,N/A,N/A,N/A,N/A,N/A,N/A,N/A,N/A,N/A,N/A,N/A,N/A,N/A,N/A,N/A,N/A,N/A,N/A,N/A,N/A,N/A,N/A,N/A,N/A,N/A,N/A,N/A,N/A,N/A,N/A,N/A,N/A,N/A,N/A,N/A,N/A,N/A,N/A,N/A,N/A,N/A,N/A,N/A,N/A,N/A,N/A,Not enough information,Not enough information,Not enough information,Not enough information,Not enough information,Not enough information,Not enough information,Not enough information,Not enough information,Not enough information,Not enough information,Not enough information,Not enough information,Not enough information,Not enough information,Not enough information,Not enough information,Not enough information,Not enough information,Not enough information,Not enough information,Not enough information,Not enough information,Not enough information
12519,00-0040735,Luther Burden,WR,,85,insufficient,OUTCOME_V3_BLOCKED_LOW_SAMPLE|OUTCOME_V3_BLOCKED_WEAK_CALIBRATION|OUTCOME_V3_DIRECTIONALLY_BETTER_NOT_ADOPTED|OUTCOME_V3_KEEP_CURRENT_BASELINE|OUTCOME_V3_UPGRADE_ADMISSIBLE,208-1373 labeled rows,Not enough information,rookie or prospect lacks admitted 2025 NFL feature evidence,,BASELINE_PROJECTION_OR_CURRENT_AUTHORITY_GATE_FAILED|BASELINE_WEAK_AND_NO_CHALLENGER_PASSED_ALL_GATES|CHALLENGER_PASSED_EVERY_FIELD_GATE|CURRENT_BASELINE_RETAINED|CURRENT_BASELINE_STRONGEST_OOF|DIRECTIONALLY_BETTER_BUT_ONE_OR_MORE_GATES_FAILED|HISTORICAL_SAMPLE_GATE_FAILED,NWR_OUTCOME_COLUMNS_V3_RC1,N/A,N/A,N/A,N/A,N/A,N/A,N/A,N/A,N/A,N/A,N/A,N/A,N/A,N/A,N/A,N/A,N/A,N/A,N/A,N/A,N/A,N/A,N/A,N/A,N/A,N/A,N/A,N/A,N/A,N/A,N/A,N/A,N/A,N/A,N/A,N/A,N/A,N/A,N/A,N/A,N/A,N/A,N/A,N/A,N/A,N/A,N/A,N/A,Not enough information,Not enough information,Not enough information,Not enough information,Not enough information,Not enough information,Not enough information,Not enough information,Not enough information,Not enough information,Not enough information,Not enough information,Not enough information,Not enough information,Not enough information,Not enough information,Not enough information,Not enough information,Not enough information,Not enough information,Not enough information,Not enough information,Not enough information,Not enough information
8110,00-0038041,Jake Ferguson,TE,,86,complete,OUTCOME_V3_BLOCKED_WEAK_CALIBRATION|OUTCOME_V3_KEEP_CURRENT_BASELINE,119-769 labeled rows,Limited historical support|Moderate historical support,,0.0,BASELINE_WEAK_AND_NO_CHALLENGER_PASSED_ALL_GATES|CURRENT_BASELINE_RETAINED,NWR_OUTCOME_COLUMNS_V3_RC1,N/A,N/A,N/A,N/A,N/A,N/A,N/A,N/A,N/A,N/A,N/A,N/A,N/A,N/A,N/A,N/A,N/A,N/A,N/A,N/A,N/A,N/A,N/A,N/A,N/A,N/A,N/A,N/A,N/A,N/A,N/A,N/A,N/A,N/A,N/A,N/A,23.8%,25.9%,29.5%,18.8%,51.2%,Not enough information,18.8%,17.3%,21.3%,11.1%,38.2%,71.8%,N/A,N/A,N/A,N/A,N/A,N/A,N/A,N/A,N/A,N/A,N/A,N/A,N/A,N/A,N/A,N/A,N/A,N/A,N/A,N/A,N/A,N/A,N/A,N/A
11638,00-0039916,Ricky Pearsall,WR,,87,complete,OUTCOME_V3_BLOCKED_LOW_SAMPLE|OUTCOME_V3_BLOCKED_WEAK_CALIBRATION|OUTCOME_V3_DIRECTIONALLY_BETTER_NOT_ADOPTED|OUTCOME_V3_KEEP_CURRENT_BASELINE|OUTCOME_V3_UPGRADE_ADMISSIBLE,208-1373 labeled rows,Higher historical support|Limited historical support|Moderate historical support|Not enough information,,0.012437156615260604,BASELINE_PROJECTION_OR_CURRENT_AUTHORITY_GATE_FAILED|BASELINE_WEAK_AND_NO_CHALLENGER_PASSED_ALL_GATES|CHALLENGER_PASSED_EVERY_FIELD_GATE|CURRENT_BASELINE_RETAINED|CURRENT_BASELINE_STRONGEST_OOF|DIRECTIONALLY_BETTER_BUT_ONE_OR_MORE_GATES_FAILED|HISTORICAL_SAMPLE_GATE_FAILED,NWR_OUTCOME_COLUMNS_V3_RC1,N/A,N/A,N/A,N/A,N/A,N/A,N/A,N/A,N/A,N/A,N/A,N/A,N/A,N/A,N/A,N/A,N/A,N/A,N/A,N/A,N/A,N/A,N/A,N/A,N/A,N/A,N/A,N/A,N/A,N/A,N/A,N/A,N/A,N/A,N/A,N/A,N/A,N/A,N/A,N/A,N/A,N/A,N/A,N/A,N/A,N/A,N/A,N/A,1.5%,1.0%,3.2%,Not enough information,4.6%,Not enough information,11.1%,Not enough information,10.2%,Not enough information,31.4%,Not enough information,21.6%,Not enough information,25.1%,Not enough information,53.4%,80.3%,1.0%,1.0%,Not enough information,Not enough information,3.3%,18.3%
4037,00-0033921,Chris Godwin,WR,,88,complete,OUTCOME_V3_BLOCKED_LOW_SAMPLE|OUTCOME_V3_BLOCKED_WEAK_CALIBRATION|OUTCOME_V3_DIRECTIONALLY_BETTER_NOT_ADOPTED|OUTCOME_V3_KEEP_CURRENT_BASELINE|OUTCOME_V3_UPGRADE_ADMISSIBLE,208-1373 labeled rows,Higher historical support|Limited historical support|Moderate historical support|Not enough information,,0.012437156615260604,BASELINE_PROJECTION_OR_CURRENT_AUTHORITY_GATE_FAILED|BASELINE_WEAK_AND_NO_CHALLENGER_PASSED_ALL_GATES|CHALLENGER_PASSED_EVERY_FIELD_GATE|CURRENT_BASELINE_RETAINED|CURRENT_BASELINE_STRONGEST_OOF|DIRECTIONALLY_BETTER_BUT_ONE_OR_MORE_GATES_FAILED|HISTORICAL_SAMPLE_GATE_FAILED,NWR_OUTCOME_COLUMNS_V3_RC1,N/A,N/A,N/A,N/A,N/A,N/A,N/A,N/A,N/A,N/A,N/A,N/A,N/A,N/A,N/A,N/A,N/A,N/A,N/A,N/A,N/A,N/A,N/A,N/A,N/A,N/A,N/A,N/A,N/A,N/A,N/A,N/A,N/A,N/A,N/A,N/A,N/A,N/A,N/A,N/A,N/A,N/A,N/A,N/A,N/A,N/A,N/A,N/A,1.5%,1.0%,3.2%,Not enough information,4.6%,Not enough information,2.9%,Not enough information,4.4%,Not enough information,10.8%,Not enough information,12.1%,Not enough information,13.4%,Not enough information,36.4%,67.0%,1.0%,1.0%,Not enough information,Not enough information,3.3%,18.3%
6149,00-0035535,Darius Slayton,WR,,89,complete,OUTCOME_V3_BLOCKED_LOW_SAMPLE|OUTCOME_V3_BLOCKED_WEAK_CALIBRATION|OUTCOME_V3_DIRECTIONALLY_BETTER_NOT_ADOPTED|OUTCOME_V3_KEEP_CURRENT_BASELINE|OUTCOME_V3_UPGRADE_ADMISSIBLE,208-1373 labeled rows,Higher historical support|Limited historical support|Moderate historical support|Not enough information,,0.012437156615260604,BASELINE_PROJECTION_OR_CURRENT_AUTHORITY_GATE_FAILED|BASELINE_WEAK_AND_NO_CHALLENGER_PASSED_ALL_GATES|CHALLENGER_PASSED_EVERY_FIELD_GATE|CURRENT_BASELINE_RETAINED|CURRENT_BASELINE_STRONGEST_OOF|DIRECTIONALLY_BETTER_BUT_ONE_OR_MORE_GATES_FAILED|HISTORICAL_SAMPLE_GATE_FAILED,NWR_OUTCOME_COLUMNS_V3_RC1,N/A,N/A,N/A,N/A,N/A,N/A,N/A,N/A,N/A,N/A,N/A,N/A,N/A,N/A,N/A,N/A,N/A,N/A,N/A,N/A,N/A,N/A,N/A,N/A,N/A,N/A,N/A,N/A,N/A,N/A,N/A,N/A,N/A,N/A,N/A,N/A,N/A,N/A,N/A,N/A,N/A,N/A,N/A,N/A,N/A,N/A,N/A,N/A,1.5%,1.0%,3.2%,Not enough information,4.6%,Not enough information,11.1%,Not enough information,10.2%,Not enough information,31.4%,Not enough information,21.6%,Not enough information,25.1%,Not enough information,53.4%,80.3%,1.0%,1.0%,Not enough information,Not enough information,3.3%,18.3%
4983,00-0034827,DJ Moore,WR,,90,complete,OUTCOME_V3_BLOCKED_LOW_SAMPLE|OUTCOME_V3_BLOCKED_WEAK_CALIBRATION|OUTCOME_V3_DIRECTIONALLY_BETTER_NOT_ADOPTED|OUTCOME_V3_KEEP_CURRENT_BASELINE|OUTCOME_V3_UPGRADE_ADMISSIBLE,208-1373 labeled rows,Higher historical support|Limited historical support|Moderate historical support|Not enough information,,0.0,BASELINE_PROJECTION_OR_CURRENT_AUTHORITY_GATE_FAILED|BASELINE_WEAK_AND_NO_CHALLENGER_PASSED_ALL_GATES|CHALLENGER_PASSED_EVERY_FIELD_GATE|CURRENT_BASELINE_RETAINED|CURRENT_BASELINE_STRONGEST_OOF|DIRECTIONALLY_BETTER_BUT_ONE_OR_MORE_GATES_FAILED|HISTORICAL_SAMPLE_GATE_FAILED,NWR_OUTCOME_COLUMNS_V3_RC1,N/A,N/A,N/A,N/A,N/A,N/A,N/A,N/A,N/A,N/A,N/A,N/A,N/A,N/A,N/A,N/A,N/A,N/A,N/A,N/A,N/A,N/A,N/A,N/A,N/A,N/A,N/A,N/A,N/A,N/A,N/A,N/A,N/A,N/A,N/A,N/A,N/A,N/A,N/A,N/A,N/A,N/A,N/A,N/A,N/A,N/A,N/A,N/A,12.8%,14.5%,10.3%,Not enough information,44.7%,Not enough information,22.5%,Not enough information,24.5%,Not enough information,51.0%,Not enough information,56.4%,Not enough information,66.7%,Not enough information,86.9%,97.3%,1.0%,1.0%,Not enough information,Not enough information,3.3%,18.3%
421,00-0026498,Matthew Stafford,QB,,91,complete,OUTCOME_V3_BLOCKED_LOW_SAMPLE|OUTCOME_V3_BLOCKED_WEAK_CALIBRATION|OUTCOME_V3_DIRECTIONALLY_BETTER_NOT_ADOPTED|OUTCOME_V3_KEEP_CURRENT_BASELINE,100-475 labeled rows,Limited historical support|Moderate historical support|Not enough information,,0.0,BASELINE_PROJECTION_OR_CURRENT_AUTHORITY_GATE_FAILED|BASELINE_WEAK_AND_NO_CHALLENGER_PASSED_ALL_GATES|CURRENT_BASELINE_RETAINED|DIRECTIONALLY_BETTER_BUT_ONE_OR_MORE_GATES_FAILED|HISTORICAL_SAMPLE_GATE_FAILED,NWR_OUTCOME_COLUMNS_V3_RC1,53.2%,Not enough information,Not enough information,Not enough information,84.7%,92.8%,37.7%,Not enough information,Not enough information,Not enough information,Not enough information,83.4%,N/A,N/A,N/A,N/A,N/A,N/A,N/A,N/A,N/A,N/A,N/A,N/A,N/A,N/A,N/A,N/A,N/A,N/A,N/A,N/A,N/A,N/A,N/A,N/A,N/A,N/A,N/A,N/A,N/A,N/A,N/A,N/A,N/A,N/A,N/A,N/A,N/A,N/A,N/A,N/A,N/A,N/A,N/A,N/A,N/A,N/A,N/A,N/A,N/A,N/A,N/A,N/A,N/A,N/A,N/A,N/A,N/A,N/A,N/A,N/A
8121,00-0037816,Romeo Doubs,WR,,92,complete,OUTCOME_V3_BLOCKED_LOW_SAMPLE|OUTCOME_V3_BLOCKED_WEAK_CALIBRATION|OUTCOME_V3_DIRECTIONALLY_BETTER_NOT_ADOPTED|OUTCOME_V3_KEEP_CURRENT_BASELINE|OUTCOME_V3_UPGRADE_ADMISSIBLE,208-1373 labeled rows,Higher historical support|Limited historical support|Moderate historical support|Not enough information,,0.0,BASELINE_PROJECTION_OR_CURRENT_AUTHORITY_GATE_FAILED|BASELINE_WEAK_AND_NO_CHALLENGER_PASSED_ALL_GATES|CHALLENGER_PASSED_EVERY_FIELD_GATE|CURRENT_BASELINE_RETAINED|CURRENT_BASELINE_STRONGEST_OOF|DIRECTIONALLY_BETTER_BUT_ONE_OR_MORE_GATES_FAILED|HISTORICAL_SAMPLE_GATE_FAILED,NWR_OUTCOME_COLUMNS_V3_RC1,N/A,N/A,N/A,N/A,N/A,N/A,N/A,N/A,N/A,N/A,N/A,N/A,N/A,N/A,N/A,N/A,N/A,N/A,N/A,N/A,N/A,N/A,N/A,N/A,N/A,N/A,N/A,N/A,N/A,N/A,N/A,N/A,N/A,N/A,N/A,N/A,N/A,N/A,N/A,N/A,N/A,N/A,N/A,N/A,N/A,N/A,N/A,N/A,12.8%,14.5%,10.3%,Not enough information,44.7%,Not enough information,22.5%,Not enough information,24.5%,Not enough information,51.0%,Not enough information,56.4%,Not enough information,66.7%,Not enough information,86.9%,97.3%,1.0%,1.0%,Not enough information,Not enough information,3.3%,18.3%
8676,00-0037545,Rashid Shaheed,WR,,93,complete,OUTCOME_V3_BLOCKED_LOW_SAMPLE|OUTCOME_V3_BLOCKED_WEAK_CALIBRATION|OUTCOME_V3_DIRECTIONALLY_BETTER_NOT_ADOPTED|OUTCOME_V3_KEEP_CURRENT_BASELINE|OUTCOME_V3_UPGRADE_ADMISSIBLE,208-1373 labeled rows,Higher historical support|Limited historical support|Moderate historical support|Not enough information,,0.0,BASELINE_PROJECTION_OR_CURRENT_AUTHORITY_GATE_FAILED|BASELINE_WEAK_AND_NO_CHALLENGER_PASSED_ALL_GATES|CHALLENGER_PASSED_EVERY_FIELD_GATE|CURRENT_BASELINE_RETAINED|CURRENT_BASELINE_STRONGEST_OOF|DIRECTIONALLY_BETTER_BUT_ONE_OR_MORE_GATES_FAILED|HISTORICAL_SAMPLE_GATE_FAILED,NWR_OUTCOME_COLUMNS_V3_RC1,N/A,N/A,N/A,N/A,N/A,N/A,N/A,N/A,N/A,N/A,N/A,N/A,N/A,N/A,N/A,N/A,N/A,N/A,N/A,N/A,N/A,N/A,N/A,N/A,N/A,N/A,N/A,N/A,N/A,N/A,N/A,N/A,N/A,N/A,N/A,N/A,N/A,N/A,N/A,N/A,N/A,N/A,N/A,N/A,N/A,N/A,N/A,N/A,12.8%,14.5%,10.3%,Not enough information,44.7%,Not enough information,22.5%,Not enough information,24.5%,Not enough information,51.0%,Not enough information,56.4%,Not enough information,66.7%,Not enough information,86.9%,97.3%,1.0%,1.0%,Not enough information,Not enough information,3.3%,18.3%
7049,00-0036259,Jauan Jennings,WR,,94,complete,OUTCOME_V3_BLOCKED_LOW_SAMPLE|OUTCOME_V3_BLOCKED_WEAK_CALIBRATION|OUTCOME_V3_DIRECTIONALLY_BETTER_NOT_ADOPTED|OUTCOME_V3_KEEP_CURRENT_BASELINE|OUTCOME_V3_UPGRADE_ADMISSIBLE,208-1373 labeled rows,Higher historical support|Limited historical support|Moderate historical support|Not enough information,,0.0,BASELINE_PROJECTION_OR_CURRENT_AUTHORITY_GATE_FAILED|BASELINE_WEAK_AND_NO_CHALLENGER_PASSED_ALL_GATES|CHALLENGER_PASSED_EVERY_FIELD_GATE|CURRENT_BASELINE_RETAINED|CURRENT_BASELINE_STRONGEST_OOF|DIRECTIONALLY_BETTER_BUT_ONE_OR_MORE_GATES_FAILED|HISTORICAL_SAMPLE_GATE_FAILED,NWR_OUTCOME_COLUMNS_V3_RC1,N/A,N/A,N/A,N/A,N/A,N/A,N/A,N/A,N/A,N/A,N/A,N/A,N/A,N/A,N/A,N/A,N/A,N/A,N/A,N/A,N/A,N/A,N/A,N/A,N/A,N/A,N/A,N/A,N/A,N/A,N/A,N/A,N/A,N/A,N/A,N/A,N/A,N/A,N/A,N/A,N/A,N/A,N/A,N/A,N/A,N/A,N/A,N/A,12.8%,14.5%,10.3%,Not enough information,44.7%,Not enough information,22.5%,Not enough information,24.5%,Not enough information,51.0%,Not enough information,56.4%,Not enough information,66.7%,Not enough information,86.9%,97.3%,1.0%,1.0%,Not enough information,Not enough information,3.3%,18.3%
12540,00-0040705,Chimere Dike,WR,,95,insufficient,OUTCOME_V3_BLOCKED_LOW_SAMPLE|OUTCOME_V3_BLOCKED_WEAK_CALIBRATION|OUTCOME_V3_DIRECTIONALLY_BETTER_NOT_ADOPTED|OUTCOME_V3_KEEP_CURRENT_BASELINE|OUTCOME_V3_UPGRADE_ADMISSIBLE,208-1373 labeled rows,Not enough information,rookie or prospect lacks admitted 2025 NFL feature evidence,,BASELINE_PROJECTION_OR_CURRENT_AUTHORITY_GATE_FAILED|BASELINE_WEAK_AND_NO_CHALLENGER_PASSED_ALL_GATES|CHALLENGER_PASSED_EVERY_FIELD_GATE|CURRENT_BASELINE_RETAINED|CURRENT_BASELINE_STRONGEST_OOF|DIRECTIONALLY_BETTER_BUT_ONE_OR_MORE_GATES_FAILED|HISTORICAL_SAMPLE_GATE_FAILED,NWR_OUTCOME_COLUMNS_V3_RC1,N/A,N/A,N/A,N/A,N/A,N/A,N/A,N/A,N/A,N/A,N/A,N/A,N/A,N/A,N/A,N/A,N/A,N/A,N/A,N/A,N/A,N/A,N/A,N/A,N/A,N/A,N/A,N/A,N/A,N/A,N/A,N/A,N/A,N/A,N/A,N/A,N/A,N/A,N/A,N/A,N/A,N/A,N/A,N/A,N/A,N/A,N/A,N/A,Not enough information,Not enough information,Not enough information,Not enough information,Not enough information,Not enough information,Not enough information,Not enough information,Not enough information,Not enough information,Not enough information,Not enough information,Not enough information,Not enough information,Not enough information,Not enough information,Not enough information,Not enough information,Not enough information,Not enough information,Not enough information,Not enough information,Not enough information,Not enough information
10213,00-0038563,Tre Tucker,WR,,96,complete,OUTCOME_V3_BLOCKED_LOW_SAMPLE|OUTCOME_V3_BLOCKED_WEAK_CALIBRATION|OUTCOME_V3_DIRECTIONALLY_BETTER_NOT_ADOPTED|OUTCOME_V3_KEEP_CURRENT_BASELINE|OUTCOME_V3_UPGRADE_ADMISSIBLE,208-1373 labeled rows,Higher historical support|Limited historical support|Moderate historical support|Not enough information,,0.012437156615260604,BASELINE_PROJECTION_OR_CURRENT_AUTHORITY_GATE_FAILED|BASELINE_WEAK_AND_NO_CHALLENGER_PASSED_ALL_GATES|CHALLENGER_PASSED_EVERY_FIELD_GATE|CURRENT_BASELINE_RETAINED|CURRENT_BASELINE_STRONGEST_OOF|DIRECTIONALLY_BETTER_BUT_ONE_OR_MORE_GATES_FAILED|HISTORICAL_SAMPLE_GATE_FAILED,NWR_OUTCOME_COLUMNS_V3_RC1,N/A,N/A,N/A,N/A,N/A,N/A,N/A,N/A,N/A,N/A,N/A,N/A,N/A,N/A,N/A,N/A,N/A,N/A,N/A,N/A,N/A,N/A,N/A,N/A,N/A,N/A,N/A,N/A,N/A,N/A,N/A,N/A,N/A,N/A,N/A,N/A,N/A,N/A,N/A,N/A,N/A,N/A,N/A,N/A,N/A,N/A,N/A,N/A,1.5%,1.0%,3.2%,Not enough information,4.6%,Not enough information,22.5%,Not enough information,24.5%,Not enough information,51.0%,Not enough information,22.5%,Not enough information,25.1%,Not enough information,53.4%,80.3%,1.0%,1.0%,Not enough information,Not enough information,3.3%,18.3%
4018,00-0033897,Joe Mixon,RB,,97,insufficient,OUTCOME_V3_BLOCKED_LOW_SAMPLE|OUTCOME_V3_BLOCKED_WEAK_CALIBRATION|OUTCOME_V3_DIRECTIONALLY_BETTER_NOT_ADOPTED|OUTCOME_V3_KEEP_CURRENT_BASELINE|OUTCOME_V3_UPGRADE_ADMISSIBLE,95-892 labeled rows,Not enough information,missing admitted 2025 regular-season feature row,,BASELINE_PROJECTION_OR_CURRENT_AUTHORITY_GATE_FAILED|BASELINE_WEAK_AND_NO_CHALLENGER_PASSED_ALL_GATES|CHALLENGER_PASSED_EVERY_FIELD_GATE|CURRENT_BASELINE_RETAINED|DIRECTIONALLY_BETTER_BUT_ONE_OR_MORE_GATES_FAILED|HISTORICAL_SAMPLE_GATE_FAILED,NWR_OUTCOME_COLUMNS_V3_RC1,N/A,N/A,N/A,N/A,N/A,N/A,N/A,N/A,N/A,N/A,N/A,N/A,Not enough information,Not enough information,Not enough information,Not enough information,Not enough information,Not enough information,Not enough information,Not enough information,Not enough information,Not enough information,Not enough information,Not enough information,Not enough information,Not enough information,Not enough information,Not enough information,Not enough information,Not enough information,Not enough information,Not enough information,Not enough information,Not enough information,Not enough information,Not enough information,N/A,N/A,N/A,N/A,N/A,N/A,N/A,N/A,N/A,N/A,N/A,N/A,N/A,N/A,N/A,N/A,N/A,N/A,N/A,N/A,N/A,N/A,N/A,N/A,N/A,N/A,N/A,N/A,N/A,N/A,N/A,N/A,N/A,N/A,N/A,N/A
11624,00-0039894,Xavier Worthy,WR,,98,complete,OUTCOME_V3_BLOCKED_LOW_SAMPLE|OUTCOME_V3_BLOCKED_WEAK_CALIBRATION|OUTCOME_V3_DIRECTIONALLY_BETTER_NOT_ADOPTED|OUTCOME_V3_KEEP_CURRENT_BASELINE|OUTCOME_V3_UPGRADE_ADMISSIBLE,208-1373 labeled rows,Higher historical support|Limited historical support|Moderate historical support|Not enough information,,0.012437156615260604,BASELINE_PROJECTION_OR_CURRENT_AUTHORITY_GATE_FAILED|BASELINE_WEAK_AND_NO_CHALLENGER_PASSED_ALL_GATES|CHALLENGER_PASSED_EVERY_FIELD_GATE|CURRENT_BASELINE_RETAINED|CURRENT_BASELINE_STRONGEST_OOF|DIRECTIONALLY_BETTER_BUT_ONE_OR_MORE_GATES_FAILED|HISTORICAL_SAMPLE_GATE_FAILED,NWR_OUTCOME_COLUMNS_V3_RC1,N/A,N/A,N/A,N/A,N/A,N/A,N/A,N/A,N/A,N/A,N/A,N/A,N/A,N/A,N/A,N/A,N/A,N/A,N/A,N/A,N/A,N/A,N/A,N/A,N/A,N/A,N/A,N/A,N/A,N/A,N/A,N/A,N/A,N/A,N/A,N/A,N/A,N/A,N/A,N/A,N/A,N/A,N/A,N/A,N/A,N/A,N/A,N/A,1.5%,1.0%,3.2%,Not enough information,4.6%,Not enough information,11.1%,Not enough information,10.2%,Not enough information,31.4%,Not enough information,21.6%,Not enough information,25.1%,Not enough information,53.4%,80.3%,1.0%,1.0%,Not enough information,Not enough information,3.3%,18.3%
9753,00-0039165,Zach Charbonnet,RB,,99,complete,OUTCOME_V3_BLOCKED_LOW_SAMPLE|OUTCOME_V3_BLOCKED_WEAK_CALIBRATION|OUTCOME_V3_DIRECTIONALLY_BETTER_NOT_ADOPTED|OUTCOME_V3_KEEP_CURRENT_BASELINE|OUTCOME_V3_UPGRADE_ADMISSIBLE,95-892 labeled rows,Higher historical support|Limited historical support|Moderate historical support|Not enough information,,0.0,BASELINE_PROJECTION_OR_CURRENT_AUTHORITY_GATE_FAILED|BASELINE_WEAK_AND_NO_CHALLENGER_PASSED_ALL_GATES|CHALLENGER_PASSED_EVERY_FIELD_GATE|CURRENT_BASELINE_RETAINED|DIRECTIONALLY_BETTER_BUT_ONE_OR_MORE_GATES_FAILED|HISTORICAL_SAMPLE_GATE_FAILED,NWR_OUTCOME_COLUMNS_V3_RC1,N/A,N/A,N/A,N/A,N/A,N/A,N/A,N/A,N/A,N/A,N/A,N/A,Not enough information,23.6%,20.7%,11.8%,49.7%,Not enough information,Not enough information,63.0%,55.0%,42.4%,84.9%,95.2%,55.7%,80.6%,68.0%,52.0%,94.4%,Not enough information,4.0%,1.9%,Not enough information,Not enough information,11.0%,Not enough information,N/A,N/A,N/A,N/A,N/A,N/A,N/A,N/A,N/A,N/A,N/A,N/A,N/A,N/A,N/A,N/A,N/A,N/A,N/A,N/A,N/A,N/A,N/A,N/A,N/A,N/A,N/A,N/A,N/A,N/A,N/A,N/A,N/A,N/A,N/A,N/A
8125,00-0037837,Calvin Austin,WR,,100,complete,OUTCOME_V3_BLOCKED_LOW_SAMPLE|OUTCOME_V3_BLOCKED_WEAK_CALIBRATION|OUTCOME_V3_DIRECTIONALLY_BETTER_NOT_ADOPTED|OUTCOME_V3_KEEP_CURRENT_BASELINE|OUTCOME_V3_UPGRADE_ADMISSIBLE,208-1373 labeled rows,Higher historical support|Limited historical support|Moderate historical support|Not enough information,,0.012437156615260604,BASELINE_PROJECTION_OR_CURRENT_AUTHORITY_GATE_FAILED|BASELINE_WEAK_AND_NO_CHALLENGER_PASSED_ALL_GATES|CHALLENGER_PASSED_EVERY_FIELD_GATE|CURRENT_BASELINE_RETAINED|CURRENT_BASELINE_STRONGEST_OOF|DIRECTIONALLY_BETTER_BUT_ONE_OR_MORE_GATES_FAILED|HISTORICAL_SAMPLE_GATE_FAILED,NWR_OUTCOME_COLUMNS_V3_RC1,N/A,N/A,N/A,N/A,N/A,N/A,N/A,N/A,N/A,N/A,N/A,N/A,N/A,N/A,N/A,N/A,N/A,N/A,N/A,N/A,N/A,N/A,N/A,N/A,N/A,N/A,N/A,N/A,N/A,N/A,N/A,N/A,N/A,N/A,N/A,N/A,N/A,N/A,N/A,N/A,N/A,N/A,N/A,N/A,N/A,N/A,N/A,N/A,1.5%,1.0%,3.2%,Not enough information,4.6%,Not enough information,2.9%,Not enough information,4.4%,Not enough information,10.8%,Not enough information,12.1%,Not enough information,13.4%,Not enough information,36.4%,67.0%,1.0%,1.0%,Not enough information,Not enough information,3.3%,18.3%
12529,00-0040734,TreVeyon Henderson,RB,,101,insufficient,OUTCOME_V3_BLOCKED_LOW_SAMPLE|OUTCOME_V3_BLOCKED_WEAK_CALIBRATION|OUTCOME_V3_DIRECTIONALLY_BETTER_NOT_ADOPTED|OUTCOME_V3_KEEP_CURRENT_BASELINE|OUTCOME_V3_UPGRADE_ADMISSIBLE,95-892 labeled rows,Not enough information,rookie or prospect lacks admitted 2025 NFL feature evidence,,BASELINE_PROJECTION_OR_CURRENT_AUTHORITY_GATE_FAILED|BASELINE_WEAK_AND_NO_CHALLENGER_PASSED_ALL_GATES|CHALLENGER_PASSED_EVERY_FIELD_GATE|CURRENT_BASELINE_RETAINED|DIRECTIONALLY_BETTER_BUT_ONE_OR_MORE_GATES_FAILED|HISTORICAL_SAMPLE_GATE_FAILED,NWR_OUTCOME_COLUMNS_V3_RC1,N/A,N/A,N/A,N/A,N/A,N/A,N/A,N/A,N/A,N/A,N/A,N/A,Not enough information,Not enough information,Not enough information,Not enough information,Not enough information,Not enough information,Not enough information,Not enough information,Not enough information,Not enough information,Not enough information,Not enough information,Not enough information,Not enough information,Not enough information,Not enough information,Not enough information,Not enough information,Not enough information,Not enough information,Not enough information,Not enough information,Not enough information,Not enough information,N/A,N/A,N/A,N/A,N/A,N/A,N/A,N/A,N/A,N/A,N/A,N/A,N/A,N/A,N/A,N/A,N/A,N/A,N/A,N/A,N/A,N/A,N/A,N/A,N/A,N/A,N/A,N/A,N/A,N/A,N/A,N/A,N/A,N/A,N/A,N/A
3163,00-0033106,Jared Goff,QB,,102,complete,OUTCOME_V3_BLOCKED_LOW_SAMPLE|OUTCOME_V3_BLOCKED_WEAK_CALIBRATION|OUTCOME_V3_DIRECTIONALLY_BETTER_NOT_ADOPTED|OUTCOME_V3_KEEP_CURRENT_BASELINE,100-475 labeled rows,Limited historical support|Moderate historical support|Not enough information,,0.0,BASELINE_PROJECTION_OR_CURRENT_AUTHORITY_GATE_FAILED|BASELINE_WEAK_AND_NO_CHALLENGER_PASSED_ALL_GATES|CURRENT_BASELINE_RETAINED|DIRECTIONALLY_BETTER_BUT_ONE_OR_MORE_GATES_FAILED|HISTORICAL_SAMPLE_GATE_FAILED,NWR_OUTCOME_COLUMNS_V3_RC1,53.2%,Not enough information,Not enough information,Not enough information,84.7%,92.8%,19.4%,Not enough information,Not enough information,Not enough information,Not enough information,70.2%,N/A,N/A,N/A,N/A,N/A,N/A,N/A,N/A,N/A,N/A,N/A,N/A,N/A,N/A,N/A,N/A,N/A,N/A,N/A,N/A,N/A,N/A,N/A,N/A,N/A,N/A,N/A,N/A,N/A,N/A,N/A,N/A,N/A,N/A,N/A,N/A,N/A,N/A,N/A,N/A,N/A,N/A,N/A,N/A,N/A,N/A,N/A,N/A,N/A,N/A,N/A,N/A,N/A,N/A,N/A,N/A,N/A,N/A,N/A,N/A
11625,00-0039890,Adonai Mitchell,WR,,103,complete,OUTCOME_V3_BLOCKED_LOW_SAMPLE|OUTCOME_V3_BLOCKED_WEAK_CALIBRATION|OUTCOME_V3_DIRECTIONALLY_BETTER_NOT_ADOPTED|OUTCOME_V3_KEEP_CURRENT_BASELINE|OUTCOME_V3_UPGRADE_ADMISSIBLE,208-1373 labeled rows,Higher historical support|Limited historical support|Moderate historical support|Not enough information,,0.012437156615260604,BASELINE_PROJECTION_OR_CURRENT_AUTHORITY_GATE_FAILED|BASELINE_WEAK_AND_NO_CHALLENGER_PASSED_ALL_GATES|CHALLENGER_PASSED_EVERY_FIELD_GATE|CURRENT_BASELINE_RETAINED|CURRENT_BASELINE_STRONGEST_OOF|DIRECTIONALLY_BETTER_BUT_ONE_OR_MORE_GATES_FAILED|HISTORICAL_SAMPLE_GATE_FAILED,NWR_OUTCOME_COLUMNS_V3_RC1,N/A,N/A,N/A,N/A,N/A,N/A,N/A,N/A,N/A,N/A,N/A,N/A,N/A,N/A,N/A,N/A,N/A,N/A,N/A,N/A,N/A,N/A,N/A,N/A,N/A,N/A,N/A,N/A,N/A,N/A,N/A,N/A,N/A,N/A,N/A,N/A,N/A,N/A,N/A,N/A,N/A,N/A,N/A,N/A,N/A,N/A,N/A,N/A,1.5%,1.0%,3.2%,Not enough information,4.6%,Not enough information,2.9%,Not enough information,4.4%,Not enough information,10.8%,Not enough information,12.1%,Not enough information,13.4%,Not enough information,36.4%,67.0%,1.0%,1.0%,Not enough information,Not enough information,3.3%,18.3%
9501,00-0038621,DeMario Douglas,WR,,104,complete,OUTCOME_V3_BLOCKED_LOW_SAMPLE|OUTCOME_V3_BLOCKED_WEAK_CALIBRATION|OUTCOME_V3_DIRECTIONALLY_BETTER_NOT_ADOPTED|OUTCOME_V3_KEEP_CURRENT_BASELINE|OUTCOME_V3_UPGRADE_ADMISSIBLE,208-1373 labeled rows,Higher historical support|Limited historical support|Moderate historical support|Not enough information,,0.012437156615260604,BASELINE_PROJECTION_OR_CURRENT_AUTHORITY_GATE_FAILED|BASELINE_WEAK_AND_NO_CHALLENGER_PASSED_ALL_GATES|CHALLENGER_PASSED_EVERY_FIELD_GATE|CURRENT_BASELINE_RETAINED|CURRENT_BASELINE_STRONGEST_OOF|DIRECTIONALLY_BETTER_BUT_ONE_OR_MORE_GATES_FAILED|HISTORICAL_SAMPLE_GATE_FAILED,NWR_OUTCOME_COLUMNS_V3_RC1,N/A,N/A,N/A,N/A,N/A,N/A,N/A,N/A,N/A,N/A,N/A,N/A,N/A,N/A,N/A,N/A,N/A,N/A,N/A,N/A,N/A,N/A,N/A,N/A,N/A,N/A,N/A,N/A,N/A,N/A,N/A,N/A,N/A,N/A,N/A,N/A,N/A,N/A,N/A,N/A,N/A,N/A,N/A,N/A,N/A,N/A,N/A,N/A,1.5%,1.0%,3.2%,Not enough information,4.6%,Not enough information,11.1%,Not enough information,10.2%,Not enough information,31.4%,Not enough information,21.6%,Not enough information,25.1%,Not enough information,53.4%,80.3%,1.0%,1.0%,Not enough information,Not enough information,3.3%,18.3%
9504,00-0038608,Kayshon Boutte,WR,,105,complete,OUTCOME_V3_BLOCKED_LOW_SAMPLE|OUTCOME_V3_BLOCKED_WEAK_CALIBRATION|OUTCOME_V3_DIRECTIONALLY_BETTER_NOT_ADOPTED|OUTCOME_V3_KEEP_CURRENT_BASELINE|OUTCOME_V3_UPGRADE_ADMISSIBLE,208-1373 labeled rows,Higher historical support|Limited historical support|Moderate historical support|Not enough information,,0.012437156615260604,BASELINE_PROJECTION_OR_CURRENT_AUTHORITY_GATE_FAILED|BASELINE_WEAK_AND_NO_CHALLENGER_PASSED_ALL_GATES|CHALLENGER_PASSED_EVERY_FIELD_GATE|CURRENT_BASELINE_RETAINED|CURRENT_BASELINE_STRONGEST_OOF|DIRECTIONALLY_BETTER_BUT_ONE_OR_MORE_GATES_FAILED|HISTORICAL_SAMPLE_GATE_FAILED,NWR_OUTCOME_COLUMNS_V3_RC1,N/A,N/A,N/A,N/A,N/A,N/A,N/A,N/A,N/A,N/A,N/A,N/A,N/A,N/A,N/A,N/A,N/A,N/A,N/A,N/A,N/A,N/A,N/A,N/A,N/A,N/A,N/A,N/A,N/A,N/A,N/A,N/A,N/A,N/A,N/A,N/A,N/A,N/A,N/A,N/A,N/A,N/A,N/A,N/A,N/A,N/A,N/A,N/A,1.5%,1.0%,3.2%,Not enough information,4.6%,Not enough information,11.1%,Not enough information,10.2%,Not enough information,31.4%,Not enough information,21.6%,Not enough information,25.1%,Not enough information,53.4%,80.3%,1.0%,1.0%,Not enough information,Not enough information,3.3%,18.3%
11655,00-0039384,Tyrone Tracy,RB,,106,complete,OUTCOME_V3_BLOCKED_LOW_SAMPLE|OUTCOME_V3_BLOCKED_WEAK_CALIBRATION|OUTCOME_V3_DIRECTIONALLY_BETTER_NOT_ADOPTED|OUTCOME_V3_KEEP_CURRENT_BASELINE|OUTCOME_V3_UPGRADE_ADMISSIBLE,95-892 labeled rows,Higher historical support|Limited historical support|Moderate historical support|Not enough information,,0.0,BASELINE_PROJECTION_OR_CURRENT_AUTHORITY_GATE_FAILED|BASELINE_WEAK_AND_NO_CHALLENGER_PASSED_ALL_GATES|CHALLENGER_PASSED_EVERY_FIELD_GATE|CURRENT_BASELINE_RETAINED|DIRECTIONALLY_BETTER_BUT_ONE_OR_MORE_GATES_FAILED|HISTORICAL_SAMPLE_GATE_FAILED,NWR_OUTCOME_COLUMNS_V3_RC1,N/A,N/A,N/A,N/A,N/A,N/A,N/A,N/A,N/A,N/A,N/A,N/A,Not enough information,12.6%,14.1%,16.6%,38.6%,Not enough information,Not enough information,24.7%,29.1%,20.5%,58.3%,86.4%,55.7%,80.6%,68.0%,52.0%,94.4%,Not enough information,4.0%,1.9%,Not enough information,Not enough information,11.0%,Not enough information,N/A,N/A,N/A,N/A,N/A,N/A,N/A,N/A,N/A,N/A,N/A,N/A,N/A,N/A,N/A,N/A,N/A,N/A,N/A,N/A,N/A,N/A,N/A,N/A,N/A,N/A,N/A,N/A,N/A,N/A,N/A,N/A,N/A,N/A,N/A,N/A
12499,00-0040170,Elic Ayomanor,WR,,107,insufficient,OUTCOME_V3_BLOCKED_LOW_SAMPLE|OUTCOME_V3_BLOCKED_WEAK_CALIBRATION|OUTCOME_V3_DIRECTIONALLY_BETTER_NOT_ADOPTED|OUTCOME_V3_KEEP_CURRENT_BASELINE|OUTCOME_V3_UPGRADE_ADMISSIBLE,208-1373 labeled rows,Not enough information,rookie or prospect lacks admitted 2025 NFL feature evidence,,BASELINE_PROJECTION_OR_CURRENT_AUTHORITY_GATE_FAILED|BASELINE_WEAK_AND_NO_CHALLENGER_PASSED_ALL_GATES|CHALLENGER_PASSED_EVERY_FIELD_GATE|CURRENT_BASELINE_RETAINED|CURRENT_BASELINE_STRONGEST_OOF|DIRECTIONALLY_BETTER_BUT_ONE_OR_MORE_GATES_FAILED|HISTORICAL_SAMPLE_GATE_FAILED,NWR_OUTCOME_COLUMNS_V3_RC1,N/A,N/A,N/A,N/A,N/A,N/A,N/A,N/A,N/A,N/A,N/A,N/A,N/A,N/A,N/A,N/A,N/A,N/A,N/A,N/A,N/A,N/A,N/A,N/A,N/A,N/A,N/A,N/A,N/A,N/A,N/A,N/A,N/A,N/A,N/A,N/A,N/A,N/A,N/A,N/A,N/A,N/A,N/A,N/A,N/A,N/A,N/A,N/A,Not enough information,Not enough information,Not enough information,Not enough information,Not enough information,Not enough information,Not enough information,Not enough information,Not enough information,Not enough information,Not enough information,Not enough information,Not enough information,Not enough information,Not enough information,Not enough information,Not enough information,Not enough information,Not enough information,Not enough information,Not enough information,Not enough information,Not enough information,Not enough information
11584,00-0039361,Bucky Irving,RB,,108,complete,OUTCOME_V3_BLOCKED_LOW_SAMPLE|OUTCOME_V3_BLOCKED_WEAK_CALIBRATION|OUTCOME_V3_DIRECTIONALLY_BETTER_NOT_ADOPTED|OUTCOME_V3_KEEP_CURRENT_BASELINE|OUTCOME_V3_UPGRADE_ADMISSIBLE,95-892 labeled rows,Higher historical support|Limited historical support|Moderate historical support|Not enough information,,0.0,BASELINE_PROJECTION_OR_CURRENT_AUTHORITY_GATE_FAILED|BASELINE_WEAK_AND_NO_CHALLENGER_PASSED_ALL_GATES|CHALLENGER_PASSED_EVERY_FIELD_GATE|CURRENT_BASELINE_RETAINED|DIRECTIONALLY_BETTER_BUT_ONE_OR_MORE_GATES_FAILED|HISTORICAL_SAMPLE_GATE_FAILED,NWR_OUTCOME_COLUMNS_V3_RC1,N/A,N/A,N/A,N/A,N/A,N/A,N/A,N/A,N/A,N/A,N/A,N/A,Not enough information,12.6%,14.1%,16.6%,38.6%,Not enough information,Not enough information,24.7%,29.1%,20.5%,58.3%,86.4%,55.7%,80.6%,68.0%,52.0%,94.4%,Not enough information,4.0%,1.9%,Not enough information,Not enough information,11.0%,Not enough information,N/A,N/A,N/A,N/A,N/A,N/A,N/A,N/A,N/A,N/A,N/A,N/A,N/A,N/A,N/A,N/A,N/A,N/A,N/A,N/A,N/A,N/A,N/A,N/A,N/A,N/A,N/A,N/A,N/A,N/A,N/A,N/A,N/A,N/A,N/A,N/A
10222,00-0039146,Jayden Reed,WR,,109,complete,OUTCOME_V3_BLOCKED_LOW_SAMPLE|OUTCOME_V3_BLOCKED_WEAK_CALIBRATION|OUTCOME_V3_DIRECTIONALLY_BETTER_NOT_ADOPTED|OUTCOME_V3_KEEP_CURRENT_BASELINE|OUTCOME_V3_UPGRADE_ADMISSIBLE,208-1373 labeled rows,Higher historical support|Limited historical support|Moderate historical support|Not enough information,,0.012437156615260604,BASELINE_PROJECTION_OR_CURRENT_AUTHORITY_GATE_FAILED|BASELINE_WEAK_AND_NO_CHALLENGER_PASSED_ALL_GATES|CHALLENGER_PASSED_EVERY_FIELD_GATE|CURRENT_BASELINE_RETAINED|CURRENT_BASELINE_STRONGEST_OOF|DIRECTIONALLY_BETTER_BUT_ONE_OR_MORE_GATES_FAILED|HISTORICAL_SAMPLE_GATE_FAILED,NWR_OUTCOME_COLUMNS_V3_RC1,N/A,N/A,N/A,N/A,N/A,N/A,N/A,N/A,N/A,N/A,N/A,N/A,N/A,N/A,N/A,N/A,N/A,N/A,N/A,N/A,N/A,N/A,N/A,N/A,N/A,N/A,N/A,N/A,N/A,N/A,N/A,N/A,N/A,N/A,N/A,N/A,N/A,N/A,N/A,N/A,N/A,N/A,N/A,N/A,N/A,N/A,N/A,N/A,1.5%,1.0%,3.2%,Not enough information,4.6%,Not enough information,2.9%,Not enough information,4.4%,Not enough information,10.8%,Not enough information,3.4%,Not enough information,4.4%,Not enough information,14.7%,44.3%,1.0%,1.0%,Not enough information,Not enough information,3.3%,18.3%
11637,00-0039901,Keon Coleman,WR,,110,complete,OUTCOME_V3_BLOCKED_LOW_SAMPLE|OUTCOME_V3_BLOCKED_WEAK_CALIBRATION|OUTCOME_V3_DIRECTIONALLY_BETTER_NOT_ADOPTED|OUTCOME_V3_KEEP_CURRENT_BASELINE|OUTCOME_V3_UPGRADE_ADMISSIBLE,208-1373 labeled rows,Higher historical support|Limited historical support|Moderate historical support|Not enough information,,0.012437156615260604,BASELINE_PROJECTION_OR_CURRENT_AUTHORITY_GATE_FAILED|BASELINE_WEAK_AND_NO_CHALLENGER_PASSED_ALL_GATES|CHALLENGER_PASSED_EVERY_FIELD_GATE|CURRENT_BASELINE_RETAINED|CURRENT_BASELINE_STRONGEST_OOF|DIRECTIONALLY_BETTER_BUT_ONE_OR_MORE_GATES_FAILED|HISTORICAL_SAMPLE_GATE_FAILED,NWR_OUTCOME_COLUMNS_V3_RC1,N/A,N/A,N/A,N/A,N/A,N/A,N/A,N/A,N/A,N/A,N/A,N/A,N/A,N/A,N/A,N/A,N/A,N/A,N/A,N/A,N/A,N/A,N/A,N/A,N/A,N/A,N/A,N/A,N/A,N/A,N/A,N/A,N/A,N/A,N/A,N/A,N/A,N/A,N/A,N/A,N/A,N/A,N/A,N/A,N/A,N/A,N/A,N/A,1.5%,1.0%,3.2%,Not enough information,4.6%,Not enough information,11.1%,Not enough information,10.2%,Not enough information,31.4%,Not enough information,21.6%,Not enough information,25.1%,Not enough information,53.4%,80.3%,1.0%,1.0%,Not enough information,Not enough information,3.3%,18.3%
11626,00-0039342,Xavier Legette,WR,,111,complete,OUTCOME_V3_BLOCKED_LOW_SAMPLE|OUTCOME_V3_BLOCKED_WEAK_CALIBRATION|OUTCOME_V3_DIRECTIONALLY_BETTER_NOT_ADOPTED|OUTCOME_V3_KEEP_CURRENT_BASELINE|OUTCOME_V3_UPGRADE_ADMISSIBLE,208-1373 labeled rows,Higher historical support|Limited historical support|Moderate historical support|Not enough information,,0.012437156615260604,BASELINE_PROJECTION_OR_CURRENT_AUTHORITY_GATE_FAILED|BASELINE_WEAK_AND_NO_CHALLENGER_PASSED_ALL_GATES|CHALLENGER_PASSED_EVERY_FIELD_GATE|CURRENT_BASELINE_RETAINED|CURRENT_BASELINE_STRONGEST_OOF|DIRECTIONALLY_BETTER_BUT_ONE_OR_MORE_GATES_FAILED|HISTORICAL_SAMPLE_GATE_FAILED,NWR_OUTCOME_COLUMNS_V3_RC1,N/A,N/A,N/A,N/A,N/A,N/A,N/A,N/A,N/A,N/A,N/A,N/A,N/A,N/A,N/A,N/A,N/A,N/A,N/A,N/A,N/A,N/A,N/A,N/A,N/A,N/A,N/A,N/A,N/A,N/A,N/A,N/A,N/A,N/A,N/A,N/A,N/A,N/A,N/A,N/A,N/A,N/A,N/A,N/A,N/A,N/A,N/A,N/A,1.5%,1.0%,3.2%,Not enough information,4.6%,Not enough information,2.9%,Not enough information,4.4%,Not enough information,10.8%,Not enough information,12.1%,Not enough information,13.4%,Not enough information,36.4%,67.0%,1.0%,1.0%,Not enough information,Not enough information,3.3%,18.3%
7611,00-0036875,Rhamondre Stevenson,RB,,112,complete,OUTCOME_V3_BLOCKED_LOW_SAMPLE|OUTCOME_V3_BLOCKED_WEAK_CALIBRATION|OUTCOME_V3_DIRECTIONALLY_BETTER_NOT_ADOPTED|OUTCOME_V3_KEEP_CURRENT_BASELINE|OUTCOME_V3_UPGRADE_ADMISSIBLE,95-892 labeled rows,Higher historical support|Limited historical support|Moderate historical support|Not enough information,,0.0,BASELINE_PROJECTION_OR_CURRENT_AUTHORITY_GATE_FAILED|BASELINE_WEAK_AND_NO_CHALLENGER_PASSED_ALL_GATES|CHALLENGER_PASSED_EVERY_FIELD_GATE|CURRENT_BASELINE_RETAINED|DIRECTIONALLY_BETTER_BUT_ONE_OR_MORE_GATES_FAILED|HISTORICAL_SAMPLE_GATE_FAILED,NWR_OUTCOME_COLUMNS_V3_RC1,N/A,N/A,N/A,N/A,N/A,N/A,N/A,N/A,N/A,N/A,N/A,N/A,Not enough information,12.6%,14.1%,16.6%,38.6%,Not enough information,Not enough information,24.7%,29.1%,20.5%,58.3%,86.4%,55.7%,80.6%,68.0%,52.0%,94.4%,Not enough information,4.0%,1.9%,Not enough information,Not enough information,11.0%,Not enough information,N/A,N/A,N/A,N/A,N/A,N/A,N/A,N/A,N/A,N/A,N/A,N/A,N/A,N/A,N/A,N/A,N/A,N/A,N/A,N/A,N/A,N/A,N/A,N/A,N/A,N/A,N/A,N/A,N/A,N/A,N/A,N/A,N/A,N/A,N/A,N/A
9502,00-0038977,Tank Dell,WR,,113,insufficient,OUTCOME_V3_BLOCKED_LOW_SAMPLE|OUTCOME_V3_BLOCKED_WEAK_CALIBRATION|OUTCOME_V3_DIRECTIONALLY_BETTER_NOT_ADOPTED|OUTCOME_V3_KEEP_CURRENT_BASELINE|OUTCOME_V3_UPGRADE_ADMISSIBLE,208-1373 labeled rows,Not enough information,missing admitted 2025 regular-season feature row,,BASELINE_PROJECTION_OR_CURRENT_AUTHORITY_GATE_FAILED|BASELINE_WEAK_AND_NO_CHALLENGER_PASSED_ALL_GATES|CHALLENGER_PASSED_EVERY_FIELD_GATE|CURRENT_BASELINE_RETAINED|CURRENT_BASELINE_STRONGEST_OOF|DIRECTIONALLY_BETTER_BUT_ONE_OR_MORE_GATES_FAILED|HISTORICAL_SAMPLE_GATE_FAILED,NWR_OUTCOME_COLUMNS_V3_RC1,N/A,N/A,N/A,N/A,N/A,N/A,N/A,N/A,N/A,N/A,N/A,N/A,N/A,N/A,N/A,N/A,N/A,N/A,N/A,N/A,N/A,N/A,N/A,N/A,N/A,N/A,N/A,N/A,N/A,N/A,N/A,N/A,N/A,N/A,N/A,N/A,N/A,N/A,N/A,N/A,N/A,N/A,N/A,N/A,N/A,N/A,N/A,N/A,Not enough information,Not enough information,Not enough information,Not enough information,Not enough information,Not enough information,Not enough information,Not enough information,Not enough information,Not enough information,Not enough information,Not enough information,Not enough information,Not enough information,Not enough information,Not enough information,Not enough information,Not enough information,Not enough information,Not enough information,Not enough information,Not enough information,Not enough information,Not enough information
11610,00-0039880,Malik Washington,WR,,114,complete,OUTCOME_V3_BLOCKED_LOW_SAMPLE|OUTCOME_V3_BLOCKED_WEAK_CALIBRATION|OUTCOME_V3_DIRECTIONALLY_BETTER_NOT_ADOPTED|OUTCOME_V3_KEEP_CURRENT_BASELINE|OUTCOME_V3_UPGRADE_ADMISSIBLE,208-1373 labeled rows,Higher historical support|Limited historical support|Moderate historical support|Not enough information,,0.012437156615260604,BASELINE_PROJECTION_OR_CURRENT_AUTHORITY_GATE_FAILED|BASELINE_WEAK_AND_NO_CHALLENGER_PASSED_ALL_GATES|CHALLENGER_PASSED_EVERY_FIELD_GATE|CURRENT_BASELINE_RETAINED|CURRENT_BASELINE_STRONGEST_OOF|DIRECTIONALLY_BETTER_BUT_ONE_OR_MORE_GATES_FAILED|HISTORICAL_SAMPLE_GATE_FAILED,NWR_OUTCOME_COLUMNS_V3_RC1,N/A,N/A,N/A,N/A,N/A,N/A,N/A,N/A,N/A,N/A,N/A,N/A,N/A,N/A,N/A,N/A,N/A,N/A,N/A,N/A,N/A,N/A,N/A,N/A,N/A,N/A,N/A,N/A,N/A,N/A,N/A,N/A,N/A,N/A,N/A,N/A,N/A,N/A,N/A,N/A,N/A,N/A,N/A,N/A,N/A,N/A,N/A,N/A,1.5%,1.0%,3.2%,Not enough information,4.6%,Not enough information,22.5%,Not enough information,24.5%,Not enough information,51.0%,Not enough information,22.5%,Not enough information,25.1%,Not enough information,53.4%,80.3%,1.0%,1.0%,Not enough information,Not enough information,3.3%,18.3%
9486,00-0038393,Dontayvion Wicks,WR,,115,complete,OUTCOME_V3_BLOCKED_LOW_SAMPLE|OUTCOME_V3_BLOCKED_WEAK_CALIBRATION|OUTCOME_V3_DIRECTIONALLY_BETTER_NOT_ADOPTED|OUTCOME_V3_KEEP_CURRENT_BASELINE|OUTCOME_V3_UPGRADE_ADMISSIBLE,208-1373 labeled rows,Higher historical support|Limited historical support|Moderate historical support|Not enough information,,0.012437156615260604,BASELINE_PROJECTION_OR_CURRENT_AUTHORITY_GATE_FAILED|BASELINE_WEAK_AND_NO_CHALLENGER_PASSED_ALL_GATES|CHALLENGER_PASSED_EVERY_FIELD_GATE|CURRENT_BASELINE_RETAINED|CURRENT_BASELINE_STRONGEST_OOF|DIRECTIONALLY_BETTER_BUT_ONE_OR_MORE_GATES_FAILED|HISTORICAL_SAMPLE_GATE_FAILED,NWR_OUTCOME_COLUMNS_V3_RC1,N/A,N/A,N/A,N/A,N/A,N/A,N/A,N/A,N/A,N/A,N/A,N/A,N/A,N/A,N/A,N/A,N/A,N/A,N/A,N/A,N/A,N/A,N/A,N/A,N/A,N/A,N/A,N/A,N/A,N/A,N/A,N/A,N/A,N/A,N/A,N/A,N/A,N/A,N/A,N/A,N/A,N/A,N/A,N/A,N/A,N/A,N/A,N/A,1.5%,1.0%,3.2%,Not enough information,4.6%,Not enough information,2.9%,Not enough information,4.4%,Not enough information,10.8%,Not enough information,12.1%,Not enough information,13.4%,Not enough information,36.4%,67.0%,1.0%,1.0%,Not enough information,Not enough information,3.3%,18.3%
11646,00-0039491,Jalen Coker,WR,,116,complete,OUTCOME_V3_BLOCKED_LOW_SAMPLE|OUTCOME_V3_BLOCKED_WEAK_CALIBRATION|OUTCOME_V3_DIRECTIONALLY_BETTER_NOT_ADOPTED|OUTCOME_V3_KEEP_CURRENT_BASELINE|OUTCOME_V3_UPGRADE_ADMISSIBLE,208-1373 labeled rows,Higher historical support|Limited historical support|Moderate historical support|Not enough information,,0.012437156615260604,BASELINE_PROJECTION_OR_CURRENT_AUTHORITY_GATE_FAILED|BASELINE_WEAK_AND_NO_CHALLENGER_PASSED_ALL_GATES|CHALLENGER_PASSED_EVERY_FIELD_GATE|CURRENT_BASELINE_RETAINED|CURRENT_BASELINE_STRONGEST_OOF|DIRECTIONALLY_BETTER_BUT_ONE_OR_MORE_GATES_FAILED|HISTORICAL_SAMPLE_GATE_FAILED,NWR_OUTCOME_COLUMNS_V3_RC1,N/A,N/A,N/A,N/A,N/A,N/A,N/A,N/A,N/A,N/A,N/A,N/A,N/A,N/A,N/A,N/A,N/A,N/A,N/A,N/A,N/A,N/A,N/A,N/A,N/A,N/A,N/A,N/A,N/A,N/A,N/A,N/A,N/A,N/A,N/A,N/A,N/A,N/A,N/A,N/A,N/A,N/A,N/A,N/A,N/A,N/A,N/A,N/A,1.5%,1.0%,3.2%,Not enough information,4.6%,Not enough information,2.9%,Not enough information,4.4%,Not enough information,10.8%,Not enough information,12.1%,Not enough information,13.4%,Not enough information,36.4%,67.0%,1.0%,1.0%,Not enough information,Not enough information,3.3%,18.3%
7594,00-0036555,Chuba Hubbard,RB,,117,complete,OUTCOME_V3_BLOCKED_LOW_SAMPLE|OUTCOME_V3_BLOCKED_WEAK_CALIBRATION|OUTCOME_V3_DIRECTIONALLY_BETTER_NOT_ADOPTED|OUTCOME_V3_KEEP_CURRENT_BASELINE|OUTCOME_V3_UPGRADE_ADMISSIBLE,95-892 labeled rows,Higher historical support|Limited historical support|Moderate historical support|Not enough information,,0.24967320261437914,BASELINE_PROJECTION_OR_CURRENT_AUTHORITY_GATE_FAILED|BASELINE_WEAK_AND_NO_CHALLENGER_PASSED_ALL_GATES|CHALLENGER_PASSED_EVERY_FIELD_GATE|CURRENT_BASELINE_RETAINED|DIRECTIONALLY_BETTER_BUT_ONE_OR_MORE_GATES_FAILED|HISTORICAL_SAMPLE_GATE_FAILED,NWR_OUTCOME_COLUMNS_V3_RC1,N/A,N/A,N/A,N/A,N/A,N/A,N/A,N/A,N/A,N/A,N/A,N/A,Not enough information,3.1%,5.4%,4.6%,17.0%,Not enough information,Not enough information,24.7%,29.1%,20.5%,58.3%,86.4%,28.6%,24.7%,35.8%,29.1%,58.3%,Not enough information,4.0%,1.9%,Not enough information,Not enough information,11.0%,Not enough information,N/A,N/A,N/A,N/A,N/A,N/A,N/A,N/A,N/A,N/A,N/A,N/A,N/A,N/A,N/A,N/A,N/A,N/A,N/A,N/A,N/A,N/A,N/A,N/A,N/A,N/A,N/A,N/A,N/A,N/A,N/A,N/A,N/A,N/A,N/A,N/A
12517,00-0040126,Colston Loveland,TE,,118,insufficient,OUTCOME_V3_BLOCKED_WEAK_CALIBRATION|OUTCOME_V3_KEEP_CURRENT_BASELINE,119-769 labeled rows,Not enough information,rookie or prospect lacks admitted 2025 NFL feature evidence,,BASELINE_WEAK_AND_NO_CHALLENGER_PASSED_ALL_GATES|CURRENT_BASELINE_RETAINED,NWR_OUTCOME_COLUMNS_V3_RC1,N/A,N/A,N/A,N/A,N/A,N/A,N/A,N/A,N/A,N/A,N/A,N/A,N/A,N/A,N/A,N/A,N/A,N/A,N/A,N/A,N/A,N/A,N/A,N/A,N/A,N/A,N/A,N/A,N/A,N/A,N/A,N/A,N/A,N/A,N/A,N/A,Not enough information,Not enough information,Not enough information,Not enough information,Not enough information,Not enough information,Not enough information,Not enough information,Not enough information,Not enough information,Not enough information,Not enough information,N/A,N/A,N/A,N/A,N/A,N/A,N/A,N/A,N/A,N/A,N/A,N/A,N/A,N/A,N/A,N/A,N/A,N/A,N/A,N/A,N/A,N/A,N/A,N/A
11618,00-0039855,Jalen McMillan,WR,,119,complete,OUTCOME_V3_BLOCKED_LOW_SAMPLE|OUTCOME_V3_BLOCKED_WEAK_CALIBRATION|OUTCOME_V3_DIRECTIONALLY_BETTER_NOT_ADOPTED|OUTCOME_V3_KEEP_CURRENT_BASELINE|OUTCOME_V3_UPGRADE_ADMISSIBLE,208-1373 labeled rows,Higher historical support|Limited historical support|Moderate historical support|Not enough information,,0.012437156615260604,BASELINE_PROJECTION_OR_CURRENT_AUTHORITY_GATE_FAILED|BASELINE_WEAK_AND_NO_CHALLENGER_PASSED_ALL_GATES|CHALLENGER_PASSED_EVERY_FIELD_GATE|CURRENT_BASELINE_RETAINED|CURRENT_BASELINE_STRONGEST_OOF|DIRECTIONALLY_BETTER_BUT_ONE_OR_MORE_GATES_FAILED|HISTORICAL_SAMPLE_GATE_FAILED,NWR_OUTCOME_COLUMNS_V3_RC1,N/A,N/A,N/A,N/A,N/A,N/A,N/A,N/A,N/A,N/A,N/A,N/A,N/A,N/A,N/A,N/A,N/A,N/A,N/A,N/A,N/A,N/A,N/A,N/A,N/A,N/A,N/A,N/A,N/A,N/A,N/A,N/A,N/A,N/A,N/A,N/A,N/A,N/A,N/A,N/A,N/A,N/A,N/A,N/A,N/A,N/A,N/A,N/A,1.5%,1.0%,3.2%,Not enough information,4.6%,Not enough information,2.9%,Not enough information,4.4%,Not enough information,10.8%,Not enough information,3.4%,Not enough information,4.4%,Not enough information,14.7%,44.3%,1.0%,1.0%,Not enough information,Not enough information,3.3%,18.3%
12484,00-0040130,Jayden Higgins,WR,,120,insufficient,OUTCOME_V3_BLOCKED_LOW_SAMPLE|OUTCOME_V3_BLOCKED_WEAK_CALIBRATION|OUTCOME_V3_DIRECTIONALLY_BETTER_NOT_ADOPTED|OUTCOME_V3_KEEP_CURRENT_BASELINE|OUTCOME_V3_UPGRADE_ADMISSIBLE,208-1373 labeled rows,Not enough information,rookie or prospect lacks admitted 2025 NFL feature evidence,,BASELINE_PROJECTION_OR_CURRENT_AUTHORITY_GATE_FAILED|BASELINE_WEAK_AND_NO_CHALLENGER_PASSED_ALL_GATES|CHALLENGER_PASSED_EVERY_FIELD_GATE|CURRENT_BASELINE_RETAINED|CURRENT_BASELINE_STRONGEST_OOF|DIRECTIONALLY_BETTER_BUT_ONE_OR_MORE_GATES_FAILED|HISTORICAL_SAMPLE_GATE_FAILED,NWR_OUTCOME_COLUMNS_V3_RC1,N/A,N/A,N/A,N/A,N/A,N/A,N/A,N/A,N/A,N/A,N/A,N/A,N/A,N/A,N/A,N/A,N/A,N/A,N/A,N/A,N/A,N/A,N/A,N/A,N/A,N/A,N/A,N/A,N/A,N/A,N/A,N/A,N/A,N/A,N/A,N/A,N/A,N/A,N/A,N/A,N/A,N/A,N/A,N/A,N/A,N/A,N/A,N/A,Not enough information,Not enough information,Not enough information,Not enough information,Not enough information,Not enough information,Not enough information,Not enough information,Not enough information,Not enough information,Not enough information,Not enough information,Not enough information,Not enough information,Not enough information,Not enough information,Not enough information,Not enough information,Not enough information,Not enough information,Not enough information,Not enough information,Not enough information,Not enough information
5892,00-0035685,David Montgomery,RB,,121,complete,OUTCOME_V3_BLOCKED_LOW_SAMPLE|OUTCOME_V3_BLOCKED_WEAK_CALIBRATION|OUTCOME_V3_DIRECTIONALLY_BETTER_NOT_ADOPTED|OUTCOME_V3_KEEP_CURRENT_BASELINE|OUTCOME_V3_UPGRADE_ADMISSIBLE,95-892 labeled rows,Higher historical support|Limited historical support|Moderate historical support|Not enough information,,0.0,BASELINE_PROJECTION_OR_CURRENT_AUTHORITY_GATE_FAILED|BASELINE_WEAK_AND_NO_CHALLENGER_PASSED_ALL_GATES|CHALLENGER_PASSED_EVERY_FIELD_GATE|CURRENT_BASELINE_RETAINED|DIRECTIONALLY_BETTER_BUT_ONE_OR_MORE_GATES_FAILED|HISTORICAL_SAMPLE_GATE_FAILED,NWR_OUTCOME_COLUMNS_V3_RC1,N/A,N/A,N/A,N/A,N/A,N/A,N/A,N/A,N/A,N/A,N/A,N/A,Not enough information,12.6%,14.1%,16.6%,38.6%,Not enough information,Not enough information,24.7%,29.1%,20.5%,58.3%,86.4%,55.7%,80.6%,68.0%,52.0%,94.4%,Not enough information,4.0%,1.9%,Not enough information,Not enough information,11.0%,Not enough information,N/A,N/A,N/A,N/A,N/A,N/A,N/A,N/A,N/A,N/A,N/A,N/A,N/A,N/A,N/A,N/A,N/A,N/A,N/A,N/A,N/A,N/A,N/A,N/A,N/A,N/A,N/A,N/A,N/A,N/A,N/A,N/A,N/A,N/A,N/A,N/A
12489,00-0040730,RJ Harvey,RB,,122,insufficient,OUTCOME_V3_BLOCKED_LOW_SAMPLE|OUTCOME_V3_BLOCKED_WEAK_CALIBRATION|OUTCOME_V3_DIRECTIONALLY_BETTER_NOT_ADOPTED|OUTCOME_V3_KEEP_CURRENT_BASELINE|OUTCOME_V3_UPGRADE_ADMISSIBLE,95-892 labeled rows,Not enough information,rookie or prospect lacks admitted 2025 NFL feature evidence,,BASELINE_PROJECTION_OR_CURRENT_AUTHORITY_GATE_FAILED|BASELINE_WEAK_AND_NO_CHALLENGER_PASSED_ALL_GATES|CHALLENGER_PASSED_EVERY_FIELD_GATE|CURRENT_BASELINE_RETAINED|DIRECTIONALLY_BETTER_BUT_ONE_OR_MORE_GATES_FAILED|HISTORICAL_SAMPLE_GATE_FAILED,NWR_OUTCOME_COLUMNS_V3_RC1,N/A,N/A,N/A,N/A,N/A,N/A,N/A,N/A,N/A,N/A,N/A,N/A,Not enough information,Not enough information,Not enough information,Not enough information,Not enough information,Not enough information,Not enough information,Not enough information,Not enough information,Not enough information,Not enough information,Not enough information,Not enough information,Not enough information,Not enough information,Not enough information,Not enough information,Not enough information,Not enough information,Not enough information,Not enough information,Not enough information,Not enough information,Not enough information,N/A,N/A,N/A,N/A,N/A,N/A,N/A,N/A,N/A,N/A,N/A,N/A,N/A,N/A,N/A,N/A,N/A,N/A,N/A,N/A,N/A,N/A,N/A,N/A,N/A,N/A,N/A,N/A,N/A,N/A,N/A,N/A,N/A,N/A,N/A,N/A
10226,00-0038619,Andrei Iosivas,WR,,123,complete,OUTCOME_V3_BLOCKED_LOW_SAMPLE|OUTCOME_V3_BLOCKED_WEAK_CALIBRATION|OUTCOME_V3_DIRECTIONALLY_BETTER_NOT_ADOPTED|OUTCOME_V3_KEEP_CURRENT_BASELINE|OUTCOME_V3_UPGRADE_ADMISSIBLE,208-1373 labeled rows,Higher historical support|Limited historical support|Moderate historical support|Not enough information,,0.012437156615260604,BASELINE_PROJECTION_OR_CURRENT_AUTHORITY_GATE_FAILED|BASELINE_WEAK_AND_NO_CHALLENGER_PASSED_ALL_GATES|CHALLENGER_PASSED_EVERY_FIELD_GATE|CURRENT_BASELINE_RETAINED|CURRENT_BASELINE_STRONGEST_OOF|DIRECTIONALLY_BETTER_BUT_ONE_OR_MORE_GATES_FAILED|HISTORICAL_SAMPLE_GATE_FAILED,NWR_OUTCOME_COLUMNS_V3_RC1,N/A,N/A,N/A,N/A,N/A,N/A,N/A,N/A,N/A,N/A,N/A,N/A,N/A,N/A,N/A,N/A,N/A,N/A,N/A,N/A,N/A,N/A,N/A,N/A,N/A,N/A,N/A,N/A,N/A,N/A,N/A,N/A,N/A,N/A,N/A,N/A,N/A,N/A,N/A,N/A,N/A,N/A,N/A,N/A,N/A,N/A,N/A,N/A,1.5%,1.0%,3.2%,Not enough information,4.6%,Not enough information,2.9%,Not enough information,4.4%,Not enough information,10.8%,Not enough information,12.1%,Not enough information,13.4%,Not enough information,36.4%,67.0%,1.0%,1.0%,Not enough information,Not enough information,3.3%,18.3%
1479,00-0030279,Keenan Allen,WR,,124,complete,OUTCOME_V3_BLOCKED_LOW_SAMPLE|OUTCOME_V3_BLOCKED_WEAK_CALIBRATION|OUTCOME_V3_DIRECTIONALLY_BETTER_NOT_ADOPTED|OUTCOME_V3_KEEP_CURRENT_BASELINE|OUTCOME_V3_UPGRADE_ADMISSIBLE,208-1373 labeled rows,Higher historical support|Limited historical support|Moderate historical support|Not enough information,,0.012437156615260604,BASELINE_PROJECTION_OR_CURRENT_AUTHORITY_GATE_FAILED|BASELINE_WEAK_AND_NO_CHALLENGER_PASSED_ALL_GATES|CHALLENGER_PASSED_EVERY_FIELD_GATE|CURRENT_BASELINE_RETAINED|CURRENT_BASELINE_STRONGEST_OOF|DIRECTIONALLY_BETTER_BUT_ONE_OR_MORE_GATES_FAILED|HISTORICAL_SAMPLE_GATE_FAILED,NWR_OUTCOME_COLUMNS_V3_RC1,N/A,N/A,N/A,N/A,N/A,N/A,N/A,N/A,N/A,N/A,N/A,N/A,N/A,N/A,N/A,N/A,N/A,N/A,N/A,N/A,N/A,N/A,N/A,N/A,N/A,N/A,N/A,N/A,N/A,N/A,N/A,N/A,N/A,N/A,N/A,N/A,N/A,N/A,N/A,N/A,N/A,N/A,N/A,N/A,N/A,N/A,N/A,N/A,1.5%,1.0%,3.2%,Not enough information,4.6%,Not enough information,22.5%,Not enough information,24.5%,Not enough information,51.0%,Not enough information,22.5%,Not enough information,25.1%,Not enough information,53.4%,80.3%,1.0%,1.0%,Not enough information,Not enough information,3.3%,18.3%
12493,00-0040189,Oronde Gadsden,TE,,125,insufficient,OUTCOME_V3_BLOCKED_WEAK_CALIBRATION|OUTCOME_V3_KEEP_CURRENT_BASELINE,119-769 labeled rows,Not enough information,rookie or prospect lacks admitted 2025 NFL feature evidence,,BASELINE_WEAK_AND_NO_CHALLENGER_PASSED_ALL_GATES|CURRENT_BASELINE_RETAINED,NWR_OUTCOME_COLUMNS_V3_RC1,N/A,N/A,N/A,N/A,N/A,N/A,N/A,N/A,N/A,N/A,N/A,N/A,N/A,N/A,N/A,N/A,N/A,N/A,N/A,N/A,N/A,N/A,N/A,N/A,N/A,N/A,N/A,N/A,N/A,N/A,N/A,N/A,N/A,N/A,N/A,N/A,Not enough information,Not enough information,Not enough information,Not enough information,Not enough information,Not enough information,Not enough information,Not enough information,Not enough information,Not enough information,Not enough information,Not enough information,N/A,N/A,N/A,N/A,N/A,N/A,N/A,N/A,N/A,N/A,N/A,N/A,N/A,N/A,N/A,N/A,N/A,N/A,N/A,N/A,N/A,N/A,N/A,N/A
12474,00-0040583,Woody Marks,RB,,126,insufficient,OUTCOME_V3_BLOCKED_LOW_SAMPLE|OUTCOME_V3_BLOCKED_WEAK_CALIBRATION|OUTCOME_V3_DIRECTIONALLY_BETTER_NOT_ADOPTED|OUTCOME_V3_KEEP_CURRENT_BASELINE|OUTCOME_V3_UPGRADE_ADMISSIBLE,95-892 labeled rows,Not enough information,rookie or prospect lacks admitted 2025 NFL feature evidence,,BASELINE_PROJECTION_OR_CURRENT_AUTHORITY_GATE_FAILED|BASELINE_WEAK_AND_NO_CHALLENGER_PASSED_ALL_GATES|CHALLENGER_PASSED_EVERY_FIELD_GATE|CURRENT_BASELINE_RETAINED|DIRECTIONALLY_BETTER_BUT_ONE_OR_MORE_GATES_FAILED|HISTORICAL_SAMPLE_GATE_FAILED,NWR_OUTCOME_COLUMNS_V3_RC1,N/A,N/A,N/A,N/A,N/A,N/A,N/A,N/A,N/A,N/A,N/A,N/A,Not enough information,Not enough information,Not enough information,Not enough information,Not enough information,Not enough information,Not enough information,Not enough information,Not enough information,Not enough information,Not enough information,Not enough information,Not enough information,Not enough information,Not enough information,Not enough information,Not enough information,Not enough information,Not enough information,Not enough information,Not enough information,Not enough information,Not enough information,Not enough information,N/A,N/A,N/A,N/A,N/A,N/A,N/A,N/A,N/A,N/A,N/A,N/A,N/A,N/A,N/A,N/A,N/A,N/A,N/A,N/A,N/A,N/A,N/A,N/A,N/A,N/A,N/A,N/A,N/A,N/A,N/A,N/A,N/A,N/A,N/A,N/A
8136,00-0037256,Rachaad White,RB,,127,complete,OUTCOME_V3_BLOCKED_LOW_SAMPLE|OUTCOME_V3_BLOCKED_WEAK_CALIBRATION|OUTCOME_V3_DIRECTIONALLY_BETTER_NOT_ADOPTED|OUTCOME_V3_KEEP_CURRENT_BASELINE|OUTCOME_V3_UPGRADE_ADMISSIBLE,95-892 labeled rows,Higher historical support|Limited historical support|Moderate historical support|Not enough information,,0.24967320261437914,BASELINE_PROJECTION_OR_CURRENT_AUTHORITY_GATE_FAILED|BASELINE_WEAK_AND_NO_CHALLENGER_PASSED_ALL_GATES|CHALLENGER_PASSED_EVERY_FIELD_GATE|CURRENT_BASELINE_RETAINED|DIRECTIONALLY_BETTER_BUT_ONE_OR_MORE_GATES_FAILED|HISTORICAL_SAMPLE_GATE_FAILED,NWR_OUTCOME_COLUMNS_V3_RC1,N/A,N/A,N/A,N/A,N/A,N/A,N/A,N/A,N/A,N/A,N/A,N/A,Not enough information,3.1%,5.4%,4.6%,17.0%,Not enough information,Not enough information,24.7%,29.1%,20.5%,58.3%,86.4%,28.6%,24.7%,35.8%,29.1%,58.3%,Not enough information,4.0%,1.9%,Not enough information,Not enough information,11.0%,Not enough information,N/A,N/A,N/A,N/A,N/A,N/A,N/A,N/A,N/A,N/A,N/A,N/A,N/A,N/A,N/A,N/A,N/A,N/A,N/A,N/A,N/A,N/A,N/A,N/A,N/A,N/A,N/A,N/A,N/A,N/A,N/A,N/A,N/A,N/A,N/A,N/A
12501,00-0040667,Matthew Golden,WR,,128,insufficient,OUTCOME_V3_BLOCKED_LOW_SAMPLE|OUTCOME_V3_BLOCKED_WEAK_CALIBRATION|OUTCOME_V3_DIRECTIONALLY_BETTER_NOT_ADOPTED|OUTCOME_V3_KEEP_CURRENT_BASELINE|OUTCOME_V3_UPGRADE_ADMISSIBLE,208-1373 labeled rows,Not enough information,rookie or prospect lacks admitted 2025 NFL feature evidence,,BASELINE_PROJECTION_OR_CURRENT_AUTHORITY_GATE_FAILED|BASELINE_WEAK_AND_NO_CHALLENGER_PASSED_ALL_GATES|CHALLENGER_PASSED_EVERY_FIELD_GATE|CURRENT_BASELINE_RETAINED|CURRENT_BASELINE_STRONGEST_OOF|DIRECTIONALLY_BETTER_BUT_ONE_OR_MORE_GATES_FAILED|HISTORICAL_SAMPLE_GATE_FAILED,NWR_OUTCOME_COLUMNS_V3_RC1,N/A,N/A,N/A,N/A,N/A,N/A,N/A,N/A,N/A,N/A,N/A,N/A,N/A,N/A,N/A,N/A,N/A,N/A,N/A,N/A,N/A,N/A,N/A,N/A,N/A,N/A,N/A,N/A,N/A,N/A,N/A,N/A,N/A,N/A,N/A,N/A,N/A,N/A,N/A,N/A,N/A,N/A,N/A,N/A,N/A,N/A,N/A,N/A,Not enough information,Not enough information,Not enough information,Not enough information,Not enough information,Not enough information,Not enough information,Not enough information,Not enough information,Not enough information,Not enough information,Not enough information,Not enough information,Not enough information,Not enough information,Not enough information,Not enough information,Not enough information,Not enough information,Not enough information,Not enough information,Not enough information,Not enough information,Not enough information
12530,00-0040718,Travis Hunter,WR,,129,insufficient,OUTCOME_V3_BLOCKED_LOW_SAMPLE|OUTCOME_V3_BLOCKED_WEAK_CALIBRATION|OUTCOME_V3_DIRECTIONALLY_BETTER_NOT_ADOPTED|OUTCOME_V3_KEEP_CURRENT_BASELINE|OUTCOME_V3_UPGRADE_ADMISSIBLE,208-1373 labeled rows,Not enough information,rookie or prospect lacks admitted 2025 NFL feature evidence,,BASELINE_PROJECTION_OR_CURRENT_AUTHORITY_GATE_FAILED|BASELINE_WEAK_AND_NO_CHALLENGER_PASSED_ALL_GATES|CHALLENGER_PASSED_EVERY_FIELD_GATE|CURRENT_BASELINE_RETAINED|CURRENT_BASELINE_STRONGEST_OOF|DIRECTIONALLY_BETTER_BUT_ONE_OR_MORE_GATES_FAILED|HISTORICAL_SAMPLE_GATE_FAILED,NWR_OUTCOME_COLUMNS_V3_RC1,N/A,N/A,N/A,N/A,N/A,N/A,N/A,N/A,N/A,N/A,N/A,N/A,N/A,N/A,N/A,N/A,N/A,N/A,N/A,N/A,N/A,N/A,N/A,N/A,N/A,N/A,N/A,N/A,N/A,N/A,N/A,N/A,N/A,N/A,N/A,N/A,N/A,N/A,N/A,N/A,N/A,N/A,N/A,N/A,N/A,N/A,N/A,N/A,Not enough information,Not enough information,Not enough information,Not enough information,Not enough information,Not enough information,Not enough information,Not enough information,Not enough information,Not enough information,Not enough information,Not enough information,Not enough information,Not enough information,Not enough information,Not enough information,Not enough information,Not enough information,Not enough information,Not enough information,Not enough information,Not enough information,Not enough information,Not enough information
2216,00-0031408,Mike Evans,WR,,130,complete,OUTCOME_V3_BLOCKED_LOW_SAMPLE|OUTCOME_V3_BLOCKED_WEAK_CALIBRATION|OUTCOME_V3_DIRECTIONALLY_BETTER_NOT_ADOPTED|OUTCOME_V3_KEEP_CURRENT_BASELINE|OUTCOME_V3_UPGRADE_ADMISSIBLE,208-1373 labeled rows,Higher historical support|Limited historical support|Moderate historical support|Not enough information,,0.012437156615260604,BASELINE_PROJECTION_OR_CURRENT_AUTHORITY_GATE_FAILED|BASELINE_WEAK_AND_NO_CHALLENGER_PASSED_ALL_GATES|CHALLENGER_PASSED_EVERY_FIELD_GATE|CURRENT_BASELINE_RETAINED|CURRENT_BASELINE_STRONGEST_OOF|DIRECTIONALLY_BETTER_BUT_ONE_OR_MORE_GATES_FAILED|HISTORICAL_SAMPLE_GATE_FAILED,NWR_OUTCOME_COLUMNS_V3_RC1,N/A,N/A,N/A,N/A,N/A,N/A,N/A,N/A,N/A,N/A,N/A,N/A,N/A,N/A,N/A,N/A,N/A,N/A,N/A,N/A,N/A,N/A,N/A,N/A,N/A,N/A,N/A,N/A,N/A,N/A,N/A,N/A,N/A,N/A,N/A,N/A,N/A,N/A,N/A,N/A,N/A,N/A,N/A,N/A,N/A,N/A,N/A,N/A,1.5%,1.0%,3.2%,Not enough information,4.6%,Not enough information,2.9%,Not enough information,4.4%,Not enough information,10.8%,Not enough information,12.1%,Not enough information,13.4%,Not enough information,36.4%,67.0%,1.0%,1.0%,Not enough information,Not enough information,3.3%,18.3%
4892,00-0034855,Baker Mayfield,QB,,131,complete,OUTCOME_V3_BLOCKED_LOW_SAMPLE|OUTCOME_V3_BLOCKED_WEAK_CALIBRATION|OUTCOME_V3_DIRECTIONALLY_BETTER_NOT_ADOPTED|OUTCOME_V3_KEEP_CURRENT_BASELINE,100-475 labeled rows,Limited historical support|Moderate historical support|Not enough information,,0.0,BASELINE_PROJECTION_OR_CURRENT_AUTHORITY_GATE_FAILED|BASELINE_WEAK_AND_NO_CHALLENGER_PASSED_ALL_GATES|CURRENT_BASELINE_RETAINED|DIRECTIONALLY_BETTER_BUT_ONE_OR_MORE_GATES_FAILED|HISTORICAL_SAMPLE_GATE_FAILED,NWR_OUTCOME_COLUMNS_V3_RC1,53.2%,Not enough information,Not enough information,Not enough information,84.7%,92.8%,19.4%,Not enough information,Not enough information,Not enough information,Not enough information,70.2%,N/A,N/A,N/A,N/A,N/A,N/A,N/A,N/A,N/A,N/A,N/A,N/A,N/A,N/A,N/A,N/A,N/A,N/A,N/A,N/A,N/A,N/A,N/A,N/A,N/A,N/A,N/A,N/A,N/A,N/A,N/A,N/A,N/A,N/A,N/A,N/A,N/A,N/A,N/A,N/A,N/A,N/A,N/A,N/A,N/A,N/A,N/A,N/A,N/A,N/A,N/A,N/A,N/A,N/A,N/A,N/A,N/A,N/A,N/A,N/A
4950,00-0034775,Christian Kirk,WR,,132,complete,OUTCOME_V3_BLOCKED_LOW_SAMPLE|OUTCOME_V3_BLOCKED_WEAK_CALIBRATION|OUTCOME_V3_DIRECTIONALLY_BETTER_NOT_ADOPTED|OUTCOME_V3_KEEP_CURRENT_BASELINE|OUTCOME_V3_UPGRADE_ADMISSIBLE,208-1373 labeled rows,Higher historical support|Limited historical support|Moderate historical support|Not enough information,,0.012437156615260604,BASELINE_PROJECTION_OR_CURRENT_AUTHORITY_GATE_FAILED|BASELINE_WEAK_AND_NO_CHALLENGER_PASSED_ALL_GATES|CHALLENGER_PASSED_EVERY_FIELD_GATE|CURRENT_BASELINE_RETAINED|CURRENT_BASELINE_STRONGEST_OOF|DIRECTIONALLY_BETTER_BUT_ONE_OR_MORE_GATES_FAILED|HISTORICAL_SAMPLE_GATE_FAILED,NWR_OUTCOME_COLUMNS_V3_RC1,N/A,N/A,N/A,N/A,N/A,N/A,N/A,N/A,N/A,N/A,N/A,N/A,N/A,N/A,N/A,N/A,N/A,N/A,N/A,N/A,N/A,N/A,N/A,N/A,N/A,N/A,N/A,N/A,N/A,N/A,N/A,N/A,N/A,N/A,N/A,N/A,N/A,N/A,N/A,N/A,N/A,N/A,N/A,N/A,N/A,N/A,N/A,N/A,1.5%,1.0%,3.2%,Not enough information,4.6%,Not enough information,2.9%,Not enough information,4.4%,Not enough information,10.8%,Not enough information,3.4%,Not enough information,4.4%,Not enough information,14.7%,44.3%,1.0%,1.0%,Not enough information,Not enough information,3.3%,18.3%
11834,00-0039424,Devaughn Vele,WR,,133,complete,OUTCOME_V3_BLOCKED_LOW_SAMPLE|OUTCOME_V3_BLOCKED_WEAK_CALIBRATION|OUTCOME_V3_DIRECTIONALLY_BETTER_NOT_ADOPTED|OUTCOME_V3_KEEP_CURRENT_BASELINE|OUTCOME_V3_UPGRADE_ADMISSIBLE,208-1373 labeled rows,Higher historical support|Limited historical support|Moderate historical support|Not enough information,,0.012437156615260604,BASELINE_PROJECTION_OR_CURRENT_AUTHORITY_GATE_FAILED|BASELINE_WEAK_AND_NO_CHALLENGER_PASSED_ALL_GATES|CHALLENGER_PASSED_EVERY_FIELD_GATE|CURRENT_BASELINE_RETAINED|CURRENT_BASELINE_STRONGEST_OOF|DIRECTIONALLY_BETTER_BUT_ONE_OR_MORE_GATES_FAILED|HISTORICAL_SAMPLE_GATE_FAILED,NWR_OUTCOME_COLUMNS_V3_RC1,N/A,N/A,N/A,N/A,N/A,N/A,N/A,N/A,N/A,N/A,N/A,N/A,N/A,N/A,N/A,N/A,N/A,N/A,N/A,N/A,N/A,N/A,N/A,N/A,N/A,N/A,N/A,N/A,N/A,N/A,N/A,N/A,N/A,N/A,N/A,N/A,N/A,N/A,N/A,N/A,N/A,N/A,N/A,N/A,N/A,N/A,N/A,N/A,1.5%,1.0%,3.2%,Not enough information,4.6%,Not enough information,2.9%,Not enough information,4.4%,Not enough information,10.8%,Not enough information,12.1%,Not enough information,13.4%,Not enough information,36.4%,67.0%,1.0%,1.0%,Not enough information,Not enough information,3.3%,18.3%
12507,00-0040666,Omarion Hampton,RB,,134,insufficient,OUTCOME_V3_BLOCKED_LOW_SAMPLE|OUTCOME_V3_BLOCKED_WEAK_CALIBRATION|OUTCOME_V3_DIRECTIONALLY_BETTER_NOT_ADOPTED|OUTCOME_V3_KEEP_CURRENT_BASELINE|OUTCOME_V3_UPGRADE_ADMISSIBLE,95-892 labeled rows,Not enough information,rookie or prospect lacks admitted 2025 NFL feature evidence,,BASELINE_PROJECTION_OR_CURRENT_AUTHORITY_GATE_FAILED|BASELINE_WEAK_AND_NO_CHALLENGER_PASSED_ALL_GATES|CHALLENGER_PASSED_EVERY_FIELD_GATE|CURRENT_BASELINE_RETAINED|DIRECTIONALLY_BETTER_BUT_ONE_OR_MORE_GATES_FAILED|HISTORICAL_SAMPLE_GATE_FAILED,NWR_OUTCOME_COLUMNS_V3_RC1,N/A,N/A,N/A,N/A,N/A,N/A,N/A,N/A,N/A,N/A,N/A,N/A,Not enough information,Not enough information,Not enough information,Not enough information,Not enough information,Not enough information,Not enough information,Not enough information,Not enough information,Not enough information,Not enough information,Not enough information,Not enough information,Not enough information,Not enough information,Not enough information,Not enough information,Not enough information,Not enough information,Not enough information,Not enough information,Not enough information,Not enough information,Not enough information,N/A,N/A,N/A,N/A,N/A,N/A,N/A,N/A,N/A,N/A,N/A,N/A,N/A,N/A,N/A,N/A,N/A,N/A,N/A,N/A,N/A,N/A,N/A,N/A,N/A,N/A,N/A,N/A,N/A,N/A,N/A,N/A,N/A,N/A,N/A,N/A
9508,00-0039032,Tyjae Spears,RB,,135,complete,OUTCOME_V3_BLOCKED_LOW_SAMPLE|OUTCOME_V3_BLOCKED_WEAK_CALIBRATION|OUTCOME_V3_DIRECTIONALLY_BETTER_NOT_ADOPTED|OUTCOME_V3_KEEP_CURRENT_BASELINE|OUTCOME_V3_UPGRADE_ADMISSIBLE,95-892 labeled rows,Higher historical support|Limited historical support|Moderate historical support|Not enough information,,0.07338086749851458,BASELINE_PROJECTION_OR_CURRENT_AUTHORITY_GATE_FAILED|BASELINE_WEAK_AND_NO_CHALLENGER_PASSED_ALL_GATES|CHALLENGER_PASSED_EVERY_FIELD_GATE|CURRENT_BASELINE_RETAINED|DIRECTIONALLY_BETTER_BUT_ONE_OR_MORE_GATES_FAILED|HISTORICAL_SAMPLE_GATE_FAILED,NWR_OUTCOME_COLUMNS_V3_RC1,N/A,N/A,N/A,N/A,N/A,N/A,N/A,N/A,N/A,N/A,N/A,N/A,Not enough information,3.1%,5.4%,4.6%,17.0%,Not enough information,Not enough information,6.7%,14.5%,16.9%,40.7%,73.8%,28.6%,16.7%,35.8%,29.1%,40.7%,Not enough information,4.0%,1.9%,Not enough information,Not enough information,11.0%,Not enough information,N/A,N/A,N/A,N/A,N/A,N/A,N/A,N/A,N/A,N/A,N/A,N/A,N/A,N/A,N/A,N/A,N/A,N/A,N/A,N/A,N/A,N/A,N/A,N/A,N/A,N/A,N/A,N/A,N/A,N/A,N/A,N/A,N/A,N/A,N/A,N/A
12541,00-0040581,Dont'e Thornton,WR,,136,insufficient,OUTCOME_V3_BLOCKED_LOW_SAMPLE|OUTCOME_V3_BLOCKED_WEAK_CALIBRATION|OUTCOME_V3_DIRECTIONALLY_BETTER_NOT_ADOPTED|OUTCOME_V3_KEEP_CURRENT_BASELINE|OUTCOME_V3_UPGRADE_ADMISSIBLE,208-1373 labeled rows,Not enough information,rookie or prospect lacks admitted 2025 NFL feature evidence,,BASELINE_PROJECTION_OR_CURRENT_AUTHORITY_GATE_FAILED|BASELINE_WEAK_AND_NO_CHALLENGER_PASSED_ALL_GATES|CHALLENGER_PASSED_EVERY_FIELD_GATE|CURRENT_BASELINE_RETAINED|CURRENT_BASELINE_STRONGEST_OOF|DIRECTIONALLY_BETTER_BUT_ONE_OR_MORE_GATES_FAILED|HISTORICAL_SAMPLE_GATE_FAILED,NWR_OUTCOME_COLUMNS_V3_RC1,N/A,N/A,N/A,N/A,N/A,N/A,N/A,N/A,N/A,N/A,N/A,N/A,N/A,N/A,N/A,N/A,N/A,N/A,N/A,N/A,N/A,N/A,N/A,N/A,N/A,N/A,N/A,N/A,N/A,N/A,N/A,N/A,N/A,N/A,N/A,N/A,N/A,N/A,N/A,N/A,N/A,N/A,N/A,N/A,N/A,N/A,N/A,N/A,Not enough information,Not enough information,Not enough information,Not enough information,Not enough information,Not enough information,Not enough information,Not enough information,Not enough information,Not enough information,Not enough information,Not enough information,Not enough information,Not enough information,Not enough information,Not enough information,Not enough information,Not enough information,Not enough information,Not enough information,Not enough information,Not enough information,Not enough information,Not enough information
12492,00-0040134,Pat Bryant,WR,,137,insufficient,OUTCOME_V3_BLOCKED_LOW_SAMPLE|OUTCOME_V3_BLOCKED_WEAK_CALIBRATION|OUTCOME_V3_DIRECTIONALLY_BETTER_NOT_ADOPTED|OUTCOME_V3_KEEP_CURRENT_BASELINE|OUTCOME_V3_UPGRADE_ADMISSIBLE,208-1373 labeled rows,Not enough information,rookie or prospect lacks admitted 2025 NFL feature evidence,,BASELINE_PROJECTION_OR_CURRENT_AUTHORITY_GATE_FAILED|BASELINE_WEAK_AND_NO_CHALLENGER_PASSED_ALL_GATES|CHALLENGER_PASSED_EVERY_FIELD_GATE|CURRENT_BASELINE_RETAINED|CURRENT_BASELINE_STRONGEST_OOF|DIRECTIONALLY_BETTER_BUT_ONE_OR_MORE_GATES_FAILED|HISTORICAL_SAMPLE_GATE_FAILED,NWR_OUTCOME_COLUMNS_V3_RC1,N/A,N/A,N/A,N/A,N/A,N/A,N/A,N/A,N/A,N/A,N/A,N/A,N/A,N/A,N/A,N/A,N/A,N/A,N/A,N/A,N/A,N/A,N/A,N/A,N/A,N/A,N/A,N/A,N/A,N/A,N/A,N/A,N/A,N/A,N/A,N/A,N/A,N/A,N/A,N/A,N/A,N/A,N/A,N/A,N/A,N/A,N/A,N/A,Not enough information,Not enough information,Not enough information,Not enough information,Not enough information,Not enough information,Not enough information,Not enough information,Not enough information,Not enough information,Not enough information,Not enough information,Not enough information,Not enough information,Not enough information,Not enough information,Not enough information,Not enough information,Not enough information,Not enough information,Not enough information,Not enough information,Not enough information,Not enough information
9494,00-0038976,Marvin Mims,WR,,138,complete,OUTCOME_V3_BLOCKED_LOW_SAMPLE|OUTCOME_V3_BLOCKED_WEAK_CALIBRATION|OUTCOME_V3_DIRECTIONALLY_BETTER_NOT_ADOPTED|OUTCOME_V3_KEEP_CURRENT_BASELINE|OUTCOME_V3_UPGRADE_ADMISSIBLE,208-1373 labeled rows,Higher historical support|Limited historical support|Moderate historical support|Not enough information,,0.012437156615260604,BASELINE_PROJECTION_OR_CURRENT_AUTHORITY_GATE_FAILED|BASELINE_WEAK_AND_NO_CHALLENGER_PASSED_ALL_GATES|CHALLENGER_PASSED_EVERY_FIELD_GATE|CURRENT_BASELINE_RETAINED|CURRENT_BASELINE_STRONGEST_OOF|DIRECTIONALLY_BETTER_BUT_ONE_OR_MORE_GATES_FAILED|HISTORICAL_SAMPLE_GATE_FAILED,NWR_OUTCOME_COLUMNS_V3_RC1,N/A,N/A,N/A,N/A,N/A,N/A,N/A,N/A,N/A,N/A,N/A,N/A,N/A,N/A,N/A,N/A,N/A,N/A,N/A,N/A,N/A,N/A,N/A,N/A,N/A,N/A,N/A,N/A,N/A,N/A,N/A,N/A,N/A,N/A,N/A,N/A,N/A,N/A,N/A,N/A,N/A,N/A,N/A,N/A,N/A,N/A,N/A,N/A,1.5%,1.0%,3.2%,Not enough information,4.6%,Not enough information,11.1%,Not enough information,10.2%,Not enough information,31.4%,Not enough information,21.6%,Not enough information,25.1%,Not enough information,53.4%,80.3%,1.0%,1.0%,Not enough information,Not enough information,3.3%,18.3%
12508,00-0040691,Jaxson Dart,QB,,139,insufficient,OUTCOME_V3_BLOCKED_LOW_SAMPLE|OUTCOME_V3_BLOCKED_WEAK_CALIBRATION|OUTCOME_V3_DIRECTIONALLY_BETTER_NOT_ADOPTED|OUTCOME_V3_KEEP_CURRENT_BASELINE,100-475 labeled rows,Not enough information,rookie or prospect lacks admitted 2025 NFL feature evidence,,BASELINE_PROJECTION_OR_CURRENT_AUTHORITY_GATE_FAILED|BASELINE_WEAK_AND_NO_CHALLENGER_PASSED_ALL_GATES|CURRENT_BASELINE_RETAINED|DIRECTIONALLY_BETTER_BUT_ONE_OR_MORE_GATES_FAILED|HISTORICAL_SAMPLE_GATE_FAILED,NWR_OUTCOME_COLUMNS_V3_RC1,Not enough information,Not enough information,Not enough information,Not enough information,Not enough information,Not enough information,Not enough information,Not enough information,Not enough information,Not enough information,Not enough information,Not enough information,N/A,N/A,N/A,N/A,N/A,N/A,N/A,N/A,N/A,N/A,N/A,N/A,N/A,N/A,N/A,N/A,N/A,N/A,N/A,N/A,N/A,N/A,N/A,N/A,N/A,N/A,N/A,N/A,N/A,N/A,N/A,N/A,N/A,N/A,N/A,N/A,N/A,N/A,N/A,N/A,N/A,N/A,N/A,N/A,N/A,N/A,N/A,N/A,N/A,N/A,N/A,N/A,N/A,N/A,N/A,N/A,N/A,N/A,N/A,N/A
4177,00-0033555,Mack Hollins,WR,,140,complete,OUTCOME_V3_BLOCKED_LOW_SAMPLE|OUTCOME_V3_BLOCKED_WEAK_CALIBRATION|OUTCOME_V3_DIRECTIONALLY_BETTER_NOT_ADOPTED|OUTCOME_V3_KEEP_CURRENT_BASELINE|OUTCOME_V3_UPGRADE_ADMISSIBLE,208-1373 labeled rows,Higher historical support|Limited historical support|Moderate historical support|Not enough information,,0.012437156615260604,BASELINE_PROJECTION_OR_CURRENT_AUTHORITY_GATE_FAILED|BASELINE_WEAK_AND_NO_CHALLENGER_PASSED_ALL_GATES|CHALLENGER_PASSED_EVERY_FIELD_GATE|CURRENT_BASELINE_RETAINED|CURRENT_BASELINE_STRONGEST_OOF|DIRECTIONALLY_BETTER_BUT_ONE_OR_MORE_GATES_FAILED|HISTORICAL_SAMPLE_GATE_FAILED,NWR_OUTCOME_COLUMNS_V3_RC1,N/A,N/A,N/A,N/A,N/A,N/A,N/A,N/A,N/A,N/A,N/A,N/A,N/A,N/A,N/A,N/A,N/A,N/A,N/A,N/A,N/A,N/A,N/A,N/A,N/A,N/A,N/A,N/A,N/A,N/A,N/A,N/A,N/A,N/A,N/A,N/A,N/A,N/A,N/A,N/A,N/A,N/A,N/A,N/A,N/A,N/A,N/A,N/A,1.5%,1.0%,3.2%,Not enough information,4.6%,Not enough information,11.1%,Not enough information,10.2%,Not enough information,31.4%,Not enough information,21.6%,Not enough information,25.1%,Not enough information,53.4%,80.3%,1.0%,1.0%,Not enough information,Not enough information,3.3%,18.3%
10859,00-0039065,Sam LaPorta,TE,,141,complete,OUTCOME_V3_BLOCKED_WEAK_CALIBRATION|OUTCOME_V3_KEEP_CURRENT_BASELINE,119-769 labeled rows,Limited historical support|Moderate historical support,,0.0,BASELINE_WEAK_AND_NO_CHALLENGER_PASSED_ALL_GATES|CURRENT_BASELINE_RETAINED,NWR_OUTCOME_COLUMNS_V3_RC1,N/A,N/A,N/A,N/A,N/A,N/A,N/A,N/A,N/A,N/A,N/A,N/A,N/A,N/A,N/A,N/A,N/A,N/A,N/A,N/A,N/A,N/A,N/A,N/A,N/A,N/A,N/A,N/A,N/A,N/A,N/A,N/A,N/A,N/A,N/A,N/A,12.8%,12.8%,13.2%,13.1%,37.9%,Not enough information,1.6%,1.0%,1.0%,1.0%,3.7%,12.5%,N/A,N/A,N/A,N/A,N/A,N/A,N/A,N/A,N/A,N/A,N/A,N/A,N/A,N/A,N/A,N/A,N/A,N/A,N/A,N/A,N/A,N/A,N/A,N/A
12481,00-0040715,Cam Skattebo,RB,,142,insufficient,OUTCOME_V3_BLOCKED_LOW_SAMPLE|OUTCOME_V3_BLOCKED_WEAK_CALIBRATION|OUTCOME_V3_DIRECTIONALLY_BETTER_NOT_ADOPTED|OUTCOME_V3_KEEP_CURRENT_BASELINE|OUTCOME_V3_UPGRADE_ADMISSIBLE,95-892 labeled rows,Not enough information,rookie or prospect lacks admitted 2025 NFL feature evidence,,BASELINE_PROJECTION_OR_CURRENT_AUTHORITY_GATE_FAILED|BASELINE_WEAK_AND_NO_CHALLENGER_PASSED_ALL_GATES|CHALLENGER_PASSED_EVERY_FIELD_GATE|CURRENT_BASELINE_RETAINED|DIRECTIONALLY_BETTER_BUT_ONE_OR_MORE_GATES_FAILED|HISTORICAL_SAMPLE_GATE_FAILED,NWR_OUTCOME_COLUMNS_V3_RC1,N/A,N/A,N/A,N/A,N/A,N/A,N/A,N/A,N/A,N/A,N/A,N/A,Not enough information,Not enough information,Not enough information,Not enough information,Not enough information,Not enough information,Not enough information,Not enough information,Not enough information,Not enough information,Not enough information,Not enough information,Not enough information,Not enough information,Not enough information,Not enough information,Not enough information,Not enough information,Not enough information,Not enough information,Not enough information,Not enough information,Not enough information,Not enough information,N/A,N/A,N/A,N/A,N/A,N/A,N/A,N/A,N/A,N/A,N/A,N/A,N/A,N/A,N/A,N/A,N/A,N/A,N/A,N/A,N/A,N/A,N/A,N/A,N/A,N/A,N/A,N/A,N/A,N/A,N/A,N/A,N/A,N/A,N/A,N/A
6804,00-0036264,Jordan Love,QB,,143,complete,OUTCOME_V3_BLOCKED_LOW_SAMPLE|OUTCOME_V3_BLOCKED_WEAK_CALIBRATION|OUTCOME_V3_DIRECTIONALLY_BETTER_NOT_ADOPTED|OUTCOME_V3_KEEP_CURRENT_BASELINE,100-475 labeled rows,Limited historical support|Moderate historical support|Not enough information,,0.0,BASELINE_PROJECTION_OR_CURRENT_AUTHORITY_GATE_FAILED|BASELINE_WEAK_AND_NO_CHALLENGER_PASSED_ALL_GATES|CURRENT_BASELINE_RETAINED|DIRECTIONALLY_BETTER_BUT_ONE_OR_MORE_GATES_FAILED|HISTORICAL_SAMPLE_GATE_FAILED,NWR_OUTCOME_COLUMNS_V3_RC1,23.6%,Not enough information,Not enough information,Not enough information,54.5%,69.5%,9.5%,Not enough information,Not enough information,Not enough information,Not enough information,47.9%,N/A,N/A,N/A,N/A,N/A,N/A,N/A,N/A,N/A,N/A,N/A,N/A,N/A,N/A,N/A,N/A,N/A,N/A,N/A,N/A,N/A,N/A,N/A,N/A,N/A,N/A,N/A,N/A,N/A,N/A,N/A,N/A,N/A,N/A,N/A,N/A,N/A,N/A,N/A,N/A,N/A,N/A,N/A,N/A,N/A,N/A,N/A,N/A,N/A,N/A,N/A,N/A,N/A,N/A,N/A,N/A,N/A,N/A,N/A,N/A
4881,00-0034796,Lamar Jackson,QB,,144,complete,OUTCOME_V3_BLOCKED_LOW_SAMPLE|OUTCOME_V3_BLOCKED_WEAK_CALIBRATION|OUTCOME_V3_DIRECTIONALLY_BETTER_NOT_ADOPTED|OUTCOME_V3_KEEP_CURRENT_BASELINE,100-475 labeled rows,Limited historical support|Moderate historical support|Not enough information,,0.0,BASELINE_PROJECTION_OR_CURRENT_AUTHORITY_GATE_FAILED|BASELINE_WEAK_AND_NO_CHALLENGER_PASSED_ALL_GATES|CURRENT_BASELINE_RETAINED|DIRECTIONALLY_BETTER_BUT_ONE_OR_MORE_GATES_FAILED|HISTORICAL_SAMPLE_GATE_FAILED,NWR_OUTCOME_COLUMNS_V3_RC1,23.6%,Not enough information,Not enough information,Not enough information,54.5%,69.5%,9.5%,Not enough information,Not enough information,Not enough information,Not enough information,47.9%,N/A,N/A,N/A,N/A,N/A,N/A,N/A,N/A,N/A,N/A,N/A,N/A,N/A,N/A,N/A,N/A,N/A,N/A,N/A,N/A,N/A,N/A,N/A,N/A,N/A,N/A,N/A,N/A,N/A,N/A,N/A,N/A,N/A,N/A,N/A,N/A,N/A,N/A,N/A,N/A,N/A,N/A,N/A,N/A,N/A,N/A,N/A,N/A,N/A,N/A,N/A,N/A,N/A,N/A,N/A,N/A,N/A,N/A,N/A,N/A
10236,00-0038933,Dalton Kincaid,TE,,145,complete,OUTCOME_V3_BLOCKED_WEAK_CALIBRATION|OUTCOME_V3_KEEP_CURRENT_BASELINE,119-769 labeled rows,Limited historical support|Moderate historical support,,0.0,BASELINE_WEAK_AND_NO_CHALLENGER_PASSED_ALL_GATES|CURRENT_BASELINE_RETAINED,NWR_OUTCOME_COLUMNS_V3_RC1,N/A,N/A,N/A,N/A,N/A,N/A,N/A,N/A,N/A,N/A,N/A,N/A,N/A,N/A,N/A,N/A,N/A,N/A,N/A,N/A,N/A,N/A,N/A,N/A,N/A,N/A,N/A,N/A,N/A,N/A,N/A,N/A,N/A,N/A,N/A,N/A,23.8%,25.9%,29.5%,18.8%,51.2%,Not enough information,18.8%,17.3%,21.3%,11.1%,38.2%,71.8%,N/A,N/A,N/A,N/A,N/A,N/A,N/A,N/A,N/A,N/A,N/A,N/A,N/A,N/A,N/A,N/A,N/A,N/A,N/A,N/A,N/A,N/A,N/A,N/A
4454,00-0033307,Kendrick Bourne,WR,,146,complete,OUTCOME_V3_BLOCKED_LOW_SAMPLE|OUTCOME_V3_BLOCKED_WEAK_CALIBRATION|OUTCOME_V3_DIRECTIONALLY_BETTER_NOT_ADOPTED|OUTCOME_V3_KEEP_CURRENT_BASELINE|OUTCOME_V3_UPGRADE_ADMISSIBLE,208-1373 labeled rows,Higher historical support|Limited historical support|Moderate historical support|Not enough information,,0.012437156615260604,BASELINE_PROJECTION_OR_CURRENT_AUTHORITY_GATE_FAILED|BASELINE_WEAK_AND_NO_CHALLENGER_PASSED_ALL_GATES|CHALLENGER_PASSED_EVERY_FIELD_GATE|CURRENT_BASELINE_RETAINED|CURRENT_BASELINE_STRONGEST_OOF|DIRECTIONALLY_BETTER_BUT_ONE_OR_MORE_GATES_FAILED|HISTORICAL_SAMPLE_GATE_FAILED,NWR_OUTCOME_COLUMNS_V3_RC1,N/A,N/A,N/A,N/A,N/A,N/A,N/A,N/A,N/A,N/A,N/A,N/A,N/A,N/A,N/A,N/A,N/A,N/A,N/A,N/A,N/A,N/A,N/A,N/A,N/A,N/A,N/A,N/A,N/A,N/A,N/A,N/A,N/A,N/A,N/A,N/A,N/A,N/A,N/A,N/A,N/A,N/A,N/A,N/A,N/A,N/A,N/A,N/A,1.5%,1.0%,3.2%,Not enough information,4.6%,Not enough information,11.1%,Not enough information,10.2%,Not enough information,31.4%,Not enough information,21.6%,Not enough information,25.1%,Not enough information,53.4%,80.3%,1.0%,1.0%,Not enough information,Not enough information,3.3%,18.3%
12503,00-0040782,Isaiah Bond,WR,,147,insufficient,OUTCOME_V3_BLOCKED_LOW_SAMPLE|OUTCOME_V3_BLOCKED_WEAK_CALIBRATION|OUTCOME_V3_DIRECTIONALLY_BETTER_NOT_ADOPTED|OUTCOME_V3_KEEP_CURRENT_BASELINE|OUTCOME_V3_UPGRADE_ADMISSIBLE,208-1373 labeled rows,Not enough information,rookie or prospect lacks admitted 2025 NFL feature evidence,,BASELINE_PROJECTION_OR_CURRENT_AUTHORITY_GATE_FAILED|BASELINE_WEAK_AND_NO_CHALLENGER_PASSED_ALL_GATES|CHALLENGER_PASSED_EVERY_FIELD_GATE|CURRENT_BASELINE_RETAINED|CURRENT_BASELINE_STRONGEST_OOF|DIRECTIONALLY_BETTER_BUT_ONE_OR_MORE_GATES_FAILED|HISTORICAL_SAMPLE_GATE_FAILED,NWR_OUTCOME_COLUMNS_V3_RC1,N/A,N/A,N/A,N/A,N/A,N/A,N/A,N/A,N/A,N/A,N/A,N/A,N/A,N/A,N/A,N/A,N/A,N/A,N/A,N/A,N/A,N/A,N/A,N/A,N/A,N/A,N/A,N/A,N/A,N/A,N/A,N/A,N/A,N/A,N/A,N/A,N/A,N/A,N/A,N/A,N/A,N/A,N/A,N/A,N/A,N/A,N/A,N/A,Not enough information,Not enough information,Not enough information,Not enough information,Not enough information,Not enough information,Not enough information,Not enough information,Not enough information,Not enough information,Not enough information,Not enough information,Not enough information,Not enough information,Not enough information,Not enough information,Not enough information,Not enough information,Not enough information,Not enough information,Not enough information,Not enough information,Not enough information,Not enough information
9758,00-0039163,C.J. Stroud,QB,,148,complete,OUTCOME_V3_BLOCKED_LOW_SAMPLE|OUTCOME_V3_BLOCKED_WEAK_CALIBRATION|OUTCOME_V3_DIRECTIONALLY_BETTER_NOT_ADOPTED|OUTCOME_V3_KEEP_CURRENT_BASELINE,100-475 labeled rows,Limited historical support|Moderate historical support|Not enough information,,0.0,BASELINE_PROJECTION_OR_CURRENT_AUTHORITY_GATE_FAILED|BASELINE_WEAK_AND_NO_CHALLENGER_PASSED_ALL_GATES|CURRENT_BASELINE_RETAINED|DIRECTIONALLY_BETTER_BUT_ONE_OR_MORE_GATES_FAILED|HISTORICAL_SAMPLE_GATE_FAILED,NWR_OUTCOME_COLUMNS_V3_RC1,23.6%,Not enough information,Not enough information,Not enough information,54.5%,69.5%,2.1%,Not enough information,Not enough information,Not enough information,Not enough information,21.7%,N/A,N/A,N/A,N/A,N/A,N/A,N/A,N/A,N/A,N/A,N/A,N/A,N/A,N/A,N/A,N/A,N/A,N/A,N/A,N/A,N/A,N/A,N/A,N/A,N/A,N/A,N/A,N/A,N/A,N/A,N/A,N/A,N/A,N/A,N/A,N/A,N/A,N/A,N/A,N/A,N/A,N/A,N/A,N/A,N/A,N/A,N/A,N/A,N/A,N/A,N/A,N/A,N/A,N/A,N/A,N/A,N/A,N/A,N/A,N/A
8111,00-0038129,Cade Otton,TE,,149,complete,OUTCOME_V3_BLOCKED_WEAK_CALIBRATION|OUTCOME_V3_KEEP_CURRENT_BASELINE,119-769 labeled rows,Limited historical support|Moderate historical support,,0.0,BASELINE_WEAK_AND_NO_CHALLENGER_PASSED_ALL_GATES|CURRENT_BASELINE_RETAINED,NWR_OUTCOME_COLUMNS_V3_RC1,N/A,N/A,N/A,N/A,N/A,N/A,N/A,N/A,N/A,N/A,N/A,N/A,N/A,N/A,N/A,N/A,N/A,N/A,N/A,N/A,N/A,N/A,N/A,N/A,N/A,N/A,N/A,N/A,N/A,N/A,N/A,N/A,N/A,N/A,N/A,N/A,12.8%,12.8%,13.2%,13.1%,37.9%,Not enough information,1.6%,1.0%,1.0%,1.0%,3.7%,12.5%,N/A,N/A,N/A,N/A,N/A,N/A,N/A,N/A,N/A,N/A,N/A,N/A,N/A,N/A,N/A,N/A,N/A,N/A,N/A,N/A,N/A,N/A,N/A,N/A
1466,00-0030506,Travis Kelce,TE,,150,complete,OUTCOME_V3_BLOCKED_WEAK_CALIBRATION|OUTCOME_V3_KEEP_CURRENT_BASELINE,119-769 labeled rows,Limited historical support|Moderate historical support,,0.0,BASELINE_WEAK_AND_NO_CHALLENGER_PASSED_ALL_GATES|CURRENT_BASELINE_RETAINED,NWR_OUTCOME_COLUMNS_V3_RC1,N/A,N/A,N/A,N/A,N/A,N/A,N/A,N/A,N/A,N/A,N/A,N/A,N/A,N/A,N/A,N/A,N/A,N/A,N/A,N/A,N/A,N/A,N/A,N/A,N/A,N/A,N/A,N/A,N/A,N/A,N/A,N/A,N/A,N/A,N/A,N/A,39.9%,49.5%,44.2%,35.3%,75.0%,Not enough information,34.3%,46.2%,40.9%,30.5%,65.3%,89.9%,N/A,N/A,N/A,N/A,N/A,N/A,N/A,N/A,N/A,N/A,N/A,N/A,N/A,N/A,N/A,N/A,N/A,N/A,N/A,N/A,N/A,N/A,N/A,N/A
4217,00-0033288,George Kittle,TE,,151,complete,OUTCOME_V3_BLOCKED_WEAK_CALIBRATION|OUTCOME_V3_KEEP_CURRENT_BASELINE,119-769 labeled rows,Limited historical support|Moderate historical support,,0.0,BASELINE_WEAK_AND_NO_CHALLENGER_PASSED_ALL_GATES|CURRENT_BASELINE_RETAINED,NWR_OUTCOME_COLUMNS_V3_RC1,N/A,N/A,N/A,N/A,N/A,N/A,N/A,N/A,N/A,N/A,N/A,N/A,N/A,N/A,N/A,N/A,N/A,N/A,N/A,N/A,N/A,N/A,N/A,N/A,N/A,N/A,N/A,N/A,N/A,N/A,N/A,N/A,N/A,N/A,N/A,N/A,39.9%,49.5%,44.2%,35.3%,75.0%,Not enough information,15.6%,17.3%,12.4%,12.6%,36.0%,68.4%,N/A,N/A,N/A,N/A,N/A,N/A,N/A,N/A,N/A,N/A,N/A,N/A,N/A,N/A,N/A,N/A,N/A,N/A,N/A,N/A,N/A,N/A,N/A,N/A
4039,00-0033908,Cooper Kupp,WR,,152,complete,OUTCOME_V3_BLOCKED_LOW_SAMPLE|OUTCOME_V3_BLOCKED_WEAK_CALIBRATION|OUTCOME_V3_DIRECTIONALLY_BETTER_NOT_ADOPTED|OUTCOME_V3_KEEP_CURRENT_BASELINE|OUTCOME_V3_UPGRADE_ADMISSIBLE,208-1373 labeled rows,Higher historical support|Limited historical support|Moderate historical support|Not enough information,,0.012437156615260604,BASELINE_PROJECTION_OR_CURRENT_AUTHORITY_GATE_FAILED|BASELINE_WEAK_AND_NO_CHALLENGER_PASSED_ALL_GATES|CHALLENGER_PASSED_EVERY_FIELD_GATE|CURRENT_BASELINE_RETAINED|CURRENT_BASELINE_STRONGEST_OOF|DIRECTIONALLY_BETTER_BUT_ONE_OR_MORE_GATES_FAILED|HISTORICAL_SAMPLE_GATE_FAILED,NWR_OUTCOME_COLUMNS_V3_RC1,N/A,N/A,N/A,N/A,N/A,N/A,N/A,N/A,N/A,N/A,N/A,N/A,N/A,N/A,N/A,N/A,N/A,N/A,N/A,N/A,N/A,N/A,N/A,N/A,N/A,N/A,N/A,N/A,N/A,N/A,N/A,N/A,N/A,N/A,N/A,N/A,N/A,N/A,N/A,N/A,N/A,N/A,N/A,N/A,N/A,N/A,N/A,N/A,1.5%,1.0%,3.2%,Not enough information,4.6%,Not enough information,11.1%,Not enough information,10.2%,Not enough information,31.4%,Not enough information,21.6%,Not enough information,25.1%,Not enough information,53.4%,80.3%,1.0%,1.0%,Not enough information,Not enough information,3.3%,18.3%
9484,00-0038996,Tucker Kraft,TE,,153,complete,OUTCOME_V3_BLOCKED_WEAK_CALIBRATION|OUTCOME_V3_KEEP_CURRENT_BASELINE,119-769 labeled rows,Limited historical support|Moderate historical support,,0.0,BASELINE_WEAK_AND_NO_CHALLENGER_PASSED_ALL_GATES|CURRENT_BASELINE_RETAINED,NWR_OUTCOME_COLUMNS_V3_RC1,N/A,N/A,N/A,N/A,N/A,N/A,N/A,N/A,N/A,N/A,N/A,N/A,N/A,N/A,N/A,N/A,N/A,N/A,N/A,N/A,N/A,N/A,N/A,N/A,N/A,N/A,N/A,N/A,N/A,N/A,N/A,N/A,N/A,N/A,N/A,N/A,23.8%,25.9%,29.5%,18.8%,51.2%,Not enough information,1.6%,1.0%,1.0%,1.0%,3.7%,12.5%,N/A,N/A,N/A,N/A,N/A,N/A,N/A,N/A,N/A,N/A,N/A,N/A,N/A,N/A,N/A,N/A,N/A,N/A,N/A,N/A,N/A,N/A,N/A,N/A
11647,00-0039391,Kimani Vidal,RB,,154,complete,OUTCOME_V3_BLOCKED_LOW_SAMPLE|OUTCOME_V3_BLOCKED_WEAK_CALIBRATION|OUTCOME_V3_DIRECTIONALLY_BETTER_NOT_ADOPTED|OUTCOME_V3_KEEP_CURRENT_BASELINE|OUTCOME_V3_UPGRADE_ADMISSIBLE,95-892 labeled rows,Higher historical support|Limited historical support|Moderate historical support|Not enough information,,0.0,BASELINE_PROJECTION_OR_CURRENT_AUTHORITY_GATE_FAILED|BASELINE_WEAK_AND_NO_CHALLENGER_PASSED_ALL_GATES|CHALLENGER_PASSED_EVERY_FIELD_GATE|CURRENT_BASELINE_RETAINED|DIRECTIONALLY_BETTER_BUT_ONE_OR_MORE_GATES_FAILED|HISTORICAL_SAMPLE_GATE_FAILED,NWR_OUTCOME_COLUMNS_V3_RC1,N/A,N/A,N/A,N/A,N/A,N/A,N/A,N/A,N/A,N/A,N/A,N/A,Not enough information,12.6%,14.1%,16.6%,38.6%,Not enough information,Not enough information,24.7%,29.1%,20.5%,58.3%,86.4%,55.7%,80.6%,68.0%,52.0%,94.4%,Not enough information,4.0%,1.9%,Not enough information,Not enough information,11.0%,Not enough information,N/A,N/A,N/A,N/A,N/A,N/A,N/A,N/A,N/A,N/A,N/A,N/A,N/A,N/A,N/A,N/A,N/A,N/A,N/A,N/A,N/A,N/A,N/A,N/A,N/A,N/A,N/A,N/A,N/A,N/A,N/A,N/A,N/A,N/A,N/A,N/A
5844,00-0035229,T.J. Hockenson,TE,,155,complete,OUTCOME_V3_BLOCKED_WEAK_CALIBRATION|OUTCOME_V3_KEEP_CURRENT_BASELINE,119-769 labeled rows,Limited historical support|Moderate historical support,,0.0,BASELINE_WEAK_AND_NO_CHALLENGER_PASSED_ALL_GATES|CURRENT_BASELINE_RETAINED,NWR_OUTCOME_COLUMNS_V3_RC1,N/A,N/A,N/A,N/A,N/A,N/A,N/A,N/A,N/A,N/A,N/A,N/A,N/A,N/A,N/A,N/A,N/A,N/A,N/A,N/A,N/A,N/A,N/A,N/A,N/A,N/A,N/A,N/A,N/A,N/A,N/A,N/A,N/A,N/A,N/A,N/A,12.8%,12.8%,13.2%,13.1%,37.9%,Not enough information,1.6%,1.0%,1.0%,1.0%,3.7%,12.5%,N/A,N/A,N/A,N/A,N/A,N/A,N/A,N/A,N/A,N/A,N/A,N/A,N/A,N/A,N/A,N/A,N/A,N/A,N/A,N/A,N/A,N/A,N/A,N/A
6943,00-0036196,Gabe Davis,WR,,156,complete,OUTCOME_V3_BLOCKED_LOW_SAMPLE|OUTCOME_V3_BLOCKED_WEAK_CALIBRATION|OUTCOME_V3_DIRECTIONALLY_BETTER_NOT_ADOPTED|OUTCOME_V3_KEEP_CURRENT_BASELINE|OUTCOME_V3_UPGRADE_ADMISSIBLE,208-1373 labeled rows,Higher historical support|Limited historical support|Moderate historical support|Not enough information,,0.012437156615260604,BASELINE_PROJECTION_OR_CURRENT_AUTHORITY_GATE_FAILED|BASELINE_WEAK_AND_NO_CHALLENGER_PASSED_ALL_GATES|CHALLENGER_PASSED_EVERY_FIELD_GATE|CURRENT_BASELINE_RETAINED|CURRENT_BASELINE_STRONGEST_OOF|DIRECTIONALLY_BETTER_BUT_ONE_OR_MORE_GATES_FAILED|HISTORICAL_SAMPLE_GATE_FAILED,NWR_OUTCOME_COLUMNS_V3_RC1,N/A,N/A,N/A,N/A,N/A,N/A,N/A,N/A,N/A,N/A,N/A,N/A,N/A,N/A,N/A,N/A,N/A,N/A,N/A,N/A,N/A,N/A,N/A,N/A,N/A,N/A,N/A,N/A,N/A,N/A,N/A,N/A,N/A,N/A,N/A,N/A,N/A,N/A,N/A,N/A,N/A,N/A,N/A,N/A,N/A,N/A,N/A,N/A,1.5%,1.0%,3.2%,Not enough information,4.6%,Not enough information,2.9%,Not enough information,4.4%,Not enough information,10.8%,Not enough information,3.4%,Not enough information,4.4%,Not enough information,14.7%,44.3%,1.0%,1.0%,Not enough information,Not enough information,3.3%,18.3%
7600,00-0036894,Pat Freiermuth,TE,,157,complete,OUTCOME_V3_BLOCKED_WEAK_CALIBRATION|OUTCOME_V3_KEEP_CURRENT_BASELINE,119-769 labeled rows,Limited historical support|Moderate historical support,,0.0,BASELINE_WEAK_AND_NO_CHALLENGER_PASSED_ALL_GATES|CURRENT_BASELINE_RETAINED,NWR_OUTCOME_COLUMNS_V3_RC1,N/A,N/A,N/A,N/A,N/A,N/A,N/A,N/A,N/A,N/A,N/A,N/A,N/A,N/A,N/A,N/A,N/A,N/A,N/A,N/A,N/A,N/A,N/A,N/A,N/A,N/A,N/A,N/A,N/A,N/A,N/A,N/A,N/A,N/A,N/A,N/A,23.8%,25.9%,29.5%,18.8%,51.2%,Not enough information,1.6%,1.0%,1.0%,1.0%,3.7%,12.5%,N/A,N/A,N/A,N/A,N/A,N/A,N/A,N/A,N/A,N/A,N/A,N/A,N/A,N/A,N/A,N/A,N/A,N/A,N/A,N/A,N/A,N/A,N/A,N/A
12509,00-0040727,Tre' Harris,WR,,158,insufficient,OUTCOME_V3_BLOCKED_LOW_SAMPLE|OUTCOME_V3_BLOCKED_WEAK_CALIBRATION|OUTCOME_V3_DIRECTIONALLY_BETTER_NOT_ADOPTED|OUTCOME_V3_KEEP_CURRENT_BASELINE|OUTCOME_V3_UPGRADE_ADMISSIBLE,208-1373 labeled rows,Not enough information,rookie or prospect lacks admitted 2025 NFL feature evidence,,BASELINE_PROJECTION_OR_CURRENT_AUTHORITY_GATE_FAILED|BASELINE_WEAK_AND_NO_CHALLENGER_PASSED_ALL_GATES|CHALLENGER_PASSED_EVERY_FIELD_GATE|CURRENT_BASELINE_RETAINED|CURRENT_BASELINE_STRONGEST_OOF|DIRECTIONALLY_BETTER_BUT_ONE_OR_MORE_GATES_FAILED|HISTORICAL_SAMPLE_GATE_FAILED,NWR_OUTCOME_COLUMNS_V3_RC1,N/A,N/A,N/A,N/A,N/A,N/A,N/A,N/A,N/A,N/A,N/A,N/A,N/A,N/A,N/A,N/A,N/A,N/A,N/A,N/A,N/A,N/A,N/A,N/A,N/A,N/A,N/A,N/A,N/A,N/A,N/A,N/A,N/A,N/A,N/A,N/A,N/A,N/A,N/A,N/A,N/A,N/A,N/A,N/A,N/A,N/A,N/A,N/A,Not enough information,Not enough information,Not enough information,Not enough information,Not enough information,Not enough information,Not enough information,Not enough information,Not enough information,Not enough information,Not enough information,Not enough information,Not enough information,Not enough information,Not enough information,Not enough information,Not enough information,Not enough information,Not enough information,Not enough information,Not enough information,Not enough information,Not enough information,Not enough information
9480,00-0038935,Brenton Strange,TE,,159,complete,OUTCOME_V3_BLOCKED_WEAK_CALIBRATION|OUTCOME_V3_KEEP_CURRENT_BASELINE,119-769 labeled rows,Limited historical support|Moderate historical support,,0.0,BASELINE_WEAK_AND_NO_CHALLENGER_PASSED_ALL_GATES|CURRENT_BASELINE_RETAINED,NWR_OUTCOME_COLUMNS_V3_RC1,N/A,N/A,N/A,N/A,N/A,N/A,N/A,N/A,N/A,N/A,N/A,N/A,N/A,N/A,N/A,N/A,N/A,N/A,N/A,N/A,N/A,N/A,N/A,N/A,N/A,N/A,N/A,N/A,N/A,N/A,N/A,N/A,N/A,N/A,N/A,N/A,23.8%,25.9%,29.5%,18.8%,51.2%,Not enough information,1.6%,1.0%,1.0%,1.0%,3.7%,12.5%,N/A,N/A,N/A,N/A,N/A,N/A,N/A,N/A,N/A,N/A,N/A,N/A,N/A,N/A,N/A,N/A,N/A,N/A,N/A,N/A,N/A,N/A,N/A,N/A
12522,00-0040676,Cam Ward,QB,,160,insufficient,OUTCOME_V3_BLOCKED_LOW_SAMPLE|OUTCOME_V3_BLOCKED_WEAK_CALIBRATION|OUTCOME_V3_DIRECTIONALLY_BETTER_NOT_ADOPTED|OUTCOME_V3_KEEP_CURRENT_BASELINE,100-475 labeled rows,Not enough information,rookie or prospect lacks admitted 2025 NFL feature evidence,,BASELINE_PROJECTION_OR_CURRENT_AUTHORITY_GATE_FAILED|BASELINE_WEAK_AND_NO_CHALLENGER_PASSED_ALL_GATES|CURRENT_BASELINE_RETAINED|DIRECTIONALLY_BETTER_BUT_ONE_OR_MORE_GATES_FAILED|HISTORICAL_SAMPLE_GATE_FAILED,NWR_OUTCOME_COLUMNS_V3_RC1,Not enough information,Not enough information,Not enough information,Not enough information,Not enough information,Not enough information,Not enough information,Not enough information,Not enough information,Not enough information,Not enough information,Not enough information,N/A,N/A,N/A,N/A,N/A,N/A,N/A,N/A,N/A,N/A,N/A,N/A,N/A,N/A,N/A,N/A,N/A,N/A,N/A,N/A,N/A,N/A,N/A,N/A,N/A,N/A,N/A,N/A,N/A,N/A,N/A,N/A,N/A,N/A,N/A,N/A,N/A,N/A,N/A,N/A,N/A,N/A,N/A,N/A,N/A,N/A,N/A,N/A,N/A,N/A,N/A,N/A,N/A,N/A,N/A,N/A,N/A,N/A,N/A,N/A
12497,00-0040648,Tory Horton,WR,,161,insufficient,OUTCOME_V3_BLOCKED_LOW_SAMPLE|OUTCOME_V3_BLOCKED_WEAK_CALIBRATION|OUTCOME_V3_DIRECTIONALLY_BETTER_NOT_ADOPTED|OUTCOME_V3_KEEP_CURRENT_BASELINE|OUTCOME_V3_UPGRADE_ADMISSIBLE,208-1373 labeled rows,Not enough information,rookie or prospect lacks admitted 2025 NFL feature evidence,,BASELINE_PROJECTION_OR_CURRENT_AUTHORITY_GATE_FAILED|BASELINE_WEAK_AND_NO_CHALLENGER_PASSED_ALL_GATES|CHALLENGER_PASSED_EVERY_FIELD_GATE|CURRENT_BASELINE_RETAINED|CURRENT_BASELINE_STRONGEST_OOF|DIRECTIONALLY_BETTER_BUT_ONE_OR_MORE_GATES_FAILED|HISTORICAL_SAMPLE_GATE_FAILED,NWR_OUTCOME_COLUMNS_V3_RC1,N/A,N/A,N/A,N/A,N/A,N/A,N/A,N/A,N/A,N/A,N/A,N/A,N/A,N/A,N/A,N/A,N/A,N/A,N/A,N/A,N/A,N/A,N/A,N/A,N/A,N/A,N/A,N/A,N/A,N/A,N/A,N/A,N/A,N/A,N/A,N/A,N/A,N/A,N/A,N/A,N/A,N/A,N/A,N/A,N/A,N/A,N/A,N/A,Not enough information,Not enough information,Not enough information,Not enough information,Not enough information,Not enough information,Not enough information,Not enough information,Not enough information,Not enough information,Not enough information,Not enough information,Not enough information,Not enough information,Not enough information,Not enough information,Not enough information,Not enough information,Not enough information,Not enough information,Not enough information,Not enough information,Not enough information,Not enough information
6806,00-0036158,J.K. Dobbins,RB,,162,complete,OUTCOME_V3_BLOCKED_LOW_SAMPLE|OUTCOME_V3_BLOCKED_WEAK_CALIBRATION|OUTCOME_V3_DIRECTIONALLY_BETTER_NOT_ADOPTED|OUTCOME_V3_KEEP_CURRENT_BASELINE|OUTCOME_V3_UPGRADE_ADMISSIBLE,95-892 labeled rows,Higher historical support|Limited historical support|Moderate historical support|Not enough information,,0.24967320261437914,BASELINE_PROJECTION_OR_CURRENT_AUTHORITY_GATE_FAILED|BASELINE_WEAK_AND_NO_CHALLENGER_PASSED_ALL_GATES|CHALLENGER_PASSED_EVERY_FIELD_GATE|CURRENT_BASELINE_RETAINED|DIRECTIONALLY_BETTER_BUT_ONE_OR_MORE_GATES_FAILED|HISTORICAL_SAMPLE_GATE_FAILED,NWR_OUTCOME_COLUMNS_V3_RC1,N/A,N/A,N/A,N/A,N/A,N/A,N/A,N/A,N/A,N/A,N/A,N/A,Not enough information,3.1%,5.4%,4.6%,17.0%,Not enough information,Not enough information,24.7%,29.1%,20.5%,58.3%,86.4%,28.6%,24.7%,35.8%,29.1%,58.3%,Not enough information,4.0%,1.9%,Not enough information,Not enough information,11.0%,Not enough information,N/A,N/A,N/A,N/A,N/A,N/A,N/A,N/A,N/A,N/A,N/A,N/A,N/A,N/A,N/A,N/A,N/A,N/A,N/A,N/A,N/A,N/A,N/A,N/A,N/A,N/A,N/A,N/A,N/A,N/A,N/A,N/A,N/A,N/A,N/A,N/A
7596,00-0036980,Elijah Moore,WR,,163,complete,OUTCOME_V3_BLOCKED_LOW_SAMPLE|OUTCOME_V3_BLOCKED_WEAK_CALIBRATION|OUTCOME_V3_DIRECTIONALLY_BETTER_NOT_ADOPTED|OUTCOME_V3_KEEP_CURRENT_BASELINE|OUTCOME_V3_UPGRADE_ADMISSIBLE,208-1373 labeled rows,Higher historical support|Limited historical support|Moderate historical support|Not enough information,,0.012437156615260604,BASELINE_PROJECTION_OR_CURRENT_AUTHORITY_GATE_FAILED|BASELINE_WEAK_AND_NO_CHALLENGER_PASSED_ALL_GATES|CHALLENGER_PASSED_EVERY_FIELD_GATE|CURRENT_BASELINE_RETAINED|CURRENT_BASELINE_STRONGEST_OOF|DIRECTIONALLY_BETTER_BUT_ONE_OR_MORE_GATES_FAILED|HISTORICAL_SAMPLE_GATE_FAILED,NWR_OUTCOME_COLUMNS_V3_RC1,N/A,N/A,N/A,N/A,N/A,N/A,N/A,N/A,N/A,N/A,N/A,N/A,N/A,N/A,N/A,N/A,N/A,N/A,N/A,N/A,N/A,N/A,N/A,N/A,N/A,N/A,N/A,N/A,N/A,N/A,N/A,N/A,N/A,N/A,N/A,N/A,N/A,N/A,N/A,N/A,N/A,N/A,N/A,N/A,N/A,N/A,N/A,N/A,1.5%,1.0%,3.2%,Not enough information,4.6%,Not enough information,2.9%,Not enough information,4.4%,Not enough information,10.8%,Not enough information,3.4%,Not enough information,4.4%,Not enough information,14.7%,44.3%,1.0%,1.0%,Not enough information,Not enough information,3.3%,18.3%
12534,00-0040236,Kyle Monangai,RB,,164,insufficient,OUTCOME_V3_BLOCKED_LOW_SAMPLE|OUTCOME_V3_BLOCKED_WEAK_CALIBRATION|OUTCOME_V3_DIRECTIONALLY_BETTER_NOT_ADOPTED|OUTCOME_V3_KEEP_CURRENT_BASELINE|OUTCOME_V3_UPGRADE_ADMISSIBLE,95-892 labeled rows,Not enough information,rookie or prospect lacks admitted 2025 NFL feature evidence,,BASELINE_PROJECTION_OR_CURRENT_AUTHORITY_GATE_FAILED|BASELINE_WEAK_AND_NO_CHALLENGER_PASSED_ALL_GATES|CHALLENGER_PASSED_EVERY_FIELD_GATE|CURRENT_BASELINE_RETAINED|DIRECTIONALLY_BETTER_BUT_ONE_OR_MORE_GATES_FAILED|HISTORICAL_SAMPLE_GATE_FAILED,NWR_OUTCOME_COLUMNS_V3_RC1,N/A,N/A,N/A,N/A,N/A,N/A,N/A,N/A,N/A,N/A,N/A,N/A,Not enough information,Not enough information,Not enough information,Not enough information,Not enough information,Not enough information,Not enough information,Not enough information,Not enough information,Not enough information,Not enough information,Not enough information,Not enough information,Not enough information,Not enough information,Not enough information,Not enough information,Not enough information,Not enough information,Not enough information,Not enough information,Not enough information,Not enough information,Not enough information,N/A,N/A,N/A,N/A,N/A,N/A,N/A,N/A,N/A,N/A,N/A,N/A,N/A,N/A,N/A,N/A,N/A,N/A,N/A,N/A,N/A,N/A,N/A,N/A,N/A,N/A,N/A,N/A,N/A,N/A,N/A,N/A,N/A,N/A,N/A,N/A
6865,00-0036244,Colby Parkinson,TE,,165,complete,OUTCOME_V3_BLOCKED_WEAK_CALIBRATION|OUTCOME_V3_KEEP_CURRENT_BASELINE,119-769 labeled rows,Limited historical support|Moderate historical support,,0.0,BASELINE_WEAK_AND_NO_CHALLENGER_PASSED_ALL_GATES|CURRENT_BASELINE_RETAINED,NWR_OUTCOME_COLUMNS_V3_RC1,N/A,N/A,N/A,N/A,N/A,N/A,N/A,N/A,N/A,N/A,N/A,N/A,N/A,N/A,N/A,N/A,N/A,N/A,N/A,N/A,N/A,N/A,N/A,N/A,N/A,N/A,N/A,N/A,N/A,N/A,N/A,N/A,N/A,N/A,N/A,N/A,23.8%,25.9%,29.5%,18.8%,51.2%,Not enough information,1.6%,1.0%,1.0%,1.0%,3.7%,12.5%,N/A,N/A,N/A,N/A,N/A,N/A,N/A,N/A,N/A,N/A,N/A,N/A,N/A,N/A,N/A,N/A,N/A,N/A,N/A,N/A,N/A,N/A,N/A,N/A
11650,00-0039355,Luke McCaffrey,WR,,166,complete,OUTCOME_V3_BLOCKED_LOW_SAMPLE|OUTCOME_V3_BLOCKED_WEAK_CALIBRATION|OUTCOME_V3_DIRECTIONALLY_BETTER_NOT_ADOPTED|OUTCOME_V3_KEEP_CURRENT_BASELINE|OUTCOME_V3_UPGRADE_ADMISSIBLE,208-1373 labeled rows,Higher historical support|Limited historical support|Moderate historical support|Not enough information,,0.012437156615260604,BASELINE_PROJECTION_OR_CURRENT_AUTHORITY_GATE_FAILED|BASELINE_WEAK_AND_NO_CHALLENGER_PASSED_ALL_GATES|CHALLENGER_PASSED_EVERY_FIELD_GATE|CURRENT_BASELINE_RETAINED|CURRENT_BASELINE_STRONGEST_OOF|DIRECTIONALLY_BETTER_BUT_ONE_OR_MORE_GATES_FAILED|HISTORICAL_SAMPLE_GATE_FAILED,NWR_OUTCOME_COLUMNS_V3_RC1,N/A,N/A,N/A,N/A,N/A,N/A,N/A,N/A,N/A,N/A,N/A,N/A,N/A,N/A,N/A,N/A,N/A,N/A,N/A,N/A,N/A,N/A,N/A,N/A,N/A,N/A,N/A,N/A,N/A,N/A,N/A,N/A,N/A,N/A,N/A,N/A,N/A,N/A,N/A,N/A,N/A,N/A,N/A,N/A,N/A,N/A,N/A,N/A,1.5%,1.0%,3.2%,Not enough information,4.6%,Not enough information,2.9%,Not enough information,4.4%,Not enough information,10.8%,Not enough information,12.1%,Not enough information,13.4%,Not enough information,36.4%,67.0%,1.0%,1.0%,Not enough information,Not enough information,3.3%,18.3%
8132,00-0037263,Tyler Allgeier,RB,,167,complete,OUTCOME_V3_BLOCKED_LOW_SAMPLE|OUTCOME_V3_BLOCKED_WEAK_CALIBRATION|OUTCOME_V3_DIRECTIONALLY_BETTER_NOT_ADOPTED|OUTCOME_V3_KEEP_CURRENT_BASELINE|OUTCOME_V3_UPGRADE_ADMISSIBLE,95-892 labeled rows,Higher historical support|Limited historical support|Moderate historical support|Not enough information,,0.24967320261437914,BASELINE_PROJECTION_OR_CURRENT_AUTHORITY_GATE_FAILED|BASELINE_WEAK_AND_NO_CHALLENGER_PASSED_ALL_GATES|CHALLENGER_PASSED_EVERY_FIELD_GATE|CURRENT_BASELINE_RETAINED|DIRECTIONALLY_BETTER_BUT_ONE_OR_MORE_GATES_FAILED|HISTORICAL_SAMPLE_GATE_FAILED,NWR_OUTCOME_COLUMNS_V3_RC1,N/A,N/A,N/A,N/A,N/A,N/A,N/A,N/A,N/A,N/A,N/A,N/A,Not enough information,3.1%,5.4%,4.6%,17.0%,Not enough information,Not enough information,24.7%,29.1%,20.5%,58.3%,86.4%,28.6%,24.7%,35.8%,29.1%,58.3%,Not enough information,4.0%,1.9%,Not enough information,Not enough information,11.0%,Not enough information,N/A,N/A,N/A,N/A,N/A,N/A,N/A,N/A,N/A,N/A,N/A,N/A,N/A,N/A,N/A,N/A,N/A,N/A,N/A,N/A,N/A,N/A,N/A,N/A,N/A,N/A,N/A,N/A,N/A,N/A,N/A,N/A,N/A,N/A,N/A,N/A
8210,00-0037809,Chig Okonkwo,TE,,168,complete,OUTCOME_V3_BLOCKED_WEAK_CALIBRATION|OUTCOME_V3_KEEP_CURRENT_BASELINE,119-769 labeled rows,Limited historical support|Moderate historical support,,0.0,BASELINE_WEAK_AND_NO_CHALLENGER_PASSED_ALL_GATES|CURRENT_BASELINE_RETAINED,NWR_OUTCOME_COLUMNS_V3_RC1,N/A,N/A,N/A,N/A,N/A,N/A,N/A,N/A,N/A,N/A,N/A,N/A,N/A,N/A,N/A,N/A,N/A,N/A,N/A,N/A,N/A,N/A,N/A,N/A,N/A,N/A,N/A,N/A,N/A,N/A,N/A,N/A,N/A,N/A,N/A,N/A,23.8%,25.9%,29.5%,18.8%,51.2%,Not enough information,1.6%,1.0%,1.0%,1.0%,3.7%,12.5%,N/A,N/A,N/A,N/A,N/A,N/A,N/A,N/A,N/A,N/A,N/A,N/A,N/A,N/A,N/A,N/A,N/A,N/A,N/A,N/A,N/A,N/A,N/A,N/A
8205,00-0037197,Isiah Pacheco,RB,,169,complete,OUTCOME_V3_BLOCKED_LOW_SAMPLE|OUTCOME_V3_BLOCKED_WEAK_CALIBRATION|OUTCOME_V3_DIRECTIONALLY_BETTER_NOT_ADOPTED|OUTCOME_V3_KEEP_CURRENT_BASELINE|OUTCOME_V3_UPGRADE_ADMISSIBLE,95-892 labeled rows,Higher historical support|Limited historical support|Moderate historical support|Not enough information,,0.07338086749851458,BASELINE_PROJECTION_OR_CURRENT_AUTHORITY_GATE_FAILED|BASELINE_WEAK_AND_NO_CHALLENGER_PASSED_ALL_GATES|CHALLENGER_PASSED_EVERY_FIELD_GATE|CURRENT_BASELINE_RETAINED|DIRECTIONALLY_BETTER_BUT_ONE_OR_MORE_GATES_FAILED|HISTORICAL_SAMPLE_GATE_FAILED,NWR_OUTCOME_COLUMNS_V3_RC1,N/A,N/A,N/A,N/A,N/A,N/A,N/A,N/A,N/A,N/A,N/A,N/A,Not enough information,3.1%,5.4%,4.6%,17.0%,Not enough information,Not enough information,6.7%,14.5%,16.9%,40.7%,73.8%,28.6%,16.7%,35.8%,29.1%,40.7%,Not enough information,4.0%,1.9%,Not enough information,Not enough information,11.0%,Not enough information,N/A,N/A,N/A,N/A,N/A,N/A,N/A,N/A,N/A,N/A,N/A,N/A,N/A,N/A,N/A,N/A,N/A,N/A,N/A,N/A,N/A,N/A,N/A,N/A,N/A,N/A,N/A,N/A,N/A,N/A,N/A,N/A,N/A,N/A,N/A,N/A
11603,00-0039793,AJ Barner,TE,,170,complete,OUTCOME_V3_BLOCKED_WEAK_CALIBRATION|OUTCOME_V3_KEEP_CURRENT_BASELINE,119-769 labeled rows,Limited historical support|Moderate historical support,,0.0,BASELINE_WEAK_AND_NO_CHALLENGER_PASSED_ALL_GATES|CURRENT_BASELINE_RETAINED,NWR_OUTCOME_COLUMNS_V3_RC1,N/A,N/A,N/A,N/A,N/A,N/A,N/A,N/A,N/A,N/A,N/A,N/A,N/A,N/A,N/A,N/A,N/A,N/A,N/A,N/A,N/A,N/A,N/A,N/A,N/A,N/A,N/A,N/A,N/A,N/A,N/A,N/A,N/A,N/A,N/A,N/A,23.8%,25.9%,29.5%,18.8%,51.2%,Not enough information,18.8%,17.3%,21.3%,11.1%,38.2%,71.8%,N/A,N/A,N/A,N/A,N/A,N/A,N/A,N/A,N/A,N/A,N/A,N/A,N/A,N/A,N/A,N/A,N/A,N/A,N/A,N/A,N/A,N/A,N/A,N/A
7607,00-0036924,Michael Carter,RB,,171,complete,OUTCOME_V3_BLOCKED_LOW_SAMPLE|OUTCOME_V3_BLOCKED_WEAK_CALIBRATION|OUTCOME_V3_DIRECTIONALLY_BETTER_NOT_ADOPTED|OUTCOME_V3_KEEP_CURRENT_BASELINE|OUTCOME_V3_UPGRADE_ADMISSIBLE,95-892 labeled rows,Higher historical support|Limited historical support|Moderate historical support|Not enough information,,0.07338086749851458,BASELINE_PROJECTION_OR_CURRENT_AUTHORITY_GATE_FAILED|BASELINE_WEAK_AND_NO_CHALLENGER_PASSED_ALL_GATES|CHALLENGER_PASSED_EVERY_FIELD_GATE|CURRENT_BASELINE_RETAINED|DIRECTIONALLY_BETTER_BUT_ONE_OR_MORE_GATES_FAILED|HISTORICAL_SAMPLE_GATE_FAILED,NWR_OUTCOME_COLUMNS_V3_RC1,N/A,N/A,N/A,N/A,N/A,N/A,N/A,N/A,N/A,N/A,N/A,N/A,Not enough information,3.1%,5.4%,4.6%,17.0%,Not enough information,Not enough information,6.7%,14.5%,16.9%,40.7%,73.8%,28.6%,16.7%,35.8%,29.1%,40.7%,Not enough information,4.0%,1.9%,Not enough information,Not enough information,11.0%,Not enough information,N/A,N/A,N/A,N/A,N/A,N/A,N/A,N/A,N/A,N/A,N/A,N/A,N/A,N/A,N/A,N/A,N/A,N/A,N/A,N/A,N/A,N/A,N/A,N/A,N/A,N/A,N/A,N/A,N/A,N/A,N/A,N/A,N/A,N/A,N/A,N/A
6130,00-0035250,Devin Singletary,RB,,172,complete,OUTCOME_V3_BLOCKED_LOW_SAMPLE|OUTCOME_V3_BLOCKED_WEAK_CALIBRATION|OUTCOME_V3_DIRECTIONALLY_BETTER_NOT_ADOPTED|OUTCOME_V3_KEEP_CURRENT_BASELINE|OUTCOME_V3_UPGRADE_ADMISSIBLE,95-892 labeled rows,Higher historical support|Limited historical support|Moderate historical support|Not enough information,,0.24967320261437914,BASELINE_PROJECTION_OR_CURRENT_AUTHORITY_GATE_FAILED|BASELINE_WEAK_AND_NO_CHALLENGER_PASSED_ALL_GATES|CHALLENGER_PASSED_EVERY_FIELD_GATE|CURRENT_BASELINE_RETAINED|DIRECTIONALLY_BETTER_BUT_ONE_OR_MORE_GATES_FAILED|HISTORICAL_SAMPLE_GATE_FAILED,NWR_OUTCOME_COLUMNS_V3_RC1,N/A,N/A,N/A,N/A,N/A,N/A,N/A,N/A,N/A,N/A,N/A,N/A,Not enough information,3.1%,5.4%,4.6%,17.0%,Not enough information,Not enough information,24.7%,29.1%,20.5%,58.3%,86.4%,28.6%,24.7%,35.8%,29.1%,58.3%,Not enough information,4.0%,1.9%,Not enough information,Not enough information,11.0%,Not enough information,N/A,N/A,N/A,N/A,N/A,N/A,N/A,N/A,N/A,N/A,N/A,N/A,N/A,N/A,N/A,N/A,N/A,N/A,N/A,N/A,N/A,N/A,N/A,N/A,N/A,N/A,N/A,N/A,N/A,N/A,N/A,N/A,N/A,N/A,N/A,N/A
12498,00-0040736,Mason Taylor,TE,,173,insufficient,OUTCOME_V3_BLOCKED_WEAK_CALIBRATION|OUTCOME_V3_KEEP_CURRENT_BASELINE,119-769 labeled rows,Not enough information,rookie or prospect lacks admitted 2025 NFL feature evidence,,BASELINE_WEAK_AND_NO_CHALLENGER_PASSED_ALL_GATES|CURRENT_BASELINE_RETAINED,NWR_OUTCOME_COLUMNS_V3_RC1,N/A,N/A,N/A,N/A,N/A,N/A,N/A,N/A,N/A,N/A,N/A,N/A,N/A,N/A,N/A,N/A,N/A,N/A,N/A,N/A,N/A,N/A,N/A,N/A,N/A,N/A,N/A,N/A,N/A,N/A,N/A,N/A,N/A,N/A,N/A,N/A,Not enough information,Not enough information,Not enough information,Not enough information,Not enough information,Not enough information,Not enough information,Not enough information,Not enough information,Not enough information,Not enough information,Not enough information,N/A,N/A,N/A,N/A,N/A,N/A,N/A,N/A,N/A,N/A,N/A,N/A,N/A,N/A,N/A,N/A,N/A,N/A,N/A,N/A,N/A,N/A,N/A,N/A
8408,00-0037525,Jordan Mason,RB,,174,complete,OUTCOME_V3_BLOCKED_LOW_SAMPLE|OUTCOME_V3_BLOCKED_WEAK_CALIBRATION|OUTCOME_V3_DIRECTIONALLY_BETTER_NOT_ADOPTED|OUTCOME_V3_KEEP_CURRENT_BASELINE|OUTCOME_V3_UPGRADE_ADMISSIBLE,95-892 labeled rows,Higher historical support|Limited historical support|Moderate historical support|Not enough information,,0.0,BASELINE_PROJECTION_OR_CURRENT_AUTHORITY_GATE_FAILED|BASELINE_WEAK_AND_NO_CHALLENGER_PASSED_ALL_GATES|CHALLENGER_PASSED_EVERY_FIELD_GATE|CURRENT_BASELINE_RETAINED|DIRECTIONALLY_BETTER_BUT_ONE_OR_MORE_GATES_FAILED|HISTORICAL_SAMPLE_GATE_FAILED,NWR_OUTCOME_COLUMNS_V3_RC1,N/A,N/A,N/A,N/A,N/A,N/A,N/A,N/A,N/A,N/A,N/A,N/A,Not enough information,12.6%,14.1%,16.6%,38.6%,Not enough information,Not enough information,24.7%,29.1%,20.5%,58.3%,86.4%,55.7%,80.6%,68.0%,52.0%,94.4%,Not enough information,4.0%,1.9%,Not enough information,Not enough information,11.0%,Not enough information,N/A,N/A,N/A,N/A,N/A,N/A,N/A,N/A,N/A,N/A,N/A,N/A,N/A,N/A,N/A,N/A,N/A,N/A,N/A,N/A,N/A,N/A,N/A,N/A,N/A,N/A,N/A,N/A,N/A,N/A,N/A,N/A,N/A,N/A,N/A,N/A
6826,00-0036290,Cole Kmet,TE,,175,complete,OUTCOME_V3_BLOCKED_WEAK_CALIBRATION|OUTCOME_V3_KEEP_CURRENT_BASELINE,119-769 labeled rows,Limited historical support|Moderate historical support,,0.0,BASELINE_WEAK_AND_NO_CHALLENGER_PASSED_ALL_GATES|CURRENT_BASELINE_RETAINED,NWR_OUTCOME_COLUMNS_V3_RC1,N/A,N/A,N/A,N/A,N/A,N/A,N/A,N/A,N/A,N/A,N/A,N/A,N/A,N/A,N/A,N/A,N/A,N/A,N/A,N/A,N/A,N/A,N/A,N/A,N/A,N/A,N/A,N/A,N/A,N/A,N/A,N/A,N/A,N/A,N/A,N/A,12.8%,12.8%,13.2%,13.1%,37.9%,Not enough information,1.6%,1.0%,1.0%,1.0%,3.7%,12.5%,N/A,N/A,N/A,N/A,N/A,N/A,N/A,N/A,N/A,N/A,N/A,N/A,N/A,N/A,N/A,N/A,N/A,N/A,N/A,N/A,N/A,N/A,N/A,N/A
12536,00-0040138,Jaylin Noel,WR,,176,insufficient,OUTCOME_V3_BLOCKED_LOW_SAMPLE|OUTCOME_V3_BLOCKED_WEAK_CALIBRATION|OUTCOME_V3_DIRECTIONALLY_BETTER_NOT_ADOPTED|OUTCOME_V3_KEEP_CURRENT_BASELINE|OUTCOME_V3_UPGRADE_ADMISSIBLE,208-1373 labeled rows,Not enough information,rookie or prospect lacks admitted 2025 NFL feature evidence,,BASELINE_PROJECTION_OR_CURRENT_AUTHORITY_GATE_FAILED|BASELINE_WEAK_AND_NO_CHALLENGER_PASSED_ALL_GATES|CHALLENGER_PASSED_EVERY_FIELD_GATE|CURRENT_BASELINE_RETAINED|CURRENT_BASELINE_STRONGEST_OOF|DIRECTIONALLY_BETTER_BUT_ONE_OR_MORE_GATES_FAILED|HISTORICAL_SAMPLE_GATE_FAILED,NWR_OUTCOME_COLUMNS_V3_RC1,N/A,N/A,N/A,N/A,N/A,N/A,N/A,N/A,N/A,N/A,N/A,N/A,N/A,N/A,N/A,N/A,N/A,N/A,N/A,N/A,N/A,N/A,N/A,N/A,N/A,N/A,N/A,N/A,N/A,N/A,N/A,N/A,N/A,N/A,N/A,N/A,N/A,N/A,N/A,N/A,N/A,N/A,N/A,N/A,N/A,N/A,N/A,N/A,Not enough information,Not enough information,Not enough information,Not enough information,Not enough information,Not enough information,Not enough information,Not enough information,Not enough information,Not enough information,Not enough information,Not enough information,Not enough information,Not enough information,Not enough information,Not enough information,Not enough information,Not enough information,Not enough information,Not enough information,Not enough information,Not enough information,Not enough information,Not enough information
4943,00-0034869,Sam Darnold,QB,,177,complete,OUTCOME_V3_BLOCKED_LOW_SAMPLE|OUTCOME_V3_BLOCKED_WEAK_CALIBRATION|OUTCOME_V3_DIRECTIONALLY_BETTER_NOT_ADOPTED|OUTCOME_V3_KEEP_CURRENT_BASELINE,100-475 labeled rows,Limited historical support|Moderate historical support|Not enough information,,0.0,BASELINE_PROJECTION_OR_CURRENT_AUTHORITY_GATE_FAILED|BASELINE_WEAK_AND_NO_CHALLENGER_PASSED_ALL_GATES|CURRENT_BASELINE_RETAINED|DIRECTIONALLY_BETTER_BUT_ONE_OR_MORE_GATES_FAILED|HISTORICAL_SAMPLE_GATE_FAILED,NWR_OUTCOME_COLUMNS_V3_RC1,23.6%,Not enough information,Not enough information,Not enough information,54.5%,69.5%,9.5%,Not enough information,Not enough information,Not enough information,Not enough information,47.9%,N/A,N/A,N/A,N/A,N/A,N/A,N/A,N/A,N/A,N/A,N/A,N/A,N/A,N/A,N/A,N/A,N/A,N/A,N/A,N/A,N/A,N/A,N/A,N/A,N/A,N/A,N/A,N/A,N/A,N/A,N/A,N/A,N/A,N/A,N/A,N/A,N/A,N/A,N/A,N/A,N/A,N/A,N/A,N/A,N/A,N/A,N/A,N/A,N/A,N/A,N/A,N/A,N/A,N/A,N/A,N/A,N/A,N/A,N/A,N/A
12533,00-0040242,Jacory Croskey-Merritt,RB,,178,insufficient,OUTCOME_V3_BLOCKED_LOW_SAMPLE|OUTCOME_V3_BLOCKED_WEAK_CALIBRATION|OUTCOME_V3_DIRECTIONALLY_BETTER_NOT_ADOPTED|OUTCOME_V3_KEEP_CURRENT_BASELINE|OUTCOME_V3_UPGRADE_ADMISSIBLE,95-892 labeled rows,Not enough information,rookie or prospect lacks admitted 2025 NFL feature evidence,,BASELINE_PROJECTION_OR_CURRENT_AUTHORITY_GATE_FAILED|BASELINE_WEAK_AND_NO_CHALLENGER_PASSED_ALL_GATES|CHALLENGER_PASSED_EVERY_FIELD_GATE|CURRENT_BASELINE_RETAINED|DIRECTIONALLY_BETTER_BUT_ONE_OR_MORE_GATES_FAILED|HISTORICAL_SAMPLE_GATE_FAILED,NWR_OUTCOME_COLUMNS_V3_RC1,N/A,N/A,N/A,N/A,N/A,N/A,N/A,N/A,N/A,N/A,N/A,N/A,Not enough information,Not enough information,Not enough information,Not enough information,Not enough information,Not enough information,Not enough information,Not enough information,Not enough information,Not enough information,Not enough information,Not enough information,Not enough information,Not enough information,Not enough information,Not enough information,Not enough information,Not enough information,Not enough information,Not enough information,Not enough information,Not enough information,Not enough information,Not enough information,N/A,N/A,N/A,N/A,N/A,N/A,N/A,N/A,N/A,N/A,N/A,N/A,N/A,N/A,N/A,N/A,N/A,N/A,N/A,N/A,N/A,N/A,N/A,N/A,N/A,N/A,N/A,N/A,N/A,N/A,N/A,N/A,N/A,N/A,N/A,N/A
5870,00-0035710,Daniel Jones,QB,,179,complete,OUTCOME_V3_BLOCKED_LOW_SAMPLE|OUTCOME_V3_BLOCKED_WEAK_CALIBRATION|OUTCOME_V3_DIRECTIONALLY_BETTER_NOT_ADOPTED|OUTCOME_V3_KEEP_CURRENT_BASELINE,100-475 labeled rows,Limited historical support|Moderate historical support|Not enough information,,0.0,BASELINE_PROJECTION_OR_CURRENT_AUTHORITY_GATE_FAILED|BASELINE_WEAK_AND_NO_CHALLENGER_PASSED_ALL_GATES|CURRENT_BASELINE_RETAINED|DIRECTIONALLY_BETTER_BUT_ONE_OR_MORE_GATES_FAILED|HISTORICAL_SAMPLE_GATE_FAILED,NWR_OUTCOME_COLUMNS_V3_RC1,23.6%,Not enough information,Not enough information,Not enough information,54.5%,69.5%,9.5%,Not enough information,Not enough information,Not enough information,Not enough information,47.9%,N/A,N/A,N/A,N/A,N/A,N/A,N/A,N/A,N/A,N/A,N/A,N/A,N/A,N/A,N/A,N/A,N/A,N/A,N/A,N/A,N/A,N/A,N/A,N/A,N/A,N/A,N/A,N/A,N/A,N/A,N/A,N/A,N/A,N/A,N/A,N/A,N/A,N/A,N/A,N/A,N/A,N/A,N/A,N/A,N/A,N/A,N/A,N/A,N/A,N/A,N/A,N/A,N/A,N/A,N/A,N/A,N/A,N/A,N/A,N/A
11566,00-0039910,Jayden Daniels,QB,,180,complete,OUTCOME_V3_BLOCKED_LOW_SAMPLE|OUTCOME_V3_BLOCKED_WEAK_CALIBRATION|OUTCOME_V3_DIRECTIONALLY_BETTER_NOT_ADOPTED|OUTCOME_V3_KEEP_CURRENT_BASELINE,100-475 labeled rows,Limited historical support|Moderate historical support|Not enough information,,0.0,BASELINE_PROJECTION_OR_CURRENT_AUTHORITY_GATE_FAILED|BASELINE_WEAK_AND_NO_CHALLENGER_PASSED_ALL_GATES|CURRENT_BASELINE_RETAINED|DIRECTIONALLY_BETTER_BUT_ONE_OR_MORE_GATES_FAILED|HISTORICAL_SAMPLE_GATE_FAILED,NWR_OUTCOME_COLUMNS_V3_RC1,12.4%,Not enough information,Not enough information,Not enough information,34.5%,53.5%,2.1%,Not enough information,Not enough information,Not enough information,Not enough information,21.7%,N/A,N/A,N/A,N/A,N/A,N/A,N/A,N/A,N/A,N/A,N/A,N/A,N/A,N/A,N/A,N/A,N/A,N/A,N/A,N/A,N/A,N/A,N/A,N/A,N/A,N/A,N/A,N/A,N/A,N/A,N/A,N/A,N/A,N/A,N/A,N/A,N/A,N/A,N/A,N/A,N/A,N/A,N/A,N/A,N/A,N/A,N/A,N/A,N/A,N/A,N/A,N/A,N/A,N/A,N/A,N/A,N/A,N/A,N/A,N/A
5012,00-0034753,Mark Andrews,TE,,181,complete,OUTCOME_V3_BLOCKED_WEAK_CALIBRATION|OUTCOME_V3_KEEP_CURRENT_BASELINE,119-769 labeled rows,Limited historical support|Moderate historical support,,0.0,BASELINE_WEAK_AND_NO_CHALLENGER_PASSED_ALL_GATES|CURRENT_BASELINE_RETAINED,NWR_OUTCOME_COLUMNS_V3_RC1,N/A,N/A,N/A,N/A,N/A,N/A,N/A,N/A,N/A,N/A,N/A,N/A,N/A,N/A,N/A,N/A,N/A,N/A,N/A,N/A,N/A,N/A,N/A,N/A,N/A,N/A,N/A,N/A,N/A,N/A,N/A,N/A,N/A,N/A,N/A,N/A,23.8%,25.9%,29.5%,18.8%,51.2%,Not enough information,18.8%,17.3%,21.3%,11.1%,38.2%,71.8%,N/A,N/A,N/A,N/A,N/A,N/A,N/A,N/A,N/A,N/A,N/A,N/A,N/A,N/A,N/A,N/A,N/A,N/A,N/A,N/A,N/A,N/A,N/A,N/A
12502,00-0040584,Gunnar Helm,TE,,182,insufficient,OUTCOME_V3_BLOCKED_WEAK_CALIBRATION|OUTCOME_V3_KEEP_CURRENT_BASELINE,119-769 labeled rows,Not enough information,rookie or prospect lacks admitted 2025 NFL feature evidence,,BASELINE_WEAK_AND_NO_CHALLENGER_PASSED_ALL_GATES|CURRENT_BASELINE_RETAINED,NWR_OUTCOME_COLUMNS_V3_RC1,N/A,N/A,N/A,N/A,N/A,N/A,N/A,N/A,N/A,N/A,N/A,N/A,N/A,N/A,N/A,N/A,N/A,N/A,N/A,N/A,N/A,N/A,N/A,N/A,N/A,N/A,N/A,N/A,N/A,N/A,N/A,N/A,N/A,N/A,N/A,N/A,Not enough information,Not enough information,Not enough information,Not enough information,Not enough information,Not enough information,Not enough information,Not enough information,Not enough information,Not enough information,Not enough information,Not enough information,N/A,N/A,N/A,N/A,N/A,N/A,N/A,N/A,N/A,N/A,N/A,N/A,N/A,N/A,N/A,N/A,N/A,N/A,N/A,N/A,N/A,N/A,N/A,N/A
4033,00-0033885,David Njoku,TE,,183,complete,OUTCOME_V3_BLOCKED_WEAK_CALIBRATION|OUTCOME_V3_KEEP_CURRENT_BASELINE,119-769 labeled rows,Limited historical support|Moderate historical support,,0.0,BASELINE_WEAK_AND_NO_CHALLENGER_PASSED_ALL_GATES|CURRENT_BASELINE_RETAINED,NWR_OUTCOME_COLUMNS_V3_RC1,N/A,N/A,N/A,N/A,N/A,N/A,N/A,N/A,N/A,N/A,N/A,N/A,N/A,N/A,N/A,N/A,N/A,N/A,N/A,N/A,N/A,N/A,N/A,N/A,N/A,N/A,N/A,N/A,N/A,N/A,N/A,N/A,N/A,N/A,N/A,N/A,12.8%,12.8%,13.2%,13.1%,37.9%,Not enough information,1.6%,1.0%,1.0%,1.0%,3.7%,12.5%,N/A,N/A,N/A,N/A,N/A,N/A,N/A,N/A,N/A,N/A,N/A,N/A,N/A,N/A,N/A,N/A,N/A,N/A,N/A,N/A,N/A,N/A,N/A,N/A
4199,00-0033293,Aaron Jones,RB,,184,complete,OUTCOME_V3_BLOCKED_LOW_SAMPLE|OUTCOME_V3_BLOCKED_WEAK_CALIBRATION|OUTCOME_V3_DIRECTIONALLY_BETTER_NOT_ADOPTED|OUTCOME_V3_KEEP_CURRENT_BASELINE|OUTCOME_V3_UPGRADE_ADMISSIBLE,95-892 labeled rows,Higher historical support|Limited historical support|Moderate historical support|Not enough information,,0.24967320261437914,BASELINE_PROJECTION_OR_CURRENT_AUTHORITY_GATE_FAILED|BASELINE_WEAK_AND_NO_CHALLENGER_PASSED_ALL_GATES|CHALLENGER_PASSED_EVERY_FIELD_GATE|CURRENT_BASELINE_RETAINED|DIRECTIONALLY_BETTER_BUT_ONE_OR_MORE_GATES_FAILED|HISTORICAL_SAMPLE_GATE_FAILED,NWR_OUTCOME_COLUMNS_V3_RC1,N/A,N/A,N/A,N/A,N/A,N/A,N/A,N/A,N/A,N/A,N/A,N/A,Not enough information,3.1%,5.4%,4.6%,17.0%,Not enough information,Not enough information,24.7%,29.1%,20.5%,58.3%,86.4%,28.6%,24.7%,35.8%,29.1%,58.3%,Not enough information,4.0%,1.9%,Not enough information,Not enough information,11.0%,Not enough information,N/A,N/A,N/A,N/A,N/A,N/A,N/A,N/A,N/A,N/A,N/A,N/A,N/A,N/A,N/A,N/A,N/A,N/A,N/A,N/A,N/A,N/A,N/A,N/A,N/A,N/A,N/A,N/A,N/A,N/A,N/A,N/A,N/A,N/A,N/A,N/A
8183,00-0037834,Brock Purdy,QB,,185,complete,OUTCOME_V3_BLOCKED_LOW_SAMPLE|OUTCOME_V3_BLOCKED_WEAK_CALIBRATION|OUTCOME_V3_DIRECTIONALLY_BETTER_NOT_ADOPTED|OUTCOME_V3_KEEP_CURRENT_BASELINE,100-475 labeled rows,Limited historical support|Moderate historical support|Not enough information,,0.0,BASELINE_PROJECTION_OR_CURRENT_AUTHORITY_GATE_FAILED|BASELINE_WEAK_AND_NO_CHALLENGER_PASSED_ALL_GATES|CURRENT_BASELINE_RETAINED|DIRECTIONALLY_BETTER_BUT_ONE_OR_MORE_GATES_FAILED|HISTORICAL_SAMPLE_GATE_FAILED,NWR_OUTCOME_COLUMNS_V3_RC1,23.6%,Not enough information,Not enough information,Not enough information,54.5%,69.5%,2.1%,Not enough information,Not enough information,Not enough information,Not enough information,21.7%,N/A,N/A,N/A,N/A,N/A,N/A,N/A,N/A,N/A,N/A,N/A,N/A,N/A,N/A,N/A,N/A,N/A,N/A,N/A,N/A,N/A,N/A,N/A,N/A,N/A,N/A,N/A,N/A,N/A,N/A,N/A,N/A,N/A,N/A,N/A,N/A,N/A,N/A,N/A,N/A,N/A,N/A,N/A,N/A,N/A,N/A,N/A,N/A,N/A,N/A,N/A,N/A,N/A,N/A,N/A,N/A,N/A,N/A,N/A,N/A
12469,00-0040162,Dylan Sampson,RB,,186,insufficient,OUTCOME_V3_BLOCKED_LOW_SAMPLE|OUTCOME_V3_BLOCKED_WEAK_CALIBRATION|OUTCOME_V3_DIRECTIONALLY_BETTER_NOT_ADOPTED|OUTCOME_V3_KEEP_CURRENT_BASELINE|OUTCOME_V3_UPGRADE_ADMISSIBLE,95-892 labeled rows,Not enough information,rookie or prospect lacks admitted 2025 NFL feature evidence,,BASELINE_PROJECTION_OR_CURRENT_AUTHORITY_GATE_FAILED|BASELINE_WEAK_AND_NO_CHALLENGER_PASSED_ALL_GATES|CHALLENGER_PASSED_EVERY_FIELD_GATE|CURRENT_BASELINE_RETAINED|DIRECTIONALLY_BETTER_BUT_ONE_OR_MORE_GATES_FAILED|HISTORICAL_SAMPLE_GATE_FAILED,NWR_OUTCOME_COLUMNS_V3_RC1,N/A,N/A,N/A,N/A,N/A,N/A,N/A,N/A,N/A,N/A,N/A,N/A,Not enough information,Not enough information,Not enough information,Not enough information,Not enough information,Not enough information,Not enough information,Not enough information,Not enough information,Not enough information,Not enough information,Not enough information,Not enough information,Not enough information,Not enough information,Not enough information,Not enough information,Not enough information,Not enough information,Not enough information,Not enough information,Not enough information,Not enough information,Not enough information,N/A,N/A,N/A,N/A,N/A,N/A,N/A,N/A,N/A,N/A,N/A,N/A,N/A,N/A,N/A,N/A,N/A,N/A,N/A,N/A,N/A,N/A,N/A,N/A,N/A,N/A,N/A,N/A,N/A,N/A,N/A,N/A,N/A,N/A,N/A,N/A
10219,00-0038611,Chris Rodriguez,RB,,187,complete,OUTCOME_V3_BLOCKED_LOW_SAMPLE|OUTCOME_V3_BLOCKED_WEAK_CALIBRATION|OUTCOME_V3_DIRECTIONALLY_BETTER_NOT_ADOPTED|OUTCOME_V3_KEEP_CURRENT_BASELINE|OUTCOME_V3_UPGRADE_ADMISSIBLE,95-892 labeled rows,Higher historical support|Limited historical support|Moderate historical support|Not enough information,,0.24967320261437914,BASELINE_PROJECTION_OR_CURRENT_AUTHORITY_GATE_FAILED|BASELINE_WEAK_AND_NO_CHALLENGER_PASSED_ALL_GATES|CHALLENGER_PASSED_EVERY_FIELD_GATE|CURRENT_BASELINE_RETAINED|DIRECTIONALLY_BETTER_BUT_ONE_OR_MORE_GATES_FAILED|HISTORICAL_SAMPLE_GATE_FAILED,NWR_OUTCOME_COLUMNS_V3_RC1,N/A,N/A,N/A,N/A,N/A,N/A,N/A,N/A,N/A,N/A,N/A,N/A,Not enough information,3.1%,5.4%,4.6%,17.0%,Not enough information,Not enough information,24.7%,29.1%,20.5%,58.3%,86.4%,28.6%,24.7%,35.8%,29.1%,58.3%,Not enough information,4.0%,1.9%,Not enough information,Not enough information,11.0%,Not enough information,N/A,N/A,N/A,N/A,N/A,N/A,N/A,N/A,N/A,N/A,N/A,N/A,N/A,N/A,N/A,N/A,N/A,N/A,N/A,N/A,N/A,N/A,N/A,N/A,N/A,N/A,N/A,N/A,N/A,N/A,N/A,N/A,N/A,N/A,N/A,N/A
12535,00-0040669,Isaac TeSlaa,WR,,188,insufficient,OUTCOME_V3_BLOCKED_LOW_SAMPLE|OUTCOME_V3_BLOCKED_WEAK_CALIBRATION|OUTCOME_V3_DIRECTIONALLY_BETTER_NOT_ADOPTED|OUTCOME_V3_KEEP_CURRENT_BASELINE|OUTCOME_V3_UPGRADE_ADMISSIBLE,208-1373 labeled rows,Not enough information,rookie or prospect lacks admitted 2025 NFL feature evidence,,BASELINE_PROJECTION_OR_CURRENT_AUTHORITY_GATE_FAILED|BASELINE_WEAK_AND_NO_CHALLENGER_PASSED_ALL_GATES|CHALLENGER_PASSED_EVERY_FIELD_GATE|CURRENT_BASELINE_RETAINED|CURRENT_BASELINE_STRONGEST_OOF|DIRECTIONALLY_BETTER_BUT_ONE_OR_MORE_GATES_FAILED|HISTORICAL_SAMPLE_GATE_FAILED,NWR_OUTCOME_COLUMNS_V3_RC1,N/A,N/A,N/A,N/A,N/A,N/A,N/A,N/A,N/A,N/A,N/A,N/A,N/A,N/A,N/A,N/A,N/A,N/A,N/A,N/A,N/A,N/A,N/A,N/A,N/A,N/A,N/A,N/A,N/A,N/A,N/A,N/A,N/A,N/A,N/A,N/A,N/A,N/A,N/A,N/A,N/A,N/A,N/A,N/A,N/A,N/A,N/A,N/A,Not enough information,Not enough information,Not enough information,Not enough information,Not enough information,Not enough information,Not enough information,Not enough information,Not enough information,Not enough information,Not enough information,Not enough information,Not enough information,Not enough information,Not enough information,Not enough information,Not enough information,Not enough information,Not enough information,Not enough information,Not enough information,Not enough information,Not enough information,Not enough information
4035,00-0033906,Alvin Kamara,RB,,189,complete,OUTCOME_V3_BLOCKED_LOW_SAMPLE|OUTCOME_V3_BLOCKED_WEAK_CALIBRATION|OUTCOME_V3_DIRECTIONALLY_BETTER_NOT_ADOPTED|OUTCOME_V3_KEEP_CURRENT_BASELINE|OUTCOME_V3_UPGRADE_ADMISSIBLE,95-892 labeled rows,Higher historical support|Limited historical support|Moderate historical support|Not enough information,,0.07338086749851458,BASELINE_PROJECTION_OR_CURRENT_AUTHORITY_GATE_FAILED|BASELINE_WEAK_AND_NO_CHALLENGER_PASSED_ALL_GATES|CHALLENGER_PASSED_EVERY_FIELD_GATE|CURRENT_BASELINE_RETAINED|DIRECTIONALLY_BETTER_BUT_ONE_OR_MORE_GATES_FAILED|HISTORICAL_SAMPLE_GATE_FAILED,NWR_OUTCOME_COLUMNS_V3_RC1,N/A,N/A,N/A,N/A,N/A,N/A,N/A,N/A,N/A,N/A,N/A,N/A,Not enough information,3.1%,5.4%,4.6%,17.0%,Not enough information,Not enough information,6.7%,14.5%,16.9%,40.7%,73.8%,28.6%,16.7%,35.8%,29.1%,40.7%,Not enough information,4.0%,1.9%,Not enough information,Not enough information,11.0%,Not enough information,N/A,N/A,N/A,N/A,N/A,N/A,N/A,N/A,N/A,N/A,N/A,N/A,N/A,N/A,N/A,N/A,N/A,N/A,N/A,N/A,N/A,N/A,N/A,N/A,N/A,N/A,N/A,N/A,N/A,N/A,N/A,N/A,N/A,N/A,N/A,N/A
8131,00-0037838,Isaiah Likely,TE,,190,complete,OUTCOME_V3_BLOCKED_WEAK_CALIBRATION|OUTCOME_V3_KEEP_CURRENT_BASELINE,119-769 labeled rows,Limited historical support|Moderate historical support,,0.0,BASELINE_WEAK_AND_NO_CHALLENGER_PASSED_ALL_GATES|CURRENT_BASELINE_RETAINED,NWR_OUTCOME_COLUMNS_V3_RC1,N/A,N/A,N/A,N/A,N/A,N/A,N/A,N/A,N/A,N/A,N/A,N/A,N/A,N/A,N/A,N/A,N/A,N/A,N/A,N/A,N/A,N/A,N/A,N/A,N/A,N/A,N/A,N/A,N/A,N/A,N/A,N/A,N/A,N/A,N/A,N/A,3.8%,1.1%,3.6%,4.3%,9.4%,Not enough information,1.6%,1.0%,1.0%,1.0%,3.7%,12.5%,N/A,N/A,N/A,N/A,N/A,N/A,N/A,N/A,N/A,N/A,N/A,N/A,N/A,N/A,N/A,N/A,N/A,N/A,N/A,N/A,N/A,N/A,N/A,N/A
96,00-0023459,Aaron Rodgers,QB,,191,complete,OUTCOME_V3_BLOCKED_LOW_SAMPLE|OUTCOME_V3_BLOCKED_WEAK_CALIBRATION|OUTCOME_V3_DIRECTIONALLY_BETTER_NOT_ADOPTED|OUTCOME_V3_KEEP_CURRENT_BASELINE,100-475 labeled rows,Limited historical support|Moderate historical support|Not enough information,,0.0,BASELINE_PROJECTION_OR_CURRENT_AUTHORITY_GATE_FAILED|BASELINE_WEAK_AND_NO_CHALLENGER_PASSED_ALL_GATES|CURRENT_BASELINE_RETAINED|DIRECTIONALLY_BETTER_BUT_ONE_OR_MORE_GATES_FAILED|HISTORICAL_SAMPLE_GATE_FAILED,NWR_OUTCOME_COLUMNS_V3_RC1,23.6%,Not enough information,Not enough information,Not enough information,54.5%,69.5%,2.1%,Not enough information,Not enough information,Not enough information,Not enough information,21.7%,N/A,N/A,N/A,N/A,N/A,N/A,N/A,N/A,N/A,N/A,N/A,N/A,N/A,N/A,N/A,N/A,N/A,N/A,N/A,N/A,N/A,N/A,N/A,N/A,N/A,N/A,N/A,N/A,N/A,N/A,N/A,N/A,N/A,N/A,N/A,N/A,N/A,N/A,N/A,N/A,N/A,N/A,N/A,N/A,N/A,N/A,N/A,N/A,N/A,N/A,N/A,N/A,N/A,N/A,N/A,N/A,N/A,N/A,N/A,N/A
11589,00-0039921,Trey Benson,RB,,192,complete,OUTCOME_V3_BLOCKED_LOW_SAMPLE|OUTCOME_V3_BLOCKED_WEAK_CALIBRATION|OUTCOME_V3_DIRECTIONALLY_BETTER_NOT_ADOPTED|OUTCOME_V3_KEEP_CURRENT_BASELINE|OUTCOME_V3_UPGRADE_ADMISSIBLE,95-892 labeled rows,Higher historical support|Limited historical support|Moderate historical support|Not enough information,,0.006877922409715027,BASELINE_PROJECTION_OR_CURRENT_AUTHORITY_GATE_FAILED|BASELINE_WEAK_AND_NO_CHALLENGER_PASSED_ALL_GATES|CHALLENGER_PASSED_EVERY_FIELD_GATE|CURRENT_BASELINE_RETAINED|DIRECTIONALLY_BETTER_BUT_ONE_OR_MORE_GATES_FAILED|HISTORICAL_SAMPLE_GATE_FAILED,NWR_OUTCOME_COLUMNS_V3_RC1,N/A,N/A,N/A,N/A,N/A,N/A,N/A,N/A,N/A,N/A,N/A,N/A,Not enough information,3.1%,5.4%,4.6%,17.0%,Not enough information,Not enough information,3.6%,7.7%,8.3%,21.3%,57.3%,13.6%,3.6%,15.7%,15.5%,26.5%,Not enough information,4.0%,1.9%,Not enough information,Not enough information,11.0%,Not enough information,N/A,N/A,N/A,N/A,N/A,N/A,N/A,N/A,N/A,N/A,N/A,N/A,N/A,N/A,N/A,N/A,N/A,N/A,N/A,N/A,N/A,N/A,N/A,N/A,N/A,N/A,N/A,N/A,N/A,N/A,N/A,N/A,N/A,N/A,N/A,N/A
11586,00-0039738,Blake Corum,RB,,193,complete,OUTCOME_V3_BLOCKED_LOW_SAMPLE|OUTCOME_V3_BLOCKED_WEAK_CALIBRATION|OUTCOME_V3_DIRECTIONALLY_BETTER_NOT_ADOPTED|OUTCOME_V3_KEEP_CURRENT_BASELINE|OUTCOME_V3_UPGRADE_ADMISSIBLE,95-892 labeled rows,Higher historical support|Limited historical support|Moderate historical support|Not enough information,,0.0,BASELINE_PROJECTION_OR_CURRENT_AUTHORITY_GATE_FAILED|BASELINE_WEAK_AND_NO_CHALLENGER_PASSED_ALL_GATES|CHALLENGER_PASSED_EVERY_FIELD_GATE|CURRENT_BASELINE_RETAINED|DIRECTIONALLY_BETTER_BUT_ONE_OR_MORE_GATES_FAILED|HISTORICAL_SAMPLE_GATE_FAILED,NWR_OUTCOME_COLUMNS_V3_RC1,N/A,N/A,N/A,N/A,N/A,N/A,N/A,N/A,N/A,N/A,N/A,N/A,Not enough information,12.6%,14.1%,16.6%,38.6%,Not enough information,Not enough information,24.7%,29.1%,20.5%,58.3%,86.4%,55.7%,80.6%,68.0%,52.0%,94.4%,Not enough information,4.0%,1.9%,Not enough information,Not enough information,11.0%,Not enough information,N/A,N/A,N/A,N/A,N/A,N/A,N/A,N/A,N/A,N/A,N/A,N/A,N/A,N/A,N/A,N/A,N/A,N/A,N/A,N/A,N/A,N/A,N/A,N/A,N/A,N/A,N/A,N/A,N/A,N/A,N/A,N/A,N/A,N/A,N/A,N/A
11565,00-0039923,J.J. McCarthy,QB,,194,complete,OUTCOME_V3_BLOCKED_LOW_SAMPLE|OUTCOME_V3_BLOCKED_WEAK_CALIBRATION|OUTCOME_V3_DIRECTIONALLY_BETTER_NOT_ADOPTED|OUTCOME_V3_KEEP_CURRENT_BASELINE,100-475 labeled rows,Limited historical support|Moderate historical support|Not enough information,,0.0,BASELINE_PROJECTION_OR_CURRENT_AUTHORITY_GATE_FAILED|BASELINE_WEAK_AND_NO_CHALLENGER_PASSED_ALL_GATES|CURRENT_BASELINE_RETAINED|DIRECTIONALLY_BETTER_BUT_ONE_OR_MORE_GATES_FAILED|HISTORICAL_SAMPLE_GATE_FAILED,NWR_OUTCOME_COLUMNS_V3_RC1,12.4%,Not enough information,Not enough information,Not enough information,34.5%,53.5%,2.1%,Not enough information,Not enough information,Not enough information,Not enough information,21.7%,N/A,N/A,N/A,N/A,N/A,N/A,N/A,N/A,N/A,N/A,N/A,N/A,N/A,N/A,N/A,N/A,N/A,N/A,N/A,N/A,N/A,N/A,N/A,N/A,N/A,N/A,N/A,N/A,N/A,N/A,N/A,N/A,N/A,N/A,N/A,N/A,N/A,N/A,N/A,N/A,N/A,N/A,N/A,N/A,N/A,N/A,N/A,N/A,N/A,N/A,N/A,N/A,N/A,N/A,N/A,N/A,N/A,N/A,N/A,N/A
4066,00-0033881,Evan Engram,TE,,195,complete,OUTCOME_V3_BLOCKED_WEAK_CALIBRATION|OUTCOME_V3_KEEP_CURRENT_BASELINE,119-769 labeled rows,Limited historical support|Moderate historical support,,0.0,BASELINE_WEAK_AND_NO_CHALLENGER_PASSED_ALL_GATES|CURRENT_BASELINE_RETAINED,NWR_OUTCOME_COLUMNS_V3_RC1,N/A,N/A,N/A,N/A,N/A,N/A,N/A,N/A,N/A,N/A,N/A,N/A,N/A,N/A,N/A,N/A,N/A,N/A,N/A,N/A,N/A,N/A,N/A,N/A,N/A,N/A,N/A,N/A,N/A,N/A,N/A,N/A,N/A,N/A,N/A,N/A,12.8%,12.8%,13.2%,13.1%,37.9%,Not enough information,1.6%,1.0%,1.0%,1.0%,3.7%,12.5%,N/A,N/A,N/A,N/A,N/A,N/A,N/A,N/A,N/A,N/A,N/A,N/A,N/A,N/A,N/A,N/A,N/A,N/A,N/A,N/A,N/A,N/A,N/A,N/A
5995,00-0034975,Justice Hill,RB,,196,complete,OUTCOME_V3_BLOCKED_LOW_SAMPLE|OUTCOME_V3_BLOCKED_WEAK_CALIBRATION|OUTCOME_V3_DIRECTIONALLY_BETTER_NOT_ADOPTED|OUTCOME_V3_KEEP_CURRENT_BASELINE|OUTCOME_V3_UPGRADE_ADMISSIBLE,95-892 labeled rows,Higher historical support|Limited historical support|Moderate historical support|Not enough information,,0.07338086749851458,BASELINE_PROJECTION_OR_CURRENT_AUTHORITY_GATE_FAILED|BASELINE_WEAK_AND_NO_CHALLENGER_PASSED_ALL_GATES|CHALLENGER_PASSED_EVERY_FIELD_GATE|CURRENT_BASELINE_RETAINED|DIRECTIONALLY_BETTER_BUT_ONE_OR_MORE_GATES_FAILED|HISTORICAL_SAMPLE_GATE_FAILED,NWR_OUTCOME_COLUMNS_V3_RC1,N/A,N/A,N/A,N/A,N/A,N/A,N/A,N/A,N/A,N/A,N/A,N/A,Not enough information,3.1%,5.4%,4.6%,17.0%,Not enough information,Not enough information,6.7%,14.5%,16.9%,40.7%,73.8%,28.6%,16.7%,35.8%,29.1%,40.7%,Not enough information,4.0%,1.9%,Not enough information,Not enough information,11.0%,Not enough information,N/A,N/A,N/A,N/A,N/A,N/A,N/A,N/A,N/A,N/A,N/A,N/A,N/A,N/A,N/A,N/A,N/A,N/A,N/A,N/A,N/A,N/A,N/A,N/A,N/A,N/A,N/A,N/A,N/A,N/A,N/A,N/A,N/A,N/A,N/A,N/A
7591,00-0036945,Justin Fields,QB,,197,complete,OUTCOME_V3_BLOCKED_LOW_SAMPLE|OUTCOME_V3_BLOCKED_WEAK_CALIBRATION|OUTCOME_V3_DIRECTIONALLY_BETTER_NOT_ADOPTED|OUTCOME_V3_KEEP_CURRENT_BASELINE,100-475 labeled rows,Limited historical support|Moderate historical support|Not enough information,,0.0,BASELINE_PROJECTION_OR_CURRENT_AUTHORITY_GATE_FAILED|BASELINE_WEAK_AND_NO_CHALLENGER_PASSED_ALL_GATES|CURRENT_BASELINE_RETAINED|DIRECTIONALLY_BETTER_BUT_ONE_OR_MORE_GATES_FAILED|HISTORICAL_SAMPLE_GATE_FAILED,NWR_OUTCOME_COLUMNS_V3_RC1,12.4%,Not enough information,Not enough information,Not enough information,34.5%,53.5%,2.1%,Not enough information,Not enough information,Not enough information,Not enough information,21.7%,N/A,N/A,N/A,N/A,N/A,N/A,N/A,N/A,N/A,N/A,N/A,N/A,N/A,N/A,N/A,N/A,N/A,N/A,N/A,N/A,N/A,N/A,N/A,N/A,N/A,N/A,N/A,N/A,N/A,N/A,N/A,N/A,N/A,N/A,N/A,N/A,N/A,N/A,N/A,N/A,N/A,N/A,N/A,N/A,N/A,N/A,N/A,N/A,N/A,N/A,N/A,N/A,N/A,N/A,N/A,N/A,N/A,N/A,N/A,N/A
11435,00-0038797,Emanuel Wilson,RB,,198,complete,OUTCOME_V3_BLOCKED_LOW_SAMPLE|OUTCOME_V3_BLOCKED_WEAK_CALIBRATION|OUTCOME_V3_DIRECTIONALLY_BETTER_NOT_ADOPTED|OUTCOME_V3_KEEP_CURRENT_BASELINE|OUTCOME_V3_UPGRADE_ADMISSIBLE,95-892 labeled rows,Higher historical support|Limited historical support|Moderate historical support|Not enough information,,0.24967320261437914,BASELINE_PROJECTION_OR_CURRENT_AUTHORITY_GATE_FAILED|BASELINE_WEAK_AND_NO_CHALLENGER_PASSED_ALL_GATES|CHALLENGER_PASSED_EVERY_FIELD_GATE|CURRENT_BASELINE_RETAINED|DIRECTIONALLY_BETTER_BUT_ONE_OR_MORE_GATES_FAILED|HISTORICAL_SAMPLE_GATE_FAILED,NWR_OUTCOME_COLUMNS_V3_RC1,N/A,N/A,N/A,N/A,N/A,N/A,N/A,N/A,N/A,N/A,N/A,N/A,Not enough information,3.1%,5.4%,4.6%,17.0%,Not enough information,Not enough information,24.7%,29.1%,20.5%,58.3%,86.4%,28.6%,24.7%,35.8%,29.1%,58.3%,Not enough information,4.0%,1.9%,Not enough information,Not enough information,11.0%,Not enough information,N/A,N/A,N/A,N/A,N/A,N/A,N/A,N/A,N/A,N/A,N/A,N/A,N/A,N/A,N/A,N/A,N/A,N/A,N/A,N/A,N/A,N/A,N/A,N/A,N/A,N/A,N/A,N/A,N/A,N/A,N/A,N/A,N/A,N/A,N/A,N/A
6770,00-0036442,Joe Burrow,QB,,199,complete,OUTCOME_V3_BLOCKED_LOW_SAMPLE|OUTCOME_V3_BLOCKED_WEAK_CALIBRATION|OUTCOME_V3_DIRECTIONALLY_BETTER_NOT_ADOPTED|OUTCOME_V3_KEEP_CURRENT_BASELINE,100-475 labeled rows,Limited historical support|Moderate historical support|Not enough information,,0.0,BASELINE_PROJECTION_OR_CURRENT_AUTHORITY_GATE_FAILED|BASELINE_WEAK_AND_NO_CHALLENGER_PASSED_ALL_GATES|CURRENT_BASELINE_RETAINED|DIRECTIONALLY_BETTER_BUT_ONE_OR_MORE_GATES_FAILED|HISTORICAL_SAMPLE_GATE_FAILED,NWR_OUTCOME_COLUMNS_V3_RC1,12.4%,Not enough information,Not enough information,Not enough information,34.5%,53.5%,2.1%,Not enough information,Not enough information,Not enough information,Not enough information,21.7%,N/A,N/A,N/A,N/A,N/A,N/A,N/A,N/A,N/A,N/A,N/A,N/A,N/A,N/A,N/A,N/A,N/A,N/A,N/A,N/A,N/A,N/A,N/A,N/A,N/A,N/A,N/A,N/A,N/A,N/A,N/A,N/A,N/A,N/A,N/A,N/A,N/A,N/A,N/A,N/A,N/A,N/A,N/A,N/A,N/A,N/A,N/A,N/A,N/A,N/A,N/A,N/A,N/A,N/A,N/A,N/A,N/A,N/A,N/A,N/A
8154,00-0037746,Brian Robinson,RB,,200,complete,OUTCOME_V3_BLOCKED_LOW_SAMPLE|OUTCOME_V3_BLOCKED_WEAK_CALIBRATION|OUTCOME_V3_DIRECTIONALLY_BETTER_NOT_ADOPTED|OUTCOME_V3_KEEP_CURRENT_BASELINE|OUTCOME_V3_UPGRADE_ADMISSIBLE,95-892 labeled rows,Higher historical support|Limited historical support|Moderate historical support|Not enough information,,0.07338086749851458,BASELINE_PROJECTION_OR_CURRENT_AUTHORITY_GATE_FAILED|BASELINE_WEAK_AND_NO_CHALLENGER_PASSED_ALL_GATES|CHALLENGER_PASSED_EVERY_FIELD_GATE|CURRENT_BASELINE_RETAINED|DIRECTIONALLY_BETTER_BUT_ONE_OR_MORE_GATES_FAILED|HISTORICAL_SAMPLE_GATE_FAILED,NWR_OUTCOME_COLUMNS_V3_RC1,N/A,N/A,N/A,N/A,N/A,N/A,N/A,N/A,N/A,N/A,N/A,N/A,Not enough information,3.1%,5.4%,4.6%,17.0%,Not enough information,Not enough information,6.7%,14.5%,16.9%,40.7%,73.8%,28.6%,16.7%,35.8%,29.1%,40.7%,Not enough information,4.0%,1.9%,Not enough information,Not enough information,11.0%,Not enough information,N/A,N/A,N/A,N/A,N/A,N/A,N/A,N/A,N/A,N/A,N/A,N/A,N/A,N/A,N/A,N/A,N/A,N/A,N/A,N/A,N/A,N/A,N/A,N/A,N/A,N/A,N/A,N/A,N/A,N/A,N/A,N/A,N/A,N/A,N/A,N/A
11571,00-0039798,Isaiah Davis,RB,,201,complete,OUTCOME_V3_BLOCKED_LOW_SAMPLE|OUTCOME_V3_BLOCKED_WEAK_CALIBRATION|OUTCOME_V3_DIRECTIONALLY_BETTER_NOT_ADOPTED|OUTCOME_V3_KEEP_CURRENT_BASELINE|OUTCOME_V3_UPGRADE_ADMISSIBLE,95-892 labeled rows,Higher historical support|Limited historical support|Moderate historical support|Not enough information,,0.07338086749851458,BASELINE_PROJECTION_OR_CURRENT_AUTHORITY_GATE_FAILED|BASELINE_WEAK_AND_NO_CHALLENGER_PASSED_ALL_GATES|CHALLENGER_PASSED_EVERY_FIELD_GATE|CURRENT_BASELINE_RETAINED|DIRECTIONALLY_BETTER_BUT_ONE_OR_MORE_GATES_FAILED|HISTORICAL_SAMPLE_GATE_FAILED,NWR_OUTCOME_COLUMNS_V3_RC1,N/A,N/A,N/A,N/A,N/A,N/A,N/A,N/A,N/A,N/A,N/A,N/A,Not enough information,3.1%,5.4%,4.6%,17.0%,Not enough information,Not enough information,6.7%,14.5%,16.9%,40.7%,73.8%,28.6%,16.7%,35.8%,29.1%,40.7%,Not enough information,4.0%,1.9%,Not enough information,Not enough information,11.0%,Not enough information,N/A,N/A,N/A,N/A,N/A,N/A,N/A,N/A,N/A,N/A,N/A,N/A,N/A,N/A,N/A,N/A,N/A,N/A,N/A,N/A,N/A,N/A,N/A,N/A,N/A,N/A,N/A,N/A,N/A,N/A,N/A,N/A,N/A,N/A,N/A,N/A
12482,00-0040009,Savion Williams,WR,,202,insufficient,OUTCOME_V3_BLOCKED_LOW_SAMPLE|OUTCOME_V3_BLOCKED_WEAK_CALIBRATION|OUTCOME_V3_DIRECTIONALLY_BETTER_NOT_ADOPTED|OUTCOME_V3_KEEP_CURRENT_BASELINE|OUTCOME_V3_UPGRADE_ADMISSIBLE,208-1373 labeled rows,Not enough information,rookie or prospect lacks admitted 2025 NFL feature evidence,,BASELINE_PROJECTION_OR_CURRENT_AUTHORITY_GATE_FAILED|BASELINE_WEAK_AND_NO_CHALLENGER_PASSED_ALL_GATES|CHALLENGER_PASSED_EVERY_FIELD_GATE|CURRENT_BASELINE_RETAINED|CURRENT_BASELINE_STRONGEST_OOF|DIRECTIONALLY_BETTER_BUT_ONE_OR_MORE_GATES_FAILED|HISTORICAL_SAMPLE_GATE_FAILED,NWR_OUTCOME_COLUMNS_V3_RC1,N/A,N/A,N/A,N/A,N/A,N/A,N/A,N/A,N/A,N/A,N/A,N/A,N/A,N/A,N/A,N/A,N/A,N/A,N/A,N/A,N/A,N/A,N/A,N/A,N/A,N/A,N/A,N/A,N/A,N/A,N/A,N/A,N/A,N/A,N/A,N/A,N/A,N/A,N/A,N/A,N/A,N/A,N/A,N/A,N/A,N/A,N/A,N/A,Not enough information,Not enough information,Not enough information,Not enough information,Not enough information,Not enough information,Not enough information,Not enough information,Not enough information,Not enough information,Not enough information,Not enough information,Not enough information,Not enough information,Not enough information,Not enough information,Not enough information,Not enough information,Not enough information,Not enough information,Not enough information,Not enough information,Not enough information,Not enough information
12521,00-0040739,Elijah Arroyo,TE,,203,insufficient,OUTCOME_V3_BLOCKED_WEAK_CALIBRATION|OUTCOME_V3_KEEP_CURRENT_BASELINE,119-769 labeled rows,Not enough information,rookie or prospect lacks admitted 2025 NFL feature evidence,,BASELINE_WEAK_AND_NO_CHALLENGER_PASSED_ALL_GATES|CURRENT_BASELINE_RETAINED,NWR_OUTCOME_COLUMNS_V3_RC1,N/A,N/A,N/A,N/A,N/A,N/A,N/A,N/A,N/A,N/A,N/A,N/A,N/A,N/A,N/A,N/A,N/A,N/A,N/A,N/A,N/A,N/A,N/A,N/A,N/A,N/A,N/A,N/A,N/A,N/A,N/A,N/A,N/A,N/A,N/A,N/A,Not enough information,Not enough information,Not enough information,Not enough information,Not enough information,Not enough information,Not enough information,Not enough information,Not enough information,Not enough information,Not enough information,Not enough information,N/A,N/A,N/A,N/A,N/A,N/A,N/A,N/A,N/A,N/A,N/A,N/A,N/A,N/A,N/A,N/A,N/A,N/A,N/A,N/A,N/A,N/A,N/A,N/A
11575,00-0039875,Ray Davis,RB,,204,complete,OUTCOME_V3_BLOCKED_LOW_SAMPLE|OUTCOME_V3_BLOCKED_WEAK_CALIBRATION|OUTCOME_V3_DIRECTIONALLY_BETTER_NOT_ADOPTED|OUTCOME_V3_KEEP_CURRENT_BASELINE|OUTCOME_V3_UPGRADE_ADMISSIBLE,95-892 labeled rows,Higher historical support|Limited historical support|Moderate historical support|Not enough information,,0.07338086749851458,BASELINE_PROJECTION_OR_CURRENT_AUTHORITY_GATE_FAILED|BASELINE_WEAK_AND_NO_CHALLENGER_PASSED_ALL_GATES|CHALLENGER_PASSED_EVERY_FIELD_GATE|CURRENT_BASELINE_RETAINED|DIRECTIONALLY_BETTER_BUT_ONE_OR_MORE_GATES_FAILED|HISTORICAL_SAMPLE_GATE_FAILED,NWR_OUTCOME_COLUMNS_V3_RC1,N/A,N/A,N/A,N/A,N/A,N/A,N/A,N/A,N/A,N/A,N/A,N/A,Not enough information,3.1%,5.4%,4.6%,17.0%,Not enough information,Not enough information,6.7%,14.5%,16.9%,40.7%,73.8%,28.6%,16.7%,35.8%,29.1%,40.7%,Not enough information,4.0%,1.9%,Not enough information,Not enough information,11.0%,Not enough information,N/A,N/A,N/A,N/A,N/A,N/A,N/A,N/A,N/A,N/A,N/A,N/A,N/A,N/A,N/A,N/A,N/A,N/A,N/A,N/A,N/A,N/A,N/A,N/A,N/A,N/A,N/A,N/A,N/A,N/A,N/A,N/A,N/A,N/A,N/A,N/A
12524,00-0040668,Shedeur Sanders,QB,,205,insufficient,OUTCOME_V3_BLOCKED_LOW_SAMPLE|OUTCOME_V3_BLOCKED_WEAK_CALIBRATION|OUTCOME_V3_DIRECTIONALLY_BETTER_NOT_ADOPTED|OUTCOME_V3_KEEP_CURRENT_BASELINE,100-475 labeled rows,Not enough information,rookie or prospect lacks admitted 2025 NFL feature evidence,,BASELINE_PROJECTION_OR_CURRENT_AUTHORITY_GATE_FAILED|BASELINE_WEAK_AND_NO_CHALLENGER_PASSED_ALL_GATES|CURRENT_BASELINE_RETAINED|DIRECTIONALLY_BETTER_BUT_ONE_OR_MORE_GATES_FAILED|HISTORICAL_SAMPLE_GATE_FAILED,NWR_OUTCOME_COLUMNS_V3_RC1,Not enough information,Not enough information,Not enough information,Not enough information,Not enough information,Not enough information,Not enough information,Not enough information,Not enough information,Not enough information,Not enough information,Not enough information,N/A,N/A,N/A,N/A,N/A,N/A,N/A,N/A,N/A,N/A,N/A,N/A,N/A,N/A,N/A,N/A,N/A,N/A,N/A,N/A,N/A,N/A,N/A,N/A,N/A,N/A,N/A,N/A,N/A,N/A,N/A,N/A,N/A,N/A,N/A,N/A,N/A,N/A,N/A,N/A,N/A,N/A,N/A,N/A,N/A,N/A,N/A,N/A,N/A,N/A,N/A,N/A,N/A,N/A,N/A,N/A,N/A,N/A,N/A,N/A
12476,00-0040202,Devin Neal,RB,,206,insufficient,OUTCOME_V3_BLOCKED_LOW_SAMPLE|OUTCOME_V3_BLOCKED_WEAK_CALIBRATION|OUTCOME_V3_DIRECTIONALLY_BETTER_NOT_ADOPTED|OUTCOME_V3_KEEP_CURRENT_BASELINE|OUTCOME_V3_UPGRADE_ADMISSIBLE,95-892 labeled rows,Not enough information,rookie or prospect lacks admitted 2025 NFL feature evidence,,BASELINE_PROJECTION_OR_CURRENT_AUTHORITY_GATE_FAILED|BASELINE_WEAK_AND_NO_CHALLENGER_PASSED_ALL_GATES|CHALLENGER_PASSED_EVERY_FIELD_GATE|CURRENT_BASELINE_RETAINED|DIRECTIONALLY_BETTER_BUT_ONE_OR_MORE_GATES_FAILED|HISTORICAL_SAMPLE_GATE_FAILED,NWR_OUTCOME_COLUMNS_V3_RC1,N/A,N/A,N/A,N/A,N/A,N/A,N/A,N/A,N/A,N/A,N/A,N/A,Not enough information,Not enough information,Not enough information,Not enough information,Not enough information,Not enough information,Not enough information,Not enough information,Not enough information,Not enough information,Not enough information,Not enough information,Not enough information,Not enough information,Not enough information,Not enough information,Not enough information,Not enough information,Not enough information,Not enough information,Not enough information,Not enough information,Not enough information,Not enough information,N/A,N/A,N/A,N/A,N/A,N/A,N/A,N/A,N/A,N/A,N/A,N/A,N/A,N/A,N/A,N/A,N/A,N/A,N/A,N/A,N/A,N/A,N/A,N/A,N/A,N/A,N/A,N/A,N/A,N/A,N/A,N/A,N/A,N/A,N/A,N/A
7528,00-0036893,Najee Harris,RB,,207,complete,OUTCOME_V3_BLOCKED_LOW_SAMPLE|OUTCOME_V3_BLOCKED_WEAK_CALIBRATION|OUTCOME_V3_DIRECTIONALLY_BETTER_NOT_ADOPTED|OUTCOME_V3_KEEP_CURRENT_BASELINE|OUTCOME_V3_UPGRADE_ADMISSIBLE,95-892 labeled rows,Higher historical support|Limited historical support|Moderate historical support|Not enough information,,0.0,BASELINE_PROJECTION_OR_CURRENT_AUTHORITY_GATE_FAILED|BASELINE_WEAK_AND_NO_CHALLENGER_PASSED_ALL_GATES|CHALLENGER_PASSED_EVERY_FIELD_GATE|CURRENT_BASELINE_RETAINED|DIRECTIONALLY_BETTER_BUT_ONE_OR_MORE_GATES_FAILED|HISTORICAL_SAMPLE_GATE_FAILED,NWR_OUTCOME_COLUMNS_V3_RC1,N/A,N/A,N/A,N/A,N/A,N/A,N/A,N/A,N/A,N/A,N/A,N/A,Not enough information,3.1%,5.4%,4.6%,17.0%,Not enough information,Not enough information,3.6%,7.7%,8.3%,21.3%,57.3%,13.3%,8.2%,18.3%,11.8%,26.5%,Not enough information,4.0%,1.9%,Not enough information,Not enough information,11.0%,Not enough information,N/A,N/A,N/A,N/A,N/A,N/A,N/A,N/A,N/A,N/A,N/A,N/A,N/A,N/A,N/A,N/A,N/A,N/A,N/A,N/A,N/A,N/A,N/A,N/A,N/A,N/A,N/A,N/A,N/A,N/A,N/A,N/A,N/A,N/A,N/A,N/A
12495,00-0040198,Ollie Gordon,RB,,208,insufficient,OUTCOME_V3_BLOCKED_LOW_SAMPLE|OUTCOME_V3_BLOCKED_WEAK_CALIBRATION|OUTCOME_V3_DIRECTIONALLY_BETTER_NOT_ADOPTED|OUTCOME_V3_KEEP_CURRENT_BASELINE|OUTCOME_V3_UPGRADE_ADMISSIBLE,95-892 labeled rows,Not enough information,rookie or prospect lacks admitted 2025 NFL feature evidence,,BASELINE_PROJECTION_OR_CURRENT_AUTHORITY_GATE_FAILED|BASELINE_WEAK_AND_NO_CHALLENGER_PASSED_ALL_GATES|CHALLENGER_PASSED_EVERY_FIELD_GATE|CURRENT_BASELINE_RETAINED|DIRECTIONALLY_BETTER_BUT_ONE_OR_MORE_GATES_FAILED|HISTORICAL_SAMPLE_GATE_FAILED,NWR_OUTCOME_COLUMNS_V3_RC1,N/A,N/A,N/A,N/A,N/A,N/A,N/A,N/A,N/A,N/A,N/A,N/A,Not enough information,Not enough information,Not enough information,Not enough information,Not enough information,Not enough information,Not enough information,Not enough information,Not enough information,Not enough information,Not enough information,Not enough information,Not enough information,Not enough information,Not enough information,Not enough information,Not enough information,Not enough information,Not enough information,Not enough information,Not enough information,Not enough information,Not enough information,Not enough information,N/A,N/A,N/A,N/A,N/A,N/A,N/A,N/A,N/A,N/A,N/A,N/A,N/A,N/A,N/A,N/A,N/A,N/A,N/A,N/A,N/A,N/A,N/A,N/A,N/A,N/A,N/A,N/A,N/A,N/A,N/A,N/A,N/A,N/A,N/A,N/A
11559,00-0039917,Michael Penix,QB,,209,complete,OUTCOME_V3_BLOCKED_LOW_SAMPLE|OUTCOME_V3_BLOCKED_WEAK_CALIBRATION|OUTCOME_V3_DIRECTIONALLY_BETTER_NOT_ADOPTED|OUTCOME_V3_KEEP_CURRENT_BASELINE,100-475 labeled rows,Limited historical support|Moderate historical support|Not enough information,,0.0,BASELINE_PROJECTION_OR_CURRENT_AUTHORITY_GATE_FAILED|BASELINE_WEAK_AND_NO_CHALLENGER_PASSED_ALL_GATES|CURRENT_BASELINE_RETAINED|DIRECTIONALLY_BETTER_BUT_ONE_OR_MORE_GATES_FAILED|HISTORICAL_SAMPLE_GATE_FAILED,NWR_OUTCOME_COLUMNS_V3_RC1,12.4%,Not enough information,Not enough information,Not enough information,34.5%,53.5%,2.1%,Not enough information,Not enough information,Not enough information,Not enough information,21.7%,N/A,N/A,N/A,N/A,N/A,N/A,N/A,N/A,N/A,N/A,N/A,N/A,N/A,N/A,N/A,N/A,N/A,N/A,N/A,N/A,N/A,N/A,N/A,N/A,N/A,N/A,N/A,N/A,N/A,N/A,N/A,N/A,N/A,N/A,N/A,N/A,N/A,N/A,N/A,N/A,N/A,N/A,N/A,N/A,N/A,N/A,N/A,N/A,N/A,N/A,N/A,N/A,N/A,N/A,N/A,N/A,N/A,N/A,N/A,N/A
4098,00-0033923,Kareem Hunt,RB,,210,complete,OUTCOME_V3_BLOCKED_LOW_SAMPLE|OUTCOME_V3_BLOCKED_WEAK_CALIBRATION|OUTCOME_V3_DIRECTIONALLY_BETTER_NOT_ADOPTED|OUTCOME_V3_KEEP_CURRENT_BASELINE|OUTCOME_V3_UPGRADE_ADMISSIBLE,95-892 labeled rows,Higher historical support|Limited historical support|Moderate historical support|Not enough information,,0.0,BASELINE_PROJECTION_OR_CURRENT_AUTHORITY_GATE_FAILED|BASELINE_WEAK_AND_NO_CHALLENGER_PASSED_ALL_GATES|CHALLENGER_PASSED_EVERY_FIELD_GATE|CURRENT_BASELINE_RETAINED|DIRECTIONALLY_BETTER_BUT_ONE_OR_MORE_GATES_FAILED|HISTORICAL_SAMPLE_GATE_FAILED,NWR_OUTCOME_COLUMNS_V3_RC1,N/A,N/A,N/A,N/A,N/A,N/A,N/A,N/A,N/A,N/A,N/A,N/A,Not enough information,12.6%,14.1%,16.6%,38.6%,Not enough information,Not enough information,24.7%,29.1%,20.5%,58.3%,86.4%,55.7%,80.6%,68.0%,52.0%,94.4%,Not enough information,4.0%,1.9%,Not enough information,Not enough information,11.0%,Not enough information,N/A,N/A,N/A,N/A,N/A,N/A,N/A,N/A,N/A,N/A,N/A,N/A,N/A,N/A,N/A,N/A,N/A,N/A,N/A,N/A,N/A,N/A,N/A,N/A,N/A,N/A,N/A,N/A,N/A,N/A,N/A,N/A,N/A,N/A,N/A,N/A
5849,00-0035228,Kyler Murray,QB,,211,complete,OUTCOME_V3_BLOCKED_LOW_SAMPLE|OUTCOME_V3_BLOCKED_WEAK_CALIBRATION|OUTCOME_V3_DIRECTIONALLY_BETTER_NOT_ADOPTED|OUTCOME_V3_KEEP_CURRENT_BASELINE,100-475 labeled rows,Limited historical support|Moderate historical support|Not enough information,,0.0,BASELINE_PROJECTION_OR_CURRENT_AUTHORITY_GATE_FAILED|BASELINE_WEAK_AND_NO_CHALLENGER_PASSED_ALL_GATES|CURRENT_BASELINE_RETAINED|DIRECTIONALLY_BETTER_BUT_ONE_OR_MORE_GATES_FAILED|HISTORICAL_SAMPLE_GATE_FAILED,NWR_OUTCOME_COLUMNS_V3_RC1,3.5%,Not enough information,Not enough information,Not enough information,10.7%,30.9%,2.1%,Not enough information,Not enough information,Not enough information,Not enough information,21.7%,N/A,N/A,N/A,N/A,N/A,N/A,N/A,N/A,N/A,N/A,N/A,N/A,N/A,N/A,N/A,N/A,N/A,N/A,N/A,N/A,N/A,N/A,N/A,N/A,N/A,N/A,N/A,N/A,N/A,N/A,N/A,N/A,N/A,N/A,N/A,N/A,N/A,N/A,N/A,N/A,N/A,N/A,N/A,N/A,N/A,N/A,N/A,N/A,N/A,N/A,N/A,N/A,N/A,N/A,N/A,N/A,N/A,N/A,N/A,N/A
12455,00-0040078,Brashard Smith,RB,,212,insufficient,OUTCOME_V3_BLOCKED_LOW_SAMPLE|OUTCOME_V3_BLOCKED_WEAK_CALIBRATION|OUTCOME_V3_DIRECTIONALLY_BETTER_NOT_ADOPTED|OUTCOME_V3_KEEP_CURRENT_BASELINE|OUTCOME_V3_UPGRADE_ADMISSIBLE,95-892 labeled rows,Not enough information,rookie or prospect lacks admitted 2025 NFL feature evidence,,BASELINE_PROJECTION_OR_CURRENT_AUTHORITY_GATE_FAILED|BASELINE_WEAK_AND_NO_CHALLENGER_PASSED_ALL_GATES|CHALLENGER_PASSED_EVERY_FIELD_GATE|CURRENT_BASELINE_RETAINED|DIRECTIONALLY_BETTER_BUT_ONE_OR_MORE_GATES_FAILED|HISTORICAL_SAMPLE_GATE_FAILED,NWR_OUTCOME_COLUMNS_V3_RC1,N/A,N/A,N/A,N/A,N/A,N/A,N/A,N/A,N/A,N/A,N/A,N/A,Not enough information,Not enough information,Not enough information,Not enough information,Not enough information,Not enough information,Not enough information,Not enough information,Not enough information,Not enough information,Not enough information,Not enough information,Not enough information,Not enough information,Not enough information,Not enough information,Not enough information,Not enough information,Not enough information,Not enough information,Not enough information,Not enough information,Not enough information,Not enough information,N/A,N/A,N/A,N/A,N/A,N/A,N/A,N/A,N/A,N/A,N/A,N/A,N/A,N/A,N/A,N/A,N/A,N/A,N/A,N/A,N/A,N/A,N/A,N/A,N/A,N/A,N/A,N/A,N/A,N/A,N/A,N/A,N/A,N/A,N/A,N/A
4137,00-0033553,James Conner,RB,,213,complete,OUTCOME_V3_BLOCKED_LOW_SAMPLE|OUTCOME_V3_BLOCKED_WEAK_CALIBRATION|OUTCOME_V3_DIRECTIONALLY_BETTER_NOT_ADOPTED|OUTCOME_V3_KEEP_CURRENT_BASELINE|OUTCOME_V3_UPGRADE_ADMISSIBLE,95-892 labeled rows,Higher historical support|Limited historical support|Moderate historical support|Not enough information,,0.006877922409715027,BASELINE_PROJECTION_OR_CURRENT_AUTHORITY_GATE_FAILED|BASELINE_WEAK_AND_NO_CHALLENGER_PASSED_ALL_GATES|CHALLENGER_PASSED_EVERY_FIELD_GATE|CURRENT_BASELINE_RETAINED|DIRECTIONALLY_BETTER_BUT_ONE_OR_MORE_GATES_FAILED|HISTORICAL_SAMPLE_GATE_FAILED,NWR_OUTCOME_COLUMNS_V3_RC1,N/A,N/A,N/A,N/A,N/A,N/A,N/A,N/A,N/A,N/A,N/A,N/A,Not enough information,3.1%,5.4%,4.6%,17.0%,Not enough information,Not enough information,3.6%,7.7%,8.3%,21.3%,57.3%,13.6%,3.6%,15.7%,15.5%,26.5%,Not enough information,4.0%,1.9%,Not enough information,Not enough information,11.0%,Not enough information,N/A,N/A,N/A,N/A,N/A,N/A,N/A,N/A,N/A,N/A,N/A,N/A,N/A,N/A,N/A,N/A,N/A,N/A,N/A,N/A,N/A,N/A,N/A,N/A,N/A,N/A,N/A,N/A,N/A,N/A,N/A,N/A,N/A,N/A,N/A,N/A
8122,00-0037157,Zonovan Knight,RB,,214,complete,OUTCOME_V3_BLOCKED_LOW_SAMPLE|OUTCOME_V3_BLOCKED_WEAK_CALIBRATION|OUTCOME_V3_DIRECTIONALLY_BETTER_NOT_ADOPTED|OUTCOME_V3_KEEP_CURRENT_BASELINE|OUTCOME_V3_UPGRADE_ADMISSIBLE,95-892 labeled rows,Higher historical support|Limited historical support|Moderate historical support|Not enough information,,0.07338086749851458,BASELINE_PROJECTION_OR_CURRENT_AUTHORITY_GATE_FAILED|BASELINE_WEAK_AND_NO_CHALLENGER_PASSED_ALL_GATES|CHALLENGER_PASSED_EVERY_FIELD_GATE|CURRENT_BASELINE_RETAINED|DIRECTIONALLY_BETTER_BUT_ONE_OR_MORE_GATES_FAILED|HISTORICAL_SAMPLE_GATE_FAILED,NWR_OUTCOME_COLUMNS_V3_RC1,N/A,N/A,N/A,N/A,N/A,N/A,N/A,N/A,N/A,N/A,N/A,N/A,Not enough information,3.1%,5.4%,4.6%,17.0%,Not enough information,Not enough information,6.7%,14.5%,16.9%,40.7%,73.8%,28.6%,16.7%,35.8%,29.1%,40.7%,Not enough information,4.0%,1.9%,Not enough information,Not enough information,11.0%,Not enough information,N/A,N/A,N/A,N/A,N/A,N/A,N/A,N/A,N/A,N/A,N/A,N/A,N/A,N/A,N/A,N/A,N/A,N/A,N/A,N/A,N/A,N/A,N/A,N/A,N/A,N/A,N/A,N/A,N/A,N/A,N/A,N/A,N/A,N/A,N/A,N/A
9757,00-0038551,Kendre Miller,RB,,215,complete,OUTCOME_V3_BLOCKED_LOW_SAMPLE|OUTCOME_V3_BLOCKED_WEAK_CALIBRATION|OUTCOME_V3_DIRECTIONALLY_BETTER_NOT_ADOPTED|OUTCOME_V3_KEEP_CURRENT_BASELINE|OUTCOME_V3_UPGRADE_ADMISSIBLE,95-892 labeled rows,Higher historical support|Limited historical support|Moderate historical support|Not enough information,,0.07338086749851458,BASELINE_PROJECTION_OR_CURRENT_AUTHORITY_GATE_FAILED|BASELINE_WEAK_AND_NO_CHALLENGER_PASSED_ALL_GATES|CHALLENGER_PASSED_EVERY_FIELD_GATE|CURRENT_BASELINE_RETAINED|DIRECTIONALLY_BETTER_BUT_ONE_OR_MORE_GATES_FAILED|HISTORICAL_SAMPLE_GATE_FAILED,NWR_OUTCOME_COLUMNS_V3_RC1,N/A,N/A,N/A,N/A,N/A,N/A,N/A,N/A,N/A,N/A,N/A,N/A,Not enough information,3.1%,5.4%,4.6%,17.0%,Not enough information,Not enough information,6.7%,14.5%,16.9%,40.7%,73.8%,28.6%,16.7%,35.8%,29.1%,40.7%,Not enough information,4.0%,1.9%,Not enough information,Not enough information,11.0%,Not enough information,N/A,N/A,N/A,N/A,N/A,N/A,N/A,N/A,N/A,N/A,N/A,N/A,N/A,N/A,N/A,N/A,N/A,N/A,N/A,N/A,N/A,N/A,N/A,N/A,N/A,N/A,N/A,N/A,N/A,N/A,N/A,N/A,N/A,N/A,N/A,N/A
12490,00-0040719,Bhayshul Tuten,RB,,216,insufficient,OUTCOME_V3_BLOCKED_LOW_SAMPLE|OUTCOME_V3_BLOCKED_WEAK_CALIBRATION|OUTCOME_V3_DIRECTIONALLY_BETTER_NOT_ADOPTED|OUTCOME_V3_KEEP_CURRENT_BASELINE|OUTCOME_V3_UPGRADE_ADMISSIBLE,95-892 labeled rows,Not enough information,rookie or prospect lacks admitted 2025 NFL feature evidence,,BASELINE_PROJECTION_OR_CURRENT_AUTHORITY_GATE_FAILED|BASELINE_WEAK_AND_NO_CHALLENGER_PASSED_ALL_GATES|CHALLENGER_PASSED_EVERY_FIELD_GATE|CURRENT_BASELINE_RETAINED|DIRECTIONALLY_BETTER_BUT_ONE_OR_MORE_GATES_FAILED|HISTORICAL_SAMPLE_GATE_FAILED,NWR_OUTCOME_COLUMNS_V3_RC1,N/A,N/A,N/A,N/A,N/A,N/A,N/A,N/A,N/A,N/A,N/A,N/A,Not enough information,Not enough information,Not enough information,Not enough information,Not enough information,Not enough information,Not enough information,Not enough information,Not enough information,Not enough information,Not enough information,Not enough information,Not enough information,Not enough information,Not enough information,Not enough information,Not enough information,Not enough information,Not enough information,Not enough information,Not enough information,Not enough information,Not enough information,Not enough information,N/A,N/A,N/A,N/A,N/A,N/A,N/A,N/A,N/A,N/A,N/A,N/A,N/A,N/A,N/A,N/A,N/A,N/A,N/A,N/A,N/A,N/A,N/A,N/A,N/A,N/A,N/A,N/A,N/A,N/A,N/A,N/A,N/A,N/A,N/A,N/A
9506,00-0038951,Sean Tucker,RB,,217,complete,OUTCOME_V3_BLOCKED_LOW_SAMPLE|OUTCOME_V3_BLOCKED_WEAK_CALIBRATION|OUTCOME_V3_DIRECTIONALLY_BETTER_NOT_ADOPTED|OUTCOME_V3_KEEP_CURRENT_BASELINE|OUTCOME_V3_UPGRADE_ADMISSIBLE,95-892 labeled rows,Higher historical support|Limited historical support|Moderate historical support|Not enough information,,0.24967320261437914,BASELINE_PROJECTION_OR_CURRENT_AUTHORITY_GATE_FAILED|BASELINE_WEAK_AND_NO_CHALLENGER_PASSED_ALL_GATES|CHALLENGER_PASSED_EVERY_FIELD_GATE|CURRENT_BASELINE_RETAINED|DIRECTIONALLY_BETTER_BUT_ONE_OR_MORE_GATES_FAILED|HISTORICAL_SAMPLE_GATE_FAILED,NWR_OUTCOME_COLUMNS_V3_RC1,N/A,N/A,N/A,N/A,N/A,N/A,N/A,N/A,N/A,N/A,N/A,N/A,Not enough information,3.1%,5.4%,4.6%,17.0%,Not enough information,Not enough information,24.7%,29.1%,20.5%,58.3%,86.4%,28.6%,24.7%,35.8%,29.1%,58.3%,Not enough information,4.0%,1.9%,Not enough information,Not enough information,11.0%,Not enough information,N/A,N/A,N/A,N/A,N/A,N/A,N/A,N/A,N/A,N/A,N/A,N/A,N/A,N/A,N/A,N/A,N/A,N/A,N/A,N/A,N/A,N/A,N/A,N/A,N/A,N/A,N/A,N/A,N/A,N/A,N/A,N/A,N/A,N/A,N/A,N/A
11199,00-0038705,Emari Demercado,RB,,218,complete,OUTCOME_V3_BLOCKED_LOW_SAMPLE|OUTCOME_V3_BLOCKED_WEAK_CALIBRATION|OUTCOME_V3_DIRECTIONALLY_BETTER_NOT_ADOPTED|OUTCOME_V3_KEEP_CURRENT_BASELINE|OUTCOME_V3_UPGRADE_ADMISSIBLE,95-892 labeled rows,Higher historical support|Limited historical support|Moderate historical support|Not enough information,,0.07338086749851458,BASELINE_PROJECTION_OR_CURRENT_AUTHORITY_GATE_FAILED|BASELINE_WEAK_AND_NO_CHALLENGER_PASSED_ALL_GATES|CHALLENGER_PASSED_EVERY_FIELD_GATE|CURRENT_BASELINE_RETAINED|DIRECTIONALLY_BETTER_BUT_ONE_OR_MORE_GATES_FAILED|HISTORICAL_SAMPLE_GATE_FAILED,NWR_OUTCOME_COLUMNS_V3_RC1,N/A,N/A,N/A,N/A,N/A,N/A,N/A,N/A,N/A,N/A,N/A,N/A,Not enough information,3.1%,5.4%,4.6%,17.0%,Not enough information,Not enough information,6.7%,14.5%,16.9%,40.7%,73.8%,28.6%,16.7%,35.8%,29.1%,40.7%,Not enough information,4.0%,1.9%,Not enough information,Not enough information,11.0%,Not enough information,N/A,N/A,N/A,N/A,N/A,N/A,N/A,N/A,N/A,N/A,N/A,N/A,N/A,N/A,N/A,N/A,N/A,N/A,N/A,N/A,N/A,N/A,N/A,N/A,N/A,N/A,N/A,N/A,N/A,N/A,N/A,N/A,N/A,N/A,N/A,N/A
11439,00-0038794,Jaleel McLaughlin,RB,,219,complete,OUTCOME_V3_BLOCKED_LOW_SAMPLE|OUTCOME_V3_BLOCKED_WEAK_CALIBRATION|OUTCOME_V3_DIRECTIONALLY_BETTER_NOT_ADOPTED|OUTCOME_V3_KEEP_CURRENT_BASELINE|OUTCOME_V3_UPGRADE_ADMISSIBLE,95-892 labeled rows,Higher historical support|Limited historical support|Moderate historical support|Not enough information,,0.006877922409715027,BASELINE_PROJECTION_OR_CURRENT_AUTHORITY_GATE_FAILED|BASELINE_WEAK_AND_NO_CHALLENGER_PASSED_ALL_GATES|CHALLENGER_PASSED_EVERY_FIELD_GATE|CURRENT_BASELINE_RETAINED|DIRECTIONALLY_BETTER_BUT_ONE_OR_MORE_GATES_FAILED|HISTORICAL_SAMPLE_GATE_FAILED,NWR_OUTCOME_COLUMNS_V3_RC1,N/A,N/A,N/A,N/A,N/A,N/A,N/A,N/A,N/A,N/A,N/A,N/A,Not enough information,3.1%,5.4%,4.6%,17.0%,Not enough information,Not enough information,3.6%,7.7%,8.3%,21.3%,57.3%,13.6%,3.6%,15.7%,15.5%,26.5%,Not enough information,4.0%,1.9%,Not enough information,Not enough information,11.0%,Not enough information,N/A,N/A,N/A,N/A,N/A,N/A,N/A,N/A,N/A,N/A,N/A,N/A,N/A,N/A,N/A,N/A,N/A,N/A,N/A,N/A,N/A,N/A,N/A,N/A,N/A,N/A,N/A,N/A,N/A,N/A,N/A,N/A,N/A,N/A,N/A,N/A
9511,00-0038454,Keaton Mitchell,RB,,220,complete,OUTCOME_V3_BLOCKED_LOW_SAMPLE|OUTCOME_V3_BLOCKED_WEAK_CALIBRATION|OUTCOME_V3_DIRECTIONALLY_BETTER_NOT_ADOPTED|OUTCOME_V3_KEEP_CURRENT_BASELINE|OUTCOME_V3_UPGRADE_ADMISSIBLE,95-892 labeled rows,Higher historical support|Limited historical support|Moderate historical support|Not enough information,,0.07338086749851458,BASELINE_PROJECTION_OR_CURRENT_AUTHORITY_GATE_FAILED|BASELINE_WEAK_AND_NO_CHALLENGER_PASSED_ALL_GATES|CHALLENGER_PASSED_EVERY_FIELD_GATE|CURRENT_BASELINE_RETAINED|DIRECTIONALLY_BETTER_BUT_ONE_OR_MORE_GATES_FAILED|HISTORICAL_SAMPLE_GATE_FAILED,NWR_OUTCOME_COLUMNS_V3_RC1,N/A,N/A,N/A,N/A,N/A,N/A,N/A,N/A,N/A,N/A,N/A,N/A,Not enough information,3.1%,5.4%,4.6%,17.0%,Not enough information,Not enough information,6.7%,14.5%,16.9%,40.7%,73.8%,28.6%,16.7%,35.8%,29.1%,40.7%,Not enough information,4.0%,1.9%,Not enough information,Not enough information,11.0%,Not enough information,N/A,N/A,N/A,N/A,N/A,N/A,N/A,N/A,N/A,N/A,N/A,N/A,N/A,N/A,N/A,N/A,N/A,N/A,N/A,N/A,N/A,N/A,N/A,N/A,N/A,N/A,N/A,N/A,N/A,N/A,N/A,N/A,N/A,N/A,N/A,N/A
12544,00-0040238,LeQuint Allen,RB,,221,insufficient,OUTCOME_V3_BLOCKED_LOW_SAMPLE|OUTCOME_V3_BLOCKED_WEAK_CALIBRATION|OUTCOME_V3_DIRECTIONALLY_BETTER_NOT_ADOPTED|OUTCOME_V3_KEEP_CURRENT_BASELINE|OUTCOME_V3_UPGRADE_ADMISSIBLE,95-892 labeled rows,Not enough information,rookie or prospect lacks admitted 2025 NFL feature evidence,,BASELINE_PROJECTION_OR_CURRENT_AUTHORITY_GATE_FAILED|BASELINE_WEAK_AND_NO_CHALLENGER_PASSED_ALL_GATES|CHALLENGER_PASSED_EVERY_FIELD_GATE|CURRENT_BASELINE_RETAINED|DIRECTIONALLY_BETTER_BUT_ONE_OR_MORE_GATES_FAILED|HISTORICAL_SAMPLE_GATE_FAILED,NWR_OUTCOME_COLUMNS_V3_RC1,N/A,N/A,N/A,N/A,N/A,N/A,N/A,N/A,N/A,N/A,N/A,N/A,Not enough information,Not enough information,Not enough information,Not enough information,Not enough information,Not enough information,Not enough information,Not enough information,Not enough information,Not enough information,Not enough information,Not enough information,Not enough information,Not enough information,Not enough information,Not enough information,Not enough information,Not enough information,Not enough information,Not enough information,Not enough information,Not enough information,Not enough information,Not enough information,N/A,N/A,N/A,N/A,N/A,N/A,N/A,N/A,N/A,N/A,N/A,N/A,N/A,N/A,N/A,N/A,N/A,N/A,N/A,N/A,N/A,N/A,N/A,N/A,N/A,N/A,N/A,N/A,N/A,N/A,N/A,N/A,N/A,N/A,N/A,N/A
4219,00-0033955,Jeremy McNichols,RB,,222,complete,OUTCOME_V3_BLOCKED_LOW_SAMPLE|OUTCOME_V3_BLOCKED_WEAK_CALIBRATION|OUTCOME_V3_DIRECTIONALLY_BETTER_NOT_ADOPTED|OUTCOME_V3_KEEP_CURRENT_BASELINE|OUTCOME_V3_UPGRADE_ADMISSIBLE,95-892 labeled rows,Higher historical support|Limited historical support|Moderate historical support|Not enough information,,0.07338086749851458,BASELINE_PROJECTION_OR_CURRENT_AUTHORITY_GATE_FAILED|BASELINE_WEAK_AND_NO_CHALLENGER_PASSED_ALL_GATES|CHALLENGER_PASSED_EVERY_FIELD_GATE|CURRENT_BASELINE_RETAINED|DIRECTIONALLY_BETTER_BUT_ONE_OR_MORE_GATES_FAILED|HISTORICAL_SAMPLE_GATE_FAILED,NWR_OUTCOME_COLUMNS_V3_RC1,N/A,N/A,N/A,N/A,N/A,N/A,N/A,N/A,N/A,N/A,N/A,N/A,Not enough information,3.1%,5.4%,4.6%,17.0%,Not enough information,Not enough information,6.7%,14.5%,16.9%,40.7%,73.8%,28.6%,16.7%,35.8%,29.1%,40.7%,Not enough information,4.0%,1.9%,Not enough information,Not enough information,11.0%,Not enough information,N/A,N/A,N/A,N/A,N/A,N/A,N/A,N/A,N/A,N/A,N/A,N/A,N/A,N/A,N/A,N/A,N/A,N/A,N/A,N/A,N/A,N/A,N/A,N/A,N/A,N/A,N/A,N/A,N/A,N/A,N/A,N/A,N/A,N/A,N/A,N/A
4988,00-0034791,Nick Chubb,RB,,223,complete,OUTCOME_V3_BLOCKED_LOW_SAMPLE|OUTCOME_V3_BLOCKED_WEAK_CALIBRATION|OUTCOME_V3_DIRECTIONALLY_BETTER_NOT_ADOPTED|OUTCOME_V3_KEEP_CURRENT_BASELINE|OUTCOME_V3_UPGRADE_ADMISSIBLE,95-892 labeled rows,Higher historical support|Limited historical support|Moderate historical support|Not enough information,,0.07338086749851458,BASELINE_PROJECTION_OR_CURRENT_AUTHORITY_GATE_FAILED|BASELINE_WEAK_AND_NO_CHALLENGER_PASSED_ALL_GATES|CHALLENGER_PASSED_EVERY_FIELD_GATE|CURRENT_BASELINE_RETAINED|DIRECTIONALLY_BETTER_BUT_ONE_OR_MORE_GATES_FAILED|HISTORICAL_SAMPLE_GATE_FAILED,NWR_OUTCOME_COLUMNS_V3_RC1,N/A,N/A,N/A,N/A,N/A,N/A,N/A,N/A,N/A,N/A,N/A,N/A,Not enough information,3.1%,5.4%,4.6%,17.0%,Not enough information,Not enough information,6.7%,14.5%,16.9%,40.7%,73.8%,28.6%,16.7%,35.8%,29.1%,40.7%,Not enough information,4.0%,1.9%,Not enough information,Not enough information,11.0%,Not enough information,N/A,N/A,N/A,N/A,N/A,N/A,N/A,N/A,N/A,N/A,N/A,N/A,N/A,N/A,N/A,N/A,N/A,N/A,N/A,N/A,N/A,N/A,N/A,N/A,N/A,N/A,N/A,N/A,N/A,N/A,N/A,N/A,N/A,N/A,N/A,N/A
11576,00-0039794,Braelon Allen,RB,,224,complete,OUTCOME_V3_BLOCKED_LOW_SAMPLE|OUTCOME_V3_BLOCKED_WEAK_CALIBRATION|OUTCOME_V3_DIRECTIONALLY_BETTER_NOT_ADOPTED|OUTCOME_V3_KEEP_CURRENT_BASELINE|OUTCOME_V3_UPGRADE_ADMISSIBLE,95-892 labeled rows,Higher historical support|Limited historical support|Moderate historical support|Not enough information,,0.006877922409715027,BASELINE_PROJECTION_OR_CURRENT_AUTHORITY_GATE_FAILED|BASELINE_WEAK_AND_NO_CHALLENGER_PASSED_ALL_GATES|CHALLENGER_PASSED_EVERY_FIELD_GATE|CURRENT_BASELINE_RETAINED|DIRECTIONALLY_BETTER_BUT_ONE_OR_MORE_GATES_FAILED|HISTORICAL_SAMPLE_GATE_FAILED,NWR_OUTCOME_COLUMNS_V3_RC1,N/A,N/A,N/A,N/A,N/A,N/A,N/A,N/A,N/A,N/A,N/A,N/A,Not enough information,3.1%,5.4%,4.6%,17.0%,Not enough information,Not enough information,3.6%,7.7%,8.3%,21.3%,57.3%,13.6%,3.6%,15.7%,15.5%,26.5%,Not enough information,4.0%,1.9%,Not enough information,Not enough information,11.0%,Not enough information,N/A,N/A,N/A,N/A,N/A,N/A,N/A,N/A,N/A,N/A,N/A,N/A,N/A,N/A,N/A,N/A,N/A,N/A,N/A,N/A,N/A,N/A,N/A,N/A,N/A,N/A,N/A,N/A,N/A,N/A,N/A,N/A,N/A,N/A,N/A,N/A
9225,00-0038555,Tank Bigsby,RB,,225,complete,OUTCOME_V3_BLOCKED_LOW_SAMPLE|OUTCOME_V3_BLOCKED_WEAK_CALIBRATION|OUTCOME_V3_DIRECTIONALLY_BETTER_NOT_ADOPTED|OUTCOME_V3_KEEP_CURRENT_BASELINE|OUTCOME_V3_UPGRADE_ADMISSIBLE,95-892 labeled rows,Higher historical support|Limited historical support|Moderate historical support|Not enough information,,0.07338086749851458,BASELINE_PROJECTION_OR_CURRENT_AUTHORITY_GATE_FAILED|BASELINE_WEAK_AND_NO_CHALLENGER_PASSED_ALL_GATES|CHALLENGER_PASSED_EVERY_FIELD_GATE|CURRENT_BASELINE_RETAINED|DIRECTIONALLY_BETTER_BUT_ONE_OR_MORE_GATES_FAILED|HISTORICAL_SAMPLE_GATE_FAILED,NWR_OUTCOME_COLUMNS_V3_RC1,N/A,N/A,N/A,N/A,N/A,N/A,N/A,N/A,N/A,N/A,N/A,N/A,Not enough information,3.1%,5.4%,4.6%,17.0%,Not enough information,Not enough information,6.7%,14.5%,16.9%,40.7%,73.8%,28.6%,16.7%,35.8%,29.1%,40.7%,Not enough information,4.0%,1.9%,Not enough information,Not enough information,11.0%,Not enough information,N/A,N/A,N/A,N/A,N/A,N/A,N/A,N/A,N/A,N/A,N/A,N/A,N/A,N/A,N/A,N/A,N/A,N/A,N/A,N/A,N/A,N/A,N/A,N/A,N/A,N/A,N/A,N/A,N/A,N/A,N/A,N/A,N/A,N/A,N/A,N/A
2505,00-0031610,Darren Waller,TE,,226,complete,OUTCOME_V3_BLOCKED_WEAK_CALIBRATION|OUTCOME_V3_KEEP_CURRENT_BASELINE,119-769 labeled rows,Limited historical support|Moderate historical support,,0.0,BASELINE_WEAK_AND_NO_CHALLENGER_PASSED_ALL_GATES|CURRENT_BASELINE_RETAINED,NWR_OUTCOME_COLUMNS_V3_RC1,N/A,N/A,N/A,N/A,N/A,N/A,N/A,N/A,N/A,N/A,N/A,N/A,N/A,N/A,N/A,N/A,N/A,N/A,N/A,N/A,N/A,N/A,N/A,N/A,N/A,N/A,N/A,N/A,N/A,N/A,N/A,N/A,N/A,N/A,N/A,N/A,12.8%,12.8%,13.2%,13.1%,37.9%,Not enough information,1.6%,1.0%,1.0%,1.0%,3.7%,12.5%,N/A,N/A,N/A,N/A,N/A,N/A,N/A,N/A,N/A,N/A,N/A,N/A,N/A,N/A,N/A,N/A,N/A,N/A,N/A,N/A,N/A,N/A,N/A,N/A
11583,00-0039344,Jonathon Brooks,RB,,227,insufficient,OUTCOME_V3_BLOCKED_LOW_SAMPLE|OUTCOME_V3_BLOCKED_WEAK_CALIBRATION|OUTCOME_V3_DIRECTIONALLY_BETTER_NOT_ADOPTED|OUTCOME_V3_KEEP_CURRENT_BASELINE|OUTCOME_V3_UPGRADE_ADMISSIBLE,95-892 labeled rows,Not enough information,missing admitted 2025 regular-season feature row,,BASELINE_PROJECTION_OR_CURRENT_AUTHORITY_GATE_FAILED|BASELINE_WEAK_AND_NO_CHALLENGER_PASSED_ALL_GATES|CHALLENGER_PASSED_EVERY_FIELD_GATE|CURRENT_BASELINE_RETAINED|DIRECTIONALLY_BETTER_BUT_ONE_OR_MORE_GATES_FAILED|HISTORICAL_SAMPLE_GATE_FAILED,NWR_OUTCOME_COLUMNS_V3_RC1,N/A,N/A,N/A,N/A,N/A,N/A,N/A,N/A,N/A,N/A,N/A,N/A,Not enough information,Not enough information,Not enough information,Not enough information,Not enough information,Not enough information,Not enough information,Not enough information,Not enough information,Not enough information,Not enough information,Not enough information,Not enough information,Not enough information,Not enough information,Not enough information,Not enough information,Not enough information,Not enough information,Not enough information,Not enough information,Not enough information,Not enough information,Not enough information,N/A,N/A,N/A,N/A,N/A,N/A,N/A,N/A,N/A,N/A,N/A,N/A,N/A,N/A,N/A,N/A,N/A,N/A,N/A,N/A,N/A,N/A,N/A,N/A,N/A,N/A,N/A,N/A,N/A,N/A,N/A,N/A,N/A,N/A,N/A,N/A
11581,00-0039811,MarShawn Lloyd,RB,,228,insufficient,OUTCOME_V3_BLOCKED_LOW_SAMPLE|OUTCOME_V3_BLOCKED_WEAK_CALIBRATION|OUTCOME_V3_DIRECTIONALLY_BETTER_NOT_ADOPTED|OUTCOME_V3_KEEP_CURRENT_BASELINE|OUTCOME_V3_UPGRADE_ADMISSIBLE,95-892 labeled rows,Not enough information,missing admitted 2025 regular-season feature row,,BASELINE_PROJECTION_OR_CURRENT_AUTHORITY_GATE_FAILED|BASELINE_WEAK_AND_NO_CHALLENGER_PASSED_ALL_GATES|CHALLENGER_PASSED_EVERY_FIELD_GATE|CURRENT_BASELINE_RETAINED|DIRECTIONALLY_BETTER_BUT_ONE_OR_MORE_GATES_FAILED|HISTORICAL_SAMPLE_GATE_FAILED,NWR_OUTCOME_COLUMNS_V3_RC1,N/A,N/A,N/A,N/A,N/A,N/A,N/A,N/A,N/A,N/A,N/A,N/A,Not enough information,Not enough information,Not enough information,Not enough information,Not enough information,Not enough information,Not enough information,Not enough information,Not enough information,Not enough information,Not enough information,Not enough information,Not enough information,Not enough information,Not enough information,Not enough information,Not enough information,Not enough information,Not enough information,Not enough information,Not enough information,Not enough information,Not enough information,Not enough information,N/A,N/A,N/A,N/A,N/A,N/A,N/A,N/A,N/A,N/A,N/A,N/A,N/A,N/A,N/A,N/A,N/A,N/A,N/A,N/A,N/A,N/A,N/A,N/A,N/A,N/A,N/A,N/A,N/A,N/A,N/A,N/A,N/A,N/A,N/A,N/A
12457,00-0040586,Jaydon Blue,RB,,229,insufficient,OUTCOME_V3_BLOCKED_LOW_SAMPLE|OUTCOME_V3_BLOCKED_WEAK_CALIBRATION|OUTCOME_V3_DIRECTIONALLY_BETTER_NOT_ADOPTED|OUTCOME_V3_KEEP_CURRENT_BASELINE|OUTCOME_V3_UPGRADE_ADMISSIBLE,95-892 labeled rows,Not enough information,rookie or prospect lacks admitted 2025 NFL feature evidence,,BASELINE_PROJECTION_OR_CURRENT_AUTHORITY_GATE_FAILED|BASELINE_WEAK_AND_NO_CHALLENGER_PASSED_ALL_GATES|CHALLENGER_PASSED_EVERY_FIELD_GATE|CURRENT_BASELINE_RETAINED|DIRECTIONALLY_BETTER_BUT_ONE_OR_MORE_GATES_FAILED|HISTORICAL_SAMPLE_GATE_FAILED,NWR_OUTCOME_COLUMNS_V3_RC1,N/A,N/A,N/A,N/A,N/A,N/A,N/A,N/A,N/A,N/A,N/A,N/A,Not enough information,Not enough information,Not enough information,Not enough information,Not enough information,Not enough information,Not enough information,Not enough information,Not enough information,Not enough information,Not enough information,Not enough information,Not enough information,Not enough information,Not enough information,Not enough information,Not enough information,Not enough information,Not enough information,Not enough information,Not enough information,Not enough information,Not enough information,Not enough information,N/A,N/A,N/A,N/A,N/A,N/A,N/A,N/A,N/A,N/A,N/A,N/A,N/A,N/A,N/A,N/A,N/A,N/A,N/A,N/A,N/A,N/A,N/A,N/A,N/A,N/A,N/A,N/A,N/A,N/A,N/A,N/A,N/A,N/A,N/A,N/A
10235,00-0039021,Roschon Johnson,RB,,230,complete,OUTCOME_V3_BLOCKED_LOW_SAMPLE|OUTCOME_V3_BLOCKED_WEAK_CALIBRATION|OUTCOME_V3_DIRECTIONALLY_BETTER_NOT_ADOPTED|OUTCOME_V3_KEEP_CURRENT_BASELINE|OUTCOME_V3_UPGRADE_ADMISSIBLE,95-892 labeled rows,Higher historical support|Limited historical support|Moderate historical support|Not enough information,,0.0,BASELINE_PROJECTION_OR_CURRENT_AUTHORITY_GATE_FAILED|BASELINE_WEAK_AND_NO_CHALLENGER_PASSED_ALL_GATES|CHALLENGER_PASSED_EVERY_FIELD_GATE|CURRENT_BASELINE_RETAINED|DIRECTIONALLY_BETTER_BUT_ONE_OR_MORE_GATES_FAILED|HISTORICAL_SAMPLE_GATE_FAILED,NWR_OUTCOME_COLUMNS_V3_RC1,N/A,N/A,N/A,N/A,N/A,N/A,N/A,N/A,N/A,N/A,N/A,N/A,Not enough information,3.1%,5.4%,4.6%,17.0%,Not enough information,Not enough information,3.6%,7.7%,8.3%,21.3%,57.3%,13.3%,8.2%,18.3%,11.8%,26.5%,Not enough information,4.0%,1.9%,Not enough information,Not enough information,11.0%,Not enough information,N/A,N/A,N/A,N/A,N/A,N/A,N/A,N/A,N/A,N/A,N/A,N/A,N/A,N/A,N/A,N/A,N/A,N/A,N/A,N/A,N/A,N/A,N/A,N/A,N/A,N/A,N/A,N/A,N/A,N/A,N/A,N/A,N/A,N/A,N/A,N/A
1339,00-0030061,Zach Ertz,TE,,231,complete,OUTCOME_V3_BLOCKED_WEAK_CALIBRATION|OUTCOME_V3_KEEP_CURRENT_BASELINE,119-769 labeled rows,Limited historical support|Moderate historical support,,0.0,BASELINE_WEAK_AND_NO_CHALLENGER_PASSED_ALL_GATES|CURRENT_BASELINE_RETAINED,NWR_OUTCOME_COLUMNS_V3_RC1,N/A,N/A,N/A,N/A,N/A,N/A,N/A,N/A,N/A,N/A,N/A,N/A,N/A,N/A,N/A,N/A,N/A,N/A,N/A,N/A,N/A,N/A,N/A,N/A,N/A,N/A,N/A,N/A,N/A,N/A,N/A,N/A,N/A,N/A,N/A,N/A,23.8%,25.9%,29.5%,18.8%,51.2%,Not enough information,1.6%,1.0%,1.0%,1.0%,3.7%,12.5%,N/A,N/A,N/A,N/A,N/A,N/A,N/A,N/A,N/A,N/A,N/A,N/A,N/A,N/A,N/A,N/A,N/A,N/A,N/A,N/A,N/A,N/A,N/A,N/A
12504,00-0040142,Kaleb Johnson,RB,,232,insufficient,OUTCOME_V3_BLOCKED_LOW_SAMPLE|OUTCOME_V3_BLOCKED_WEAK_CALIBRATION|OUTCOME_V3_DIRECTIONALLY_BETTER_NOT_ADOPTED|OUTCOME_V3_KEEP_CURRENT_BASELINE|OUTCOME_V3_UPGRADE_ADMISSIBLE,95-892 labeled rows,Not enough information,rookie or prospect lacks admitted 2025 NFL feature evidence,,BASELINE_PROJECTION_OR_CURRENT_AUTHORITY_GATE_FAILED|BASELINE_WEAK_AND_NO_CHALLENGER_PASSED_ALL_GATES|CHALLENGER_PASSED_EVERY_FIELD_GATE|CURRENT_BASELINE_RETAINED|DIRECTIONALLY_BETTER_BUT_ONE_OR_MORE_GATES_FAILED|HISTORICAL_SAMPLE_GATE_FAILED,NWR_OUTCOME_COLUMNS_V3_RC1,N/A,N/A,N/A,N/A,N/A,N/A,N/A,N/A,N/A,N/A,N/A,N/A,Not enough information,Not enough information,Not enough information,Not enough information,Not enough information,Not enough information,Not enough information,Not enough information,Not enough information,Not enough information,Not enough information,Not enough information,Not enough information,Not enough information,Not enough information,Not enough information,Not enough information,Not enough information,Not enough information,Not enough information,Not enough information,Not enough information,Not enough information,Not enough information,N/A,N/A,N/A,N/A,N/A,N/A,N/A,N/A,N/A,N/A,N/A,N/A,N/A,N/A,N/A,N/A,N/A,N/A,N/A,N/A,N/A,N/A,N/A,N/A,N/A,N/A,N/A,N/A,N/A,N/A,N/A,N/A,N/A,N/A,N/A,N/A
11533,,Brandon Aubrey,K,,,insufficient,Not enough information,Not enough information,Not enough information,position is outside governed QB/RB/WR/TE Outcome families,,NO_APPLICABLE_FIELDS,NWR_OUTCOME_COLUMNS_V3_RC1,N/A,N/A,N/A,N/A,N/A,N/A,N/A,N/A,N/A,N/A,N/A,N/A,N/A,N/A,N/A,N/A,N/A,N/A,N/A,N/A,N/A,N/A,N/A,N/A,N/A,N/A,N/A,N/A,N/A,N/A,N/A,N/A,N/A,N/A,N/A,N/A,N/A,N/A,N/A,N/A,N/A,N/A,N/A,N/A,N/A,N/A,N/A,N/A,N/A,N/A,N/A,N/A,N/A,N/A,N/A,N/A,N/A,N/A,N/A,N/A,N/A,N/A,N/A,N/A,N/A,N/A,N/A,N/A,N/A,N/A,N/A,N/A
8259,,Cameron Dicker,K,,,insufficient,Not enough information,Not enough information,Not enough information,position is outside governed QB/RB/WR/TE Outcome families,,NO_APPLICABLE_FIELDS,NWR_OUTCOME_COLUMNS_V3_RC1,N/A,N/A,N/A,N/A,N/A,N/A,N/A,N/A,N/A,N/A,N/A,N/A,N/A,N/A,N/A,N/A,N/A,N/A,N/A,N/A,N/A,N/A,N/A,N/A,N/A,N/A,N/A,N/A,N/A,N/A,N/A,N/A,N/A,N/A,N/A,N/A,N/A,N/A,N/A,N/A,N/A,N/A,N/A,N/A,N/A,N/A,N/A,N/A,N/A,N/A,N/A,N/A,N/A,N/A,N/A,N/A,N/A,N/A,N/A,N/A,N/A,N/A,N/A,N/A,N/A,N/A,N/A,N/A,N/A,N/A,N/A,N/A
2747,,Jason Myers,K,,,insufficient,Not enough information,Not enough information,Not enough information,position is outside governed QB/RB/WR/TE Outcome families,,NO_APPLICABLE_FIELDS,NWR_OUTCOME_COLUMNS_V3_RC1,N/A,N/A,N/A,N/A,N/A,N/A,N/A,N/A,N/A,N/A,N/A,N/A,N/A,N/A,N/A,N/A,N/A,N/A,N/A,N/A,N/A,N/A,N/A,N/A,N/A,N/A,N/A,N/A,N/A,N/A,N/A,N/A,N/A,N/A,N/A,N/A,N/A,N/A,N/A,N/A,N/A,N/A,N/A,N/A,N/A,N/A,N/A,N/A,N/A,N/A,N/A,N/A,N/A,N/A,N/A,N/A,N/A,N/A,N/A,N/A,N/A,N/A,N/A,N/A,N/A,N/A,N/A,N/A,N/A,N/A,N/A,N/A
5189,,Eddy Pineiro,K,,,insufficient,Not enough information,Not enough information,Not enough information,position is outside governed QB/RB/WR/TE Outcome families,,NO_APPLICABLE_FIELDS,NWR_OUTCOME_COLUMNS_V3_RC1,N/A,N/A,N/A,N/A,N/A,N/A,N/A,N/A,N/A,N/A,N/A,N/A,N/A,N/A,N/A,N/A,N/A,N/A,N/A,N/A,N/A,N/A,N/A,N/A,N/A,N/A,N/A,N/A,N/A,N/A,N/A,N/A,N/A,N/A,N/A,N/A,N/A,N/A,N/A,N/A,N/A,N/A,N/A,N/A,N/A,N/A,N/A,N/A,N/A,N/A,N/A,N/A,N/A,N/A,N/A,N/A,N/A,N/A,N/A,N/A,N/A,N/A,N/A,N/A,N/A,N/A,N/A,N/A,N/A,N/A,N/A,N/A
11539,,Jake Bates,K,,,insufficient,Not enough information,Not enough information,Not enough information,position is outside governed QB/RB/WR/TE Outcome families,,NO_APPLICABLE_FIELDS,NWR_OUTCOME_COLUMNS_V3_RC1,N/A,N/A,N/A,N/A,N/A,N/A,N/A,N/A,N/A,N/A,N/A,N/A,N/A,N/A,N/A,N/A,N/A,N/A,N/A,N/A,N/A,N/A,N/A,N/A,N/A,N/A,N/A,N/A,N/A,N/A,N/A,N/A,N/A,N/A,N/A,N/A,N/A,N/A,N/A,N/A,N/A,N/A,N/A,N/A,N/A,N/A,N/A,N/A,N/A,N/A,N/A,N/A,N/A,N/A,N/A,N/A,N/A,N/A,N/A,N/A,N/A,N/A,N/A,N/A,N/A,N/A,N/A,N/A,N/A,N/A,N/A,N/A
1945,,Chris Boswell,K,,,insufficient,Not enough information,Not enough information,Not enough information,position is outside governed QB/RB/WR/TE Outcome families,,NO_APPLICABLE_FIELDS,NWR_OUTCOME_COLUMNS_V3_RC1,N/A,N/A,N/A,N/A,N/A,N/A,N/A,N/A,N/A,N/A,N/A,N/A,N/A,N/A,N/A,N/A,N/A,N/A,N/A,N/A,N/A,N/A,N/A,N/A,N/A,N/A,N/A,N/A,N/A,N/A,N/A,N/A,N/A,N/A,N/A,N/A,N/A,N/A,N/A,N/A,N/A,N/A,N/A,N/A,N/A,N/A,N/A,N/A,N/A,N/A,N/A,N/A,N/A,N/A,N/A,N/A,N/A,N/A,N/A,N/A,N/A,N/A,N/A,N/A,N/A,N/A,N/A,N/A,N/A,N/A,N/A,N/A
4227,,Harrison Butker,K,,,insufficient,Not enough information,Not enough information,Not enough information,position is outside governed QB/RB/WR/TE Outcome families,,NO_APPLICABLE_FIELDS,NWR_OUTCOME_COLUMNS_V3_RC1,N/A,N/A,N/A,N/A,N/A,N/A,N/A,N/A,N/A,N/A,N/A,N/A,N/A,N/A,N/A,N/A,N/A,N/A,N/A,N/A,N/A,N/A,N/A,N/A,N/A,N/A,N/A,N/A,N/A,N/A,N/A,N/A,N/A,N/A,N/A,N/A,N/A,N/A,N/A,N/A,N/A,N/A,N/A,N/A,N/A,N/A,N/A,N/A,N/A,N/A,N/A,N/A,N/A,N/A,N/A,N/A,N/A,N/A,N/A,N/A,N/A,N/A,N/A,N/A,N/A,N/A,N/A,N/A,N/A,N/A,N/A,N/A
17,,Matt Prater,K,,,insufficient,Not enough information,Not enough information,Not enough information,position is outside governed QB/RB/WR/TE Outcome families,,NO_APPLICABLE_FIELDS,NWR_OUTCOME_COLUMNS_V3_RC1,N/A,N/A,N/A,N/A,N/A,N/A,N/A,N/A,N/A,N/A,N/A,N/A,N/A,N/A,N/A,N/A,N/A,N/A,N/A,N/A,N/A,N/A,N/A,N/A,N/A,N/A,N/A,N/A,N/A,N/A,N/A,N/A,N/A,N/A,N/A,N/A,N/A,N/A,N/A,N/A,N/A,N/A,N/A,N/A,N/A,N/A,N/A,N/A,N/A,N/A,N/A,N/A,N/A,N/A,N/A,N/A,N/A,N/A,N/A,N/A,N/A,N/A,N/A,N/A,N/A,N/A,N/A,N/A,N/A,N/A,N/A,N/A
