player_id,draft_year,draft_round,draft_pick,draft_team,positive_draft_picks_evidence,review_admission_status,missingness_rule,model_use_allowed,training_allowed,source_truth_allowed
00-0019559,2000,1,18,NYJ,true,drafted_only_review_admission,Missing draft capital is Not enough information and is not confirmed UDFA; fake round 8 is blocked.,false,false,false
00-0019709,2000,3,75,BAL,true,drafted_only_review_admission,Missing draft capital is Not enough information and is not confirmed UDFA; fake round 8 is blocked.,false,false,false
Not enough information,2000,3,65,SFO,true,drafted_only_review_admission,Missing draft capital is Not enough information and is not confirmed UDFA; fake round 8 is blocked.,false,false,false
Not enough information,2000,6,205,SDG,true,drafted_only_review_admission,Missing draft capital is Not enough information and is not confirmed UDFA; fake round 8 is blocked.,false,false,false
00-0019682,2000,7,214,DEN,true,drafted_only_review_admission,Missing draft capital is Not enough information and is not confirmed UDFA; fake round 8 is blocked.,false,false,false
00-0019579,2000,7,234,TAM,true,drafted_only_review_admission,Missing draft capital is Not enough information and is not confirmed UDFA; fake round 8 is blocked.,false,false,false
00-0019599,2000,6,168,NOR,true,drafted_only_review_admission,Missing draft capital is Not enough information and is not confirmed UDFA; fake round 8 is blocked.,false,false,false
00-0019553,2000,6,183,CLE,true,drafted_only_review_admission,Missing draft capital is Not enough information and is not confirmed UDFA; fake round 8 is blocked.,false,false,false
00-0019633,2000,5,163,PIT,true,drafted_only_review_admission,Missing draft capital is Not enough information and is not confirmed UDFA; fake round 8 is blocked.,false,false,false
00-0019623,2000,7,212,SFO,true,drafted_only_review_admission,Missing draft capital is Not enough information and is not confirmed UDFA; fake round 8 is blocked.,false,false,false
00-0019622,2000,6,202,WAS,true,drafted_only_review_admission,Missing draft capital is Not enough information and is not confirmed UDFA; fake round 8 is blocked.,false,false,false
00-0019596,2000,6,199,NWE,true,drafted_only_review_admission,Missing draft capital is Not enough information and is not confirmed UDFA; fake round 8 is blocked.,false,false,false
00-0019590,2000,5,166,NOR,true,drafted_only_review_admission,Missing draft capital is Not enough information and is not confirmed UDFA; fake round 8 is blocked.,false,false,false
00-0019466,2000,4,97,CIN,true,drafted_only_review_admission,Missing draft capital is Not enough information and is not confirmed UDFA; fake round 8 is blocked.,false,false,false
00-0019712,2000,3,88,MIN,true,drafted_only_review_admission,Missing draft capital is Not enough information and is not confirmed UDFA; fake round 8 is blocked.,false,false,false
00-0019471,2000,4,115,KAN,true,drafted_only_review_admission,Missing draft capital is Not enough information and is not confirmed UDFA; fake round 8 is blocked.,false,false,false
00-0019722,2000,3,76,NWE,true,drafted_only_review_admission,Missing draft capital is Not enough information and is not confirmed UDFA; fake round 8 is blocked.,false,false,false
00-0019693,2000,1,5,BAL,true,drafted_only_review_admission,Missing draft capital is Not enough information and is not confirmed UDFA; fake round 8 is blocked.,false,false,false
00-0019614,2000,5,144,DAL,true,drafted_only_review_admission,Missing draft capital is Not enough information and is not confirmed UDFA; fake round 8 is blocked.,false,false,false
00-0019594,2000,6,189,DEN,true,drafted_only_review_admission,Missing draft capital is Not enough information and is not confirmed UDFA; fake round 8 is blocked.,false,false,false
00-0019576,2000,7,213,TEN,true,drafted_only_review_admission,Missing draft capital is Not enough information and is not confirmed UDFA; fake round 8 is blocked.,false,false,false
00-0019673,2000,5,132,SFO,true,drafted_only_review_admission,Missing draft capital is Not enough information and is not confirmed UDFA; fake round 8 is blocked.,false,false,false
00-0019610,2000,3,81,DET,true,drafted_only_review_admission,Missing draft capital is Not enough information and is not confirmed UDFA; fake round 8 is blocked.,false,false,false
00-0019643,2000,1,11,NYG,true,drafted_only_review_admission,Missing draft capital is Not enough information and is not confirmed UDFA; fake round 8 is blocked.,false,false,false
00-0019534,2000,7,252,GNB,true,drafted_only_review_admission,Missing draft capital is Not enough information and is not confirmed UDFA; fake round 8 is blocked.,false,false,false
00-0019484,2000,5,156,BUF,true,drafted_only_review_admission,Missing draft capital is Not enough information and is not confirmed UDFA; fake round 8 is blocked.,false,false,false
00-0019647,2000,1,19,SEA,true,drafted_only_review_admission,Missing draft capital is Not enough information and is not confirmed UDFA; fake round 8 is blocked.,false,false,false
00-0018971,2000,7,243,JAX,true,drafted_only_review_admission,Missing draft capital is Not enough information and is not confirmed UDFA; fake round 8 is blocked.,false,false,false
Not enough information,2000,6,171,PHI,true,drafted_only_review_admission,Missing draft capital is Not enough information and is not confirmed UDFA; fake round 8 is blocked.,false,false,false
00-0019641,2000,1,7,ARI,true,drafted_only_review_admission,Missing draft capital is Not enough information and is not confirmed UDFA; fake round 8 is blocked.,false,false,false
00-0019609,2000,3,63,CLE,true,drafted_only_review_admission,Missing draft capital is Not enough information and is not confirmed UDFA; fake round 8 is blocked.,false,false,false
00-0019649,2000,1,31,STL,true,drafted_only_review_admission,Missing draft capital is Not enough information and is not confirmed UDFA; fake round 8 is blocked.,false,false,false
00-0019564,2000,4,110,CLE,true,drafted_only_review_admission,Missing draft capital is Not enough information and is not confirmed UDFA; fake round 8 is blocked.,false,false,false
00-0019457,2000,1,27,NYJ,true,drafted_only_review_admission,Missing draft capital is Not enough information and is not confirmed UDFA; fake round 8 is blocked.,false,false,false
00-0019589,2000,5,158,NOR,true,drafted_only_review_admission,Missing draft capital is Not enough information and is not confirmed UDFA; fake round 8 is blocked.,false,false,false
00-0019681,2000,7,210,CIN,true,drafted_only_review_admission,Missing draft capital is Not enough information and is not confirmed UDFA; fake round 8 is blocked.,false,false,false
00-0019548,2000,7,230,SFO,true,drafted_only_review_admission,Missing draft capital is Not enough information and is not confirmed UDFA; fake round 8 is blocked.,false,false,false
00-0019644,2000,1,14,GNB,true,drafted_only_review_admission,Missing draft capital is Not enough information and is not confirmed UDFA; fake round 8 is blocked.,false,false,false
00-0019598,2000,5,141,NWE,true,drafted_only_review_admission,Missing draft capital is Not enough information and is not confirmed UDFA; fake round 8 is blocked.,false,false,false
00-0019464,2000,3,87,CHI,true,drafted_only_review_admission,Missing draft capital is Not enough information and is not confirmed UDFA; fake round 8 is blocked.,false,false,false
00-0019659,2000,3,68,TEN,true,drafted_only_review_admission,Missing draft capital is Not enough information and is not confirmed UDFA; fake round 8 is blocked.,false,false,false
Not enough information,2000,7,244,MIN,true,drafted_only_review_admission,Missing draft capital is Not enough information and is not confirmed UDFA; fake round 8 is blocked.,false,false,false
00-0019569,2000,5,157,TAM,true,drafted_only_review_admission,Missing draft capital is Not enough information and is not confirmed UDFA; fake round 8 is blocked.,false,false,false
Not enough information,2000,6,204,PIT,true,drafted_only_review_admission,Missing draft capital is Not enough information and is not confirmed UDFA; fake round 8 is blocked.,false,false,false
00-0019486,2000,5,164,ARI,true,drafted_only_review_admission,Missing draft capital is Not enough information and is not confirmed UDFA; fake round 8 is blocked.,false,false,false
00-0019558,2000,7,227,OAK,true,drafted_only_review_admission,Missing draft capital is Not enough information and is not confirmed UDFA; fake round 8 is blocked.,false,false,false
Not enough information,2000,4,114,GNB,true,drafted_only_review_admission,Missing draft capital is Not enough information and is not confirmed UDFA; fake round 8 is blocked.,false,false,false
00-0019547,2000,4,121,BUF,true,drafted_only_review_admission,Missing draft capital is Not enough information and is not confirmed UDFA; fake round 8 is blocked.,false,false,false
00-0019505,2000,7,242,GNB,true,drafted_only_review_admission,Missing draft capital is Not enough information and is not confirmed UDFA; fake round 8 is blocked.,false,false,false
00-0019661,2000,3,70,DEN,true,drafted_only_review_admission,Missing draft capital is Not enough information and is not confirmed UDFA; fake round 8 is blocked.,false,false,false
00-0019543,2000,4,103,PIT,true,drafted_only_review_admission,Missing draft capital is Not enough information and is not confirmed UDFA; fake round 8 is blocked.,false,false,false
00-0019539,2000,5,153,KAN,true,drafted_only_review_admission,Missing draft capital is Not enough information and is not confirmed UDFA; fake round 8 is blocked.,false,false,false
00-0019663,2000,3,80,SEA,true,drafted_only_review_admission,Missing draft capital is Not enough information and is not confirmed UDFA; fake round 8 is blocked.,false,false,false
00-0019650,2000,2,32,CLE,true,drafted_only_review_admission,Missing draft capital is Not enough information and is not confirmed UDFA; fake round 8 is blocked.,false,false,false
Not enough information,2000,7,208,KAN,true,drafted_only_review_admission,Missing draft capital is Not enough information and is not confirmed UDFA; fake round 8 is blocked.,false,false,false
00-0019660,2000,3,69,CHI,true,drafted_only_review_admission,Missing draft capital is Not enough information and is not confirmed UDFA; fake round 8 is blocked.,false,false,false
00-0019625,2000,7,233,BUF,true,drafted_only_review_admission,Missing draft capital is Not enough information and is not confirmed UDFA; fake round 8 is blocked.,false,false,false
00-0019499,2000,6,196,JAX,true,drafted_only_review_admission,Missing draft capital is Not enough information and is not confirmed UDFA; fake round 8 is blocked.,false,false,false
Not enough information,2000,7,250,WAS,true,drafted_only_review_admission,Missing draft capital is Not enough information and is not confirmed UDFA; fake round 8 is blocked.,false,false,false
00-0019487,2000,6,170,CHI,true,drafted_only_review_admission,Missing draft capital is Not enough information and is not confirmed UDFA; fake round 8 is blocked.,false,false,false
00-0019468,2000,4,99,PHI,true,drafted_only_review_admission,Missing draft capital is Not enough information and is not confirmed UDFA; fake round 8 is blocked.,false,false,false
00-0019461,2000,3,79,CLE,true,drafted_only_review_admission,Missing draft capital is Not enough information and is not confirmed UDFA; fake round 8 is blocked.,false,false,false
00-0019491,2000,6,175,SEA,true,drafted_only_review_admission,Missing draft capital is Not enough information and is not confirmed UDFA; fake round 8 is blocked.,false,false,false
00-0019703,2000,2,47,OAK,true,drafted_only_review_admission,Missing draft capital is Not enough information and is not confirmed UDFA; fake round 8 is blocked.,false,false,false
Not enough information,2000,5,151,GNB,true,drafted_only_review_admission,Missing draft capital is Not enough information and is not confirmed UDFA; fake round 8 is blocked.,false,false,false
00-0018958,2000,3,78,NYJ,true,drafted_only_review_admission,Missing draft capital is Not enough information and is not confirmed UDFA; fake round 8 is blocked.,false,false,false
Not enough information,2000,7,246,DEN,true,drafted_only_review_admission,Missing draft capital is Not enough information and is not confirmed UDFA; fake round 8 is blocked.,false,false,false
00-0019488,2000,6,172,ATL,true,drafted_only_review_admission,Missing draft capital is Not enough information and is not confirmed UDFA; fake round 8 is blocked.,false,false,false
Not enough information,2000,5,154,DEN,true,drafted_only_review_admission,Missing draft capital is Not enough information and is not confirmed UDFA; fake round 8 is blocked.,false,false,false
00-0019455,2000,1,4,CIN,true,drafted_only_review_admission,Missing draft capital is Not enough information and is not confirmed UDFA; fake round 8 is blocked.,false,false,false
00-0019642,2000,1,8,PIT,true,drafted_only_review_admission,Missing draft capital is Not enough information and is not confirmed UDFA; fake round 8 is blocked.,false,false,false
00-0019604,2000,1,29,JAX,true,drafted_only_review_admission,Missing draft capital is Not enough information and is not confirmed UDFA; fake round 8 is blocked.,false,false,false
00-0019662,2000,3,73,NYG,true,drafted_only_review_admission,Missing draft capital is Not enough information and is not confirmed UDFA; fake round 8 is blocked.,false,false,false
00-0019708,2000,3,66,CIN,true,drafted_only_review_admission,Missing draft capital is Not enough information and is not confirmed UDFA; fake round 8 is blocked.,false,false,false
Not enough information,2000,6,200,NOR,true,drafted_only_review_admission,Missing draft capital is Not enough information and is not confirmed UDFA; fake round 8 is blocked.,false,false,false
00-0019726,2000,1,21,KAN,true,drafted_only_review_admission,Missing draft capital is Not enough information and is not confirmed UDFA; fake round 8 is blocked.,false,false,false
00-0019606,2000,2,36,PHI,true,drafted_only_review_admission,Missing draft capital is Not enough information and is not confirmed UDFA; fake round 8 is blocked.,false,false,false
00-0019721,2000,1,10,BAL,true,drafted_only_review_admission,Missing draft capital is Not enough information and is not confirmed UDFA; fake round 8 is blocked.,false,false,false
00-0019670,2000,4,111,SDG,true,drafted_only_review_admission,Missing draft capital is Not enough information and is not confirmed UDFA; fake round 8 is blocked.,false,false,false
00-0019552,2000,5,165,MIN,true,drafted_only_review_admission,Missing draft capital is Not enough information and is not confirmed UDFA; fake round 8 is blocked.,false,false,false
00-0019481,2000,5,143,NYJ,true,drafted_only_review_admission,Missing draft capital is Not enough information and is not confirmed UDFA; fake round 8 is blocked.,false,false,false
00-0020305,2001,5,155,PHI,true,drafted_only_review_admission,Missing draft capital is Not enough information and is not confirmed UDFA; fake round 8 is blocked.,false,false,false
00-0020434,2001,4,106,CAR,true,drafted_only_review_admission,Missing draft capital is Not enough information and is not confirmed UDFA; fake round 8 is blocked.,false,false,false
00-0020531,2001,2,32,SDG,true,drafted_only_review_admission,Missing draft capital is Not enough information and is not confirmed UDFA; fake round 8 is blocked.,false,false,false
00-0020483,2001,4,125,NYG,true,drafted_only_review_admission,Missing draft capital is Not enough information and is not confirmed UDFA; fake round 8 is blocked.,false,false,false
Not enough information,2001,6,172,SEA,true,drafted_only_review_admission,Missing draft capital is Not enough information and is not confirmed UDFA; fake round 8 is blocked.,false,false,false
Not enough information,2001,6,177,MIA,true,drafted_only_review_admission,Missing draft capital is Not enough information and is not confirmed UDFA; fake round 8 is blocked.,false,false,false
00-0020405,2001,2,59,OAK,true,drafted_only_review_admission,Missing draft capital is Not enough information and is not confirmed UDFA; fake round 8 is blocked.,false,false,false
00-0020245,2001,1,1,ATL,true,drafted_only_review_admission,Missing draft capital is Not enough information and is not confirmed UDFA; fake round 8 is blocked.,false,false,false
00-0020308,2001,5,149,DET,true,drafted_only_review_admission,Missing draft capital is Not enough information and is not confirmed UDFA; fake round 8 is blocked.,false,false,false
00-0020404,2001,2,53,DAL,true,drafted_only_review_admission,Missing draft capital is Not enough information and is not confirmed UDFA; fake round 8 is blocked.,false,false,false
00-0020480,2001,4,109,WAS,true,drafted_only_review_admission,Missing draft capital is Not enough information and is not confirmed UDFA; fake round 8 is blocked.,false,false,false
00-0020403,2001,2,38,CHI,true,drafted_only_review_admission,Missing draft capital is Not enough information and is not confirmed UDFA; fake round 8 is blocked.,false,false,false
Not enough information,2001,5,161,BAL,true,drafted_only_review_admission,Missing draft capital is Not enough information and is not confirmed UDFA; fake round 8 is blocked.,false,false,false
00-0020270,2001,4,121,PHI,true,drafted_only_review_admission,Missing draft capital is Not enough information and is not confirmed UDFA; fake round 8 is blocked.,false,false,false
00-0020487,2001,6,192,TEN,true,drafted_only_review_admission,Missing draft capital is Not enough information and is not confirmed UDFA; fake round 8 is blocked.,false,false,false
00-0020376,2001,6,175,CAR,true,drafted_only_review_admission,Missing draft capital is Not enough information and is not confirmed UDFA; fake round 8 is blocked.,false,false,false
00-0020315,2001,5,150,KAN,true,drafted_only_review_admission,Missing draft capital is Not enough information and is not confirmed UDFA; fake round 8 is blocked.,false,false,false
00-0020527,2001,1,23,NOR,true,drafted_only_review_admission,Missing draft capital is Not enough information and is not confirmed UDFA; fake round 8 is blocked.,false,false,false
00-0020479,2001,4,108,KAN,true,drafted_only_review_admission,Missing draft capital is Not enough information and is not confirmed UDFA; fake round 8 is blocked.,false,false,false
00-0020430,2001,3,65,CLE,true,drafted_only_review_admission,Missing draft capital is Not enough information and is not confirmed UDFA; fake round 8 is blocked.,false,false,false
00-0020474,2001,3,80,SFO,true,drafted_only_review_admission,Missing draft capital is Not enough information and is not confirmed UDFA; fake round 8 is blocked.,false,false,false
00-0020536,2001,1,5,SDG,true,drafted_only_review_admission,Missing draft capital is Not enough information and is not confirmed UDFA; fake round 8 is blocked.,false,false,false
00-0020462,2001,2,49,NYJ,true,drafted_only_review_admission,Missing draft capital is Not enough information and is not confirmed UDFA; fake round 8 is blocked.,false,false,false
00-0020514,2001,1,27,MIN,true,drafted_only_review_admission,Missing draft capital is Not enough information and is not confirmed UDFA; fake round 8 is blocked.,false,false,false
00-0020407,2001,4,100,CIN,true,drafted_only_review_admission,Missing draft capital is Not enough information and is not confirmed UDFA; fake round 8 is blocked.,false,false,false
00-0020471,2001,2,58,BUF,true,drafted_only_review_admission,Missing draft capital is Not enough information and is not confirmed UDFA; fake round 8 is blocked.,false,false,false
00-0020448,2001,3,85,MIA,true,drafted_only_review_admission,Missing draft capital is Not enough information and is not confirmed UDFA; fake round 8 is blocked.,false,false,false
00-0020285,2001,2,35,ATL,true,drafted_only_review_admission,Missing draft capital is Not enough information and is not confirmed UDFA; fake round 8 is blocked.,false,false,false
Not enough information,2001,6,180,NWE,true,drafted_only_review_admission,Missing draft capital is Not enough information and is not confirmed UDFA; fake round 8 is blocked.,false,false,false
Not enough information,2001,5,141,KAN,true,drafted_only_review_admission,Missing draft capital is Not enough information and is not confirmed UDFA; fake round 8 is blocked.,false,false,false
00-0020342,2001,4,129,STL,true,drafted_only_review_admission,Missing draft capital is Not enough information and is not confirmed UDFA; fake round 8 is blocked.,false,false,false
00-0020326,2001,6,195,BUF,true,drafted_only_review_admission,Missing draft capital is Not enough information and is not confirmed UDFA; fake round 8 is blocked.,false,false,false
Not enough information,2001,7,205,TAM,true,drafted_only_review_admission,Missing draft capital is Not enough information and is not confirmed UDFA; fake round 8 is blocked.,false,false,false
00-0020332,2001,6,198,GNB,true,drafted_only_review_admission,Missing draft capital is Not enough information and is not confirmed UDFA; fake round 8 is blocked.,false,false,false
00-0020455,2001,7,224,SFO,true,drafted_only_review_admission,Missing draft capital is Not enough information and is not confirmed UDFA; fake round 8 is blocked.,false,false,false
00-0020373,2001,4,119,NWE,true,drafted_only_review_admission,Missing draft capital is Not enough information and is not confirmed UDFA; fake round 8 is blocked.,false,false,false
00-0020345,2001,7,227,CAR,true,drafted_only_review_admission,Missing draft capital is Not enough information and is not confirmed UDFA; fake round 8 is blocked.,false,false,false
00-0020398,2001,3,66,CIN,true,drafted_only_review_admission,Missing draft capital is Not enough information and is not confirmed UDFA; fake round 8 is blocked.,false,false,false
00-0020476,2001,3,90,TEN,true,drafted_only_review_admission,Missing draft capital is Not enough information and is not confirmed UDFA; fake round 8 is blocked.,false,false,false
Not enough information,2001,7,246,ARI,true,drafted_only_review_admission,Missing draft capital is Not enough information and is not confirmed UDFA; fake round 8 is blocked.,false,false,false
00-0020516,2001,1,31,BAL,true,drafted_only_review_admission,Missing draft capital is Not enough information and is not confirmed UDFA; fake round 8 is blocked.,false,false,false
00-0020268,2001,5,147,PHI,true,drafted_only_review_admission,Missing draft capital is Not enough information and is not confirmed UDFA; fake round 8 is blocked.,false,false,false
00-0020361,2001,5,140,SEA,true,drafted_only_review_admission,Missing draft capital is Not enough information and is not confirmed UDFA; fake round 8 is blocked.,false,false,false
00-0020415,2001,7,245,CLE,true,drafted_only_review_admission,Missing draft capital is Not enough information and is not confirmed UDFA; fake round 8 is blocked.,false,false,false
Not enough information,2001,6,166,ARI,true,drafted_only_review_admission,Missing draft capital is Not enough information and is not confirmed UDFA; fake round 8 is blocked.,false,false,false
00-0020484,2001,4,131,MIN,true,drafted_only_review_admission,Missing draft capital is Not enough information and is not confirmed UDFA; fake round 8 is blocked.,false,false,false
00-0020452,2001,6,169,SFO,true,drafted_only_review_admission,Missing draft capital is Not enough information and is not confirmed UDFA; fake round 8 is blocked.,false,false,false
00-0020397,2001,2,36,CIN,true,drafted_only_review_admission,Missing draft capital is Not enough information and is not confirmed UDFA; fake round 8 is blocked.,false,false,false
00-0020446,2001,2,52,MIA,true,drafted_only_review_admission,Missing draft capital is Not enough information and is not confirmed UDFA; fake round 8 is blocked.,false,false,false
Not enough information,2001,7,218,PIT,true,drafted_only_review_admission,Missing draft capital is Not enough information and is not confirmed UDFA; fake round 8 is blocked.,false,false,false
00-0020464,2001,5,154,WAS,true,drafted_only_review_admission,Missing draft capital is Not enough information and is not confirmed UDFA; fake round 8 is blocked.,false,false,false
00-0020513,2001,1,8,CHI,true,drafted_only_review_admission,Missing draft capital is Not enough information and is not confirmed UDFA; fake round 8 is blocked.,false,false,false
00-0020485,2001,5,159,TEN,true,drafted_only_review_admission,Missing draft capital is Not enough information and is not confirmed UDFA; fake round 8 is blocked.,false,false,false
Not enough information,2001,6,197,STL,true,drafted_only_review_admission,Missing draft capital is Not enough information and is not confirmed UDFA; fake round 8 is blocked.,false,false,false
00-0020497,2001,1,25,PHI,true,drafted_only_review_admission,Missing draft capital is Not enough information and is not confirmed UDFA; fake round 8 is blocked.,false,false,false
Not enough information,2001,7,208,CHI,true,drafted_only_review_admission,Missing draft capital is Not enough information and is not confirmed UDFA; fake round 8 is blocked.,false,false,false
00-0020343,2001,5,162,NYG,true,drafted_only_review_admission,Missing draft capital is Not enough information and is not confirmed UDFA; fake round 8 is blocked.,false,false,false
00-0020381,2001,4,124,TEN,true,drafted_only_review_admission,Missing draft capital is Not enough information and is not confirmed UDFA; fake round 8 is blocked.,false,false,false
00-0020425,2001,7,229,OAK,true,drafted_only_review_admission,Missing draft capital is Not enough information and is not confirmed UDFA; fake round 8 is blocked.,false,false,false
00-0020256,2001,6,190,DEN,true,drafted_only_review_admission,Missing draft capital is Not enough information and is not confirmed UDFA; fake round 8 is blocked.,false,false,false
00-0020490,2001,1,9,SEA,true,drafted_only_review_admission,Missing draft capital is Not enough information and is not confirmed UDFA; fake round 8 is blocked.,false,false,false
00-0020387,2001,4,116,STL,true,drafted_only_review_admission,Missing draft capital is Not enough information and is not confirmed UDFA; fake round 8 is blocked.,false,false,false
Not enough information,2001,5,153,NOR,true,drafted_only_review_admission,Missing draft capital is Not enough information and is not confirmed UDFA; fake round 8 is blocked.,false,false,false
00-0020340,2001,7,236,ATL,true,drafted_only_review_admission,Missing draft capital is Not enough information and is not confirmed UDFA; fake round 8 is blocked.,false,false,false
00-0020427,2001,2,33,CLE,true,drafted_only_review_admission,Missing draft capital is Not enough information and is not confirmed UDFA; fake round 8 is blocked.,false,false,false
00-0020320,2001,7,214,BUF,true,drafted_only_review_admission,Missing draft capital is Not enough information and is not confirmed UDFA; fake round 8 is blocked.,false,false,false
00-0020498,2001,1,30,IND,true,drafted_only_review_admission,Missing draft capital is Not enough information and is not confirmed UDFA; fake round 8 is blocked.,false,false,false
Not enough information,2001,7,235,JAX,true,drafted_only_review_admission,Missing draft capital is Not enough information and is not confirmed UDFA; fake round 8 is blocked.,false,false,false
00-0020428,2001,2,41,GNB,true,drafted_only_review_admission,Missing draft capital is Not enough information and is not confirmed UDFA; fake round 8 is blocked.,false,false,false
00-0020525,2001,1,15,WAS,true,drafted_only_review_admission,Missing draft capital is Not enough information and is not confirmed UDFA; fake round 8 is blocked.,false,false,false
00-0020494,2001,1,16,NYJ,true,drafted_only_review_admission,Missing draft capital is Not enough information and is not confirmed UDFA; fake round 8 is blocked.,false,false,false
00-0020370,2001,5,148,DET,true,drafted_only_review_admission,Missing draft capital is Not enough information and is not confirmed UDFA; fake round 8 is blocked.,false,false,false
00-0020272,2001,3,77,KAN,true,drafted_only_review_admission,Missing draft capital is Not enough information and is not confirmed UDFA; fake round 8 is blocked.,false,false,false
00-0020337,2001,3,74,CAR,true,drafted_only_review_admission,Missing draft capital is Not enough information and is not confirmed UDFA; fake round 8 is blocked.,false,false,false
00-0020438,2001,7,204,CIN,true,drafted_only_review_admission,Missing draft capital is Not enough information and is not confirmed UDFA; fake round 8 is blocked.,false,false,false
00-0020273,2001,5,136,ATL,true,drafted_only_review_admission,Missing draft capital is Not enough information and is not confirmed UDFA; fake round 8 is blocked.,false,false,false
Not enough information,2002,5,163,SFO,true,drafted_only_review_admission,Missing draft capital is Not enough information and is not confirmed UDFA; fake round 8 is blocked.,false,false,false
00-0021277,2002,5,164,GNB,true,drafted_only_review_admission,Missing draft capital is Not enough information and is not confirmed UDFA; fake round 8 is blocked.,false,false,false
00-0020608,2002,1,1,HOU,true,drafted_only_review_admission,Missing draft capital is Not enough information and is not confirmed UDFA; fake round 8 is blocked.,false,false,false
00-0021231,2002,4,108,JAX,true,drafted_only_review_admission,Missing draft capital is Not enough information and is not confirmed UDFA; fake round 8 is blocked.,false,false,false
00-0021296,2002,6,186,NOR,true,drafted_only_review_admission,Missing draft capital is Not enough information and is not confirmed UDFA; fake round 8 is blocked.,false,false,false
00-0021334,2002,7,232,SEA,true,drafted_only_review_admission,Missing draft capital is Not enough information and is not confirmed UDFA; fake round 8 is blocked.,false,false,false
00-0021141,2002,1,3,DET,true,drafted_only_review_admission,Missing draft capital is Not enough information and is not confirmed UDFA; fake round 8 is blocked.,false,false,false
00-0021206,2002,3,81,ARI,true,drafted_only_review_admission,Missing draft capital is Not enough information and is not confirmed UDFA; fake round 8 is blocked.,false,false,false
00-0021271,2002,5,158,ATL,true,drafted_only_review_admission,Missing draft capital is Not enough information and is not confirmed UDFA; fake round 8 is blocked.,false,false,false
00-0021379,2002,1,32,WAS,true,drafted_only_review_admission,Missing draft capital is Not enough information and is not confirmed UDFA; fake round 8 is blocked.,false,false,false
00-0021254,2002,5,137,CAR,true,drafted_only_review_admission,Missing draft capital is Not enough information and is not confirmed UDFA; fake round 8 is blocked.,false,false,false
00-0021238,2002,4,117,NWE,true,drafted_only_review_admission,Missing draft capital is Not enough information and is not confirmed UDFA; fake round 8 is blocked.,false,false,false
Not enough information,2002,7,216,SDG,true,drafted_only_review_admission,Missing draft capital is Not enough information and is not confirmed UDFA; fake round 8 is blocked.,false,false,false
Not enough information,2002,6,205,STL,true,drafted_only_review_admission,Missing draft capital is Not enough information and is not confirmed UDFA; fake round 8 is blocked.,false,false,false
Not enough information,2002,7,236,BAL,true,drafted_only_review_admission,Missing draft capital is Not enough information and is not confirmed UDFA; fake round 8 is blocked.,false,false,false
00-0021306,2002,6,199,CHI,true,drafted_only_review_admission,Missing draft capital is Not enough information and is not confirmed UDFA; fake round 8 is blocked.,false,false,false
Not enough information,2002,7,237,NWE,true,drafted_only_review_admission,Missing draft capital is Not enough information and is not confirmed UDFA; fake round 8 is blocked.,false,false,false
00-0021311,2002,6,204,IND,true,drafted_only_review_admission,Missing draft capital is Not enough information and is not confirmed UDFA; fake round 8 is blocked.,false,false,false
00-0021216,2002,3,91,PHI,true,drafted_only_review_admission,Missing draft capital is Not enough information and is not confirmed UDFA; fake round 8 is blocked.,false,false,false
00-0021314,2002,6,207,BAL,true,drafted_only_review_admission,Missing draft capital is Not enough information and is not confirmed UDFA; fake round 8 is blocked.,false,false,false
00-0021345,2002,7,243,STL,true,drafted_only_review_admission,Missing draft capital is Not enough information and is not confirmed UDFA; fake round 8 is blocked.,false,false,false
00-0021179,2002,2,51,DEN,true,drafted_only_review_admission,Missing draft capital is Not enough information and is not confirmed UDFA; fake round 8 is blocked.,false,false,false
00-0021164,2002,2,34,CAR,true,drafted_only_review_admission,Missing draft capital is Not enough information and is not confirmed UDFA; fake round 8 is blocked.,false,false,false
Not enough information,2002,7,251,BUF,true,drafted_only_review_admission,Missing draft capital is Not enough information and is not confirmed UDFA; fake round 8 is blocked.,false,false,false
00-0021223,2002,4,99,HOU,true,drafted_only_review_admission,Missing draft capital is Not enough information and is not confirmed UDFA; fake round 8 is blocked.,false,false,false
00-0021098,2002,6,185,ARI,true,drafted_only_review_admission,Missing draft capital is Not enough information and is not confirmed UDFA; fake round 8 is blocked.,false,false,false
00-0021260,2002,5,145,CAR,true,drafted_only_review_admission,Missing draft capital is Not enough information and is not confirmed UDFA; fake round 8 is blocked.,false,false,false
00-0021184,2002,2,56,WAS,true,drafted_only_review_admission,Missing draft capital is Not enough information and is not confirmed UDFA; fake round 8 is blocked.,false,false,false
00-0021209,2002,3,84,STL,true,drafted_only_review_admission,Missing draft capital is Not enough information and is not confirmed UDFA; fake round 8 is blocked.,false,false,false
00-0021305,2002,6,197,OAK,true,drafted_only_review_admission,Missing draft capital is Not enough information and is not confirmed UDFA; fake round 8 is blocked.,false,false,false
00-0021343,2002,7,241,MIA,true,drafted_only_review_admission,Missing draft capital is Not enough information and is not confirmed UDFA; fake round 8 is blocked.,false,false,false
Not enough information,2002,7,214,DET,true,drafted_only_review_admission,Missing draft capital is Not enough information and is not confirmed UDFA; fake round 8 is blocked.,false,false,false
00-0021182,2002,2,54,SEA,true,drafted_only_review_admission,Missing draft capital is Not enough information and is not confirmed UDFA; fake round 8 is blocked.,false,false,false
00-0021252,2002,4,135,GNB,true,drafted_only_review_admission,Missing draft capital is Not enough information and is not confirmed UDFA; fake round 8 is blocked.,false,false,false
00-0021376,2002,1,18,ATL,true,drafted_only_review_admission,Missing draft capital is Not enough information and is not confirmed UDFA; fake round 8 is blocked.,false,false,false
00-0021386,2002,4,119,TAM,true,drafted_only_review_admission,Missing draft capital is Not enough information and is not confirmed UDFA; fake round 8 is blocked.,false,false,false
00-0021279,2002,5,166,PIT,true,drafted_only_review_admission,Missing draft capital is Not enough information and is not confirmed UDFA; fake round 8 is blocked.,false,false,false
00-0021150,2002,1,16,CLE,true,drafted_only_review_admission,Missing draft capital is Not enough information and is not confirmed UDFA; fake round 8 is blocked.,false,false,false
Not enough information,2002,6,211,DAL,true,drafted_only_review_admission,Missing draft capital is Not enough information and is not confirmed UDFA; fake round 8 is blocked.,false,false,false
00-0021317,2002,6,210,CHI,true,drafted_only_review_admission,Missing draft capital is Not enough information and is not confirmed UDFA; fake round 8 is blocked.,false,false,false
00-0021213,2002,3,88,NYJ,true,drafted_only_review_admission,Missing draft capital is Not enough information and is not confirmed UDFA; fake round 8 is blocked.,false,false,false
00-0021090,2002,4,118,JAX,true,drafted_only_review_admission,Missing draft capital is Not enough information and is not confirmed UDFA; fake round 8 is blocked.,false,false,false
00-0021154,2002,1,21,NWE,true,drafted_only_review_admission,Missing draft capital is Not enough information and is not confirmed UDFA; fake round 8 is blocked.,false,false,false
00-0021241,2002,4,122,CLE,true,drafted_only_review_admission,Missing draft capital is Not enough information and is not confirmed UDFA; fake round 8 is blocked.,false,false,false
00-0021183,2002,2,55,OAK,true,drafted_only_review_admission,Missing draft capital is Not enough information and is not confirmed UDFA; fake round 8 is blocked.,false,false,false
00-0021100,2002,6,191,DEN,true,drafted_only_review_admission,Missing draft capital is Not enough information and is not confirmed UDFA; fake round 8 is blocked.,false,false,false
00-0021148,2002,1,14,NYG,true,drafted_only_review_admission,Missing draft capital is Not enough information and is not confirmed UDFA; fake round 8 is blocked.,false,false,false
00-0021159,2002,1,28,SEA,true,drafted_only_review_admission,Missing draft capital is Not enough information and is not confirmed UDFA; fake round 8 is blocked.,false,false,false
00-0021304,2002,6,196,NOR,true,drafted_only_review_admission,Missing draft capital is Not enough information and is not confirmed UDFA; fake round 8 is blocked.,false,false,false
00-0021255,2002,5,138,DET,true,drafted_only_review_admission,Missing draft capital is Not enough information and is not confirmed UDFA; fake round 8 is blocked.,false,false,false
00-0021227,2002,4,103,SDG,true,drafted_only_review_admission,Missing draft capital is Not enough information and is not confirmed UDFA; fake round 8 is blocked.,false,false,false
00-0021287,2002,6,174,CAR,true,drafted_only_review_admission,Missing draft capital is Not enough information and is not confirmed UDFA; fake round 8 is blocked.,false,false,false
00-0021308,2002,6,201,SFO,true,drafted_only_review_admission,Missing draft capital is Not enough information and is not confirmed UDFA; fake round 8 is blocked.,false,false,false
00-0021352,2002,7,252,DET,true,drafted_only_review_admission,Missing draft capital is Not enough information and is not confirmed UDFA; fake round 8 is blocked.,false,false,false
00-0021084,2002,3,67,CIN,true,drafted_only_review_admission,Missing draft capital is Not enough information and is not confirmed UDFA; fake round 8 is blocked.,false,false,false
00-0021103,2002,7,223,ARI,true,drafted_only_review_admission,Missing draft capital is Not enough information and is not confirmed UDFA; fake round 8 is blocked.,false,false,false
00-0021236,2002,4,114,MIA,true,drafted_only_review_admission,Missing draft capital is Not enough information and is not confirmed UDFA; fake round 8 is blocked.,false,false,false
00-0021273,2002,5,160,WAS,true,drafted_only_review_admission,Missing draft capital is Not enough information and is not confirmed UDFA; fake round 8 is blocked.,false,false,false
00-0021282,2002,5,169,SEA,true,drafted_only_review_admission,Missing draft capital is Not enough information and is not confirmed UDFA; fake round 8 is blocked.,false,false,false
00-0021268,2002,5,155,BAL,true,drafted_only_review_admission,Missing draft capital is Not enough information and is not confirmed UDFA; fake round 8 is blocked.,false,false,false
Not enough information,2002,7,250,TAM,true,drafted_only_review_admission,Missing draft capital is Not enough information and is not confirmed UDFA; fake round 8 is blocked.,false,false,false
Not enough information,2002,7,254,TAM,true,drafted_only_review_admission,Missing draft capital is Not enough information and is not confirmed UDFA; fake round 8 is blocked.,false,false,false
00-0021175,2002,2,47,CLE,true,drafted_only_review_admission,Missing draft capital is Not enough information and is not confirmed UDFA; fake round 8 is blocked.,false,false,false
00-0021191,2002,2,63,DAL,true,drafted_only_review_admission,Missing draft capital is Not enough information and is not confirmed UDFA; fake round 8 is blocked.,false,false,false
00-0021190,2002,2,62,PIT,true,drafted_only_review_admission,Missing draft capital is Not enough information and is not confirmed UDFA; fake round 8 is blocked.,false,false,false
00-0021152,2002,1,19,DEN,true,drafted_only_review_admission,Missing draft capital is Not enough information and is not confirmed UDFA; fake round 8 is blocked.,false,false,false
00-0021212,2002,3,87,WAS,true,drafted_only_review_admission,Missing draft capital is Not enough information and is not confirmed UDFA; fake round 8 is blocked.,false,false,false
00-0021329,2002,7,225,TEN,true,drafted_only_review_admission,Missing draft capital is Not enough information and is not confirmed UDFA; fake round 8 is blocked.,false,false,false
00-0021330,2002,7,226,NYG,true,drafted_only_review_admission,Missing draft capital is Not enough information and is not confirmed UDFA; fake round 8 is blocked.,false,false,false
00-0021353,2002,7,253,NWE,true,drafted_only_review_admission,Missing draft capital is Not enough information and is not confirmed UDFA; fake round 8 is blocked.,false,false,false
Not enough information,2002,6,208,DAL,true,drafted_only_review_admission,Missing draft capital is Not enough information and is not confirmed UDFA; fake round 8 is blocked.,false,false,false
00-0021192,2002,2,65,NWE,true,drafted_only_review_admission,Missing draft capital is Not enough information and is not confirmed UDFA; fake round 8 is blocked.,false,false,false
00-0021147,2002,1,13,NOR,true,drafted_only_review_admission,Missing draft capital is Not enough information and is not confirmed UDFA; fake round 8 is blocked.,false,false,false
Not enough information,2002,3,95,STL,true,drafted_only_review_admission,Missing draft capital is Not enough information and is not confirmed UDFA; fake round 8 is blocked.,false,false,false
Not enough information,2002,5,162,PHI,true,drafted_only_review_admission,Missing draft capital is Not enough information and is not confirmed UDFA; fake round 8 is blocked.,false,false,false
00-0021093,2002,5,144,DEN,true,drafted_only_review_admission,Missing draft capital is Not enough information and is not confirmed UDFA; fake round 8 is blocked.,false,false,false
00-0021163,2002,2,33,HOU,true,drafted_only_review_admission,Missing draft capital is Not enough information and is not confirmed UDFA; fake round 8 is blocked.,false,false,false
00-0021264,2002,5,151,TEN,true,drafted_only_review_admission,Missing draft capital is Not enough information and is not confirmed UDFA; fake round 8 is blocked.,false,false,false
00-0021310,2002,6,203,CHI,true,drafted_only_review_admission,Missing draft capital is Not enough information and is not confirmed UDFA; fake round 8 is blocked.,false,false,false
00-0021094,2002,5,149,ARI,true,drafted_only_review_admission,Missing draft capital is Not enough information and is not confirmed UDFA; fake round 8 is blocked.,false,false,false
00-0021313,2002,6,206,BAL,true,drafted_only_review_admission,Missing draft capital is Not enough information and is not confirmed UDFA; fake round 8 is blocked.,false,false,false
00-0021153,2002,1,20,GNB,true,drafted_only_review_admission,Missing draft capital is Not enough information and is not confirmed UDFA; fake round 8 is blocked.,false,false,false
00-0021166,2002,2,36,BUF,true,drafted_only_review_admission,Missing draft capital is Not enough information and is not confirmed UDFA; fake round 8 is blocked.,false,false,false
00-0021097,2002,6,184,ATL,true,drafted_only_review_admission,Missing draft capital is Not enough information and is not confirmed UDFA; fake round 8 is blocked.,false,false,false
00-0021102,2002,7,222,JAX,true,drafted_only_review_admission,Missing draft capital is Not enough information and is not confirmed UDFA; fake round 8 is blocked.,false,false,false
00-0021309,2002,6,202,PIT,true,drafted_only_review_admission,Missing draft capital is Not enough information and is not confirmed UDFA; fake round 8 is blocked.,false,false,false
Not enough information,2002,3,86,TAM,true,drafted_only_review_admission,Missing draft capital is Not enough information and is not confirmed UDFA; fake round 8 is blocked.,false,false,false
Not enough information,2002,7,217,ATL,true,drafted_only_review_admission,Missing draft capital is Not enough information and is not confirmed UDFA; fake round 8 is blocked.,false,false,false
00-0021176,2002,2,48,SDG,true,drafted_only_review_admission,Missing draft capital is Not enough information and is not confirmed UDFA; fake round 8 is blocked.,false,false,false
Not enough information,2002,7,249,BUF,true,drafted_only_review_admission,Missing draft capital is Not enough information and is not confirmed UDFA; fake round 8 is blocked.,false,false,false
00-0021242,2002,4,123,BAL,true,drafted_only_review_admission,Missing draft capital is Not enough information and is not confirmed UDFA; fake round 8 is blocked.,false,false,false
00-0021337,2002,7,235,OAK,true,drafted_only_review_admission,Missing draft capital is Not enough information and is not confirmed UDFA; fake round 8 is blocked.,false,false,false
00-0021283,2002,5,170,MIA,true,drafted_only_review_admission,Missing draft capital is Not enough information and is not confirmed UDFA; fake round 8 is blocked.,false,false,false
Not enough information,2002,5,142,SDG,true,drafted_only_review_admission,Missing draft capital is Not enough information and is not confirmed UDFA; fake round 8 is blocked.,false,false,false
00-0021174,2002,2,46,NYG,true,drafted_only_review_admission,Missing draft capital is Not enough information and is not confirmed UDFA; fake round 8 is blocked.,false,false,false
00-0022101,2003,5,163,PIT,true,drafted_only_review_admission,Missing draft capital is Not enough information and is not confirmed UDFA; fake round 8 is blocked.,false,false,false
00-0022026,2003,6,200,NYJ,true,drafted_only_review_admission,Missing draft capital is Not enough information and is not confirmed UDFA; fake round 8 is blocked.,false,false,false
00-0022177,2003,1,7,JAX,true,drafted_only_review_admission,Missing draft capital is Not enough information and is not confirmed UDFA; fake round 8 is blocked.,false,false,false
00-0021429,2003,1,1,CIN,true,drafted_only_review_admission,Missing draft capital is Not enough information and is not confirmed UDFA; fake round 8 is blocked.,false,false,false
00-0022005,2003,3,97,TAM,true,drafted_only_review_admission,Missing draft capital is Not enough information and is not confirmed UDFA; fake round 8 is blocked.,false,false,false
00-0022091,2003,3,88,HOU,true,drafted_only_review_admission,Missing draft capital is Not enough information and is not confirmed UDFA; fake round 8 is blocked.,false,false,false
00-0022181,2003,6,192,HOU,true,drafted_only_review_admission,Missing draft capital is Not enough information and is not confirmed UDFA; fake round 8 is blocked.,false,false,false
00-0022112,2003,7,232,WAS,true,drafted_only_review_admission,Missing draft capital is Not enough information and is not confirmed UDFA; fake round 8 is blocked.,false,false,false
00-0022039,2003,7,241,SFO,true,drafted_only_review_admission,Missing draft capital is Not enough information and is not confirmed UDFA; fake round 8 is blocked.,false,false,false
00-0022027,2003,6,201,NWE,true,drafted_only_review_admission,Missing draft capital is Not enough information and is not confirmed UDFA; fake round 8 is blocked.,false,false,false
00-0022164,2003,1,19,BAL,true,drafted_only_review_admission,Missing draft capital is Not enough information and is not confirmed UDFA; fake round 8 is blocked.,false,false,false
00-0022121,2003,1,22,CHI,true,drafted_only_review_admission,Missing draft capital is Not enough information and is not confirmed UDFA; fake round 8 is blocked.,false,false,false
00-0022055,2003,4,110,SEA,true,drafted_only_review_admission,Missing draft capital is Not enough information and is not confirmed UDFA; fake round 8 is blocked.,false,false,false
Not enough information,2003,7,235,DEN,true,drafted_only_review_admission,Missing draft capital is Not enough information and is not confirmed UDFA; fake round 8 is blocked.,false,false,false
00-0022006,2003,4,99,DET,true,drafted_only_review_admission,Missing draft capital is Not enough information and is not confirmed UDFA; fake round 8 is blocked.,false,false,false
Not enough information,2003,7,236,DET,true,drafted_only_review_admission,Missing draft capital is Not enough information and is not confirmed UDFA; fake round 8 is blocked.,false,false,false
00-0021938,2003,6,206,CHI,true,drafted_only_review_admission,Missing draft capital is Not enough information and is not confirmed UDFA; fake round 8 is blocked.,false,false,false
Not enough information,2003,7,247,CAR,true,drafted_only_review_admission,Missing draft capital is Not enough information and is not confirmed UDFA; fake round 8 is blocked.,false,false,false
00-0022092,2003,3,93,TEN,true,drafted_only_review_admission,Missing draft capital is Not enough information and is not confirmed UDFA; fake round 8 is blocked.,false,false,false
00-0021979,2003,4,101,HOU,true,drafted_only_review_admission,Missing draft capital is Not enough information and is not confirmed UDFA; fake round 8 is blocked.,false,false,false
Not enough information,2003,7,242,PIT,true,drafted_only_review_admission,Missing draft capital is Not enough information and is not confirmed UDFA; fake round 8 is blocked.,false,false,false
00-0022057,2003,4,132,JAX,true,drafted_only_review_admission,Missing draft capital is Not enough information and is not confirmed UDFA; fake round 8 is blocked.,false,false,false
00-0021976,2003,1,27,KAN,true,drafted_only_review_admission,Missing draft capital is Not enough information and is not confirmed UDFA; fake round 8 is blocked.,false,false,false
00-0022180,2003,4,115,CLE,true,drafted_only_review_admission,Missing draft capital is Not enough information and is not confirmed UDFA; fake round 8 is blocked.,false,false,false
00-0022130,2003,3,77,BAL,true,drafted_only_review_admission,Missing draft capital is Not enough information and is not confirmed UDFA; fake round 8 is blocked.,false,false,false
00-0022138,2003,4,105,MIN,true,drafted_only_review_admission,Missing draft capital is Not enough information and is not confirmed UDFA; fake round 8 is blocked.,false,false,false
00-0022095,2003,4,108,DEN,true,drafted_only_review_admission,Missing draft capital is Not enough information and is not confirmed UDFA; fake round 8 is blocked.,false,false,false
00-0022178,2003,1,23,BUF,true,drafted_only_review_admission,Missing draft capital is Not enough information and is not confirmed UDFA; fake round 8 is blocked.,false,false,false
00-0022060,2003,5,161,SFO,true,drafted_only_review_admission,Missing draft capital is Not enough information and is not confirmed UDFA; fake round 8 is blocked.,false,false,false
00-0022082,2003,2,41,HOU,true,drafted_only_review_admission,Missing draft capital is Not enough information and is not confirmed UDFA; fake round 8 is blocked.,false,false,false
00-0022165,2003,1,24,IND,true,drafted_only_review_admission,Missing draft capital is Not enough information and is not confirmed UDFA; fake round 8 is blocked.,false,false,false
00-0021929,2003,5,156,MIA,true,drafted_only_review_admission,Missing draft capital is Not enough information and is not confirmed UDFA; fake round 8 is blocked.,false,false,false
00-0021980,2003,4,104,JAX,true,drafted_only_review_admission,Missing draft capital is Not enough information and is not confirmed UDFA; fake round 8 is blocked.,false,false,false
00-0022127,2003,3,69,DAL,true,drafted_only_review_admission,Missing draft capital is Not enough information and is not confirmed UDFA; fake round 8 is blocked.,false,false,false
00-0022126,2003,2,61,PHI,true,drafted_only_review_admission,Missing draft capital is Not enough information and is not confirmed UDFA; fake round 8 is blocked.,false,false,false
00-0022129,2003,3,76,CAR,true,drafted_only_review_admission,Missing draft capital is Not enough information and is not confirmed UDFA; fake round 8 is blocked.,false,false,false
00-0022041,2003,7,254,STL,true,drafted_only_review_admission,Missing draft capital is Not enough information and is not confirmed UDFA; fake round 8 is blocked.,false,false,false
00-0022051,2003,2,63,OAK,true,drafted_only_review_admission,Missing draft capital is Not enough information and is not confirmed UDFA; fake round 8 is blocked.,false,false,false
00-0022110,2003,7,223,BAL,true,drafted_only_review_admission,Missing draft capital is Not enough information and is not confirmed UDFA; fake round 8 is blocked.,false,false,false
00-0022054,2003,3,91,NYG,true,drafted_only_review_admission,Missing draft capital is Not enough information and is not confirmed UDFA; fake round 8 is blocked.,false,false,false
00-0021921,2003,5,158,DEN,true,drafted_only_review_admission,Missing draft capital is Not enough information and is not confirmed UDFA; fake round 8 is blocked.,false,false,false
00-0022044,2003,1,3,HOU,true,drafted_only_review_admission,Missing draft capital is Not enough information and is not confirmed UDFA; fake round 8 is blocked.,false,false,false
00-0022084,2003,2,54,ARI,true,drafted_only_review_admission,Missing draft capital is Not enough information and is not confirmed UDFA; fake round 8 is blocked.,false,false,false
00-0022064,2003,6,197,SFO,true,drafted_only_review_admission,Missing draft capital is Not enough information and is not confirmed UDFA; fake round 8 is blocked.,false,false,false
00-0021993,2003,2,45,NWE,true,drafted_only_review_admission,Missing draft capital is Not enough information and is not confirmed UDFA; fake round 8 is blocked.,false,false,false
00-0022135,2003,3,95,PHI,true,drafted_only_review_admission,Missing draft capital is Not enough information and is not confirmed UDFA; fake round 8 is blocked.,false,false,false
00-0022144,2003,5,139,CHI,true,drafted_only_review_admission,Missing draft capital is Not enough information and is not confirmed UDFA; fake round 8 is blocked.,false,false,false
00-0022097,2003,4,124,SFO,true,drafted_only_review_admission,Missing draft capital is Not enough information and is not confirmed UDFA; fake round 8 is blocked.,false,false,false
00-0022156,2003,1,17,ARI,true,drafted_only_review_admission,Missing draft capital is Not enough information and is not confirmed UDFA; fake round 8 is blocked.,false,false,false
00-0021968,2003,7,256,GNB,true,drafted_only_review_admission,Missing draft capital is Not enough information and is not confirmed UDFA; fake round 8 is blocked.,false,false,false
00-0022072,2003,1,2,DET,true,drafted_only_review_admission,Missing draft capital is Not enough information and is not confirmed UDFA; fake round 8 is blocked.,false,false,false
00-0021973,2003,6,175,DET,true,drafted_only_review_admission,Missing draft capital is Not enough information and is not confirmed UDFA; fake round 8 is blocked.,false,false,false
00-0021927,2003,6,211,NYG,true,drafted_only_review_admission,Missing draft capital is Not enough information and is not confirmed UDFA; fake round 8 is blocked.,false,false,false
Not enough information,2003,7,253,GNB,true,drafted_only_review_admission,Missing draft capital is Not enough information and is not confirmed UDFA; fake round 8 is blocked.,false,false,false
00-0022102,2003,5,167,OAK,true,drafted_only_review_admission,Missing draft capital is Not enough information and is not confirmed UDFA; fake round 8 is blocked.,false,false,false
Not enough information,2003,5,169,MIA,true,drafted_only_review_admission,Missing draft capital is Not enough information and is not confirmed UDFA; fake round 8 is blocked.,false,false,false
Not enough information,2003,5,159,ATL,true,drafted_only_review_admission,Missing draft capital is Not enough information and is not confirmed UDFA; fake round 8 is blocked.,false,false,false
00-0021982,2003,5,143,CHI,true,drafted_only_review_admission,Missing draft capital is Not enough information and is not confirmed UDFA; fake round 8 is blocked.,false,false,false
Not enough information,2003,6,203,NOR,true,drafted_only_review_admission,Missing draft capital is Not enough information and is not confirmed UDFA; fake round 8 is blocked.,false,false,false
00-0022032,2003,7,221,MIN,true,drafted_only_review_admission,Missing draft capital is Not enough information and is not confirmed UDFA; fake round 8 is blocked.,false,false,false
00-0022171,2003,3,65,CIN,true,drafted_only_review_admission,Missing draft capital is Not enough information and is not confirmed UDFA; fake round 8 is blocked.,false,false,false
00-0022001,2003,3,74,STL,true,drafted_only_review_admission,Missing draft capital is Not enough information and is not confirmed UDFA; fake round 8 is blocked.,false,false,false
00-0021931,2003,7,255,NYG,true,drafted_only_review_admission,Missing draft capital is Not enough information and is not confirmed UDFA; fake round 8 is blocked.,false,false,false
00-0021930,2003,6,196,ATL,true,drafted_only_review_admission,Missing draft capital is Not enough information and is not confirmed UDFA; fake round 8 is blocked.,false,false,false
00-0021999,2003,3,71,MIN,true,drafted_only_review_admission,Missing draft capital is Not enough information and is not confirmed UDFA; fake round 8 is blocked.,false,false,false
Not enough information,2003,7,262,OAK,true,drafted_only_review_admission,Missing draft capital is Not enough information and is not confirmed UDFA; fake round 8 is blocked.,false,false,false
00-0021915,2003,4,127,BUF,true,drafted_only_review_admission,Missing draft capital is Not enough information and is not confirmed UDFA; fake round 8 is blocked.,false,false,false
00-0021981,2003,4,106,STL,true,drafted_only_review_admission,Missing draft capital is Not enough information and is not confirmed UDFA; fake round 8 is blocked.,false,false,false
00-0021948,2003,7,224,SEA,true,drafted_only_review_admission,Missing draft capital is Not enough information and is not confirmed UDFA; fake round 8 is blocked.,false,false,false
00-0022111,2003,7,231,NOR,true,drafted_only_review_admission,Missing draft capital is Not enough information and is not confirmed UDFA; fake round 8 is blocked.,false,false,false
00-0022124,2003,2,44,WAS,true,drafted_only_review_admission,Missing draft capital is Not enough information and is not confirmed UDFA; fake round 8 is blocked.,false,false,false
Not enough information,2003,7,260,DET,true,drafted_only_review_admission,Missing draft capital is Not enough information and is not confirmed UDFA; fake round 8 is blocked.,false,false,false
00-0022087,2003,2,60,TEN,true,drafted_only_review_admission,Missing draft capital is Not enough information and is not confirmed UDFA; fake round 8 is blocked.,false,false,false
00-0021886,2003,7,226,CAR,true,drafted_only_review_admission,Missing draft capital is Not enough information and is not confirmed UDFA; fake round 8 is blocked.,false,false,false
00-0021923,2003,6,199,NYG,true,drafted_only_review_admission,Missing draft capital is Not enough information and is not confirmed UDFA; fake round 8 is blocked.,false,false,false
00-0022024,2003,6,186,DAL,true,drafted_only_review_admission,Missing draft capital is Not enough information and is not confirmed UDFA; fake round 8 is blocked.,false,false,false
00-0022761,2004,6,185,PHI,true,drafted_only_review_admission,Missing draft capital is Not enough information and is not confirmed UDFA; fake round 8 is blocked.,false,false,false
Not enough information,2004,7,248,HOU,true,drafted_only_review_admission,Missing draft capital is Not enough information and is not confirmed UDFA; fake round 8 is blocked.,false,false,false
00-0022924,2004,1,11,PIT,true,drafted_only_review_admission,Missing draft capital is Not enough information and is not confirmed UDFA; fake round 8 is blocked.,false,false,false
00-0022774,2004,7,250,DEN,true,drafted_only_review_admission,Missing draft capital is Not enough information and is not confirmed UDFA; fake round 8 is blocked.,false,false,false
Not enough information,2004,7,218,CIN,true,drafted_only_review_admission,Missing draft capital is Not enough information and is not confirmed UDFA; fake round 8 is blocked.,false,false,false
00-0022731,2004,7,217,SFO,true,drafted_only_review_admission,Missing draft capital is Not enough information and is not confirmed UDFA; fake round 8 is blocked.,false,false,false
00-0022818,2004,5,148,CHI,true,drafted_only_review_admission,Missing draft capital is Not enough information and is not confirmed UDFA; fake round 8 is blocked.,false,false,false
00-0022803,2004,1,1,SDG,true,drafted_only_review_admission,Missing draft capital is Not enough information and is not confirmed UDFA; fake round 8 is blocked.,false,false,false
00-0022912,2004,1,22,BUF,true,drafted_only_review_admission,Missing draft capital is Not enough information and is not confirmed UDFA; fake round 8 is blocked.,false,false,false
Not enough information,2004,6,201,STL,true,drafted_only_review_admission,Missing draft capital is Not enough information and is not confirmed UDFA; fake round 8 is blocked.,false,false,false
00-0022744,2004,6,193,IND,true,drafted_only_review_admission,Missing draft capital is Not enough information and is not confirmed UDFA; fake round 8 is blocked.,false,false,false
00-0022827,2004,7,202,ARI,true,drafted_only_review_admission,Missing draft capital is Not enough information and is not confirmed UDFA; fake round 8 is blocked.,false,false,false
Not enough information,2004,6,187,BAL,true,drafted_only_review_admission,Missing draft capital is Not enough information and is not confirmed UDFA; fake round 8 is blocked.,false,false,false
00-0022864,2004,4,106,CLE,true,drafted_only_review_admission,Missing draft capital is Not enough information and is not confirmed UDFA; fake round 8 is blocked.,false,false,false
00-0022768,2004,7,225,DEN,true,drafted_only_review_admission,Missing draft capital is Not enough information and is not confirmed UDFA; fake round 8 is blocked.,false,false,false
00-0022787,2004,3,90,ATL,true,drafted_only_review_admission,Missing draft capital is Not enough information and is not confirmed UDFA; fake round 8 is blocked.,false,false,false
00-0022942,2004,1,4,NYG,true,drafted_only_review_admission,Missing draft capital is Not enough information and is not confirmed UDFA; fake round 8 is blocked.,false,false,false
00-0022883,2004,7,208,CLE,true,drafted_only_review_admission,Missing draft capital is Not enough information and is not confirmed UDFA; fake round 8 is blocked.,false,false,false
00-0022773,2004,7,247,DEN,true,drafted_only_review_admission,Missing draft capital is Not enough information and is not confirmed UDFA; fake round 8 is blocked.,false,false,false
00-0022733,2004,7,242,PHI,true,drafted_only_review_admission,Missing draft capital is Not enough information and is not confirmed UDFA; fake round 8 is blocked.,false,false,false
00-0022886,2004,7,228,TAM,true,drafted_only_review_admission,Missing draft capital is Not enough information and is not confirmed UDFA; fake round 8 is blocked.,false,false,false
00-0022872,2004,4,128,NWE,true,drafted_only_review_admission,Missing draft capital is Not enough information and is not confirmed UDFA; fake round 8 is blocked.,false,false,false
00-0022926,2004,1,26,CIN,true,drafted_only_review_admission,Missing draft capital is Not enough information and is not confirmed UDFA; fake round 8 is blocked.,false,false,false
00-0022770,2004,7,235,NYJ,true,drafted_only_review_admission,Missing draft capital is Not enough information and is not confirmed UDFA; fake round 8 is blocked.,false,false,false
00-0022897,2004,2,55,JAX,true,drafted_only_review_admission,Missing draft capital is Not enough information and is not confirmed UDFA; fake round 8 is blocked.,false,false,false
00-0022840,2004,2,43,DAL,true,drafted_only_review_admission,Missing draft capital is Not enough information and is not confirmed UDFA; fake round 8 is blocked.,false,false,false
00-0022782,2004,1,30,DET,true,drafted_only_review_admission,Missing draft capital is Not enough information and is not confirmed UDFA; fake round 8 is blocked.,false,false,false
00-0022217,2004,4,119,MIN,true,drafted_only_review_admission,Missing draft capital is Not enough information and is not confirmed UDFA; fake round 8 is blocked.,false,false,false
00-0022821,2004,5,154,SDG,true,drafted_only_review_admission,Missing draft capital is Not enough information and is not confirmed UDFA; fake round 8 is blocked.,false,false,false
00-0022801,2004,7,219,ATL,true,drafted_only_review_admission,Missing draft capital is Not enough information and is not confirmed UDFA; fake round 8 is blocked.,false,false,false
00-0022736,2004,1,24,STL,true,drafted_only_review_admission,Missing draft capital is Not enough information and is not confirmed UDFA; fake round 8 is blocked.,false,false,false
00-0022893,2004,2,41,DEN,true,drafted_only_review_admission,Missing draft capital is Not enough information and is not confirmed UDFA; fake round 8 is blocked.,false,false,false
00-0022825,2004,6,191,TEN,true,drafted_only_review_admission,Missing draft capital is Not enough information and is not confirmed UDFA; fake round 8 is blocked.,false,false,false
00-0022847,2004,3,68,IND,true,drafted_only_review_admission,Missing draft capital is Not enough information and is not confirmed UDFA; fake round 8 is blocked.,false,false,false
00-0022916,2004,2,40,TEN,true,drafted_only_review_admission,Missing draft capital is Not enough information and is not confirmed UDFA; fake round 8 is blocked.,false,false,false
00-0022943,2004,1,32,NWE,true,drafted_only_review_admission,Missing draft capital is Not enough information and is not confirmed UDFA; fake round 8 is blocked.,false,false,false
00-0022738,2004,3,81,WAS,true,drafted_only_review_admission,Missing draft capital is Not enough information and is not confirmed UDFA; fake round 8 is blocked.,false,false,false
00-0022704,2004,7,245,OAK,true,drafted_only_review_admission,Missing draft capital is Not enough information and is not confirmed UDFA; fake round 8 is blocked.,false,false,false
Not enough information,2004,7,237,STL,true,drafted_only_review_admission,Missing draft capital is Not enough information and is not confirmed UDFA; fake round 8 is blocked.,false,false,false
00-0022746,2004,7,220,MIN,true,drafted_only_review_admission,Missing draft capital is Not enough information and is not confirmed UDFA; fake round 8 is blocked.,false,false,false
00-0022922,2004,1,6,CLE,true,drafted_only_review_admission,Missing draft capital is Not enough information and is not confirmed UDFA; fake round 8 is blocked.,false,false,false
00-0022714,2004,2,61,KAN,true,drafted_only_review_admission,Missing draft capital is Not enough information and is not confirmed UDFA; fake round 8 is blocked.,false,false,false
00-0022718,2004,5,151,WAS,true,drafted_only_review_admission,Missing draft capital is Not enough information and is not confirmed UDFA; fake round 8 is blocked.,false,false,false
00-0022219,2004,6,194,PIT,true,drafted_only_review_admission,Missing draft capital is Not enough information and is not confirmed UDFA; fake round 8 is blocked.,false,false,false
00-0022706,2004,7,232,CAR,true,drafted_only_review_admission,Missing draft capital is Not enough information and is not confirmed UDFA; fake round 8 is blocked.,false,false,false
00-0022907,2004,6,181,TAM,true,drafted_only_review_admission,Missing draft capital is Not enough information and is not confirmed UDFA; fake round 8 is blocked.,false,false,false
00-0022759,2004,6,169,SDG,true,drafted_only_review_admission,Missing draft capital is Not enough information and is not confirmed UDFA; fake round 8 is blocked.,false,false,false
00-0022817,2004,5,144,DAL,true,drafted_only_review_admission,Missing draft capital is Not enough information and is not confirmed UDFA; fake round 8 is blocked.,false,false,false
00-0022215,2004,4,109,BUF,true,drafted_only_review_admission,Missing draft capital is Not enough information and is not confirmed UDFA; fake round 8 is blocked.,false,false,false
00-0022807,2004,3,78,CHI,true,drafted_only_review_admission,Missing draft capital is Not enough information and is not confirmed UDFA; fake round 8 is blocked.,false,false,false
00-0022861,2004,4,99,OAK,true,drafted_only_review_admission,Missing draft capital is Not enough information and is not confirmed UDFA; fake round 8 is blocked.,false,false,false
00-0022826,2004,6,199,BAL,true,drafted_only_review_admission,Missing draft capital is Not enough information and is not confirmed UDFA; fake round 8 is blocked.,false,false,false
00-0022701,2004,5,157,SEA,true,drafted_only_review_admission,Missing draft capital is Not enough information and is not confirmed UDFA; fake round 8 is blocked.,false,false,false
00-0022751,2004,2,54,DEN,true,drafted_only_review_admission,Missing draft capital is Not enough information and is not confirmed UDFA; fake round 8 is blocked.,false,false,false
Not enough information,2004,7,244,BAL,true,drafted_only_review_admission,Missing draft capital is Not enough information and is not confirmed UDFA; fake round 8 is blocked.,false,false,false
00-0022853,2004,3,77,SFO,true,drafted_only_review_admission,Missing draft capital is Not enough information and is not confirmed UDFA; fake round 8 is blocked.,false,false,false
00-0022739,2004,3,82,BAL,true,drafted_only_review_admission,Missing draft capital is Not enough information and is not confirmed UDFA; fake round 8 is blocked.,false,false,false
00-0022929,2004,2,50,NOR,true,drafted_only_review_admission,Missing draft capital is Not enough information and is not confirmed UDFA; fake round 8 is blocked.,false,false,false
00-0022879,2004,5,163,CAR,true,drafted_only_review_admission,Missing draft capital is Not enough information and is not confirmed UDFA; fake round 8 is blocked.,false,false,false
00-0022901,2004,4,120,JAX,true,drafted_only_review_admission,Missing draft capital is Not enough information and is not confirmed UDFA; fake round 8 is blocked.,false,false,false
00-0022679,2004,6,168,NYG,true,drafted_only_review_admission,Missing draft capital is Not enough information and is not confirmed UDFA; fake round 8 is blocked.,false,false,false
Not enough information,2004,6,195,KAN,true,drafted_only_review_admission,Missing draft capital is Not enough information and is not confirmed UDFA; fake round 8 is blocked.,false,false,false
00-0022811,2004,4,108,NYJ,true,drafted_only_review_admission,Missing draft capital is Not enough information and is not confirmed UDFA; fake round 8 is blocked.,false,false,false
00-0022873,2004,5,134,OAK,true,drafted_only_review_admission,Missing draft capital is Not enough information and is not confirmed UDFA; fake round 8 is blocked.,false,false,false
00-0022664,2004,7,214,BUF,true,drafted_only_review_admission,Missing draft capital is Not enough information and is not confirmed UDFA; fake round 8 is blocked.,false,false,false
00-0022726,2004,2,62,CAR,true,drafted_only_review_admission,Missing draft capital is Not enough information and is not confirmed UDFA; fake round 8 is blocked.,false,false,false
00-0022921,2004,1,3,ARI,true,drafted_only_review_admission,Missing draft capital is Not enough information and is not confirmed UDFA; fake round 8 is blocked.,false,false,false
00-0022910,2004,1,13,BUF,true,drafted_only_review_admission,Missing draft capital is Not enough information and is not confirmed UDFA; fake round 8 is blocked.,false,false,false
00-0022882,2004,7,206,TAM,true,drafted_only_review_admission,Missing draft capital is Not enough information and is not confirmed UDFA; fake round 8 is blocked.,false,false,false
00-0022819,2004,5,149,CIN,true,drafted_only_review_admission,Missing draft capital is Not enough information and is not confirmed UDFA; fake round 8 is blocked.,false,false,false
00-0022725,2004,1,15,TAM,true,drafted_only_review_admission,Missing draft capital is Not enough information and is not confirmed UDFA; fake round 8 is blocked.,false,false,false
00-0022781,2004,1,29,ATL,true,drafted_only_review_admission,Missing draft capital is Not enough information and is not confirmed UDFA; fake round 8 is blocked.,false,false,false
00-0022741,2004,5,164,NWE,true,drafted_only_review_admission,Missing draft capital is Not enough information and is not confirmed UDFA; fake round 8 is blocked.,false,false,false
00-0022766,2004,7,216,DAL,true,drafted_only_review_admission,Missing draft capital is Not enough information and is not confirmed UDFA; fake round 8 is blocked.,false,false,false
00-0022892,2004,1,31,SFO,true,drafted_only_review_admission,Missing draft capital is Not enough information and is not confirmed UDFA; fake round 8 is blocked.,false,false,false
00-0022889,2004,1,9,JAX,true,drafted_only_review_admission,Missing draft capital is Not enough information and is not confirmed UDFA; fake round 8 is blocked.,false,false,false
00-0022909,2004,1,7,DET,true,drafted_only_review_admission,Missing draft capital is Not enough information and is not confirmed UDFA; fake round 8 is blocked.,false,false,false
00-0022754,2004,4,105,KAN,true,drafted_only_review_admission,Missing draft capital is Not enough information and is not confirmed UDFA; fake round 8 is blocked.,false,false,false
00-0022686,2004,7,211,HOU,true,drafted_only_review_admission,Missing draft capital is Not enough information and is not confirmed UDFA; fake round 8 is blocked.,false,false,false
00-0022674,2004,6,171,DEN,true,drafted_only_review_admission,Missing draft capital is Not enough information and is not confirmed UDFA; fake round 8 is blocked.,false,false,false
00-0023459,2005,1,24,GNB,true,drafted_only_review_admission,Missing draft capital is Not enough information and is not confirmed UDFA; fake round 8 is blocked.,false,false,false
Not enough information,2005,5,152,NOR,true,drafted_only_review_admission,Missing draft capital is Not enough information and is not confirmed UDFA; fake round 8 is blocked.,false,false,false
00-0023436,2005,1,1,SFO,true,drafted_only_review_admission,Missing draft capital is Not enough information and is not confirmed UDFA; fake round 8 is blocked.,false,false,false
00-0023504,2005,3,69,OAK,true,drafted_only_review_admission,Missing draft capital is Not enough information and is not confirmed UDFA; fake round 8 is blocked.,false,false,false
00-0023502,2005,3,67,CLE,true,drafted_only_review_admission,Missing draft capital is Not enough information and is not confirmed UDFA; fake round 8 is blocked.,false,false,false
00-0023578,2005,5,145,DET,true,drafted_only_review_admission,Missing draft capital is Not enough information and is not confirmed UDFA; fake round 8 is blocked.,false,false,false
Not enough information,2005,3,85,SEA,true,drafted_only_review_admission,Missing draft capital is Not enough information and is not confirmed UDFA; fake round 8 is blocked.,false,false,false
00-0023645,2005,6,213,BAL,true,drafted_only_review_admission,Missing draft capital is Not enough information and is not confirmed UDFA; fake round 8 is blocked.,false,false,false
Not enough information,2005,7,229,KAN,true,drafted_only_review_admission,Missing draft capital is Not enough information and is not confirmed UDFA; fake round 8 is blocked.,false,false,false
00-0023460,2005,1,25,WAS,true,drafted_only_review_admission,Missing draft capital is Not enough information and is not confirmed UDFA; fake round 8 is blocked.,false,false,false
00-0023541,2005,4,106,CHI,true,drafted_only_review_admission,Missing draft capital is Not enough information and is not confirmed UDFA; fake round 8 is blocked.,false,false,false
00-0023662,2005,7,230,NWE,true,drafted_only_review_admission,Missing draft capital is Not enough information and is not confirmed UDFA; fake round 8 is blocked.,false,false,false
00-0023682,2005,7,250,STL,true,drafted_only_review_admission,Missing draft capital is Not enough information and is not confirmed UDFA; fake round 8 is blocked.,false,false,false
Not enough information,2005,4,121,CAR,true,drafted_only_review_admission,Missing draft capital is Not enough information and is not confirmed UDFA; fake round 8 is blocked.,false,false,false
00-0023561,2005,4,127,JAX,true,drafted_only_review_admission,Missing draft capital is Not enough information and is not confirmed UDFA; fake round 8 is blocked.,false,false,false
Not enough information,2005,7,243,IND,true,drafted_only_review_admission,Missing draft capital is Not enough information and is not confirmed UDFA; fake round 8 is blocked.,false,false,false
00-0023545,2005,4,110,NYG,true,drafted_only_review_admission,Missing draft capital is Not enough information and is not confirmed UDFA; fake round 8 is blocked.,false,false,false
00-0023440,2005,1,5,TAM,true,drafted_only_review_admission,Missing draft capital is Not enough information and is not confirmed UDFA; fake round 8 is blocked.,false,false,false
00-0023439,2005,1,4,CHI,true,drafted_only_review_admission,Missing draft capital is Not enough information and is not confirmed UDFA; fake round 8 is blocked.,false,false,false
00-0023615,2005,6,182,NYJ,true,drafted_only_review_admission,Missing draft capital is Not enough information and is not confirmed UDFA; fake round 8 is blocked.,false,false,false
00-0023547,2005,4,112,MIN,true,drafted_only_review_admission,Missing draft capital is Not enough information and is not confirmed UDFA; fake round 8 is blocked.,false,false,false
00-0023576,2005,5,142,TEN,true,drafted_only_review_admission,Missing draft capital is Not enough information and is not confirmed UDFA; fake round 8 is blocked.,false,false,false
00-0023564,2005,4,130,SDG,true,drafted_only_review_admission,Missing draft capital is Not enough information and is not confirmed UDFA; fake round 8 is blocked.,false,false,false
00-0023634,2005,6,201,ATL,true,drafted_only_review_admission,Missing draft capital is Not enough information and is not confirmed UDFA; fake round 8 is blocked.,false,false,false
00-0023489,2005,2,54,CAR,true,drafted_only_review_admission,Missing draft capital is Not enough information and is not confirmed UDFA; fake round 8 is blocked.,false,false,false
00-0023500,2005,3,65,SFO,true,drafted_only_review_admission,Missing draft capital is Not enough information and is not confirmed UDFA; fake round 8 is blocked.,false,false,false
00-0023479,2005,2,44,ARI,true,drafted_only_review_admission,Missing draft capital is Not enough information and is not confirmed UDFA; fake round 8 is blocked.,false,false,false
00-0023668,2005,7,236,BUF,true,drafted_only_review_admission,Missing draft capital is Not enough information and is not confirmed UDFA; fake round 8 is blocked.,false,false,false
Not enough information,2005,4,120,WAS,true,drafted_only_review_admission,Missing draft capital is Not enough information and is not confirmed UDFA; fake round 8 is blocked.,false,false,false
00-0023544,2005,4,109,DAL,true,drafted_only_review_admission,Missing draft capital is Not enough information and is not confirmed UDFA; fake round 8 is blocked.,false,false,false
Not enough information,2005,3,101,DEN,true,drafted_only_review_admission,Missing draft capital is Not enough information and is not confirmed UDFA; fake round 8 is blocked.,false,false,false
00-0023676,2005,7,244,PIT,true,drafted_only_review_admission,Missing draft capital is Not enough information and is not confirmed UDFA; fake round 8 is blocked.,false,false,false
Not enough information,2005,7,221,TAM,true,drafted_only_review_admission,Missing draft capital is Not enough information and is not confirmed UDFA; fake round 8 is blocked.,false,false,false
00-0023437,2005,1,2,MIA,true,drafted_only_review_admission,Missing draft capital is Not enough information and is not confirmed UDFA; fake round 8 is blocked.,false,false,false
00-0023512,2005,3,77,PHI,true,drafted_only_review_admission,Missing draft capital is Not enough information and is not confirmed UDFA; fake round 8 is blocked.,false,false,false
00-0023508,2005,3,73,HOU,true,drafted_only_review_admission,Missing draft capital is Not enough information and is not confirmed UDFA; fake round 8 is blocked.,false,false,false
00-0023506,2005,3,71,TAM,true,drafted_only_review_admission,Missing draft capital is Not enough information and is not confirmed UDFA; fake round 8 is blocked.,false,false,false
Not enough information,2005,7,255,NWE,true,drafted_only_review_admission,Missing draft capital is Not enough information and is not confirmed UDFA; fake round 8 is blocked.,false,false,false
00-0023679,2005,7,249,SFO,true,drafted_only_review_admission,Missing draft capital is Not enough information and is not confirmed UDFA; fake round 8 is blocked.,false,false,false
00-0023612,2005,6,179,TEN,true,drafted_only_review_admission,Missing draft capital is Not enough information and is not confirmed UDFA; fake round 8 is blocked.,false,false,false
00-0023465,2005,1,30,PIT,true,drafted_only_review_admission,Missing draft capital is Not enough information and is not confirmed UDFA; fake round 8 is blocked.,false,false,false
00-0023577,2005,5,144,STL,true,drafted_only_review_admission,Missing draft capital is Not enough information and is not confirmed UDFA; fake round 8 is blocked.,false,false,false
00-0023630,2005,6,198,NYJ,true,drafted_only_review_admission,Missing draft capital is Not enough information and is not confirmed UDFA; fake round 8 is blocked.,false,false,false
00-0023521,2005,3,86,BUF,true,drafted_only_review_admission,Missing draft capital is Not enough information and is not confirmed UDFA; fake round 8 is blocked.,false,false,false
00-0023680,2005,7,248,SFO,true,drafted_only_review_admission,Missing draft capital is Not enough information and is not confirmed UDFA; fake round 8 is blocked.,false,false,false
Not enough information,2005,6,196,SEA,true,drafted_only_review_admission,Missing draft capital is Not enough information and is not confirmed UDFA; fake round 8 is blocked.,false,false,false
00-0023574,2005,5,140,CHI,true,drafted_only_review_admission,Missing draft capital is Not enough information and is not confirmed UDFA; fake round 8 is blocked.,false,false,false
00-0023531,2005,3,96,TEN,true,drafted_only_review_admission,Missing draft capital is Not enough information and is not confirmed UDFA; fake round 8 is blocked.,false,false,false
00-0023438,2005,1,3,CLE,true,drafted_only_review_admission,Missing draft capital is Not enough information and is not confirmed UDFA; fake round 8 is blocked.,false,false,false
00-0023618,2005,6,185,JAX,true,drafted_only_review_admission,Missing draft capital is Not enough information and is not confirmed UDFA; fake round 8 is blocked.,false,false,false
Not enough information,2005,4,118,NOR,true,drafted_only_review_admission,Missing draft capital is Not enough information and is not confirmed UDFA; fake round 8 is blocked.,false,false,false
00-0023518,2005,3,83,CIN,true,drafted_only_review_admission,Missing draft capital is Not enough information and is not confirmed UDFA; fake round 8 is blocked.,false,false,false
00-0023503,2005,3,68,TEN,true,drafted_only_review_admission,Missing draft capital is Not enough information and is not confirmed UDFA; fake round 8 is blocked.,false,false,false
Not enough information,2005,6,195,GNB,true,drafted_only_review_admission,Missing draft capital is Not enough information and is not confirmed UDFA; fake round 8 is blocked.,false,false,false
00-0023551,2005,4,116,KAN,true,drafted_only_review_admission,Missing draft capital is Not enough information and is not confirmed UDFA; fake round 8 is blocked.,false,false,false
00-0023625,2005,6,192,STL,true,drafted_only_review_admission,Missing draft capital is Not enough information and is not confirmed UDFA; fake round 8 is blocked.,false,false,false
Not enough information,2005,4,131,PIT,true,drafted_only_review_admission,Missing draft capital is Not enough information and is not confirmed UDFA; fake round 8 is blocked.,false,false,false
00-0023672,2005,7,240,NYJ,true,drafted_only_review_admission,Missing draft capital is Not enough information and is not confirmed UDFA; fake round 8 is blocked.,false,false,false
Not enough information,2005,7,253,TAM,true,drafted_only_review_admission,Missing draft capital is Not enough information and is not confirmed UDFA; fake round 8 is blocked.,false,false,false
00-0023549,2005,4,114,HOU,true,drafted_only_review_admission,Missing draft capital is Not enough information and is not confirmed UDFA; fake round 8 is blocked.,false,false,false
Not enough information,2005,5,155,TAM,true,drafted_only_review_admission,Missing draft capital is Not enough information and is not confirmed UDFA; fake round 8 is blocked.,false,false,false
00-0023658,2005,7,226,ARI,true,drafted_only_review_admission,Missing draft capital is Not enough information and is not confirmed UDFA; fake round 8 is blocked.,false,false,false
00-0023655,2005,7,223,SFO,true,drafted_only_review_admission,Missing draft capital is Not enough information and is not confirmed UDFA; fake round 8 is blocked.,false,false,false
00-0023474,2005,2,39,CHI,true,drafted_only_review_admission,Missing draft capital is Not enough information and is not confirmed UDFA; fake round 8 is blocked.,false,false,false
00-0023457,2005,1,22,BAL,true,drafted_only_review_admission,Missing draft capital is Not enough information and is not confirmed UDFA; fake round 8 is blocked.,false,false,false
00-0023456,2005,1,21,JAX,true,drafted_only_review_admission,Missing draft capital is Not enough information and is not confirmed UDFA; fake round 8 is blocked.,false,false,false
00-0023452,2005,1,10,DET,true,drafted_only_review_admission,Missing draft capital is Not enough information and is not confirmed UDFA; fake round 8 is blocked.,false,false,false
00-0023657,2005,7,225,TAM,true,drafted_only_review_admission,Missing draft capital is Not enough information and is not confirmed UDFA; fake round 8 is blocked.,false,false,false
00-0023607,2005,5,174,SFO,true,drafted_only_review_admission,Missing draft capital is Not enough information and is not confirmed UDFA; fake round 8 is blocked.,false,false,false
00-0023470,2005,2,35,PHI,true,drafted_only_review_admission,Missing draft capital is Not enough information and is not confirmed UDFA; fake round 8 is blocked.,false,false,false
00-0023462,2005,1,27,ATL,true,drafted_only_review_admission,Missing draft capital is Not enough information and is not confirmed UDFA; fake round 8 is blocked.,false,false,false
00-0023490,2005,2,55,BUF,true,drafted_only_review_admission,Missing draft capital is Not enough information and is not confirmed UDFA; fake round 8 is blocked.,false,false,false
00-0023570,2005,4,136,TEN,true,drafted_only_review_admission,Missing draft capital is Not enough information and is not confirmed UDFA; fake round 8 is blocked.,false,false,false
00-0023623,2005,6,190,CIN,true,drafted_only_review_admission,Missing draft capital is Not enough information and is not confirmed UDFA; fake round 8 is blocked.,false,false,false
00-0023493,2005,2,58,GNB,true,drafted_only_review_admission,Missing draft capital is Not enough information and is not confirmed UDFA; fake round 8 is blocked.,false,false,false
00-0023442,2005,1,7,MIN,true,drafted_only_review_admission,Missing draft capital is Not enough information and is not confirmed UDFA; fake round 8 is blocked.,false,false,false
00-0023496,2005,2,61,SDG,true,drafted_only_review_admission,Missing draft capital is Not enough information and is not confirmed UDFA; fake round 8 is blocked.,false,false,false
00-0024318,2006,4,103,NYJ,true,drafted_only_review_admission,Missing draft capital is Not enough information and is not confirmed UDFA; fake round 8 is blocked.,false,false,false
00-0024300,2006,3,85,KAN,true,drafted_only_review_admission,Missing draft capital is Not enough information and is not confirmed UDFA; fake round 8 is blocked.,false,false,false
00-0024408,2006,6,194,TAM,true,drafted_only_review_admission,Missing draft capital is Not enough information and is not confirmed UDFA; fake round 8 is blocked.,false,false,false
00-0024296,2006,3,81,SDG,true,drafted_only_review_admission,Missing draft capital is Not enough information and is not confirmed UDFA; fake round 8 is blocked.,false,false,false
Not enough information,2006,7,223,ATL,true,drafted_only_review_admission,Missing draft capital is Not enough information and is not confirmed UDFA; fake round 8 is blocked.,false,false,false
00-0024362,2006,5,148,GNB,true,drafted_only_review_admission,Missing draft capital is Not enough information and is not confirmed UDFA; fake round 8 is blocked.,false,false,false
00-0024226,2006,1,11,DEN,true,drafted_only_review_admission,Missing draft capital is Not enough information and is not confirmed UDFA; fake round 8 is blocked.,false,false,false
00-0024264,2006,2,49,NYJ,true,drafted_only_review_admission,Missing draft capital is Not enough information and is not confirmed UDFA; fake round 8 is blocked.,false,false,false
00-0024225,2006,1,10,ARI,true,drafted_only_review_admission,Missing draft capital is Not enough information and is not confirmed UDFA; fake round 8 is blocked.,false,false,false
Not enough information,2006,5,164,PIT,true,drafted_only_review_admission,Missing draft capital is Not enough information and is not confirmed UDFA; fake round 8 is blocked.,false,false,false
00-0024407,2006,6,193,CIN,true,drafted_only_review_admission,Missing draft capital is Not enough information and is not confirmed UDFA; fake round 8 is blocked.,false,false,false
00-0024279,2006,2,64,MIN,true,drafted_only_review_admission,Missing draft capital is Not enough information and is not confirmed UDFA; fake round 8 is blocked.,false,false,false
00-0024218,2006,1,3,TEN,true,drafted_only_review_admission,Missing draft capital is Not enough information and is not confirmed UDFA; fake round 8 is blocked.,false,false,false
00-0024289,2006,3,74,DET,true,drafted_only_review_admission,Missing draft capital is Not enough information and is not confirmed UDFA; fake round 8 is blocked.,false,false,false
Not enough information,2006,7,240,PIT,true,drafted_only_review_admission,Missing draft capital is Not enough information and is not confirmed UDFA; fake round 8 is blocked.,false,false,false
00-0024377,2006,5,163,SEA,true,drafted_only_review_admission,Missing draft capital is Not enough information and is not confirmed UDFA; fake round 8 is blocked.,false,false,false
00-0024242,2006,1,27,CAR,true,drafted_only_review_admission,Missing draft capital is Not enough information and is not confirmed UDFA; fake round 8 is blocked.,false,false,false
00-0024409,2006,6,195,CHI,true,drafted_only_review_admission,Missing draft capital is Not enough information and is not confirmed UDFA; fake round 8 is blocked.,false,false,false
00-0024294,2006,3,79,ATL,true,drafted_only_review_admission,Missing draft capital is Not enough information and is not confirmed UDFA; fake round 8 is blocked.,false,false,false
00-0024359,2006,5,145,CLE,true,drafted_only_review_admission,Missing draft capital is Not enough information and is not confirmed UDFA; fake round 8 is blocked.,false,false,false
00-0024245,2006,1,30,IND,true,drafted_only_review_admission,Missing draft capital is Not enough information and is not confirmed UDFA; fake round 8 is blocked.,false,false,false
00-0024436,2006,7,222,CLE,true,drafted_only_review_admission,Missing draft capital is Not enough information and is not confirmed UDFA; fake round 8 is blocked.,false,false,false
00-0024236,2006,1,21,NWE,true,drafted_only_review_admission,Missing draft capital is Not enough information and is not confirmed UDFA; fake round 8 is blocked.,false,false,false
00-0024260,2006,2,45,TEN,true,drafted_only_review_admission,Missing draft capital is Not enough information and is not confirmed UDFA; fake round 8 is blocked.,false,false,false
00-0024332,2006,4,117,NYJ,true,drafted_only_review_admission,Missing draft capital is Not enough information and is not confirmed UDFA; fake round 8 is blocked.,false,false,false
00-0024275,2006,2,60,JAX,true,drafted_only_review_admission,Missing draft capital is Not enough information and is not confirmed UDFA; fake round 8 is blocked.,false,false,false
00-0024346,2006,4,132,BAL,true,drafted_only_review_admission,Missing draft capital is Not enough information and is not confirmed UDFA; fake round 8 is blocked.,false,false,false
00-0024460,2006,7,246,TEN,true,drafted_only_review_admission,Missing draft capital is Not enough information and is not confirmed UDFA; fake round 8 is blocked.,false,false,false
00-0024217,2006,1,2,NOR,true,drafted_only_review_admission,Missing draft capital is Not enough information and is not confirmed UDFA; fake round 8 is blocked.,false,false,false
00-0024384,2006,6,170,HOU,true,drafted_only_review_admission,Missing draft capital is Not enough information and is not confirmed UDFA; fake round 8 is blocked.,false,false,false
00-0024268,2006,2,53,DAL,true,drafted_only_review_admission,Missing draft capital is Not enough information and is not confirmed UDFA; fake round 8 is blocked.,false,false,false
Not enough information,2006,5,167,PIT,true,drafted_only_review_admission,Missing draft capital is Not enough information and is not confirmed UDFA; fake round 8 is blocked.,false,false,false
00-0024301,2006,3,86,NWE,true,drafted_only_review_admission,Missing draft capital is Not enough information and is not confirmed UDFA; fake round 8 is blocked.,false,false,false
00-0024308,2006,3,93,STL,true,drafted_only_review_admission,Missing draft capital is Not enough information and is not confirmed UDFA; fake round 8 is blocked.,false,false,false
00-0024364,2006,5,150,NYJ,true,drafted_only_review_admission,Missing draft capital is Not enough information and is not confirmed UDFA; fake round 8 is blocked.,false,false,false
00-0024369,2006,5,155,CAR,true,drafted_only_review_admission,Missing draft capital is Not enough information and is not confirmed UDFA; fake round 8 is blocked.,false,false,false
00-0024261,2006,2,46,STL,true,drafted_only_review_admission,Missing draft capital is Not enough information and is not confirmed UDFA; fake round 8 is blocked.,false,false,false
00-0024287,2006,3,72,ARI,true,drafted_only_review_admission,Missing draft capital is Not enough information and is not confirmed UDFA; fake round 8 is blocked.,false,false,false
00-0024243,2006,1,28,JAX,true,drafted_only_review_admission,Missing draft capital is Not enough information and is not confirmed UDFA; fake round 8 is blocked.,false,false,false
00-0024313,2006,4,98,HOU,true,drafted_only_review_admission,Missing draft capital is Not enough information and is not confirmed UDFA; fake round 8 is blocked.,false,false,false
00-0024380,2006,5,166,BAL,true,drafted_only_review_admission,Missing draft capital is Not enough information and is not confirmed UDFA; fake round 8 is blocked.,false,false,false
Not enough information,2006,6,202,TAM,true,drafted_only_review_admission,Missing draft capital is Not enough information and is not confirmed UDFA; fake round 8 is blocked.,false,false,false
00-0024458,2006,7,244,TAM,true,drafted_only_review_admission,Missing draft capital is Not enough information and is not confirmed UDFA; fake round 8 is blocked.,false,false,false
00-0024276,2006,2,61,DEN,true,drafted_only_review_admission,Missing draft capital is Not enough information and is not confirmed UDFA; fake round 8 is blocked.,false,false,false
00-0024221,2006,1,6,SFO,true,drafted_only_review_admission,Missing draft capital is Not enough information and is not confirmed UDFA; fake round 8 is blocked.,false,false,false
00-0024398,2006,6,184,ATL,true,drafted_only_review_admission,Missing draft capital is Not enough information and is not confirmed UDFA; fake round 8 is blocked.,false,false,false
00-0024463,2006,7,249,SEA,true,drafted_only_review_admission,Missing draft capital is Not enough information and is not confirmed UDFA; fake round 8 is blocked.,false,false,false
Not enough information,2006,7,231,CIN,true,drafted_only_review_admission,Missing draft capital is Not enough information and is not confirmed UDFA; fake round 8 is blocked.,false,false,false
00-0024334,2006,4,119,DEN,true,drafted_only_review_admission,Missing draft capital is Not enough information and is not confirmed UDFA; fake round 8 is blocked.,false,false,false
00-0024299,2006,3,84,SFO,true,drafted_only_review_admission,Missing draft capital is Not enough information and is not confirmed UDFA; fake round 8 is blocked.,false,false,false
00-0024251,2006,2,36,NWE,true,drafted_only_review_admission,Missing draft capital is Not enough information and is not confirmed UDFA; fake round 8 is blocked.,false,false,false
Not enough information,2006,4,104,GNB,true,drafted_only_review_admission,Missing draft capital is Not enough information and is not confirmed UDFA; fake round 8 is blocked.,false,false,false
00-0024465,2006,7,251,HOU,true,drafted_only_review_admission,Missing draft capital is Not enough information and is not confirmed UDFA; fake round 8 is blocked.,false,false,false
00-0024389,2006,6,175,SFO,true,drafted_only_review_admission,Missing draft capital is Not enough information and is not confirmed UDFA; fake round 8 is blocked.,false,false,false
00-0024326,2006,4,111,BAL,true,drafted_only_review_admission,Missing draft capital is Not enough information and is not confirmed UDFA; fake round 8 is blocked.,false,false,false
00-0024297,2006,3,82,MIA,true,drafted_only_review_admission,Missing draft capital is Not enough information and is not confirmed UDFA; fake round 8 is blocked.,false,false,false
00-0024447,2006,7,233,MIA,true,drafted_only_review_admission,Missing draft capital is Not enough information and is not confirmed UDFA; fake round 8 is blocked.,false,false,false
00-0024345,2006,4,130,DEN,true,drafted_only_review_admission,Missing draft capital is Not enough information and is not confirmed UDFA; fake round 8 is blocked.,false,false,false
00-0024423,2006,7,209,CIN,true,drafted_only_review_admission,Missing draft capital is Not enough information and is not confirmed UDFA; fake round 8 is blocked.,false,false,false
00-0024267,2006,2,52,GNB,true,drafted_only_review_admission,Missing draft capital is Not enough information and is not confirmed UDFA; fake round 8 is blocked.,false,false,false
00-0024324,2006,4,109,PHI,true,drafted_only_review_admission,Missing draft capital is Not enough information and is not confirmed UDFA; fake round 8 is blocked.,false,false,false
00-0024404,2006,6,190,KAN,true,drafted_only_review_admission,Missing draft capital is Not enough information and is not confirmed UDFA; fake round 8 is blocked.,false,false,false
Not enough information,2006,6,172,TEN,true,drafted_only_review_admission,Missing draft capital is Not enough information and is not confirmed UDFA; fake round 8 is blocked.,false,false,false
Not enough information,2006,7,255,OAK,true,drafted_only_review_admission,Missing draft capital is Not enough information and is not confirmed UDFA; fake round 8 is blocked.,false,false,false
00-0024466,2006,7,252,NOR,true,drafted_only_review_admission,Missing draft capital is Not enough information and is not confirmed UDFA; fake round 8 is blocked.,false,false,false
00-0024358,2006,5,144,STL,true,drafted_only_review_admission,Missing draft capital is Not enough information and is not confirmed UDFA; fake round 8 is blocked.,false,false,false
00-0024305,2006,3,90,TAM,true,drafted_only_review_admission,Missing draft capital is Not enough information and is not confirmed UDFA; fake round 8 is blocked.,false,false,false
00-0024315,2006,4,100,SFO,true,drafted_only_review_admission,Missing draft capital is Not enough information and is not confirmed UDFA; fake round 8 is blocked.,false,false,false
00-0024385,2006,6,171,NOR,true,drafted_only_review_admission,Missing draft capital is Not enough information and is not confirmed UDFA; fake round 8 is blocked.,false,false,false
00-0024240,2006,1,25,PIT,true,drafted_only_review_admission,Missing draft capital is Not enough information and is not confirmed UDFA; fake round 8 is blocked.,false,false,false
00-0024259,2006,2,44,NYG,true,drafted_only_review_admission,Missing draft capital is Not enough information and is not confirmed UDFA; fake round 8 is blocked.,false,false,false
00-0024340,2006,4,125,DAL,true,drafted_only_review_admission,Missing draft capital is Not enough information and is not confirmed UDFA; fake round 8 is blocked.,false,false,false
00-0024432,2006,7,218,ARI,true,drafted_only_review_admission,Missing draft capital is Not enough information and is not confirmed UDFA; fake round 8 is blocked.,false,false,false
00-0024293,2006,3,78,CLE,true,drafted_only_review_admission,Missing draft capital is Not enough information and is not confirmed UDFA; fake round 8 is blocked.,false,false,false
00-0024310,2006,3,95,PIT,true,drafted_only_review_admission,Missing draft capital is Not enough information and is not confirmed UDFA; fake round 8 is blocked.,false,false,false
00-0025409,2007,1,22,CLE,true,drafted_only_review_admission,Missing draft capital is Not enough information and is not confirmed UDFA; fake round 8 is blocked.,false,false,false
00-0025430,2007,2,43,DET,true,drafted_only_review_admission,Missing draft capital is Not enough information and is not confirmed UDFA; fake round 8 is blocked.,false,false,false
00-0025490,2007,4,103,DAL,true,drafted_only_review_admission,Missing draft capital is Not enough information and is not confirmed UDFA; fake round 8 is blocked.,false,false,false
00-0025388,2007,1,1,OAK,true,drafted_only_review_admission,Missing draft capital is Not enough information and is not confirmed UDFA; fake round 8 is blocked.,false,false,false
00-0025538,2007,5,151,CIN,true,drafted_only_review_admission,Missing draft capital is Not enough information and is not confirmed UDFA; fake round 8 is blocked.,false,false,false
00-0025427,2007,2,40,MIA,true,drafted_only_review_admission,Missing draft capital is Not enough information and is not confirmed UDFA; fake round 8 is blocked.,false,false,false
00-0025592,2007,6,205,WAS,true,drafted_only_review_admission,Missing draft capital is Not enough information and is not confirmed UDFA; fake round 8 is blocked.,false,false,false
00-0025423,2007,2,36,PHI,true,drafted_only_review_admission,Missing draft capital is Not enough information and is not confirmed UDFA; fake round 8 is blocked.,false,false,false
00-0025479,2007,3,92,BUF,true,drafted_only_review_admission,Missing draft capital is Not enough information and is not confirmed UDFA; fake round 8 is blocked.,false,false,false
00-0025561,2007,5,174,BAL,true,drafted_only_review_admission,Missing draft capital is Not enough information and is not confirmed UDFA; fake round 8 is blocked.,false,false,false
00-0025604,2007,7,217,MIN,true,drafted_only_review_admission,Missing draft capital is Not enough information and is not confirmed UDFA; fake round 8 is blocked.,false,false,false
00-0025394,2007,1,7,MIN,true,drafted_only_review_admission,Missing draft capital is Not enough information and is not confirmed UDFA; fake round 8 is blocked.,false,false,false
00-0025637,2007,7,250,NYG,true,drafted_only_review_admission,Missing draft capital is Not enough information and is not confirmed UDFA; fake round 8 is blocked.,false,false,false
00-0025494,2007,4,107,NOR,true,drafted_only_review_admission,Missing draft capital is Not enough information and is not confirmed UDFA; fake round 8 is blocked.,false,false,false
00-0025450,2007,2,63,GNB,true,drafted_only_review_admission,Missing draft capital is Not enough information and is not confirmed UDFA; fake round 8 is blocked.,false,false,false
00-0025439,2007,2,52,STL,true,drafted_only_review_admission,Missing draft capital is Not enough information and is not confirmed UDFA; fake round 8 is blocked.,false,false,false
00-0025437,2007,2,50,TEN,true,drafted_only_review_admission,Missing draft capital is Not enough information and is not confirmed UDFA; fake round 8 is blocked.,false,false,false
00-0025615,2007,7,228,GNB,true,drafted_only_review_admission,Missing draft capital is Not enough information and is not confirmed UDFA; fake round 8 is blocked.,false,false,false
00-0025498,2007,4,111,BUF,true,drafted_only_review_admission,Missing draft capital is Not enough information and is not confirmed UDFA; fake round 8 is blocked.,false,false,false
00-0025480,2007,3,93,CHI,true,drafted_only_review_admission,Missing draft capital is Not enough information and is not confirmed UDFA; fake round 8 is blocked.,false,false,false
00-0025631,2007,7,244,ATL,true,drafted_only_review_admission,Missing draft capital is Not enough information and is not confirmed UDFA; fake round 8 is blocked.,false,false,false
Not enough information,2007,6,208,NWE,true,drafted_only_review_admission,Missing draft capital is Not enough information and is not confirmed UDFA; fake round 8 is blocked.,false,false,false
00-0025633,2007,7,246,TAM,true,drafted_only_review_admission,Missing draft capital is Not enough information and is not confirmed UDFA; fake round 8 is blocked.,false,false,false
Not enough information,2007,2,49,CIN,true,drafted_only_review_admission,Missing draft capital is Not enough information and is not confirmed UDFA; fake round 8 is blocked.,false,false,false
00-0025535,2007,5,148,KAN,true,drafted_only_review_admission,Missing draft capital is Not enough information and is not confirmed UDFA; fake round 8 is blocked.,false,false,false
00-0025524,2007,4,137,BAL,true,drafted_only_review_admission,Missing draft capital is Not enough information and is not confirmed UDFA; fake round 8 is blocked.,false,false,false
00-0025458,2007,3,71,MIA,true,drafted_only_review_admission,Missing draft capital is Not enough information and is not confirmed UDFA; fake round 8 is blocked.,false,false,false
00-0025399,2007,1,12,BUF,true,drafted_only_review_admission,Missing draft capital is Not enough information and is not confirmed UDFA; fake round 8 is blocked.,false,false,false
00-0025487,2007,4,100,OAK,true,drafted_only_review_admission,Missing draft capital is Not enough information and is not confirmed UDFA; fake round 8 is blocked.,false,false,false
Not enough information,2007,7,236,PHI,true,drafted_only_review_admission,Missing draft capital is Not enough information and is not confirmed UDFA; fake round 8 is blocked.,false,false,false
00-0025568,2007,6,181,MIA,true,drafted_only_review_admission,Missing draft capital is Not enough information and is not confirmed UDFA; fake round 8 is blocked.,false,false,false
Not enough information,2007,6,186,SFO,true,drafted_only_review_admission,Missing draft capital is Not enough information and is not confirmed UDFA; fake round 8 is blocked.,false,false,false
00-0025477,2007,3,90,PHI,true,drafted_only_review_admission,Missing draft capital is Not enough information and is not confirmed UDFA; fake round 8 is blocked.,false,false,false
00-0025602,2007,7,215,ARI,true,drafted_only_review_admission,Missing draft capital is Not enough information and is not confirmed UDFA; fake round 8 is blocked.,false,false,false
00-0025549,2007,5,162,PHI,true,drafted_only_review_admission,Missing draft capital is Not enough information and is not confirmed UDFA; fake round 8 is blocked.,false,false,false
00-0025630,2007,7,243,GNB,true,drafted_only_review_admission,Missing draft capital is Not enough information and is not confirmed UDFA; fake round 8 is blocked.,false,false,false
00-0025542,2007,5,155,CAR,true,drafted_only_review_admission,Missing draft capital is Not enough information and is not confirmed UDFA; fake round 8 is blocked.,false,false,false
00-0025609,2007,7,222,BUF,true,drafted_only_review_admission,Missing draft capital is Not enough information and is not confirmed UDFA; fake round 8 is blocked.,false,false,false
00-0025418,2007,1,31,CHI,true,drafted_only_review_admission,Missing draft capital is Not enough information and is not confirmed UDFA; fake round 8 is blocked.,false,false,false
00-0025540,2007,5,153,NYG,true,drafted_only_review_admission,Missing draft capital is Not enough information and is not confirmed UDFA; fake round 8 is blocked.,false,false,false
00-0025520,2007,4,133,ATL,true,drafted_only_review_admission,Missing draft capital is Not enough information and is not confirmed UDFA; fake round 8 is blocked.,false,false,false
00-0025464,2007,3,77,PIT,true,drafted_only_review_admission,Missing draft capital is Not enough information and is not confirmed UDFA; fake round 8 is blocked.,false,false,false
Not enough information,2007,7,231,KAN,true,drafted_only_review_admission,Missing draft capital is Not enough information and is not confirmed UDFA; fake round 8 is blocked.,false,false,false
00-0025516,2007,4,129,SDG,true,drafted_only_review_admission,Missing draft capital is Not enough information and is not confirmed UDFA; fake round 8 is blocked.,false,false,false
Not enough information,2007,7,216,WAS,true,drafted_only_review_admission,Missing draft capital is Not enough information and is not confirmed UDFA; fake round 8 is blocked.,false,false,false
00-0025425,2007,2,38,OAK,true,drafted_only_review_admission,Missing draft capital is Not enough information and is not confirmed UDFA; fake round 8 is blocked.,false,false,false
00-0025419,2007,1,32,IND,true,drafted_only_review_admission,Missing draft capital is Not enough information and is not confirmed UDFA; fake round 8 is blocked.,false,false,false
00-0025533,2007,5,146,MIN,true,drafted_only_review_admission,Missing draft capital is Not enough information and is not confirmed UDFA; fake round 8 is blocked.,false,false,false
00-0025389,2007,1,2,DET,true,drafted_only_review_admission,Missing draft capital is Not enough information and is not confirmed UDFA; fake round 8 is blocked.,false,false,false
Not enough information,2007,7,233,MIN,true,drafted_only_review_admission,Missing draft capital is Not enough information and is not confirmed UDFA; fake round 8 is blocked.,false,false,false
00-0025622,2007,7,235,NYJ,true,drafted_only_review_admission,Missing draft capital is Not enough information and is not confirmed UDFA; fake round 8 is blocked.,false,false,false
00-0025515,2007,4,128,TEN,true,drafted_only_review_admission,Missing draft capital is Not enough information and is not confirmed UDFA; fake round 8 is blocked.,false,false,false
00-0025584,2007,6,197,SEA,true,drafted_only_review_admission,Missing draft capital is Not enough information and is not confirmed UDFA; fake round 8 is blocked.,false,false,false
00-0025417,2007,1,30,SDG,true,drafted_only_review_admission,Missing draft capital is Not enough information and is not confirmed UDFA; fake round 8 is blocked.,false,false,false
00-0025614,2007,7,227,PIT,true,drafted_only_review_admission,Missing draft capital is Not enough information and is not confirmed UDFA; fake round 8 is blocked.,false,false,false
00-0025544,2007,5,157,GNB,true,drafted_only_review_admission,Missing draft capital is Not enough information and is not confirmed UDFA; fake round 8 is blocked.,false,false,false
00-0025636,2007,7,249,STL,true,drafted_only_review_admission,Missing draft capital is Not enough information and is not confirmed UDFA; fake round 8 is blocked.,false,false,false
00-0025410,2007,1,23,KAN,true,drafted_only_review_admission,Missing draft capital is Not enough information and is not confirmed UDFA; fake round 8 is blocked.,false,false,false
00-0025432,2007,2,45,CAR,true,drafted_only_review_admission,Missing draft capital is Not enough information and is not confirmed UDFA; fake round 8 is blocked.,false,false,false
00-0025460,2007,3,73,HOU,true,drafted_only_review_admission,Missing draft capital is Not enough information and is not confirmed UDFA; fake round 8 is blocked.,false,false,false
00-0025465,2007,3,78,GNB,true,drafted_only_review_admission,Missing draft capital is Not enough information and is not confirmed UDFA; fake round 8 is blocked.,false,false,false
00-0025463,2007,3,76,SFO,true,drafted_only_review_admission,Missing draft capital is Not enough information and is not confirmed UDFA; fake round 8 is blocked.,false,false,false
Not enough information,2007,6,188,TEN,true,drafted_only_review_admission,Missing draft capital is Not enough information and is not confirmed UDFA; fake round 8 is blocked.,false,false,false
00-0025616,2007,7,229,JAX,true,drafted_only_review_admission,Missing draft capital is Not enough information and is not confirmed UDFA; fake round 8 is blocked.,false,false,false
00-0025486,2007,3,99,OAK,true,drafted_only_review_admission,Missing draft capital is Not enough information and is not confirmed UDFA; fake round 8 is blocked.,false,false,false
00-0025641,2007,7,254,OAK,true,drafted_only_review_admission,Missing draft capital is Not enough information and is not confirmed UDFA; fake round 8 is blocked.,false,false,false
00-0025597,2007,6,210,SEA,true,drafted_only_review_admission,Missing draft capital is Not enough information and is not confirmed UDFA; fake round 8 is blocked.,false,false,false
00-0025462,2007,3,75,ATL,true,drafted_only_review_admission,Missing draft capital is Not enough information and is not confirmed UDFA; fake round 8 is blocked.,false,false,false
00-0025559,2007,5,172,SDG,true,drafted_only_review_admission,Missing draft capital is Not enough information and is not confirmed UDFA; fake round 8 is blocked.,false,false,false
00-0025466,2007,3,79,JAX,true,drafted_only_review_admission,Missing draft capital is Not enough information and is not confirmed UDFA; fake round 8 is blocked.,false,false,false
00-0025467,2007,3,80,TEN,true,drafted_only_review_admission,Missing draft capital is Not enough information and is not confirmed UDFA; fake round 8 is blocked.,false,false,false
00-0025414,2007,1,27,NOR,true,drafted_only_review_admission,Missing draft capital is Not enough information and is not confirmed UDFA; fake round 8 is blocked.,false,false,false
00-0025556,2007,5,169,IND,true,drafted_only_review_admission,Missing draft capital is Not enough information and is not confirmed UDFA; fake round 8 is blocked.,false,false,false
00-0025505,2007,4,118,CAR,true,drafted_only_review_admission,Missing draft capital is Not enough information and is not confirmed UDFA; fake round 8 is blocked.,false,false,false
00-0025431,2007,2,44,MIN,true,drafted_only_review_admission,Missing draft capital is Not enough information and is not confirmed UDFA; fake round 8 is blocked.,false,false,false
00-0025529,2007,5,142,ARI,true,drafted_only_review_admission,Missing draft capital is Not enough information and is not confirmed UDFA; fake round 8 is blocked.,false,false,false
00-0025438,2007,2,51,NYG,true,drafted_only_review_admission,Missing draft capital is Not enough information and is not confirmed UDFA; fake round 8 is blocked.,false,false,false
00-0025621,2007,7,234,CLE,true,drafted_only_review_admission,Missing draft capital is Not enough information and is not confirmed UDFA; fake round 8 is blocked.,false,false,false
00-0025396,2007,1,9,MIA,true,drafted_only_review_admission,Missing draft capital is Not enough information and is not confirmed UDFA; fake round 8 is blocked.,false,false,false
00-0025461,2007,3,74,BAL,true,drafted_only_review_admission,Missing draft capital is Not enough information and is not confirmed UDFA; fake round 8 is blocked.,false,false,false
00-0026363,2008,7,223,HOU,true,drafted_only_review_admission,Missing draft capital is Not enough information and is not confirmed UDFA; fake round 8 is blocked.,false,false,false
00-0026338,2008,6,198,NYG,true,drafted_only_review_admission,Missing draft capital is Not enough information and is not confirmed UDFA; fake round 8 is blocked.,false,false,false
00-0026196,2008,2,56,GNB,true,drafted_only_review_admission,Missing draft capital is Not enough information and is not confirmed UDFA; fake round 8 is blocked.,false,false,false
00-0026197,2008,2,57,MIA,true,drafted_only_review_admission,Missing draft capital is Not enough information and is not confirmed UDFA; fake round 8 is blocked.,false,false,false
00-0026326,2008,6,186,WAS,true,drafted_only_review_admission,Missing draft capital is Not enough information and is not confirmed UDFA; fake round 8 is blocked.,false,false,false
00-0026296,2008,5,156,PIT,true,drafted_only_review_admission,Missing draft capital is Not enough information and is not confirmed UDFA; fake round 8 is blocked.,false,false,false
00-0026302,2008,5,162,NYJ,true,drafted_only_review_admission,Missing draft capital is Not enough information and is not confirmed UDFA; fake round 8 is blocked.,false,false,false
00-0026158,2008,1,18,BAL,true,drafted_only_review_admission,Missing draft capital is Not enough information and is not confirmed UDFA; fake round 8 is blocked.,false,false,false
Not enough information,2008,5,137,MIN,true,drafted_only_review_admission,Missing draft capital is Not enough information and is not confirmed UDFA; fake round 8 is blocked.,false,false,false
00-0026300,2008,5,160,TAM,true,drafted_only_review_admission,Missing draft capital is Not enough information and is not confirmed UDFA; fake round 8 is blocked.,false,false,false
00-0026234,2008,3,94,NWE,true,drafted_only_review_admission,Missing draft capital is Not enough information and is not confirmed UDFA; fake round 8 is blocked.,false,false,false
00-0026349,2008,7,209,GNB,true,drafted_only_review_admission,Missing draft capital is Not enough information and is not confirmed UDFA; fake round 8 is blocked.,false,false,false
00-0026143,2008,1,3,ATL,true,drafted_only_review_admission,Missing draft capital is Not enough information and is not confirmed UDFA; fake round 8 is blocked.,false,false,false
00-0026380,2008,7,240,BAL,true,drafted_only_review_admission,Missing draft capital is Not enough information and is not confirmed UDFA; fake round 8 is blocked.,false,false,false
00-0026353,2008,7,213,JAX,true,drafted_only_review_admission,Missing draft capital is Not enough information and is not confirmed UDFA; fake round 8 is blocked.,false,false,false
00-0026164,2008,1,24,TEN,true,drafted_only_review_admission,Missing draft capital is Not enough information and is not confirmed UDFA; fake round 8 is blocked.,false,false,false
00-0026378,2008,7,238,TAM,true,drafted_only_review_admission,Missing draft capital is Not enough information and is not confirmed UDFA; fake round 8 is blocked.,false,false,false
00-0026144,2008,1,4,OAK,true,drafted_only_review_admission,Missing draft capital is Not enough information and is not confirmed UDFA; fake round 8 is blocked.,false,false,false
00-0026162,2008,1,22,DAL,true,drafted_only_review_admission,Missing draft capital is Not enough information and is not confirmed UDFA; fake round 8 is blocked.,false,false,false
00-0026316,2008,6,176,MIA,true,drafted_only_review_admission,Missing draft capital is Not enough information and is not confirmed UDFA; fake round 8 is blocked.,false,false,false
00-0026213,2008,3,73,KAN,true,drafted_only_review_admission,Missing draft capital is Not enough information and is not confirmed UDFA; fake round 8 is blocked.,false,false,false
00-0026153,2008,1,13,CAR,true,drafted_only_review_admission,Missing draft capital is Not enough information and is not confirmed UDFA; fake round 8 is blocked.,false,false,false
00-0026373,2008,7,233,SEA,true,drafted_only_review_admission,Missing draft capital is Not enough information and is not confirmed UDFA; fake round 8 is blocked.,false,false,false
00-0026204,2008,3,64,DET,true,drafted_only_review_admission,Missing draft capital is Not enough information and is not confirmed UDFA; fake round 8 is blocked.,false,false,false
00-0026344,2008,6,204,MIA,true,drafted_only_review_admission,Missing draft capital is Not enough information and is not confirmed UDFA; fake round 8 is blocked.,false,false,false
00-0026306,2008,5,166,SDG,true,drafted_only_review_admission,Missing draft capital is Not enough information and is not confirmed UDFA; fake round 8 is blocked.,false,false,false
00-0026184,2008,2,44,CHI,true,drafted_only_review_admission,Missing draft capital is Not enough information and is not confirmed UDFA; fake round 8 is blocked.,false,false,false
00-0026342,2008,6,202,IND,true,drafted_only_review_admission,Missing draft capital is Not enough information and is not confirmed UDFA; fake round 8 is blocked.,false,false,false
00-0026163,2008,1,23,PIT,true,drafted_only_review_admission,Missing draft capital is Not enough information and is not confirmed UDFA; fake round 8 is blocked.,false,false,false
00-0026195,2008,2,55,BAL,true,drafted_only_review_admission,Missing draft capital is Not enough information and is not confirmed UDFA; fake round 8 is blocked.,false,false,false
00-0026279,2008,5,139,DEN,true,drafted_only_review_admission,Missing draft capital is Not enough information and is not confirmed UDFA; fake round 8 is blocked.,false,false,false
00-0026229,2008,3,89,HOU,true,drafted_only_review_admission,Missing draft capital is Not enough information and is not confirmed UDFA; fake round 8 is blocked.,false,false,false
00-0026262,2008,4,122,DAL,true,drafted_only_review_admission,Missing draft capital is Not enough information and is not confirmed UDFA; fake round 8 is blocked.,false,false,false
00-0026312,2008,6,172,ATL,true,drafted_only_review_admission,Missing draft capital is Not enough information and is not confirmed UDFA; fake round 8 is blocked.,false,false,false
00-0026289,2008,5,149,ARI,true,drafted_only_review_admission,Missing draft capital is Not enough information and is not confirmed UDFA; fake round 8 is blocked.,false,false,false
00-0026319,2008,6,179,BUF,true,drafted_only_review_admission,Missing draft capital is Not enough information and is not confirmed UDFA; fake round 8 is blocked.,false,false,false
00-0026216,2008,3,76,KAN,true,drafted_only_review_admission,Missing draft capital is Not enough information and is not confirmed UDFA; fake round 8 is blocked.,false,false,false
00-0026225,2008,3,85,TEN,true,drafted_only_review_admission,Missing draft capital is Not enough information and is not confirmed UDFA; fake round 8 is blocked.,false,false,false
00-0026272,2008,4,132,BUF,true,drafted_only_review_admission,Missing draft capital is Not enough information and is not confirmed UDFA; fake round 8 is blocked.,false,false,false
00-0026170,2008,1,30,NYJ,true,drafted_only_review_admission,Missing draft capital is Not enough information and is not confirmed UDFA; fake round 8 is blocked.,false,false,false
00-0026188,2008,2,48,WAS,true,drafted_only_review_admission,Missing draft capital is Not enough information and is not confirmed UDFA; fake round 8 is blocked.,false,false,false
00-0026281,2008,5,141,CAR,true,drafted_only_review_admission,Missing draft capital is Not enough information and is not confirmed UDFA; fake round 8 is blocked.,false,false,false
00-0026267,2008,4,127,IND,true,drafted_only_review_admission,Missing draft capital is Not enough information and is not confirmed UDFA; fake round 8 is blocked.,false,false,false
00-0026231,2008,3,91,GNB,true,drafted_only_review_admission,Missing draft capital is Not enough information and is not confirmed UDFA; fake round 8 is blocked.,false,false,false
00-0026178,2008,2,38,SEA,true,drafted_only_review_admission,Missing draft capital is Not enough information and is not confirmed UDFA; fake round 8 is blocked.,false,false,false
00-0026372,2008,7,232,ATL,true,drafted_only_review_admission,Missing draft capital is Not enough information and is not confirmed UDFA; fake round 8 is blocked.,false,false,false
00-0026298,2008,5,158,CHI,true,drafted_only_review_admission,Missing draft capital is Not enough information and is not confirmed UDFA; fake round 8 is blocked.,false,false,false
00-0026201,2008,2,61,DAL,true,drafted_only_review_admission,Missing draft capital is Not enough information and is not confirmed UDFA; fake round 8 is blocked.,false,false,false
00-0026251,2008,4,111,CLE,true,drafted_only_review_admission,Missing draft capital is Not enough information and is not confirmed UDFA; fake round 8 is blocked.,false,false,false
00-0026347,2008,6,207,CIN,true,drafted_only_review_admission,Missing draft capital is Not enough information and is not confirmed UDFA; fake round 8 is blocked.,false,false,false
00-0026379,2008,7,239,KAN,true,drafted_only_review_admission,Missing draft capital is Not enough information and is not confirmed UDFA; fake round 8 is blocked.,false,false,false
00-0026336,2008,6,196,IND,true,drafted_only_review_admission,Missing draft capital is Not enough information and is not confirmed UDFA; fake round 8 is blocked.,false,false,false
00-0026377,2008,7,237,NOR,true,drafted_only_review_admission,Missing draft capital is Not enough information and is not confirmed UDFA; fake round 8 is blocked.,false,false,false
00-0026237,2008,3,97,CIN,true,drafted_only_review_admission,Missing draft capital is Not enough information and is not confirmed UDFA; fake round 8 is blocked.,false,false,false
00-0026265,2008,4,125,OAK,true,drafted_only_review_admission,Missing draft capital is Not enough information and is not confirmed UDFA; fake round 8 is blocked.,false,false,false
00-0026357,2008,7,217,GNB,true,drafted_only_review_admission,Missing draft capital is Not enough information and is not confirmed UDFA; fake round 8 is blocked.,false,false,false
00-0026366,2008,7,226,OAK,true,drafted_only_review_admission,Missing draft capital is Not enough information and is not confirmed UDFA; fake round 8 is blocked.,false,false,false
00-0026189,2008,2,49,PHI,true,drafted_only_review_admission,Missing draft capital is Not enough information and is not confirmed UDFA; fake round 8 is blocked.,false,false,false
00-0026174,2008,2,34,WAS,true,drafted_only_review_admission,Missing draft capital is Not enough information and is not confirmed UDFA; fake round 8 is blocked.,false,false,false
00-0026198,2008,2,58,TAM,true,drafted_only_review_admission,Missing draft capital is Not enough information and is not confirmed UDFA; fake round 8 is blocked.,false,false,false
00-0026173,2008,2,33,STL,true,drafted_only_review_admission,Missing draft capital is Not enough information and is not confirmed UDFA; fake round 8 is blocked.,false,false,false
00-0026210,2008,3,70,CHI,true,drafted_only_review_admission,Missing draft capital is Not enough information and is not confirmed UDFA; fake round 8 is blocked.,false,false,false
00-0026221,2008,3,81,ARI,true,drafted_only_review_admission,Missing draft capital is Not enough information and is not confirmed UDFA; fake round 8 is blocked.,false,false,false
00-0026182,2008,2,42,DEN,true,drafted_only_review_admission,Missing draft capital is Not enough information and is not confirmed UDFA; fake round 8 is blocked.,false,false,false
00-0026224,2008,3,84,ATL,true,drafted_only_review_admission,Missing draft capital is Not enough information and is not confirmed UDFA; fake round 8 is blocked.,false,false,false
00-0026181,2008,2,41,BUF,true,drafted_only_review_admission,Missing draft capital is Not enough information and is not confirmed UDFA; fake round 8 is blocked.,false,false,false
00-0026333,2008,6,193,MIN,true,drafted_only_review_admission,Missing draft capital is Not enough information and is not confirmed UDFA; fake round 8 is blocked.,false,false,false
00-0026186,2008,2,46,CIN,true,drafted_only_review_admission,Missing draft capital is Not enough information and is not confirmed UDFA; fake round 8 is blocked.,false,false,false
00-0026176,2008,2,36,GNB,true,drafted_only_review_admission,Missing draft capital is Not enough information and is not confirmed UDFA; fake round 8 is blocked.,false,false,false
00-0026314,2008,6,174,SFO,true,drafted_only_review_admission,Missing draft capital is Not enough information and is not confirmed UDFA; fake round 8 is blocked.,false,false,false
00-0026355,2008,7,215,BAL,true,drafted_only_review_admission,Missing draft capital is Not enough information and is not confirmed UDFA; fake round 8 is blocked.,false,false,false
00-0026268,2008,4,128,STL,true,drafted_only_review_admission,Missing draft capital is Not enough information and is not confirmed UDFA; fake round 8 is blocked.,false,false,false
00-0026276,2008,5,136,DET,true,drafted_only_review_admission,Missing draft capital is Not enough information and is not confirmed UDFA; fake round 8 is blocked.,false,false,false
00-0026322,2008,6,182,KAN,true,drafted_only_review_admission,Missing draft capital is Not enough information and is not confirmed UDFA; fake round 8 is blocked.,false,false,false
00-0026266,2008,4,126,TEN,true,drafted_only_review_admission,Missing draft capital is Not enough information and is not confirmed UDFA; fake round 8 is blocked.,false,false,false
00-0026193,2008,2,53,PIT,true,drafted_only_review_admission,Missing draft capital is Not enough information and is not confirmed UDFA; fake round 8 is blocked.,false,false,false
00-0026191,2008,2,51,WAS,true,drafted_only_review_admission,Missing draft capital is Not enough information and is not confirmed UDFA; fake round 8 is blocked.,false,false,false
00-0026311,2008,6,171,NYJ,true,drafted_only_review_admission,Missing draft capital is Not enough information and is not confirmed UDFA; fake round 8 is blocked.,false,false,false
00-0026388,2008,7,248,CHI,true,drafted_only_review_admission,Missing draft capital is Not enough information and is not confirmed UDFA; fake round 8 is blocked.,false,false,false
00-0026246,2008,4,106,BAL,true,drafted_only_review_admission,Missing draft capital is Not enough information and is not confirmed UDFA; fake round 8 is blocked.,false,false,false
00-0026235,2008,3,95,NYG,true,drafted_only_review_admission,Missing draft capital is Not enough information and is not confirmed UDFA; fake round 8 is blocked.,false,false,false
00-0026386,2008,7,246,CIN,true,drafted_only_review_admission,Missing draft capital is Not enough information and is not confirmed UDFA; fake round 8 is blocked.,false,false,false
00-0026293,2008,5,153,NWE,true,drafted_only_review_admission,Missing draft capital is Not enough information and is not confirmed UDFA; fake round 8 is blocked.,false,false,false
00-0026331,2008,6,191,CLE,true,drafted_only_review_admission,Missing draft capital is Not enough information and is not confirmed UDFA; fake round 8 is blocked.,false,false,false
00-0026345,2008,6,205,IND,true,drafted_only_review_admission,Missing draft capital is Not enough information and is not confirmed UDFA; fake round 8 is blocked.,false,false,false
00-0026364,2008,7,224,BUF,true,drafted_only_review_admission,Missing draft capital is Not enough information and is not confirmed UDFA; fake round 8 is blocked.,false,false,false
00-0026245,2008,4,105,KAN,true,drafted_only_review_admission,Missing draft capital is Not enough information and is not confirmed UDFA; fake round 8 is blocked.,false,false,false
00-0027134,2009,6,201,IND,true,drafted_only_review_admission,Missing draft capital is Not enough information and is not confirmed UDFA; fake round 8 is blocked.,false,false,false
00-0026993,2009,1,17,TAM,true,drafted_only_review_admission,Missing draft capital is Not enough information and is not confirmed UDFA; fake round 8 is blocked.,false,false,false
00-0027131,2009,6,196,STL,true,drafted_only_review_admission,Missing draft capital is Not enough information and is not confirmed UDFA; fake round 8 is blocked.,false,false,false
00-0026898,2009,1,5,NYJ,true,drafted_only_review_admission,Missing draft capital is Not enough information and is not confirmed UDFA; fake round 8 is blocked.,false,false,false
00-0026498,2009,1,1,DET,true,drafted_only_review_admission,Missing draft capital is Not enough information and is not confirmed UDFA; fake round 8 is blocked.,false,false,false
00-0026927,2009,6,178,SEA,true,drafted_only_review_admission,Missing draft capital is Not enough information and is not confirmed UDFA; fake round 8 is blocked.,false,false,false
00-0027118,2009,5,171,SFO,true,drafted_only_review_admission,Missing draft capital is Not enough information and is not confirmed UDFA; fake round 8 is blocked.,false,false,false
00-0027020,2009,2,44,MIA,true,drafted_only_review_admission,Missing draft capital is Not enough information and is not confirmed UDFA; fake round 8 is blocked.,false,false,false
00-0026916,2009,5,151,NYG,true,drafted_only_review_admission,Missing draft capital is Not enough information and is not confirmed UDFA; fake round 8 is blocked.,false,false,false
00-0027071,2009,4,101,DAL,true,drafted_only_review_admission,Missing draft capital is Not enough information and is not confirmed UDFA; fake round 8 is blocked.,false,false,false
00-0027121,2009,6,174,DEN,true,drafted_only_review_admission,Missing draft capital is Not enough information and is not confirmed UDFA; fake round 8 is blocked.,false,false,false
00-0027129,2009,6,192,DET,true,drafted_only_review_admission,Missing draft capital is Not enough information and is not confirmed UDFA; fake round 8 is blocked.,false,false,false
00-0027094,2009,4,129,NYG,true,drafted_only_review_admission,Missing draft capital is Not enough information and is not confirmed UDFA; fake round 8 is blocked.,false,false,false
00-0027007,2009,1,31,ARI,true,drafted_only_review_admission,Missing draft capital is Not enough information and is not confirmed UDFA; fake round 8 is blocked.,false,false,false
00-0026941,2009,6,209,CIN,true,drafted_only_review_admission,Missing draft capital is Not enough information and is not confirmed UDFA; fake round 8 is blocked.,false,false,false
00-0026932,2009,6,185,BAL,true,drafted_only_review_admission,Missing draft capital is Not enough information and is not confirmed UDFA; fake round 8 is blocked.,false,false,false
00-0027140,2009,7,211,STL,true,drafted_only_review_admission,Missing draft capital is Not enough information and is not confirmed UDFA; fake round 8 is blocked.,false,false,false
00-0027003,2009,1,27,IND,true,drafted_only_review_admission,Missing draft capital is Not enough information and is not confirmed UDFA; fake round 8 is blocked.,false,false,false
00-0026947,2009,7,221,WAS,true,drafted_only_review_admission,Missing draft capital is Not enough information and is not confirmed UDFA; fake round 8 is blocked.,false,false,false
00-0026926,2009,5,169,PIT,true,drafted_only_review_admission,Missing draft capital is Not enough information and is not confirmed UDFA; fake round 8 is blocked.,false,false,false
00-0027143,2009,7,215,CIN,true,drafted_only_review_admission,Missing draft capital is Not enough information and is not confirmed UDFA; fake round 8 is blocked.,false,false,false
00-0027098,2009,4,134,SDG,true,drafted_only_review_admission,Missing draft capital is Not enough information and is not confirmed UDFA; fake round 8 is blocked.,false,false,false
00-0027048,2009,3,74,SFO,true,drafted_only_review_admission,Missing draft capital is Not enough information and is not confirmed UDFA; fake round 8 is blocked.,false,false,false
00-0027130,2009,6,195,CLE,true,drafted_only_review_admission,Missing draft capital is Not enough information and is not confirmed UDFA; fake round 8 is blocked.,false,false,false
00-0027141,2009,7,212,KAN,true,drafted_only_review_admission,Missing draft capital is Not enough information and is not confirmed UDFA; fake round 8 is blocked.,false,false,false
00-0027120,2009,5,173,TEN,true,drafted_only_review_admission,Missing draft capital is Not enough information and is not confirmed UDFA; fake round 8 is blocked.,false,false,false
00-0026988,2009,1,12,DEN,true,drafted_only_review_admission,Missing draft capital is Not enough information and is not confirmed UDFA; fake round 8 is blocked.,false,false,false
00-0026956,2009,7,240,ARI,true,drafted_only_review_admission,Missing draft capital is Not enough information and is not confirmed UDFA; fake round 8 is blocked.,false,false,false
00-0027029,2009,2,53,PHI,true,drafted_only_review_admission,Missing draft capital is Not enough information and is not confirmed UDFA; fake round 8 is blocked.,false,false,false
00-0027080,2009,4,111,CAR,true,drafted_only_review_admission,Missing draft capital is Not enough information and is not confirmed UDFA; fake round 8 is blocked.,false,false,false
00-0027106,2009,5,145,GNB,true,drafted_only_review_admission,Missing draft capital is Not enough information and is not confirmed UDFA; fake round 8 is blocked.,false,false,false
00-0027155,2009,7,250,JAX,true,drafted_only_review_admission,Missing draft capital is Not enough information and is not confirmed UDFA; fake round 8 is blocked.,false,false,false
00-0026899,2009,3,65,NYJ,true,drafted_only_review_admission,Missing draft capital is Not enough information and is not confirmed UDFA; fake round 8 is blocked.,false,false,false
00-0027093,2009,4,128,CAR,true,drafted_only_review_admission,Missing draft capital is Not enough information and is not confirmed UDFA; fake round 8 is blocked.,false,false,false
00-0026908,2009,4,122,HOU,true,drafted_only_review_admission,Missing draft capital is Not enough information and is not confirmed UDFA; fake round 8 is blocked.,false,false,false
00-0026931,2009,6,184,SFO,true,drafted_only_review_admission,Missing draft capital is Not enough information and is not confirmed UDFA; fake round 8 is blocked.,false,false,false
00-0027135,2009,6,202,OAK,true,drafted_only_review_admission,Missing draft capital is Not enough information and is not confirmed UDFA; fake round 8 is blocked.,false,false,false
00-0026996,2009,1,20,DET,true,drafted_only_review_admission,Missing draft capital is Not enough information and is not confirmed UDFA; fake round 8 is blocked.,false,false,false
00-0026963,2009,7,248,SEA,true,drafted_only_review_admission,Missing draft capital is Not enough information and is not confirmed UDFA; fake round 8 is blocked.,false,false,false
00-0027069,2009,3,98,CIN,true,drafted_only_review_admission,Missing draft capital is Not enough information and is not confirmed UDFA; fake round 8 is blocked.,false,false,false
00-0026917,2009,5,153,PHI,true,drafted_only_review_admission,Missing draft capital is Not enough information and is not confirmed UDFA; fake round 8 is blocked.,false,false,false
00-0027157,2009,7,255,DET,true,drafted_only_review_admission,Missing draft capital is Not enough information and is not confirmed UDFA; fake round 8 is blocked.,false,false,false
00-0026957,2009,7,241,PIT,true,drafted_only_review_admission,Missing draft capital is Not enough information and is not confirmed UDFA; fake round 8 is blocked.,false,false,false
00-0026915,2009,5,149,BAL,true,drafted_only_review_admission,Missing draft capital is Not enough information and is not confirmed UDFA; fake round 8 is blocked.,false,false,false
00-0027154,2009,7,237,KAN,true,drafted_only_review_admission,Missing draft capital is Not enough information and is not confirmed UDFA; fake round 8 is blocked.,false,false,false
00-0027109,2009,5,152,HOU,true,drafted_only_review_admission,Missing draft capital is Not enough information and is not confirmed UDFA; fake round 8 is blocked.,false,false,false
00-0027061,2009,3,89,TEN,true,drafted_only_review_admission,Missing draft capital is Not enough information and is not confirmed UDFA; fake round 8 is blocked.,false,false,false
00-0026923,2009,5,161,MIA,true,drafted_only_review_admission,Missing draft capital is Not enough information and is not confirmed UDFA; fake round 8 is blocked.,false,false,false
00-0027139,2009,6,208,DAL,true,drafted_only_review_admission,Missing draft capital is Not enough information and is not confirmed UDFA; fake round 8 is blocked.,false,false,false
00-0027040,2009,2,64,DEN,true,drafted_only_review_admission,Missing draft capital is Not enough information and is not confirmed UDFA; fake round 8 is blocked.,false,false,false
00-0027088,2009,4,121,BUF,true,drafted_only_review_admission,Missing draft capital is Not enough information and is not confirmed UDFA; fake round 8 is blocked.,false,false,false
00-0027070,2009,3,100,NYG,true,drafted_only_review_admission,Missing draft capital is Not enough information and is not confirmed UDFA; fake round 8 is blocked.,false,false,false
00-0027125,2009,6,180,JAX,true,drafted_only_review_admission,Missing draft capital is Not enough information and is not confirmed UDFA; fake round 8 is blocked.,false,false,false
00-0027092,2009,4,127,IND,true,drafted_only_review_admission,Missing draft capital is Not enough information and is not confirmed UDFA; fake round 8 is blocked.,false,false,false
00-0026937,2009,6,194,PHI,true,drafted_only_review_admission,Missing draft capital is Not enough information and is not confirmed UDFA; fake round 8 is blocked.,false,false,false
00-0027057,2009,3,83,NWE,true,drafted_only_review_admission,Missing draft capital is Not enough information and is not confirmed UDFA; fake round 8 is blocked.,false,false,false
00-0027077,2009,4,108,MIA,true,drafted_only_review_admission,Missing draft capital is Not enough information and is not confirmed UDFA; fake round 8 is blocked.,false,false,false
00-0027012,2009,2,36,CLE,true,drafted_only_review_admission,Missing draft capital is Not enough information and is not confirmed UDFA; fake round 8 is blocked.,false,false,false
00-0027111,2009,5,160,STL,true,drafted_only_review_admission,Missing draft capital is Not enough information and is not confirmed UDFA; fake round 8 is blocked.,false,false,false
00-0026983,2009,1,7,OAK,true,drafted_only_review_admission,Missing draft capital is Not enough information and is not confirmed UDFA; fake round 8 is blocked.,false,false,false
Not enough information,2009,7,224,SDG,true,drafted_only_review_admission,Missing draft capital is Not enough information and is not confirmed UDFA; fake round 8 is blocked.,false,false,false
00-0027063,2009,3,91,SEA,true,drafted_only_review_admission,Missing draft capital is Not enough information and is not confirmed UDFA; fake round 8 is blocked.,false,false,false
Not enough information,2009,7,251,CHI,true,drafted_only_review_admission,Missing draft capital is Not enough information and is not confirmed UDFA; fake round 8 is blocked.,false,false,false
00-0027056,2009,3,82,DET,true,drafted_only_review_admission,Missing draft capital is Not enough information and is not confirmed UDFA; fake round 8 is blocked.,false,false,false
00-0027137,2009,6,206,TEN,true,drafted_only_review_admission,Missing draft capital is Not enough information and is not confirmed UDFA; fake round 8 is blocked.,false,false,false
Not enough information,2009,7,252,CIN,true,drafted_only_review_admission,Missing draft capital is Not enough information and is not confirmed UDFA; fake round 8 is blocked.,false,false,false
00-0027005,2009,1,29,NYG,true,drafted_only_review_admission,Missing draft capital is Not enough information and is not confirmed UDFA; fake round 8 is blocked.,false,false,false
00-0027105,2009,5,144,JAX,true,drafted_only_review_admission,Missing draft capital is Not enough information and is not confirmed UDFA; fake round 8 is blocked.,false,false,false
00-0026995,2009,1,19,PHI,true,drafted_only_review_admission,Missing draft capital is Not enough information and is not confirmed UDFA; fake round 8 is blocked.,false,false,false
00-0026913,2009,5,140,CHI,true,drafted_only_review_admission,Missing draft capital is Not enough information and is not confirmed UDFA; fake round 8 is blocked.,false,false,false
00-0026904,2009,3,99,CHI,true,drafted_only_review_admission,Missing draft capital is Not enough information and is not confirmed UDFA; fake round 8 is blocked.,false,false,false
00-0027150,2009,7,232,NWE,true,drafted_only_review_admission,Missing draft capital is Not enough information and is not confirmed UDFA; fake round 8 is blocked.,false,false,false
00-0027006,2009,1,30,TEN,true,drafted_only_review_admission,Missing draft capital is Not enough information and is not confirmed UDFA; fake round 8 is blocked.,false,false,false
00-0027102,2009,5,141,DEN,true,drafted_only_review_admission,Missing draft capital is Not enough information and is not confirmed UDFA; fake round 8 is blocked.,false,false,false
00-0027089,2009,4,124,OAK,true,drafted_only_review_admission,Missing draft capital is Not enough information and is not confirmed UDFA; fake round 8 is blocked.,false,false,false
00-0027149,2009,7,229,DAL,true,drafted_only_review_admission,Missing draft capital is Not enough information and is not confirmed UDFA; fake round 8 is blocked.,false,false,false
00-0026959,2009,7,243,WAS,true,drafted_only_review_admission,Missing draft capital is Not enough information and is not confirmed UDFA; fake round 8 is blocked.,false,false,false
00-0026986,2009,1,10,SFO,true,drafted_only_review_admission,Missing draft capital is Not enough information and is not confirmed UDFA; fake round 8 is blocked.,false,false,false
00-0027076,2009,4,107,JAX,true,drafted_only_review_admission,Missing draft capital is Not enough information and is not confirmed UDFA; fake round 8 is blocked.,false,false,false
00-0026901,2009,3,84,PIT,true,drafted_only_review_admission,Missing draft capital is Not enough information and is not confirmed UDFA; fake round 8 is blocked.,false,false,false
00-0027026,2009,2,50,CLE,true,drafted_only_review_admission,Missing draft capital is Not enough information and is not confirmed UDFA; fake round 8 is blocked.,false,false,false
00-0027059,2009,3,87,MIA,true,drafted_only_review_admission,Missing draft capital is Not enough information and is not confirmed UDFA; fake round 8 is blocked.,false,false,false
00-0026998,2009,1,22,MIN,true,drafted_only_review_admission,Missing draft capital is Not enough information and is not confirmed UDFA; fake round 8 is blocked.,false,false,false
00-0027122,2009,6,175,KAN,true,drafted_only_review_admission,Missing draft capital is Not enough information and is not confirmed UDFA; fake round 8 is blocked.,false,false,false
00-0026902,2009,3,85,NYG,true,drafted_only_review_admission,Missing draft capital is Not enough information and is not confirmed UDFA; fake round 8 is blocked.,false,false,false
00-0026953,2009,7,233,TAM,true,drafted_only_review_admission,Missing draft capital is Not enough information and is not confirmed UDFA; fake round 8 is blocked.,false,false,false
00-0027156,2009,7,253,JAX,true,drafted_only_review_admission,Missing draft capital is Not enough information and is not confirmed UDFA; fake round 8 is blocked.,false,false,false
00-0027688,2010,3,85,CLE,true,drafted_only_review_admission,Missing draft capital is Not enough information and is not confirmed UDFA; fake round 8 is blocked.,false,false,false
00-0027605,2010,6,181,CHI,true,drafted_only_review_admission,Missing draft capital is Not enough information and is not confirmed UDFA; fake round 8 is blocked.,false,false,false
00-0027659,2010,2,48,CAR,true,drafted_only_review_admission,Missing draft capital is Not enough information and is not confirmed UDFA; fake round 8 is blocked.,false,false,false
00-0027754,2010,5,155,ARI,true,drafted_only_review_admission,Missing draft capital is Not enough information and is not confirmed UDFA; fake round 8 is blocked.,false,false,false
00-0027767,2010,5,168,SDG,true,drafted_only_review_admission,Missing draft capital is Not enough information and is not confirmed UDFA; fake round 8 is blocked.,false,false,false
00-0027804,2010,7,209,BUF,true,drafted_only_review_admission,Missing draft capital is Not enough information and is not confirmed UDFA; fake round 8 is blocked.,false,false,false
00-0027722,2010,4,122,PHI,true,drafted_only_review_admission,Missing draft capital is Not enough information and is not confirmed UDFA; fake round 8 is blocked.,false,false,false
00-0027775,2010,6,176,TEN,true,drafted_only_review_admission,Missing draft capital is Not enough information and is not confirmed UDFA; fake round 8 is blocked.,false,false,false
00-0027854,2010,1,1,STL,true,drafted_only_review_admission,Missing draft capital is Not enough information and is not confirmed UDFA; fake round 8 is blocked.,false,false,false
00-0027830,2010,7,239,NOR,true,drafted_only_review_admission,Missing draft capital is Not enough information and is not confirmed UDFA; fake round 8 is blocked.,false,false,false
00-0027876,2010,1,25,DEN,true,drafted_only_review_admission,Missing draft capital is Not enough information and is not confirmed UDFA; fake round 8 is blocked.,false,false,false
00-0027801,2010,6,204,CAR,true,drafted_only_review_admission,Missing draft capital is Not enough information and is not confirmed UDFA; fake round 8 is blocked.,false,false,false
00-0027841,2010,7,250,NWE,true,drafted_only_review_admission,Missing draft capital is Not enough information and is not confirmed UDFA; fake round 8 is blocked.,false,false,false
00-0027772,2010,6,173,SFO,true,drafted_only_review_admission,Missing draft capital is Not enough information and is not confirmed UDFA; fake round 8 is blocked.,false,false,false
00-0027890,2010,2,58,HOU,true,drafted_only_review_admission,Missing draft capital is Not enough information and is not confirmed UDFA; fake round 8 is blocked.,false,false,false
00-0027861,2010,1,9,BUF,true,drafted_only_review_admission,Missing draft capital is Not enough information and is not confirmed UDFA; fake round 8 is blocked.,false,false,false
Not enough information,2010,6,200,PHI,true,drafted_only_review_admission,Missing draft capital is Not enough information and is not confirmed UDFA; fake round 8 is blocked.,false,false,false
00-0027779,2010,6,180,JAX,true,drafted_only_review_admission,Missing draft capital is Not enough information and is not confirmed UDFA; fake round 8 is blocked.,false,false,false
Not enough information,2010,6,174,WAS,true,drafted_only_review_admission,Missing draft capital is Not enough information and is not confirmed UDFA; fake round 8 is blocked.,false,false,false
00-0027880,2010,1,30,DET,true,drafted_only_review_admission,Missing draft capital is Not enough information and is not confirmed UDFA; fake round 8 is blocked.,false,false,false
00-0027791,2010,6,193,GNB,true,drafted_only_review_admission,Missing draft capital is Not enough information and is not confirmed UDFA; fake round 8 is blocked.,false,false,false
00-0027712,2010,4,112,NYJ,true,drafted_only_review_admission,Missing draft capital is Not enough information and is not confirmed UDFA; fake round 8 is blocked.,false,false,false
00-0027739,2010,5,139,NYJ,true,drafted_only_review_admission,Missing draft capital is Not enough information and is not confirmed UDFA; fake round 8 is blocked.,false,false,false
00-0027786,2010,6,188,PIT,true,drafted_only_review_admission,Missing draft capital is Not enough information and is not confirmed UDFA; fake round 8 is blocked.,false,false,false
00-0027666,2010,2,59,CLE,true,drafted_only_review_admission,Missing draft capital is Not enough information and is not confirmed UDFA; fake round 8 is blocked.,false,false,false
00-0027612,2010,7,237,MIN,true,drafted_only_review_admission,Missing draft capital is Not enough information and is not confirmed UDFA; fake round 8 is blocked.,false,false,false
00-0027864,2010,1,12,SDG,true,drafted_only_review_admission,Missing draft capital is Not enough information and is not confirmed UDFA; fake round 8 is blocked.,false,false,false
00-0027888,2010,2,51,MIN,true,drafted_only_review_admission,Missing draft capital is Not enough information and is not confirmed UDFA; fake round 8 is blocked.,false,false,false
00-0027713,2010,4,113,NWE,true,drafted_only_review_admission,Missing draft capital is Not enough information and is not confirmed UDFA; fake round 8 is blocked.,false,false,false
00-0027753,2010,5,154,GNB,true,drafted_only_review_admission,Missing draft capital is Not enough information and is not confirmed UDFA; fake round 8 is blocked.,false,false,false
00-0027783,2010,6,185,SEA,true,drafted_only_review_admission,Missing draft capital is Not enough information and is not confirmed UDFA; fake round 8 is blocked.,false,false,false
00-0027761,2010,5,162,IND,true,drafted_only_review_admission,Missing draft capital is Not enough information and is not confirmed UDFA; fake round 8 is blocked.,false,false,false
00-0027725,2010,4,125,PHI,true,drafted_only_review_admission,Missing draft capital is Not enough information and is not confirmed UDFA; fake round 8 is blocked.,false,false,false
00-0027827,2010,7,235,SDG,true,drafted_only_review_admission,Missing draft capital is Not enough information and is not confirmed UDFA; fake round 8 is blocked.,false,false,false
00-0027714,2010,4,114,BAL,true,drafted_only_review_admission,Missing draft capital is Not enough information and is not confirmed UDFA; fake round 8 is blocked.,false,false,false
00-0027675,2010,3,70,BAL,true,drafted_only_review_admission,Missing draft capital is Not enough information and is not confirmed UDFA; fake round 8 is blocked.,false,false,false
00-0027769,2010,6,170,STL,true,drafted_only_review_admission,Missing draft capital is Not enough information and is not confirmed UDFA; fake round 8 is blocked.,false,false,false
00-0027718,2010,4,118,HOU,true,drafted_only_review_admission,Missing draft capital is Not enough information and is not confirmed UDFA; fake round 8 is blocked.,false,false,false
00-0027836,2010,7,245,SEA,true,drafted_only_review_admission,Missing draft capital is Not enough information and is not confirmed UDFA; fake round 8 is blocked.,false,false,false
00-0027873,2010,1,21,CIN,true,drafted_only_review_admission,Missing draft capital is Not enough information and is not confirmed UDFA; fake round 8 is blocked.,false,false,false
00-0027825,2010,7,233,ARI,true,drafted_only_review_admission,Missing draft capital is Not enough information and is not confirmed UDFA; fake round 8 is blocked.,false,false,false
00-0027696,2010,3,95,NOR,true,drafted_only_review_admission,Missing draft capital is Not enough information and is not confirmed UDFA; fake round 8 is blocked.,false,false,false
00-0027732,2010,5,132,STL,true,drafted_only_review_admission,Missing draft capital is Not enough information and is not confirmed UDFA; fake round 8 is blocked.,false,false,false
00-0027809,2010,7,214,MIN,true,drafted_only_review_admission,Missing draft capital is Not enough information and is not confirmed UDFA; fake round 8 is blocked.,false,false,false
00-0027780,2010,6,182,SFO,true,drafted_only_review_admission,Missing draft capital is Not enough information and is not confirmed UDFA; fake round 8 is blocked.,false,false,false
00-0027656,2010,2,42,NWE,true,drafted_only_review_admission,Missing draft capital is Not enough information and is not confirmed UDFA; fake round 8 is blocked.,false,false,false
00-0027695,2010,3,93,KAN,true,drafted_only_review_admission,Missing draft capital is Not enough information and is not confirmed UDFA; fake round 8 is blocked.,false,false,false
00-0027691,2010,3,88,ARI,true,drafted_only_review_admission,Missing draft capital is Not enough information and is not confirmed UDFA; fake round 8 is blocked.,false,false,false
00-0027793,2010,6,195,PIT,true,drafted_only_review_admission,Missing draft capital is Not enough information and is not confirmed UDFA; fake round 8 is blocked.,false,false,false
00-0027692,2010,3,89,CAR,true,drafted_only_review_admission,Missing draft capital is Not enough information and is not confirmed UDFA; fake round 8 is blocked.,false,false,false
00-0027654,2010,2,39,TAM,true,drafted_only_review_admission,Missing draft capital is Not enough information and is not confirmed UDFA; fake round 8 is blocked.,false,false,false
00-0027681,2010,3,78,CAR,true,drafted_only_review_admission,Missing draft capital is Not enough information and is not confirmed UDFA; fake round 8 is blocked.,false,false,false
00-0027776,2010,6,177,CLE,true,drafted_only_review_admission,Missing draft capital is Not enough information and is not confirmed UDFA; fake round 8 is blocked.,false,false,false
00-0027893,2010,3,77,TEN,true,drafted_only_review_admission,Missing draft capital is Not enough information and is not confirmed UDFA; fake round 8 is blocked.,false,false,false
00-0027795,2010,6,198,CAR,true,drafted_only_review_admission,Missing draft capital is Not enough information and is not confirmed UDFA; fake round 8 is blocked.,false,false,false
00-0027755,2010,5,156,BAL,true,drafted_only_review_admission,Missing draft capital is Not enough information and is not confirmed UDFA; fake round 8 is blocked.,false,false,false
00-0027874,2010,1,22,DEN,true,drafted_only_review_admission,Missing draft capital is Not enough information and is not confirmed UDFA; fake round 8 is blocked.,false,false,false
00-0027651,2010,2,36,KAN,true,drafted_only_review_admission,Missing draft capital is Not enough information and is not confirmed UDFA; fake round 8 is blocked.,false,false,false
00-0027902,2010,1,24,DAL,true,drafted_only_review_admission,Missing draft capital is Not enough information and is not confirmed UDFA; fake round 8 is blocked.,false,false,false
00-0027789,2010,6,191,CIN,true,drafted_only_review_admission,Missing draft capital is Not enough information and is not confirmed UDFA; fake round 8 is blocked.,false,false,false
00-0027819,2010,7,227,HOU,true,drafted_only_review_admission,Missing draft capital is Not enough information and is not confirmed UDFA; fake round 8 is blocked.,false,false,false
00-0027685,2010,3,82,PIT,true,drafted_only_review_admission,Missing draft capital is Not enough information and is not confirmed UDFA; fake round 8 is blocked.,false,false,false
00-0027690,2010,3,87,DEN,true,drafted_only_review_admission,Missing draft capital is Not enough information and is not confirmed UDFA; fake round 8 is blocked.,false,false,false
00-0027891,2010,2,60,SEA,true,drafted_only_review_admission,Missing draft capital is Not enough information and is not confirmed UDFA; fake round 8 is blocked.,false,false,false
00-0027709,2010,4,108,OAK,true,drafted_only_review_admission,Missing draft capital is Not enough information and is not confirmed UDFA; fake round 8 is blocked.,false,false,false
00-0027796,2010,6,199,MIN,true,drafted_only_review_admission,Missing draft capital is Not enough information and is not confirmed UDFA; fake round 8 is blocked.,false,false,false
00-0027687,2010,3,84,CIN,true,drafted_only_review_admission,Missing draft capital is Not enough information and is not confirmed UDFA; fake round 8 is blocked.,false,false,false
00-0027764,2010,5,165,ATL,true,drafted_only_review_admission,Missing draft capital is Not enough information and is not confirmed UDFA; fake round 8 is blocked.,false,false,false
00-0027608,2010,6,206,SFO,true,drafted_only_review_admission,Missing draft capital is Not enough information and is not confirmed UDFA; fake round 8 is blocked.,false,false,false
00-0027816,2010,7,222,TEN,true,drafted_only_review_admission,Missing draft capital is Not enough information and is not confirmed UDFA; fake round 8 is blocked.,false,false,false
00-0027708,2010,4,107,BUF,true,drafted_only_review_admission,Missing draft capital is Not enough information and is not confirmed UDFA; fake round 8 is blocked.,false,false,false
00-0027700,2010,4,99,STL,true,drafted_only_review_admission,Missing draft capital is Not enough information and is not confirmed UDFA; fake round 8 is blocked.,false,false,false
00-0027702,2010,4,101,TAM,true,drafted_only_review_admission,Missing draft capital is Not enough information and is not confirmed UDFA; fake round 8 is blocked.,false,false,false
00-0027758,2010,5,159,PHI,true,drafted_only_review_admission,Missing draft capital is Not enough information and is not confirmed UDFA; fake round 8 is blocked.,false,false,false
00-0027693,2010,3,90,NWE,true,drafted_only_review_admission,Missing draft capital is Not enough information and is not confirmed UDFA; fake round 8 is blocked.,false,false,false
00-0027813,2010,7,219,WAS,true,drafted_only_review_admission,Missing draft capital is Not enough information and is not confirmed UDFA; fake round 8 is blocked.,false,false,false
00-0027846,2010,7,255,DET,true,drafted_only_review_admission,Missing draft capital is Not enough information and is not confirmed UDFA; fake round 8 is blocked.,false,false,false
00-0027606,2010,6,197,HOU,true,drafted_only_review_admission,Missing draft capital is Not enough information and is not confirmed UDFA; fake round 8 is blocked.,false,false,false
00-0027973,2011,2,35,CIN,true,drafted_only_review_admission,Missing draft capital is Not enough information and is not confirmed UDFA; fake round 8 is blocked.,false,false,false
00-0027948,2011,1,10,JAX,true,drafted_only_review_admission,Missing draft capital is Not enough information and is not confirmed UDFA; fake round 8 is blocked.,false,false,false
00-0027939,2011,1,1,CAR,true,drafted_only_review_admission,Missing draft capital is Not enough information and is not confirmed UDFA; fake round 8 is blocked.,false,false,false
00-0027950,2011,1,12,MIN,true,drafted_only_review_admission,Missing draft capital is Not enough information and is not confirmed UDFA; fake round 8 is blocked.,false,false,false
00-0027974,2011,2,36,SFO,true,drafted_only_review_admission,Missing draft capital is Not enough information and is not confirmed UDFA; fake round 8 is blocked.,false,false,false
00-0028146,2011,7,208,NYJ,true,drafted_only_review_admission,Missing draft capital is Not enough information and is not confirmed UDFA; fake round 8 is blocked.,false,false,false
00-0027946,2011,1,8,TEN,true,drafted_only_review_admission,Missing draft capital is Not enough information and is not confirmed UDFA; fake round 8 is blocked.,false,false,false
00-0028098,2011,5,160,CHI,true,drafted_only_review_admission,Missing draft capital is Not enough information and is not confirmed UDFA; fake round 8 is blocked.,false,false,false
00-0028073,2011,5,135,KAN,true,drafted_only_review_admission,Missing draft capital is Not enough information and is not confirmed UDFA; fake round 8 is blocked.,false,false,false
00-0028012,2011,3,74,NWE,true,drafted_only_review_admission,Missing draft capital is Not enough information and is not confirmed UDFA; fake round 8 is blocked.,false,false,false
00-0028090,2011,5,152,HOU,true,drafted_only_review_admission,Missing draft capital is Not enough information and is not confirmed UDFA; fake round 8 is blocked.,false,false,false
00-0028118,2011,6,180,BAL,true,drafted_only_review_admission,Missing draft capital is Not enough information and is not confirmed UDFA; fake round 8 is blocked.,false,false,false
00-0028034,2011,3,96,GNB,true,drafted_only_review_admission,Missing draft capital is Not enough information and is not confirmed UDFA; fake round 8 is blocked.,false,false,false
00-0028125,2011,6,187,TAM,true,drafted_only_review_admission,Missing draft capital is Not enough information and is not confirmed UDFA; fake round 8 is blocked.,false,false,false
00-0028163,2011,7,225,BAL,true,drafted_only_review_admission,Missing draft capital is Not enough information and is not confirmed UDFA; fake round 8 is blocked.,false,false,false
00-0028074,2011,5,136,ARI,true,drafted_only_review_admission,Missing draft capital is Not enough information and is not confirmed UDFA; fake round 8 is blocked.,false,false,false
00-0028170,2011,7,232,PIT,true,drafted_only_review_admission,Missing draft capital is Not enough information and is not confirmed UDFA; fake round 8 is blocked.,false,false,false
00-0028064,2011,4,126,NYJ,true,drafted_only_review_admission,Missing draft capital is Not enough information and is not confirmed UDFA; fake round 8 is blocked.,false,false,false
00-0028159,2011,7,221,NYG,true,drafted_only_review_admission,Missing draft capital is Not enough information and is not confirmed UDFA; fake round 8 is blocked.,false,false,false
00-0028000,2011,2,62,MIA,true,drafted_only_review_admission,Missing draft capital is Not enough information and is not confirmed UDFA; fake round 8 is blocked.,false,false,false
00-0028009,2011,3,71,DAL,true,drafted_only_review_admission,Missing draft capital is Not enough information and is not confirmed UDFA; fake round 8 is blocked.,false,false,false
00-0028057,2011,4,119,IND,true,drafted_only_review_admission,Missing draft capital is Not enough information and is not confirmed UDFA; fake round 8 is blocked.,false,false,false
00-0028087,2011,5,149,PHI,true,drafted_only_review_admission,Missing draft capital is Not enough information and is not confirmed UDFA; fake round 8 is blocked.,false,false,false
00-0028115,2011,6,177,WAS,true,drafted_only_review_admission,Missing draft capital is Not enough information and is not confirmed UDFA; fake round 8 is blocked.,false,false,false
00-0028083,2011,5,145,ATL,true,drafted_only_review_admission,Missing draft capital is Not enough information and is not confirmed UDFA; fake round 8 is blocked.,false,false,false
00-0028068,2011,4,130,TEN,true,drafted_only_review_admission,Missing draft capital is Not enough information and is not confirmed UDFA; fake round 8 is blocked.,false,false,false
00-0028184,2011,7,246,CIN,true,drafted_only_review_admission,Missing draft capital is Not enough information and is not confirmed UDFA; fake round 8 is blocked.,false,false,false
00-0028071,2011,5,133,BUF,true,drafted_only_review_admission,Missing draft capital is Not enough information and is not confirmed UDFA; fake round 8 is blocked.,false,false,false
00-0028121,2011,6,183,SDG,true,drafted_only_review_admission,Missing draft capital is Not enough information and is not confirmed UDFA; fake round 8 is blocked.,false,false,false
00-0028053,2011,4,115,SFO,true,drafted_only_review_admission,Missing draft capital is Not enough information and is not confirmed UDFA; fake round 8 is blocked.,false,false,false
00-0027966,2011,1,28,NOR,true,drafted_only_review_admission,Missing draft capital is Not enough information and is not confirmed UDFA; fake round 8 is blocked.,false,false,false
00-0027995,2011,2,57,DET,true,drafted_only_review_admission,Missing draft capital is Not enough information and is not confirmed UDFA; fake round 8 is blocked.,false,false,false
00-0028062,2011,4,124,CLE,true,drafted_only_review_admission,Missing draft capital is Not enough information and is not confirmed UDFA; fake round 8 is blocked.,false,false,false
00-0028043,2011,4,105,WAS,true,drafted_only_review_admission,Missing draft capital is Not enough information and is not confirmed UDFA; fake round 8 is blocked.,false,false,false
00-0027976,2011,2,38,ARI,true,drafted_only_review_admission,Missing draft capital is Not enough information and is not confirmed UDFA; fake round 8 is blocked.,false,false,false
00-0028161,2011,7,223,KAN,true,drafted_only_review_admission,Missing draft capital is Not enough information and is not confirmed UDFA; fake round 8 is blocked.,false,false,false
00-0027994,2011,2,56,NWE,true,drafted_only_review_admission,Missing draft capital is Not enough information and is not confirmed UDFA; fake round 8 is blocked.,false,false,false
00-0028158,2011,7,220,DAL,true,drafted_only_review_admission,Missing draft capital is Not enough information and is not confirmed UDFA; fake round 8 is blocked.,false,false,false
00-0028178,2011,7,240,PHI,true,drafted_only_review_admission,Missing draft capital is Not enough information and is not confirmed UDFA; fake round 8 is blocked.,false,false,false
00-0028011,2011,3,73,NWE,true,drafted_only_review_admission,Missing draft capital is Not enough information and is not confirmed UDFA; fake round 8 is blocked.,false,false,false
00-0028063,2011,4,125,OAK,true,drafted_only_review_admission,Missing draft capital is Not enough information and is not confirmed UDFA; fake round 8 is blocked.,false,false,false
00-0028112,2011,6,174,MIA,true,drafted_only_review_admission,Missing draft capital is Not enough information and is not confirmed UDFA; fake round 8 is blocked.,false,false,false
00-0028079,2011,5,141,GNB,true,drafted_only_review_admission,Missing draft capital is Not enough information and is not confirmed UDFA; fake round 8 is blocked.,false,false,false
00-0028176,2011,7,238,TAM,true,drafted_only_review_admission,Missing draft capital is Not enough information and is not confirmed UDFA; fake round 8 is blocked.,false,false,false
00-0028040,2011,4,102,CLE,true,drafted_only_review_admission,Missing draft capital is Not enough information and is not confirmed UDFA; fake round 8 is blocked.,false,false,false
00-0028067,2011,4,129,DEN,true,drafted_only_review_admission,Missing draft capital is Not enough information and is not confirmed UDFA; fake round 8 is blocked.,false,false,false
00-0027981,2011,2,43,MIN,true,drafted_only_review_admission,Missing draft capital is Not enough information and is not confirmed UDFA; fake round 8 is blocked.,false,false,false
00-0027985,2011,2,47,STL,true,drafted_only_review_admission,Missing draft capital is Not enough information and is not confirmed UDFA; fake round 8 is blocked.,false,false,false
00-0028097,2011,5,159,NWE,true,drafted_only_review_admission,Missing draft capital is Not enough information and is not confirmed UDFA; fake round 8 is blocked.,false,false,false
00-0028042,2011,4,104,TAM,true,drafted_only_review_admission,Missing draft capital is Not enough information and is not confirmed UDFA; fake round 8 is blocked.,false,false,false
00-0028119,2011,6,181,OAK,true,drafted_only_review_admission,Missing draft capital is Not enough information and is not confirmed UDFA; fake round 8 is blocked.,false,false,false
00-0028007,2011,3,69,ARI,true,drafted_only_review_admission,Missing draft capital is Not enough information and is not confirmed UDFA; fake round 8 is blocked.,false,false,false
00-0028156,2011,7,218,GNB,true,drafted_only_review_admission,Missing draft capital is Not enough information and is not confirmed UDFA; fake round 8 is blocked.,false,false,false
00-0028142,2011,7,204,DEN,true,drafted_only_review_admission,Missing draft capital is Not enough information and is not confirmed UDFA; fake round 8 is blocked.,false,false,false
00-0027942,2011,1,4,CIN,true,drafted_only_review_admission,Missing draft capital is Not enough information and is not confirmed UDFA; fake round 8 is blocked.,false,false,false
00-0028116,2011,6,178,WAS,true,drafted_only_review_admission,Missing draft capital is Not enough information and is not confirmed UDFA; fake round 8 is blocked.,false,false,false
00-0028016,2011,3,78,STL,true,drafted_only_review_admission,Missing draft capital is Not enough information and is not confirmed UDFA; fake round 8 is blocked.,false,false,false
00-0028052,2011,4,114,JAX,true,drafted_only_review_admission,Missing draft capital is Not enough information and is not confirmed UDFA; fake round 8 is blocked.,false,false,false
00-0028049,2011,4,111,MIA,true,drafted_only_review_admission,Missing draft capital is Not enough information and is not confirmed UDFA; fake round 8 is blocked.,false,false,false
00-0028179,2011,7,241,OAK,true,drafted_only_review_admission,Missing draft capital is Not enough information and is not confirmed UDFA; fake round 8 is blocked.,false,false,false
00-0028187,2011,7,249,ARI,true,drafted_only_review_admission,Missing draft capital is Not enough information and is not confirmed UDFA; fake round 8 is blocked.,false,false,false
00-0028086,2011,5,148,OAK,true,drafted_only_review_admission,Missing draft capital is Not enough information and is not confirmed UDFA; fake round 8 is blocked.,false,false,false
00-0028114,2011,6,176,DAL,true,drafted_only_review_admission,Missing draft capital is Not enough information and is not confirmed UDFA; fake round 8 is blocked.,false,false,false
00-0027997,2011,2,59,CLE,true,drafted_only_review_admission,Missing draft capital is Not enough information and is not confirmed UDFA; fake round 8 is blocked.,false,false,false
00-0028050,2011,4,112,STL,true,drafted_only_review_admission,Missing draft capital is Not enough information and is not confirmed UDFA; fake round 8 is blocked.,false,false,false
00-0028091,2011,5,153,NYJ,true,drafted_only_review_admission,Missing draft capital is Not enough information and is not confirmed UDFA; fake round 8 is blocked.,false,false,false
00-0028021,2011,3,83,NYG,true,drafted_only_review_admission,Missing draft capital is Not enough information and is not confirmed UDFA; fake round 8 is blocked.,false,false,false
00-0027964,2011,1,26,KAN,true,drafted_only_review_admission,Missing draft capital is Not enough information and is not confirmed UDFA; fake round 8 is blocked.,false,false,false
00-0027944,2011,1,6,ATL,true,drafted_only_review_admission,Missing draft capital is Not enough information and is not confirmed UDFA; fake round 8 is blocked.,false,false,false
00-0028070,2011,5,132,CAR,true,drafted_only_review_admission,Missing draft capital is Not enough information and is not confirmed UDFA; fake round 8 is blocked.,false,false,false
00-0028045,2011,4,107,SEA,true,drafted_only_review_admission,Missing draft capital is Not enough information and is not confirmed UDFA; fake round 8 is blocked.,false,false,false
00-0028017,2011,3,79,WAS,true,drafted_only_review_admission,Missing draft capital is Not enough information and is not confirmed UDFA; fake round 8 is blocked.,false,false,false
00-0028093,2011,5,155,WAS,true,drafted_only_review_admission,Missing draft capital is Not enough information and is not confirmed UDFA; fake round 8 is blocked.,false,false,false
00-0028002,2011,2,64,GNB,true,drafted_only_review_admission,Missing draft capital is Not enough information and is not confirmed UDFA; fake round 8 is blocked.,false,false,false
00-0028120,2011,6,182,SFO,true,drafted_only_review_admission,Missing draft capital is Not enough information and is not confirmed UDFA; fake round 8 is blocked.,false,false,false
00-0028105,2011,6,167,CIN,true,drafted_only_review_admission,Missing draft capital is Not enough information and is not confirmed UDFA; fake round 8 is blocked.,false,false,false
00-0028165,2011,7,227,NYJ,true,drafted_only_review_admission,Missing draft capital is Not enough information and is not confirmed UDFA; fake round 8 is blocked.,false,false,false
00-0028174,2011,7,236,MIN,true,drafted_only_review_admission,Missing draft capital is Not enough information and is not confirmed UDFA; fake round 8 is blocked.,false,false,false
00-0028061,2011,4,123,BAL,true,drafted_only_review_admission,Missing draft capital is Not enough information and is not confirmed UDFA; fake round 8 is blocked.,false,false,false
00-0027982,2011,2,44,DET,true,drafted_only_review_admission,Missing draft capital is Not enough information and is not confirmed UDFA; fake round 8 is blocked.,false,false,false
00-0027996,2011,2,58,BAL,true,drafted_only_review_admission,Missing draft capital is Not enough information and is not confirmed UDFA; fake round 8 is blocked.,false,false,false
00-0028020,2011,3,82,SDG,true,drafted_only_review_admission,Missing draft capital is Not enough information and is not confirmed UDFA; fake round 8 is blocked.,false,false,false
00-0029668,2012,1,1,IND,true,drafted_only_review_admission,Missing draft capital is Not enough information and is not confirmed UDFA; fake round 8 is blocked.,false,false,false
00-0029219,2012,7,243,GNB,true,drafted_only_review_admission,Missing draft capital is Not enough information and is not confirmed UDFA; fake round 8 is blocked.,false,false,false
00-0029677,2012,1,22,CLE,true,drafted_only_review_admission,Missing draft capital is Not enough information and is not confirmed UDFA; fake round 8 is blocked.,false,false,false
00-0029682,2012,2,57,DEN,true,drafted_only_review_admission,Missing draft capital is Not enough information and is not confirmed UDFA; fake round 8 is blocked.,false,false,false
00-0029554,2012,7,253,IND,true,drafted_only_review_admission,Missing draft capital is Not enough information and is not confirmed UDFA; fake round 8 is blocked.,false,false,false
00-0029604,2012,4,102,WAS,true,drafted_only_review_admission,Missing draft capital is Not enough information and is not confirmed UDFA; fake round 8 is blocked.,false,false,false
00-0029567,2012,3,88,PHI,true,drafted_only_review_admission,Missing draft capital is Not enough information and is not confirmed UDFA; fake round 8 is blocked.,false,false,false
00-0029665,2012,1,2,WAS,true,drafted_only_review_admission,Missing draft capital is Not enough information and is not confirmed UDFA; fake round 8 is blocked.,false,false,false
00-0029263,2012,3,75,SEA,true,drafted_only_review_admission,Missing draft capital is Not enough information and is not confirmed UDFA; fake round 8 is blocked.,false,false,false
00-0029531,2012,6,185,ARI,true,drafted_only_review_admission,Missing draft capital is Not enough information and is not confirmed UDFA; fake round 8 is blocked.,false,false,false
00-0029701,2012,1,8,MIA,true,drafted_only_review_admission,Missing draft capital is Not enough information and is not confirmed UDFA; fake round 8 is blocked.,false,false,false
00-0029141,2012,6,173,WAS,true,drafted_only_review_admission,Missing draft capital is Not enough information and is not confirmed UDFA; fake round 8 is blocked.,false,false,false
00-0029264,2012,3,84,BAL,true,drafted_only_review_admission,Missing draft capital is Not enough information and is not confirmed UDFA; fake round 8 is blocked.,false,false,false
00-0029420,2012,5,157,ATL,true,drafted_only_review_admission,Missing draft capital is Not enough information and is not confirmed UDFA; fake round 8 is blocked.,false,false,false
00-0029429,2012,7,229,PHI,true,drafted_only_review_admission,Missing draft capital is Not enough information and is not confirmed UDFA; fake round 8 is blocked.,false,false,false
00-0029140,2012,5,159,PIT,true,drafted_only_review_admission,Missing draft capital is Not enough information and is not confirmed UDFA; fake round 8 is blocked.,false,false,false
00-0029298,2012,6,182,KAN,true,drafted_only_review_admission,Missing draft capital is Not enough information and is not confirmed UDFA; fake round 8 is blocked.,false,false,false
00-0029588,2012,6,191,CIN,true,drafted_only_review_admission,Missing draft capital is Not enough information and is not confirmed UDFA; fake round 8 is blocked.,false,false,false
00-0029612,2012,7,252,STL,true,drafted_only_review_admission,Missing draft capital is Not enough information and is not confirmed UDFA; fake round 8 is blocked.,false,false,false
00-0029251,2012,1,32,NYG,true,drafted_only_review_admission,Missing draft capital is Not enough information and is not confirmed UDFA; fake round 8 is blocked.,false,false,false
00-0029613,2012,1,31,TAM,true,drafted_only_review_admission,Missing draft capital is Not enough information and is not confirmed UDFA; fake round 8 is blocked.,false,false,false
00-0029317,2012,7,250,SDG,true,drafted_only_review_admission,Missing draft capital is Not enough information and is not confirmed UDFA; fake round 8 is blocked.,false,false,false
00-0029626,2012,2,50,STL,true,drafted_only_review_admission,Missing draft capital is Not enough information and is not confirmed UDFA; fake round 8 is blocked.,false,false,false
00-0029260,2012,2,61,SFO,true,drafted_only_review_admission,Missing draft capital is Not enough information and is not confirmed UDFA; fake round 8 is blocked.,false,false,false
00-0029615,2012,4,97,MIA,true,drafted_only_review_admission,Missing draft capital is Not enough information and is not confirmed UDFA; fake round 8 is blocked.,false,false,false
00-0029145,2012,7,212,TAM,true,drafted_only_review_admission,Missing draft capital is Not enough information and is not confirmed UDFA; fake round 8 is blocked.,false,false,false
00-0029587,2012,4,128,MIN,true,drafted_only_review_admission,Missing draft capital is Not enough information and is not confirmed UDFA; fake round 8 is blocked.,false,false,false
00-0029273,2012,4,106,SEA,true,drafted_only_review_admission,Missing draft capital is Not enough information and is not confirmed UDFA; fake round 8 is blocked.,false,false,false
00-0029683,2012,3,67,DEN,true,drafted_only_review_admission,Missing draft capital is Not enough information and is not confirmed UDFA; fake round 8 is blocked.,false,false,false
00-0029427,2012,6,202,NYJ,true,drafted_only_review_admission,Missing draft capital is Not enough information and is not confirmed UDFA; fake round 8 is blocked.,false,false,false
00-0029675,2012,1,3,CLE,true,drafted_only_review_admission,Missing draft capital is Not enough information and is not confirmed UDFA; fake round 8 is blocked.,false,false,false
00-0029547,2012,5,170,IND,true,drafted_only_review_admission,Missing draft capital is Not enough information and is not confirmed UDFA; fake round 8 is blocked.,false,false,false
00-0029281,2012,4,127,NYG,true,drafted_only_review_admission,Missing draft capital is Not enough information and is not confirmed UDFA; fake round 8 is blocked.,false,false,false
00-0029315,2012,7,247,CLE,true,drafted_only_review_admission,Missing draft capital is Not enough information and is not confirmed UDFA; fake round 8 is blocked.,false,false,false
00-0029697,2012,2,34,IND,true,drafted_only_review_admission,Missing draft capital is Not enough information and is not confirmed UDFA; fake round 8 is blocked.,false,false,false
00-0029218,2012,7,240,PIT,true,drafted_only_review_admission,Missing draft capital is Not enough information and is not confirmed UDFA; fake round 8 is blocked.,false,false,false
00-0029147,2012,7,233,TAM,true,drafted_only_review_admission,Missing draft capital is Not enough information and is not confirmed UDFA; fake round 8 is blocked.,false,false,false
00-0029689,2012,3,64,IND,true,drafted_only_review_admission,Missing draft capital is Not enough information and is not confirmed UDFA; fake round 8 is blocked.,false,false,false
00-0029276,2012,4,111,CHI,true,drafted_only_review_admission,Missing draft capital is Not enough information and is not confirmed UDFA; fake round 8 is blocked.,false,false,false
00-0029634,2012,6,186,DAL,true,drafted_only_review_admission,Missing draft capital is Not enough information and is not confirmed UDFA; fake round 8 is blocked.,false,false,false
00-0029275,2012,4,110,SDG,true,drafted_only_review_admission,Missing draft capital is Not enough information and is not confirmed UDFA; fake round 8 is blocked.,false,false,false
00-0029694,2012,3,78,MIA,true,drafted_only_review_admission,Missing draft capital is Not enough information and is not confirmed UDFA; fake round 8 is blocked.,false,false,false
00-0029414,2012,4,116,CIN,true,drafted_only_review_admission,Missing draft capital is Not enough information and is not confirmed UDFA; fake round 8 is blocked.,false,false,false
00-0029590,2012,5,145,TEN,true,drafted_only_review_admission,Missing draft capital is Not enough information and is not confirmed UDFA; fake round 8 is blocked.,false,false,false
00-0029654,2012,1,30,SFO,true,drafted_only_review_admission,Missing draft capital is Not enough information and is not confirmed UDFA; fake round 8 is blocked.,false,false,false
00-0029137,2012,2,45,CHI,true,drafted_only_review_admission,Missing draft capital is Not enough information and is not confirmed UDFA; fake round 8 is blocked.,false,false,false
00-0029564,2012,6,183,MIA,true,drafted_only_review_admission,Missing draft capital is Not enough information and is not confirmed UDFA; fake round 8 is blocked.,false,false,false
00-0029640,2012,2,33,STL,true,drafted_only_review_admission,Missing draft capital is Not enough information and is not confirmed UDFA; fake round 8 is blocked.,false,false,false
00-0029614,2012,4,96,STL,true,drafted_only_review_admission,Missing draft capital is Not enough information and is not confirmed UDFA; fake round 8 is blocked.,false,false,false
00-0029633,2012,5,152,DAL,true,drafted_only_review_admission,Missing draft capital is Not enough information and is not confirmed UDFA; fake round 8 is blocked.,false,false,false
00-0029673,2012,3,68,HOU,true,drafted_only_review_admission,Missing draft capital is Not enough information and is not confirmed UDFA; fake round 8 is blocked.,false,false,false
00-0029274,2012,4,107,KAN,true,drafted_only_review_admission,Missing draft capital is Not enough information and is not confirmed UDFA; fake round 8 is blocked.,false,false,false
00-0029573,2012,4,134,MIN,true,drafted_only_review_admission,Missing draft capital is Not enough information and is not confirmed UDFA; fake round 8 is blocked.,false,false,false
00-0029572,2012,4,118,MIN,true,drafted_only_review_admission,Missing draft capital is Not enough information and is not confirmed UDFA; fake round 8 is blocked.,false,false,false
00-0029552,2012,7,235,NWE,true,drafted_only_review_admission,Missing draft capital is Not enough information and is not confirmed UDFA; fake round 8 is blocked.,false,false,false
00-0029271,2012,4,104,CAR,true,drafted_only_review_admission,Missing draft capital is Not enough information and is not confirmed UDFA; fake round 8 is blocked.,false,false,false
00-0029642,2012,7,244,NYJ,true,drafted_only_review_admission,Missing draft capital is Not enough information and is not confirmed UDFA; fake round 8 is blocked.,false,false,false
00-0029311,2012,7,238,KAN,true,drafted_only_review_admission,Missing draft capital is Not enough information and is not confirmed UDFA; fake round 8 is blocked.,false,false,false
00-0029702,2012,5,168,OAK,true,drafted_only_review_admission,Missing draft capital is Not enough information and is not confirmed UDFA; fake round 8 is blocked.,false,false,false
00-0029707,2012,1,5,JAX,true,drafted_only_review_admission,Missing draft capital is Not enough information and is not confirmed UDFA; fake round 8 is blocked.,false,false,false
00-0029708,2012,1,20,TEN,true,drafted_only_review_admission,Missing draft capital is Not enough information and is not confirmed UDFA; fake round 8 is blocked.,false,false,false
00-0029415,2012,4,121,HOU,true,drafted_only_review_admission,Missing draft capital is Not enough information and is not confirmed UDFA; fake round 8 is blocked.,false,false,false
00-0029548,2012,6,206,IND,true,drafted_only_review_admission,Missing draft capital is Not enough information and is not confirmed UDFA; fake round 8 is blocked.,false,false,false
00-0029293,2012,5,166,CIN,true,drafted_only_review_admission,Missing draft capital is Not enough information and is not confirmed UDFA; fake round 8 is blocked.,false,false,false
00-0029424,2012,6,194,PHI,true,drafted_only_review_admission,Missing draft capital is Not enough information and is not confirmed UDFA; fake round 8 is blocked.,false,false,false
00-0029638,2012,1,13,ARI,true,drafted_only_review_admission,Missing draft capital is Not enough information and is not confirmed UDFA; fake round 8 is blocked.,false,false,false
00-0029632,2012,3,83,CIN,true,drafted_only_review_admission,Missing draft capital is Not enough information and is not confirmed UDFA; fake round 8 is blocked.,false,false,false
00-0029667,2012,4,122,NOR,true,drafted_only_review_admission,Missing draft capital is Not enough information and is not confirmed UDFA; fake round 8 is blocked.,false,false,false
00-0029580,2012,7,227,MIA,true,drafted_only_review_admission,Missing draft capital is Not enough information and is not confirmed UDFA; fake round 8 is blocked.,false,false,false
00-0029262,2012,2,63,NYG,true,drafted_only_review_admission,Missing draft capital is Not enough information and is not confirmed UDFA; fake round 8 is blocked.,false,false,false
00-0029209,2012,2,54,DET,true,drafted_only_review_admission,Missing draft capital is Not enough information and is not confirmed UDFA; fake round 8 is blocked.,false,false,false
00-0028995,2012,2,43,NYJ,true,drafted_only_review_admission,Missing draft capital is Not enough information and is not confirmed UDFA; fake round 8 is blocked.,false,false,false
00-0029660,2012,3,69,BUF,true,drafted_only_review_admission,Missing draft capital is Not enough information and is not confirmed UDFA; fake round 8 is blocked.,false,false,false
00-0029608,2012,3,92,IND,true,drafted_only_review_admission,Missing draft capital is Not enough information and is not confirmed UDFA; fake round 8 is blocked.,false,false,false
00-0029300,2012,6,198,BAL,true,drafted_only_review_admission,Missing draft capital is Not enough information and is not confirmed UDFA; fake round 8 is blocked.,false,false,false
00-0029204,2012,7,231,PIT,true,drafted_only_review_admission,Missing draft capital is Not enough information and is not confirmed UDFA; fake round 8 is blocked.,false,false,false
00-0029269,2012,4,100,CLE,true,drafted_only_review_admission,Missing draft capital is Not enough information and is not confirmed UDFA; fake round 8 is blocked.,false,false,false
00-0030120,2013,7,237,SFO,true,drafted_only_review_admission,Missing draft capital is Not enough information and is not confirmed UDFA; fake round 8 is blocked.,false,false,false
00-0030292,2013,7,221,SDG,true,drafted_only_review_admission,Missing draft capital is Not enough information and is not confirmed UDFA; fake round 8 is blocked.,false,false,false
00-0030526,2013,1,16,BUF,true,drafted_only_review_admission,Missing draft capital is Not enough information and is not confirmed UDFA; fake round 8 is blocked.,false,false,false
00-0030565,2013,2,39,NYJ,true,drafted_only_review_admission,Missing draft capital is Not enough information and is not confirmed UDFA; fake round 8 is blocked.,false,false,false
00-0030524,2013,4,115,PIT,true,drafted_only_review_admission,Missing draft capital is Not enough information and is not confirmed UDFA; fake round 8 is blocked.,false,false,false
00-0030533,2013,4,98,PHI,true,drafted_only_review_admission,Missing draft capital is Not enough information and is not confirmed UDFA; fake round 8 is blocked.,false,false,false
00-0030520,2013,3,73,TAM,true,drafted_only_review_admission,Missing draft capital is Not enough information and is not confirmed UDFA; fake round 8 is blocked.,false,false,false
00-0030586,2013,4,110,NYG,true,drafted_only_review_admission,Missing draft capital is Not enough information and is not confirmed UDFA; fake round 8 is blocked.,false,false,false
00-0030569,2013,7,249,ATL,true,drafted_only_review_admission,Missing draft capital is Not enough information and is not confirmed UDFA; fake round 8 is blocked.,false,false,false
00-0030568,2013,4,112,OAK,true,drafted_only_review_admission,Missing draft capital is Not enough information and is not confirmed UDFA; fake round 8 is blocked.,false,false,false
00-0030394,2013,7,234,DEN,true,drafted_only_review_admission,Missing draft capital is Not enough information and is not confirmed UDFA; fake round 8 is blocked.,false,false,false
00-0030287,2013,6,187,ARI,true,drafted_only_review_admission,Missing draft capital is Not enough information and is not confirmed UDFA; fake round 8 is blocked.,false,false,false
00-0030404,2013,5,154,WAS,true,drafted_only_review_admission,Missing draft capital is Not enough information and is not confirmed UDFA; fake round 8 is blocked.,false,false,false
00-0030432,2013,2,62,SEA,true,drafted_only_review_admission,Missing draft capital is Not enough information and is not confirmed UDFA; fake round 8 is blocked.,false,false,false
00-0030485,2013,2,61,GNB,true,drafted_only_review_admission,Missing draft capital is Not enough information and is not confirmed UDFA; fake round 8 is blocked.,false,false,false
00-0030456,2013,2,37,CIN,true,drafted_only_review_admission,Missing draft capital is Not enough information and is not confirmed UDFA; fake round 8 is blocked.,false,false,false
00-0030415,2013,7,228,WAS,true,drafted_only_review_admission,Missing draft capital is Not enough information and is not confirmed UDFA; fake round 8 is blocked.,false,false,false
00-0030078,2013,4,125,GNB,true,drafted_only_review_admission,Missing draft capital is Not enough information and is not confirmed UDFA; fake round 8 is blocked.,false,false,false
00-0030388,2013,5,151,DAL,true,drafted_only_review_admission,Missing draft capital is Not enough information and is not confirmed UDFA; fake round 8 is blocked.,false,false,false
00-0030465,2013,6,182,CAR,true,drafted_only_review_admission,Missing draft capital is Not enough information and is not confirmed UDFA; fake round 8 is blocked.,false,false,false
00-0030117,2013,7,230,IND,true,drafted_only_review_admission,Missing draft capital is Not enough information and is not confirmed UDFA; fake round 8 is blocked.,false,false,false
00-0030280,2013,3,96,KAN,true,drafted_only_review_admission,Missing draft capital is Not enough information and is not confirmed UDFA; fake round 8 is blocked.,false,false,false
00-0029892,2013,4,130,BAL,true,drafted_only_review_admission,Missing draft capital is Not enough information and is not confirmed UDFA; fake round 8 is blocked.,false,false,false
00-0030513,2013,6,181,OAK,true,drafted_only_review_admission,Missing draft capital is Not enough information and is not confirmed UDFA; fake round 8 is blocked.,false,false,false
00-0030496,2013,2,48,PIT,true,drafted_only_review_admission,Missing draft capital is Not enough information and is not confirmed UDFA; fake round 8 is blocked.,false,false,false
00-0030497,2013,4,131,SFO,true,drafted_only_review_admission,Missing draft capital is Not enough information and is not confirmed UDFA; fake round 8 is blocked.,false,false,false
00-0030128,2013,7,253,NYG,true,drafted_only_review_admission,Missing draft capital is Not enough information and is not confirmed UDFA; fake round 8 is blocked.,false,false,false
00-0030433,2013,5,164,MIA,true,drafted_only_review_admission,Missing draft capital is Not enough information and is not confirmed UDFA; fake round 8 is blocked.,false,false,false
00-0030391,2013,6,189,TAM,true,drafted_only_review_admission,Missing draft capital is Not enough information and is not confirmed UDFA; fake round 8 is blocked.,false,false,false
00-0030522,2013,2,58,DEN,true,drafted_only_review_admission,Missing draft capital is Not enough information and is not confirmed UDFA; fake round 8 is blocked.,false,false,false
00-0030288,2013,6,190,CIN,true,drafted_only_review_admission,Missing draft capital is Not enough information and is not confirmed UDFA; fake round 8 is blocked.,false,false,false
00-0030414,2013,6,194,SEA,true,drafted_only_review_admission,Missing draft capital is Not enough information and is not confirmed UDFA; fake round 8 is blocked.,false,false,false
00-0030282,2013,5,140,ARI,true,drafted_only_review_admission,Missing draft capital is Not enough information and is not confirmed UDFA; fake round 8 is blocked.,false,false,false
00-0030107,2013,6,199,DET,true,drafted_only_review_admission,Missing draft capital is Not enough information and is not confirmed UDFA; fake round 8 is blocked.,false,false,false
00-0030112,2013,7,215,NYJ,true,drafted_only_review_admission,Missing draft capital is Not enough information and is not confirmed UDFA; fake round 8 is blocked.,false,false,false
00-0030536,2013,5,160,STL,true,drafted_only_review_admission,Missing draft capital is Not enough information and is not confirmed UDFA; fake round 8 is blocked.,false,false,false
00-0030049,2013,7,222,BUF,true,drafted_only_review_admission,Missing draft capital is Not enough information and is not confirmed UDFA; fake round 8 is blocked.,false,false,false
00-0030291,2013,7,219,ARI,true,drafted_only_review_admission,Missing draft capital is Not enough information and is not confirmed UDFA; fake round 8 is blocked.,false,false,false
00-0030422,2013,4,106,MIA,true,drafted_only_review_admission,Missing draft capital is Not enough information and is not confirmed UDFA; fake round 8 is blocked.,false,false,false
00-0030544,2013,2,47,DAL,true,drafted_only_review_admission,Missing draft capital is Not enough information and is not confirmed UDFA; fake round 8 is blocked.,false,false,false
00-0030472,2013,3,85,WAS,true,drafted_only_review_admission,Missing draft capital is Not enough information and is not confirmed UDFA; fake round 8 is blocked.,false,false,false
00-0030129,2013,7,254,IND,true,drafted_only_review_admission,Missing draft capital is Not enough information and is not confirmed UDFA; fake round 8 is blocked.,false,false,false
00-0030443,2013,4,133,ATL,true,drafted_only_review_admission,Missing draft capital is Not enough information and is not confirmed UDFA; fake round 8 is blocked.,false,false,false
00-0030089,2013,5,158,SEA,true,drafted_only_review_admission,Missing draft capital is Not enough information and is not confirmed UDFA; fake round 8 is blocked.,false,false,false
00-0030110,2013,7,211,DET,true,drafted_only_review_admission,Missing draft capital is Not enough information and is not confirmed UDFA; fake round 8 is blocked.,false,false,false
00-0030514,2013,6,184,OAK,true,drafted_only_review_admission,Missing draft capital is Not enough information and is not confirmed UDFA; fake round 8 is blocked.,false,false,false
00-0030512,2013,6,172,OAK,true,drafted_only_review_admission,Missing draft capital is Not enough information and is not confirmed UDFA; fake round 8 is blocked.,false,false,false
00-0030108,2013,6,201,HOU,true,drafted_only_review_admission,Missing draft capital is Not enough information and is not confirmed UDFA; fake round 8 is blocked.,false,false,false
00-0030506,2013,3,63,KAN,true,drafted_only_review_admission,Missing draft capital is Not enough information and is not confirmed UDFA; fake round 8 is blocked.,false,false,false
00-0030549,2013,1,21,CIN,true,drafted_only_review_admission,Missing draft capital is Not enough information and is not confirmed UDFA; fake round 8 is blocked.,false,false,false
00-0030470,2013,2,55,SFO,true,drafted_only_review_admission,Missing draft capital is Not enough information and is not confirmed UDFA; fake round 8 is blocked.,false,false,false
00-0030061,2013,2,35,PHI,true,drafted_only_review_admission,Missing draft capital is Not enough information and is not confirmed UDFA; fake round 8 is blocked.,false,false,false
00-0030540,2013,2,59,NWE,true,drafted_only_review_admission,Missing draft capital is Not enough information and is not confirmed UDFA; fake round 8 is blocked.,false,false,false
00-0029896,2013,7,238,BAL,true,drafted_only_review_admission,Missing draft capital is Not enough information and is not confirmed UDFA; fake round 8 is blocked.,false,false,false
00-0030550,2013,4,101,JAX,true,drafted_only_review_admission,Missing draft capital is Not enough information and is not confirmed UDFA; fake round 8 is blocked.,false,false,false
00-0030105,2013,6,195,HOU,true,drafted_only_review_admission,Missing draft capital is Not enough information and is not confirmed UDFA; fake round 8 is blocked.,false,false,false
00-0030516,2013,7,209,OAK,true,drafted_only_review_admission,Missing draft capital is Not enough information and is not confirmed UDFA; fake round 8 is blocked.,false,false,false
00-0030113,2013,7,216,GNB,true,drafted_only_review_admission,Missing draft capital is Not enough information and is not confirmed UDFA; fake round 8 is blocked.,false,false,false
00-0030077,2013,4,123,SEA,true,drafted_only_review_admission,Missing draft capital is Not enough information and is not confirmed UDFA; fake round 8 is blocked.,false,false,false
00-0030290,2013,6,197,CIN,true,drafted_only_review_admission,Missing draft capital is Not enough information and is not confirmed UDFA; fake round 8 is blocked.,false,false,false
00-0030578,2013,1,29,MIN,true,drafted_only_review_admission,Missing draft capital is Not enough information and is not confirmed UDFA; fake round 8 is blocked.,false,false,false
00-0030095,2013,6,171,DET,true,drafted_only_review_admission,Missing draft capital is Not enough information and is not confirmed UDFA; fake round 8 is blocked.,false,false,false
00-0030564,2013,1,27,HOU,true,drafted_only_review_admission,Missing draft capital is Not enough information and is not confirmed UDFA; fake round 8 is blocked.,false,false,false
00-0030547,2013,5,135,JAX,true,drafted_only_review_admission,Missing draft capital is Not enough information and is not confirmed UDFA; fake round 8 is blocked.,false,false,false
00-0030474,2013,4,102,NWE,true,drafted_only_review_admission,Missing draft capital is Not enough information and is not confirmed UDFA; fake round 8 is blocked.,false,false,false
00-0030466,2013,6,186,PIT,true,drafted_only_review_admission,Missing draft capital is Not enough information and is not confirmed UDFA; fake round 8 is blocked.,false,false,false
00-0030521,2013,2,34,TEN,true,drafted_only_review_admission,Missing draft capital is Not enough information and is not confirmed UDFA; fake round 8 is blocked.,false,false,false
00-0030279,2013,3,76,SDG,true,drafted_only_review_admission,Missing draft capital is Not enough information and is not confirmed UDFA; fake round 8 is blocked.,false,false,false
00-0030085,2013,5,144,NOR,true,drafted_only_review_admission,Missing draft capital is Not enough information and is not confirmed UDFA; fake round 8 is blocked.,false,false,false
00-0030116,2013,7,224,GNB,true,drafted_only_review_admission,Missing draft capital is Not enough information and is not confirmed UDFA; fake round 8 is blocked.,false,false,false
00-0030460,2013,3,79,PIT,true,drafted_only_review_admission,Missing draft capital is Not enough information and is not confirmed UDFA; fake round 8 is blocked.,false,false,false
00-0030047,2013,7,236,CHI,true,drafted_only_review_admission,Missing draft capital is Not enough information and is not confirmed UDFA; fake round 8 is blocked.,false,false,false
00-0030068,2013,3,78,BUF,true,drafted_only_review_admission,Missing draft capital is Not enough information and is not confirmed UDFA; fake round 8 is blocked.,false,false,false
00-0030450,2013,4,128,SFO,true,drafted_only_review_admission,Missing draft capital is Not enough information and is not confirmed UDFA; fake round 8 is blocked.,false,false,false
00-0030431,2013,2,41,BUF,true,drafted_only_review_admission,Missing draft capital is Not enough information and is not confirmed UDFA; fake round 8 is blocked.,false,false,false
Not enough information,2013,6,174,ARI,true,drafted_only_review_admission,Missing draft capital is Not enough information and is not confirmed UDFA; fake round 8 is blocked.,false,false,false
00-0030532,2013,3,92,STL,true,drafted_only_review_admission,Missing draft capital is Not enough information and is not confirmed UDFA; fake round 8 is blocked.,false,false,false
00-0030091,2013,5,161,DEN,true,drafted_only_review_admission,Missing draft capital is Not enough information and is not confirmed UDFA; fake round 8 is blocked.,false,false,false
00-0030525,2013,1,8,STL,true,drafted_only_review_admission,Missing draft capital is Not enough information and is not confirmed UDFA; fake round 8 is blocked.,false,false,false
00-0030542,2013,3,74,DAL,true,drafted_only_review_admission,Missing draft capital is Not enough information and is not confirmed UDFA; fake round 8 is blocked.,false,false,false
00-0031288,2014,5,164,CIN,true,drafted_only_review_admission,Missing draft capital is Not enough information and is not confirmed UDFA; fake round 8 is blocked.,false,false,false
00-0031287,2014,5,163,KAN,true,drafted_only_review_admission,Missing draft capital is Not enough information and is not confirmed UDFA; fake round 8 is blocked.,false,false,false
00-0031407,2014,1,3,JAX,true,drafted_only_review_admission,Missing draft capital is Not enough information and is not confirmed UDFA; fake round 8 is blocked.,false,false,false
00-0031076,2014,6,183,CHI,true,drafted_only_review_admission,Missing draft capital is Not enough information and is not confirmed UDFA; fake round 8 is blocked.,false,false,false
00-0031280,2014,2,36,OAK,true,drafted_only_review_admission,Missing draft capital is Not enough information and is not confirmed UDFA; fake round 8 is blocked.,false,false,false
00-0031395,2014,6,214,STL,true,drafted_only_review_admission,Missing draft capital is Not enough information and is not confirmed UDFA; fake round 8 is blocked.,false,false,false
00-0031345,2014,2,62,NWE,true,drafted_only_review_admission,Missing draft capital is Not enough information and is not confirmed UDFA; fake round 8 is blocked.,false,false,false
00-0031409,2014,1,22,CLE,true,drafted_only_review_admission,Missing draft capital is Not enough information and is not confirmed UDFA; fake round 8 is blocked.,false,false,false
00-0030998,2014,6,194,BAL,true,drafted_only_review_admission,Missing draft capital is Not enough information and is not confirmed UDFA; fake round 8 is blocked.,false,false,false
00-0031260,2014,4,120,ARI,true,drafted_only_review_admission,Missing draft capital is Not enough information and is not confirmed UDFA; fake round 8 is blocked.,false,false,false
Not enough information,2014,6,213,NYJ,true,drafted_only_review_admission,Missing draft capital is Not enough information and is not confirmed UDFA; fake round 8 is blocked.,false,false,false
00-0031237,2014,1,32,MIN,true,drafted_only_review_admission,Missing draft capital is Not enough information and is not confirmed UDFA; fake round 8 is blocked.,false,false,false
00-0031064,2014,4,135,HOU,true,drafted_only_review_admission,Missing draft capital is Not enough information and is not confirmed UDFA; fake round 8 is blocked.,false,false,false
00-0031266,2014,6,178,TEN,true,drafted_only_review_admission,Missing draft capital is Not enough information and is not confirmed UDFA; fake round 8 is blocked.,false,false,false
00-0031075,2014,6,181,HOU,true,drafted_only_review_admission,Missing draft capital is Not enough information and is not confirmed UDFA; fake round 8 is blocked.,false,false,false
00-0031055,2014,4,113,NYG,true,drafted_only_review_admission,Missing draft capital is Not enough information and is not confirmed UDFA; fake round 8 is blocked.,false,false,false
00-0031413,2014,2,54,TEN,true,drafted_only_review_admission,Missing draft capital is Not enough information and is not confirmed UDFA; fake round 8 is blocked.,false,false,false
00-0031045,2014,2,57,SFO,true,drafted_only_review_admission,Missing draft capital is Not enough information and is not confirmed UDFA; fake round 8 is blocked.,false,false,false
00-0031390,2014,3,69,TAM,true,drafted_only_review_admission,Missing draft capital is Not enough information and is not confirmed UDFA; fake round 8 is blocked.,false,false,false
00-0031060,2014,4,124,KAN,true,drafted_only_review_admission,Missing draft capital is Not enough information and is not confirmed UDFA; fake round 8 is blocked.,false,false,false
00-0031285,2014,4,103,ATL,true,drafted_only_review_admission,Missing draft capital is Not enough information and is not confirmed UDFA; fake round 8 is blocked.,false,false,false
00-0031062,2014,4,130,NWE,true,drafted_only_review_admission,Missing draft capital is Not enough information and is not confirmed UDFA; fake round 8 is blocked.,false,false,false
00-0031301,2014,2,55,CIN,true,drafted_only_review_admission,Missing draft capital is Not enough information and is not confirmed UDFA; fake round 8 is blocked.,false,false,false
00-0031376,2014,3,96,MIN,true,drafted_only_review_admission,Missing draft capital is Not enough information and is not confirmed UDFA; fake round 8 is blocked.,false,false,false
00-0031057,2014,4,117,CHI,true,drafted_only_review_admission,Missing draft capital is Not enough information and is not confirmed UDFA; fake round 8 is blocked.,false,false,false
00-0031091,2014,7,227,SEA,true,drafted_only_review_admission,Missing draft capital is Not enough information and is not confirmed UDFA; fake round 8 is blocked.,false,false,false
00-0031078,2014,6,186,WAS,true,drafted_only_review_admission,Missing draft capital is Not enough information and is not confirmed UDFA; fake round 8 is blocked.,false,false,false
00-0031066,2014,4,138,BAL,true,drafted_only_review_admission,Missing draft capital is Not enough information and is not confirmed UDFA; fake round 8 is blocked.,false,false,false
00-0030999,2014,6,201,SDG,true,drafted_only_review_admission,Missing draft capital is Not enough information and is not confirmed UDFA; fake round 8 is blocked.,false,false,false
00-0031243,2014,7,222,JAX,true,drafted_only_review_admission,Missing draft capital is Not enough information and is not confirmed UDFA; fake round 8 is blocked.,false,false,false
00-0031375,2014,3,94,CLE,true,drafted_only_review_admission,Missing draft capital is Not enough information and is not confirmed UDFA; fake round 8 is blocked.,false,false,false
00-0031391,2014,3,75,STL,true,drafted_only_review_admission,Missing draft capital is Not enough information and is not confirmed UDFA; fake round 8 is blocked.,false,false,false
00-0031190,2014,6,204,CAR,true,drafted_only_review_admission,Missing draft capital is Not enough information and is not confirmed UDFA; fake round 8 is blocked.,false,false,false
00-0031286,2014,5,155,MIA,true,drafted_only_review_admission,Missing draft capital is Not enough information and is not confirmed UDFA; fake round 8 is blocked.,false,false,false
00-0031418,2014,2,38,TAM,true,drafted_only_review_admission,Missing draft capital is Not enough information and is not confirmed UDFA; fake round 8 is blocked.,false,false,false
00-0031302,2014,3,65,HOU,true,drafted_only_review_admission,Missing draft capital is Not enough information and is not confirmed UDFA; fake round 8 is blocked.,false,false,false
00-0030992,2014,3,99,BAL,true,drafted_only_review_admission,Missing draft capital is Not enough information and is not confirmed UDFA; fake round 8 is blocked.,false,false,false
00-0031387,2014,1,10,DET,true,drafted_only_review_admission,Missing draft capital is Not enough information and is not confirmed UDFA; fake round 8 is blocked.,false,false,false
00-0031042,2014,2,49,NYJ,true,drafted_only_review_admission,Missing draft capital is Not enough information and is not confirmed UDFA; fake round 8 is blocked.,false,false,false
00-0031384,2014,3,98,GNB,true,drafted_only_review_admission,Missing draft capital is Not enough information and is not confirmed UDFA; fake round 8 is blocked.,false,false,false
00-0031194,2014,7,230,PIT,true,drafted_only_review_admission,Missing draft capital is Not enough information and is not confirmed UDFA; fake round 8 is blocked.,false,false,false
00-0031088,2014,7,217,WAS,true,drafted_only_review_admission,Missing draft capital is Not enough information and is not confirmed UDFA; fake round 8 is blocked.,false,false,false
00-0031044,2014,2,52,ARI,true,drafted_only_review_admission,Missing draft capital is Not enough information and is not confirmed UDFA; fake round 8 is blocked.,false,false,false
00-0031428,2014,2,61,JAX,true,drafted_only_review_admission,Missing draft capital is Not enough information and is not confirmed UDFA; fake round 8 is blocked.,false,false,false
00-0031236,2014,1,20,NOR,true,drafted_only_review_admission,Missing draft capital is Not enough information and is not confirmed UDFA; fake round 8 is blocked.,false,false,false
00-0031326,2014,4,106,SFO,true,drafted_only_review_admission,Missing draft capital is Not enough information and is not confirmed UDFA; fake round 8 is blocked.,false,false,false
00-0031344,2014,2,56,DEN,true,drafted_only_review_admission,Missing draft capital is Not enough information and is not confirmed UDFA; fake round 8 is blocked.,false,false,false
00-0031381,2014,2,53,GNB,true,drafted_only_review_admission,Missing draft capital is Not enough information and is not confirmed UDFA; fake round 8 is blocked.,false,false,false
00-0031310,2014,5,146,DAL,true,drafted_only_review_admission,Missing draft capital is Not enough information and is not confirmed UDFA; fake round 8 is blocked.,false,false,false
00-0031339,2014,3,90,IND,true,drafted_only_review_admission,Missing draft capital is Not enough information and is not confirmed UDFA; fake round 8 is blocked.,false,false,false
00-0031392,2014,3,97,PIT,true,drafted_only_review_admission,Missing draft capital is Not enough information and is not confirmed UDFA; fake round 8 is blocked.,false,false,false
00-0031053,2014,4,104,NYJ,true,drafted_only_review_admission,Missing draft capital is Not enough information and is not confirmed UDFA; fake round 8 is blocked.,false,false,false
00-0031291,2014,7,239,CIN,true,drafted_only_review_admission,Missing draft capital is Not enough information and is not confirmed UDFA; fake round 8 is blocked.,false,false,false
00-0031021,2014,5,176,GNB,true,drafted_only_review_admission,Missing draft capital is Not enough information and is not confirmed UDFA; fake round 8 is blocked.,false,false,false
00-0031382,2014,2,63,MIA,true,drafted_only_review_admission,Missing draft capital is Not enough information and is not confirmed UDFA; fake round 8 is blocked.,false,false,false
00-0031001,2014,7,236,GNB,true,drafted_only_review_admission,Missing draft capital is Not enough information and is not confirmed UDFA; fake round 8 is blocked.,false,false,false
Not enough information,2014,7,244,NWE,true,drafted_only_review_admission,Missing draft capital is Not enough information and is not confirmed UDFA; fake round 8 is blocked.,false,false,false
00-0031051,2014,3,91,ARI,true,drafted_only_review_admission,Missing draft capital is Not enough information and is not confirmed UDFA; fake round 8 is blocked.,false,false,false
00-0031299,2014,2,42,PHI,true,drafted_only_review_admission,Missing draft capital is Not enough information and is not confirmed UDFA; fake round 8 is blocked.,false,false,false
00-0030990,2014,3,86,PHI,true,drafted_only_review_admission,Missing draft capital is Not enough information and is not confirmed UDFA; fake round 8 is blocked.,false,false,false
00-0031359,2014,1,28,CAR,true,drafted_only_review_admission,Missing draft capital is Not enough information and is not confirmed UDFA; fake round 8 is blocked.,false,false,false
00-0031327,2014,4,123,SEA,true,drafted_only_review_admission,Missing draft capital is Not enough information and is not confirmed UDFA; fake round 8 is blocked.,false,false,false
00-0031431,2014,2,39,JAX,true,drafted_only_review_admission,Missing draft capital is Not enough information and is not confirmed UDFA; fake round 8 is blocked.,false,false,false
00-0031373,2014,4,118,PIT,true,drafted_only_review_admission,Missing draft capital is Not enough information and is not confirmed UDFA; fake round 8 is blocked.,false,false,false
00-0031315,2014,6,190,MIA,true,drafted_only_review_admission,Missing draft capital is Not enough information and is not confirmed UDFA; fake round 8 is blocked.,false,false,false
00-0031025,2014,7,218,BAL,true,drafted_only_review_admission,Missing draft capital is Not enough information and is not confirmed UDFA; fake round 8 is blocked.,false,false,false
00-0031408,2014,1,7,TAM,true,drafted_only_review_admission,Missing draft capital is Not enough information and is not confirmed UDFA; fake round 8 is blocked.,false,false,false
00-0031235,2014,1,12,NYG,true,drafted_only_review_admission,Missing draft capital is Not enough information and is not confirmed UDFA; fake round 8 is blocked.,false,false,false
00-0031257,2014,2,45,SEA,true,drafted_only_review_admission,Missing draft capital is Not enough information and is not confirmed UDFA; fake round 8 is blocked.,false,false,false
00-0031023,2014,6,209,NYJ,true,drafted_only_review_admission,Missing draft capital is Not enough information and is not confirmed UDFA; fake round 8 is blocked.,false,false,false
00-0031187,2014,6,185,TAM,true,drafted_only_review_admission,Missing draft capital is Not enough information and is not confirmed UDFA; fake round 8 is blocked.,false,false,false
00-0031068,2014,5,142,WAS,true,drafted_only_review_admission,Missing draft capital is Not enough information and is not confirmed UDFA; fake round 8 is blocked.,false,false,false
00-0031325,2014,1,4,BUF,true,drafted_only_review_admission,Missing draft capital is Not enough information and is not confirmed UDFA; fake round 8 is blocked.,false,false,false
00-0031056,2014,4,115,NYJ,true,drafted_only_review_admission,Missing draft capital is Not enough information and is not confirmed UDFA; fake round 8 is blocked.,false,false,false
00-0031189,2014,6,189,DET,true,drafted_only_review_admission,Missing draft capital is Not enough information and is not confirmed UDFA; fake round 8 is blocked.,false,false,false
00-0031002,2014,7,240,SDG,true,drafted_only_review_admission,Missing draft capital is Not enough information and is not confirmed UDFA; fake round 8 is blocked.,false,false,false
00-0031268,2014,6,196,ARI,true,drafted_only_review_admission,Missing draft capital is Not enough information and is not confirmed UDFA; fake round 8 is blocked.,false,false,false
00-0031589,2015,5,147,GNB,true,drafted_only_review_admission,Missing draft capital is Not enough information and is not confirmed UDFA; fake round 8 is blocked.,false,false,false
00-0031568,2015,4,103,NYJ,true,drafted_only_review_admission,Missing draft capital is Not enough information and is not confirmed UDFA; fake round 8 is blocked.,false,false,false
00-0032148,2015,3,75,NOR,true,drafted_only_review_admission,Missing draft capital is Not enough information and is not confirmed UDFA; fake round 8 is blocked.,false,false,false
00-0031503,2015,1,1,TAM,true,drafted_only_review_admission,Missing draft capital is Not enough information and is not confirmed UDFA; fake round 8 is blocked.,false,false,false
00-0032268,2015,1,2,TEN,true,drafted_only_review_admission,Missing draft capital is Not enough information and is not confirmed UDFA; fake round 8 is blocked.,false,false,false
00-0032245,2015,3,89,STL,true,drafted_only_review_admission,Missing draft capital is Not enough information and is not confirmed UDFA; fake round 8 is blocked.,false,false,false
00-0032156,2015,7,250,DEN,true,drafted_only_review_admission,Missing draft capital is Not enough information and is not confirmed UDFA; fake round 8 is blocked.,false,false,false
00-0032104,2015,2,54,DET,true,drafted_only_review_admission,Missing draft capital is Not enough information and is not confirmed UDFA; fake round 8 is blocked.,false,false,false
00-0031599,2015,5,174,CAR,true,drafted_only_review_admission,Missing draft capital is Not enough information and is not confirmed UDFA; fake round 8 is blocked.,false,false,false
00-0032133,2015,5,138,TEN,true,drafted_only_review_admission,Missing draft capital is Not enough information and is not confirmed UDFA; fake round 8 is blocked.,false,false,false
00-0032187,2015,3,86,ARI,true,drafted_only_review_admission,Missing draft capital is Not enough information and is not confirmed UDFA; fake round 8 is blocked.,false,false,false
00-0032257,2015,3,77,CLE,true,drafted_only_review_admission,Missing draft capital is Not enough information and is not confirmed UDFA; fake round 8 is blocked.,false,false,false
00-0031577,2015,4,125,BAL,true,drafted_only_review_admission,Missing draft capital is Not enough information and is not confirmed UDFA; fake round 8 is blocked.,false,false,false
00-0031590,2015,5,149,MIA,true,drafted_only_review_admission,Missing draft capital is Not enough information and is not confirmed UDFA; fake round 8 is blocked.,false,false,false
00-0031569,2015,4,106,CHI,true,drafted_only_review_admission,Missing draft capital is Not enough information and is not confirmed UDFA; fake round 8 is blocked.,false,false,false
00-0031611,2015,6,205,IND,true,drafted_only_review_admission,Missing draft capital is Not enough information and is not confirmed UDFA; fake round 8 is blocked.,false,false,false
00-0032152,2015,5,155,BUF,true,drafted_only_review_admission,Missing draft capital is Not enough information and is not confirmed UDFA; fake round 8 is blocked.,false,false,false
00-0031625,2015,7,235,HOU,true,drafted_only_review_admission,Missing draft capital is Not enough information and is not confirmed UDFA; fake round 8 is blocked.,false,false,false
00-0031959,2015,7,230,NOR,true,drafted_only_review_admission,Missing draft capital is Not enough information and is not confirmed UDFA; fake round 8 is blocked.,false,false,false
00-0031939,2015,3,95,WAS,true,drafted_only_review_admission,Missing draft capital is Not enough information and is not confirmed UDFA; fake round 8 is blocked.,false,false,false
00-0032144,2015,1,15,SDG,true,drafted_only_review_admission,Missing draft capital is Not enough information and is not confirmed UDFA; fake round 8 is blocked.,false,false,false
00-0032063,2015,4,126,SFO,true,drafted_only_review_admission,Missing draft capital is Not enough information and is not confirmed UDFA; fake round 8 is blocked.,false,false,false
00-0032209,2015,2,36,JAX,true,drafted_only_review_admission,Missing draft capital is Not enough information and is not confirmed UDFA; fake round 8 is blocked.,false,false,false
00-0032058,2015,3,73,ATL,true,drafted_only_review_admission,Missing draft capital is Not enough information and is not confirmed UDFA; fake round 8 is blocked.,false,false,false
00-0032241,2015,1,10,STL,true,drafted_only_review_admission,Missing draft capital is Not enough information and is not confirmed UDFA; fake round 8 is blocked.,false,false,false
00-0031609,2015,6,202,NWE,true,drafted_only_review_admission,Missing draft capital is Not enough information and is not confirmed UDFA; fake round 8 is blocked.,false,false,false
00-0032139,2015,7,229,JAX,true,drafted_only_review_admission,Missing draft capital is Not enough information and is not confirmed UDFA; fake round 8 is blocked.,false,false,false
00-0032062,2015,4,117,SFO,true,drafted_only_review_admission,Missing draft capital is Not enough information and is not confirmed UDFA; fake round 8 is blocked.,false,false,false
00-0032134,2015,5,157,CIN,true,drafted_only_review_admission,Missing draft capital is Not enough information and is not confirmed UDFA; fake round 8 is blocked.,false,false,false
00-0032256,2015,3,68,OAK,true,drafted_only_review_admission,Missing draft capital is Not enough information and is not confirmed UDFA; fake round 8 is blocked.,false,false,false
00-0032141,2015,7,246,DAL,true,drafted_only_review_admission,Missing draft capital is Not enough information and is not confirmed UDFA; fake round 8 is blocked.,false,false,false
00-0032190,2015,7,256,ARI,true,drafted_only_review_admission,Missing draft capital is Not enough information and is not confirmed UDFA; fake round 8 is blocked.,false,false,false
00-0031951,2015,5,173,KAN,true,drafted_only_review_admission,Missing draft capital is Not enough information and is not confirmed UDFA; fake round 8 is blocked.,false,false,false
00-0032227,2015,3,92,DEN,true,drafted_only_review_admission,Missing draft capital is Not enough information and is not confirmed UDFA; fake round 8 is blocked.,false,false,false
00-0032135,2015,5,160,PIT,true,drafted_only_review_admission,Missing draft capital is Not enough information and is not confirmed UDFA; fake round 8 is blocked.,false,false,false
00-0031617,2015,6,213,GNB,true,drafted_only_review_admission,Missing draft capital is Not enough information and is not confirmed UDFA; fake round 8 is blocked.,false,false,false
00-0032068,2015,6,195,CLE,true,drafted_only_review_admission,Missing draft capital is Not enough information and is not confirmed UDFA; fake round 8 is blocked.,false,false,false
00-0031558,2015,2,55,BAL,true,drafted_only_review_admission,Missing draft capital is Not enough information and is not confirmed UDFA; fake round 8 is blocked.,false,false,false
00-0031585,2015,5,143,MIN,true,drafted_only_review_admission,Missing draft capital is Not enough information and is not confirmed UDFA; fake round 8 is blocked.,false,false,false
00-0031598,2015,5,171,BAL,true,drafted_only_review_admission,Missing draft capital is Not enough information and is not confirmed UDFA; fake round 8 is blocked.,false,false,false
00-0032117,2015,6,194,BUF,true,drafted_only_review_admission,Missing draft capital is Not enough information and is not confirmed UDFA; fake round 8 is blocked.,false,false,false
00-0031533,2015,6,198,CLE,true,drafted_only_review_admission,Missing draft capital is Not enough information and is not confirmed UDFA; fake round 8 is blocked.,false,false,false
00-0032072,2015,7,254,SFO,true,drafted_only_review_admission,Missing draft capital is Not enough information and is not confirmed UDFA; fake round 8 is blocked.,false,false,false
00-0032214,2015,3,85,CIN,true,drafted_only_review_admission,Missing draft capital is Not enough information and is not confirmed UDFA; fake round 8 is blocked.,false,false,false
00-0031544,2015,1,4,OAK,true,drafted_only_review_admission,Missing draft capital is Not enough information and is not confirmed UDFA; fake round 8 is blocked.,false,false,false
00-0032121,2015,7,221,OAK,true,drafted_only_review_admission,Missing draft capital is Not enough information and is not confirmed UDFA; fake round 8 is blocked.,false,false,false
00-0032054,2015,1,26,BAL,true,drafted_only_review_admission,Missing draft capital is Not enough information and is not confirmed UDFA; fake round 8 is blocked.,false,false,false
Not enough information,2015,6,201,STL,true,drafted_only_review_admission,Missing draft capital is Not enough information and is not confirmed UDFA; fake round 8 is blocked.,false,false,false
00-0032128,2015,3,76,KAN,true,drafted_only_review_admission,Missing draft capital is Not enough information and is not confirmed UDFA; fake round 8 is blocked.,false,false,false
00-0031960,2015,7,233,KAN,true,drafted_only_review_admission,Missing draft capital is Not enough information and is not confirmed UDFA; fake round 8 is blocked.,false,false,false
00-0031610,2015,6,204,BAL,true,drafted_only_review_admission,Missing draft capital is Not enough information and is not confirmed UDFA; fake round 8 is blocked.,false,false,false
00-0032064,2015,4,132,SFO,true,drafted_only_review_admission,Missing draft capital is Not enough information and is not confirmed UDFA; fake round 8 is blocked.,false,false,false
00-0031547,2015,1,14,MIA,true,drafted_only_review_admission,Missing draft capital is Not enough information and is not confirmed UDFA; fake round 8 is blocked.,false,false,false
00-0032055,2015,2,41,CAR,true,drafted_only_review_admission,Missing draft capital is Not enough information and is not confirmed UDFA; fake round 8 is blocked.,false,false,false
00-0031934,2015,2,37,NYJ,true,drafted_only_review_admission,Missing draft capital is Not enough information and is not confirmed UDFA; fake round 8 is blocked.,false,false,false
00-0032070,2015,7,234,BUF,true,drafted_only_review_admission,Missing draft capital is Not enough information and is not confirmed UDFA; fake round 8 is blocked.,false,false,false
00-0032218,2015,2,40,TEN,true,drafted_only_review_admission,Missing draft capital is Not enough information and is not confirmed UDFA; fake round 8 is blocked.,false,false,false
00-0031954,2015,6,187,WAS,true,drafted_only_review_admission,Missing draft capital is Not enough information and is not confirmed UDFA; fake round 8 is blocked.,false,false,false
00-0031953,2015,6,186,NYG,true,drafted_only_review_admission,Missing draft capital is Not enough information and is not confirmed UDFA; fake round 8 is blocked.,false,false,false
00-0032112,2015,5,159,ARI,true,drafted_only_review_admission,Missing draft capital is Not enough information and is not confirmed UDFA; fake round 8 is blocked.,false,false,false
00-0031560,2015,3,70,HOU,true,drafted_only_review_admission,Missing draft capital is Not enough information and is not confirmed UDFA; fake round 8 is blocked.,false,false,false
00-0031941,2015,4,105,WAS,true,drafted_only_review_admission,Missing draft capital is Not enough information and is not confirmed UDFA; fake round 8 is blocked.,false,false,false
00-0031570,2015,4,107,ATL,true,drafted_only_review_admission,Missing draft capital is Not enough information and is not confirmed UDFA; fake round 8 is blocked.,false,false,false
00-0032115,2015,6,184,TAM,true,drafted_only_review_admission,Missing draft capital is Not enough information and is not confirmed UDFA; fake round 8 is blocked.,false,false,false
00-0031600,2015,5,175,HOU,true,drafted_only_review_admission,Missing draft capital is Not enough information and is not confirmed UDFA; fake round 8 is blocked.,false,false,false
00-0032113,2015,5,162,TAM,true,drafted_only_review_admission,Missing draft capital is Not enough information and is not confirmed UDFA; fake round 8 is blocked.,false,false,false
00-0031545,2015,1,7,CHI,true,drafted_only_review_admission,Missing draft capital is Not enough information and is not confirmed UDFA; fake round 8 is blocked.,false,false,false
00-0031962,2015,7,238,CIN,true,drafted_only_review_admission,Missing draft capital is Not enough information and is not confirmed UDFA; fake round 8 is blocked.,false,false,false
00-0032120,2015,7,220,JAX,true,drafted_only_review_admission,Missing draft capital is Not enough information and is not confirmed UDFA; fake round 8 is blocked.,false,false,false
00-0031549,2015,1,20,PHI,true,drafted_only_review_admission,Missing draft capital is Not enough information and is not confirmed UDFA; fake round 8 is blocked.,false,false,false
00-0032208,2015,1,29,IND,true,drafted_only_review_admission,Missing draft capital is Not enough information and is not confirmed UDFA; fake round 8 is blocked.,false,false,false
00-0032170,2015,5,139,JAX,true,drafted_only_review_admission,Missing draft capital is Not enough information and is not confirmed UDFA; fake round 8 is blocked.,false,false,false
00-0032166,2015,3,87,PIT,true,drafted_only_review_admission,Missing draft capital is Not enough information and is not confirmed UDFA; fake round 8 is blocked.,false,false,false
00-0031588,2015,5,146,MIN,true,drafted_only_review_admission,Missing draft capital is Not enough information and is not confirmed UDFA; fake round 8 is blocked.,false,false,false
00-0031594,2015,5,156,MIA,true,drafted_only_review_admission,Missing draft capital is Not enough information and is not confirmed UDFA; fake round 8 is blocked.,false,false,false
00-0032123,2015,7,245,TEN,true,drafted_only_review_admission,Missing draft capital is Not enough information and is not confirmed UDFA; fake round 8 is blocked.,false,false,false
00-0032200,2015,3,94,GNB,true,drafted_only_review_admission,Missing draft capital is Not enough information and is not confirmed UDFA; fake round 8 is blocked.,false,false,false
00-0032211,2015,3,69,SEA,true,drafted_only_review_admission,Missing draft capital is Not enough information and is not confirmed UDFA; fake round 8 is blocked.,false,false,false
00-0032188,2015,4,123,CLE,true,drafted_only_review_admission,Missing draft capital is Not enough information and is not confirmed UDFA; fake round 8 is blocked.,false,false,false
00-0032434,2016,6,201,JAX,true,drafted_only_review_admission,Missing draft capital is Not enough information and is not confirmed UDFA; fake round 8 is blocked.,false,false,false
00-0032446,2016,7,223,MIA,true,drafted_only_review_admission,Missing draft capital is Not enough information and is not confirmed UDFA; fake round 8 is blocked.,false,false,false
00-0033098,2016,4,139,BUF,true,drafted_only_review_admission,Missing draft capital is Not enough information and is not confirmed UDFA; fake round 8 is blocked.,false,false,false
00-0032950,2016,1,2,PHI,true,drafted_only_review_admission,Missing draft capital is Not enough information and is not confirmed UDFA; fake round 8 is blocked.,false,false,false
00-0032953,2016,2,51,NYJ,true,drafted_only_review_admission,Missing draft capital is Not enough information and is not confirmed UDFA; fake round 8 is blocked.,false,false,false
00-0033104,2016,3,93,CLE,true,drafted_only_review_admission,Missing draft capital is Not enough information and is not confirmed UDFA; fake round 8 is blocked.,false,false,false
00-0032893,2016,4,100,OAK,true,drafted_only_review_admission,Missing draft capital is Not enough information and is not confirmed UDFA; fake round 8 is blocked.,false,false,false
00-0033077,2016,4,135,DAL,true,drafted_only_review_admission,Missing draft capital is Not enough information and is not confirmed UDFA; fake round 8 is blocked.,false,false,false
00-0033119,2016,3,91,NWE,true,drafted_only_review_admission,Missing draft capital is Not enough information and is not confirmed UDFA; fake round 8 is blocked.,false,false,false
00-0032431,2016,6,191,DET,true,drafted_only_review_admission,Missing draft capital is Not enough information and is not confirmed UDFA; fake round 8 is blocked.,false,false,false
00-0033106,2016,1,1,LAR,true,drafted_only_review_admission,Missing draft capital is Not enough information and is not confirmed UDFA; fake round 8 is blocked.,false,false,false
00-0032436,2016,6,207,SFO,true,drafted_only_review_admission,Missing draft capital is Not enough information and is not confirmed UDFA; fake round 8 is blocked.,false,false,false
00-0032784,2016,5,162,KAN,true,drafted_only_review_admission,Missing draft capital is Not enough information and is not confirmed UDFA; fake round 8 is blocked.,false,false,false
00-0032792,2016,6,187,WAS,true,drafted_only_review_admission,Missing draft capital is Not enough information and is not confirmed UDFA; fake round 8 is blocked.,false,false,false
00-0033108,2016,1,26,DEN,true,drafted_only_review_admission,Missing draft capital is Not enough information and is not confirmed UDFA; fake round 8 is blocked.,false,false,false
00-0032426,2016,5,171,SEA,true,drafted_only_review_admission,Missing draft capital is Not enough information and is not confirmed UDFA; fake round 8 is blocked.,false,false,false
00-0032393,2016,3,90,SEA,true,drafted_only_review_admission,Missing draft capital is Not enough information and is not confirmed UDFA; fake round 8 is blocked.,false,false,false
00-0032804,2016,7,237,NOR,true,drafted_only_review_admission,Missing draft capital is Not enough information and is not confirmed UDFA; fake round 8 is blocked.,false,false,false
00-0033049,2016,6,216,DAL,true,drafted_only_review_admission,Missing draft capital is Not enough information and is not confirmed UDFA; fake round 8 is blocked.,false,false,false
00-0032940,2016,5,143,OAK,true,drafted_only_review_admission,Missing draft capital is Not enough information and is not confirmed UDFA; fake round 8 is blocked.,false,false,false
00-0032764,2016,2,45,TEN,true,drafted_only_review_admission,Missing draft capital is Not enough information and is not confirmed UDFA; fake round 8 is blocked.,false,false,false
00-0032972,2016,4,136,DEN,true,drafted_only_review_admission,Missing draft capital is Not enough information and is not confirmed UDFA; fake round 8 is blocked.,false,false,false
00-0032450,2016,7,236,DET,true,drafted_only_review_admission,Missing draft capital is Not enough information and is not confirmed UDFA; fake round 8 is blocked.,false,false,false
00-0033045,2016,1,4,DAL,true,drafted_only_review_admission,Missing draft capital is Not enough information and is not confirmed UDFA; fake round 8 is blocked.,false,false,false
00-0032975,2016,5,156,BUF,true,drafted_only_review_admission,Missing draft capital is Not enough information and is not confirmed UDFA; fake round 8 is blocked.,false,false,false
00-0032780,2016,5,150,CHI,true,drafted_only_review_admission,Missing draft capital is Not enough information and is not confirmed UDFA; fake round 8 is blocked.,false,false,false
00-0033078,2016,6,182,BAL,true,drafted_only_review_admission,Missing draft capital is Not enough information and is not confirmed UDFA; fake round 8 is blocked.,false,false,false
00-0032806,2016,7,242,WAS,true,drafted_only_review_admission,Missing draft capital is Not enough information and is not confirmed UDFA; fake round 8 is blocked.,false,false,false
00-0032440,2016,6,211,SFO,true,drafted_only_review_admission,Missing draft capital is Not enough information and is not confirmed UDFA; fake round 8 is blocked.,false,false,false
00-0032411,2016,4,134,BAL,true,drafted_only_review_admission,Missing draft capital is Not enough information and is not confirmed UDFA; fake round 8 is blocked.,false,false,false
00-0033118,2016,3,73,MIA,true,drafted_only_review_admission,Missing draft capital is Not enough information and is not confirmed UDFA; fake round 8 is blocked.,false,false,false
00-0032417,2016,5,149,NYG,true,drafted_only_review_admission,Missing draft capital is Not enough information and is not confirmed UDFA; fake round 8 is blocked.,false,false,false
00-0032404,2016,4,119,HOU,true,drafted_only_review_admission,Missing draft capital is Not enough information and is not confirmed UDFA; fake round 8 is blocked.,false,false,false
00-0032782,2016,5,153,PHI,true,drafted_only_review_admission,Missing draft capital is Not enough information and is not confirmed UDFA; fake round 8 is blocked.,false,false,false
00-0032808,2016,7,247,SEA,true,drafted_only_review_admission,Missing draft capital is Not enough information and is not confirmed UDFA; fake round 8 is blocked.,false,false,false
00-0032392,2016,3,81,ATL,true,drafted_only_review_admission,Missing draft capital is Not enough information and is not confirmed UDFA; fake round 8 is blocked.,false,false,false
00-0032900,2016,7,252,CAR,true,drafted_only_review_admission,Missing draft capital is Not enough information and is not confirmed UDFA; fake round 8 is blocked.,false,false,false
00-0032430,2016,6,188,MIN,true,drafted_only_review_admission,Missing draft capital is Not enough information and is not confirmed UDFA; fake round 8 is blocked.,false,false,false
00-0033090,2016,2,35,SDG,true,drafted_only_review_admission,Missing draft capital is Not enough information and is not confirmed UDFA; fake round 8 is blocked.,false,false,false
00-0032429,2016,6,184,NYG,true,drafted_only_review_admission,Missing draft capital is Not enough information and is not confirmed UDFA; fake round 8 is blocked.,false,false,false
00-0032394,2016,3,94,SEA,true,drafted_only_review_admission,Missing draft capital is Not enough information and is not confirmed UDFA; fake round 8 is blocked.,false,false,false
00-0033054,2016,6,217,DAL,true,drafted_only_review_admission,Missing draft capital is Not enough information and is not confirmed UDFA; fake round 8 is blocked.,false,false,false
00-0033080,2016,4,138,CLE,true,drafted_only_review_admission,Missing draft capital is Not enough information and is not confirmed UDFA; fake round 8 is blocked.,false,false,false
00-0033112,2016,6,177,LAR,true,drafted_only_review_admission,Missing draft capital is Not enough information and is not confirmed UDFA; fake round 8 is blocked.,false,false,false
00-0033061,2016,7,231,MIA,true,drafted_only_review_admission,Missing draft capital is Not enough information and is not confirmed UDFA; fake round 8 is blocked.,false,false,false
00-0033110,2016,4,110,LAR,true,drafted_only_review_admission,Missing draft capital is Not enough information and is not confirmed UDFA; fake round 8 is blocked.,false,false,false
00-0032441,2016,6,213,SFO,true,drafted_only_review_admission,Missing draft capital is Not enough information and is not confirmed UDFA; fake round 8 is blocked.,false,false,false
00-0033069,2016,3,85,HOU,true,drafted_only_review_admission,Missing draft capital is Not enough information and is not confirmed UDFA; fake round 8 is blocked.,false,false,false
00-0032959,2016,7,241,NYJ,true,drafted_only_review_admission,Missing draft capital is Not enough information and is not confirmed UDFA; fake round 8 is blocked.,false,false,false
00-0032398,2016,4,107,BAL,true,drafted_only_review_admission,Missing draft capital is Not enough information and is not confirmed UDFA; fake round 8 is blocked.,false,false,false
00-0032795,2016,6,199,CIN,true,drafted_only_review_admission,Missing draft capital is Not enough information and is not confirmed UDFA; fake round 8 is blocked.,false,false,false
00-0032966,2016,1,15,CLE,true,drafted_only_review_admission,Missing draft capital is Not enough information and is not confirmed UDFA; fake round 8 is blocked.,false,false,false
00-0032801,2016,7,230,CHI,true,drafted_only_review_admission,Missing draft capital is Not enough information and is not confirmed UDFA; fake round 8 is blocked.,false,false,false
00-0032365,2016,7,229,PIT,true,drafted_only_review_admission,Missing draft capital is Not enough information and is not confirmed UDFA; fake round 8 is blocked.,false,false,false
00-0032775,2016,4,126,KAN,true,drafted_only_review_admission,Missing draft capital is Not enough information and is not confirmed UDFA; fake round 8 is blocked.,false,false,false
00-0032451,2016,7,238,ATL,true,drafted_only_review_admission,Missing draft capital is Not enough information and is not confirmed UDFA; fake round 8 is blocked.,false,false,false
00-0032447,2016,7,225,NWE,true,drafted_only_review_admission,Missing draft capital is Not enough information and is not confirmed UDFA; fake round 8 is blocked.,false,false,false
00-0032791,2016,6,186,MIA,true,drafted_only_review_admission,Missing draft capital is Not enough information and is not confirmed UDFA; fake round 8 is blocked.,false,false,false
00-0032974,2016,5,154,CLE,true,drafted_only_review_admission,Missing draft capital is Not enough information and is not confirmed UDFA; fake round 8 is blocked.,false,false,false
00-0032760,2016,1,22,WAS,true,drafted_only_review_admission,Missing draft capital is Not enough information and is not confirmed UDFA; fake round 8 is blocked.,false,false,false
00-0032453,2016,7,243,SEA,true,drafted_only_review_admission,Missing draft capital is Not enough information and is not confirmed UDFA; fake round 8 is blocked.,false,false,false
00-0032957,2016,6,192,BUF,true,drafted_only_review_admission,Missing draft capital is Not enough information and is not confirmed UDFA; fake round 8 is blocked.,false,false,false
00-0032951,2016,1,23,MIN,true,drafted_only_review_admission,Missing draft capital is Not enough information and is not confirmed UDFA; fake round 8 is blocked.,false,false,false
00-0033060,2016,3,86,MIA,true,drafted_only_review_admission,Missing draft capital is Not enough information and is not confirmed UDFA; fake round 8 is blocked.,false,false,false
00-0032400,2016,4,112,NWE,true,drafted_only_review_admission,Missing draft capital is Not enough information and is not confirmed UDFA; fake round 8 is blocked.,false,false,false
00-0032765,2016,2,47,NOR,true,drafted_only_review_admission,Missing draft capital is Not enough information and is not confirmed UDFA; fake round 8 is blocked.,false,false,false
00-0033114,2016,6,206,LAR,true,drafted_only_review_admission,Missing draft capital is Not enough information and is not confirmed UDFA; fake round 8 is blocked.,false,false,false
00-0032341,2016,6,180,MIN,true,drafted_only_review_admission,Missing draft capital is Not enough information and is not confirmed UDFA; fake round 8 is blocked.,false,false,false
00-0033111,2016,4,117,LAR,true,drafted_only_review_admission,Missing draft capital is Not enough information and is not confirmed UDFA; fake round 8 is blocked.,false,false,false
00-0032977,2016,5,172,CLE,true,drafted_only_review_admission,Missing draft capital is Not enough information and is not confirmed UDFA; fake round 8 is blocked.,false,false,false
00-0033079,2016,4,114,CLE,true,drafted_only_review_admission,Missing draft capital is Not enough information and is not confirmed UDFA; fake round 8 is blocked.,false,false,false
00-0032385,2016,2,40,NYG,true,drafted_only_review_admission,Missing draft capital is Not enough information and is not confirmed UDFA; fake round 8 is blocked.,false,false,false
00-0032778,2016,5,140,TEN,true,drafted_only_review_admission,Missing draft capital is Not enough information and is not confirmed UDFA; fake round 8 is blocked.,false,false,false
00-0032423,2016,5,163,GNB,true,drafted_only_review_admission,Missing draft capital is Not enough information and is not confirmed UDFA; fake round 8 is blocked.,false,false,false
00-0033009,2016,2,55,CIN,true,drafted_only_review_admission,Missing draft capital is Not enough information and is not confirmed UDFA; fake round 8 is blocked.,false,false,false
00-0033040,2016,5,165,KAN,true,drafted_only_review_admission,Missing draft capital is Not enough information and is not confirmed UDFA; fake round 8 is blocked.,false,false,false
00-0033127,2016,1,21,HOU,true,drafted_only_review_admission,Missing draft capital is Not enough information and is not confirmed UDFA; fake round 8 is blocked.,false,false,false
00-0033585,2017,6,215,DET,true,drafted_only_review_admission,Missing draft capital is Not enough information and is not confirmed UDFA; fake round 8 is blocked.,false,false,false
00-0033936,2017,3,104,SFO,true,drafted_only_review_admission,Missing draft capital is Not enough information and is not confirmed UDFA; fake round 8 is blocked.,false,false,false
00-0033597,2017,7,253,DEN,true,drafted_only_review_admission,Missing draft capital is Not enough information and is not confirmed UDFA; fake round 8 is blocked.,false,false,false
00-0033550,2017,3,87,NYG,true,drafted_only_review_admission,Missing draft capital is Not enough information and is not confirmed UDFA; fake round 8 is blocked.,false,false,false
00-0033899,2017,2,52,CLE,true,drafted_only_review_admission,Missing draft capital is Not enough information and is not confirmed UDFA; fake round 8 is blocked.,false,false,false
00-0033537,2017,1,12,HOU,true,drafted_only_review_admission,Missing draft capital is Not enough information and is not confirmed UDFA; fake round 8 is blocked.,false,false,false
00-0033949,2017,4,135,PIT,true,drafted_only_review_admission,Missing draft capital is Not enough information and is not confirmed UDFA; fake round 8 is blocked.,false,false,false
00-0033869,2017,1,2,CHI,true,drafted_only_review_admission,Missing draft capital is Not enough information and is not confirmed UDFA; fake round 8 is blocked.,false,false,false
00-0033958,2017,5,171,BUF,true,drafted_only_review_admission,Missing draft capital is Not enough information and is not confirmed UDFA; fake round 8 is blocked.,false,false,false
00-0033873,2017,1,10,KAN,true,drafted_only_review_admission,Missing draft capital is Not enough information and is not confirmed UDFA; fake round 8 is blocked.,false,false,false
00-0033293,2017,5,182,GNB,true,drafted_only_review_admission,Missing draft capital is Not enough information and is not confirmed UDFA; fake round 8 is blocked.,false,false,false
00-0033906,2017,3,67,NOR,true,drafted_only_review_admission,Missing draft capital is Not enough information and is not confirmed UDFA; fake round 8 is blocked.,false,false,false
00-0033791,2017,6,207,CIN,true,drafted_only_review_admission,Missing draft capital is Not enough information and is not confirmed UDFA; fake round 8 is blocked.,false,false,false
00-0033567,2017,5,156,ATL,true,drafted_only_review_admission,Missing draft capital is Not enough information and is not confirmed UDFA; fake round 8 is blocked.,false,false,false
00-0033594,2017,7,249,SEA,true,drafted_only_review_admission,Missing draft capital is Not enough information and is not confirmed UDFA; fake round 8 is blocked.,false,false,false
00-0033280,2017,1,8,CAR,true,drafted_only_review_admission,Missing draft capital is Not enough information and is not confirmed UDFA; fake round 8 is blocked.,false,false,false
00-0033925,2017,3,89,HOU,true,drafted_only_review_admission,Missing draft capital is Not enough information and is not confirmed UDFA; fake round 8 is blocked.,false,false,false
00-0033893,2017,2,41,MIN,true,drafted_only_review_admission,Missing draft capital is Not enough information and is not confirmed UDFA; fake round 8 is blocked.,false,false,false
00-0033581,2017,6,203,DEN,true,drafted_only_review_admission,Missing draft capital is Not enough information and is not confirmed UDFA; fake round 8 is blocked.,false,false,false
00-0033304,2017,7,238,GNB,true,drafted_only_review_admission,Missing draft capital is Not enough information and is not confirmed UDFA; fake round 8 is blocked.,false,false,false
00-0033561,2017,4,132,PHI,true,drafted_only_review_admission,Missing draft capital is Not enough information and is not confirmed UDFA; fake round 8 is blocked.,false,false,false
00-0033975,2017,7,242,OAK,true,drafted_only_review_admission,Missing draft capital is Not enough information and is not confirmed UDFA; fake round 8 is blocked.,false,false,false
00-0033295,2017,6,188,NYJ,true,drafted_only_review_admission,Missing draft capital is Not enough information and is not confirmed UDFA; fake round 8 is blocked.,false,false,false
00-0033948,2017,4,134,GNB,true,drafted_only_review_admission,Missing draft capital is Not enough information and is not confirmed UDFA; fake round 8 is blocked.,false,false,false
00-0033553,2017,3,105,PIT,true,drafted_only_review_admission,Missing draft capital is Not enough information and is not confirmed UDFA; fake round 8 is blocked.,false,false,false
00-0033955,2017,5,162,TAM,true,drafted_only_review_admission,Missing draft capital is Not enough information and is not confirmed UDFA; fake round 8 is blocked.,false,false,false
00-0033897,2017,2,48,CIN,true,drafted_only_review_admission,Missing draft capital is Not enough information and is not confirmed UDFA; fake round 8 is blocked.,false,false,false
00-0033286,2017,4,121,SFO,true,drafted_only_review_admission,Missing draft capital is Not enough information and is not confirmed UDFA; fake round 8 is blocked.,false,false,false
00-0033923,2017,3,86,KAN,true,drafted_only_review_admission,Missing draft capital is Not enough information and is not confirmed UDFA; fake round 8 is blocked.,false,false,false
00-0033797,2017,7,241,TEN,true,drafted_only_review_admission,Missing draft capital is Not enough information and is not confirmed UDFA; fake round 8 is blocked.,false,false,false
00-0033856,2017,1,4,JAX,true,drafted_only_review_admission,Missing draft capital is Not enough information and is not confirmed UDFA; fake round 8 is blocked.,false,false,false
00-0033951,2017,4,143,IND,true,drafted_only_review_admission,Missing draft capital is Not enough information and is not confirmed UDFA; fake round 8 is blocked.,false,false,false
00-0033596,2017,7,252,CLE,true,drafted_only_review_admission,Missing draft capital is Not enough information and is not confirmed UDFA; fake round 8 is blocked.,false,false,false
00-0033526,2017,4,114,WAS,true,drafted_only_review_admission,Missing draft capital is Not enough information and is not confirmed UDFA; fake round 8 is blocked.,false,false,false
00-0033789,2017,5,179,ARI,true,drafted_only_review_admission,Missing draft capital is Not enough information and is not confirmed UDFA; fake round 8 is blocked.,false,false,false
00-0033556,2017,4,119,CHI,true,drafted_only_review_admission,Missing draft capital is Not enough information and is not confirmed UDFA; fake round 8 is blocked.,false,false,false
00-0033950,2017,4,140,NYG,true,drafted_only_review_admission,Missing draft capital is Not enough information and is not confirmed UDFA; fake round 8 is blocked.,false,false,false
00-0033896,2017,2,45,CHI,true,drafted_only_review_admission,Missing draft capital is Not enough information and is not confirmed UDFA; fake round 8 is blocked.,false,false,false
00-0033966,2017,6,201,MIN,true,drafted_only_review_admission,Missing draft capital is Not enough information and is not confirmed UDFA; fake round 8 is blocked.,false,false,false
00-0033885,2017,1,29,CLE,true,drafted_only_review_admission,Missing draft capital is Not enough information and is not confirmed UDFA; fake round 8 is blocked.,false,false,false
00-0033576,2017,5,174,ATL,true,drafted_only_review_admission,Missing draft capital is Not enough information and is not confirmed UDFA; fake round 8 is blocked.,false,false,false
00-0033881,2017,1,23,NYG,true,drafted_only_review_admission,Missing draft capital is Not enough information and is not confirmed UDFA; fake round 8 is blocked.,false,false,false
00-0033288,2017,5,146,SFO,true,drafted_only_review_admission,Missing draft capital is Not enough information and is not confirmed UDFA; fake round 8 is blocked.,false,false,false
00-0033895,2017,2,44,LAR,true,drafted_only_review_admission,Missing draft capital is Not enough information and is not confirmed UDFA; fake round 8 is blocked.,false,false,false
00-0033564,2017,5,145,DEN,true,drafted_only_review_admission,Missing draft capital is Not enough information and is not confirmed UDFA; fake round 8 is blocked.,false,false,false
00-0033528,2017,5,154,WAS,true,drafted_only_review_admission,Missing draft capital is Not enough information and is not confirmed UDFA; fake round 8 is blocked.,false,false,false
00-0033858,2017,3,100,TEN,true,drafted_only_review_admission,Missing draft capital is Not enough information and is not confirmed UDFA; fake round 8 is blocked.,false,false,false
00-0033953,2017,5,150,NYJ,true,drafted_only_review_admission,Missing draft capital is Not enough information and is not confirmed UDFA; fake round 8 is blocked.,false,false,false
00-0033798,2017,7,251,CIN,true,drafted_only_review_admission,Missing draft capital is Not enough information and is not confirmed UDFA; fake round 8 is blocked.,false,false,false
00-0033559,2017,4,127,DET,true,drafted_only_review_admission,Missing draft capital is Not enough information and is not confirmed UDFA; fake round 8 is blocked.,false,false,false
00-0033879,2017,1,19,TAM,true,drafted_only_review_admission,Missing draft capital is Not enough information and is not confirmed UDFA; fake round 8 is blocked.,false,false,false
00-0033937,2017,3,106,SEA,true,drafted_only_review_admission,Missing draft capital is Not enough information and is not confirmed UDFA; fake round 8 is blocked.,false,false,false
00-0033916,2017,3,79,NYJ,true,drafted_only_review_admission,Missing draft capital is Not enough information and is not confirmed UDFA; fake round 8 is blocked.,false,false,false
00-0033919,2017,3,82,DEN,true,drafted_only_review_admission,Missing draft capital is Not enough information and is not confirmed UDFA; fake round 8 is blocked.,false,false,false
00-0033840,2017,4,141,NYJ,true,drafted_only_review_admission,Missing draft capital is Not enough information and is not confirmed UDFA; fake round 8 is blocked.,false,false,false
00-0033933,2017,3,98,ARI,true,drafted_only_review_admission,Missing draft capital is Not enough information and is not confirmed UDFA; fake round 8 is blocked.,false,false,false
00-0033921,2017,3,84,TAM,true,drafted_only_review_admission,Missing draft capital is Not enough information and is not confirmed UDFA; fake round 8 is blocked.,false,false,false
00-0033908,2017,3,69,LAR,true,drafted_only_review_admission,Missing draft capital is Not enough information and is not confirmed UDFA; fake round 8 is blocked.,false,false,false
00-0033871,2017,1,5,TEN,true,drafted_only_review_admission,Missing draft capital is Not enough information and is not confirmed UDFA; fake round 8 is blocked.,false,false,false
00-0033282,2017,2,40,CAR,true,drafted_only_review_admission,Missing draft capital is Not enough information and is not confirmed UDFA; fake round 8 is blocked.,false,false,false
00-0033589,2017,7,226,SEA,true,drafted_only_review_admission,Missing draft capital is Not enough information and is not confirmed UDFA; fake round 8 is blocked.,false,false,false
00-0033291,2017,5,175,GNB,true,drafted_only_review_admission,Missing draft capital is Not enough information and is not confirmed UDFA; fake round 8 is blocked.,false,false,false
00-0033839,2017,4,110,JAX,true,drafted_only_review_admission,Missing draft capital is Not enough information and is not confirmed UDFA; fake round 8 is blocked.,false,false,false
00-0033471,2017,7,237,MIA,true,drafted_only_review_admission,Missing draft capital is Not enough information and is not confirmed UDFA; fake round 8 is blocked.,false,false,false
00-0033466,2017,5,172,DEN,true,drafted_only_review_admission,Missing draft capital is Not enough information and is not confirmed UDFA; fake round 8 is blocked.,false,false,false
00-0033464,2017,4,139,KAN,true,drafted_only_review_admission,Missing draft capital is Not enough information and is not confirmed UDFA; fake round 8 is blocked.,false,false,false
00-0033460,2017,1,9,CIN,true,drafted_only_review_admission,Missing draft capital is Not enough information and is not confirmed UDFA; fake round 8 is blocked.,false,false,false
00-0033859,2017,4,128,CIN,true,drafted_only_review_admission,Missing draft capital is Not enough information and is not confirmed UDFA; fake round 8 is blocked.,false,false,false
00-0033943,2017,4,117,LAR,true,drafted_only_review_admission,Missing draft capital is Not enough information and is not confirmed UDFA; fake round 8 is blocked.,false,false,false
00-0033857,2017,2,62,PIT,true,drafted_only_review_admission,Missing draft capital is Not enough information and is not confirmed UDFA; fake round 8 is blocked.,false,false,false
00-0033932,2017,3,96,DET,true,drafted_only_review_admission,Missing draft capital is Not enough information and is not confirmed UDFA; fake round 8 is blocked.,false,false,false
00-0033555,2017,4,118,PHI,true,drafted_only_review_admission,Missing draft capital is Not enough information and is not confirmed UDFA; fake round 8 is blocked.,false,false,false
00-0033305,2017,7,247,GNB,true,drafted_only_review_admission,Missing draft capital is Not enough information and is not confirmed UDFA; fake round 8 is blocked.,false,false,false
00-0033536,2017,1,7,LAC,true,drafted_only_review_admission,Missing draft capital is Not enough information and is not confirmed UDFA; fake round 8 is blocked.,false,false,false
00-0033591,2017,7,239,DAL,true,drafted_only_review_admission,Missing draft capital is Not enough information and is not confirmed UDFA; fake round 8 is blocked.,false,false,false
00-0033530,2017,6,209,WAS,true,drafted_only_review_admission,Missing draft capital is Not enough information and is not confirmed UDFA; fake round 8 is blocked.,false,false,false
00-0033957,2017,5,170,MIN,true,drafted_only_review_admission,Missing draft capital is Not enough information and is not confirmed UDFA; fake round 8 is blocked.,false,false,false
00-0033562,2017,4,133,DAL,true,drafted_only_review_admission,Missing draft capital is Not enough information and is not confirmed UDFA; fake round 8 is blocked.,false,false,false
00-0033573,2017,5,166,PHI,true,drafted_only_review_admission,Missing draft capital is Not enough information and is not confirmed UDFA; fake round 8 is blocked.,false,false,false
00-0033968,2017,7,219,MIN,true,drafted_only_review_admission,Missing draft capital is Not enough information and is not confirmed UDFA; fake round 8 is blocked.,false,false,false
00-0033911,2017,3,72,TEN,true,drafted_only_review_admission,Missing draft capital is Not enough information and is not confirmed UDFA; fake round 8 is blocked.,false,false,false
00-0033292,2017,5,177,SFO,true,drafted_only_review_admission,Missing draft capital is Not enough information and is not confirmed UDFA; fake round 8 is blocked.,false,false,false
00-0033891,2017,2,37,BUF,true,drafted_only_review_admission,Missing draft capital is Not enough information and is not confirmed UDFA; fake round 8 is blocked.,false,false,false
00-0034732,2018,7,220,SEA,true,drafted_only_review_admission,Missing draft capital is Not enough information and is not confirmed UDFA; fake round 8 is blocked.,false,false,false
00-0034855,2018,1,1,CLE,true,drafted_only_review_admission,Missing draft capital is Not enough information and is not confirmed UDFA; fake round 8 is blocked.,false,false,false
00-0034423,2018,7,219,NWE,true,drafted_only_review_admission,Missing draft capital is Not enough information and is not confirmed UDFA; fake round 8 is blocked.,false,false,false
00-0034857,2018,1,7,BUF,true,drafted_only_review_admission,Missing draft capital is Not enough information and is not confirmed UDFA; fake round 8 is blocked.,false,false,false
00-0034343,2018,1,10,ARI,true,drafted_only_review_admission,Missing draft capital is Not enough information and is not confirmed UDFA; fake round 8 is blocked.,false,false,false
00-0034369,2018,4,108,NYG,true,drafted_only_review_admission,Missing draft capital is Not enough information and is not confirmed UDFA; fake round 8 is blocked.,false,false,false
00-0034796,2018,1,32,BAL,true,drafted_only_review_admission,Missing draft capital is Not enough information and is not confirmed UDFA; fake round 8 is blocked.,false,false,false
00-0034438,2018,7,249,CIN,true,drafted_only_review_admission,Missing draft capital is Not enough information and is not confirmed UDFA; fake round 8 is blocked.,false,false,false
00-0034412,2018,6,199,TEN,true,drafted_only_review_admission,Missing draft capital is Not enough information and is not confirmed UDFA; fake round 8 is blocked.,false,false,false
00-0034771,2018,3,76,PIT,true,drafted_only_review_admission,Missing draft capital is Not enough information and is not confirmed UDFA; fake round 8 is blocked.,false,false,false
00-0034401,2018,5,171,DAL,true,drafted_only_review_admission,Missing draft capital is Not enough information and is not confirmed UDFA; fake round 8 is blocked.,false,false,false
00-0034869,2018,1,3,NYJ,true,drafted_only_review_admission,Missing draft capital is Not enough information and is not confirmed UDFA; fake round 8 is blocked.,false,false,false
00-0034416,2018,6,203,JAX,true,drafted_only_review_admission,Missing draft capital is Not enough information and is not confirmed UDFA; fake round 8 is blocked.,false,false,false
00-0034432,2018,7,236,DAL,true,drafted_only_review_admission,Missing draft capital is Not enough information and is not confirmed UDFA; fake round 8 is blocked.,false,false,false
00-0034414,2018,6,201,NOR,true,drafted_only_review_admission,Missing draft capital is Not enough information and is not confirmed UDFA; fake round 8 is blocked.,false,false,false
00-0034681,2018,4,134,ARI,true,drafted_only_review_admission,Missing draft capital is Not enough information and is not confirmed UDFA; fake round 8 is blocked.,false,false,false
00-0034427,2018,7,226,DEN,true,drafted_only_review_admission,Missing draft capital is Not enough information and is not confirmed UDFA; fake round 8 is blocked.,false,false,false
00-0034358,2018,2,59,WAS,true,drafted_only_review_admission,Missing draft capital is Not enough information and is not confirmed UDFA; fake round 8 is blocked.,false,false,false
00-0034378,2018,4,126,ATL,true,drafted_only_review_admission,Missing draft capital is Not enough information and is not confirmed UDFA; fake round 8 is blocked.,false,false,false
00-0034808,2018,6,176,LAR,true,drafted_only_review_admission,Missing draft capital is Not enough information and is not confirmed UDFA; fake round 8 is blocked.,false,false,false
00-0034400,2018,5,169,IND,true,drafted_only_review_admission,Missing draft capital is Not enough information and is not confirmed UDFA; fake round 8 is blocked.,false,false,false
00-0034440,2018,7,251,LAC,true,drafted_only_review_admission,Missing draft capital is Not enough information and is not confirmed UDFA; fake round 8 is blocked.,false,false,false
00-0034799,2018,4,131,MIA,true,drafted_only_review_admission,Missing draft capital is Not enough information and is not confirmed UDFA; fake round 8 is blocked.,false,false,false
00-0034349,2018,2,43,DET,true,drafted_only_review_admission,Missing draft capital is Not enough information and is not confirmed UDFA; fake round 8 is blocked.,false,false,false
00-0034679,2018,4,112,CIN,true,drafted_only_review_admission,Missing draft capital is Not enough information and is not confirmed UDFA; fake round 8 is blocked.,false,false,false
00-0034433,2018,7,237,DET,true,drafted_only_review_admission,Missing draft capital is Not enough information and is not confirmed UDFA; fake round 8 is blocked.,false,false,false
00-0034791,2018,2,35,CLE,true,drafted_only_review_admission,Missing draft capital is Not enough information and is not confirmed UDFA; fake round 8 is blocked.,false,false,false
00-0034367,2018,4,104,IND,true,drafted_only_review_admission,Missing draft capital is Not enough information and is not confirmed UDFA; fake round 8 is blocked.,false,false,false
00-0034750,2018,1,27,SEA,true,drafted_only_review_admission,Missing draft capital is Not enough information and is not confirmed UDFA; fake round 8 is blocked.,false,false,false
00-0034816,2018,2,38,TAM,true,drafted_only_review_admission,Missing draft capital is Not enough information and is not confirmed UDFA; fake round 8 is blocked.,false,false,false
00-0034838,2018,3,71,DEN,true,drafted_only_review_admission,Missing draft capital is Not enough information and is not confirmed UDFA; fake round 8 is blocked.,false,false,false
00-0034844,2018,1,2,NYG,true,drafted_only_review_admission,Missing draft capital is Not enough information and is not confirmed UDFA; fake round 8 is blocked.,false,false,false
00-0034845,2018,1,31,NWE,true,drafted_only_review_admission,Missing draft capital is Not enough information and is not confirmed UDFA; fake round 8 is blocked.,false,false,false
00-0034164,2018,6,204,NYJ,true,drafted_only_review_admission,Missing draft capital is Not enough information and is not confirmed UDFA; fake round 8 is blocked.,false,false,false
00-0034766,2018,4,107,NYJ,true,drafted_only_review_admission,Missing draft capital is Not enough information and is not confirmed UDFA; fake round 8 is blocked.,false,false,false
00-0034351,2018,2,49,PHI,true,drafted_only_review_admission,Missing draft capital is Not enough information and is not confirmed UDFA; fake round 8 is blocked.,false,false,false
00-0034383,2018,4,137,DAL,true,drafted_only_review_admission,Missing draft capital is Not enough information and is not confirmed UDFA; fake round 8 is blocked.,false,false,false
00-0034798,2018,4,123,MIA,true,drafted_only_review_admission,Missing draft capital is Not enough information and is not confirmed UDFA; fake round 8 is blocked.,false,false,false
00-0034830,2018,1,25,BAL,true,drafted_only_review_admission,Missing draft capital is Not enough information and is not confirmed UDFA; fake round 8 is blocked.,false,false,false
00-0034365,2018,4,101,CAR,true,drafted_only_review_admission,Missing draft capital is Not enough information and is not confirmed UDFA; fake round 8 is blocked.,false,false,false
00-0034331,2018,5,165,PIT,true,drafted_only_review_admission,Missing draft capital is Not enough information and is not confirmed UDFA; fake round 8 is blocked.,false,false,false
00-0034364,2018,3,98,HOU,true,drafted_only_review_admission,Missing draft capital is Not enough information and is not confirmed UDFA; fake round 8 is blocked.,false,false,false
00-0034420,2018,6,211,HOU,true,drafted_only_review_admission,Missing draft capital is Not enough information and is not confirmed UDFA; fake round 8 is blocked.,false,false,false
00-0034753,2018,3,86,BAL,true,drafted_only_review_admission,Missing draft capital is Not enough information and is not confirmed UDFA; fake round 8 is blocked.,false,false,false
00-0034829,2018,2,42,MIA,true,drafted_only_review_admission,Missing draft capital is Not enough information and is not confirmed UDFA; fake round 8 is blocked.,false,false,false
00-0034439,2018,7,250,NWE,true,drafted_only_review_admission,Missing draft capital is Not enough information and is not confirmed UDFA; fake round 8 is blocked.,false,false,false
00-0034393,2018,5,156,DEN,true,drafted_only_review_admission,Missing draft capital is Not enough information and is not confirmed UDFA; fake round 8 is blocked.,false,false,false
00-0034270,2018,5,157,MIN,true,drafted_only_review_admission,Missing draft capital is Not enough information and is not confirmed UDFA; fake round 8 is blocked.,false,false,false
00-0034159,2018,4,120,SEA,true,drafted_only_review_admission,Missing draft capital is Not enough information and is not confirmed UDFA; fake round 8 is blocked.,false,false,false
00-0034353,2018,2,51,CHI,true,drafted_only_review_admission,Missing draft capital is Not enough information and is not confirmed UDFA; fake round 8 is blocked.,false,false,false
00-0034772,2018,4,105,CLE,true,drafted_only_review_admission,Missing draft capital is Not enough information and is not confirmed UDFA; fake round 8 is blocked.,false,false,false
00-0034686,2018,7,253,CIN,true,drafted_only_review_admission,Missing draft capital is Not enough information and is not confirmed UDFA; fake round 8 is blocked.,false,false,false
00-0034442,2018,7,255,BUF,true,drafted_only_review_admission,Missing draft capital is Not enough information and is not confirmed UDFA; fake round 8 is blocked.,false,false,false
00-0034419,2018,6,210,NWE,true,drafted_only_review_admission,Missing draft capital is Not enough information and is not confirmed UDFA; fake round 8 is blocked.,false,false,false
00-0034837,2018,1,26,ATL,true,drafted_only_review_admission,Missing draft capital is Not enough information and is not confirmed UDFA; fake round 8 is blocked.,false,false,false
00-0034418,2018,6,208,DAL,true,drafted_only_review_admission,Missing draft capital is Not enough information and is not confirmed UDFA; fake round 8 is blocked.,false,false,false
00-0034775,2018,2,47,ARI,true,drafted_only_review_admission,Missing draft capital is Not enough information and is not confirmed UDFA; fake round 8 is blocked.,false,false,false
00-0034348,2018,2,40,DEN,true,drafted_only_review_admission,Missing draft capital is Not enough information and is not confirmed UDFA; fake round 8 is blocked.,false,false,false
00-0034827,2018,1,24,CAR,true,drafted_only_review_admission,Missing draft capital is Not enough information and is not confirmed UDFA; fake round 8 is blocked.,false,false,false
00-0034777,2018,2,61,JAX,true,drafted_only_review_admission,Missing draft capital is Not enough information and is not confirmed UDFA; fake round 8 is blocked.,false,false,false
00-0034370,2018,4,113,DEN,true,drafted_only_review_admission,Missing draft capital is Not enough information and is not confirmed UDFA; fake round 8 is blocked.,false,false,false
00-0034273,2018,6,175,CLE,true,drafted_only_review_admission,Missing draft capital is Not enough information and is not confirmed UDFA; fake round 8 is blocked.,false,false,false
00-0034860,2018,2,44,SFO,true,drafted_only_review_admission,Missing draft capital is Not enough information and is not confirmed UDFA; fake round 8 is blocked.,false,false,false
00-0034395,2018,5,159,IND,true,drafted_only_review_admission,Missing draft capital is Not enough information and is not confirmed UDFA; fake round 8 is blocked.,false,false,false
00-0034406,2018,6,185,IND,true,drafted_only_review_admission,Missing draft capital is Not enough information and is not confirmed UDFA; fake round 8 is blocked.,false,false,false
00-0034409,2018,6,191,LAC,true,drafted_only_review_admission,Missing draft capital is Not enough information and is not confirmed UDFA; fake round 8 is blocked.,false,false,false
00-0034279,2018,6,207,GNB,true,drafted_only_review_admission,Missing draft capital is Not enough information and is not confirmed UDFA; fake round 8 is blocked.,false,false,false
00-0034268,2018,4,133,GNB,true,drafted_only_review_admission,Missing draft capital is Not enough information and is not confirmed UDFA; fake round 8 is blocked.,false,false,false
00-0034267,2018,4,132,BAL,true,drafted_only_review_admission,Missing draft capital is Not enough information and is not confirmed UDFA; fake round 8 is blocked.,false,false,false
00-0034676,2018,2,60,PIT,true,drafted_only_review_admission,Missing draft capital is Not enough information and is not confirmed UDFA; fake round 8 is blocked.,false,false,false
00-0034426,2018,7,224,CHI,true,drafted_only_review_admission,Missing draft capital is Not enough information and is not confirmed UDFA; fake round 8 is blocked.,false,false,false
00-0034271,2018,5,162,BAL,true,drafted_only_review_admission,Missing draft capital is Not enough information and is not confirmed UDFA; fake round 8 is blocked.,false,false,false
00-0034386,2018,5,144,TAM,true,drafted_only_review_admission,Missing draft capital is Not enough information and is not confirmed UDFA; fake round 8 is blocked.,false,false,false
00-0034366,2018,4,103,HOU,true,drafted_only_review_admission,Missing draft capital is Not enough information and is not confirmed UDFA; fake round 8 is blocked.,false,false,false
00-0034747,2018,7,228,OAK,true,drafted_only_review_admission,Missing draft capital is Not enough information and is not confirmed UDFA; fake round 8 is blocked.,false,false,false
00-0034272,2018,5,174,GNB,true,drafted_only_review_admission,Missing draft capital is Not enough information and is not confirmed UDFA; fake round 8 is blocked.,false,false,false
00-0034764,2018,3,81,DAL,true,drafted_only_review_admission,Missing draft capital is Not enough information and is not confirmed UDFA; fake round 8 is blocked.,false,false,false
00-0034407,2018,6,187,BUF,true,drafted_only_review_admission,Missing draft capital is Not enough information and is not confirmed UDFA; fake round 8 is blocked.,false,false,false
00-0034286,2018,7,240,SFO,true,drafted_only_review_admission,Missing draft capital is Not enough information and is not confirmed UDFA; fake round 8 is blocked.,false,false,false
00-0034411,2018,6,194,ATL,true,drafted_only_review_admission,Missing draft capital is Not enough information and is not confirmed UDFA; fake round 8 is blocked.,false,false,false
00-0034765,2018,3,91,NOR,true,drafted_only_review_admission,Missing draft capital is Not enough information and is not confirmed UDFA; fake round 8 is blocked.,false,false,false
00-0034278,2018,6,196,KAN,true,drafted_only_review_admission,Missing draft capital is Not enough information and is not confirmed UDFA; fake round 8 is blocked.,false,false,false
00-0034339,2018,7,256,WAS,true,drafted_only_review_admission,Missing draft capital is Not enough information and is not confirmed UDFA; fake round 8 is blocked.,false,false,false
00-0035283,2019,5,167,PHI,true,drafted_only_review_admission,Missing draft capital is Not enough information and is not confirmed UDFA; fake round 8 is blocked.,false,false,false
00-0035710,2019,1,6,NYG,true,drafted_only_review_admission,Missing draft capital is Not enough information and is not confirmed UDFA; fake round 8 is blocked.,false,false,false
00-0035704,2019,2,42,DEN,true,drafted_only_review_admission,Missing draft capital is Not enough information and is not confirmed UDFA; fake round 8 is blocked.,false,false,false
00-0035232,2019,1,15,WAS,true,drafted_only_review_admission,Missing draft capital is Not enough information and is not confirmed UDFA; fake round 8 is blocked.,false,false,false
00-0035282,2019,5,166,LAC,true,drafted_only_review_admission,Missing draft capital is Not enough information and is not confirmed UDFA; fake round 8 is blocked.,false,false,false
00-0035289,2019,6,178,JAX,true,drafted_only_review_admission,Missing draft capital is Not enough information and is not confirmed UDFA; fake round 8 is blocked.,false,false,false
00-0035264,2019,4,133,NWE,true,drafted_only_review_admission,Missing draft capital is Not enough information and is not confirmed UDFA; fake round 8 is blocked.,false,false,false
00-0035228,2019,1,1,ARI,true,drafted_only_review_admission,Missing draft capital is Not enough information and is not confirmed UDFA; fake round 8 is blocked.,false,false,false
00-0035652,2019,4,104,CIN,true,drafted_only_review_admission,Missing draft capital is Not enough information and is not confirmed UDFA; fake round 8 is blocked.,false,false,false
00-0035146,2019,6,197,BAL,true,drafted_only_review_admission,Missing draft capital is Not enough information and is not confirmed UDFA; fake round 8 is blocked.,false,false,false
00-0035251,2019,3,100,CAR,true,drafted_only_review_admission,Missing draft capital is Not enough information and is not confirmed UDFA; fake round 8 is blocked.,false,false,false
00-0034972,2019,3,102,MIN,true,drafted_only_review_admission,Missing draft capital is Not enough information and is not confirmed UDFA; fake round 8 is blocked.,false,false,false
00-0035217,2019,4,122,PIT,true,drafted_only_review_admission,Missing draft capital is Not enough information and is not confirmed UDFA; fake round 8 is blocked.,false,false,false
00-0035256,2019,4,112,WAS,true,drafted_only_review_admission,Missing draft capital is Not enough information and is not confirmed UDFA; fake round 8 is blocked.,false,false,false
00-0035310,2019,7,233,MIA,true,drafted_only_review_admission,Missing draft capital is Not enough information and is not confirmed UDFA; fake round 8 is blocked.,false,false,false
00-0035304,2019,7,220,HOU,true,drafted_only_review_admission,Missing draft capital is Not enough information and is not confirmed UDFA; fake round 8 is blocked.,false,false,false
00-0035657,2019,3,87,NWE,true,drafted_only_review_admission,Missing draft capital is Not enough information and is not confirmed UDFA; fake round 8 is blocked.,false,false,false
00-0035664,2019,3,70,LAR,true,drafted_only_review_admission,Missing draft capital is Not enough information and is not confirmed UDFA; fake round 8 is blocked.,false,false,false
00-0035148,2019,6,214,KAN,true,drafted_only_review_admission,Missing draft capital is Not enough information and is not confirmed UDFA; fake round 8 is blocked.,false,false,false
00-0035685,2019,3,73,CHI,true,drafted_only_review_admission,Missing draft capital is Not enough information and is not confirmed UDFA; fake round 8 is blocked.,false,false,false
00-0035250,2019,3,74,BUF,true,drafted_only_review_admission,Missing draft capital is Not enough information and is not confirmed UDFA; fake round 8 is blocked.,false,false,false
00-0034995,2019,6,194,GNB,true,drafted_only_review_admission,Missing draft capital is Not enough information and is not confirmed UDFA; fake round 8 is blocked.,false,false,false
00-0035275,2019,5,154,CAR,true,drafted_only_review_admission,Missing draft capital is Not enough information and is not confirmed UDFA; fake round 8 is blocked.,false,false,false
00-0035700,2019,1,24,OAK,true,drafted_only_review_admission,Missing draft capital is Not enough information and is not confirmed UDFA; fake round 8 is blocked.,false,false,false
00-0034975,2019,4,113,BAL,true,drafted_only_review_admission,Missing draft capital is Not enough information and is not confirmed UDFA; fake round 8 is blocked.,false,false,false
00-0035596,2019,7,222,CHI,true,drafted_only_review_admission,Missing draft capital is Not enough information and is not confirmed UDFA; fake round 8 is blocked.,false,false,false
00-0035303,2019,7,218,DAL,true,drafted_only_review_admission,Missing draft capital is Not enough information and is not confirmed UDFA; fake round 8 is blocked.,false,false,false
00-0035243,2019,2,53,PHI,true,drafted_only_review_admission,Missing draft capital is Not enough information and is not confirmed UDFA; fake round 8 is blocked.,false,false,false
00-0035311,2019,7,234,MIA,true,drafted_only_review_admission,Missing draft capital is Not enough information and is not confirmed UDFA; fake round 8 is blocked.,false,false,false
00-0035273,2019,5,152,ATL,true,drafted_only_review_admission,Missing draft capital is Not enough information and is not confirmed UDFA; fake round 8 is blocked.,false,false,false
00-0035299,2019,6,211,CIN,true,drafted_only_review_admission,Missing draft capital is Not enough information and is not confirmed UDFA; fake round 8 is blocked.,false,false,false
00-0035268,2019,5,140,JAX,true,drafted_only_review_admission,Missing draft capital is Not enough information and is not confirmed UDFA; fake round 8 is blocked.,false,false,false
00-0035261,2019,4,128,DAL,true,drafted_only_review_admission,Missing draft capital is Not enough information and is not confirmed UDFA; fake round 8 is blocked.,false,false,false
00-0035594,2019,6,204,SEA,true,drafted_only_review_admission,Missing draft capital is Not enough information and is not confirmed UDFA; fake round 8 is blocked.,false,false,false
00-0035291,2019,6,182,CIN,true,drafted_only_review_admission,Missing draft capital is Not enough information and is not confirmed UDFA; fake round 8 is blocked.,false,false,false
00-0035537,2019,6,186,DET,true,drafted_only_review_admission,Missing draft capital is Not enough information and is not confirmed UDFA; fake round 8 is blocked.,false,false,false
00-0035309,2019,7,231,NOR,true,drafted_only_review_admission,Missing draft capital is Not enough information and is not confirmed UDFA; fake round 8 is blocked.,false,false,false
00-0035320,2019,7,254,ARI,true,drafted_only_review_admission,Missing draft capital is Not enough information and is not confirmed UDFA; fake round 8 is blocked.,false,false,false
00-0035689,2019,3,96,BUF,true,drafted_only_review_admission,Missing draft capital is Not enough information and is not confirmed UDFA; fake round 8 is blocked.,false,false,false
00-0035631,2019,2,52,CIN,true,drafted_only_review_admission,Missing draft capital is Not enough information and is not confirmed UDFA; fake round 8 is blocked.,false,false,false
00-0034981,2019,4,137,OAK,true,drafted_only_review_admission,Missing draft capital is Not enough information and is not confirmed UDFA; fake round 8 is blocked.,false,false,false
00-0034970,2019,2,50,MIN,true,drafted_only_review_admission,Missing draft capital is Not enough information and is not confirmed UDFA; fake round 8 is blocked.,false,false,false
00-0035539,2019,7,224,DET,true,drafted_only_review_admission,Missing draft capital is Not enough information and is not confirmed UDFA; fake round 8 is blocked.,false,false,false
00-0035671,2019,3,75,GNB,true,drafted_only_review_admission,Missing draft capital is Not enough information and is not confirmed UDFA; fake round 8 is blocked.,false,false,false
00-0035249,2019,3,69,JAX,true,drafted_only_review_admission,Missing draft capital is Not enough information and is not confirmed UDFA; fake round 8 is blocked.,false,false,false
00-0034988,2019,6,176,SFO,true,drafted_only_review_admission,Missing draft capital is Not enough information and is not confirmed UDFA; fake round 8 is blocked.,false,false,false
00-0035660,2019,3,86,HOU,true,drafted_only_review_admission,Missing draft capital is Not enough information and is not confirmed UDFA; fake round 8 is blocked.,false,false,false
00-0035644,2019,1,20,DEN,true,drafted_only_review_admission,Missing draft capital is Not enough information and is not confirmed UDFA; fake round 8 is blocked.,false,false,false
00-0035229,2019,1,8,DET,true,drafted_only_review_admission,Missing draft capital is Not enough information and is not confirmed UDFA; fake round 8 is blocked.,false,false,false
00-0035308,2019,7,228,BUF,true,drafted_only_review_admission,Missing draft capital is Not enough information and is not confirmed UDFA; fake round 8 is blocked.,false,false,false
00-0035259,2019,4,121,NYJ,true,drafted_only_review_admission,Missing draft capital is Not enough information and is not confirmed UDFA; fake round 8 is blocked.,false,false,false
00-0035222,2019,5,141,PIT,true,drafted_only_review_admission,Missing draft capital is Not enough information and is not confirmed UDFA; fake round 8 is blocked.,false,false,false
00-0035676,2019,2,51,TEN,true,drafted_only_review_admission,Missing draft capital is Not enough information and is not confirmed UDFA; fake round 8 is blocked.,false,false,false
00-0035527,2019,2,62,ARI,true,drafted_only_review_admission,Missing draft capital is Not enough information and is not confirmed UDFA; fake round 8 is blocked.,false,false,false
00-0035640,2019,2,64,SEA,true,drafted_only_review_admission,Missing draft capital is Not enough information and is not confirmed UDFA; fake round 8 is blocked.,false,false,false
00-0035535,2019,5,171,NYG,true,drafted_only_review_admission,Missing draft capital is Not enough information and is not confirmed UDFA; fake round 8 is blocked.,false,false,false
00-0035719,2019,2,36,SFO,true,drafted_only_review_admission,Missing draft capital is Not enough information and is not confirmed UDFA; fake round 8 is blocked.,false,false,false
00-0035002,2019,7,239,MIN,true,drafted_only_review_admission,Missing draft capital is Not enough information and is not confirmed UDFA; fake round 8 is blocked.,false,false,false
00-0035216,2019,3,66,PIT,true,drafted_only_review_admission,Missing draft capital is Not enough information and is not confirmed UDFA; fake round 8 is blocked.,false,false,false
00-0035589,2019,4,120,SEA,true,drafted_only_review_admission,Missing draft capital is Not enough information and is not confirmed UDFA; fake round 8 is blocked.,false,false,false
00-0035529,2019,4,103,ARI,true,drafted_only_review_admission,Missing draft capital is Not enough information and is not confirmed UDFA; fake round 8 is blocked.,false,false,false
00-0034983,2019,5,149,OAK,true,drafted_only_review_admission,Missing draft capital is Not enough information and is not confirmed UDFA; fake round 8 is blocked.,false,false,false
00-0035246,2019,2,57,PHI,true,drafted_only_review_admission,Missing draft capital is Not enough information and is not confirmed UDFA; fake round 8 is blocked.,false,false,false
00-0034971,2019,3,67,SFO,true,drafted_only_review_admission,Missing draft capital is Not enough information and is not confirmed UDFA; fake round 8 is blocked.,false,false,false
00-0035597,2019,7,236,SEA,true,drafted_only_review_admission,Missing draft capital is Not enough information and is not confirmed UDFA; fake round 8 is blocked.,false,false,false
00-0035593,2019,6,187,DEN,true,drafted_only_review_admission,Missing draft capital is Not enough information and is not confirmed UDFA; fake round 8 is blocked.,false,false,false
00-0035287,2019,6,174,ARI,true,drafted_only_review_admission,Missing draft capital is Not enough information and is not confirmed UDFA; fake round 8 is blocked.,false,false,false
00-0035297,2019,6,206,WAS,true,drafted_only_review_admission,Missing draft capital is Not enough information and is not confirmed UDFA; fake round 8 is blocked.,false,false,false
00-0035296,2019,6,203,ATL,true,drafted_only_review_admission,Missing draft capital is Not enough information and is not confirmed UDFA; fake round 8 is blocked.,false,false,false
00-0035662,2019,1,25,BAL,true,drafted_only_review_admission,Missing draft capital is Not enough information and is not confirmed UDFA; fake round 8 is blocked.,false,false,false
00-0035140,2019,2,56,KAN,true,drafted_only_review_admission,Missing draft capital is Not enough information and is not confirmed UDFA; fake round 8 is blocked.,false,false,false
00-0035703,2019,3,93,BAL,true,drafted_only_review_admission,Missing draft capital is Not enough information and is not confirmed UDFA; fake round 8 is blocked.,false,false,false
00-0035624,2019,1,32,NWE,true,drafted_only_review_admission,Missing draft capital is Not enough information and is not confirmed UDFA; fake round 8 is blocked.,false,false,false
00-0035006,2019,7,247,MIN,true,drafted_only_review_admission,Missing draft capital is Not enough information and is not confirmed UDFA; fake round 8 is blocked.,false,false,false
00-0035639,2019,2,59,IND,true,drafted_only_review_admission,Missing draft capital is Not enough information and is not confirmed UDFA; fake round 8 is blocked.,false,false,false
00-0035590,2019,4,126,CHI,true,drafted_only_review_admission,Missing draft capital is Not enough information and is not confirmed UDFA; fake round 8 is blocked.,false,false,false
00-0035298,2019,6,208,TAM,true,drafted_only_review_admission,Missing draft capital is Not enough information and is not confirmed UDFA; fake round 8 is blocked.,false,false,false
00-0035313,2019,7,237,CAR,true,drafted_only_review_admission,Missing draft capital is Not enough information and is not confirmed UDFA; fake round 8 is blocked.,false,false,false
00-0035659,2019,3,76,WAS,true,drafted_only_review_admission,Missing draft capital is Not enough information and is not confirmed UDFA; fake round 8 is blocked.,false,false,false
00-0035592,2019,6,184,DET,true,drafted_only_review_admission,Missing draft capital is Not enough information and is not confirmed UDFA; fake round 8 is blocked.,false,false,false
00-0036384,2020,7,231,DAL,true,drafted_only_review_admission,Missing draft capital is Not enough information and is not confirmed UDFA; fake round 8 is blocked.,false,false,false
Not enough information,2020,7,224,TEN,true,drafted_only_review_admission,Missing draft capital is Not enough information and is not confirmed UDFA; fake round 8 is blocked.,false,false,false
00-0036226,2020,4,122,IND,true,drafted_only_review_admission,Missing draft capital is Not enough information and is not confirmed UDFA; fake round 8 is blocked.,false,false,false
00-0036197,2020,5,167,BUF,true,drafted_only_review_admission,Missing draft capital is Not enough information and is not confirmed UDFA; fake round 8 is blocked.,false,false,false
00-0036312,2020,6,189,JAX,true,drafted_only_review_admission,Missing draft capital is Not enough information and is not confirmed UDFA; fake round 8 is blocked.,false,false,false
00-0036389,2020,2,53,PHI,true,drafted_only_review_admission,Missing draft capital is Not enough information and is not confirmed UDFA; fake round 8 is blocked.,false,false,false
00-0036301,2020,4,125,NYJ,true,drafted_only_review_admission,Missing draft capital is Not enough information and is not confirmed UDFA; fake round 8 is blocked.,false,false,false
00-0036442,2020,1,1,CIN,true,drafted_only_review_admission,Missing draft capital is Not enough information and is not confirmed UDFA; fake round 8 is blocked.,false,false,false
00-0036264,2020,1,26,GNB,true,drafted_only_review_admission,Missing draft capital is Not enough information and is not confirmed UDFA; fake round 8 is blocked.,false,false,false
00-0036355,2020,1,6,LAC,true,drafted_only_review_admission,Missing draft capital is Not enough information and is not confirmed UDFA; fake round 8 is blocked.,false,false,false
00-0036279,2020,7,244,MIN,true,drafted_only_review_admission,Missing draft capital is Not enough information and is not confirmed UDFA; fake round 8 is blocked.,false,false,false
00-0036433,2020,7,240,NOR,true,drafted_only_review_admission,Missing draft capital is Not enough information and is not confirmed UDFA; fake round 8 is blocked.,false,false,false
00-0036212,2020,1,5,MIA,true,drafted_only_review_admission,Missing draft capital is Not enough information and is not confirmed UDFA; fake round 8 is blocked.,false,false,false
00-0036265,2020,2,62,GNB,true,drafted_only_review_admission,Missing draft capital is Not enough information and is not confirmed UDFA; fake round 8 is blocked.,false,false,false
00-0036336,2020,4,124,PIT,true,drafted_only_review_admission,Missing draft capital is Not enough information and is not confirmed UDFA; fake round 8 is blocked.,false,false,false
00-0036328,2020,3,66,WAS,true,drafted_only_review_admission,Missing draft capital is Not enough information and is not confirmed UDFA; fake round 8 is blocked.,false,false,false
00-0036414,2020,2,52,LAR,true,drafted_only_review_admission,Missing draft capital is Not enough information and is not confirmed UDFA; fake round 8 is blocked.,false,false,false
00-0036360,2020,1,32,KAN,true,drafted_only_review_admission,Missing draft capital is Not enough information and is not confirmed UDFA; fake round 8 is blocked.,false,false,false
00-0036275,2020,2,35,DET,true,drafted_only_review_admission,Missing draft capital is Not enough information and is not confirmed UDFA; fake round 8 is blocked.,false,false,false
00-0036297,2020,3,93,TEN,true,drafted_only_review_admission,Missing draft capital is Not enough information and is not confirmed UDFA; fake round 8 is blocked.,false,false,false
00-0036425,2020,4,144,SEA,true,drafted_only_review_admission,Missing draft capital is Not enough information and is not confirmed UDFA; fake round 8 is blocked.,false,false,false
00-0036383,2020,7,222,ARI,true,drafted_only_review_admission,Missing draft capital is Not enough information and is not confirmed UDFA; fake round 8 is blocked.,false,false,false
00-0036158,2020,2,55,BAL,true,drafted_only_review_admission,Missing draft capital is Not enough information and is not confirmed UDFA; fake round 8 is blocked.,false,false,false
00-0036278,2020,5,172,DET,true,drafted_only_review_admission,Missing draft capital is Not enough information and is not confirmed UDFA; fake round 8 is blocked.,false,false,false
00-0036223,2020,2,41,IND,true,drafted_only_review_admission,Missing draft capital is Not enough information and is not confirmed UDFA; fake round 8 is blocked.,false,false,false
00-0036370,2020,4,112,LAC,true,drafted_only_review_admission,Missing draft capital is Not enough information and is not confirmed UDFA; fake round 8 is blocked.,false,false,false
00-0036450,2020,3,76,TAM,true,drafted_only_review_admission,Missing draft capital is Not enough information and is not confirmed UDFA; fake round 8 is blocked.,false,false,false
00-0036269,2020,4,120,NYJ,true,drafted_only_review_admission,Missing draft capital is Not enough information and is not confirmed UDFA; fake round 8 is blocked.,false,false,false
00-0036245,2020,7,246,MIA,true,drafted_only_review_admission,Missing draft capital is Not enough information and is not confirmed UDFA; fake round 8 is blocked.,false,false,false
00-0036435,2020,7,245,TAM,true,drafted_only_review_admission,Missing draft capital is Not enough information and is not confirmed UDFA; fake round 8 is blocked.,false,false,false
00-0036251,2020,3,86,BUF,true,drafted_only_review_admission,Missing draft capital is Not enough information and is not confirmed UDFA; fake round 8 is blocked.,false,false,false
00-0036422,2020,3,105,NOR,true,drafted_only_review_admission,Missing draft capital is Not enough information and is not confirmed UDFA; fake round 8 is blocked.,false,false,false
00-0036423,2020,4,118,DEN,true,drafted_only_review_admission,Missing draft capital is Not enough information and is not confirmed UDFA; fake round 8 is blocked.,false,false,false
00-0036424,2020,4,136,LAR,true,drafted_only_review_admission,Missing draft capital is Not enough information and is not confirmed UDFA; fake round 8 is blocked.,false,false,false
00-0036429,2020,6,190,SFO,true,drafted_only_review_admission,Missing draft capital is Not enough information and is not confirmed UDFA; fake round 8 is blocked.,false,false,false
00-0036244,2020,4,133,SEA,true,drafted_only_review_admission,Missing draft capital is Not enough information and is not confirmed UDFA; fake round 8 is blocked.,false,false,false
00-0036290,2020,2,43,CHI,true,drafted_only_review_admission,Missing draft capital is Not enough information and is not confirmed UDFA; fake round 8 is blocked.,false,false,false
00-0036225,2020,3,101,NWE,true,drafted_only_review_admission,Missing draft capital is Not enough information and is not confirmed UDFA; fake round 8 is blocked.,false,false,false
00-0036194,2020,3,91,NWE,true,drafted_only_review_admission,Missing draft capital is Not enough information and is not confirmed UDFA; fake round 8 is blocked.,false,false,false
00-0036232,2020,4,115,CLE,true,drafted_only_review_admission,Missing draft capital is Not enough information and is not confirmed UDFA; fake round 8 is blocked.,false,false,false
00-0036332,2020,3,94,GNB,true,drafted_only_review_admission,Missing draft capital is Not enough information and is not confirmed UDFA; fake round 8 is blocked.,false,false,false
00-0036438,2020,7,251,SEA,true,drafted_only_review_admission,Missing draft capital is Not enough information and is not confirmed UDFA; fake round 8 is blocked.,false,false,false
00-0036250,2020,6,206,JAX,true,drafted_only_review_admission,Missing draft capital is Not enough information and is not confirmed UDFA; fake round 8 is blocked.,false,false,false
00-0036340,2020,4,142,WAS,true,drafted_only_review_admission,Missing draft capital is Not enough information and is not confirmed UDFA; fake round 8 is blocked.,false,false,false
00-0036261,2020,1,25,SFO,true,drafted_only_review_admission,Missing draft capital is Not enough information and is not confirmed UDFA; fake round 8 is blocked.,false,false,false
00-0036365,2020,3,81,LVR,true,drafted_only_review_admission,Missing draft capital is Not enough information and is not confirmed UDFA; fake round 8 is blocked.,false,false,false
00-0036358,2020,1,17,DAL,true,drafted_only_review_admission,Missing draft capital is Not enough information and is not confirmed UDFA; fake round 8 is blocked.,false,false,false
00-0036326,2020,2,49,PIT,true,drafted_only_review_admission,Missing draft capital is Not enough information and is not confirmed UDFA; fake round 8 is blocked.,false,false,false
00-0036254,2020,5,165,JAX,true,drafted_only_review_admission,Missing draft capital is Not enough information and is not confirmed UDFA; fake round 8 is blocked.,false,false,false
00-0036309,2020,5,173,CHI,true,drafted_only_review_admission,Missing draft capital is Not enough information and is not confirmed UDFA; fake round 8 is blocked.,false,false,false
00-0036255,2020,2,59,NYJ,true,drafted_only_review_admission,Missing draft capital is Not enough information and is not confirmed UDFA; fake round 8 is blocked.,false,false,false
00-0036331,2020,3,92,BAL,true,drafted_only_review_admission,Missing draft capital is Not enough information and is not confirmed UDFA; fake round 8 is blocked.,false,false,false
00-0036228,2020,6,212,IND,true,drafted_only_review_admission,Missing draft capital is Not enough information and is not confirmed UDFA; fake round 8 is blocked.,false,false,false
00-0036233,2020,6,187,CLE,true,drafted_only_review_admission,Missing draft capital is Not enough information and is not confirmed UDFA; fake round 8 is blocked.,false,false,false
00-0036247,2020,6,214,SEA,true,drafted_only_review_admission,Missing draft capital is Not enough information and is not confirmed UDFA; fake round 8 is blocked.,false,false,false
00-0036196,2020,4,128,BUF,true,drafted_only_review_admission,Missing draft capital is Not enough information and is not confirmed UDFA; fake round 8 is blocked.,false,false,false
00-0036357,2020,1,12,LVR,true,drafted_only_review_admission,Missing draft capital is Not enough information and is not confirmed UDFA; fake round 8 is blocked.,false,false,false
00-0036308,2020,5,171,HOU,true,drafted_only_review_admission,Missing draft capital is Not enough information and is not confirmed UDFA; fake round 8 is blocked.,false,false,false
00-0036165,2020,6,207,BUF,true,drafted_only_review_admission,Missing draft capital is Not enough information and is not confirmed UDFA; fake round 8 is blocked.,false,false,false
00-0036387,2020,1,21,PHI,true,drafted_only_review_admission,Missing draft capital is Not enough information and is not confirmed UDFA; fake round 8 is blocked.,false,false,false
00-0036133,2020,6,201,BAL,true,drafted_only_review_admission,Missing draft capital is Not enough information and is not confirmed UDFA; fake round 8 is blocked.,false,false,false
00-0036259,2020,7,217,SFO,true,drafted_only_review_admission,Missing draft capital is Not enough information and is not confirmed UDFA; fake round 8 is blocked.,false,false,false
00-0036407,2020,1,15,DEN,true,drafted_only_review_admission,Missing draft capital is Not enough information and is not confirmed UDFA; fake round 8 is blocked.,false,false,false
00-0036377,2020,5,151,LAC,true,drafted_only_review_admission,Missing draft capital is Not enough information and is not confirmed UDFA; fake round 8 is blocked.,false,false,false
00-0036398,2020,5,168,PHI,true,drafted_only_review_admission,Missing draft capital is Not enough information and is not confirmed UDFA; fake round 8 is blocked.,false,false,false
00-0036322,2020,1,22,MIN,true,drafted_only_review_admission,Missing draft capital is Not enough information and is not confirmed UDFA; fake round 8 is blocked.,false,false,false
00-0036382,2020,7,220,LAC,true,drafted_only_review_admission,Missing draft capital is Not enough information and is not confirmed UDFA; fake round 8 is blocked.,false,false,false
00-0036345,2020,5,176,MIN,true,drafted_only_review_admission,Missing draft capital is Not enough information and is not confirmed UDFA; fake round 8 is blocked.,false,false,false
00-0036412,2020,2,46,DEN,true,drafted_only_review_admission,Missing draft capital is Not enough information and is not confirmed UDFA; fake round 8 is blocked.,false,false,false
00-0036268,2020,2,42,JAX,true,drafted_only_review_admission,Missing draft capital is Not enough information and is not confirmed UDFA; fake round 8 is blocked.,false,false,false
00-0036364,2020,3,80,LVR,true,drafted_only_review_admission,Missing draft capital is Not enough information and is not confirmed UDFA; fake round 8 is blocked.,false,false,false
00-0036252,2020,2,34,IND,true,drafted_only_review_admission,Missing draft capital is Not enough information and is not confirmed UDFA; fake round 8 is blocked.,false,false,false
00-0036271,2020,6,200,PHI,true,drafted_only_review_admission,Missing draft capital is Not enough information and is not confirmed UDFA; fake round 8 is blocked.,false,false,false
00-0036277,2020,5,166,DET,true,drafted_only_review_admission,Missing draft capital is Not enough information and is not confirmed UDFA; fake round 8 is blocked.,false,false,false
00-0036410,2020,2,33,CIN,true,drafted_only_review_admission,Missing draft capital is Not enough information and is not confirmed UDFA; fake round 8 is blocked.,false,false,false
00-0036427,2020,5,161,TAM,true,drafted_only_review_admission,Missing draft capital is Not enough information and is not confirmed UDFA; fake round 8 is blocked.,false,false,false
00-0036439,2020,7,252,DEN,true,drafted_only_review_admission,Missing draft capital is Not enough information and is not confirmed UDFA; fake round 8 is blocked.,false,false,false
00-0036415,2020,2,57,LAR,true,drafted_only_review_admission,Missing draft capital is Not enough information and is not confirmed UDFA; fake round 8 is blocked.,false,false,false
00-0036898,2021,3,67,HOU,true,drafted_only_review_admission,Missing draft capital is Not enough information and is not confirmed UDFA; fake round 8 is blocked.,false,false,false
00-0036929,2021,4,133,NOR,true,drafted_only_review_admission,Missing draft capital is Not enough information and is not confirmed UDFA; fake round 8 is blocked.,false,false,false
00-0036945,2021,1,11,CHI,true,drafted_only_review_admission,Missing draft capital is Not enough information and is not confirmed UDFA; fake round 8 is blocked.,false,false,false
00-0036946,2021,3,66,MIN,true,drafted_only_review_admission,Missing draft capital is Not enough information and is not confirmed UDFA; fake round 8 is blocked.,false,false,false
00-0036928,2021,2,64,TAM,true,drafted_only_review_admission,Missing draft capital is Not enough information and is not confirmed UDFA; fake round 8 is blocked.,false,false,false
00-0036972,2021,1,15,NWE,true,drafted_only_review_admission,Missing draft capital is Not enough information and is not confirmed UDFA; fake round 8 is blocked.,false,false,false
00-0036879,2021,6,218,IND,true,drafted_only_review_admission,Missing draft capital is Not enough information and is not confirmed UDFA; fake round 8 is blocked.,false,false,false
00-0036971,2021,1,1,JAX,true,drafted_only_review_admission,Missing draft capital is Not enough information and is not confirmed UDFA; fake round 8 is blocked.,false,false,false
00-0037012,2021,1,3,SFO,true,drafted_only_review_admission,Missing draft capital is Not enough information and is not confirmed UDFA; fake round 8 is blocked.,false,false,false
00-0037013,2021,1,2,NYJ,true,drafted_only_review_admission,Missing draft capital is Not enough information and is not confirmed UDFA; fake round 8 is blocked.,false,false,false
00-0036857,2021,6,202,CIN,true,drafted_only_review_admission,Missing draft capital is Not enough information and is not confirmed UDFA; fake round 8 is blocked.,false,false,false
00-0036555,2021,4,126,CAR,true,drafted_only_review_admission,Missing draft capital is Not enough information and is not confirmed UDFA; fake round 8 is blocked.,false,false,false
00-0036654,2021,6,211,CLE,true,drafted_only_review_admission,Missing draft capital is Not enough information and is not confirmed UDFA; fake round 8 is blocked.,false,false,false
00-0036567,2021,6,194,SFO,true,drafted_only_review_admission,Missing draft capital is Not enough information and is not confirmed UDFA; fake round 8 is blocked.,false,false,false
00-0036569,2021,6,196,NYG,true,drafted_only_review_admission,Missing draft capital is Not enough information and is not confirmed UDFA; fake round 8 is blocked.,false,false,false
00-0036578,2021,7,244,MIA,true,drafted_only_review_admission,Missing draft capital is Not enough information and is not confirmed UDFA; fake round 8 is blocked.,false,false,false
00-0036860,2021,7,233,LAR,true,drafted_only_review_admission,Missing draft capital is Not enough information and is not confirmed UDFA; fake round 8 is blocked.,false,false,false
00-0036997,2021,2,35,DEN,true,drafted_only_review_admission,Missing draft capital is Not enough information and is not confirmed UDFA; fake round 8 is blocked.,false,false,false
00-0036670,2021,7,257,DET,true,drafted_only_review_admission,Missing draft capital is Not enough information and is not confirmed UDFA; fake round 8 is blocked.,false,false,false
00-0036842,2021,4,119,MIN,true,drafted_only_review_admission,Missing draft capital is Not enough information and is not confirmed UDFA; fake round 8 is blocked.,false,false,false
00-0036919,2021,5,150,PHI,true,drafted_only_review_admission,Missing draft capital is Not enough information and is not confirmed UDFA; fake round 8 is blocked.,false,false,false
00-0036906,2021,6,217,CHI,true,drafted_only_review_admission,Missing draft capital is Not enough information and is not confirmed UDFA; fake round 8 is blocked.,false,false,false
00-0036669,2021,7,256,GNB,true,drafted_only_review_admission,Missing draft capital is Not enough information and is not confirmed UDFA; fake round 8 is blocked.,false,false,false
00-0036650,2021,6,198,LAC,true,drafted_only_review_admission,Missing draft capital is Not enough information and is not confirmed UDFA; fake round 8 is blocked.,false,false,false
00-0036924,2021,4,107,NYJ,true,drafted_only_review_admission,Missing draft capital is Not enough information and is not confirmed UDFA; fake round 8 is blocked.,false,false,false
00-0036893,2021,1,24,PIT,true,drafted_only_review_admission,Missing draft capital is Not enough information and is not confirmed UDFA; fake round 8 is blocked.,false,false,false
00-0036875,2021,4,120,NWE,true,drafted_only_review_admission,Missing draft capital is Not enough information and is not confirmed UDFA; fake round 8 is blocked.,false,false,false
00-0036973,2021,1,25,JAX,true,drafted_only_review_admission,Missing draft capital is Not enough information and is not confirmed UDFA; fake round 8 is blocked.,false,false,false
00-0036984,2021,3,88,SFO,true,drafted_only_review_admission,Missing draft capital is Not enough information and is not confirmed UDFA; fake round 8 is blocked.,false,false,false
00-0036556,2021,5,147,HOU,true,drafted_only_review_admission,Missing draft capital is Not enough information and is not confirmed UDFA; fake round 8 is blocked.,false,false,false
00-0037004,2021,3,81,MIA,true,drafted_only_review_admission,Missing draft capital is Not enough information and is not confirmed UDFA; fake round 8 is blocked.,false,false,false
00-0036628,2021,4,124,WAS,true,drafted_only_review_admission,Missing draft capital is Not enough information and is not confirmed UDFA; fake round 8 is blocked.,false,false,false
00-0036970,2021,1,4,ATL,true,drafted_only_review_admission,Missing draft capital is Not enough information and is not confirmed UDFA; fake round 8 is blocked.,false,false,false
00-0036876,2021,4,127,IND,true,drafted_only_review_admission,Missing draft capital is Not enough information and is not confirmed UDFA; fake round 8 is blocked.,false,false,false
00-0036887,2021,5,145,JAX,true,drafted_only_review_admission,Missing draft capital is Not enough information and is not confirmed UDFA; fake round 8 is blocked.,false,false,false
00-0036637,2021,5,162,KAN,true,drafted_only_review_admission,Missing draft capital is Not enough information and is not confirmed UDFA; fake round 8 is blocked.,false,false,false
00-0036894,2021,2,55,PIT,true,drafted_only_review_admission,Missing draft capital is Not enough information and is not confirmed UDFA; fake round 8 is blocked.,false,false,false
00-0037005,2021,3,83,CAR,true,drafted_only_review_admission,Missing draft capital is Not enough information and is not confirmed UDFA; fake round 8 is blocked.,false,false,false
00-0037011,2021,3,97,LAC,true,drafted_only_review_admission,Missing draft capital is Not enough information and is not confirmed UDFA; fake round 8 is blocked.,false,false,false
00-0036640,2021,5,168,MIN,true,drafted_only_review_admission,Missing draft capital is Not enough information and is not confirmed UDFA; fake round 8 is blocked.,false,false,false
00-0036991,2021,3,85,GNB,true,drafted_only_review_admission,Missing draft capital is Not enough information and is not confirmed UDFA; fake round 8 is blocked.,false,false,false
00-0036963,2021,4,112,DET,true,drafted_only_review_admission,Missing draft capital is Not enough information and is not confirmed UDFA; fake round 8 is blocked.,false,false,false
00-0036999,2021,3,91,CLE,true,drafted_only_review_admission,Missing draft capital is Not enough information and is not confirmed UDFA; fake round 8 is blocked.,false,false,false
00-0036862,2021,7,249,LAR,true,drafted_only_review_admission,Missing draft capital is Not enough information and is not confirmed UDFA; fake round 8 is blocked.,false,false,false
00-0036647,2021,5,181,KAN,true,drafted_only_review_admission,Missing draft capital is Not enough information and is not confirmed UDFA; fake round 8 is blocked.,false,false,false
00-0036620,2021,2,56,SEA,true,drafted_only_review_admission,Missing draft capital is Not enough information and is not confirmed UDFA; fake round 8 is blocked.,false,false,false
00-0036671,2021,7,258,WAS,true,drafted_only_review_admission,Missing draft capital is Not enough information and is not confirmed UDFA; fake round 8 is blocked.,false,false,false
00-0036907,2021,6,221,CHI,true,drafted_only_review_admission,Missing draft capital is Not enough information and is not confirmed UDFA; fake round 8 is blocked.,false,false,false
00-0036912,2021,1,10,PHI,true,drafted_only_review_admission,Missing draft capital is Not enough information and is not confirmed UDFA; fake round 8 is blocked.,false,false,false
00-0036627,2021,4,109,TEN,true,drafted_only_review_admission,Missing draft capital is Not enough information and is not confirmed UDFA; fake round 8 is blocked.,false,false,false
00-0036626,2021,3,82,WAS,true,drafted_only_review_admission,Missing draft capital is Not enough information and is not confirmed UDFA; fake round 8 is blocked.,false,false,false
00-0036980,2021,2,34,NYJ,true,drafted_only_review_admission,Missing draft capital is Not enough information and is not confirmed UDFA; fake round 8 is blocked.,false,false,false
00-0036951,2021,6,187,ATL,true,drafted_only_review_admission,Missing draft capital is Not enough information and is not confirmed UDFA; fake round 8 is blocked.,false,false,false
00-0036635,2021,5,157,MIN,true,drafted_only_review_admission,Missing draft capital is Not enough information and is not confirmed UDFA; fake round 8 is blocked.,false,false,false
00-0036900,2021,1,5,CIN,true,drafted_only_review_admission,Missing draft capital is Not enough information and is not confirmed UDFA; fake round 8 is blocked.,false,false,false
00-0036918,2021,4,141,LAR,true,drafted_only_review_admission,Missing draft capital is Not enough information and is not confirmed UDFA; fake round 8 is blocked.,false,false,false
00-0036877,2021,4,129,TAM,true,drafted_only_review_admission,Missing draft capital is Not enough information and is not confirmed UDFA; fake round 8 is blocked.,false,false,false
00-0036858,2021,6,209,JAX,true,drafted_only_review_admission,Missing draft capital is Not enough information and is not confirmed UDFA; fake round 8 is blocked.,false,false,false
00-0036613,2021,1,6,MIA,true,drafted_only_review_admission,Missing draft capital is Not enough information and is not confirmed UDFA; fake round 8 is blocked.,false,false,false
00-0036988,2021,3,77,LAC,true,drafted_only_review_admission,Missing draft capital is Not enough information and is not confirmed UDFA; fake round 8 is blocked.,false,false,false
00-0036913,2021,1,20,NYG,true,drafted_only_review_admission,Missing draft capital is Not enough information and is not confirmed UDFA; fake round 8 is blocked.,false,false,false
00-0036939,2021,7,255,NOR,true,drafted_only_review_admission,Missing draft capital is Not enough information and is not confirmed UDFA; fake round 8 is blocked.,false,false,false
00-0036571,2021,6,203,BUF,true,drafted_only_review_admission,Missing draft capital is Not enough information and is not confirmed UDFA; fake round 8 is blocked.,false,false,false
00-0036482,2021,7,229,IND,true,drafted_only_review_admission,Missing draft capital is Not enough information and is not confirmed UDFA; fake round 8 is blocked.,false,false,false
00-0036554,2021,3,89,HOU,true,drafted_only_review_admission,Missing draft capital is Not enough information and is not confirmed UDFA; fake round 8 is blocked.,false,false,false
00-0036652,2021,6,205,TEN,true,drafted_only_review_admission,Missing draft capital is Not enough information and is not confirmed UDFA; fake round 8 is blocked.,false,false,false
00-0036550,2021,1,27,BAL,true,drafted_only_review_admission,Missing draft capital is Not enough information and is not confirmed UDFA; fake round 8 is blocked.,false,false,false
00-0036936,2021,2,49,ARI,true,drafted_only_review_admission,Missing draft capital is Not enough information and is not confirmed UDFA; fake round 8 is blocked.,false,false,false
00-0036657,2021,6,219,DEN,true,drafted_only_review_admission,Missing draft capital is Not enough information and is not confirmed UDFA; fake round 8 is blocked.,false,false,false
00-0036572,2021,6,204,CAR,true,drafted_only_review_admission,Missing draft capital is Not enough information and is not confirmed UDFA; fake round 8 is blocked.,false,false,false
00-0036646,2021,5,179,DAL,true,drafted_only_review_admission,Missing draft capital is Not enough information and is not confirmed UDFA; fake round 8 is blocked.,false,false,false
00-0036955,2021,2,59,CAR,true,drafted_only_review_admission,Missing draft capital is Not enough information and is not confirmed UDFA; fake round 8 is blocked.,false,false,false
00-0036536,2021,7,242,NWE,true,drafted_only_review_admission,Missing draft capital is Not enough information and is not confirmed UDFA; fake round 8 is blocked.,false,false,false
00-0036849,2021,2,57,LAR,true,drafted_only_review_admission,Missing draft capital is Not enough information and is not confirmed UDFA; fake round 8 is blocked.,false,false,false
00-0036630,2021,4,131,BAL,true,drafted_only_review_admission,Missing draft capital is Not enough information and is not confirmed UDFA; fake round 8 is blocked.,false,false,false
00-0038108,2022,4,137,NWE,true,drafted_only_review_admission,Missing draft capital is Not enough information and is not confirmed UDFA; fake round 8 is blocked.,false,false,false
00-0037834,2022,7,262,SFO,true,drafted_only_review_admission,Missing draft capital is Not enough information and is not confirmed UDFA; fake round 8 is blocked.,false,false,false
00-0037324,2022,7,241,PIT,true,drafted_only_review_admission,Missing draft capital is Not enough information and is not confirmed UDFA; fake round 8 is blocked.,false,false,false
00-0038122,2022,3,74,ATL,true,drafted_only_review_admission,Missing draft capital is Not enough information and is not confirmed UDFA; fake round 8 is blocked.,false,false,false
00-0038102,2022,1,20,PIT,true,drafted_only_review_admission,Missing draft capital is Not enough information and is not confirmed UDFA; fake round 8 is blocked.,false,false,false
00-0038128,2022,3,86,TEN,true,drafted_only_review_admission,Missing draft capital is Not enough information and is not confirmed UDFA; fake round 8 is blocked.,false,false,false
00-0038132,2022,3,94,CAR,true,drafted_only_review_admission,Missing draft capital is Not enough information and is not confirmed UDFA; fake round 8 is blocked.,false,false,false
00-0037077,2022,5,144,WAS,true,drafted_only_review_admission,Missing draft capital is Not enough information and is not confirmed UDFA; fake round 8 is blocked.,false,false,false
00-0037327,2022,7,247,MIA,true,drafted_only_review_admission,Missing draft capital is Not enough information and is not confirmed UDFA; fake round 8 is blocked.,false,false,false
00-0038120,2022,2,36,NYJ,true,drafted_only_review_admission,Missing draft capital is Not enough information and is not confirmed UDFA; fake round 8 is blocked.,false,false,false
00-0037746,2022,3,98,WAS,true,drafted_only_review_admission,Missing draft capital is Not enough information and is not confirmed UDFA; fake round 8 is blocked.,false,false,false
00-0037329,2022,7,250,LVR,true,drafted_only_review_admission,Missing draft capital is Not enough information and is not confirmed UDFA; fake round 8 is blocked.,false,false,false
00-0037258,2022,4,107,HOU,true,drafted_only_review_admission,Missing draft capital is Not enough information and is not confirmed UDFA; fake round 8 is blocked.,false,false,false
00-0037617,2022,4,131,TEN,true,drafted_only_review_admission,Missing draft capital is Not enough information and is not confirmed UDFA; fake round 8 is blocked.,false,false,false
00-0038045,2022,4,123,LAC,true,drafted_only_review_admission,Missing draft capital is Not enough information and is not confirmed UDFA; fake round 8 is blocked.,false,false,false
00-0037197,2022,7,251,KAN,true,drafted_only_review_admission,Missing draft capital is Not enough information and is not confirmed UDFA; fake round 8 is blocked.,false,false,false
00-0037248,2022,2,63,BUF,true,drafted_only_review_admission,Missing draft capital is Not enough information and is not confirmed UDFA; fake round 8 is blocked.,false,false,false
00-0037267,2022,5,156,CLE,true,drafted_only_review_admission,Missing draft capital is Not enough information and is not confirmed UDFA; fake round 8 is blocked.,false,false,false
00-0037299,2022,6,201,ARI,true,drafted_only_review_admission,Missing draft capital is Not enough information and is not confirmed UDFA; fake round 8 is blocked.,false,false,false
00-0038134,2022,2,41,SEA,true,drafted_only_review_admission,Missing draft capital is Not enough information and is not confirmed UDFA; fake round 8 is blocked.,false,false,false
00-0037286,2022,6,183,NWE,true,drafted_only_review_admission,Missing draft capital is Not enough information and is not confirmed UDFA; fake round 8 is blocked.,false,false,false
00-0037840,2022,5,164,LAR,true,drafted_only_review_admission,Missing draft capital is Not enough information and is not confirmed UDFA; fake round 8 is blocked.,false,false,false
00-0038098,2022,4,127,NWE,true,drafted_only_review_admission,Missing draft capital is Not enough information and is not confirmed UDFA; fake round 8 is blocked.,false,false,false
00-0037256,2022,3,91,TAM,true,drafted_only_review_admission,Missing draft capital is Not enough information and is not confirmed UDFA; fake round 8 is blocked.,false,false,false
00-0037265,2022,5,154,JAX,true,drafted_only_review_admission,Missing draft capital is Not enough information and is not confirmed UDFA; fake round 8 is blocked.,false,false,false
00-0037087,2022,6,203,CHI,true,drafted_only_review_admission,Missing draft capital is Not enough information and is not confirmed UDFA; fake round 8 is blocked.,false,false,false
00-0037276,2022,5,169,MIN,true,drafted_only_review_admission,Missing draft capital is Not enough information and is not confirmed UDFA; fake round 8 is blocked.,false,false,false
00-0037263,2022,5,151,ATL,true,drafted_only_review_admission,Missing draft capital is Not enough information and is not confirmed UDFA; fake round 8 is blocked.,false,false,false
00-0037085,2022,6,196,BAL,true,drafted_only_review_admission,Missing draft capital is Not enough information and is not confirmed UDFA; fake round 8 is blocked.,false,false,false
00-0037827,2022,3,93,SFO,true,drafted_only_review_admission,Missing draft capital is Not enough information and is not confirmed UDFA; fake round 8 is blocked.,false,false,false
00-0038040,2022,4,122,LVR,true,drafted_only_review_admission,Missing draft capital is Not enough information and is not confirmed UDFA; fake round 8 is blocked.,false,false,false
00-0037331,2022,7,260,LAC,true,drafted_only_review_admission,Missing draft capital is Not enough information and is not confirmed UDFA; fake round 8 is blocked.,false,false,false
00-0037292,2022,6,192,IND,true,drafted_only_review_admission,Missing draft capital is Not enough information and is not confirmed UDFA; fake round 8 is blocked.,false,false,false
00-0038129,2022,4,106,TAM,true,drafted_only_review_admission,Missing draft capital is Not enough information and is not confirmed UDFA; fake round 8 is blocked.,false,false,false
00-0038046,2022,4,128,BAL,true,drafted_only_review_admission,Missing draft capital is Not enough information and is not confirmed UDFA; fake round 8 is blocked.,false,false,false
00-0037809,2022,4,143,TEN,true,drafted_only_review_admission,Missing draft capital is Not enough information and is not confirmed UDFA; fake round 8 is blocked.,false,false,false
00-0037078,2022,5,149,WAS,true,drafted_only_review_admission,Missing draft capital is Not enough information and is not confirmed UDFA; fake round 8 is blocked.,false,false,false
00-0037304,2022,6,208,PIT,true,drafted_only_review_admission,Missing draft capital is Not enough information and is not confirmed UDFA; fake round 8 is blocked.,false,false,false
00-0038115,2022,4,112,NYG,true,drafted_only_review_admission,Missing draft capital is Not enough information and is not confirmed UDFA; fake round 8 is blocked.,false,false,false
00-0037086,2022,6,198,PHI,true,drafted_only_review_admission,Missing draft capital is Not enough information and is not confirmed UDFA; fake round 8 is blocked.,false,false,false
00-0037252,2022,3,80,DEN,true,drafted_only_review_admission,Missing draft capital is Not enough information and is not confirmed UDFA; fake round 8 is blocked.,false,false,false
00-0037838,2022,4,139,BAL,true,drafted_only_review_admission,Missing draft capital is Not enough information and is not confirmed UDFA; fake round 8 is blocked.,false,false,false
00-0038041,2022,4,129,DAL,true,drafted_only_review_admission,Missing draft capital is Not enough information and is not confirmed UDFA; fake round 8 is blocked.,false,false,false
00-0037282,2022,5,177,DET,true,drafted_only_review_admission,Missing draft capital is Not enough information and is not confirmed UDFA; fake round 8 is blocked.,false,false,false
00-0037755,2022,3,73,IND,true,drafted_only_review_admission,Missing draft capital is Not enough information and is not confirmed UDFA; fake round 8 is blocked.,false,false,false
00-0037805,2022,3,101,NYJ,true,drafted_only_review_admission,Missing draft capital is Not enough information and is not confirmed UDFA; fake round 8 is blocked.,false,false,false
00-0037306,2022,6,213,ATL,true,drafted_only_review_admission,Missing draft capital is Not enough information and is not confirmed UDFA; fake round 8 is blocked.,false,false,false
00-0037311,2022,6,218,TAM,true,drafted_only_review_admission,Missing draft capital is Not enough information and is not confirmed UDFA; fake round 8 is blocked.,false,false,false
00-0037317,2022,7,227,MIN,true,drafted_only_review_admission,Missing draft capital is Not enough information and is not confirmed UDFA; fake round 8 is blocked.,false,false,false
00-0037277,2022,5,170,HOU,true,drafted_only_review_admission,Missing draft capital is Not enough information and is not confirmed UDFA; fake round 8 is blocked.,false,false,false
00-0037744,2022,2,55,ARI,true,drafted_only_review_admission,Missing draft capital is Not enough information and is not confirmed UDFA; fake round 8 is blocked.,false,false,false
00-0037664,2022,2,53,IND,true,drafted_only_review_admission,Missing draft capital is Not enough information and is not confirmed UDFA; fake round 8 is blocked.,false,false,false
00-0037091,2022,7,229,SEA,true,drafted_only_review_admission,Missing draft capital is Not enough information and is not confirmed UDFA; fake round 8 is blocked.,false,false,false
00-0037837,2022,4,138,PIT,true,drafted_only_review_admission,Missing draft capital is Not enough information and is not confirmed UDFA; fake round 8 is blocked.,false,false,false
00-0037239,2022,1,11,NOR,true,drafted_only_review_admission,Missing draft capital is Not enough information and is not confirmed UDFA; fake round 8 is blocked.,false,false,false
00-0038124,2022,2,34,GNB,true,drafted_only_review_admission,Missing draft capital is Not enough information and is not confirmed UDFA; fake round 8 is blocked.,false,false,false
00-0037828,2022,3,105,SFO,true,drafted_only_review_admission,Missing draft capital is Not enough information and is not confirmed UDFA; fake round 8 is blocked.,false,false,false
00-0037093,2022,7,233,SEA,true,drafted_only_review_admission,Missing draft capital is Not enough information and is not confirmed UDFA; fake round 8 is blocked.,false,false,false
00-0037257,2022,3,99,CLE,true,drafted_only_review_admission,Missing draft capital is Not enough information and is not confirmed UDFA; fake round 8 is blocked.,false,false,false
00-0037238,2022,1,8,ATL,true,drafted_only_review_admission,Missing draft capital is Not enough information and is not confirmed UDFA; fake round 8 is blocked.,false,false,false
00-0038092,2022,4,125,MIA,true,drafted_only_review_admission,Missing draft capital is Not enough information and is not confirmed UDFA; fake round 8 is blocked.,false,false,false
00-0037740,2022,1,10,NYJ,true,drafted_only_review_admission,Missing draft capital is Not enough information and is not confirmed UDFA; fake round 8 is blocked.,false,false,false
00-0037247,2022,2,52,PIT,true,drafted_only_review_admission,Missing draft capital is Not enough information and is not confirmed UDFA; fake round 8 is blocked.,false,false,false
00-0037741,2022,1,16,WAS,true,drafted_only_review_admission,Missing draft capital is Not enough information and is not confirmed UDFA; fake round 8 is blocked.,false,false,false
00-0037291,2022,6,191,MIN,true,drafted_only_review_admission,Missing draft capital is Not enough information and is not confirmed UDFA; fake round 8 is blocked.,false,false,false
00-0037666,2022,3,88,DAL,true,drafted_only_review_admission,Missing draft capital is Not enough information and is not confirmed UDFA; fake round 8 is blocked.,false,false,false
00-0037240,2022,1,12,DET,true,drafted_only_review_admission,Missing draft capital is Not enough information and is not confirmed UDFA; fake round 8 is blocked.,false,false,false
00-0037614,2022,2,44,HOU,true,drafted_only_review_admission,Missing draft capital is Not enough information and is not confirmed UDFA; fake round 8 is blocked.,false,false,false
00-0037261,2022,5,148,BUF,true,drafted_only_review_admission,Missing draft capital is Not enough information and is not confirmed UDFA; fake round 8 is blocked.,false,false,false
00-0037273,2022,5,163,TEN,true,drafted_only_review_admission,Missing draft capital is Not enough information and is not confirmed UDFA; fake round 8 is blocked.,false,false,false
00-0037300,2022,6,202,CLE,true,drafted_only_review_admission,Missing draft capital is Not enough information and is not confirmed UDFA; fake round 8 is blocked.,false,false,false
00-0037272,2022,5,162,DEN,true,drafted_only_review_admission,Missing draft capital is Not enough information and is not confirmed UDFA; fake round 8 is blocked.,false,false,false
00-0037816,2022,4,132,GNB,true,drafted_only_review_admission,Missing draft capital is Not enough information and is not confirmed UDFA; fake round 8 is blocked.,false,false,false
00-0037098,2022,7,258,GNB,true,drafted_only_review_admission,Missing draft capital is Not enough information and is not confirmed UDFA; fake round 8 is blocked.,false,false,false
00-0038090,2022,2,54,KAN,true,drafted_only_review_admission,Missing draft capital is Not enough information and is not confirmed UDFA; fake round 8 is blocked.,false,false,false
00-0037742,2022,1,18,TEN,true,drafted_only_review_admission,Missing draft capital is Not enough information and is not confirmed UDFA; fake round 8 is blocked.,false,false,false
00-0038104,2022,2,50,NWE,true,drafted_only_review_admission,Missing draft capital is Not enough information and is not confirmed UDFA; fake round 8 is blocked.,false,false,false
00-0037745,2022,3,71,CHI,true,drafted_only_review_admission,Missing draft capital is Not enough information and is not confirmed UDFA; fake round 8 is blocked.,false,false,false
00-0038117,2022,2,43,NYG,true,drafted_only_review_admission,Missing draft capital is Not enough information and is not confirmed UDFA; fake round 8 is blocked.,false,false,false
00-0038579,2023,4,135,LVR,true,drafted_only_review_admission,Missing draft capital is Not enough information and is not confirmed UDFA; fake round 8 is blocked.,false,false,false
00-0039164,2023,1,4,IND,true,drafted_only_review_admission,Missing draft capital is Not enough information and is not confirmed UDFA; fake round 8 is blocked.,false,false,false
00-0039150,2023,1,1,CAR,true,drafted_only_review_admission,Missing draft capital is Not enough information and is not confirmed UDFA; fake round 8 is blocked.,false,false,false
00-0039163,2023,1,2,HOU,true,drafted_only_review_admission,Missing draft capital is Not enough information and is not confirmed UDFA; fake round 8 is blocked.,false,false,false
00-0038582,2023,5,139,ARI,true,drafted_only_review_admission,Missing draft capital is Not enough information and is not confirmed UDFA; fake round 8 is blocked.,false,false,false
00-0038583,2023,5,140,CLE,true,drafted_only_review_admission,Missing draft capital is Not enough information and is not confirmed UDFA; fake round 8 is blocked.,false,false,false
00-0038550,2023,3,68,DET,true,drafted_only_review_admission,Missing draft capital is Not enough information and is not confirmed UDFA; fake round 8 is blocked.,false,false,false
00-0038998,2023,4,127,NOR,true,drafted_only_review_admission,Missing draft capital is Not enough information and is not confirmed UDFA; fake round 8 is blocked.,false,false,false
00-0038598,2023,5,164,MIN,true,drafted_only_review_admission,Missing draft capital is Not enough information and is not confirmed UDFA; fake round 8 is blocked.,false,false,false
00-0038637,2023,7,239,LAC,true,drafted_only_review_admission,Missing draft capital is Not enough information and is not confirmed UDFA; fake round 8 is blocked.,false,false,false
00-0038391,2023,5,149,GNB,true,drafted_only_review_admission,Missing draft capital is Not enough information and is not confirmed UDFA; fake round 8 is blocked.,false,false,false
00-0039107,2023,4,128,LAR,true,drafted_only_review_admission,Missing draft capital is Not enough information and is not confirmed UDFA; fake round 8 is blocked.,false,false,false
00-0038400,2023,6,188,PHI,true,drafted_only_review_admission,Missing draft capital is Not enough information and is not confirmed UDFA; fake round 8 is blocked.,false,false,false
00-0039152,2023,2,33,TEN,true,drafted_only_review_admission,Missing draft capital is Not enough information and is not confirmed UDFA; fake round 8 is blocked.,false,false,false
00-0038542,2023,1,8,ATL,true,drafted_only_review_admission,Missing draft capital is Not enough information and is not confirmed UDFA; fake round 8 is blocked.,false,false,false
00-0038597,2023,5,163,CIN,true,drafted_only_review_admission,Missing draft capital is Not enough information and is not confirmed UDFA; fake round 8 is blocked.,false,false,false
00-0038611,2023,6,193,WAS,true,drafted_only_review_admission,Missing draft capital is Not enough information and is not confirmed UDFA; fake round 8 is blocked.,false,false,false
00-0039040,2023,3,84,MIA,true,drafted_only_review_admission,Missing draft capital is Not enough information and is not confirmed UDFA; fake round 8 is blocked.,false,false,false
00-0039046,2023,7,222,MIN,true,drafted_only_review_admission,Missing draft capital is Not enough information and is not confirmed UDFA; fake round 8 is blocked.,false,false,false
00-0038622,2023,6,212,DAL,true,drafted_only_review_admission,Missing draft capital is Not enough information and is not confirmed UDFA; fake round 8 is blocked.,false,false,false
00-0038396,2023,5,172,NYG,true,drafted_only_review_admission,Missing draft capital is Not enough information and is not confirmed UDFA; fake round 8 is blocked.,false,false,false
00-0038397,2023,5,176,IND,true,drafted_only_review_admission,Missing draft capital is Not enough information and is not confirmed UDFA; fake round 8 is blocked.,false,false,false
00-0038389,2023,5,143,NYJ,true,drafted_only_review_admission,Missing draft capital is Not enough information and is not confirmed UDFA; fake round 8 is blocked.,false,false,false
00-0039139,2023,1,12,DET,true,drafted_only_review_admission,Missing draft capital is Not enough information and is not confirmed UDFA; fake round 8 is blocked.,false,false,false
00-0038551,2023,3,71,NOR,true,drafted_only_review_admission,Missing draft capital is Not enough information and is not confirmed UDFA; fake round 8 is blocked.,false,false,false
00-0038636,2023,7,237,SEA,true,drafted_only_review_admission,Missing draft capital is Not enough information and is not confirmed UDFA; fake round 8 is blocked.,false,false,false
00-0038409,2023,7,235,GNB,true,drafted_only_review_admission,Missing draft capital is Not enough information and is not confirmed UDFA; fake round 8 is blocked.,false,false,false
00-0039021,2023,4,115,CHI,true,drafted_only_review_admission,Missing draft capital is Not enough information and is not confirmed UDFA; fake round 8 is blocked.,false,false,false
00-0038555,2023,3,88,JAX,true,drafted_only_review_admission,Missing draft capital is Not enough information and is not confirmed UDFA; fake round 8 is blocked.,false,false,false
00-0039032,2023,3,81,TEN,true,drafted_only_review_admission,Missing draft capital is Not enough information and is not confirmed UDFA; fake round 8 is blocked.,false,false,false
00-0039165,2023,2,52,SEA,true,drafted_only_review_admission,Missing draft capital is Not enough information and is not confirmed UDFA; fake round 8 is blocked.,false,false,false
00-0039136,2023,6,215,LAR,true,drafted_only_review_admission,Missing draft capital is Not enough information and is not confirmed UDFA; fake round 8 is blocked.,false,false,false
00-0038643,2023,7,247,SFO,true,drafted_only_review_admission,Missing draft capital is Not enough information and is not confirmed UDFA; fake round 8 is blocked.,false,false,false
00-0038935,2023,2,61,JAX,true,drafted_only_review_admission,Missing draft capital is Not enough information and is not confirmed UDFA; fake round 8 is blocked.,false,false,false
00-0038564,2023,3,101,SFO,true,drafted_only_review_admission,Missing draft capital is Not enough information and is not confirmed UDFA; fake round 8 is blocked.,false,false,false
00-0038933,2023,1,25,BUF,true,drafted_only_review_admission,Missing draft capital is Not enough information and is not confirmed UDFA; fake round 8 is blocked.,false,false,false
00-0038558,2023,3,93,PIT,true,drafted_only_review_admission,Missing draft capital is Not enough information and is not confirmed UDFA; fake round 8 is blocked.,false,false,false
00-0039074,2023,5,175,LAR,true,drafted_only_review_admission,Missing draft capital is Not enough information and is not confirmed UDFA; fake round 8 is blocked.,false,false,false
00-0038589,2023,5,147,TEN,true,drafted_only_review_admission,Missing draft capital is Not enough information and is not confirmed UDFA; fake round 8 is blocked.,false,false,false
00-0039144,2023,2,42,GNB,true,drafted_only_review_admission,Missing draft capital is Not enough information and is not confirmed UDFA; fake round 8 is blocked.,false,false,false
00-0038547,2023,2,58,DAL,true,drafted_only_review_admission,Missing draft capital is Not enough information and is not confirmed UDFA; fake round 8 is blocked.,false,false,false
00-0039066,2023,2,35,LVR,true,drafted_only_review_admission,Missing draft capital is Not enough information and is not confirmed UDFA; fake round 8 is blocked.,false,false,false
00-0039050,2023,5,171,TAM,true,drafted_only_review_admission,Missing draft capital is Not enough information and is not confirmed UDFA; fake round 8 is blocked.,false,false,false
00-0039065,2023,2,34,DET,true,drafted_only_review_admission,Missing draft capital is Not enough information and is not confirmed UDFA; fake round 8 is blocked.,false,false,false
00-0038996,2023,3,78,GNB,true,drafted_only_review_admission,Missing draft capital is Not enough information and is not confirmed UDFA; fake round 8 is blocked.,false,false,false
00-0038394,2023,5,162,IND,true,drafted_only_review_admission,Missing draft capital is Not enough information and is not confirmed UDFA; fake round 8 is blocked.,false,false,false
00-0038406,2023,7,220,NYJ,true,drafted_only_review_admission,Missing draft capital is Not enough information and is not confirmed UDFA; fake round 8 is blocked.,false,false,false
00-0038612,2023,6,195,NOR,true,drafted_only_review_admission,Missing draft capital is Not enough information and is not confirmed UDFA; fake round 8 is blocked.,false,false,false
00-0038619,2023,6,206,CIN,true,drafted_only_review_admission,Missing draft capital is Not enough information and is not confirmed UDFA; fake round 8 is blocked.,false,false,false
00-0038627,2023,7,219,DET,true,drafted_only_review_admission,Missing draft capital is Not enough information and is not confirmed UDFA; fake round 8 is blocked.,false,false,false
00-0038979,2023,3,74,CLE,true,drafted_only_review_admission,Missing draft capital is Not enough information and is not confirmed UDFA; fake round 8 is blocked.,false,false,false
00-0038576,2023,4,131,CIN,true,drafted_only_review_admission,Missing draft capital is Not enough information and is not confirmed UDFA; fake round 8 is blocked.,false,false,false
00-0038632,2023,7,228,TEN,true,drafted_only_review_admission,Missing draft capital is Not enough information and is not confirmed UDFA; fake round 8 is blocked.,false,false,false
00-0038621,2023,6,210,NWE,true,drafted_only_review_admission,Missing draft capital is Not enough information and is not confirmed UDFA; fake round 8 is blocked.,false,false,false
00-0038573,2023,4,125,LAC,true,drafted_only_review_admission,Missing draft capital is Not enough information and is not confirmed UDFA; fake round 8 is blocked.,false,false,false
00-0038393,2023,5,159,GNB,true,drafted_only_review_admission,Missing draft capital is Not enough information and is not confirmed UDFA; fake round 8 is blocked.,false,false,false
00-0039041,2023,6,197,MIA,true,drafted_only_review_admission,Missing draft capital is Not enough information and is not confirmed UDFA; fake round 8 is blocked.,false,false,false
00-0038507,2023,7,256,GNB,true,drafted_only_review_admission,Missing draft capital is Not enough information and is not confirmed UDFA; fake round 8 is blocked.,false,false,false
00-0038640,2023,7,244,DAL,true,drafted_only_review_admission,Missing draft capital is Not enough information and is not confirmed UDFA; fake round 8 is blocked.,false,false,false
00-0038938,2023,3,73,NYG,true,drafted_only_review_admission,Missing draft capital is Not enough information and is not confirmed UDFA; fake round 8 is blocked.,false,false,false
00-0038543,2023,1,20,SEA,true,drafted_only_review_admission,Missing draft capital is Not enough information and is not confirmed UDFA; fake round 8 is blocked.,false,false,false
00-0039146,2023,2,50,GNB,true,drafted_only_review_admission,Missing draft capital is Not enough information and is not confirmed UDFA; fake round 8 is blocked.,false,false,false
00-0039062,2023,2,39,CAR,true,drafted_only_review_admission,Missing draft capital is Not enough information and is not confirmed UDFA; fake round 8 is blocked.,false,false,false
00-0038994,2023,1,23,MIN,true,drafted_only_review_admission,Missing draft capital is Not enough information and is not confirmed UDFA; fake round 8 is blocked.,false,false,false
00-0038997,2023,3,79,IND,true,drafted_only_review_admission,Missing draft capital is Not enough information and is not confirmed UDFA; fake round 8 is blocked.,false,false,false
00-0038590,2023,5,150,BUF,true,drafted_only_review_admission,Missing draft capital is Not enough information and is not confirmed UDFA; fake round 8 is blocked.,false,false,false
00-0038608,2023,6,187,NWE,true,drafted_only_review_admission,Missing draft capital is Not enough information and is not confirmed UDFA; fake round 8 is blocked.,false,false,false
00-0038976,2023,2,63,DEN,true,drafted_only_review_admission,Missing draft capital is Not enough information and is not confirmed UDFA; fake round 8 is blocked.,false,false,false
00-0038559,2023,3,94,ARI,true,drafted_only_review_admission,Missing draft capital is Not enough information and is not confirmed UDFA; fake round 8 is blocked.,false,false,false
00-0038606,2023,6,185,JAX,true,drafted_only_review_admission,Missing draft capital is Not enough information and is not confirmed UDFA; fake round 8 is blocked.,false,false,false
00-0039075,2023,5,177,LAR,true,drafted_only_review_admission,Missing draft capital is Not enough information and is not confirmed UDFA; fake round 8 is blocked.,false,false,false
00-0038544,2023,1,21,LAC,true,drafted_only_review_admission,Missing draft capital is Not enough information and is not confirmed UDFA; fake round 8 is blocked.,false,false,false
00-0039067,2023,2,55,KAN,true,drafted_only_review_admission,Missing draft capital is Not enough information and is not confirmed UDFA; fake round 8 is blocked.,false,false,false
00-0038647,2023,7,253,SFO,true,drafted_only_review_admission,Missing draft capital is Not enough information and is not confirmed UDFA; fake round 8 is blocked.,false,false,false
00-0038977,2023,3,69,HOU,true,drafted_only_review_admission,Missing draft capital is Not enough information and is not confirmed UDFA; fake round 8 is blocked.,false,false,false
00-0038563,2023,3,100,LVR,true,drafted_only_review_admission,Missing draft capital is Not enough information and is not confirmed UDFA; fake round 8 is blocked.,false,false,false
00-0039052,2023,6,191,TAM,true,drafted_only_review_admission,Missing draft capital is Not enough information and is not confirmed UDFA; fake round 8 is blocked.,false,false,false
00-0038941,2023,4,133,CHI,true,drafted_only_review_admission,Missing draft capital is Not enough information and is not confirmed UDFA; fake round 8 is blocked.,false,false,false
00-0038618,2023,6,205,HOU,true,drafted_only_review_admission,Missing draft capital is Not enough information and is not confirmed UDFA; fake round 8 is blocked.,false,false,false
00-0039064,2023,1,22,BAL,true,drafted_only_review_admission,Missing draft capital is Not enough information and is not confirmed UDFA; fake round 8 is blocked.,false,false,false
00-0039732,2024,1,12,DEN,true,drafted_only_review_admission,Missing draft capital is Not enough information and is not confirmed UDFA; fake round 8 is blocked.,false,false,false
00-0039918,2024,1,1,CHI,true,drafted_only_review_admission,Missing draft capital is Not enough information and is not confirmed UDFA; fake round 8 is blocked.,false,false,false
00-0039801,2024,6,218,BAL,true,drafted_only_review_admission,Missing draft capital is Not enough information and is not confirmed UDFA; fake round 8 is blocked.,false,false,false
00-0039851,2024,1,3,NWE,true,drafted_only_review_admission,Missing draft capital is Not enough information and is not confirmed UDFA; fake round 8 is blocked.,false,false,false
00-0039923,2024,1,10,MIN,true,drafted_only_review_admission,Missing draft capital is Not enough information and is not confirmed UDFA; fake round 8 is blocked.,false,false,false
00-0039910,2024,1,2,WAS,true,drafted_only_review_admission,Missing draft capital is Not enough information and is not confirmed UDFA; fake round 8 is blocked.,false,false,false
00-0039398,2024,6,193,NWE,true,drafted_only_review_admission,Missing draft capital is Not enough information and is not confirmed UDFA; fake round 8 is blocked.,false,false,false
00-0039797,2024,5,171,NYJ,true,drafted_only_review_admission,Missing draft capital is Not enough information and is not confirmed UDFA; fake round 8 is blocked.,false,false,false
00-0039917,2024,1,8,ATL,true,drafted_only_review_admission,Missing draft capital is Not enough information and is not confirmed UDFA; fake round 8 is blocked.,false,false,false
00-0039238,2024,7,245,GNB,true,drafted_only_review_admission,Missing draft capital is Not enough information and is not confirmed UDFA; fake round 8 is blocked.,false,false,false
00-0039376,2024,5,150,NOR,true,drafted_only_review_admission,Missing draft capital is Not enough information and is not confirmed UDFA; fake round 8 is blocked.,false,false,false
00-0039373,2024,5,147,DEN,true,drafted_only_review_admission,Missing draft capital is Not enough information and is not confirmed UDFA; fake round 8 is blocked.,false,false,false
00-0039738,2024,3,83,LAR,true,drafted_only_review_admission,Missing draft capital is Not enough information and is not confirmed UDFA; fake round 8 is blocked.,false,false,false
00-0039794,2024,4,134,NYJ,true,drafted_only_review_admission,Missing draft capital is Not enough information and is not confirmed UDFA; fake round 8 is blocked.,false,false,false
00-0039361,2024,4,125,TAM,true,drafted_only_review_admission,Missing draft capital is Not enough information and is not confirmed UDFA; fake round 8 is blocked.,false,false,false
00-0039407,2024,6,208,LVR,true,drafted_only_review_admission,Missing draft capital is Not enough information and is not confirmed UDFA; fake round 8 is blocked.,false,false,false
00-0039363,2024,4,129,SFO,true,drafted_only_review_admission,Missing draft capital is Not enough information and is not confirmed UDFA; fake round 8 is blocked.,false,false,false
00-0039798,2024,5,173,NYJ,true,drafted_only_review_admission,Missing draft capital is Not enough information and is not confirmed UDFA; fake round 8 is blocked.,false,false,false
00-0039393,2024,6,186,ATL,true,drafted_only_review_admission,Missing draft capital is Not enough information and is not confirmed UDFA; fake round 8 is blocked.,false,false,false
00-0039405,2024,6,205,HOU,true,drafted_only_review_admission,Missing draft capital is Not enough information and is not confirmed UDFA; fake round 8 is blocked.,false,false,false
00-0039874,2024,4,120,MIA,true,drafted_only_review_admission,Missing draft capital is Not enough information and is not confirmed UDFA; fake round 8 is blocked.,false,false,false
00-0039344,2024,2,46,CAR,true,drafted_only_review_admission,Missing draft capital is Not enough information and is not confirmed UDFA; fake round 8 is blocked.,false,false,false
00-0039385,2024,5,167,JAX,true,drafted_only_review_admission,Missing draft capital is Not enough information and is not confirmed UDFA; fake round 8 is blocked.,false,false,false
00-0039391,2024,6,181,LAC,true,drafted_only_review_admission,Missing draft capital is Not enough information and is not confirmed UDFA; fake round 8 is blocked.,false,false,false
00-0039811,2024,3,88,GNB,true,drafted_only_review_admission,Missing draft capital is Not enough information and is not confirmed UDFA; fake round 8 is blocked.,false,false,false
00-0039796,2024,5,165,BAL,true,drafted_only_review_admission,Missing draft capital is Not enough information and is not confirmed UDFA; fake round 8 is blocked.,false,false,false
00-0039875,2024,4,128,BUF,true,drafted_only_review_admission,Missing draft capital is Not enough information and is not confirmed UDFA; fake round 8 is blocked.,false,false,false
00-0039921,2024,3,66,ARI,true,drafted_only_review_admission,Missing draft capital is Not enough information and is not confirmed UDFA; fake round 8 is blocked.,false,false,false
00-0039384,2024,5,166,NYG,true,drafted_only_review_admission,Missing draft capital is Not enough information and is not confirmed UDFA; fake round 8 is blocked.,false,false,false
00-0039746,2024,4,127,PHI,true,drafted_only_review_admission,Missing draft capital is Not enough information and is not confirmed UDFA; fake round 8 is blocked.,false,false,false
00-0039793,2024,4,121,SEA,true,drafted_only_review_admission,Missing draft capital is Not enough information and is not confirmed UDFA; fake round 8 is blocked.,false,false,false
00-0039912,2024,2,53,WAS,true,drafted_only_review_admission,Missing draft capital is Not enough information and is not confirmed UDFA; fake round 8 is blocked.,false,false,false
00-0039338,2024,1,13,LVR,true,drafted_only_review_admission,Missing draft capital is Not enough information and is not confirmed UDFA; fake round 8 is blocked.,false,false,false
00-0039359,2024,4,123,HOU,true,drafted_only_review_admission,Missing draft capital is Not enough information and is not confirmed UDFA; fake round 8 is blocked.,false,false,false
00-0039754,2024,7,246,TAM,true,drafted_only_review_admission,Missing draft capital is Not enough information and is not confirmed UDFA; fake round 8 is blocked.,false,false,false
00-0039814,2024,4,115,CIN,true,drafted_only_review_admission,Missing draft capital is Not enough information and is not confirmed UDFA; fake round 8 is blocked.,false,false,false
00-0039356,2024,4,101,CAR,true,drafted_only_review_admission,Missing draft capital is Not enough information and is not confirmed UDFA; fake round 8 is blocked.,false,false,false
00-0039420,2024,7,231,NWE,true,drafted_only_review_admission,Missing draft capital is Not enough information and is not confirmed UDFA; fake round 8 is blocked.,false,false,false
00-0039824,2024,4,131,KAN,true,drafted_only_review_admission,Missing draft capital is Not enough information and is not confirmed UDFA; fake round 8 is blocked.,false,false,false
00-0039399,2024,6,194,CIN,true,drafted_only_review_admission,Missing draft capital is Not enough information and is not confirmed UDFA; fake round 8 is blocked.,false,false,false
00-0039847,2024,4,107,NYG,true,drafted_only_review_admission,Missing draft capital is Not enough information and is not confirmed UDFA; fake round 8 is blocked.,false,false,false
00-0039737,2024,3,82,ARI,true,drafted_only_review_admission,Missing draft capital is Not enough information and is not confirmed UDFA; fake round 8 is blocked.,false,false,false
00-0039890,2024,2,52,IND,true,drafted_only_review_admission,Missing draft capital is Not enough information and is not confirmed UDFA; fake round 8 is blocked.,false,false,false
00-0039747,2024,5,152,PHI,true,drafted_only_review_admission,Missing draft capital is Not enough information and is not confirmed UDFA; fake round 8 is blocked.,false,false,false
00-0039816,2024,5,142,IND,true,drafted_only_review_admission,Missing draft capital is Not enough information and is not confirmed UDFA; fake round 8 is blocked.,false,false,false
00-0039415,2024,7,225,LAC,true,drafted_only_review_admission,Missing draft capital is Not enough information and is not confirmed UDFA; fake round 8 is blocked.,false,false,false
00-0039893,2024,1,23,JAX,true,drafted_only_review_admission,Missing draft capital is Not enough information and is not confirmed UDFA; fake round 8 is blocked.,false,false,false
00-0039386,2024,5,170,NOR,true,drafted_only_review_admission,Missing draft capital is Not enough information and is not confirmed UDFA; fake round 8 is blocked.,false,false,false
00-0039394,2024,6,187,ATL,true,drafted_only_review_admission,Missing draft capital is Not enough information and is not confirmed UDFA; fake round 8 is blocked.,false,false,false
00-0039437,2024,7,253,LAC,true,drafted_only_review_admission,Missing draft capital is Not enough information and is not confirmed UDFA; fake round 8 is blocked.,false,false,false
00-0039424,2024,7,235,DEN,true,drafted_only_review_admission,Missing draft capital is Not enough information and is not confirmed UDFA; fake round 8 is blocked.,false,false,false
00-0039792,2024,4,113,BAL,true,drafted_only_review_admission,Missing draft capital is Not enough information and is not confirmed UDFA; fake round 8 is blocked.,false,false,false
00-0039907,2024,2,37,NWE,true,drafted_only_review_admission,Missing draft capital is Not enough information and is not confirmed UDFA; fake round 8 is blocked.,false,false,false
00-0039365,2024,4,135,SFO,true,drafted_only_review_admission,Missing draft capital is Not enough information and is not confirmed UDFA; fake round 8 is blocked.,false,false,false
00-0039855,2024,3,92,TAM,true,drafted_only_review_admission,Missing draft capital is Not enough information and is not confirmed UDFA; fake round 8 is blocked.,false,false,false
00-0039379,2024,5,156,CLE,true,drafted_only_review_admission,Missing draft capital is Not enough information and is not confirmed UDFA; fake round 8 is blocked.,false,false,false
00-0039853,2024,4,110,NWE,true,drafted_only_review_admission,Missing draft capital is Not enough information and is not confirmed UDFA; fake round 8 is blocked.,false,false,false
00-0039810,2024,3,80,CIN,true,drafted_only_review_admission,Missing draft capital is Not enough information and is not confirmed UDFA; fake round 8 is blocked.,false,false,false
00-0039392,2024,6,182,TEN,true,drafted_only_review_admission,Missing draft capital is Not enough information and is not confirmed UDFA; fake round 8 is blocked.,false,false,false
00-0039236,2024,6,185,PHI,true,drafted_only_review_admission,Missing draft capital is Not enough information and is not confirmed UDFA; fake round 8 is blocked.,false,false,false
00-0039751,2024,6,213,LAR,true,drafted_only_review_admission,Missing draft capital is Not enough information and is not confirmed UDFA; fake round 8 is blocked.,false,false,false
00-0039901,2024,2,33,BUF,true,drafted_only_review_admission,Missing draft capital is Not enough information and is not confirmed UDFA; fake round 8 is blocked.,false,false,false
00-0039915,2024,2,34,LAC,true,drafted_only_review_admission,Missing draft capital is Not enough information and is not confirmed UDFA; fake round 8 is blocked.,false,false,false
00-0039355,2024,3,100,WAS,true,drafted_only_review_admission,Missing draft capital is Not enough information and is not confirmed UDFA; fake round 8 is blocked.,false,false,false
00-0039920,2024,3,65,NYJ,true,drafted_only_review_admission,Missing draft capital is Not enough information and is not confirmed UDFA; fake round 8 is blocked.,false,false,false
00-0039337,2024,1,6,NYG,true,drafted_only_review_admission,Missing draft capital is Not enough information and is not confirmed UDFA; fake round 8 is blocked.,false,false,false
00-0039880,2024,6,184,MIA,true,drafted_only_review_admission,Missing draft capital is Not enough information and is not confirmed UDFA; fake round 8 is blocked.,false,false,false
00-0039849,2024,1,4,ARI,true,drafted_only_review_admission,Missing draft capital is Not enough information and is not confirmed UDFA; fake round 8 is blocked.,false,false,false
00-0039916,2024,1,31,SFO,true,drafted_only_review_admission,Missing draft capital is Not enough information and is not confirmed UDFA; fake round 8 is blocked.,false,false,false
00-0039739,2024,3,84,PIT,true,drafted_only_review_admission,Missing draft capital is Not enough information and is not confirmed UDFA; fake round 8 is blocked.,false,false,false
00-0039919,2024,1,9,CHI,true,drafted_only_review_admission,Missing draft capital is Not enough information and is not confirmed UDFA; fake round 8 is blocked.,false,false,false
00-0039410,2024,6,216,DAL,true,drafted_only_review_admission,Missing draft capital is Not enough information and is not confirmed UDFA; fake round 8 is blocked.,false,false,false
00-0039884,2024,7,241,MIA,true,drafted_only_review_admission,Missing draft capital is Not enough information and is not confirmed UDFA; fake round 8 is blocked.,false,false,false
00-0039397,2024,6,191,ARI,true,drafted_only_review_admission,Missing draft capital is Not enough information and is not confirmed UDFA; fake round 8 is blocked.,false,false,false
00-0039868,2024,4,102,DEN,true,drafted_only_review_admission,Missing draft capital is Not enough information and is not confirmed UDFA; fake round 8 is blocked.,false,false,false
00-0039342,2024,1,32,CAR,true,drafted_only_review_admission,Missing draft capital is Not enough information and is not confirmed UDFA; fake round 8 is blocked.,false,false,false
00-0039894,2024,1,28,KAN,true,drafted_only_review_admission,Missing draft capital is Not enough information and is not confirmed UDFA; fake round 8 is blocked.,false,false,false
