batch_id,proof_pattern_id,queue_category,queue_row_count,subject_endpoint_type,missing_endpoint_type,evidence_state_classification,required_proof,candidate_existing_proof_source,candidate_proof_state,locality_class,rights_privacy_class,closure_risk,planning_status,expected_closure_method,permitted_future_action,prohibited_shortcuts,expected_canonical_files_affected_in_future_lane,rollback_method,validation_requirements,stop_conditions,first_lane_recommendation
batch_0332fa6604a0afb117f5cccf,proofpat_ed6f01c542848798651685be,ARTIFACT_RECEIPT_LINK_MISSING,8,ARTIFACT,RECEIPT,SUPERSEDED,EXACT_ARTIFACT_ID;CANONICAL_RECEIPT_ID;EXACT_DOCUMENTED_RECEIPT_RELATIONSHIP;VALID_HASH_OR_MANIFEST_REFERENCE;RIGHTS_CLEARANCE;LOCALITY_CLEARANCE;EXACT_QUEUE_GRAIN_NOT_APPLICABLE_DECISION_REQUIRED_TO_USE_NOT_APPLICABLE;EXACT_CURRENT_AVAILABILITY_RECEIPT;NO_PERSISTENCE_ASSUMPTION,docs/hq/rookie_evidence_workspace_v1/registries/SANITIZED_LOCATOR_REGISTRY.csv#SANITIZED_LOCAL_METADATA_NOT_CLOSURE_PROOF,PROOF_RESTRICTED_OR_LOCAL_ONLY,LOCAL_ONLY,NOT_ENOUGH_INFORMATION_LOCAL_REVIEW_DATA_SANITIZED_ONLY,HIGH_AVAILABILITY_AND_PERSISTENCE_UNPROVED,LOCAL_ONLY_AVAILABILITY_BLOCKER,EXACT_ENDPOINT_AND_RELATIONSHIP_PROOF_THEN_APPEND_ONLY_CLOSED_WITH_RECEIPT_EVENT;OR_EXPLICIT_QUEUE_GRAIN_NOT_APPLICABLE_DECISION_THEN_APPEND_ONLY_EVENT,REQUEST_CURRENT_AVAILABILITY_RECEIPT;VALIDATE_SANITIZED_LOCATOR;DO_NOT_ASSUME_PERSISTENCE_OR_CLOSE,NO_PATH_FILENAME_DIRECTORY_SEMANTIC_TITLE_SOURCE_FAMILY_NAME_SEASON_ROWCOUNT_TIMESTAMP_PUBLIC_CACHE_OR_MODEL_INFERENCE;NO_AUTO_LINK;NO_AUTO_CLOSE;NO_PLAYER_OR_IDENTITY_FACTS;NO_PERMISSION_OR_AUTHORITY_SIDE_EFFECT,docs/hq/rookie_evidence_workspace_v1/registries/SOURCE_RECEIPT_REGISTRY.csv;docs/hq/rookie_evidence_workspace_v1/registries/ARTIFACT_RECEIPT_LINK.csv;docs/hq/rookie_evidence_workspace_v1/governance/QUEUE_CLOSURE_EVENT_LEDGER.csv,BEFORE_ADOPTION_REVERT_UNACCEPTED_COMMIT;AFTER_ADOPTION_APPEND_ROLLBACK_EVENT_REFERENCING_CLOSURE_EVENT_AND_APPEND_SUPERSEDING_ENDPOINT_OR_LINK_EVENT;NEVER_EDIT_OR_DELETE_HISTORY,QUEUE_ID_UNIQUE;BATCH_ROW_COUNT_RECONCILES;RECEIPT_ENDPOINT_EXACT;PROOF_HASH_VALID;RELATIONSHIP_GRAIN_EXACT;RIGHTS_LOCALITY_PASS;AUTHORITY_EFFECT_NO_BROADENING;SOURCE_USE_EFFECT_NO_BROADENING;QUEUE_ROW_UNCHANGED;APPEND_ONLY_EVENT_SCHEMA_PASS,MISSING_OR_NONCANONICAL_ENDPOINT;MISSING_PROOF_HASH_OR_EXPLICIT_RELATIONSHIP;AUTHORITY_OR_USE_PERMISSION_BROADENING;IDENTITY_OR_PLAYER_FACT_REQUIRED;RESTRICTED_OR_REVERSIBLE_LOCATOR_REQUIRED;ANY_PROTECTED_FROZEN_RUNTIME_APP_RANKING_FORMULA_SOURCE_REGISTRY_OR_PLUGIN_GOVERNANCE_SIDE_EFFECT;AVAILABILITY_OR_PERSISTENCE_UNPROVED,NO
batch_059536c7d62df4078f4223f3,proofpat_30dcc0fb325687b75dc558a3,ARTIFACT_SOURCE_LINK_MISSING,3,ARTIFACT,SOURCE,DUPLICATE_CONFLICTING,EXACT_ARTIFACT_ID;CANONICAL_SOURCE_ID;EXACT_EXPLICIT_RECEIPT_OR_MANIFEST_RELATIONSHIP;EVIDENCE_SHA256;NO_SOURCE_PROMOTION;NO_INFERRED_SOURCE_FAMILY_MATCH;EXPLICIT_CONFLICT_DISPOSITION_WITH_NO_AUTOMATIC_WINNER;EXACT_CURRENT_AVAILABILITY_RECEIPT;NO_PERSISTENCE_ASSUMPTION,docs/hq/rookie_evidence_workspace_v1/registries/SANITIZED_LOCATOR_REGISTRY.csv#SANITIZED_LOCAL_METADATA_NOT_CLOSURE_PROOF,PROOF_RESTRICTED_OR_LOCAL_ONLY,LOCAL_ONLY,NOT_ENOUGH_INFORMATION_LOCAL_REVIEW_DATA_SANITIZED_ONLY,CRITICAL_CONFLICT_NO_AUTOMATIC_WINNER,CONFLICTING_EVIDENCE_ESCALATION,EXPLICIT_CONFLICT_DISPOSITION_THEN_EXACT_RELATIONSHIP_PROOF_AND_APPEND_ONLY_EVENT,ESCALATE_CONFLICT_WITH_NO_AUTOMATIC_WINNER;PREPARE_EXACT_PROOF_ONLY_AFTER_EXPLICIT_DISPOSITION;DO_NOT_CLOSE,NO_PATH_FILENAME_DIRECTORY_SEMANTIC_TITLE_SOURCE_FAMILY_NAME_SEASON_ROWCOUNT_TIMESTAMP_PUBLIC_CACHE_OR_MODEL_INFERENCE;NO_AUTO_LINK;NO_AUTO_CLOSE;NO_PLAYER_OR_IDENTITY_FACTS;NO_PERMISSION_OR_AUTHORITY_SIDE_EFFECT,docs/hq/rookie_evidence_workspace_v1/registries/SOURCE_REGISTRY.csv;docs/hq/rookie_evidence_workspace_v1/registries/ARTIFACT_SOURCE_LINK.csv;docs/hq/rookie_evidence_workspace_v1/governance/QUEUE_CLOSURE_EVENT_LEDGER.csv,BEFORE_ADOPTION_REVERT_UNACCEPTED_COMMIT;AFTER_ADOPTION_APPEND_ROLLBACK_EVENT_REFERENCING_CLOSURE_EVENT_AND_APPEND_SUPERSEDING_ENDPOINT_OR_LINK_EVENT;NEVER_EDIT_OR_DELETE_HISTORY,QUEUE_ID_UNIQUE;BATCH_ROW_COUNT_RECONCILES;SOURCE_ENDPOINT_EXACT;PROOF_HASH_VALID;RELATIONSHIP_GRAIN_EXACT;RIGHTS_LOCALITY_PASS;AUTHORITY_EFFECT_NO_BROADENING;SOURCE_USE_EFFECT_NO_BROADENING;QUEUE_ROW_UNCHANGED;APPEND_ONLY_EVENT_SCHEMA_PASS,MISSING_OR_NONCANONICAL_ENDPOINT;MISSING_PROOF_HASH_OR_EXPLICIT_RELATIONSHIP;AUTHORITY_OR_USE_PERMISSION_BROADENING;IDENTITY_OR_PLAYER_FACT_REQUIRED;RESTRICTED_OR_REVERSIBLE_LOCATOR_REQUIRED;ANY_PROTECTED_FROZEN_RUNTIME_APP_RANKING_FORMULA_SOURCE_REGISTRY_OR_PLUGIN_GOVERNANCE_SIDE_EFFECT;CONFLICT_UNRESOLVED_OR_AUTOMATIC_WINNER_PROPOSED;AVAILABILITY_OR_PERSISTENCE_UNPROVED,NO
batch_068381c9a7017466bcefb453,proofpat_80b9d9835818524b39c6c154,ARTIFACT_AUTHORITY_LINK_MISSING,7,ARTIFACT,AUTHORITY,DUPLICATE_EQUIVALENT,EXACT_ARTIFACT_ID;EXACT_AUTHORITY_ID;EXPLICIT_MANIFEST_OR_CONTROLLING_DECISION_CONNECTING_BOTH_IDS;EVIDENCE_SHA256;AUTHORITY_EFFECT_METADATA_ONLY;PRODUCTION_AUTHORITY_FALSE;PLAYER_VALUE_AUTHORITY_FALSE;EXACT_CURRENT_AVAILABILITY_RECEIPT;NO_PERSISTENCE_ASSUMPTION,docs/hq/rookie_evidence_workspace_v1/registries/SANITIZED_LOCATOR_REGISTRY.csv#SANITIZED_LOCAL_METADATA_NOT_CLOSURE_PROOF,PROOF_RESTRICTED_OR_LOCAL_ONLY,LOCAL_ONLY,NOT_ENOUGH_INFORMATION_LOCAL_REVIEW_DATA_SANITIZED_ONLY,HIGH_AVAILABILITY_AND_PERSISTENCE_UNPROVED,LOCAL_ONLY_AVAILABILITY_BLOCKER,EXACT_ENDPOINT_AND_RELATIONSHIP_PROOF_THEN_APPEND_ONLY_CLOSED_WITH_RECEIPT_EVENT;OR_EXPLICIT_QUEUE_GRAIN_NOT_APPLICABLE_DECISION_THEN_APPEND_ONLY_EVENT,REQUEST_CURRENT_AVAILABILITY_RECEIPT;VALIDATE_SANITIZED_LOCATOR;DO_NOT_ASSUME_PERSISTENCE_OR_CLOSE,NO_PATH_FILENAME_DIRECTORY_SEMANTIC_TITLE_SOURCE_FAMILY_NAME_SEASON_ROWCOUNT_TIMESTAMP_PUBLIC_CACHE_OR_MODEL_INFERENCE;NO_AUTO_LINK;NO_AUTO_CLOSE;NO_PLAYER_OR_IDENTITY_FACTS;NO_PERMISSION_OR_AUTHORITY_SIDE_EFFECT,docs/hq/rookie_evidence_workspace_v1/registries/AUTHORITY_REGISTRY.csv;docs/hq/rookie_evidence_workspace_v1/registries/ARTIFACT_AUTHORITY_LINK.csv;docs/hq/rookie_evidence_workspace_v1/governance/QUEUE_CLOSURE_EVENT_LEDGER.csv,BEFORE_ADOPTION_REVERT_UNACCEPTED_COMMIT;AFTER_ADOPTION_APPEND_ROLLBACK_EVENT_REFERENCING_CLOSURE_EVENT_AND_APPEND_SUPERSEDING_ENDPOINT_OR_LINK_EVENT;NEVER_EDIT_OR_DELETE_HISTORY,QUEUE_ID_UNIQUE;BATCH_ROW_COUNT_RECONCILES;AUTHORITY_ENDPOINT_EXACT;PROOF_HASH_VALID;RELATIONSHIP_GRAIN_EXACT;RIGHTS_LOCALITY_PASS;AUTHORITY_EFFECT_NO_BROADENING;SOURCE_USE_EFFECT_NO_BROADENING;QUEUE_ROW_UNCHANGED;APPEND_ONLY_EVENT_SCHEMA_PASS,MISSING_OR_NONCANONICAL_ENDPOINT;MISSING_PROOF_HASH_OR_EXPLICIT_RELATIONSHIP;AUTHORITY_OR_USE_PERMISSION_BROADENING;IDENTITY_OR_PLAYER_FACT_REQUIRED;RESTRICTED_OR_REVERSIBLE_LOCATOR_REQUIRED;ANY_PROTECTED_FROZEN_RUNTIME_APP_RANKING_FORMULA_SOURCE_REGISTRY_OR_PLUGIN_GOVERNANCE_SIDE_EFFECT;AVAILABILITY_OR_PERSISTENCE_UNPROVED,NO
batch_110c358bf070e07b490709b6,proofpat_b7c1d1efef7c540866b11b23,ARTIFACT_RECEIPT_LINK_MISSING,7,ARTIFACT,RECEIPT,DUPLICATE_EQUIVALENT,EXACT_ARTIFACT_ID;CANONICAL_RECEIPT_ID;EXACT_DOCUMENTED_RECEIPT_RELATIONSHIP;VALID_HASH_OR_MANIFEST_REFERENCE;RIGHTS_CLEARANCE;LOCALITY_CLEARANCE;EXACT_CURRENT_AVAILABILITY_RECEIPT;NO_PERSISTENCE_ASSUMPTION,docs/hq/rookie_evidence_workspace_v1/registries/SANITIZED_LOCATOR_REGISTRY.csv#SANITIZED_LOCAL_METADATA_NOT_CLOSURE_PROOF,PROOF_RESTRICTED_OR_LOCAL_ONLY,LOCAL_ONLY,NOT_ENOUGH_INFORMATION_LOCAL_REVIEW_DATA_SANITIZED_ONLY,HIGH_AVAILABILITY_AND_PERSISTENCE_UNPROVED,LOCAL_ONLY_AVAILABILITY_BLOCKER,EXACT_ENDPOINT_AND_RELATIONSHIP_PROOF_THEN_APPEND_ONLY_CLOSED_WITH_RECEIPT_EVENT;OR_EXPLICIT_QUEUE_GRAIN_NOT_APPLICABLE_DECISION_THEN_APPEND_ONLY_EVENT,REQUEST_CURRENT_AVAILABILITY_RECEIPT;VALIDATE_SANITIZED_LOCATOR;DO_NOT_ASSUME_PERSISTENCE_OR_CLOSE,NO_PATH_FILENAME_DIRECTORY_SEMANTIC_TITLE_SOURCE_FAMILY_NAME_SEASON_ROWCOUNT_TIMESTAMP_PUBLIC_CACHE_OR_MODEL_INFERENCE;NO_AUTO_LINK;NO_AUTO_CLOSE;NO_PLAYER_OR_IDENTITY_FACTS;NO_PERMISSION_OR_AUTHORITY_SIDE_EFFECT,docs/hq/rookie_evidence_workspace_v1/registries/SOURCE_RECEIPT_REGISTRY.csv;docs/hq/rookie_evidence_workspace_v1/registries/ARTIFACT_RECEIPT_LINK.csv;docs/hq/rookie_evidence_workspace_v1/governance/QUEUE_CLOSURE_EVENT_LEDGER.csv,BEFORE_ADOPTION_REVERT_UNACCEPTED_COMMIT;AFTER_ADOPTION_APPEND_ROLLBACK_EVENT_REFERENCING_CLOSURE_EVENT_AND_APPEND_SUPERSEDING_ENDPOINT_OR_LINK_EVENT;NEVER_EDIT_OR_DELETE_HISTORY,QUEUE_ID_UNIQUE;BATCH_ROW_COUNT_RECONCILES;RECEIPT_ENDPOINT_EXACT;PROOF_HASH_VALID;RELATIONSHIP_GRAIN_EXACT;RIGHTS_LOCALITY_PASS;AUTHORITY_EFFECT_NO_BROADENING;SOURCE_USE_EFFECT_NO_BROADENING;QUEUE_ROW_UNCHANGED;APPEND_ONLY_EVENT_SCHEMA_PASS,MISSING_OR_NONCANONICAL_ENDPOINT;MISSING_PROOF_HASH_OR_EXPLICIT_RELATIONSHIP;AUTHORITY_OR_USE_PERMISSION_BROADENING;IDENTITY_OR_PLAYER_FACT_REQUIRED;RESTRICTED_OR_REVERSIBLE_LOCATOR_REQUIRED;ANY_PROTECTED_FROZEN_RUNTIME_APP_RANKING_FORMULA_SOURCE_REGISTRY_OR_PLUGIN_GOVERNANCE_SIDE_EFFECT;AVAILABILITY_OR_PERSISTENCE_UNPROVED,NO
batch_114ea8ddacfb35dd9ecb344b,proofpat_79e0754bbbc0d650633e1079,ARTIFACT_DATASET_LINK_MISSING,19,ARTIFACT,DATASET,IDENTITY_UNRESOLVED,EXACT_ARTIFACT_ID;CANONICAL_DATASET_ID;EXACT_EXPLICIT_RECEIPT_OR_MANIFEST_RELATIONSHIP;EXACT_DATASET_GRAIN;EVIDENCE_SHA256;NO_FILENAME_OR_FOLDER_INFERENCE;PROOF_MUST_BE_INDEPENDENT_OF_PLAYER_IDENTITY,NONE_FOUND_IN_CANONICAL_HQ_OR_PERMITTED_GIT_HISTORY,PROOF_NOT_FOUND,LIVE_HQ,REVIEW_ONLY_PUBLIC_GOVERNANCE_NOT_AUTHORIZED_BY_LOCATOR,HIGH_NO_CURRENT_EXACT_CLOSURE_PROOF,REQUIRES_NEW_SOURCE_OR_DATASET_ENDPOINT,EXACT_ENDPOINT_AND_RELATIONSHIP_PROOF_THEN_APPEND_ONLY_CLOSED_WITH_RECEIPT_EVENT;OR_EXPLICIT_QUEUE_GRAIN_NOT_APPLICABLE_DECISION_THEN_APPEND_ONLY_EVENT,PREPARE_MISSING_CANONICAL_ENDPOINT_AND_EXACT_RELATIONSHIP_RECEIPT_IN_SEPARATELY_AUTHORIZED_LANE,NO_PATH_FILENAME_DIRECTORY_SEMANTIC_TITLE_SOURCE_FAMILY_NAME_SEASON_ROWCOUNT_TIMESTAMP_PUBLIC_CACHE_OR_MODEL_INFERENCE;NO_AUTO_LINK;NO_AUTO_CLOSE;NO_PLAYER_OR_IDENTITY_FACTS;NO_PERMISSION_OR_AUTHORITY_SIDE_EFFECT,docs/hq/rookie_evidence_workspace_v1/registries/DATASET_REGISTRY.csv;docs/hq/rookie_evidence_workspace_v1/registries/ARTIFACT_DATASET_LINK.csv;docs/hq/rookie_evidence_workspace_v1/governance/QUEUE_CLOSURE_EVENT_LEDGER.csv,BEFORE_ADOPTION_REVERT_UNACCEPTED_COMMIT;AFTER_ADOPTION_APPEND_ROLLBACK_EVENT_REFERENCING_CLOSURE_EVENT_AND_APPEND_SUPERSEDING_ENDPOINT_OR_LINK_EVENT;NEVER_EDIT_OR_DELETE_HISTORY,QUEUE_ID_UNIQUE;BATCH_ROW_COUNT_RECONCILES;DATASET_ENDPOINT_EXACT;PROOF_HASH_VALID;RELATIONSHIP_GRAIN_EXACT;RIGHTS_LOCALITY_PASS;AUTHORITY_EFFECT_NO_BROADENING;SOURCE_USE_EFFECT_NO_BROADENING;QUEUE_ROW_UNCHANGED;APPEND_ONLY_EVENT_SCHEMA_PASS,MISSING_OR_NONCANONICAL_ENDPOINT;MISSING_PROOF_HASH_OR_EXPLICIT_RELATIONSHIP;AUTHORITY_OR_USE_PERMISSION_BROADENING;IDENTITY_OR_PLAYER_FACT_REQUIRED;RESTRICTED_OR_REVERSIBLE_LOCATOR_REQUIRED;ANY_PROTECTED_FROZEN_RUNTIME_APP_RANKING_FORMULA_SOURCE_REGISTRY_OR_PLUGIN_GOVERNANCE_SIDE_EFFECT,NO
batch_1602db0e07834127ba519a03,proofpat_2441d307622223a8db79c7c0,ARTIFACT_RECEIPT_LINK_MISSING,3,ARTIFACT,RECEIPT,LOCAL_ONLY_RESTRICTED,EXACT_ARTIFACT_ID;CANONICAL_RECEIPT_ID;EXACT_DOCUMENTED_RECEIPT_RELATIONSHIP;VALID_HASH_OR_MANIFEST_REFERENCE;RIGHTS_CLEARANCE;LOCALITY_CLEARANCE;EXPLICIT_RIGHTS_USE_DECISION;NO_RESTRICTED_CONTENT_COPY,docs/hq/rookie_evidence_workspace_v1/registries/SANITIZED_LOCATOR_REGISTRY.csv#SANITIZED_LOCAL_METADATA_NOT_CLOSURE_PROOF,PROOF_RESTRICTED_OR_LOCAL_ONLY,LOCAL_ONLY_RESTRICTED,BLOCKED_LICENSED_PROVIDER_RESTRICTED_SANITIZED_ONLY,CRITICAL_RIGHTS_AND_PRIVACY_BLOCKED,RESTRICTED_LOCATOR_BLOCKER,EXACT_ENDPOINT_AND_RELATIONSHIP_PROOF_THEN_APPEND_ONLY_CLOSED_WITH_RECEIPT_EVENT;OR_EXPLICIT_QUEUE_GRAIN_NOT_APPLICABLE_DECISION_THEN_APPEND_ONLY_EVENT,REQUEST_PROVIDER_OR_LEGAL_RIGHTS_USE_DECISION;KEEP_SANITIZED_LOCATOR_ONLY;DO_NOT_CLOSE,NO_PATH_FILENAME_DIRECTORY_SEMANTIC_TITLE_SOURCE_FAMILY_NAME_SEASON_ROWCOUNT_TIMESTAMP_PUBLIC_CACHE_OR_MODEL_INFERENCE;NO_AUTO_LINK;NO_AUTO_CLOSE;NO_PLAYER_OR_IDENTITY_FACTS;NO_PERMISSION_OR_AUTHORITY_SIDE_EFFECT,docs/hq/rookie_evidence_workspace_v1/registries/SOURCE_RECEIPT_REGISTRY.csv;docs/hq/rookie_evidence_workspace_v1/registries/ARTIFACT_RECEIPT_LINK.csv;docs/hq/rookie_evidence_workspace_v1/governance/QUEUE_CLOSURE_EVENT_LEDGER.csv,BEFORE_ADOPTION_REVERT_UNACCEPTED_COMMIT;AFTER_ADOPTION_APPEND_ROLLBACK_EVENT_REFERENCING_CLOSURE_EVENT_AND_APPEND_SUPERSEDING_ENDPOINT_OR_LINK_EVENT;NEVER_EDIT_OR_DELETE_HISTORY,QUEUE_ID_UNIQUE;BATCH_ROW_COUNT_RECONCILES;RECEIPT_ENDPOINT_EXACT;PROOF_HASH_VALID;RELATIONSHIP_GRAIN_EXACT;RIGHTS_LOCALITY_PASS;AUTHORITY_EFFECT_NO_BROADENING;SOURCE_USE_EFFECT_NO_BROADENING;QUEUE_ROW_UNCHANGED;APPEND_ONLY_EVENT_SCHEMA_PASS,MISSING_OR_NONCANONICAL_ENDPOINT;MISSING_PROOF_HASH_OR_EXPLICIT_RELATIONSHIP;AUTHORITY_OR_USE_PERMISSION_BROADENING;IDENTITY_OR_PLAYER_FACT_REQUIRED;RESTRICTED_OR_REVERSIBLE_LOCATOR_REQUIRED;ANY_PROTECTED_FROZEN_RUNTIME_APP_RANKING_FORMULA_SOURCE_REGISTRY_OR_PLUGIN_GOVERNANCE_SIDE_EFFECT;RIGHTS_OR_PRIVACY_DECISION_ABSENT,NO
batch_18aa37b810b4825d143441a8,proofpat_9d4f48dd0687b8ae4b3aea72,ARTIFACT_SOURCE_LINK_MISSING,3,ARTIFACT,SOURCE,LOCAL_ONLY_RESTRICTED,EXACT_ARTIFACT_ID;CANONICAL_SOURCE_ID;EXACT_EXPLICIT_RECEIPT_OR_MANIFEST_RELATIONSHIP;EVIDENCE_SHA256;NO_SOURCE_PROMOTION;NO_INFERRED_SOURCE_FAMILY_MATCH;EXPLICIT_RIGHTS_USE_DECISION;NO_RESTRICTED_CONTENT_COPY,docs/hq/rookie_evidence_workspace_v1/registries/SANITIZED_LOCATOR_REGISTRY.csv#SANITIZED_LOCAL_METADATA_NOT_CLOSURE_PROOF,PROOF_RESTRICTED_OR_LOCAL_ONLY,LOCAL_ONLY_RESTRICTED,BLOCKED_LICENSED_PROVIDER_RESTRICTED_SANITIZED_ONLY,CRITICAL_RIGHTS_AND_PRIVACY_BLOCKED,RESTRICTED_LOCATOR_BLOCKER,EXACT_ENDPOINT_AND_RELATIONSHIP_PROOF_THEN_APPEND_ONLY_CLOSED_WITH_RECEIPT_EVENT;OR_EXPLICIT_QUEUE_GRAIN_NOT_APPLICABLE_DECISION_THEN_APPEND_ONLY_EVENT,REQUEST_PROVIDER_OR_LEGAL_RIGHTS_USE_DECISION;KEEP_SANITIZED_LOCATOR_ONLY;DO_NOT_CLOSE,NO_PATH_FILENAME_DIRECTORY_SEMANTIC_TITLE_SOURCE_FAMILY_NAME_SEASON_ROWCOUNT_TIMESTAMP_PUBLIC_CACHE_OR_MODEL_INFERENCE;NO_AUTO_LINK;NO_AUTO_CLOSE;NO_PLAYER_OR_IDENTITY_FACTS;NO_PERMISSION_OR_AUTHORITY_SIDE_EFFECT,docs/hq/rookie_evidence_workspace_v1/registries/SOURCE_REGISTRY.csv;docs/hq/rookie_evidence_workspace_v1/registries/ARTIFACT_SOURCE_LINK.csv;docs/hq/rookie_evidence_workspace_v1/governance/QUEUE_CLOSURE_EVENT_LEDGER.csv,BEFORE_ADOPTION_REVERT_UNACCEPTED_COMMIT;AFTER_ADOPTION_APPEND_ROLLBACK_EVENT_REFERENCING_CLOSURE_EVENT_AND_APPEND_SUPERSEDING_ENDPOINT_OR_LINK_EVENT;NEVER_EDIT_OR_DELETE_HISTORY,QUEUE_ID_UNIQUE;BATCH_ROW_COUNT_RECONCILES;SOURCE_ENDPOINT_EXACT;PROOF_HASH_VALID;RELATIONSHIP_GRAIN_EXACT;RIGHTS_LOCALITY_PASS;AUTHORITY_EFFECT_NO_BROADENING;SOURCE_USE_EFFECT_NO_BROADENING;QUEUE_ROW_UNCHANGED;APPEND_ONLY_EVENT_SCHEMA_PASS,MISSING_OR_NONCANONICAL_ENDPOINT;MISSING_PROOF_HASH_OR_EXPLICIT_RELATIONSHIP;AUTHORITY_OR_USE_PERMISSION_BROADENING;IDENTITY_OR_PLAYER_FACT_REQUIRED;RESTRICTED_OR_REVERSIBLE_LOCATOR_REQUIRED;ANY_PROTECTED_FROZEN_RUNTIME_APP_RANKING_FORMULA_SOURCE_REGISTRY_OR_PLUGIN_GOVERNANCE_SIDE_EFFECT;RIGHTS_OR_PRIVACY_DECISION_ABSENT,NO
batch_1bcc77c246b1bc02964c2b48,proofpat_724c51db4fb87e62a760666b,OFF_HQ_AUDIT_LOCATOR_REVIEW,17,ARTIFACT,LOCATOR,LOCAL_ONLY_RESTRICTED,EXPLICIT_RECOVERY_OR_ADMISSION_DECISION_BEFORE_ACTIVE_USE;PRESERVED_NO_RECREATE_LINK;NO_SILENT_RECREATION;NO_OFF_HQ_ACTIVATION_BY_THIS_EVENT;EXPLICIT_EXTERNAL_RECOVERY_OR_ADMISSION_DECISION;NO_RECREATION,docs/hq/rookie_evidence_workspace_v1/registries/SANITIZED_LOCATOR_REGISTRY.csv#OFF_HQ_BRANCH_ONLY_AUDIT_METADATA_NOT_CLOSURE_PROOF,PROOF_OFF_HQ_AUDIT_ONLY,OFF_HQ_BRANCH_ONLY,BLOCKED_OFF_HQ_AUDIT_LOCAL_REVIEW_DATA_NO_ACTIVATION,CRITICAL_OFF_HQ_ACTIVATION_PROHIBITED,OFF_HQ_AUDIT_ONLY,NO_CLOSURE_UNTIL_EXTERNAL_TRIGGER_THEN_EXACT_RECEIPT_AND_APPEND_ONLY_EVENT,WAIT_FOR_EXTERNAL_RECOVERY_OR_ADMISSION_TRIGGER;PRESERVE_NO_RECREATE_LINK;DO_NOT_ACTIVATE,NO_PATH_FILENAME_DIRECTORY_SEMANTIC_TITLE_SOURCE_FAMILY_NAME_SEASON_ROWCOUNT_TIMESTAMP_PUBLIC_CACHE_OR_MODEL_INFERENCE;NO_AUTO_LINK;NO_AUTO_CLOSE;NO_PLAYER_OR_IDENTITY_FACTS;NO_PERMISSION_OR_AUTHORITY_SIDE_EFFECT,docs/hq/rookie_evidence_workspace_v1/governance/QUEUE_CLOSURE_EVENT_LEDGER.csv_AFTER_EXTERNAL_TRIGGER_ONLY,BEFORE_ADOPTION_REVERT_UNACCEPTED_COMMIT;AFTER_ADOPTION_APPEND_ROLLBACK_EVENT_REFERENCING_CLOSURE_EVENT_AND_APPEND_SUPERSEDING_ENDPOINT_OR_LINK_EVENT;NEVER_EDIT_OR_DELETE_HISTORY,QUEUE_ID_UNIQUE;BATCH_ROW_COUNT_RECONCILES;LOCATOR_ENDPOINT_EXACT;PROOF_HASH_VALID;RELATIONSHIP_GRAIN_EXACT;RIGHTS_LOCALITY_PASS;AUTHORITY_EFFECT_NO_BROADENING;SOURCE_USE_EFFECT_NO_BROADENING;QUEUE_ROW_UNCHANGED;APPEND_ONLY_EVENT_SCHEMA_PASS,MISSING_OR_NONCANONICAL_ENDPOINT;MISSING_PROOF_HASH_OR_EXPLICIT_RELATIONSHIP;AUTHORITY_OR_USE_PERMISSION_BROADENING;IDENTITY_OR_PLAYER_FACT_REQUIRED;RESTRICTED_OR_REVERSIBLE_LOCATOR_REQUIRED;ANY_PROTECTED_FROZEN_RUNTIME_APP_RANKING_FORMULA_SOURCE_REGISTRY_OR_PLUGIN_GOVERNANCE_SIDE_EFFECT;EXTERNAL_RECOVERY_OR_ADMISSION_TRIGGER_ABSENT,NO
batch_220497c4f22418df8d6c471a,proofpat_326bea1fa6c2cee8f2675fc8,ARTIFACT_AUTHORITY_LINK_MISSING,3,ARTIFACT,AUTHORITY,DUPLICATE_CONFLICTING,EXACT_ARTIFACT_ID;EXACT_AUTHORITY_ID;EXPLICIT_MANIFEST_OR_CONTROLLING_DECISION_CONNECTING_BOTH_IDS;EVIDENCE_SHA256;AUTHORITY_EFFECT_METADATA_ONLY;PRODUCTION_AUTHORITY_FALSE;PLAYER_VALUE_AUTHORITY_FALSE;EXPLICIT_CONFLICT_DISPOSITION_WITH_NO_AUTOMATIC_WINNER;EXACT_CURRENT_AVAILABILITY_RECEIPT;NO_PERSISTENCE_ASSUMPTION,docs/hq/rookie_evidence_workspace_v1/registries/SANITIZED_LOCATOR_REGISTRY.csv#SANITIZED_LOCAL_METADATA_NOT_CLOSURE_PROOF,PROOF_RESTRICTED_OR_LOCAL_ONLY,LOCAL_ONLY,NOT_ENOUGH_INFORMATION_LOCAL_REVIEW_DATA_SANITIZED_ONLY,CRITICAL_CONFLICT_NO_AUTOMATIC_WINNER,CONFLICTING_EVIDENCE_ESCALATION,EXPLICIT_CONFLICT_DISPOSITION_THEN_EXACT_RELATIONSHIP_PROOF_AND_APPEND_ONLY_EVENT,ESCALATE_CONFLICT_WITH_NO_AUTOMATIC_WINNER;PREPARE_EXACT_PROOF_ONLY_AFTER_EXPLICIT_DISPOSITION;DO_NOT_CLOSE,NO_PATH_FILENAME_DIRECTORY_SEMANTIC_TITLE_SOURCE_FAMILY_NAME_SEASON_ROWCOUNT_TIMESTAMP_PUBLIC_CACHE_OR_MODEL_INFERENCE;NO_AUTO_LINK;NO_AUTO_CLOSE;NO_PLAYER_OR_IDENTITY_FACTS;NO_PERMISSION_OR_AUTHORITY_SIDE_EFFECT,docs/hq/rookie_evidence_workspace_v1/registries/AUTHORITY_REGISTRY.csv;docs/hq/rookie_evidence_workspace_v1/registries/ARTIFACT_AUTHORITY_LINK.csv;docs/hq/rookie_evidence_workspace_v1/governance/QUEUE_CLOSURE_EVENT_LEDGER.csv,BEFORE_ADOPTION_REVERT_UNACCEPTED_COMMIT;AFTER_ADOPTION_APPEND_ROLLBACK_EVENT_REFERENCING_CLOSURE_EVENT_AND_APPEND_SUPERSEDING_ENDPOINT_OR_LINK_EVENT;NEVER_EDIT_OR_DELETE_HISTORY,QUEUE_ID_UNIQUE;BATCH_ROW_COUNT_RECONCILES;AUTHORITY_ENDPOINT_EXACT;PROOF_HASH_VALID;RELATIONSHIP_GRAIN_EXACT;RIGHTS_LOCALITY_PASS;AUTHORITY_EFFECT_NO_BROADENING;SOURCE_USE_EFFECT_NO_BROADENING;QUEUE_ROW_UNCHANGED;APPEND_ONLY_EVENT_SCHEMA_PASS,MISSING_OR_NONCANONICAL_ENDPOINT;MISSING_PROOF_HASH_OR_EXPLICIT_RELATIONSHIP;AUTHORITY_OR_USE_PERMISSION_BROADENING;IDENTITY_OR_PLAYER_FACT_REQUIRED;RESTRICTED_OR_REVERSIBLE_LOCATOR_REQUIRED;ANY_PROTECTED_FROZEN_RUNTIME_APP_RANKING_FORMULA_SOURCE_REGISTRY_OR_PLUGIN_GOVERNANCE_SIDE_EFFECT;CONFLICT_UNRESOLVED_OR_AUTOMATIC_WINNER_PROPOSED;AVAILABILITY_OR_PERSISTENCE_UNPROVED,NO
batch_31c77f20299c634d6aa2f438,proofpat_6a387fd1cafe20082a173680,ARTIFACT_SOURCE_LINK_MISSING,19,ARTIFACT,SOURCE,IDENTITY_UNRESOLVED,EXACT_ARTIFACT_ID;CANONICAL_SOURCE_ID;EXACT_EXPLICIT_RECEIPT_OR_MANIFEST_RELATIONSHIP;EVIDENCE_SHA256;NO_SOURCE_PROMOTION;NO_INFERRED_SOURCE_FAMILY_MATCH;PROOF_MUST_BE_INDEPENDENT_OF_PLAYER_IDENTITY,NONE_FOUND_IN_CANONICAL_HQ_OR_PERMITTED_GIT_HISTORY,PROOF_NOT_FOUND,LIVE_HQ,REVIEW_ONLY_PUBLIC_GOVERNANCE_NOT_AUTHORIZED_BY_LOCATOR,HIGH_NO_CURRENT_EXACT_CLOSURE_PROOF,REQUIRES_NEW_SOURCE_OR_DATASET_ENDPOINT,EXACT_ENDPOINT_AND_RELATIONSHIP_PROOF_THEN_APPEND_ONLY_CLOSED_WITH_RECEIPT_EVENT;OR_EXPLICIT_QUEUE_GRAIN_NOT_APPLICABLE_DECISION_THEN_APPEND_ONLY_EVENT,PREPARE_MISSING_CANONICAL_ENDPOINT_AND_EXACT_RELATIONSHIP_RECEIPT_IN_SEPARATELY_AUTHORIZED_LANE,NO_PATH_FILENAME_DIRECTORY_SEMANTIC_TITLE_SOURCE_FAMILY_NAME_SEASON_ROWCOUNT_TIMESTAMP_PUBLIC_CACHE_OR_MODEL_INFERENCE;NO_AUTO_LINK;NO_AUTO_CLOSE;NO_PLAYER_OR_IDENTITY_FACTS;NO_PERMISSION_OR_AUTHORITY_SIDE_EFFECT,docs/hq/rookie_evidence_workspace_v1/registries/SOURCE_REGISTRY.csv;docs/hq/rookie_evidence_workspace_v1/registries/ARTIFACT_SOURCE_LINK.csv;docs/hq/rookie_evidence_workspace_v1/governance/QUEUE_CLOSURE_EVENT_LEDGER.csv,BEFORE_ADOPTION_REVERT_UNACCEPTED_COMMIT;AFTER_ADOPTION_APPEND_ROLLBACK_EVENT_REFERENCING_CLOSURE_EVENT_AND_APPEND_SUPERSEDING_ENDPOINT_OR_LINK_EVENT;NEVER_EDIT_OR_DELETE_HISTORY,QUEUE_ID_UNIQUE;BATCH_ROW_COUNT_RECONCILES;SOURCE_ENDPOINT_EXACT;PROOF_HASH_VALID;RELATIONSHIP_GRAIN_EXACT;RIGHTS_LOCALITY_PASS;AUTHORITY_EFFECT_NO_BROADENING;SOURCE_USE_EFFECT_NO_BROADENING;QUEUE_ROW_UNCHANGED;APPEND_ONLY_EVENT_SCHEMA_PASS,MISSING_OR_NONCANONICAL_ENDPOINT;MISSING_PROOF_HASH_OR_EXPLICIT_RELATIONSHIP;AUTHORITY_OR_USE_PERMISSION_BROADENING;IDENTITY_OR_PLAYER_FACT_REQUIRED;RESTRICTED_OR_REVERSIBLE_LOCATOR_REQUIRED;ANY_PROTECTED_FROZEN_RUNTIME_APP_RANKING_FORMULA_SOURCE_REGISTRY_OR_PLUGIN_GOVERNANCE_SIDE_EFFECT,NO
batch_37296c069fc0edc2648f7d53,proofpat_2acfd12de770b5b0a296c429,ARTIFACT_DATASET_LINK_MISSING,3,ARTIFACT,DATASET,DUPLICATE_CONFLICTING,EXACT_ARTIFACT_ID;CANONICAL_DATASET_ID;EXACT_EXPLICIT_RECEIPT_OR_MANIFEST_RELATIONSHIP;EXACT_DATASET_GRAIN;EVIDENCE_SHA256;NO_FILENAME_OR_FOLDER_INFERENCE;EXPLICIT_CONFLICT_DISPOSITION_WITH_NO_AUTOMATIC_WINNER;EXACT_CURRENT_AVAILABILITY_RECEIPT;NO_PERSISTENCE_ASSUMPTION,docs/hq/rookie_evidence_workspace_v1/registries/SANITIZED_LOCATOR_REGISTRY.csv#SANITIZED_LOCAL_METADATA_NOT_CLOSURE_PROOF,PROOF_RESTRICTED_OR_LOCAL_ONLY,LOCAL_ONLY,NOT_ENOUGH_INFORMATION_LOCAL_REVIEW_DATA_SANITIZED_ONLY,CRITICAL_CONFLICT_NO_AUTOMATIC_WINNER,CONFLICTING_EVIDENCE_ESCALATION,EXPLICIT_CONFLICT_DISPOSITION_THEN_EXACT_RELATIONSHIP_PROOF_AND_APPEND_ONLY_EVENT,ESCALATE_CONFLICT_WITH_NO_AUTOMATIC_WINNER;PREPARE_EXACT_PROOF_ONLY_AFTER_EXPLICIT_DISPOSITION;DO_NOT_CLOSE,NO_PATH_FILENAME_DIRECTORY_SEMANTIC_TITLE_SOURCE_FAMILY_NAME_SEASON_ROWCOUNT_TIMESTAMP_PUBLIC_CACHE_OR_MODEL_INFERENCE;NO_AUTO_LINK;NO_AUTO_CLOSE;NO_PLAYER_OR_IDENTITY_FACTS;NO_PERMISSION_OR_AUTHORITY_SIDE_EFFECT,docs/hq/rookie_evidence_workspace_v1/registries/DATASET_REGISTRY.csv;docs/hq/rookie_evidence_workspace_v1/registries/ARTIFACT_DATASET_LINK.csv;docs/hq/rookie_evidence_workspace_v1/governance/QUEUE_CLOSURE_EVENT_LEDGER.csv,BEFORE_ADOPTION_REVERT_UNACCEPTED_COMMIT;AFTER_ADOPTION_APPEND_ROLLBACK_EVENT_REFERENCING_CLOSURE_EVENT_AND_APPEND_SUPERSEDING_ENDPOINT_OR_LINK_EVENT;NEVER_EDIT_OR_DELETE_HISTORY,QUEUE_ID_UNIQUE;BATCH_ROW_COUNT_RECONCILES;DATASET_ENDPOINT_EXACT;PROOF_HASH_VALID;RELATIONSHIP_GRAIN_EXACT;RIGHTS_LOCALITY_PASS;AUTHORITY_EFFECT_NO_BROADENING;SOURCE_USE_EFFECT_NO_BROADENING;QUEUE_ROW_UNCHANGED;APPEND_ONLY_EVENT_SCHEMA_PASS,MISSING_OR_NONCANONICAL_ENDPOINT;MISSING_PROOF_HASH_OR_EXPLICIT_RELATIONSHIP;AUTHORITY_OR_USE_PERMISSION_BROADENING;IDENTITY_OR_PLAYER_FACT_REQUIRED;RESTRICTED_OR_REVERSIBLE_LOCATOR_REQUIRED;ANY_PROTECTED_FROZEN_RUNTIME_APP_RANKING_FORMULA_SOURCE_REGISTRY_OR_PLUGIN_GOVERNANCE_SIDE_EFFECT;CONFLICT_UNRESOLVED_OR_AUTOMATIC_WINNER_PROPOSED;AVAILABILITY_OR_PERSISTENCE_UNPROVED,NO
batch_3bb7cc8218b5635988162cdf,proofpat_966ea132d2000fe5586e2fe3,ARTIFACT_RECEIPT_LINK_MISSING,907,ARTIFACT,RECEIPT,SUPPORTING_EVIDENCE,EXACT_ARTIFACT_ID;CANONICAL_RECEIPT_ID;EXACT_DOCUMENTED_RECEIPT_RELATIONSHIP;VALID_HASH_OR_MANIFEST_REFERENCE;RIGHTS_CLEARANCE;LOCALITY_CLEARANCE,NONE_FOUND_IN_CANONICAL_HQ_OR_PERMITTED_GIT_HISTORY,PROOF_NOT_FOUND,LIVE_HQ,REVIEW_ONLY_PUBLIC_GOVERNANCE_NOT_AUTHORIZED_BY_LOCATOR,HIGH_NO_CURRENT_EXACT_CLOSURE_PROOF,NOT_ENOUGH_INFORMATION,EXACT_ENDPOINT_AND_RELATIONSHIP_PROOF_THEN_APPEND_ONLY_CLOSED_WITH_RECEIPT_EVENT;OR_EXPLICIT_QUEUE_GRAIN_NOT_APPLICABLE_DECISION_THEN_APPEND_ONLY_EVENT,PREPARE_CANONICAL_RECEIPT_ENDPOINT_AND_EXACT_ARTIFACT_RECEIPT_RELATIONSHIP;DO_NOT_CLOSE_WITH_HASH_ALONE,NO_PATH_FILENAME_DIRECTORY_SEMANTIC_TITLE_SOURCE_FAMILY_NAME_SEASON_ROWCOUNT_TIMESTAMP_PUBLIC_CACHE_OR_MODEL_INFERENCE;NO_AUTO_LINK;NO_AUTO_CLOSE;NO_PLAYER_OR_IDENTITY_FACTS;NO_PERMISSION_OR_AUTHORITY_SIDE_EFFECT,docs/hq/rookie_evidence_workspace_v1/registries/SOURCE_RECEIPT_REGISTRY.csv;docs/hq/rookie_evidence_workspace_v1/registries/ARTIFACT_RECEIPT_LINK.csv;docs/hq/rookie_evidence_workspace_v1/governance/QUEUE_CLOSURE_EVENT_LEDGER.csv,BEFORE_ADOPTION_REVERT_UNACCEPTED_COMMIT;AFTER_ADOPTION_APPEND_ROLLBACK_EVENT_REFERENCING_CLOSURE_EVENT_AND_APPEND_SUPERSEDING_ENDPOINT_OR_LINK_EVENT;NEVER_EDIT_OR_DELETE_HISTORY,QUEUE_ID_UNIQUE;BATCH_ROW_COUNT_RECONCILES;RECEIPT_ENDPOINT_EXACT;PROOF_HASH_VALID;RELATIONSHIP_GRAIN_EXACT;RIGHTS_LOCALITY_PASS;AUTHORITY_EFFECT_NO_BROADENING;SOURCE_USE_EFFECT_NO_BROADENING;QUEUE_ROW_UNCHANGED;APPEND_ONLY_EVENT_SCHEMA_PASS,MISSING_OR_NONCANONICAL_ENDPOINT;MISSING_PROOF_HASH_OR_EXPLICIT_RELATIONSHIP;AUTHORITY_OR_USE_PERMISSION_BROADENING;IDENTITY_OR_PLAYER_FACT_REQUIRED;RESTRICTED_OR_REVERSIBLE_LOCATOR_REQUIRED;ANY_PROTECTED_FROZEN_RUNTIME_APP_RANKING_FORMULA_SOURCE_REGISTRY_OR_PLUGIN_GOVERNANCE_SIDE_EFFECT,NO
batch_3c807f8baefbd855c68ba324,proofpat_4ceac8fc9da6b62c83eb8b94,ARTIFACT_SOURCE_LINK_MISSING,905,ARTIFACT,SOURCE,SUPPORTING_EVIDENCE,EXACT_ARTIFACT_ID;CANONICAL_SOURCE_ID;EXACT_EXPLICIT_RECEIPT_OR_MANIFEST_RELATIONSHIP;EVIDENCE_SHA256;NO_SOURCE_PROMOTION;NO_INFERRED_SOURCE_FAMILY_MATCH,NONE_FOUND_IN_CANONICAL_HQ_OR_PERMITTED_GIT_HISTORY,PROOF_NOT_FOUND,LIVE_HQ,REVIEW_ONLY_PUBLIC_GOVERNANCE_NOT_AUTHORIZED_BY_LOCATOR,HIGH_NO_CURRENT_EXACT_CLOSURE_PROOF,REQUIRES_NEW_SOURCE_OR_DATASET_ENDPOINT,EXACT_ENDPOINT_AND_RELATIONSHIP_PROOF_THEN_APPEND_ONLY_CLOSED_WITH_RECEIPT_EVENT;OR_EXPLICIT_QUEUE_GRAIN_NOT_APPLICABLE_DECISION_THEN_APPEND_ONLY_EVENT,PREPARE_MISSING_CANONICAL_ENDPOINT_AND_EXACT_RELATIONSHIP_RECEIPT_IN_SEPARATELY_AUTHORIZED_LANE,NO_PATH_FILENAME_DIRECTORY_SEMANTIC_TITLE_SOURCE_FAMILY_NAME_SEASON_ROWCOUNT_TIMESTAMP_PUBLIC_CACHE_OR_MODEL_INFERENCE;NO_AUTO_LINK;NO_AUTO_CLOSE;NO_PLAYER_OR_IDENTITY_FACTS;NO_PERMISSION_OR_AUTHORITY_SIDE_EFFECT,docs/hq/rookie_evidence_workspace_v1/registries/SOURCE_REGISTRY.csv;docs/hq/rookie_evidence_workspace_v1/registries/ARTIFACT_SOURCE_LINK.csv;docs/hq/rookie_evidence_workspace_v1/governance/QUEUE_CLOSURE_EVENT_LEDGER.csv,BEFORE_ADOPTION_REVERT_UNACCEPTED_COMMIT;AFTER_ADOPTION_APPEND_ROLLBACK_EVENT_REFERENCING_CLOSURE_EVENT_AND_APPEND_SUPERSEDING_ENDPOINT_OR_LINK_EVENT;NEVER_EDIT_OR_DELETE_HISTORY,QUEUE_ID_UNIQUE;BATCH_ROW_COUNT_RECONCILES;SOURCE_ENDPOINT_EXACT;PROOF_HASH_VALID;RELATIONSHIP_GRAIN_EXACT;RIGHTS_LOCALITY_PASS;AUTHORITY_EFFECT_NO_BROADENING;SOURCE_USE_EFFECT_NO_BROADENING;QUEUE_ROW_UNCHANGED;APPEND_ONLY_EVENT_SCHEMA_PASS,MISSING_OR_NONCANONICAL_ENDPOINT;MISSING_PROOF_HASH_OR_EXPLICIT_RELATIONSHIP;AUTHORITY_OR_USE_PERMISSION_BROADENING;IDENTITY_OR_PLAYER_FACT_REQUIRED;RESTRICTED_OR_REVERSIBLE_LOCATOR_REQUIRED;ANY_PROTECTED_FROZEN_RUNTIME_APP_RANKING_FORMULA_SOURCE_REGISTRY_OR_PLUGIN_GOVERNANCE_SIDE_EFFECT,NO
batch_425ad81b343fcc0b51283a28,proofpat_2a89077139c7f121b6e2d89d,ARTIFACT_SOURCE_LINK_MISSING,7,ARTIFACT,SOURCE,DUPLICATE_EQUIVALENT,EXACT_ARTIFACT_ID;CANONICAL_SOURCE_ID;EXACT_EXPLICIT_RECEIPT_OR_MANIFEST_RELATIONSHIP;EVIDENCE_SHA256;NO_SOURCE_PROMOTION;NO_INFERRED_SOURCE_FAMILY_MATCH;EXACT_CURRENT_AVAILABILITY_RECEIPT;NO_PERSISTENCE_ASSUMPTION,docs/hq/rookie_evidence_workspace_v1/registries/SANITIZED_LOCATOR_REGISTRY.csv#SANITIZED_LOCAL_METADATA_NOT_CLOSURE_PROOF,PROOF_RESTRICTED_OR_LOCAL_ONLY,LOCAL_ONLY,NOT_ENOUGH_INFORMATION_LOCAL_REVIEW_DATA_SANITIZED_ONLY,HIGH_AVAILABILITY_AND_PERSISTENCE_UNPROVED,LOCAL_ONLY_AVAILABILITY_BLOCKER,EXACT_ENDPOINT_AND_RELATIONSHIP_PROOF_THEN_APPEND_ONLY_CLOSED_WITH_RECEIPT_EVENT;OR_EXPLICIT_QUEUE_GRAIN_NOT_APPLICABLE_DECISION_THEN_APPEND_ONLY_EVENT,REQUEST_CURRENT_AVAILABILITY_RECEIPT;VALIDATE_SANITIZED_LOCATOR;DO_NOT_ASSUME_PERSISTENCE_OR_CLOSE,NO_PATH_FILENAME_DIRECTORY_SEMANTIC_TITLE_SOURCE_FAMILY_NAME_SEASON_ROWCOUNT_TIMESTAMP_PUBLIC_CACHE_OR_MODEL_INFERENCE;NO_AUTO_LINK;NO_AUTO_CLOSE;NO_PLAYER_OR_IDENTITY_FACTS;NO_PERMISSION_OR_AUTHORITY_SIDE_EFFECT,docs/hq/rookie_evidence_workspace_v1/registries/SOURCE_REGISTRY.csv;docs/hq/rookie_evidence_workspace_v1/registries/ARTIFACT_SOURCE_LINK.csv;docs/hq/rookie_evidence_workspace_v1/governance/QUEUE_CLOSURE_EVENT_LEDGER.csv,BEFORE_ADOPTION_REVERT_UNACCEPTED_COMMIT;AFTER_ADOPTION_APPEND_ROLLBACK_EVENT_REFERENCING_CLOSURE_EVENT_AND_APPEND_SUPERSEDING_ENDPOINT_OR_LINK_EVENT;NEVER_EDIT_OR_DELETE_HISTORY,QUEUE_ID_UNIQUE;BATCH_ROW_COUNT_RECONCILES;SOURCE_ENDPOINT_EXACT;PROOF_HASH_VALID;RELATIONSHIP_GRAIN_EXACT;RIGHTS_LOCALITY_PASS;AUTHORITY_EFFECT_NO_BROADENING;SOURCE_USE_EFFECT_NO_BROADENING;QUEUE_ROW_UNCHANGED;APPEND_ONLY_EVENT_SCHEMA_PASS,MISSING_OR_NONCANONICAL_ENDPOINT;MISSING_PROOF_HASH_OR_EXPLICIT_RELATIONSHIP;AUTHORITY_OR_USE_PERMISSION_BROADENING;IDENTITY_OR_PLAYER_FACT_REQUIRED;RESTRICTED_OR_REVERSIBLE_LOCATOR_REQUIRED;ANY_PROTECTED_FROZEN_RUNTIME_APP_RANKING_FORMULA_SOURCE_REGISTRY_OR_PLUGIN_GOVERNANCE_SIDE_EFFECT;AVAILABILITY_OR_PERSISTENCE_UNPROVED,NO
batch_43c01aad76af5b2c96d30234,proofpat_a4584c7a208f8d6e698767fe,ARTIFACT_AUTHORITY_LINK_MISSING,23,ARTIFACT,AUTHORITY,CANONICAL_REVIEW_ONLY,EXACT_ARTIFACT_ID;EXACT_AUTHORITY_ID;EXPLICIT_MANIFEST_OR_CONTROLLING_DECISION_CONNECTING_BOTH_IDS;EVIDENCE_SHA256;AUTHORITY_EFFECT_METADATA_ONLY;PRODUCTION_AUTHORITY_FALSE;PLAYER_VALUE_AUTHORITY_FALSE,NONE_FOUND_IN_CANONICAL_HQ_OR_PERMITTED_GIT_HISTORY,PROOF_NOT_FOUND,LIVE_HQ,REVIEW_ONLY_PUBLIC_GOVERNANCE_NOT_AUTHORIZED_BY_LOCATOR,HIGH_NO_CURRENT_EXACT_CLOSURE_PROOF,REQUIRES_NEW_AUTHORITY_DECISION,EXACT_ENDPOINT_AND_RELATIONSHIP_PROOF_THEN_APPEND_ONLY_CLOSED_WITH_RECEIPT_EVENT;OR_EXPLICIT_QUEUE_GRAIN_NOT_APPLICABLE_DECISION_THEN_APPEND_ONLY_EVENT,REQUEST_EXPLICIT_AUTHORITY_DECISION_AND_EXACT_RELATIONSHIP_RECEIPT_IN_SEPARATELY_AUTHORIZED_LANE,NO_PATH_FILENAME_DIRECTORY_SEMANTIC_TITLE_SOURCE_FAMILY_NAME_SEASON_ROWCOUNT_TIMESTAMP_PUBLIC_CACHE_OR_MODEL_INFERENCE;NO_AUTO_LINK;NO_AUTO_CLOSE;NO_PLAYER_OR_IDENTITY_FACTS;NO_PERMISSION_OR_AUTHORITY_SIDE_EFFECT,docs/hq/rookie_evidence_workspace_v1/registries/AUTHORITY_REGISTRY.csv;docs/hq/rookie_evidence_workspace_v1/registries/ARTIFACT_AUTHORITY_LINK.csv;docs/hq/rookie_evidence_workspace_v1/governance/QUEUE_CLOSURE_EVENT_LEDGER.csv,BEFORE_ADOPTION_REVERT_UNACCEPTED_COMMIT;AFTER_ADOPTION_APPEND_ROLLBACK_EVENT_REFERENCING_CLOSURE_EVENT_AND_APPEND_SUPERSEDING_ENDPOINT_OR_LINK_EVENT;NEVER_EDIT_OR_DELETE_HISTORY,QUEUE_ID_UNIQUE;BATCH_ROW_COUNT_RECONCILES;AUTHORITY_ENDPOINT_EXACT;PROOF_HASH_VALID;RELATIONSHIP_GRAIN_EXACT;RIGHTS_LOCALITY_PASS;AUTHORITY_EFFECT_NO_BROADENING;SOURCE_USE_EFFECT_NO_BROADENING;QUEUE_ROW_UNCHANGED;APPEND_ONLY_EVENT_SCHEMA_PASS,MISSING_OR_NONCANONICAL_ENDPOINT;MISSING_PROOF_HASH_OR_EXPLICIT_RELATIONSHIP;AUTHORITY_OR_USE_PERMISSION_BROADENING;IDENTITY_OR_PLAYER_FACT_REQUIRED;RESTRICTED_OR_REVERSIBLE_LOCATOR_REQUIRED;ANY_PROTECTED_FROZEN_RUNTIME_APP_RANKING_FORMULA_SOURCE_REGISTRY_OR_PLUGIN_GOVERNANCE_SIDE_EFFECT,NO
batch_46628b8a7361b27e5614de10,proofpat_0c68a63b1b500ba043b50948,ARTIFACT_DATASET_LINK_MISSING,907,ARTIFACT,DATASET,SUPPORTING_EVIDENCE,EXACT_ARTIFACT_ID;CANONICAL_DATASET_ID;EXACT_EXPLICIT_RECEIPT_OR_MANIFEST_RELATIONSHIP;EXACT_DATASET_GRAIN;EVIDENCE_SHA256;NO_FILENAME_OR_FOLDER_INFERENCE,NONE_FOUND_IN_CANONICAL_HQ_OR_PERMITTED_GIT_HISTORY,PROOF_NOT_FOUND,LIVE_HQ,REVIEW_ONLY_PUBLIC_GOVERNANCE_NOT_AUTHORIZED_BY_LOCATOR,HIGH_NO_CURRENT_EXACT_CLOSURE_PROOF,REQUIRES_NEW_SOURCE_OR_DATASET_ENDPOINT,EXACT_ENDPOINT_AND_RELATIONSHIP_PROOF_THEN_APPEND_ONLY_CLOSED_WITH_RECEIPT_EVENT;OR_EXPLICIT_QUEUE_GRAIN_NOT_APPLICABLE_DECISION_THEN_APPEND_ONLY_EVENT,PREPARE_MISSING_CANONICAL_ENDPOINT_AND_EXACT_RELATIONSHIP_RECEIPT_IN_SEPARATELY_AUTHORIZED_LANE,NO_PATH_FILENAME_DIRECTORY_SEMANTIC_TITLE_SOURCE_FAMILY_NAME_SEASON_ROWCOUNT_TIMESTAMP_PUBLIC_CACHE_OR_MODEL_INFERENCE;NO_AUTO_LINK;NO_AUTO_CLOSE;NO_PLAYER_OR_IDENTITY_FACTS;NO_PERMISSION_OR_AUTHORITY_SIDE_EFFECT,docs/hq/rookie_evidence_workspace_v1/registries/DATASET_REGISTRY.csv;docs/hq/rookie_evidence_workspace_v1/registries/ARTIFACT_DATASET_LINK.csv;docs/hq/rookie_evidence_workspace_v1/governance/QUEUE_CLOSURE_EVENT_LEDGER.csv,BEFORE_ADOPTION_REVERT_UNACCEPTED_COMMIT;AFTER_ADOPTION_APPEND_ROLLBACK_EVENT_REFERENCING_CLOSURE_EVENT_AND_APPEND_SUPERSEDING_ENDPOINT_OR_LINK_EVENT;NEVER_EDIT_OR_DELETE_HISTORY,QUEUE_ID_UNIQUE;BATCH_ROW_COUNT_RECONCILES;DATASET_ENDPOINT_EXACT;PROOF_HASH_VALID;RELATIONSHIP_GRAIN_EXACT;RIGHTS_LOCALITY_PASS;AUTHORITY_EFFECT_NO_BROADENING;SOURCE_USE_EFFECT_NO_BROADENING;QUEUE_ROW_UNCHANGED;APPEND_ONLY_EVENT_SCHEMA_PASS,MISSING_OR_NONCANONICAL_ENDPOINT;MISSING_PROOF_HASH_OR_EXPLICIT_RELATIONSHIP;AUTHORITY_OR_USE_PERMISSION_BROADENING;IDENTITY_OR_PLAYER_FACT_REQUIRED;RESTRICTED_OR_REVERSIBLE_LOCATOR_REQUIRED;ANY_PROTECTED_FROZEN_RUNTIME_APP_RANKING_FORMULA_SOURCE_REGISTRY_OR_PLUGIN_GOVERNANCE_SIDE_EFFECT,NO
batch_4e9e6a5b6a0eacafb1791733,proofpat_f78a6190303087251e4a16a9,ARTIFACT_DATASET_LINK_MISSING,9,ARTIFACT,DATASET,SOURCE_UNADMITTED,EXACT_ARTIFACT_ID;CANONICAL_DATASET_ID;EXACT_EXPLICIT_RECEIPT_OR_MANIFEST_RELATIONSHIP;EXACT_DATASET_GRAIN;EVIDENCE_SHA256;NO_FILENAME_OR_FOLDER_INFERENCE;EXPLICIT_SOURCE_ADMISSION_AND_USE_DECISION_AT_REQUIRED_GRAIN,NONE_FOUND_IN_CANONICAL_HQ_OR_PERMITTED_GIT_HISTORY,PROOF_NOT_FOUND,LIVE_HQ,REVIEW_ONLY_PUBLIC_GOVERNANCE_NOT_AUTHORIZED_BY_LOCATOR,HIGH_NO_CURRENT_EXACT_CLOSURE_PROOF,REQUIRES_NEW_SOURCE_OR_DATASET_ENDPOINT,EXACT_ENDPOINT_AND_RELATIONSHIP_PROOF_THEN_APPEND_ONLY_CLOSED_WITH_RECEIPT_EVENT;OR_EXPLICIT_QUEUE_GRAIN_NOT_APPLICABLE_DECISION_THEN_APPEND_ONLY_EVENT,PREPARE_MISSING_CANONICAL_ENDPOINT_AND_EXACT_RELATIONSHIP_RECEIPT_IN_SEPARATELY_AUTHORIZED_LANE,NO_PATH_FILENAME_DIRECTORY_SEMANTIC_TITLE_SOURCE_FAMILY_NAME_SEASON_ROWCOUNT_TIMESTAMP_PUBLIC_CACHE_OR_MODEL_INFERENCE;NO_AUTO_LINK;NO_AUTO_CLOSE;NO_PLAYER_OR_IDENTITY_FACTS;NO_PERMISSION_OR_AUTHORITY_SIDE_EFFECT,docs/hq/rookie_evidence_workspace_v1/registries/DATASET_REGISTRY.csv;docs/hq/rookie_evidence_workspace_v1/registries/ARTIFACT_DATASET_LINK.csv;docs/hq/rookie_evidence_workspace_v1/governance/QUEUE_CLOSURE_EVENT_LEDGER.csv,BEFORE_ADOPTION_REVERT_UNACCEPTED_COMMIT;AFTER_ADOPTION_APPEND_ROLLBACK_EVENT_REFERENCING_CLOSURE_EVENT_AND_APPEND_SUPERSEDING_ENDPOINT_OR_LINK_EVENT;NEVER_EDIT_OR_DELETE_HISTORY,QUEUE_ID_UNIQUE;BATCH_ROW_COUNT_RECONCILES;DATASET_ENDPOINT_EXACT;PROOF_HASH_VALID;RELATIONSHIP_GRAIN_EXACT;RIGHTS_LOCALITY_PASS;AUTHORITY_EFFECT_NO_BROADENING;SOURCE_USE_EFFECT_NO_BROADENING;QUEUE_ROW_UNCHANGED;APPEND_ONLY_EVENT_SCHEMA_PASS,MISSING_OR_NONCANONICAL_ENDPOINT;MISSING_PROOF_HASH_OR_EXPLICIT_RELATIONSHIP;AUTHORITY_OR_USE_PERMISSION_BROADENING;IDENTITY_OR_PLAYER_FACT_REQUIRED;RESTRICTED_OR_REVERSIBLE_LOCATOR_REQUIRED;ANY_PROTECTED_FROZEN_RUNTIME_APP_RANKING_FORMULA_SOURCE_REGISTRY_OR_PLUGIN_GOVERNANCE_SIDE_EFFECT,NO
batch_532985b2010117e3aa3fa98c,proofpat_cad6d6614569032548a29e23,ARTIFACT_SOURCE_LINK_MISSING,2,ARTIFACT,SOURCE,DUPLICATE_EQUIVALENT,EXACT_ARTIFACT_ID;CANONICAL_SOURCE_ID;EXACT_EXPLICIT_RECEIPT_OR_MANIFEST_RELATIONSHIP;EVIDENCE_SHA256;NO_SOURCE_PROMOTION;NO_INFERRED_SOURCE_FAMILY_MATCH;EXPLICIT_EXTERNAL_RECOVERY_OR_ADMISSION_DECISION;NO_RECREATION,docs/hq/rookie_evidence_workspace_v1/registries/SANITIZED_LOCATOR_REGISTRY.csv#OFF_HQ_BRANCH_ONLY_AUDIT_METADATA_NOT_CLOSURE_PROOF,PROOF_OFF_HQ_AUDIT_ONLY,OFF_HQ_BRANCH_ONLY,BLOCKED_OFF_HQ_AUDIT_LOCAL_REVIEW_DATA_NO_ACTIVATION,CRITICAL_OFF_HQ_ACTIVATION_PROHIBITED,OFF_HQ_AUDIT_ONLY,NO_CLOSURE_UNTIL_EXTERNAL_TRIGGER_THEN_EXACT_RECEIPT_AND_APPEND_ONLY_EVENT,WAIT_FOR_EXTERNAL_RECOVERY_OR_ADMISSION_TRIGGER;PRESERVE_NO_RECREATE_LINK;DO_NOT_ACTIVATE,NO_PATH_FILENAME_DIRECTORY_SEMANTIC_TITLE_SOURCE_FAMILY_NAME_SEASON_ROWCOUNT_TIMESTAMP_PUBLIC_CACHE_OR_MODEL_INFERENCE;NO_AUTO_LINK;NO_AUTO_CLOSE;NO_PLAYER_OR_IDENTITY_FACTS;NO_PERMISSION_OR_AUTHORITY_SIDE_EFFECT,docs/hq/rookie_evidence_workspace_v1/registries/SOURCE_REGISTRY.csv;docs/hq/rookie_evidence_workspace_v1/registries/ARTIFACT_SOURCE_LINK.csv;docs/hq/rookie_evidence_workspace_v1/governance/QUEUE_CLOSURE_EVENT_LEDGER.csv,BEFORE_ADOPTION_REVERT_UNACCEPTED_COMMIT;AFTER_ADOPTION_APPEND_ROLLBACK_EVENT_REFERENCING_CLOSURE_EVENT_AND_APPEND_SUPERSEDING_ENDPOINT_OR_LINK_EVENT;NEVER_EDIT_OR_DELETE_HISTORY,QUEUE_ID_UNIQUE;BATCH_ROW_COUNT_RECONCILES;SOURCE_ENDPOINT_EXACT;PROOF_HASH_VALID;RELATIONSHIP_GRAIN_EXACT;RIGHTS_LOCALITY_PASS;AUTHORITY_EFFECT_NO_BROADENING;SOURCE_USE_EFFECT_NO_BROADENING;QUEUE_ROW_UNCHANGED;APPEND_ONLY_EVENT_SCHEMA_PASS,MISSING_OR_NONCANONICAL_ENDPOINT;MISSING_PROOF_HASH_OR_EXPLICIT_RELATIONSHIP;AUTHORITY_OR_USE_PERMISSION_BROADENING;IDENTITY_OR_PLAYER_FACT_REQUIRED;RESTRICTED_OR_REVERSIBLE_LOCATOR_REQUIRED;ANY_PROTECTED_FROZEN_RUNTIME_APP_RANKING_FORMULA_SOURCE_REGISTRY_OR_PLUGIN_GOVERNANCE_SIDE_EFFECT;EXTERNAL_RECOVERY_OR_ADMISSION_TRIGGER_ABSENT,NO
batch_55d17101f9e62e039efeb852,proofpat_fd646447fed3035e8d924216,ARTIFACT_RECEIPT_LINK_MISSING,34,ARTIFACT,RECEIPT,CANONICAL_ADMITTED,EXACT_ARTIFACT_ID;CANONICAL_RECEIPT_ID;EXACT_DOCUMENTED_RECEIPT_RELATIONSHIP;VALID_HASH_OR_MANIFEST_REFERENCE;RIGHTS_CLEARANCE;LOCALITY_CLEARANCE,NONE_FOUND_IN_CANONICAL_HQ_OR_PERMITTED_GIT_HISTORY,PROOF_NOT_FOUND,LIVE_HQ,REVIEW_ONLY_PUBLIC_GOVERNANCE_NOT_AUTHORIZED_BY_LOCATOR,HIGH_NO_CURRENT_EXACT_CLOSURE_PROOF,NOT_ENOUGH_INFORMATION,EXACT_ENDPOINT_AND_RELATIONSHIP_PROOF_THEN_APPEND_ONLY_CLOSED_WITH_RECEIPT_EVENT;OR_EXPLICIT_QUEUE_GRAIN_NOT_APPLICABLE_DECISION_THEN_APPEND_ONLY_EVENT,PREPARE_CANONICAL_RECEIPT_ENDPOINT_AND_EXACT_ARTIFACT_RECEIPT_RELATIONSHIP;DO_NOT_CLOSE_WITH_HASH_ALONE,NO_PATH_FILENAME_DIRECTORY_SEMANTIC_TITLE_SOURCE_FAMILY_NAME_SEASON_ROWCOUNT_TIMESTAMP_PUBLIC_CACHE_OR_MODEL_INFERENCE;NO_AUTO_LINK;NO_AUTO_CLOSE;NO_PLAYER_OR_IDENTITY_FACTS;NO_PERMISSION_OR_AUTHORITY_SIDE_EFFECT,docs/hq/rookie_evidence_workspace_v1/registries/SOURCE_RECEIPT_REGISTRY.csv;docs/hq/rookie_evidence_workspace_v1/registries/ARTIFACT_RECEIPT_LINK.csv;docs/hq/rookie_evidence_workspace_v1/governance/QUEUE_CLOSURE_EVENT_LEDGER.csv,BEFORE_ADOPTION_REVERT_UNACCEPTED_COMMIT;AFTER_ADOPTION_APPEND_ROLLBACK_EVENT_REFERENCING_CLOSURE_EVENT_AND_APPEND_SUPERSEDING_ENDPOINT_OR_LINK_EVENT;NEVER_EDIT_OR_DELETE_HISTORY,QUEUE_ID_UNIQUE;BATCH_ROW_COUNT_RECONCILES;RECEIPT_ENDPOINT_EXACT;PROOF_HASH_VALID;RELATIONSHIP_GRAIN_EXACT;RIGHTS_LOCALITY_PASS;AUTHORITY_EFFECT_NO_BROADENING;SOURCE_USE_EFFECT_NO_BROADENING;QUEUE_ROW_UNCHANGED;APPEND_ONLY_EVENT_SCHEMA_PASS,MISSING_OR_NONCANONICAL_ENDPOINT;MISSING_PROOF_HASH_OR_EXPLICIT_RELATIONSHIP;AUTHORITY_OR_USE_PERMISSION_BROADENING;IDENTITY_OR_PLAYER_FACT_REQUIRED;RESTRICTED_OR_REVERSIBLE_LOCATOR_REQUIRED;ANY_PROTECTED_FROZEN_RUNTIME_APP_RANKING_FORMULA_SOURCE_REGISTRY_OR_PLUGIN_GOVERNANCE_SIDE_EFFECT,NO
batch_5a82a0720efaeb36097ffbf7,proofpat_a918e4c21025f3f56f9f4231,ARTIFACT_RECEIPT_LINK_MISSING,17,ARTIFACT,RECEIPT,LOCAL_ONLY_RESTRICTED,EXACT_ARTIFACT_ID;CANONICAL_RECEIPT_ID;EXACT_DOCUMENTED_RECEIPT_RELATIONSHIP;VALID_HASH_OR_MANIFEST_REFERENCE;RIGHTS_CLEARANCE;LOCALITY_CLEARANCE;EXPLICIT_EXTERNAL_RECOVERY_OR_ADMISSION_DECISION;NO_RECREATION,docs/hq/rookie_evidence_workspace_v1/registries/SANITIZED_LOCATOR_REGISTRY.csv#OFF_HQ_BRANCH_ONLY_AUDIT_METADATA_NOT_CLOSURE_PROOF,PROOF_OFF_HQ_AUDIT_ONLY,OFF_HQ_BRANCH_ONLY,BLOCKED_OFF_HQ_AUDIT_LOCAL_REVIEW_DATA_NO_ACTIVATION,CRITICAL_OFF_HQ_ACTIVATION_PROHIBITED,OFF_HQ_AUDIT_ONLY,NO_CLOSURE_UNTIL_EXTERNAL_TRIGGER_THEN_EXACT_RECEIPT_AND_APPEND_ONLY_EVENT,WAIT_FOR_EXTERNAL_RECOVERY_OR_ADMISSION_TRIGGER;PRESERVE_NO_RECREATE_LINK;DO_NOT_ACTIVATE,NO_PATH_FILENAME_DIRECTORY_SEMANTIC_TITLE_SOURCE_FAMILY_NAME_SEASON_ROWCOUNT_TIMESTAMP_PUBLIC_CACHE_OR_MODEL_INFERENCE;NO_AUTO_LINK;NO_AUTO_CLOSE;NO_PLAYER_OR_IDENTITY_FACTS;NO_PERMISSION_OR_AUTHORITY_SIDE_EFFECT,docs/hq/rookie_evidence_workspace_v1/registries/SOURCE_RECEIPT_REGISTRY.csv;docs/hq/rookie_evidence_workspace_v1/registries/ARTIFACT_RECEIPT_LINK.csv;docs/hq/rookie_evidence_workspace_v1/governance/QUEUE_CLOSURE_EVENT_LEDGER.csv,BEFORE_ADOPTION_REVERT_UNACCEPTED_COMMIT;AFTER_ADOPTION_APPEND_ROLLBACK_EVENT_REFERENCING_CLOSURE_EVENT_AND_APPEND_SUPERSEDING_ENDPOINT_OR_LINK_EVENT;NEVER_EDIT_OR_DELETE_HISTORY,QUEUE_ID_UNIQUE;BATCH_ROW_COUNT_RECONCILES;RECEIPT_ENDPOINT_EXACT;PROOF_HASH_VALID;RELATIONSHIP_GRAIN_EXACT;RIGHTS_LOCALITY_PASS;AUTHORITY_EFFECT_NO_BROADENING;SOURCE_USE_EFFECT_NO_BROADENING;QUEUE_ROW_UNCHANGED;APPEND_ONLY_EVENT_SCHEMA_PASS,MISSING_OR_NONCANONICAL_ENDPOINT;MISSING_PROOF_HASH_OR_EXPLICIT_RELATIONSHIP;AUTHORITY_OR_USE_PERMISSION_BROADENING;IDENTITY_OR_PLAYER_FACT_REQUIRED;RESTRICTED_OR_REVERSIBLE_LOCATOR_REQUIRED;ANY_PROTECTED_FROZEN_RUNTIME_APP_RANKING_FORMULA_SOURCE_REGISTRY_OR_PLUGIN_GOVERNANCE_SIDE_EFFECT;EXTERNAL_RECOVERY_OR_ADMISSION_TRIGGER_ABSENT,NO
batch_5b5fec1db21a68369c2671f7,proofpat_8b057b901be34cf8e2a9ca15,LOCAL_ONLY_LOCATOR_AVAILABILITY_REVIEW,7,ARTIFACT,LOCATOR,DUPLICATE_EQUIVALENT,EXPLICIT_AVAILABILITY_RECEIPT;SANITIZED_LOCATOR;NO_RUNTIME_DEPENDENCY;NO_USER_FACING_LOCAL_PATH;NO_FUTURE_PERSISTENCE_ASSUMPTION;EXACT_CURRENT_AVAILABILITY_RECEIPT;NO_PERSISTENCE_ASSUMPTION,docs/hq/rookie_evidence_workspace_v1/registries/SANITIZED_LOCATOR_REGISTRY.csv#SANITIZED_LOCAL_METADATA_NOT_CLOSURE_PROOF,PROOF_RESTRICTED_OR_LOCAL_ONLY,LOCAL_ONLY,NOT_ENOUGH_INFORMATION_LOCAL_REVIEW_DATA_SANITIZED_ONLY,HIGH_AVAILABILITY_AND_PERSISTENCE_UNPROVED,LOCAL_ONLY_AVAILABILITY_BLOCKER,EXACT_ENDPOINT_AND_RELATIONSHIP_PROOF_THEN_APPEND_ONLY_CLOSED_WITH_RECEIPT_EVENT;OR_EXPLICIT_QUEUE_GRAIN_NOT_APPLICABLE_DECISION_THEN_APPEND_ONLY_EVENT,REQUEST_CURRENT_AVAILABILITY_RECEIPT;VALIDATE_SANITIZED_LOCATOR;DO_NOT_ASSUME_PERSISTENCE_OR_CLOSE,NO_PATH_FILENAME_DIRECTORY_SEMANTIC_TITLE_SOURCE_FAMILY_NAME_SEASON_ROWCOUNT_TIMESTAMP_PUBLIC_CACHE_OR_MODEL_INFERENCE;NO_AUTO_LINK;NO_AUTO_CLOSE;NO_PLAYER_OR_IDENTITY_FACTS;NO_PERMISSION_OR_AUTHORITY_SIDE_EFFECT,docs/hq/rookie_evidence_workspace_v1/registries/SOURCE_RECEIPT_REGISTRY.csv;docs/hq/rookie_evidence_workspace_v1/governance/QUEUE_CLOSURE_EVENT_LEDGER.csv,BEFORE_ADOPTION_REVERT_UNACCEPTED_COMMIT;AFTER_ADOPTION_APPEND_ROLLBACK_EVENT_REFERENCING_CLOSURE_EVENT_AND_APPEND_SUPERSEDING_ENDPOINT_OR_LINK_EVENT;NEVER_EDIT_OR_DELETE_HISTORY,QUEUE_ID_UNIQUE;BATCH_ROW_COUNT_RECONCILES;LOCATOR_ENDPOINT_EXACT;PROOF_HASH_VALID;RELATIONSHIP_GRAIN_EXACT;RIGHTS_LOCALITY_PASS;AUTHORITY_EFFECT_NO_BROADENING;SOURCE_USE_EFFECT_NO_BROADENING;QUEUE_ROW_UNCHANGED;APPEND_ONLY_EVENT_SCHEMA_PASS,MISSING_OR_NONCANONICAL_ENDPOINT;MISSING_PROOF_HASH_OR_EXPLICIT_RELATIONSHIP;AUTHORITY_OR_USE_PERMISSION_BROADENING;IDENTITY_OR_PLAYER_FACT_REQUIRED;RESTRICTED_OR_REVERSIBLE_LOCATOR_REQUIRED;ANY_PROTECTED_FROZEN_RUNTIME_APP_RANKING_FORMULA_SOURCE_REGISTRY_OR_PLUGIN_GOVERNANCE_SIDE_EFFECT;AVAILABILITY_OR_PERSISTENCE_UNPROVED,NO
batch_5b97869a69a5b9c8ba853ce4,proofpat_5238e46716e1d2f4cfce92fd,ARTIFACT_RECEIPT_LINK_MISSING,19,ARTIFACT,RECEIPT,IDENTITY_UNRESOLVED,EXACT_ARTIFACT_ID;CANONICAL_RECEIPT_ID;EXACT_DOCUMENTED_RECEIPT_RELATIONSHIP;VALID_HASH_OR_MANIFEST_REFERENCE;RIGHTS_CLEARANCE;LOCALITY_CLEARANCE;PROOF_MUST_BE_INDEPENDENT_OF_PLAYER_IDENTITY,NONE_FOUND_IN_CANONICAL_HQ_OR_PERMITTED_GIT_HISTORY,PROOF_NOT_FOUND,LIVE_HQ,REVIEW_ONLY_PUBLIC_GOVERNANCE_NOT_AUTHORIZED_BY_LOCATOR,HIGH_NO_CURRENT_EXACT_CLOSURE_PROOF,NOT_ENOUGH_INFORMATION,EXACT_ENDPOINT_AND_RELATIONSHIP_PROOF_THEN_APPEND_ONLY_CLOSED_WITH_RECEIPT_EVENT;OR_EXPLICIT_QUEUE_GRAIN_NOT_APPLICABLE_DECISION_THEN_APPEND_ONLY_EVENT,PREPARE_CANONICAL_RECEIPT_ENDPOINT_AND_EXACT_ARTIFACT_RECEIPT_RELATIONSHIP;DO_NOT_CLOSE_WITH_HASH_ALONE,NO_PATH_FILENAME_DIRECTORY_SEMANTIC_TITLE_SOURCE_FAMILY_NAME_SEASON_ROWCOUNT_TIMESTAMP_PUBLIC_CACHE_OR_MODEL_INFERENCE;NO_AUTO_LINK;NO_AUTO_CLOSE;NO_PLAYER_OR_IDENTITY_FACTS;NO_PERMISSION_OR_AUTHORITY_SIDE_EFFECT,docs/hq/rookie_evidence_workspace_v1/registries/SOURCE_RECEIPT_REGISTRY.csv;docs/hq/rookie_evidence_workspace_v1/registries/ARTIFACT_RECEIPT_LINK.csv;docs/hq/rookie_evidence_workspace_v1/governance/QUEUE_CLOSURE_EVENT_LEDGER.csv,BEFORE_ADOPTION_REVERT_UNACCEPTED_COMMIT;AFTER_ADOPTION_APPEND_ROLLBACK_EVENT_REFERENCING_CLOSURE_EVENT_AND_APPEND_SUPERSEDING_ENDPOINT_OR_LINK_EVENT;NEVER_EDIT_OR_DELETE_HISTORY,QUEUE_ID_UNIQUE;BATCH_ROW_COUNT_RECONCILES;RECEIPT_ENDPOINT_EXACT;PROOF_HASH_VALID;RELATIONSHIP_GRAIN_EXACT;RIGHTS_LOCALITY_PASS;AUTHORITY_EFFECT_NO_BROADENING;SOURCE_USE_EFFECT_NO_BROADENING;QUEUE_ROW_UNCHANGED;APPEND_ONLY_EVENT_SCHEMA_PASS,MISSING_OR_NONCANONICAL_ENDPOINT;MISSING_PROOF_HASH_OR_EXPLICIT_RELATIONSHIP;AUTHORITY_OR_USE_PERMISSION_BROADENING;IDENTITY_OR_PLAYER_FACT_REQUIRED;RESTRICTED_OR_REVERSIBLE_LOCATOR_REQUIRED;ANY_PROTECTED_FROZEN_RUNTIME_APP_RANKING_FORMULA_SOURCE_REGISTRY_OR_PLUGIN_GOVERNANCE_SIDE_EFFECT,NO
batch_6068253d70e345ccaac063c0,proofpat_3a891c7082100c5207ece307,ARTIFACT_AUTHORITY_LINK_MISSING,144,ARTIFACT,AUTHORITY,SUPPORTING_EVIDENCE,EXACT_ARTIFACT_ID;EXACT_AUTHORITY_ID;EXPLICIT_MANIFEST_OR_CONTROLLING_DECISION_CONNECTING_BOTH_IDS;EVIDENCE_SHA256;AUTHORITY_EFFECT_METADATA_ONLY;PRODUCTION_AUTHORITY_FALSE;PLAYER_VALUE_AUTHORITY_FALSE;EXACT_CURRENT_AVAILABILITY_RECEIPT;NO_PERSISTENCE_ASSUMPTION,docs/hq/rookie_evidence_workspace_v1/registries/SANITIZED_LOCATOR_REGISTRY.csv#SANITIZED_LOCAL_METADATA_NOT_CLOSURE_PROOF,PROOF_RESTRICTED_OR_LOCAL_ONLY,LOCAL_ONLY,NOT_ENOUGH_INFORMATION_LOCAL_REVIEW_DATA_SANITIZED_ONLY,HIGH_AVAILABILITY_AND_PERSISTENCE_UNPROVED,LOCAL_ONLY_AVAILABILITY_BLOCKER,EXACT_ENDPOINT_AND_RELATIONSHIP_PROOF_THEN_APPEND_ONLY_CLOSED_WITH_RECEIPT_EVENT;OR_EXPLICIT_QUEUE_GRAIN_NOT_APPLICABLE_DECISION_THEN_APPEND_ONLY_EVENT,REQUEST_CURRENT_AVAILABILITY_RECEIPT;VALIDATE_SANITIZED_LOCATOR;DO_NOT_ASSUME_PERSISTENCE_OR_CLOSE,NO_PATH_FILENAME_DIRECTORY_SEMANTIC_TITLE_SOURCE_FAMILY_NAME_SEASON_ROWCOUNT_TIMESTAMP_PUBLIC_CACHE_OR_MODEL_INFERENCE;NO_AUTO_LINK;NO_AUTO_CLOSE;NO_PLAYER_OR_IDENTITY_FACTS;NO_PERMISSION_OR_AUTHORITY_SIDE_EFFECT,docs/hq/rookie_evidence_workspace_v1/registries/AUTHORITY_REGISTRY.csv;docs/hq/rookie_evidence_workspace_v1/registries/ARTIFACT_AUTHORITY_LINK.csv;docs/hq/rookie_evidence_workspace_v1/governance/QUEUE_CLOSURE_EVENT_LEDGER.csv,BEFORE_ADOPTION_REVERT_UNACCEPTED_COMMIT;AFTER_ADOPTION_APPEND_ROLLBACK_EVENT_REFERENCING_CLOSURE_EVENT_AND_APPEND_SUPERSEDING_ENDPOINT_OR_LINK_EVENT;NEVER_EDIT_OR_DELETE_HISTORY,QUEUE_ID_UNIQUE;BATCH_ROW_COUNT_RECONCILES;AUTHORITY_ENDPOINT_EXACT;PROOF_HASH_VALID;RELATIONSHIP_GRAIN_EXACT;RIGHTS_LOCALITY_PASS;AUTHORITY_EFFECT_NO_BROADENING;SOURCE_USE_EFFECT_NO_BROADENING;QUEUE_ROW_UNCHANGED;APPEND_ONLY_EVENT_SCHEMA_PASS,MISSING_OR_NONCANONICAL_ENDPOINT;MISSING_PROOF_HASH_OR_EXPLICIT_RELATIONSHIP;AUTHORITY_OR_USE_PERMISSION_BROADENING;IDENTITY_OR_PLAYER_FACT_REQUIRED;RESTRICTED_OR_REVERSIBLE_LOCATOR_REQUIRED;ANY_PROTECTED_FROZEN_RUNTIME_APP_RANKING_FORMULA_SOURCE_REGISTRY_OR_PLUGIN_GOVERNANCE_SIDE_EFFECT;AVAILABILITY_OR_PERSISTENCE_UNPROVED,NO
batch_62c8c9536de0cfd092d68b2b,proofpat_083bff47531095fa7550fbd6,ARTIFACT_SOURCE_LINK_MISSING,34,ARTIFACT,SOURCE,SUPERSEDED,EXACT_ARTIFACT_ID;CANONICAL_SOURCE_ID;EXACT_EXPLICIT_RECEIPT_OR_MANIFEST_RELATIONSHIP;EVIDENCE_SHA256;NO_SOURCE_PROMOTION;NO_INFERRED_SOURCE_FAMILY_MATCH;EXACT_QUEUE_GRAIN_NOT_APPLICABLE_DECISION_REQUIRED_TO_USE_NOT_APPLICABLE,NONE_FOUND_IN_CANONICAL_HQ_OR_PERMITTED_GIT_HISTORY,PROOF_NOT_FOUND,LIVE_HQ,REVIEW_ONLY_PUBLIC_GOVERNANCE_NOT_AUTHORIZED_BY_LOCATOR,HIGH_NO_CURRENT_EXACT_CLOSURE_PROOF,REQUIRES_NEW_SOURCE_OR_DATASET_ENDPOINT,EXACT_ENDPOINT_AND_RELATIONSHIP_PROOF_THEN_APPEND_ONLY_CLOSED_WITH_RECEIPT_EVENT;OR_EXPLICIT_QUEUE_GRAIN_NOT_APPLICABLE_DECISION_THEN_APPEND_ONLY_EVENT,PREPARE_MISSING_CANONICAL_ENDPOINT_AND_EXACT_RELATIONSHIP_RECEIPT_IN_SEPARATELY_AUTHORIZED_LANE,NO_PATH_FILENAME_DIRECTORY_SEMANTIC_TITLE_SOURCE_FAMILY_NAME_SEASON_ROWCOUNT_TIMESTAMP_PUBLIC_CACHE_OR_MODEL_INFERENCE;NO_AUTO_LINK;NO_AUTO_CLOSE;NO_PLAYER_OR_IDENTITY_FACTS;NO_PERMISSION_OR_AUTHORITY_SIDE_EFFECT,docs/hq/rookie_evidence_workspace_v1/registries/SOURCE_REGISTRY.csv;docs/hq/rookie_evidence_workspace_v1/registries/ARTIFACT_SOURCE_LINK.csv;docs/hq/rookie_evidence_workspace_v1/governance/QUEUE_CLOSURE_EVENT_LEDGER.csv,BEFORE_ADOPTION_REVERT_UNACCEPTED_COMMIT;AFTER_ADOPTION_APPEND_ROLLBACK_EVENT_REFERENCING_CLOSURE_EVENT_AND_APPEND_SUPERSEDING_ENDPOINT_OR_LINK_EVENT;NEVER_EDIT_OR_DELETE_HISTORY,QUEUE_ID_UNIQUE;BATCH_ROW_COUNT_RECONCILES;SOURCE_ENDPOINT_EXACT;PROOF_HASH_VALID;RELATIONSHIP_GRAIN_EXACT;RIGHTS_LOCALITY_PASS;AUTHORITY_EFFECT_NO_BROADENING;SOURCE_USE_EFFECT_NO_BROADENING;QUEUE_ROW_UNCHANGED;APPEND_ONLY_EVENT_SCHEMA_PASS,MISSING_OR_NONCANONICAL_ENDPOINT;MISSING_PROOF_HASH_OR_EXPLICIT_RELATIONSHIP;AUTHORITY_OR_USE_PERMISSION_BROADENING;IDENTITY_OR_PLAYER_FACT_REQUIRED;RESTRICTED_OR_REVERSIBLE_LOCATOR_REQUIRED;ANY_PROTECTED_FROZEN_RUNTIME_APP_RANKING_FORMULA_SOURCE_REGISTRY_OR_PLUGIN_GOVERNANCE_SIDE_EFFECT,NO
batch_66273033dc3289cad50263c9,proofpat_c96ca30bc5bdb6fbf678ffed,ARTIFACT_DATASET_LINK_MISSING,2,ARTIFACT,DATASET,DUPLICATE_CONFLICTING,EXACT_ARTIFACT_ID;CANONICAL_DATASET_ID;EXACT_EXPLICIT_RECEIPT_OR_MANIFEST_RELATIONSHIP;EXACT_DATASET_GRAIN;EVIDENCE_SHA256;NO_FILENAME_OR_FOLDER_INFERENCE;EXPLICIT_CONFLICT_DISPOSITION_WITH_NO_AUTOMATIC_WINNER,docs/hq/rookie_evidence_workspace_v1/conflicts/DUPLICATE_CONFLICT_RELATIONSHIP_LEDGER.csv#CONFLICT_CONTEXT_NOT_ENDPOINT_PROOF,PROOF_NOT_FOUND,LIVE_HQ,REVIEW_ONLY_PUBLIC_GOVERNANCE_NOT_AUTHORIZED_BY_LOCATOR,CRITICAL_CONFLICT_NO_AUTOMATIC_WINNER,CONFLICTING_EVIDENCE_ESCALATION,EXPLICIT_CONFLICT_DISPOSITION_THEN_EXACT_RELATIONSHIP_PROOF_AND_APPEND_ONLY_EVENT,ESCALATE_CONFLICT_WITH_NO_AUTOMATIC_WINNER;PREPARE_EXACT_PROOF_ONLY_AFTER_EXPLICIT_DISPOSITION;DO_NOT_CLOSE,NO_PATH_FILENAME_DIRECTORY_SEMANTIC_TITLE_SOURCE_FAMILY_NAME_SEASON_ROWCOUNT_TIMESTAMP_PUBLIC_CACHE_OR_MODEL_INFERENCE;NO_AUTO_LINK;NO_AUTO_CLOSE;NO_PLAYER_OR_IDENTITY_FACTS;NO_PERMISSION_OR_AUTHORITY_SIDE_EFFECT,docs/hq/rookie_evidence_workspace_v1/registries/DATASET_REGISTRY.csv;docs/hq/rookie_evidence_workspace_v1/registries/ARTIFACT_DATASET_LINK.csv;docs/hq/rookie_evidence_workspace_v1/governance/QUEUE_CLOSURE_EVENT_LEDGER.csv,BEFORE_ADOPTION_REVERT_UNACCEPTED_COMMIT;AFTER_ADOPTION_APPEND_ROLLBACK_EVENT_REFERENCING_CLOSURE_EVENT_AND_APPEND_SUPERSEDING_ENDPOINT_OR_LINK_EVENT;NEVER_EDIT_OR_DELETE_HISTORY,QUEUE_ID_UNIQUE;BATCH_ROW_COUNT_RECONCILES;DATASET_ENDPOINT_EXACT;PROOF_HASH_VALID;RELATIONSHIP_GRAIN_EXACT;RIGHTS_LOCALITY_PASS;AUTHORITY_EFFECT_NO_BROADENING;SOURCE_USE_EFFECT_NO_BROADENING;QUEUE_ROW_UNCHANGED;APPEND_ONLY_EVENT_SCHEMA_PASS,MISSING_OR_NONCANONICAL_ENDPOINT;MISSING_PROOF_HASH_OR_EXPLICIT_RELATIONSHIP;AUTHORITY_OR_USE_PERMISSION_BROADENING;IDENTITY_OR_PLAYER_FACT_REQUIRED;RESTRICTED_OR_REVERSIBLE_LOCATOR_REQUIRED;ANY_PROTECTED_FROZEN_RUNTIME_APP_RANKING_FORMULA_SOURCE_REGISTRY_OR_PLUGIN_GOVERNANCE_SIDE_EFFECT;CONFLICT_UNRESOLVED_OR_AUTOMATIC_WINNER_PROPOSED,NO
batch_677235dbe4905a176ea8d87d,proofpat_23d2cb5d303ae6f44f6da181,ARTIFACT_RECEIPT_LINK_MISSING,9,ARTIFACT,RECEIPT,SOURCE_UNADMITTED,EXACT_ARTIFACT_ID;CANONICAL_RECEIPT_ID;EXACT_DOCUMENTED_RECEIPT_RELATIONSHIP;VALID_HASH_OR_MANIFEST_REFERENCE;RIGHTS_CLEARANCE;LOCALITY_CLEARANCE;EXPLICIT_SOURCE_ADMISSION_AND_USE_DECISION_AT_REQUIRED_GRAIN,NONE_FOUND_IN_CANONICAL_HQ_OR_PERMITTED_GIT_HISTORY,PROOF_NOT_FOUND,LIVE_HQ,REVIEW_ONLY_PUBLIC_GOVERNANCE_NOT_AUTHORIZED_BY_LOCATOR,HIGH_NO_CURRENT_EXACT_CLOSURE_PROOF,NOT_ENOUGH_INFORMATION,EXACT_ENDPOINT_AND_RELATIONSHIP_PROOF_THEN_APPEND_ONLY_CLOSED_WITH_RECEIPT_EVENT;OR_EXPLICIT_QUEUE_GRAIN_NOT_APPLICABLE_DECISION_THEN_APPEND_ONLY_EVENT,PREPARE_CANONICAL_RECEIPT_ENDPOINT_AND_EXACT_ARTIFACT_RECEIPT_RELATIONSHIP;DO_NOT_CLOSE_WITH_HASH_ALONE,NO_PATH_FILENAME_DIRECTORY_SEMANTIC_TITLE_SOURCE_FAMILY_NAME_SEASON_ROWCOUNT_TIMESTAMP_PUBLIC_CACHE_OR_MODEL_INFERENCE;NO_AUTO_LINK;NO_AUTO_CLOSE;NO_PLAYER_OR_IDENTITY_FACTS;NO_PERMISSION_OR_AUTHORITY_SIDE_EFFECT,docs/hq/rookie_evidence_workspace_v1/registries/SOURCE_RECEIPT_REGISTRY.csv;docs/hq/rookie_evidence_workspace_v1/registries/ARTIFACT_RECEIPT_LINK.csv;docs/hq/rookie_evidence_workspace_v1/governance/QUEUE_CLOSURE_EVENT_LEDGER.csv,BEFORE_ADOPTION_REVERT_UNACCEPTED_COMMIT;AFTER_ADOPTION_APPEND_ROLLBACK_EVENT_REFERENCING_CLOSURE_EVENT_AND_APPEND_SUPERSEDING_ENDPOINT_OR_LINK_EVENT;NEVER_EDIT_OR_DELETE_HISTORY,QUEUE_ID_UNIQUE;BATCH_ROW_COUNT_RECONCILES;RECEIPT_ENDPOINT_EXACT;PROOF_HASH_VALID;RELATIONSHIP_GRAIN_EXACT;RIGHTS_LOCALITY_PASS;AUTHORITY_EFFECT_NO_BROADENING;SOURCE_USE_EFFECT_NO_BROADENING;QUEUE_ROW_UNCHANGED;APPEND_ONLY_EVENT_SCHEMA_PASS,MISSING_OR_NONCANONICAL_ENDPOINT;MISSING_PROOF_HASH_OR_EXPLICIT_RELATIONSHIP;AUTHORITY_OR_USE_PERMISSION_BROADENING;IDENTITY_OR_PLAYER_FACT_REQUIRED;RESTRICTED_OR_REVERSIBLE_LOCATOR_REQUIRED;ANY_PROTECTED_FROZEN_RUNTIME_APP_RANKING_FORMULA_SOURCE_REGISTRY_OR_PLUGIN_GOVERNANCE_SIDE_EFFECT,NO
batch_69032920dd5a76115099491d,proofpat_336ece56084760b33058c069,ARTIFACT_SOURCE_LINK_MISSING,56,ARTIFACT,SOURCE,CANONICAL_REVIEW_ONLY,EXACT_ARTIFACT_ID;CANONICAL_SOURCE_ID;EXACT_EXPLICIT_RECEIPT_OR_MANIFEST_RELATIONSHIP;EVIDENCE_SHA256;NO_SOURCE_PROMOTION;NO_INFERRED_SOURCE_FAMILY_MATCH,NONE_FOUND_IN_CANONICAL_HQ_OR_PERMITTED_GIT_HISTORY,PROOF_NOT_FOUND,LIVE_HQ,REVIEW_ONLY_PUBLIC_GOVERNANCE_NOT_AUTHORIZED_BY_LOCATOR,HIGH_NO_CURRENT_EXACT_CLOSURE_PROOF,REQUIRES_NEW_SOURCE_OR_DATASET_ENDPOINT,EXACT_ENDPOINT_AND_RELATIONSHIP_PROOF_THEN_APPEND_ONLY_CLOSED_WITH_RECEIPT_EVENT;OR_EXPLICIT_QUEUE_GRAIN_NOT_APPLICABLE_DECISION_THEN_APPEND_ONLY_EVENT,PREPARE_MISSING_CANONICAL_ENDPOINT_AND_EXACT_RELATIONSHIP_RECEIPT_IN_SEPARATELY_AUTHORIZED_LANE,NO_PATH_FILENAME_DIRECTORY_SEMANTIC_TITLE_SOURCE_FAMILY_NAME_SEASON_ROWCOUNT_TIMESTAMP_PUBLIC_CACHE_OR_MODEL_INFERENCE;NO_AUTO_LINK;NO_AUTO_CLOSE;NO_PLAYER_OR_IDENTITY_FACTS;NO_PERMISSION_OR_AUTHORITY_SIDE_EFFECT,docs/hq/rookie_evidence_workspace_v1/registries/SOURCE_REGISTRY.csv;docs/hq/rookie_evidence_workspace_v1/registries/ARTIFACT_SOURCE_LINK.csv;docs/hq/rookie_evidence_workspace_v1/governance/QUEUE_CLOSURE_EVENT_LEDGER.csv,BEFORE_ADOPTION_REVERT_UNACCEPTED_COMMIT;AFTER_ADOPTION_APPEND_ROLLBACK_EVENT_REFERENCING_CLOSURE_EVENT_AND_APPEND_SUPERSEDING_ENDPOINT_OR_LINK_EVENT;NEVER_EDIT_OR_DELETE_HISTORY,QUEUE_ID_UNIQUE;BATCH_ROW_COUNT_RECONCILES;SOURCE_ENDPOINT_EXACT;PROOF_HASH_VALID;RELATIONSHIP_GRAIN_EXACT;RIGHTS_LOCALITY_PASS;AUTHORITY_EFFECT_NO_BROADENING;SOURCE_USE_EFFECT_NO_BROADENING;QUEUE_ROW_UNCHANGED;APPEND_ONLY_EVENT_SCHEMA_PASS,MISSING_OR_NONCANONICAL_ENDPOINT;MISSING_PROOF_HASH_OR_EXPLICIT_RELATIONSHIP;AUTHORITY_OR_USE_PERMISSION_BROADENING;IDENTITY_OR_PLAYER_FACT_REQUIRED;RESTRICTED_OR_REVERSIBLE_LOCATOR_REQUIRED;ANY_PROTECTED_FROZEN_RUNTIME_APP_RANKING_FORMULA_SOURCE_REGISTRY_OR_PLUGIN_GOVERNANCE_SIDE_EFFECT,NO
batch_70bb7ffa528cab679bfe439f,proofpat_e248457f9a1bd9801b271f4a,ARTIFACT_SOURCE_LINK_MISSING,34,ARTIFACT,SOURCE,CANONICAL_ADMITTED,EXACT_ARTIFACT_ID;CANONICAL_SOURCE_ID;EXACT_EXPLICIT_RECEIPT_OR_MANIFEST_RELATIONSHIP;EVIDENCE_SHA256;NO_SOURCE_PROMOTION;NO_INFERRED_SOURCE_FAMILY_MATCH,NONE_FOUND_IN_CANONICAL_HQ_OR_PERMITTED_GIT_HISTORY,PROOF_NOT_FOUND,LIVE_HQ,REVIEW_ONLY_PUBLIC_GOVERNANCE_NOT_AUTHORIZED_BY_LOCATOR,HIGH_NO_CURRENT_EXACT_CLOSURE_PROOF,REQUIRES_NEW_SOURCE_OR_DATASET_ENDPOINT,EXACT_ENDPOINT_AND_RELATIONSHIP_PROOF_THEN_APPEND_ONLY_CLOSED_WITH_RECEIPT_EVENT;OR_EXPLICIT_QUEUE_GRAIN_NOT_APPLICABLE_DECISION_THEN_APPEND_ONLY_EVENT,PREPARE_MISSING_CANONICAL_ENDPOINT_AND_EXACT_RELATIONSHIP_RECEIPT_IN_SEPARATELY_AUTHORIZED_LANE,NO_PATH_FILENAME_DIRECTORY_SEMANTIC_TITLE_SOURCE_FAMILY_NAME_SEASON_ROWCOUNT_TIMESTAMP_PUBLIC_CACHE_OR_MODEL_INFERENCE;NO_AUTO_LINK;NO_AUTO_CLOSE;NO_PLAYER_OR_IDENTITY_FACTS;NO_PERMISSION_OR_AUTHORITY_SIDE_EFFECT,docs/hq/rookie_evidence_workspace_v1/registries/SOURCE_REGISTRY.csv;docs/hq/rookie_evidence_workspace_v1/registries/ARTIFACT_SOURCE_LINK.csv;docs/hq/rookie_evidence_workspace_v1/governance/QUEUE_CLOSURE_EVENT_LEDGER.csv,BEFORE_ADOPTION_REVERT_UNACCEPTED_COMMIT;AFTER_ADOPTION_APPEND_ROLLBACK_EVENT_REFERENCING_CLOSURE_EVENT_AND_APPEND_SUPERSEDING_ENDPOINT_OR_LINK_EVENT;NEVER_EDIT_OR_DELETE_HISTORY,QUEUE_ID_UNIQUE;BATCH_ROW_COUNT_RECONCILES;SOURCE_ENDPOINT_EXACT;PROOF_HASH_VALID;RELATIONSHIP_GRAIN_EXACT;RIGHTS_LOCALITY_PASS;AUTHORITY_EFFECT_NO_BROADENING;SOURCE_USE_EFFECT_NO_BROADENING;QUEUE_ROW_UNCHANGED;APPEND_ONLY_EVENT_SCHEMA_PASS,MISSING_OR_NONCANONICAL_ENDPOINT;MISSING_PROOF_HASH_OR_EXPLICIT_RELATIONSHIP;AUTHORITY_OR_USE_PERMISSION_BROADENING;IDENTITY_OR_PLAYER_FACT_REQUIRED;RESTRICTED_OR_REVERSIBLE_LOCATOR_REQUIRED;ANY_PROTECTED_FROZEN_RUNTIME_APP_RANKING_FORMULA_SOURCE_REGISTRY_OR_PLUGIN_GOVERNANCE_SIDE_EFFECT,NO
batch_76c619f98a50e5ed95c7d149,proofpat_e7f43652cf09c8b02b113a19,ARTIFACT_DATASET_LINK_MISSING,34,ARTIFACT,DATASET,CANONICAL_ADMITTED,EXACT_ARTIFACT_ID;CANONICAL_DATASET_ID;EXACT_EXPLICIT_RECEIPT_OR_MANIFEST_RELATIONSHIP;EXACT_DATASET_GRAIN;EVIDENCE_SHA256;NO_FILENAME_OR_FOLDER_INFERENCE,NONE_FOUND_IN_CANONICAL_HQ_OR_PERMITTED_GIT_HISTORY,PROOF_NOT_FOUND,LIVE_HQ,REVIEW_ONLY_PUBLIC_GOVERNANCE_NOT_AUTHORIZED_BY_LOCATOR,HIGH_NO_CURRENT_EXACT_CLOSURE_PROOF,REQUIRES_NEW_SOURCE_OR_DATASET_ENDPOINT,EXACT_ENDPOINT_AND_RELATIONSHIP_PROOF_THEN_APPEND_ONLY_CLOSED_WITH_RECEIPT_EVENT;OR_EXPLICIT_QUEUE_GRAIN_NOT_APPLICABLE_DECISION_THEN_APPEND_ONLY_EVENT,PREPARE_MISSING_CANONICAL_ENDPOINT_AND_EXACT_RELATIONSHIP_RECEIPT_IN_SEPARATELY_AUTHORIZED_LANE,NO_PATH_FILENAME_DIRECTORY_SEMANTIC_TITLE_SOURCE_FAMILY_NAME_SEASON_ROWCOUNT_TIMESTAMP_PUBLIC_CACHE_OR_MODEL_INFERENCE;NO_AUTO_LINK;NO_AUTO_CLOSE;NO_PLAYER_OR_IDENTITY_FACTS;NO_PERMISSION_OR_AUTHORITY_SIDE_EFFECT,docs/hq/rookie_evidence_workspace_v1/registries/DATASET_REGISTRY.csv;docs/hq/rookie_evidence_workspace_v1/registries/ARTIFACT_DATASET_LINK.csv;docs/hq/rookie_evidence_workspace_v1/governance/QUEUE_CLOSURE_EVENT_LEDGER.csv,BEFORE_ADOPTION_REVERT_UNACCEPTED_COMMIT;AFTER_ADOPTION_APPEND_ROLLBACK_EVENT_REFERENCING_CLOSURE_EVENT_AND_APPEND_SUPERSEDING_ENDPOINT_OR_LINK_EVENT;NEVER_EDIT_OR_DELETE_HISTORY,QUEUE_ID_UNIQUE;BATCH_ROW_COUNT_RECONCILES;DATASET_ENDPOINT_EXACT;PROOF_HASH_VALID;RELATIONSHIP_GRAIN_EXACT;RIGHTS_LOCALITY_PASS;AUTHORITY_EFFECT_NO_BROADENING;SOURCE_USE_EFFECT_NO_BROADENING;QUEUE_ROW_UNCHANGED;APPEND_ONLY_EVENT_SCHEMA_PASS,MISSING_OR_NONCANONICAL_ENDPOINT;MISSING_PROOF_HASH_OR_EXPLICIT_RELATIONSHIP;AUTHORITY_OR_USE_PERMISSION_BROADENING;IDENTITY_OR_PLAYER_FACT_REQUIRED;RESTRICTED_OR_REVERSIBLE_LOCATOR_REQUIRED;ANY_PROTECTED_FROZEN_RUNTIME_APP_RANKING_FORMULA_SOURCE_REGISTRY_OR_PLUGIN_GOVERNANCE_SIDE_EFFECT,NO
batch_7e0a32b7ab0402c8f0c7ea4f,proofpat_263f03e3ed58af314ebbd50f,ARTIFACT_DATASET_LINK_MISSING,56,ARTIFACT,DATASET,CANONICAL_REVIEW_ONLY,EXACT_ARTIFACT_ID;CANONICAL_DATASET_ID;EXACT_EXPLICIT_RECEIPT_OR_MANIFEST_RELATIONSHIP;EXACT_DATASET_GRAIN;EVIDENCE_SHA256;NO_FILENAME_OR_FOLDER_INFERENCE,NONE_FOUND_IN_CANONICAL_HQ_OR_PERMITTED_GIT_HISTORY,PROOF_NOT_FOUND,LIVE_HQ,REVIEW_ONLY_PUBLIC_GOVERNANCE_NOT_AUTHORIZED_BY_LOCATOR,HIGH_NO_CURRENT_EXACT_CLOSURE_PROOF,REQUIRES_NEW_SOURCE_OR_DATASET_ENDPOINT,EXACT_ENDPOINT_AND_RELATIONSHIP_PROOF_THEN_APPEND_ONLY_CLOSED_WITH_RECEIPT_EVENT;OR_EXPLICIT_QUEUE_GRAIN_NOT_APPLICABLE_DECISION_THEN_APPEND_ONLY_EVENT,PREPARE_MISSING_CANONICAL_ENDPOINT_AND_EXACT_RELATIONSHIP_RECEIPT_IN_SEPARATELY_AUTHORIZED_LANE,NO_PATH_FILENAME_DIRECTORY_SEMANTIC_TITLE_SOURCE_FAMILY_NAME_SEASON_ROWCOUNT_TIMESTAMP_PUBLIC_CACHE_OR_MODEL_INFERENCE;NO_AUTO_LINK;NO_AUTO_CLOSE;NO_PLAYER_OR_IDENTITY_FACTS;NO_PERMISSION_OR_AUTHORITY_SIDE_EFFECT,docs/hq/rookie_evidence_workspace_v1/registries/DATASET_REGISTRY.csv;docs/hq/rookie_evidence_workspace_v1/registries/ARTIFACT_DATASET_LINK.csv;docs/hq/rookie_evidence_workspace_v1/governance/QUEUE_CLOSURE_EVENT_LEDGER.csv,BEFORE_ADOPTION_REVERT_UNACCEPTED_COMMIT;AFTER_ADOPTION_APPEND_ROLLBACK_EVENT_REFERENCING_CLOSURE_EVENT_AND_APPEND_SUPERSEDING_ENDPOINT_OR_LINK_EVENT;NEVER_EDIT_OR_DELETE_HISTORY,QUEUE_ID_UNIQUE;BATCH_ROW_COUNT_RECONCILES;DATASET_ENDPOINT_EXACT;PROOF_HASH_VALID;RELATIONSHIP_GRAIN_EXACT;RIGHTS_LOCALITY_PASS;AUTHORITY_EFFECT_NO_BROADENING;SOURCE_USE_EFFECT_NO_BROADENING;QUEUE_ROW_UNCHANGED;APPEND_ONLY_EVENT_SCHEMA_PASS,MISSING_OR_NONCANONICAL_ENDPOINT;MISSING_PROOF_HASH_OR_EXPLICIT_RELATIONSHIP;AUTHORITY_OR_USE_PERMISSION_BROADENING;IDENTITY_OR_PLAYER_FACT_REQUIRED;RESTRICTED_OR_REVERSIBLE_LOCATOR_REQUIRED;ANY_PROTECTED_FROZEN_RUNTIME_APP_RANKING_FORMULA_SOURCE_REGISTRY_OR_PLUGIN_GOVERNANCE_SIDE_EFFECT,NO
batch_836e8658fea7760a7278dd66,proofpat_6879c71a36a63934397422da,ARTIFACT_SOURCE_LINK_MISSING,2,ARTIFACT,SOURCE,SUPPORTING_EVIDENCE,EXACT_ARTIFACT_ID;CANONICAL_SOURCE_ID;EXACT_EXPLICIT_RECEIPT_OR_MANIFEST_RELATIONSHIP;EVIDENCE_SHA256;NO_SOURCE_PROMOTION;NO_INFERRED_SOURCE_FAMILY_MATCH;REGISTERED_CANONICAL_SOURCE_ENDPOINT;EXPLICIT_PROTECTED_SCOPE_AUTHORIZATION,docs/hq/master/rookie_evidence_registry_deterministic_linkage_gap_closure_v1_20260711/VERIFIED_METADATA_LINKS.csv#DEFERRED_ENDPOINT_NOT_REGISTERED_AND_PROTECTED_SCOPE,PARTIAL_PROOF_ONLY,LIVE_HQ,REVIEW_ONLY_PUBLIC_GOVERNANCE_PROTECTED_SCOPE_AUTHORIZATION_ABSENT,HIGH_PARTIAL_PROTECTED_SCOPE_PROOF,REQUIRES_NEW_SOURCE_OR_DATASET_ENDPOINT,EXACT_ENDPOINT_AND_RELATIONSHIP_PROOF_THEN_APPEND_ONLY_CLOSED_WITH_RECEIPT_EVENT;OR_EXPLICIT_QUEUE_GRAIN_NOT_APPLICABLE_DECISION_THEN_APPEND_ONLY_EVENT,PREPARE_CANONICAL_SOURCE_ENDPOINT_AND_PROTECTED_SCOPE_DECISION_REQUEST;DO_NOT_REGISTER_ACTIVATE_MAP_OR_CLOSE,NO_PATH_FILENAME_DIRECTORY_SEMANTIC_TITLE_SOURCE_FAMILY_NAME_SEASON_ROWCOUNT_TIMESTAMP_PUBLIC_CACHE_OR_MODEL_INFERENCE;NO_AUTO_LINK;NO_AUTO_CLOSE;NO_PLAYER_OR_IDENTITY_FACTS;NO_PERMISSION_OR_AUTHORITY_SIDE_EFFECT,docs/hq/rookie_evidence_workspace_v1/registries/SOURCE_REGISTRY.csv;docs/hq/rookie_evidence_workspace_v1/registries/ARTIFACT_SOURCE_LINK.csv;docs/hq/rookie_evidence_workspace_v1/governance/QUEUE_CLOSURE_EVENT_LEDGER.csv,BEFORE_ADOPTION_REVERT_UNACCEPTED_COMMIT;AFTER_ADOPTION_APPEND_ROLLBACK_EVENT_REFERENCING_CLOSURE_EVENT_AND_APPEND_SUPERSEDING_ENDPOINT_OR_LINK_EVENT;NEVER_EDIT_OR_DELETE_HISTORY,QUEUE_ID_UNIQUE;BATCH_ROW_COUNT_RECONCILES;SOURCE_ENDPOINT_EXACT;PROOF_HASH_VALID;RELATIONSHIP_GRAIN_EXACT;RIGHTS_LOCALITY_PASS;AUTHORITY_EFFECT_NO_BROADENING;SOURCE_USE_EFFECT_NO_BROADENING;QUEUE_ROW_UNCHANGED;APPEND_ONLY_EVENT_SCHEMA_PASS,MISSING_OR_NONCANONICAL_ENDPOINT;MISSING_PROOF_HASH_OR_EXPLICIT_RELATIONSHIP;AUTHORITY_OR_USE_PERMISSION_BROADENING;IDENTITY_OR_PLAYER_FACT_REQUIRED;RESTRICTED_OR_REVERSIBLE_LOCATOR_REQUIRED;ANY_PROTECTED_FROZEN_RUNTIME_APP_RANKING_FORMULA_SOURCE_REGISTRY_OR_PLUGIN_GOVERNANCE_SIDE_EFFECT;CANONICAL_SOURCE_ENDPOINT_OR_PROTECTED_SCOPE_AUTHORIZATION_ABSENT,PROOF_PREPARATION_ONLY_DO_NOT_CLOSE
batch_84d75d10f0b641fb9b419cbd,proofpat_fccfb70602a833ca68190ae5,ARTIFACT_AUTHORITY_LINK_MISSING,8,ARTIFACT,AUTHORITY,SUPERSEDED,EXACT_ARTIFACT_ID;EXACT_AUTHORITY_ID;EXPLICIT_MANIFEST_OR_CONTROLLING_DECISION_CONNECTING_BOTH_IDS;EVIDENCE_SHA256;AUTHORITY_EFFECT_METADATA_ONLY;PRODUCTION_AUTHORITY_FALSE;PLAYER_VALUE_AUTHORITY_FALSE;EXACT_QUEUE_GRAIN_NOT_APPLICABLE_DECISION_REQUIRED_TO_USE_NOT_APPLICABLE;EXACT_CURRENT_AVAILABILITY_RECEIPT;NO_PERSISTENCE_ASSUMPTION,docs/hq/rookie_evidence_workspace_v1/registries/SANITIZED_LOCATOR_REGISTRY.csv#SANITIZED_LOCAL_METADATA_NOT_CLOSURE_PROOF,PROOF_RESTRICTED_OR_LOCAL_ONLY,LOCAL_ONLY,NOT_ENOUGH_INFORMATION_LOCAL_REVIEW_DATA_SANITIZED_ONLY,HIGH_AVAILABILITY_AND_PERSISTENCE_UNPROVED,LOCAL_ONLY_AVAILABILITY_BLOCKER,EXACT_ENDPOINT_AND_RELATIONSHIP_PROOF_THEN_APPEND_ONLY_CLOSED_WITH_RECEIPT_EVENT;OR_EXPLICIT_QUEUE_GRAIN_NOT_APPLICABLE_DECISION_THEN_APPEND_ONLY_EVENT,REQUEST_CURRENT_AVAILABILITY_RECEIPT;VALIDATE_SANITIZED_LOCATOR;DO_NOT_ASSUME_PERSISTENCE_OR_CLOSE,NO_PATH_FILENAME_DIRECTORY_SEMANTIC_TITLE_SOURCE_FAMILY_NAME_SEASON_ROWCOUNT_TIMESTAMP_PUBLIC_CACHE_OR_MODEL_INFERENCE;NO_AUTO_LINK;NO_AUTO_CLOSE;NO_PLAYER_OR_IDENTITY_FACTS;NO_PERMISSION_OR_AUTHORITY_SIDE_EFFECT,docs/hq/rookie_evidence_workspace_v1/registries/AUTHORITY_REGISTRY.csv;docs/hq/rookie_evidence_workspace_v1/registries/ARTIFACT_AUTHORITY_LINK.csv;docs/hq/rookie_evidence_workspace_v1/governance/QUEUE_CLOSURE_EVENT_LEDGER.csv,BEFORE_ADOPTION_REVERT_UNACCEPTED_COMMIT;AFTER_ADOPTION_APPEND_ROLLBACK_EVENT_REFERENCING_CLOSURE_EVENT_AND_APPEND_SUPERSEDING_ENDPOINT_OR_LINK_EVENT;NEVER_EDIT_OR_DELETE_HISTORY,QUEUE_ID_UNIQUE;BATCH_ROW_COUNT_RECONCILES;AUTHORITY_ENDPOINT_EXACT;PROOF_HASH_VALID;RELATIONSHIP_GRAIN_EXACT;RIGHTS_LOCALITY_PASS;AUTHORITY_EFFECT_NO_BROADENING;SOURCE_USE_EFFECT_NO_BROADENING;QUEUE_ROW_UNCHANGED;APPEND_ONLY_EVENT_SCHEMA_PASS,MISSING_OR_NONCANONICAL_ENDPOINT;MISSING_PROOF_HASH_OR_EXPLICIT_RELATIONSHIP;AUTHORITY_OR_USE_PERMISSION_BROADENING;IDENTITY_OR_PLAYER_FACT_REQUIRED;RESTRICTED_OR_REVERSIBLE_LOCATOR_REQUIRED;ANY_PROTECTED_FROZEN_RUNTIME_APP_RANKING_FORMULA_SOURCE_REGISTRY_OR_PLUGIN_GOVERNANCE_SIDE_EFFECT;AVAILABILITY_OR_PERSISTENCE_UNPROVED,NO
batch_886fc167eb00eb628b03f9d2,proofpat_b3b2b13a1008496b941241c2,ARTIFACT_AUTHORITY_LINK_MISSING,861,ARTIFACT,AUTHORITY,SUPPORTING_EVIDENCE,EXACT_ARTIFACT_ID;EXACT_AUTHORITY_ID;EXPLICIT_MANIFEST_OR_CONTROLLING_DECISION_CONNECTING_BOTH_IDS;EVIDENCE_SHA256;AUTHORITY_EFFECT_METADATA_ONLY;PRODUCTION_AUTHORITY_FALSE;PLAYER_VALUE_AUTHORITY_FALSE,NONE_FOUND_IN_CANONICAL_HQ_OR_PERMITTED_GIT_HISTORY,PROOF_NOT_FOUND,LIVE_HQ,REVIEW_ONLY_PUBLIC_GOVERNANCE_NOT_AUTHORIZED_BY_LOCATOR,HIGH_NO_CURRENT_EXACT_CLOSURE_PROOF,REQUIRES_NEW_AUTHORITY_DECISION,EXACT_ENDPOINT_AND_RELATIONSHIP_PROOF_THEN_APPEND_ONLY_CLOSED_WITH_RECEIPT_EVENT;OR_EXPLICIT_QUEUE_GRAIN_NOT_APPLICABLE_DECISION_THEN_APPEND_ONLY_EVENT,REQUEST_EXPLICIT_AUTHORITY_DECISION_AND_EXACT_RELATIONSHIP_RECEIPT_IN_SEPARATELY_AUTHORIZED_LANE,NO_PATH_FILENAME_DIRECTORY_SEMANTIC_TITLE_SOURCE_FAMILY_NAME_SEASON_ROWCOUNT_TIMESTAMP_PUBLIC_CACHE_OR_MODEL_INFERENCE;NO_AUTO_LINK;NO_AUTO_CLOSE;NO_PLAYER_OR_IDENTITY_FACTS;NO_PERMISSION_OR_AUTHORITY_SIDE_EFFECT,docs/hq/rookie_evidence_workspace_v1/registries/AUTHORITY_REGISTRY.csv;docs/hq/rookie_evidence_workspace_v1/registries/ARTIFACT_AUTHORITY_LINK.csv;docs/hq/rookie_evidence_workspace_v1/governance/QUEUE_CLOSURE_EVENT_LEDGER.csv,BEFORE_ADOPTION_REVERT_UNACCEPTED_COMMIT;AFTER_ADOPTION_APPEND_ROLLBACK_EVENT_REFERENCING_CLOSURE_EVENT_AND_APPEND_SUPERSEDING_ENDPOINT_OR_LINK_EVENT;NEVER_EDIT_OR_DELETE_HISTORY,QUEUE_ID_UNIQUE;BATCH_ROW_COUNT_RECONCILES;AUTHORITY_ENDPOINT_EXACT;PROOF_HASH_VALID;RELATIONSHIP_GRAIN_EXACT;RIGHTS_LOCALITY_PASS;AUTHORITY_EFFECT_NO_BROADENING;SOURCE_USE_EFFECT_NO_BROADENING;QUEUE_ROW_UNCHANGED;APPEND_ONLY_EVENT_SCHEMA_PASS,MISSING_OR_NONCANONICAL_ENDPOINT;MISSING_PROOF_HASH_OR_EXPLICIT_RELATIONSHIP;AUTHORITY_OR_USE_PERMISSION_BROADENING;IDENTITY_OR_PLAYER_FACT_REQUIRED;RESTRICTED_OR_REVERSIBLE_LOCATOR_REQUIRED;ANY_PROTECTED_FROZEN_RUNTIME_APP_RANKING_FORMULA_SOURCE_REGISTRY_OR_PLUGIN_GOVERNANCE_SIDE_EFFECT,NO
batch_899c05898a0fed0fac716349,proofpat_42daeed562867f77b98f48ba,ARTIFACT_RECEIPT_LINK_MISSING,144,ARTIFACT,RECEIPT,SUPPORTING_EVIDENCE,EXACT_ARTIFACT_ID;CANONICAL_RECEIPT_ID;EXACT_DOCUMENTED_RECEIPT_RELATIONSHIP;VALID_HASH_OR_MANIFEST_REFERENCE;RIGHTS_CLEARANCE;LOCALITY_CLEARANCE;EXACT_CURRENT_AVAILABILITY_RECEIPT;NO_PERSISTENCE_ASSUMPTION,docs/hq/rookie_evidence_workspace_v1/registries/SANITIZED_LOCATOR_REGISTRY.csv#SANITIZED_LOCAL_METADATA_NOT_CLOSURE_PROOF,PROOF_RESTRICTED_OR_LOCAL_ONLY,LOCAL_ONLY,NOT_ENOUGH_INFORMATION_LOCAL_REVIEW_DATA_SANITIZED_ONLY,HIGH_AVAILABILITY_AND_PERSISTENCE_UNPROVED,LOCAL_ONLY_AVAILABILITY_BLOCKER,EXACT_ENDPOINT_AND_RELATIONSHIP_PROOF_THEN_APPEND_ONLY_CLOSED_WITH_RECEIPT_EVENT;OR_EXPLICIT_QUEUE_GRAIN_NOT_APPLICABLE_DECISION_THEN_APPEND_ONLY_EVENT,REQUEST_CURRENT_AVAILABILITY_RECEIPT;VALIDATE_SANITIZED_LOCATOR;DO_NOT_ASSUME_PERSISTENCE_OR_CLOSE,NO_PATH_FILENAME_DIRECTORY_SEMANTIC_TITLE_SOURCE_FAMILY_NAME_SEASON_ROWCOUNT_TIMESTAMP_PUBLIC_CACHE_OR_MODEL_INFERENCE;NO_AUTO_LINK;NO_AUTO_CLOSE;NO_PLAYER_OR_IDENTITY_FACTS;NO_PERMISSION_OR_AUTHORITY_SIDE_EFFECT,docs/hq/rookie_evidence_workspace_v1/registries/SOURCE_RECEIPT_REGISTRY.csv;docs/hq/rookie_evidence_workspace_v1/registries/ARTIFACT_RECEIPT_LINK.csv;docs/hq/rookie_evidence_workspace_v1/governance/QUEUE_CLOSURE_EVENT_LEDGER.csv,BEFORE_ADOPTION_REVERT_UNACCEPTED_COMMIT;AFTER_ADOPTION_APPEND_ROLLBACK_EVENT_REFERENCING_CLOSURE_EVENT_AND_APPEND_SUPERSEDING_ENDPOINT_OR_LINK_EVENT;NEVER_EDIT_OR_DELETE_HISTORY,QUEUE_ID_UNIQUE;BATCH_ROW_COUNT_RECONCILES;RECEIPT_ENDPOINT_EXACT;PROOF_HASH_VALID;RELATIONSHIP_GRAIN_EXACT;RIGHTS_LOCALITY_PASS;AUTHORITY_EFFECT_NO_BROADENING;SOURCE_USE_EFFECT_NO_BROADENING;QUEUE_ROW_UNCHANGED;APPEND_ONLY_EVENT_SCHEMA_PASS,MISSING_OR_NONCANONICAL_ENDPOINT;MISSING_PROOF_HASH_OR_EXPLICIT_RELATIONSHIP;AUTHORITY_OR_USE_PERMISSION_BROADENING;IDENTITY_OR_PLAYER_FACT_REQUIRED;RESTRICTED_OR_REVERSIBLE_LOCATOR_REQUIRED;ANY_PROTECTED_FROZEN_RUNTIME_APP_RANKING_FORMULA_SOURCE_REGISTRY_OR_PLUGIN_GOVERNANCE_SIDE_EFFECT;AVAILABILITY_OR_PERSISTENCE_UNPROVED,NO
batch_8b748e8be0b574e145027af9,proofpat_31131e3cbc6f7de4ae9d22e4,ARTIFACT_DATASET_LINK_MISSING,144,ARTIFACT,DATASET,SUPPORTING_EVIDENCE,EXACT_ARTIFACT_ID;CANONICAL_DATASET_ID;EXACT_EXPLICIT_RECEIPT_OR_MANIFEST_RELATIONSHIP;EXACT_DATASET_GRAIN;EVIDENCE_SHA256;NO_FILENAME_OR_FOLDER_INFERENCE;EXACT_CURRENT_AVAILABILITY_RECEIPT;NO_PERSISTENCE_ASSUMPTION,docs/hq/rookie_evidence_workspace_v1/registries/SANITIZED_LOCATOR_REGISTRY.csv#SANITIZED_LOCAL_METADATA_NOT_CLOSURE_PROOF,PROOF_RESTRICTED_OR_LOCAL_ONLY,LOCAL_ONLY,NOT_ENOUGH_INFORMATION_LOCAL_REVIEW_DATA_SANITIZED_ONLY,HIGH_AVAILABILITY_AND_PERSISTENCE_UNPROVED,LOCAL_ONLY_AVAILABILITY_BLOCKER,EXACT_ENDPOINT_AND_RELATIONSHIP_PROOF_THEN_APPEND_ONLY_CLOSED_WITH_RECEIPT_EVENT;OR_EXPLICIT_QUEUE_GRAIN_NOT_APPLICABLE_DECISION_THEN_APPEND_ONLY_EVENT,REQUEST_CURRENT_AVAILABILITY_RECEIPT;VALIDATE_SANITIZED_LOCATOR;DO_NOT_ASSUME_PERSISTENCE_OR_CLOSE,NO_PATH_FILENAME_DIRECTORY_SEMANTIC_TITLE_SOURCE_FAMILY_NAME_SEASON_ROWCOUNT_TIMESTAMP_PUBLIC_CACHE_OR_MODEL_INFERENCE;NO_AUTO_LINK;NO_AUTO_CLOSE;NO_PLAYER_OR_IDENTITY_FACTS;NO_PERMISSION_OR_AUTHORITY_SIDE_EFFECT,docs/hq/rookie_evidence_workspace_v1/registries/DATASET_REGISTRY.csv;docs/hq/rookie_evidence_workspace_v1/registries/ARTIFACT_DATASET_LINK.csv;docs/hq/rookie_evidence_workspace_v1/governance/QUEUE_CLOSURE_EVENT_LEDGER.csv,BEFORE_ADOPTION_REVERT_UNACCEPTED_COMMIT;AFTER_ADOPTION_APPEND_ROLLBACK_EVENT_REFERENCING_CLOSURE_EVENT_AND_APPEND_SUPERSEDING_ENDPOINT_OR_LINK_EVENT;NEVER_EDIT_OR_DELETE_HISTORY,QUEUE_ID_UNIQUE;BATCH_ROW_COUNT_RECONCILES;DATASET_ENDPOINT_EXACT;PROOF_HASH_VALID;RELATIONSHIP_GRAIN_EXACT;RIGHTS_LOCALITY_PASS;AUTHORITY_EFFECT_NO_BROADENING;SOURCE_USE_EFFECT_NO_BROADENING;QUEUE_ROW_UNCHANGED;APPEND_ONLY_EVENT_SCHEMA_PASS,MISSING_OR_NONCANONICAL_ENDPOINT;MISSING_PROOF_HASH_OR_EXPLICIT_RELATIONSHIP;AUTHORITY_OR_USE_PERMISSION_BROADENING;IDENTITY_OR_PLAYER_FACT_REQUIRED;RESTRICTED_OR_REVERSIBLE_LOCATOR_REQUIRED;ANY_PROTECTED_FROZEN_RUNTIME_APP_RANKING_FORMULA_SOURCE_REGISTRY_OR_PLUGIN_GOVERNANCE_SIDE_EFFECT;AVAILABILITY_OR_PERSISTENCE_UNPROVED,NO
batch_8e1bf2c143bdc67053ae8e8f,proofpat_b975930f04bead031c2bd113,ARTIFACT_RECEIPT_LINK_MISSING,24,ARTIFACT,RECEIPT,DUPLICATE_EQUIVALENT,EXACT_ARTIFACT_ID;CANONICAL_RECEIPT_ID;EXACT_DOCUMENTED_RECEIPT_RELATIONSHIP;VALID_HASH_OR_MANIFEST_REFERENCE;RIGHTS_CLEARANCE;LOCALITY_CLEARANCE,NONE_FOUND_IN_CANONICAL_HQ_OR_PERMITTED_GIT_HISTORY,PROOF_NOT_FOUND,LIVE_HQ,REVIEW_ONLY_PUBLIC_GOVERNANCE_NOT_AUTHORIZED_BY_LOCATOR,HIGH_NO_CURRENT_EXACT_CLOSURE_PROOF,NOT_ENOUGH_INFORMATION,EXACT_ENDPOINT_AND_RELATIONSHIP_PROOF_THEN_APPEND_ONLY_CLOSED_WITH_RECEIPT_EVENT;OR_EXPLICIT_QUEUE_GRAIN_NOT_APPLICABLE_DECISION_THEN_APPEND_ONLY_EVENT,PREPARE_CANONICAL_RECEIPT_ENDPOINT_AND_EXACT_ARTIFACT_RECEIPT_RELATIONSHIP;DO_NOT_CLOSE_WITH_HASH_ALONE,NO_PATH_FILENAME_DIRECTORY_SEMANTIC_TITLE_SOURCE_FAMILY_NAME_SEASON_ROWCOUNT_TIMESTAMP_PUBLIC_CACHE_OR_MODEL_INFERENCE;NO_AUTO_LINK;NO_AUTO_CLOSE;NO_PLAYER_OR_IDENTITY_FACTS;NO_PERMISSION_OR_AUTHORITY_SIDE_EFFECT,docs/hq/rookie_evidence_workspace_v1/registries/SOURCE_RECEIPT_REGISTRY.csv;docs/hq/rookie_evidence_workspace_v1/registries/ARTIFACT_RECEIPT_LINK.csv;docs/hq/rookie_evidence_workspace_v1/governance/QUEUE_CLOSURE_EVENT_LEDGER.csv,BEFORE_ADOPTION_REVERT_UNACCEPTED_COMMIT;AFTER_ADOPTION_APPEND_ROLLBACK_EVENT_REFERENCING_CLOSURE_EVENT_AND_APPEND_SUPERSEDING_ENDPOINT_OR_LINK_EVENT;NEVER_EDIT_OR_DELETE_HISTORY,QUEUE_ID_UNIQUE;BATCH_ROW_COUNT_RECONCILES;RECEIPT_ENDPOINT_EXACT;PROOF_HASH_VALID;RELATIONSHIP_GRAIN_EXACT;RIGHTS_LOCALITY_PASS;AUTHORITY_EFFECT_NO_BROADENING;SOURCE_USE_EFFECT_NO_BROADENING;QUEUE_ROW_UNCHANGED;APPEND_ONLY_EVENT_SCHEMA_PASS,MISSING_OR_NONCANONICAL_ENDPOINT;MISSING_PROOF_HASH_OR_EXPLICIT_RELATIONSHIP;AUTHORITY_OR_USE_PERMISSION_BROADENING;IDENTITY_OR_PLAYER_FACT_REQUIRED;RESTRICTED_OR_REVERSIBLE_LOCATOR_REQUIRED;ANY_PROTECTED_FROZEN_RUNTIME_APP_RANKING_FORMULA_SOURCE_REGISTRY_OR_PLUGIN_GOVERNANCE_SIDE_EFFECT,NO
batch_8ec4192ae35859b49d92026d,proofpat_a74faf7e3f5cd6a60f9a7bc8,ARTIFACT_DATASET_LINK_MISSING,17,ARTIFACT,DATASET,LOCAL_ONLY_RESTRICTED,EXACT_ARTIFACT_ID;CANONICAL_DATASET_ID;EXACT_EXPLICIT_RECEIPT_OR_MANIFEST_RELATIONSHIP;EXACT_DATASET_GRAIN;EVIDENCE_SHA256;NO_FILENAME_OR_FOLDER_INFERENCE;EXPLICIT_EXTERNAL_RECOVERY_OR_ADMISSION_DECISION;NO_RECREATION,docs/hq/rookie_evidence_workspace_v1/registries/SANITIZED_LOCATOR_REGISTRY.csv#OFF_HQ_BRANCH_ONLY_AUDIT_METADATA_NOT_CLOSURE_PROOF,PROOF_OFF_HQ_AUDIT_ONLY,OFF_HQ_BRANCH_ONLY,BLOCKED_OFF_HQ_AUDIT_LOCAL_REVIEW_DATA_NO_ACTIVATION,CRITICAL_OFF_HQ_ACTIVATION_PROHIBITED,OFF_HQ_AUDIT_ONLY,NO_CLOSURE_UNTIL_EXTERNAL_TRIGGER_THEN_EXACT_RECEIPT_AND_APPEND_ONLY_EVENT,WAIT_FOR_EXTERNAL_RECOVERY_OR_ADMISSION_TRIGGER;PRESERVE_NO_RECREATE_LINK;DO_NOT_ACTIVATE,NO_PATH_FILENAME_DIRECTORY_SEMANTIC_TITLE_SOURCE_FAMILY_NAME_SEASON_ROWCOUNT_TIMESTAMP_PUBLIC_CACHE_OR_MODEL_INFERENCE;NO_AUTO_LINK;NO_AUTO_CLOSE;NO_PLAYER_OR_IDENTITY_FACTS;NO_PERMISSION_OR_AUTHORITY_SIDE_EFFECT,docs/hq/rookie_evidence_workspace_v1/registries/DATASET_REGISTRY.csv;docs/hq/rookie_evidence_workspace_v1/registries/ARTIFACT_DATASET_LINK.csv;docs/hq/rookie_evidence_workspace_v1/governance/QUEUE_CLOSURE_EVENT_LEDGER.csv,BEFORE_ADOPTION_REVERT_UNACCEPTED_COMMIT;AFTER_ADOPTION_APPEND_ROLLBACK_EVENT_REFERENCING_CLOSURE_EVENT_AND_APPEND_SUPERSEDING_ENDPOINT_OR_LINK_EVENT;NEVER_EDIT_OR_DELETE_HISTORY,QUEUE_ID_UNIQUE;BATCH_ROW_COUNT_RECONCILES;DATASET_ENDPOINT_EXACT;PROOF_HASH_VALID;RELATIONSHIP_GRAIN_EXACT;RIGHTS_LOCALITY_PASS;AUTHORITY_EFFECT_NO_BROADENING;SOURCE_USE_EFFECT_NO_BROADENING;QUEUE_ROW_UNCHANGED;APPEND_ONLY_EVENT_SCHEMA_PASS,MISSING_OR_NONCANONICAL_ENDPOINT;MISSING_PROOF_HASH_OR_EXPLICIT_RELATIONSHIP;AUTHORITY_OR_USE_PERMISSION_BROADENING;IDENTITY_OR_PLAYER_FACT_REQUIRED;RESTRICTED_OR_REVERSIBLE_LOCATOR_REQUIRED;ANY_PROTECTED_FROZEN_RUNTIME_APP_RANKING_FORMULA_SOURCE_REGISTRY_OR_PLUGIN_GOVERNANCE_SIDE_EFFECT;EXTERNAL_RECOVERY_OR_ADMISSION_TRIGGER_ABSENT,NO
batch_958985f405983a9178b56ec8,proofpat_da8c92817078a88902ca1b4a,ARTIFACT_SOURCE_LINK_MISSING,1,ARTIFACT,SOURCE,DUPLICATE_CONFLICTING,EXACT_ARTIFACT_ID;CANONICAL_SOURCE_ID;EXACT_EXPLICIT_RECEIPT_OR_MANIFEST_RELATIONSHIP;EVIDENCE_SHA256;NO_SOURCE_PROMOTION;NO_INFERRED_SOURCE_FAMILY_MATCH;EXPLICIT_CONFLICT_DISPOSITION_WITH_NO_AUTOMATIC_WINNER;REGISTERED_CANONICAL_SOURCE_ENDPOINT;EXPLICIT_PROTECTED_SCOPE_AUTHORIZATION,docs/hq/master/rookie_evidence_registry_deterministic_linkage_gap_closure_v1_20260711/VERIFIED_METADATA_LINKS.csv#DEFERRED_ENDPOINT_NOT_REGISTERED_AND_PROTECTED_SCOPE,PARTIAL_PROOF_ONLY,LIVE_HQ,REVIEW_ONLY_PUBLIC_GOVERNANCE_PROTECTED_SCOPE_AUTHORIZATION_ABSENT,CRITICAL_CONFLICT_NO_AUTOMATIC_WINNER,CONFLICTING_EVIDENCE_ESCALATION,EXPLICIT_CONFLICT_DISPOSITION_THEN_EXACT_RELATIONSHIP_PROOF_AND_APPEND_ONLY_EVENT,ESCALATE_CONFLICT_WITH_NO_AUTOMATIC_WINNER;PREPARE_EXACT_PROOF_ONLY_AFTER_EXPLICIT_DISPOSITION;DO_NOT_CLOSE,NO_PATH_FILENAME_DIRECTORY_SEMANTIC_TITLE_SOURCE_FAMILY_NAME_SEASON_ROWCOUNT_TIMESTAMP_PUBLIC_CACHE_OR_MODEL_INFERENCE;NO_AUTO_LINK;NO_AUTO_CLOSE;NO_PLAYER_OR_IDENTITY_FACTS;NO_PERMISSION_OR_AUTHORITY_SIDE_EFFECT,docs/hq/rookie_evidence_workspace_v1/registries/SOURCE_REGISTRY.csv;docs/hq/rookie_evidence_workspace_v1/registries/ARTIFACT_SOURCE_LINK.csv;docs/hq/rookie_evidence_workspace_v1/governance/QUEUE_CLOSURE_EVENT_LEDGER.csv,BEFORE_ADOPTION_REVERT_UNACCEPTED_COMMIT;AFTER_ADOPTION_APPEND_ROLLBACK_EVENT_REFERENCING_CLOSURE_EVENT_AND_APPEND_SUPERSEDING_ENDPOINT_OR_LINK_EVENT;NEVER_EDIT_OR_DELETE_HISTORY,QUEUE_ID_UNIQUE;BATCH_ROW_COUNT_RECONCILES;SOURCE_ENDPOINT_EXACT;PROOF_HASH_VALID;RELATIONSHIP_GRAIN_EXACT;RIGHTS_LOCALITY_PASS;AUTHORITY_EFFECT_NO_BROADENING;SOURCE_USE_EFFECT_NO_BROADENING;QUEUE_ROW_UNCHANGED;APPEND_ONLY_EVENT_SCHEMA_PASS,MISSING_OR_NONCANONICAL_ENDPOINT;MISSING_PROOF_HASH_OR_EXPLICIT_RELATIONSHIP;AUTHORITY_OR_USE_PERMISSION_BROADENING;IDENTITY_OR_PLAYER_FACT_REQUIRED;RESTRICTED_OR_REVERSIBLE_LOCATOR_REQUIRED;ANY_PROTECTED_FROZEN_RUNTIME_APP_RANKING_FORMULA_SOURCE_REGISTRY_OR_PLUGIN_GOVERNANCE_SIDE_EFFECT;CONFLICT_UNRESOLVED_OR_AUTOMATIC_WINNER_PROPOSED;CANONICAL_SOURCE_ENDPOINT_OR_PROTECTED_SCOPE_AUTHORIZATION_ABSENT,NO
batch_973901aa81ec7c2f4ce0a9c2,proofpat_de12b86145ad449bcbf17050,ARTIFACT_AUTHORITY_LINK_MISSING,2,ARTIFACT,AUTHORITY,CANONICAL_ADMITTED,EXACT_ARTIFACT_ID;EXACT_AUTHORITY_ID;EXPLICIT_MANIFEST_OR_CONTROLLING_DECISION_CONNECTING_BOTH_IDS;EVIDENCE_SHA256;AUTHORITY_EFFECT_METADATA_ONLY;PRODUCTION_AUTHORITY_FALSE;PLAYER_VALUE_AUTHORITY_FALSE,NONE_FOUND_IN_CANONICAL_HQ_OR_PERMITTED_GIT_HISTORY,PROOF_NOT_FOUND,LIVE_HQ,REVIEW_ONLY_PUBLIC_GOVERNANCE_NOT_AUTHORIZED_BY_LOCATOR,HIGH_NO_CURRENT_EXACT_CLOSURE_PROOF,REQUIRES_NEW_AUTHORITY_DECISION,EXACT_ENDPOINT_AND_RELATIONSHIP_PROOF_THEN_APPEND_ONLY_CLOSED_WITH_RECEIPT_EVENT;OR_EXPLICIT_QUEUE_GRAIN_NOT_APPLICABLE_DECISION_THEN_APPEND_ONLY_EVENT,REQUEST_EXPLICIT_AUTHORITY_DECISION_AND_EXACT_RELATIONSHIP_RECEIPT_IN_SEPARATELY_AUTHORIZED_LANE,NO_PATH_FILENAME_DIRECTORY_SEMANTIC_TITLE_SOURCE_FAMILY_NAME_SEASON_ROWCOUNT_TIMESTAMP_PUBLIC_CACHE_OR_MODEL_INFERENCE;NO_AUTO_LINK;NO_AUTO_CLOSE;NO_PLAYER_OR_IDENTITY_FACTS;NO_PERMISSION_OR_AUTHORITY_SIDE_EFFECT,docs/hq/rookie_evidence_workspace_v1/registries/AUTHORITY_REGISTRY.csv;docs/hq/rookie_evidence_workspace_v1/registries/ARTIFACT_AUTHORITY_LINK.csv;docs/hq/rookie_evidence_workspace_v1/governance/QUEUE_CLOSURE_EVENT_LEDGER.csv,BEFORE_ADOPTION_REVERT_UNACCEPTED_COMMIT;AFTER_ADOPTION_APPEND_ROLLBACK_EVENT_REFERENCING_CLOSURE_EVENT_AND_APPEND_SUPERSEDING_ENDPOINT_OR_LINK_EVENT;NEVER_EDIT_OR_DELETE_HISTORY,QUEUE_ID_UNIQUE;BATCH_ROW_COUNT_RECONCILES;AUTHORITY_ENDPOINT_EXACT;PROOF_HASH_VALID;RELATIONSHIP_GRAIN_EXACT;RIGHTS_LOCALITY_PASS;AUTHORITY_EFFECT_NO_BROADENING;SOURCE_USE_EFFECT_NO_BROADENING;QUEUE_ROW_UNCHANGED;APPEND_ONLY_EVENT_SCHEMA_PASS,MISSING_OR_NONCANONICAL_ENDPOINT;MISSING_PROOF_HASH_OR_EXPLICIT_RELATIONSHIP;AUTHORITY_OR_USE_PERMISSION_BROADENING;IDENTITY_OR_PLAYER_FACT_REQUIRED;RESTRICTED_OR_REVERSIBLE_LOCATOR_REQUIRED;ANY_PROTECTED_FROZEN_RUNTIME_APP_RANKING_FORMULA_SOURCE_REGISTRY_OR_PLUGIN_GOVERNANCE_SIDE_EFFECT,NO
batch_9cbdbaba5ae36698727c095c,proofpat_c62d7e748ea7bfb1e32ca7b3,ARTIFACT_DATASET_LINK_MISSING,24,ARTIFACT,DATASET,DUPLICATE_EQUIVALENT,EXACT_ARTIFACT_ID;CANONICAL_DATASET_ID;EXACT_EXPLICIT_RECEIPT_OR_MANIFEST_RELATIONSHIP;EXACT_DATASET_GRAIN;EVIDENCE_SHA256;NO_FILENAME_OR_FOLDER_INFERENCE,NONE_FOUND_IN_CANONICAL_HQ_OR_PERMITTED_GIT_HISTORY,PROOF_NOT_FOUND,LIVE_HQ,REVIEW_ONLY_PUBLIC_GOVERNANCE_NOT_AUTHORIZED_BY_LOCATOR,HIGH_NO_CURRENT_EXACT_CLOSURE_PROOF,REQUIRES_NEW_SOURCE_OR_DATASET_ENDPOINT,EXACT_ENDPOINT_AND_RELATIONSHIP_PROOF_THEN_APPEND_ONLY_CLOSED_WITH_RECEIPT_EVENT;OR_EXPLICIT_QUEUE_GRAIN_NOT_APPLICABLE_DECISION_THEN_APPEND_ONLY_EVENT,PREPARE_MISSING_CANONICAL_ENDPOINT_AND_EXACT_RELATIONSHIP_RECEIPT_IN_SEPARATELY_AUTHORIZED_LANE,NO_PATH_FILENAME_DIRECTORY_SEMANTIC_TITLE_SOURCE_FAMILY_NAME_SEASON_ROWCOUNT_TIMESTAMP_PUBLIC_CACHE_OR_MODEL_INFERENCE;NO_AUTO_LINK;NO_AUTO_CLOSE;NO_PLAYER_OR_IDENTITY_FACTS;NO_PERMISSION_OR_AUTHORITY_SIDE_EFFECT,docs/hq/rookie_evidence_workspace_v1/registries/DATASET_REGISTRY.csv;docs/hq/rookie_evidence_workspace_v1/registries/ARTIFACT_DATASET_LINK.csv;docs/hq/rookie_evidence_workspace_v1/governance/QUEUE_CLOSURE_EVENT_LEDGER.csv,BEFORE_ADOPTION_REVERT_UNACCEPTED_COMMIT;AFTER_ADOPTION_APPEND_ROLLBACK_EVENT_REFERENCING_CLOSURE_EVENT_AND_APPEND_SUPERSEDING_ENDPOINT_OR_LINK_EVENT;NEVER_EDIT_OR_DELETE_HISTORY,QUEUE_ID_UNIQUE;BATCH_ROW_COUNT_RECONCILES;DATASET_ENDPOINT_EXACT;PROOF_HASH_VALID;RELATIONSHIP_GRAIN_EXACT;RIGHTS_LOCALITY_PASS;AUTHORITY_EFFECT_NO_BROADENING;SOURCE_USE_EFFECT_NO_BROADENING;QUEUE_ROW_UNCHANGED;APPEND_ONLY_EVENT_SCHEMA_PASS,MISSING_OR_NONCANONICAL_ENDPOINT;MISSING_PROOF_HASH_OR_EXPLICIT_RELATIONSHIP;AUTHORITY_OR_USE_PERMISSION_BROADENING;IDENTITY_OR_PLAYER_FACT_REQUIRED;RESTRICTED_OR_REVERSIBLE_LOCATOR_REQUIRED;ANY_PROTECTED_FROZEN_RUNTIME_APP_RANKING_FORMULA_SOURCE_REGISTRY_OR_PLUGIN_GOVERNANCE_SIDE_EFFECT,NO
batch_a31756fb2df3c2183bdba053,proofpat_80e13e01f9164c951617c155,ARTIFACT_AUTHORITY_LINK_MISSING,34,ARTIFACT,AUTHORITY,SUPERSEDED,EXACT_ARTIFACT_ID;EXACT_AUTHORITY_ID;EXPLICIT_MANIFEST_OR_CONTROLLING_DECISION_CONNECTING_BOTH_IDS;EVIDENCE_SHA256;AUTHORITY_EFFECT_METADATA_ONLY;PRODUCTION_AUTHORITY_FALSE;PLAYER_VALUE_AUTHORITY_FALSE;EXACT_QUEUE_GRAIN_NOT_APPLICABLE_DECISION_REQUIRED_TO_USE_NOT_APPLICABLE,NONE_FOUND_IN_CANONICAL_HQ_OR_PERMITTED_GIT_HISTORY,PROOF_NOT_FOUND,LIVE_HQ,REVIEW_ONLY_PUBLIC_GOVERNANCE_NOT_AUTHORIZED_BY_LOCATOR,HIGH_NO_CURRENT_EXACT_CLOSURE_PROOF,REQUIRES_NEW_AUTHORITY_DECISION,EXACT_ENDPOINT_AND_RELATIONSHIP_PROOF_THEN_APPEND_ONLY_CLOSED_WITH_RECEIPT_EVENT;OR_EXPLICIT_QUEUE_GRAIN_NOT_APPLICABLE_DECISION_THEN_APPEND_ONLY_EVENT,REQUEST_EXPLICIT_AUTHORITY_DECISION_AND_EXACT_RELATIONSHIP_RECEIPT_IN_SEPARATELY_AUTHORIZED_LANE,NO_PATH_FILENAME_DIRECTORY_SEMANTIC_TITLE_SOURCE_FAMILY_NAME_SEASON_ROWCOUNT_TIMESTAMP_PUBLIC_CACHE_OR_MODEL_INFERENCE;NO_AUTO_LINK;NO_AUTO_CLOSE;NO_PLAYER_OR_IDENTITY_FACTS;NO_PERMISSION_OR_AUTHORITY_SIDE_EFFECT,docs/hq/rookie_evidence_workspace_v1/registries/AUTHORITY_REGISTRY.csv;docs/hq/rookie_evidence_workspace_v1/registries/ARTIFACT_AUTHORITY_LINK.csv;docs/hq/rookie_evidence_workspace_v1/governance/QUEUE_CLOSURE_EVENT_LEDGER.csv,BEFORE_ADOPTION_REVERT_UNACCEPTED_COMMIT;AFTER_ADOPTION_APPEND_ROLLBACK_EVENT_REFERENCING_CLOSURE_EVENT_AND_APPEND_SUPERSEDING_ENDPOINT_OR_LINK_EVENT;NEVER_EDIT_OR_DELETE_HISTORY,QUEUE_ID_UNIQUE;BATCH_ROW_COUNT_RECONCILES;AUTHORITY_ENDPOINT_EXACT;PROOF_HASH_VALID;RELATIONSHIP_GRAIN_EXACT;RIGHTS_LOCALITY_PASS;AUTHORITY_EFFECT_NO_BROADENING;SOURCE_USE_EFFECT_NO_BROADENING;QUEUE_ROW_UNCHANGED;APPEND_ONLY_EVENT_SCHEMA_PASS,MISSING_OR_NONCANONICAL_ENDPOINT;MISSING_PROOF_HASH_OR_EXPLICIT_RELATIONSHIP;AUTHORITY_OR_USE_PERMISSION_BROADENING;IDENTITY_OR_PLAYER_FACT_REQUIRED;RESTRICTED_OR_REVERSIBLE_LOCATOR_REQUIRED;ANY_PROTECTED_FROZEN_RUNTIME_APP_RANKING_FORMULA_SOURCE_REGISTRY_OR_PLUGIN_GOVERNANCE_SIDE_EFFECT,NO
batch_a5b6c4420d01029b529b3308,proofpat_12a329bbc2bd754cd0f3c8eb,ARTIFACT_AUTHORITY_LINK_MISSING,9,ARTIFACT,AUTHORITY,SOURCE_UNADMITTED,EXACT_ARTIFACT_ID;EXACT_AUTHORITY_ID;EXPLICIT_MANIFEST_OR_CONTROLLING_DECISION_CONNECTING_BOTH_IDS;EVIDENCE_SHA256;AUTHORITY_EFFECT_METADATA_ONLY;PRODUCTION_AUTHORITY_FALSE;PLAYER_VALUE_AUTHORITY_FALSE;EXPLICIT_SOURCE_ADMISSION_AND_USE_DECISION_AT_REQUIRED_GRAIN,NONE_FOUND_IN_CANONICAL_HQ_OR_PERMITTED_GIT_HISTORY,PROOF_NOT_FOUND,LIVE_HQ,REVIEW_ONLY_PUBLIC_GOVERNANCE_NOT_AUTHORIZED_BY_LOCATOR,HIGH_NO_CURRENT_EXACT_CLOSURE_PROOF,REQUIRES_NEW_AUTHORITY_DECISION,EXACT_ENDPOINT_AND_RELATIONSHIP_PROOF_THEN_APPEND_ONLY_CLOSED_WITH_RECEIPT_EVENT;OR_EXPLICIT_QUEUE_GRAIN_NOT_APPLICABLE_DECISION_THEN_APPEND_ONLY_EVENT,REQUEST_EXPLICIT_AUTHORITY_DECISION_AND_EXACT_RELATIONSHIP_RECEIPT_IN_SEPARATELY_AUTHORIZED_LANE,NO_PATH_FILENAME_DIRECTORY_SEMANTIC_TITLE_SOURCE_FAMILY_NAME_SEASON_ROWCOUNT_TIMESTAMP_PUBLIC_CACHE_OR_MODEL_INFERENCE;NO_AUTO_LINK;NO_AUTO_CLOSE;NO_PLAYER_OR_IDENTITY_FACTS;NO_PERMISSION_OR_AUTHORITY_SIDE_EFFECT,docs/hq/rookie_evidence_workspace_v1/registries/AUTHORITY_REGISTRY.csv;docs/hq/rookie_evidence_workspace_v1/registries/ARTIFACT_AUTHORITY_LINK.csv;docs/hq/rookie_evidence_workspace_v1/governance/QUEUE_CLOSURE_EVENT_LEDGER.csv,BEFORE_ADOPTION_REVERT_UNACCEPTED_COMMIT;AFTER_ADOPTION_APPEND_ROLLBACK_EVENT_REFERENCING_CLOSURE_EVENT_AND_APPEND_SUPERSEDING_ENDPOINT_OR_LINK_EVENT;NEVER_EDIT_OR_DELETE_HISTORY,QUEUE_ID_UNIQUE;BATCH_ROW_COUNT_RECONCILES;AUTHORITY_ENDPOINT_EXACT;PROOF_HASH_VALID;RELATIONSHIP_GRAIN_EXACT;RIGHTS_LOCALITY_PASS;AUTHORITY_EFFECT_NO_BROADENING;SOURCE_USE_EFFECT_NO_BROADENING;QUEUE_ROW_UNCHANGED;APPEND_ONLY_EVENT_SCHEMA_PASS,MISSING_OR_NONCANONICAL_ENDPOINT;MISSING_PROOF_HASH_OR_EXPLICIT_RELATIONSHIP;AUTHORITY_OR_USE_PERMISSION_BROADENING;IDENTITY_OR_PLAYER_FACT_REQUIRED;RESTRICTED_OR_REVERSIBLE_LOCATOR_REQUIRED;ANY_PROTECTED_FROZEN_RUNTIME_APP_RANKING_FORMULA_SOURCE_REGISTRY_OR_PLUGIN_GOVERNANCE_SIDE_EFFECT,NO
batch_a71e2b8f2b3062759d8f4640,proofpat_e50a62c8d2a5ab96fbd56f30,LOCAL_ONLY_LOCATOR_AVAILABILITY_REVIEW,8,ARTIFACT,LOCATOR,SUPERSEDED,EXPLICIT_AVAILABILITY_RECEIPT;SANITIZED_LOCATOR;NO_RUNTIME_DEPENDENCY;NO_USER_FACING_LOCAL_PATH;NO_FUTURE_PERSISTENCE_ASSUMPTION;EXACT_QUEUE_GRAIN_NOT_APPLICABLE_DECISION_REQUIRED_TO_USE_NOT_APPLICABLE;EXACT_CURRENT_AVAILABILITY_RECEIPT;NO_PERSISTENCE_ASSUMPTION,docs/hq/rookie_evidence_workspace_v1/registries/SANITIZED_LOCATOR_REGISTRY.csv#SANITIZED_LOCAL_METADATA_NOT_CLOSURE_PROOF,PROOF_RESTRICTED_OR_LOCAL_ONLY,LOCAL_ONLY,NOT_ENOUGH_INFORMATION_LOCAL_REVIEW_DATA_SANITIZED_ONLY,HIGH_AVAILABILITY_AND_PERSISTENCE_UNPROVED,LOCAL_ONLY_AVAILABILITY_BLOCKER,EXACT_ENDPOINT_AND_RELATIONSHIP_PROOF_THEN_APPEND_ONLY_CLOSED_WITH_RECEIPT_EVENT;OR_EXPLICIT_QUEUE_GRAIN_NOT_APPLICABLE_DECISION_THEN_APPEND_ONLY_EVENT,REQUEST_CURRENT_AVAILABILITY_RECEIPT;VALIDATE_SANITIZED_LOCATOR;DO_NOT_ASSUME_PERSISTENCE_OR_CLOSE,NO_PATH_FILENAME_DIRECTORY_SEMANTIC_TITLE_SOURCE_FAMILY_NAME_SEASON_ROWCOUNT_TIMESTAMP_PUBLIC_CACHE_OR_MODEL_INFERENCE;NO_AUTO_LINK;NO_AUTO_CLOSE;NO_PLAYER_OR_IDENTITY_FACTS;NO_PERMISSION_OR_AUTHORITY_SIDE_EFFECT,docs/hq/rookie_evidence_workspace_v1/registries/SOURCE_RECEIPT_REGISTRY.csv;docs/hq/rookie_evidence_workspace_v1/governance/QUEUE_CLOSURE_EVENT_LEDGER.csv,BEFORE_ADOPTION_REVERT_UNACCEPTED_COMMIT;AFTER_ADOPTION_APPEND_ROLLBACK_EVENT_REFERENCING_CLOSURE_EVENT_AND_APPEND_SUPERSEDING_ENDPOINT_OR_LINK_EVENT;NEVER_EDIT_OR_DELETE_HISTORY,QUEUE_ID_UNIQUE;BATCH_ROW_COUNT_RECONCILES;LOCATOR_ENDPOINT_EXACT;PROOF_HASH_VALID;RELATIONSHIP_GRAIN_EXACT;RIGHTS_LOCALITY_PASS;AUTHORITY_EFFECT_NO_BROADENING;SOURCE_USE_EFFECT_NO_BROADENING;QUEUE_ROW_UNCHANGED;APPEND_ONLY_EVENT_SCHEMA_PASS,MISSING_OR_NONCANONICAL_ENDPOINT;MISSING_PROOF_HASH_OR_EXPLICIT_RELATIONSHIP;AUTHORITY_OR_USE_PERMISSION_BROADENING;IDENTITY_OR_PLAYER_FACT_REQUIRED;RESTRICTED_OR_REVERSIBLE_LOCATOR_REQUIRED;ANY_PROTECTED_FROZEN_RUNTIME_APP_RANKING_FORMULA_SOURCE_REGISTRY_OR_PLUGIN_GOVERNANCE_SIDE_EFFECT;AVAILABILITY_OR_PERSISTENCE_UNPROVED,NO
batch_a738c845a3b5c81fd76a33e4,proofpat_ab53fa7e406de824992371de,ARTIFACT_DATASET_LINK_MISSING,2,ARTIFACT,DATASET,DUPLICATE_EQUIVALENT,EXACT_ARTIFACT_ID;CANONICAL_DATASET_ID;EXACT_EXPLICIT_RECEIPT_OR_MANIFEST_RELATIONSHIP;EXACT_DATASET_GRAIN;EVIDENCE_SHA256;NO_FILENAME_OR_FOLDER_INFERENCE;EXPLICIT_EXTERNAL_RECOVERY_OR_ADMISSION_DECISION;NO_RECREATION,docs/hq/rookie_evidence_workspace_v1/registries/SANITIZED_LOCATOR_REGISTRY.csv#OFF_HQ_BRANCH_ONLY_AUDIT_METADATA_NOT_CLOSURE_PROOF,PROOF_OFF_HQ_AUDIT_ONLY,OFF_HQ_BRANCH_ONLY,BLOCKED_OFF_HQ_AUDIT_LOCAL_REVIEW_DATA_NO_ACTIVATION,CRITICAL_OFF_HQ_ACTIVATION_PROHIBITED,OFF_HQ_AUDIT_ONLY,NO_CLOSURE_UNTIL_EXTERNAL_TRIGGER_THEN_EXACT_RECEIPT_AND_APPEND_ONLY_EVENT,WAIT_FOR_EXTERNAL_RECOVERY_OR_ADMISSION_TRIGGER;PRESERVE_NO_RECREATE_LINK;DO_NOT_ACTIVATE,NO_PATH_FILENAME_DIRECTORY_SEMANTIC_TITLE_SOURCE_FAMILY_NAME_SEASON_ROWCOUNT_TIMESTAMP_PUBLIC_CACHE_OR_MODEL_INFERENCE;NO_AUTO_LINK;NO_AUTO_CLOSE;NO_PLAYER_OR_IDENTITY_FACTS;NO_PERMISSION_OR_AUTHORITY_SIDE_EFFECT,docs/hq/rookie_evidence_workspace_v1/registries/DATASET_REGISTRY.csv;docs/hq/rookie_evidence_workspace_v1/registries/ARTIFACT_DATASET_LINK.csv;docs/hq/rookie_evidence_workspace_v1/governance/QUEUE_CLOSURE_EVENT_LEDGER.csv,BEFORE_ADOPTION_REVERT_UNACCEPTED_COMMIT;AFTER_ADOPTION_APPEND_ROLLBACK_EVENT_REFERENCING_CLOSURE_EVENT_AND_APPEND_SUPERSEDING_ENDPOINT_OR_LINK_EVENT;NEVER_EDIT_OR_DELETE_HISTORY,QUEUE_ID_UNIQUE;BATCH_ROW_COUNT_RECONCILES;DATASET_ENDPOINT_EXACT;PROOF_HASH_VALID;RELATIONSHIP_GRAIN_EXACT;RIGHTS_LOCALITY_PASS;AUTHORITY_EFFECT_NO_BROADENING;SOURCE_USE_EFFECT_NO_BROADENING;QUEUE_ROW_UNCHANGED;APPEND_ONLY_EVENT_SCHEMA_PASS,MISSING_OR_NONCANONICAL_ENDPOINT;MISSING_PROOF_HASH_OR_EXPLICIT_RELATIONSHIP;AUTHORITY_OR_USE_PERMISSION_BROADENING;IDENTITY_OR_PLAYER_FACT_REQUIRED;RESTRICTED_OR_REVERSIBLE_LOCATOR_REQUIRED;ANY_PROTECTED_FROZEN_RUNTIME_APP_RANKING_FORMULA_SOURCE_REGISTRY_OR_PLUGIN_GOVERNANCE_SIDE_EFFECT;EXTERNAL_RECOVERY_OR_ADMISSION_TRIGGER_ABSENT,NO
batch_aaf5d551751d4c3f27177721,proofpat_8cf6e23d8337ec8491c54b73,OFF_HQ_AUDIT_LOCATOR_REVIEW,2,ARTIFACT,LOCATOR,DUPLICATE_EQUIVALENT,EXPLICIT_RECOVERY_OR_ADMISSION_DECISION_BEFORE_ACTIVE_USE;PRESERVED_NO_RECREATE_LINK;NO_SILENT_RECREATION;NO_OFF_HQ_ACTIVATION_BY_THIS_EVENT;EXPLICIT_EXTERNAL_RECOVERY_OR_ADMISSION_DECISION;NO_RECREATION,docs/hq/rookie_evidence_workspace_v1/registries/SANITIZED_LOCATOR_REGISTRY.csv#OFF_HQ_BRANCH_ONLY_AUDIT_METADATA_NOT_CLOSURE_PROOF,PROOF_OFF_HQ_AUDIT_ONLY,OFF_HQ_BRANCH_ONLY,BLOCKED_OFF_HQ_AUDIT_LOCAL_REVIEW_DATA_NO_ACTIVATION,CRITICAL_OFF_HQ_ACTIVATION_PROHIBITED,OFF_HQ_AUDIT_ONLY,NO_CLOSURE_UNTIL_EXTERNAL_TRIGGER_THEN_EXACT_RECEIPT_AND_APPEND_ONLY_EVENT,WAIT_FOR_EXTERNAL_RECOVERY_OR_ADMISSION_TRIGGER;PRESERVE_NO_RECREATE_LINK;DO_NOT_ACTIVATE,NO_PATH_FILENAME_DIRECTORY_SEMANTIC_TITLE_SOURCE_FAMILY_NAME_SEASON_ROWCOUNT_TIMESTAMP_PUBLIC_CACHE_OR_MODEL_INFERENCE;NO_AUTO_LINK;NO_AUTO_CLOSE;NO_PLAYER_OR_IDENTITY_FACTS;NO_PERMISSION_OR_AUTHORITY_SIDE_EFFECT,docs/hq/rookie_evidence_workspace_v1/governance/QUEUE_CLOSURE_EVENT_LEDGER.csv_AFTER_EXTERNAL_TRIGGER_ONLY,BEFORE_ADOPTION_REVERT_UNACCEPTED_COMMIT;AFTER_ADOPTION_APPEND_ROLLBACK_EVENT_REFERENCING_CLOSURE_EVENT_AND_APPEND_SUPERSEDING_ENDPOINT_OR_LINK_EVENT;NEVER_EDIT_OR_DELETE_HISTORY,QUEUE_ID_UNIQUE;BATCH_ROW_COUNT_RECONCILES;LOCATOR_ENDPOINT_EXACT;PROOF_HASH_VALID;RELATIONSHIP_GRAIN_EXACT;RIGHTS_LOCALITY_PASS;AUTHORITY_EFFECT_NO_BROADENING;SOURCE_USE_EFFECT_NO_BROADENING;QUEUE_ROW_UNCHANGED;APPEND_ONLY_EVENT_SCHEMA_PASS,MISSING_OR_NONCANONICAL_ENDPOINT;MISSING_PROOF_HASH_OR_EXPLICIT_RELATIONSHIP;AUTHORITY_OR_USE_PERMISSION_BROADENING;IDENTITY_OR_PLAYER_FACT_REQUIRED;RESTRICTED_OR_REVERSIBLE_LOCATOR_REQUIRED;ANY_PROTECTED_FROZEN_RUNTIME_APP_RANKING_FORMULA_SOURCE_REGISTRY_OR_PLUGIN_GOVERNANCE_SIDE_EFFECT;EXTERNAL_RECOVERY_OR_ADMISSION_TRIGGER_ABSENT,NO
batch_ac5fffbe8619b79bc2e410a3,proofpat_d2d0aefe445d7b55d447a792,ARTIFACT_DATASET_LINK_MISSING,8,ARTIFACT,DATASET,SUPERSEDED,EXACT_ARTIFACT_ID;CANONICAL_DATASET_ID;EXACT_EXPLICIT_RECEIPT_OR_MANIFEST_RELATIONSHIP;EXACT_DATASET_GRAIN;EVIDENCE_SHA256;NO_FILENAME_OR_FOLDER_INFERENCE;EXACT_QUEUE_GRAIN_NOT_APPLICABLE_DECISION_REQUIRED_TO_USE_NOT_APPLICABLE;EXACT_CURRENT_AVAILABILITY_RECEIPT;NO_PERSISTENCE_ASSUMPTION,docs/hq/rookie_evidence_workspace_v1/registries/SANITIZED_LOCATOR_REGISTRY.csv#SANITIZED_LOCAL_METADATA_NOT_CLOSURE_PROOF,PROOF_RESTRICTED_OR_LOCAL_ONLY,LOCAL_ONLY,NOT_ENOUGH_INFORMATION_LOCAL_REVIEW_DATA_SANITIZED_ONLY,HIGH_AVAILABILITY_AND_PERSISTENCE_UNPROVED,LOCAL_ONLY_AVAILABILITY_BLOCKER,EXACT_ENDPOINT_AND_RELATIONSHIP_PROOF_THEN_APPEND_ONLY_CLOSED_WITH_RECEIPT_EVENT;OR_EXPLICIT_QUEUE_GRAIN_NOT_APPLICABLE_DECISION_THEN_APPEND_ONLY_EVENT,REQUEST_CURRENT_AVAILABILITY_RECEIPT;VALIDATE_SANITIZED_LOCATOR;DO_NOT_ASSUME_PERSISTENCE_OR_CLOSE,NO_PATH_FILENAME_DIRECTORY_SEMANTIC_TITLE_SOURCE_FAMILY_NAME_SEASON_ROWCOUNT_TIMESTAMP_PUBLIC_CACHE_OR_MODEL_INFERENCE;NO_AUTO_LINK;NO_AUTO_CLOSE;NO_PLAYER_OR_IDENTITY_FACTS;NO_PERMISSION_OR_AUTHORITY_SIDE_EFFECT,docs/hq/rookie_evidence_workspace_v1/registries/DATASET_REGISTRY.csv;docs/hq/rookie_evidence_workspace_v1/registries/ARTIFACT_DATASET_LINK.csv;docs/hq/rookie_evidence_workspace_v1/governance/QUEUE_CLOSURE_EVENT_LEDGER.csv,BEFORE_ADOPTION_REVERT_UNACCEPTED_COMMIT;AFTER_ADOPTION_APPEND_ROLLBACK_EVENT_REFERENCING_CLOSURE_EVENT_AND_APPEND_SUPERSEDING_ENDPOINT_OR_LINK_EVENT;NEVER_EDIT_OR_DELETE_HISTORY,QUEUE_ID_UNIQUE;BATCH_ROW_COUNT_RECONCILES;DATASET_ENDPOINT_EXACT;PROOF_HASH_VALID;RELATIONSHIP_GRAIN_EXACT;RIGHTS_LOCALITY_PASS;AUTHORITY_EFFECT_NO_BROADENING;SOURCE_USE_EFFECT_NO_BROADENING;QUEUE_ROW_UNCHANGED;APPEND_ONLY_EVENT_SCHEMA_PASS,MISSING_OR_NONCANONICAL_ENDPOINT;MISSING_PROOF_HASH_OR_EXPLICIT_RELATIONSHIP;AUTHORITY_OR_USE_PERMISSION_BROADENING;IDENTITY_OR_PLAYER_FACT_REQUIRED;RESTRICTED_OR_REVERSIBLE_LOCATOR_REQUIRED;ANY_PROTECTED_FROZEN_RUNTIME_APP_RANKING_FORMULA_SOURCE_REGISTRY_OR_PLUGIN_GOVERNANCE_SIDE_EFFECT;AVAILABILITY_OR_PERSISTENCE_UNPROVED,NO
batch_aed501747681176e75d94a81,proofpat_bc4601b37004252b6f88279e,ARTIFACT_RECEIPT_LINK_MISSING,2,ARTIFACT,RECEIPT,DUPLICATE_CONFLICTING,EXACT_ARTIFACT_ID;CANONICAL_RECEIPT_ID;EXACT_DOCUMENTED_RECEIPT_RELATIONSHIP;VALID_HASH_OR_MANIFEST_REFERENCE;RIGHTS_CLEARANCE;LOCALITY_CLEARANCE;EXPLICIT_CONFLICT_DISPOSITION_WITH_NO_AUTOMATIC_WINNER,docs/hq/rookie_evidence_workspace_v1/conflicts/DUPLICATE_CONFLICT_RELATIONSHIP_LEDGER.csv#CONFLICT_CONTEXT_NOT_ENDPOINT_PROOF,PROOF_NOT_FOUND,LIVE_HQ,REVIEW_ONLY_PUBLIC_GOVERNANCE_NOT_AUTHORIZED_BY_LOCATOR,CRITICAL_CONFLICT_NO_AUTOMATIC_WINNER,CONFLICTING_EVIDENCE_ESCALATION,EXPLICIT_CONFLICT_DISPOSITION_THEN_EXACT_RELATIONSHIP_PROOF_AND_APPEND_ONLY_EVENT,ESCALATE_CONFLICT_WITH_NO_AUTOMATIC_WINNER;PREPARE_EXACT_PROOF_ONLY_AFTER_EXPLICIT_DISPOSITION;DO_NOT_CLOSE,NO_PATH_FILENAME_DIRECTORY_SEMANTIC_TITLE_SOURCE_FAMILY_NAME_SEASON_ROWCOUNT_TIMESTAMP_PUBLIC_CACHE_OR_MODEL_INFERENCE;NO_AUTO_LINK;NO_AUTO_CLOSE;NO_PLAYER_OR_IDENTITY_FACTS;NO_PERMISSION_OR_AUTHORITY_SIDE_EFFECT,docs/hq/rookie_evidence_workspace_v1/registries/SOURCE_RECEIPT_REGISTRY.csv;docs/hq/rookie_evidence_workspace_v1/registries/ARTIFACT_RECEIPT_LINK.csv;docs/hq/rookie_evidence_workspace_v1/governance/QUEUE_CLOSURE_EVENT_LEDGER.csv,BEFORE_ADOPTION_REVERT_UNACCEPTED_COMMIT;AFTER_ADOPTION_APPEND_ROLLBACK_EVENT_REFERENCING_CLOSURE_EVENT_AND_APPEND_SUPERSEDING_ENDPOINT_OR_LINK_EVENT;NEVER_EDIT_OR_DELETE_HISTORY,QUEUE_ID_UNIQUE;BATCH_ROW_COUNT_RECONCILES;RECEIPT_ENDPOINT_EXACT;PROOF_HASH_VALID;RELATIONSHIP_GRAIN_EXACT;RIGHTS_LOCALITY_PASS;AUTHORITY_EFFECT_NO_BROADENING;SOURCE_USE_EFFECT_NO_BROADENING;QUEUE_ROW_UNCHANGED;APPEND_ONLY_EVENT_SCHEMA_PASS,MISSING_OR_NONCANONICAL_ENDPOINT;MISSING_PROOF_HASH_OR_EXPLICIT_RELATIONSHIP;AUTHORITY_OR_USE_PERMISSION_BROADENING;IDENTITY_OR_PLAYER_FACT_REQUIRED;RESTRICTED_OR_REVERSIBLE_LOCATOR_REQUIRED;ANY_PROTECTED_FROZEN_RUNTIME_APP_RANKING_FORMULA_SOURCE_REGISTRY_OR_PLUGIN_GOVERNANCE_SIDE_EFFECT;CONFLICT_UNRESOLVED_OR_AUTOMATIC_WINNER_PROPOSED,NO
batch_b103d1545cd4c5ce8bc69271,proofpat_830ac1af210ba917f80e49d1,ARTIFACT_SOURCE_LINK_MISSING,8,ARTIFACT,SOURCE,SUPERSEDED,EXACT_ARTIFACT_ID;CANONICAL_SOURCE_ID;EXACT_EXPLICIT_RECEIPT_OR_MANIFEST_RELATIONSHIP;EVIDENCE_SHA256;NO_SOURCE_PROMOTION;NO_INFERRED_SOURCE_FAMILY_MATCH;EXACT_QUEUE_GRAIN_NOT_APPLICABLE_DECISION_REQUIRED_TO_USE_NOT_APPLICABLE;EXACT_CURRENT_AVAILABILITY_RECEIPT;NO_PERSISTENCE_ASSUMPTION,docs/hq/rookie_evidence_workspace_v1/registries/SANITIZED_LOCATOR_REGISTRY.csv#SANITIZED_LOCAL_METADATA_NOT_CLOSURE_PROOF,PROOF_RESTRICTED_OR_LOCAL_ONLY,LOCAL_ONLY,NOT_ENOUGH_INFORMATION_LOCAL_REVIEW_DATA_SANITIZED_ONLY,HIGH_AVAILABILITY_AND_PERSISTENCE_UNPROVED,LOCAL_ONLY_AVAILABILITY_BLOCKER,EXACT_ENDPOINT_AND_RELATIONSHIP_PROOF_THEN_APPEND_ONLY_CLOSED_WITH_RECEIPT_EVENT;OR_EXPLICIT_QUEUE_GRAIN_NOT_APPLICABLE_DECISION_THEN_APPEND_ONLY_EVENT,REQUEST_CURRENT_AVAILABILITY_RECEIPT;VALIDATE_SANITIZED_LOCATOR;DO_NOT_ASSUME_PERSISTENCE_OR_CLOSE,NO_PATH_FILENAME_DIRECTORY_SEMANTIC_TITLE_SOURCE_FAMILY_NAME_SEASON_ROWCOUNT_TIMESTAMP_PUBLIC_CACHE_OR_MODEL_INFERENCE;NO_AUTO_LINK;NO_AUTO_CLOSE;NO_PLAYER_OR_IDENTITY_FACTS;NO_PERMISSION_OR_AUTHORITY_SIDE_EFFECT,docs/hq/rookie_evidence_workspace_v1/registries/SOURCE_REGISTRY.csv;docs/hq/rookie_evidence_workspace_v1/registries/ARTIFACT_SOURCE_LINK.csv;docs/hq/rookie_evidence_workspace_v1/governance/QUEUE_CLOSURE_EVENT_LEDGER.csv,BEFORE_ADOPTION_REVERT_UNACCEPTED_COMMIT;AFTER_ADOPTION_APPEND_ROLLBACK_EVENT_REFERENCING_CLOSURE_EVENT_AND_APPEND_SUPERSEDING_ENDPOINT_OR_LINK_EVENT;NEVER_EDIT_OR_DELETE_HISTORY,QUEUE_ID_UNIQUE;BATCH_ROW_COUNT_RECONCILES;SOURCE_ENDPOINT_EXACT;PROOF_HASH_VALID;RELATIONSHIP_GRAIN_EXACT;RIGHTS_LOCALITY_PASS;AUTHORITY_EFFECT_NO_BROADENING;SOURCE_USE_EFFECT_NO_BROADENING;QUEUE_ROW_UNCHANGED;APPEND_ONLY_EVENT_SCHEMA_PASS,MISSING_OR_NONCANONICAL_ENDPOINT;MISSING_PROOF_HASH_OR_EXPLICIT_RELATIONSHIP;AUTHORITY_OR_USE_PERMISSION_BROADENING;IDENTITY_OR_PLAYER_FACT_REQUIRED;RESTRICTED_OR_REVERSIBLE_LOCATOR_REQUIRED;ANY_PROTECTED_FROZEN_RUNTIME_APP_RANKING_FORMULA_SOURCE_REGISTRY_OR_PLUGIN_GOVERNANCE_SIDE_EFFECT;AVAILABILITY_OR_PERSISTENCE_UNPROVED,NO
batch_b1d9c83e59c6eccabe7dce21,proofpat_93d499f72574e30af136e60c,ARTIFACT_SOURCE_LINK_MISSING,24,ARTIFACT,SOURCE,DUPLICATE_EQUIVALENT,EXACT_ARTIFACT_ID;CANONICAL_SOURCE_ID;EXACT_EXPLICIT_RECEIPT_OR_MANIFEST_RELATIONSHIP;EVIDENCE_SHA256;NO_SOURCE_PROMOTION;NO_INFERRED_SOURCE_FAMILY_MATCH,NONE_FOUND_IN_CANONICAL_HQ_OR_PERMITTED_GIT_HISTORY,PROOF_NOT_FOUND,LIVE_HQ,REVIEW_ONLY_PUBLIC_GOVERNANCE_NOT_AUTHORIZED_BY_LOCATOR,HIGH_NO_CURRENT_EXACT_CLOSURE_PROOF,REQUIRES_NEW_SOURCE_OR_DATASET_ENDPOINT,EXACT_ENDPOINT_AND_RELATIONSHIP_PROOF_THEN_APPEND_ONLY_CLOSED_WITH_RECEIPT_EVENT;OR_EXPLICIT_QUEUE_GRAIN_NOT_APPLICABLE_DECISION_THEN_APPEND_ONLY_EVENT,PREPARE_MISSING_CANONICAL_ENDPOINT_AND_EXACT_RELATIONSHIP_RECEIPT_IN_SEPARATELY_AUTHORIZED_LANE,NO_PATH_FILENAME_DIRECTORY_SEMANTIC_TITLE_SOURCE_FAMILY_NAME_SEASON_ROWCOUNT_TIMESTAMP_PUBLIC_CACHE_OR_MODEL_INFERENCE;NO_AUTO_LINK;NO_AUTO_CLOSE;NO_PLAYER_OR_IDENTITY_FACTS;NO_PERMISSION_OR_AUTHORITY_SIDE_EFFECT,docs/hq/rookie_evidence_workspace_v1/registries/SOURCE_REGISTRY.csv;docs/hq/rookie_evidence_workspace_v1/registries/ARTIFACT_SOURCE_LINK.csv;docs/hq/rookie_evidence_workspace_v1/governance/QUEUE_CLOSURE_EVENT_LEDGER.csv,BEFORE_ADOPTION_REVERT_UNACCEPTED_COMMIT;AFTER_ADOPTION_APPEND_ROLLBACK_EVENT_REFERENCING_CLOSURE_EVENT_AND_APPEND_SUPERSEDING_ENDPOINT_OR_LINK_EVENT;NEVER_EDIT_OR_DELETE_HISTORY,QUEUE_ID_UNIQUE;BATCH_ROW_COUNT_RECONCILES;SOURCE_ENDPOINT_EXACT;PROOF_HASH_VALID;RELATIONSHIP_GRAIN_EXACT;RIGHTS_LOCALITY_PASS;AUTHORITY_EFFECT_NO_BROADENING;SOURCE_USE_EFFECT_NO_BROADENING;QUEUE_ROW_UNCHANGED;APPEND_ONLY_EVENT_SCHEMA_PASS,MISSING_OR_NONCANONICAL_ENDPOINT;MISSING_PROOF_HASH_OR_EXPLICIT_RELATIONSHIP;AUTHORITY_OR_USE_PERMISSION_BROADENING;IDENTITY_OR_PLAYER_FACT_REQUIRED;RESTRICTED_OR_REVERSIBLE_LOCATOR_REQUIRED;ANY_PROTECTED_FROZEN_RUNTIME_APP_RANKING_FORMULA_SOURCE_REGISTRY_OR_PLUGIN_GOVERNANCE_SIDE_EFFECT,NO
batch_b6382b29fa425c614c33527a,proofpat_60e59767145a150d8a176d47,ARTIFACT_AUTHORITY_LINK_MISSING,19,ARTIFACT,AUTHORITY,IDENTITY_UNRESOLVED,EXACT_ARTIFACT_ID;EXACT_AUTHORITY_ID;EXPLICIT_MANIFEST_OR_CONTROLLING_DECISION_CONNECTING_BOTH_IDS;EVIDENCE_SHA256;AUTHORITY_EFFECT_METADATA_ONLY;PRODUCTION_AUTHORITY_FALSE;PLAYER_VALUE_AUTHORITY_FALSE;PROOF_MUST_BE_INDEPENDENT_OF_PLAYER_IDENTITY,NONE_FOUND_IN_CANONICAL_HQ_OR_PERMITTED_GIT_HISTORY,PROOF_NOT_FOUND,LIVE_HQ,REVIEW_ONLY_PUBLIC_GOVERNANCE_NOT_AUTHORIZED_BY_LOCATOR,HIGH_NO_CURRENT_EXACT_CLOSURE_PROOF,REQUIRES_NEW_AUTHORITY_DECISION,EXACT_ENDPOINT_AND_RELATIONSHIP_PROOF_THEN_APPEND_ONLY_CLOSED_WITH_RECEIPT_EVENT;OR_EXPLICIT_QUEUE_GRAIN_NOT_APPLICABLE_DECISION_THEN_APPEND_ONLY_EVENT,REQUEST_EXPLICIT_AUTHORITY_DECISION_AND_EXACT_RELATIONSHIP_RECEIPT_IN_SEPARATELY_AUTHORIZED_LANE,NO_PATH_FILENAME_DIRECTORY_SEMANTIC_TITLE_SOURCE_FAMILY_NAME_SEASON_ROWCOUNT_TIMESTAMP_PUBLIC_CACHE_OR_MODEL_INFERENCE;NO_AUTO_LINK;NO_AUTO_CLOSE;NO_PLAYER_OR_IDENTITY_FACTS;NO_PERMISSION_OR_AUTHORITY_SIDE_EFFECT,docs/hq/rookie_evidence_workspace_v1/registries/AUTHORITY_REGISTRY.csv;docs/hq/rookie_evidence_workspace_v1/registries/ARTIFACT_AUTHORITY_LINK.csv;docs/hq/rookie_evidence_workspace_v1/governance/QUEUE_CLOSURE_EVENT_LEDGER.csv,BEFORE_ADOPTION_REVERT_UNACCEPTED_COMMIT;AFTER_ADOPTION_APPEND_ROLLBACK_EVENT_REFERENCING_CLOSURE_EVENT_AND_APPEND_SUPERSEDING_ENDPOINT_OR_LINK_EVENT;NEVER_EDIT_OR_DELETE_HISTORY,QUEUE_ID_UNIQUE;BATCH_ROW_COUNT_RECONCILES;AUTHORITY_ENDPOINT_EXACT;PROOF_HASH_VALID;RELATIONSHIP_GRAIN_EXACT;RIGHTS_LOCALITY_PASS;AUTHORITY_EFFECT_NO_BROADENING;SOURCE_USE_EFFECT_NO_BROADENING;QUEUE_ROW_UNCHANGED;APPEND_ONLY_EVENT_SCHEMA_PASS,MISSING_OR_NONCANONICAL_ENDPOINT;MISSING_PROOF_HASH_OR_EXPLICIT_RELATIONSHIP;AUTHORITY_OR_USE_PERMISSION_BROADENING;IDENTITY_OR_PLAYER_FACT_REQUIRED;RESTRICTED_OR_REVERSIBLE_LOCATOR_REQUIRED;ANY_PROTECTED_FROZEN_RUNTIME_APP_RANKING_FORMULA_SOURCE_REGISTRY_OR_PLUGIN_GOVERNANCE_SIDE_EFFECT,NO
batch_bbdc2145b08e7122992228e8,proofpat_58bd4e5a05018522569ed5e4,ARTIFACT_RECEIPT_LINK_MISSING,2,ARTIFACT,RECEIPT,DUPLICATE_EQUIVALENT,EXACT_ARTIFACT_ID;CANONICAL_RECEIPT_ID;EXACT_DOCUMENTED_RECEIPT_RELATIONSHIP;VALID_HASH_OR_MANIFEST_REFERENCE;RIGHTS_CLEARANCE;LOCALITY_CLEARANCE;EXPLICIT_EXTERNAL_RECOVERY_OR_ADMISSION_DECISION;NO_RECREATION,docs/hq/rookie_evidence_workspace_v1/registries/SANITIZED_LOCATOR_REGISTRY.csv#OFF_HQ_BRANCH_ONLY_AUDIT_METADATA_NOT_CLOSURE_PROOF,PROOF_OFF_HQ_AUDIT_ONLY,OFF_HQ_BRANCH_ONLY,BLOCKED_OFF_HQ_AUDIT_LOCAL_REVIEW_DATA_NO_ACTIVATION,CRITICAL_OFF_HQ_ACTIVATION_PROHIBITED,OFF_HQ_AUDIT_ONLY,NO_CLOSURE_UNTIL_EXTERNAL_TRIGGER_THEN_EXACT_RECEIPT_AND_APPEND_ONLY_EVENT,WAIT_FOR_EXTERNAL_RECOVERY_OR_ADMISSION_TRIGGER;PRESERVE_NO_RECREATE_LINK;DO_NOT_ACTIVATE,NO_PATH_FILENAME_DIRECTORY_SEMANTIC_TITLE_SOURCE_FAMILY_NAME_SEASON_ROWCOUNT_TIMESTAMP_PUBLIC_CACHE_OR_MODEL_INFERENCE;NO_AUTO_LINK;NO_AUTO_CLOSE;NO_PLAYER_OR_IDENTITY_FACTS;NO_PERMISSION_OR_AUTHORITY_SIDE_EFFECT,docs/hq/rookie_evidence_workspace_v1/registries/SOURCE_RECEIPT_REGISTRY.csv;docs/hq/rookie_evidence_workspace_v1/registries/ARTIFACT_RECEIPT_LINK.csv;docs/hq/rookie_evidence_workspace_v1/governance/QUEUE_CLOSURE_EVENT_LEDGER.csv,BEFORE_ADOPTION_REVERT_UNACCEPTED_COMMIT;AFTER_ADOPTION_APPEND_ROLLBACK_EVENT_REFERENCING_CLOSURE_EVENT_AND_APPEND_SUPERSEDING_ENDPOINT_OR_LINK_EVENT;NEVER_EDIT_OR_DELETE_HISTORY,QUEUE_ID_UNIQUE;BATCH_ROW_COUNT_RECONCILES;RECEIPT_ENDPOINT_EXACT;PROOF_HASH_VALID;RELATIONSHIP_GRAIN_EXACT;RIGHTS_LOCALITY_PASS;AUTHORITY_EFFECT_NO_BROADENING;SOURCE_USE_EFFECT_NO_BROADENING;QUEUE_ROW_UNCHANGED;APPEND_ONLY_EVENT_SCHEMA_PASS,MISSING_OR_NONCANONICAL_ENDPOINT;MISSING_PROOF_HASH_OR_EXPLICIT_RELATIONSHIP;AUTHORITY_OR_USE_PERMISSION_BROADENING;IDENTITY_OR_PLAYER_FACT_REQUIRED;RESTRICTED_OR_REVERSIBLE_LOCATOR_REQUIRED;ANY_PROTECTED_FROZEN_RUNTIME_APP_RANKING_FORMULA_SOURCE_REGISTRY_OR_PLUGIN_GOVERNANCE_SIDE_EFFECT;EXTERNAL_RECOVERY_OR_ADMISSION_TRIGGER_ABSENT,NO
batch_bc7130be79722e15a9127d90,proofpat_b83cde98a5868f8002ae4dda,RESTRICTED_RIGHTS_REVIEW,3,ARTIFACT,LOCATOR,LOCAL_ONLY_RESTRICTED,EXPLICIT_RIGHTS_AND_USE_DECISION;PERMITTED_RETENTION_SCOPE;PERMITTED_CANONICAL_SUMMARY_SCOPE;NO_RAW_OR_REVERSIBLE_RESTRICTED_LOCATOR;NO_MODEL_OR_PRODUCTION_PERMISSION;EXPLICIT_RIGHTS_USE_DECISION;NO_RESTRICTED_CONTENT_COPY,docs/hq/rookie_evidence_workspace_v1/registries/SANITIZED_LOCATOR_REGISTRY.csv#SANITIZED_LOCAL_METADATA_NOT_CLOSURE_PROOF,PROOF_RESTRICTED_OR_LOCAL_ONLY,LOCAL_ONLY_RESTRICTED,BLOCKED_LICENSED_PROVIDER_RESTRICTED_SANITIZED_ONLY,CRITICAL_RIGHTS_AND_PRIVACY_BLOCKED,REQUIRES_RIGHTS_OR_PRIVACY_DECISION,EXACT_ENDPOINT_AND_RELATIONSHIP_PROOF_THEN_APPEND_ONLY_CLOSED_WITH_RECEIPT_EVENT;OR_EXPLICIT_QUEUE_GRAIN_NOT_APPLICABLE_DECISION_THEN_APPEND_ONLY_EVENT,REQUEST_PROVIDER_OR_LEGAL_RIGHTS_USE_DECISION;KEEP_SANITIZED_LOCATOR_ONLY;DO_NOT_CLOSE,NO_PATH_FILENAME_DIRECTORY_SEMANTIC_TITLE_SOURCE_FAMILY_NAME_SEASON_ROWCOUNT_TIMESTAMP_PUBLIC_CACHE_OR_MODEL_INFERENCE;NO_AUTO_LINK;NO_AUTO_CLOSE;NO_PLAYER_OR_IDENTITY_FACTS;NO_PERMISSION_OR_AUTHORITY_SIDE_EFFECT,docs/hq/rookie_evidence_workspace_v1/registries/SOURCE_USE_DECISION_LEDGER.csv;docs/hq/rookie_evidence_workspace_v1/registries/SOURCE_RECEIPT_REGISTRY.csv;docs/hq/rookie_evidence_workspace_v1/governance/QUEUE_CLOSURE_EVENT_LEDGER.csv,BEFORE_ADOPTION_REVERT_UNACCEPTED_COMMIT;AFTER_ADOPTION_APPEND_ROLLBACK_EVENT_REFERENCING_CLOSURE_EVENT_AND_APPEND_SUPERSEDING_ENDPOINT_OR_LINK_EVENT;NEVER_EDIT_OR_DELETE_HISTORY,QUEUE_ID_UNIQUE;BATCH_ROW_COUNT_RECONCILES;LOCATOR_ENDPOINT_EXACT;PROOF_HASH_VALID;RELATIONSHIP_GRAIN_EXACT;RIGHTS_LOCALITY_PASS;AUTHORITY_EFFECT_NO_BROADENING;SOURCE_USE_EFFECT_NO_BROADENING;QUEUE_ROW_UNCHANGED;APPEND_ONLY_EVENT_SCHEMA_PASS,MISSING_OR_NONCANONICAL_ENDPOINT;MISSING_PROOF_HASH_OR_EXPLICIT_RELATIONSHIP;AUTHORITY_OR_USE_PERMISSION_BROADENING;IDENTITY_OR_PLAYER_FACT_REQUIRED;RESTRICTED_OR_REVERSIBLE_LOCATOR_REQUIRED;ANY_PROTECTED_FROZEN_RUNTIME_APP_RANKING_FORMULA_SOURCE_REGISTRY_OR_PLUGIN_GOVERNANCE_SIDE_EFFECT;RIGHTS_OR_PRIVACY_DECISION_ABSENT,NO
batch_bd2f71da87ab8308b41c6118,proofpat_37aa6ee9cad81c3ca6b97a97,ARTIFACT_AUTHORITY_LINK_MISSING,2,ARTIFACT,AUTHORITY,DUPLICATE_EQUIVALENT,EXACT_ARTIFACT_ID;EXACT_AUTHORITY_ID;EXPLICIT_MANIFEST_OR_CONTROLLING_DECISION_CONNECTING_BOTH_IDS;EVIDENCE_SHA256;AUTHORITY_EFFECT_METADATA_ONLY;PRODUCTION_AUTHORITY_FALSE;PLAYER_VALUE_AUTHORITY_FALSE;EXPLICIT_EXTERNAL_RECOVERY_OR_ADMISSION_DECISION;NO_RECREATION,docs/hq/rookie_evidence_workspace_v1/registries/SANITIZED_LOCATOR_REGISTRY.csv#OFF_HQ_BRANCH_ONLY_AUDIT_METADATA_NOT_CLOSURE_PROOF,PROOF_OFF_HQ_AUDIT_ONLY,OFF_HQ_BRANCH_ONLY,BLOCKED_OFF_HQ_AUDIT_LOCAL_REVIEW_DATA_NO_ACTIVATION,CRITICAL_OFF_HQ_ACTIVATION_PROHIBITED,OFF_HQ_AUDIT_ONLY,NO_CLOSURE_UNTIL_EXTERNAL_TRIGGER_THEN_EXACT_RECEIPT_AND_APPEND_ONLY_EVENT,WAIT_FOR_EXTERNAL_RECOVERY_OR_ADMISSION_TRIGGER;PRESERVE_NO_RECREATE_LINK;DO_NOT_ACTIVATE,NO_PATH_FILENAME_DIRECTORY_SEMANTIC_TITLE_SOURCE_FAMILY_NAME_SEASON_ROWCOUNT_TIMESTAMP_PUBLIC_CACHE_OR_MODEL_INFERENCE;NO_AUTO_LINK;NO_AUTO_CLOSE;NO_PLAYER_OR_IDENTITY_FACTS;NO_PERMISSION_OR_AUTHORITY_SIDE_EFFECT,docs/hq/rookie_evidence_workspace_v1/registries/AUTHORITY_REGISTRY.csv;docs/hq/rookie_evidence_workspace_v1/registries/ARTIFACT_AUTHORITY_LINK.csv;docs/hq/rookie_evidence_workspace_v1/governance/QUEUE_CLOSURE_EVENT_LEDGER.csv,BEFORE_ADOPTION_REVERT_UNACCEPTED_COMMIT;AFTER_ADOPTION_APPEND_ROLLBACK_EVENT_REFERENCING_CLOSURE_EVENT_AND_APPEND_SUPERSEDING_ENDPOINT_OR_LINK_EVENT;NEVER_EDIT_OR_DELETE_HISTORY,QUEUE_ID_UNIQUE;BATCH_ROW_COUNT_RECONCILES;AUTHORITY_ENDPOINT_EXACT;PROOF_HASH_VALID;RELATIONSHIP_GRAIN_EXACT;RIGHTS_LOCALITY_PASS;AUTHORITY_EFFECT_NO_BROADENING;SOURCE_USE_EFFECT_NO_BROADENING;QUEUE_ROW_UNCHANGED;APPEND_ONLY_EVENT_SCHEMA_PASS,MISSING_OR_NONCANONICAL_ENDPOINT;MISSING_PROOF_HASH_OR_EXPLICIT_RELATIONSHIP;AUTHORITY_OR_USE_PERMISSION_BROADENING;IDENTITY_OR_PLAYER_FACT_REQUIRED;RESTRICTED_OR_REVERSIBLE_LOCATOR_REQUIRED;ANY_PROTECTED_FROZEN_RUNTIME_APP_RANKING_FORMULA_SOURCE_REGISTRY_OR_PLUGIN_GOVERNANCE_SIDE_EFFECT;EXTERNAL_RECOVERY_OR_ADMISSION_TRIGGER_ABSENT,NO
batch_bd87ac40de06f9757677cfd7,proofpat_0e24bab65f7dce3f9e598805,ARTIFACT_DATASET_LINK_MISSING,3,ARTIFACT,DATASET,LOCAL_ONLY_RESTRICTED,EXACT_ARTIFACT_ID;CANONICAL_DATASET_ID;EXACT_EXPLICIT_RECEIPT_OR_MANIFEST_RELATIONSHIP;EXACT_DATASET_GRAIN;EVIDENCE_SHA256;NO_FILENAME_OR_FOLDER_INFERENCE;EXPLICIT_RIGHTS_USE_DECISION;NO_RESTRICTED_CONTENT_COPY,docs/hq/rookie_evidence_workspace_v1/registries/SANITIZED_LOCATOR_REGISTRY.csv#SANITIZED_LOCAL_METADATA_NOT_CLOSURE_PROOF,PROOF_RESTRICTED_OR_LOCAL_ONLY,LOCAL_ONLY_RESTRICTED,BLOCKED_LICENSED_PROVIDER_RESTRICTED_SANITIZED_ONLY,CRITICAL_RIGHTS_AND_PRIVACY_BLOCKED,RESTRICTED_LOCATOR_BLOCKER,EXACT_ENDPOINT_AND_RELATIONSHIP_PROOF_THEN_APPEND_ONLY_CLOSED_WITH_RECEIPT_EVENT;OR_EXPLICIT_QUEUE_GRAIN_NOT_APPLICABLE_DECISION_THEN_APPEND_ONLY_EVENT,REQUEST_PROVIDER_OR_LEGAL_RIGHTS_USE_DECISION;KEEP_SANITIZED_LOCATOR_ONLY;DO_NOT_CLOSE,NO_PATH_FILENAME_DIRECTORY_SEMANTIC_TITLE_SOURCE_FAMILY_NAME_SEASON_ROWCOUNT_TIMESTAMP_PUBLIC_CACHE_OR_MODEL_INFERENCE;NO_AUTO_LINK;NO_AUTO_CLOSE;NO_PLAYER_OR_IDENTITY_FACTS;NO_PERMISSION_OR_AUTHORITY_SIDE_EFFECT,docs/hq/rookie_evidence_workspace_v1/registries/DATASET_REGISTRY.csv;docs/hq/rookie_evidence_workspace_v1/registries/ARTIFACT_DATASET_LINK.csv;docs/hq/rookie_evidence_workspace_v1/governance/QUEUE_CLOSURE_EVENT_LEDGER.csv,BEFORE_ADOPTION_REVERT_UNACCEPTED_COMMIT;AFTER_ADOPTION_APPEND_ROLLBACK_EVENT_REFERENCING_CLOSURE_EVENT_AND_APPEND_SUPERSEDING_ENDPOINT_OR_LINK_EVENT;NEVER_EDIT_OR_DELETE_HISTORY,QUEUE_ID_UNIQUE;BATCH_ROW_COUNT_RECONCILES;DATASET_ENDPOINT_EXACT;PROOF_HASH_VALID;RELATIONSHIP_GRAIN_EXACT;RIGHTS_LOCALITY_PASS;AUTHORITY_EFFECT_NO_BROADENING;SOURCE_USE_EFFECT_NO_BROADENING;QUEUE_ROW_UNCHANGED;APPEND_ONLY_EVENT_SCHEMA_PASS,MISSING_OR_NONCANONICAL_ENDPOINT;MISSING_PROOF_HASH_OR_EXPLICIT_RELATIONSHIP;AUTHORITY_OR_USE_PERMISSION_BROADENING;IDENTITY_OR_PLAYER_FACT_REQUIRED;RESTRICTED_OR_REVERSIBLE_LOCATOR_REQUIRED;ANY_PROTECTED_FROZEN_RUNTIME_APP_RANKING_FORMULA_SOURCE_REGISTRY_OR_PLUGIN_GOVERNANCE_SIDE_EFFECT;RIGHTS_OR_PRIVACY_DECISION_ABSENT,NO
batch_c777b4a356eaeb4518eb7fe0,proofpat_c94f6825bab67ee21821511d,ARTIFACT_DATASET_LINK_MISSING,7,ARTIFACT,DATASET,DUPLICATE_EQUIVALENT,EXACT_ARTIFACT_ID;CANONICAL_DATASET_ID;EXACT_EXPLICIT_RECEIPT_OR_MANIFEST_RELATIONSHIP;EXACT_DATASET_GRAIN;EVIDENCE_SHA256;NO_FILENAME_OR_FOLDER_INFERENCE;EXACT_CURRENT_AVAILABILITY_RECEIPT;NO_PERSISTENCE_ASSUMPTION,docs/hq/rookie_evidence_workspace_v1/registries/SANITIZED_LOCATOR_REGISTRY.csv#SANITIZED_LOCAL_METADATA_NOT_CLOSURE_PROOF,PROOF_RESTRICTED_OR_LOCAL_ONLY,LOCAL_ONLY,NOT_ENOUGH_INFORMATION_LOCAL_REVIEW_DATA_SANITIZED_ONLY,HIGH_AVAILABILITY_AND_PERSISTENCE_UNPROVED,LOCAL_ONLY_AVAILABILITY_BLOCKER,EXACT_ENDPOINT_AND_RELATIONSHIP_PROOF_THEN_APPEND_ONLY_CLOSED_WITH_RECEIPT_EVENT;OR_EXPLICIT_QUEUE_GRAIN_NOT_APPLICABLE_DECISION_THEN_APPEND_ONLY_EVENT,REQUEST_CURRENT_AVAILABILITY_RECEIPT;VALIDATE_SANITIZED_LOCATOR;DO_NOT_ASSUME_PERSISTENCE_OR_CLOSE,NO_PATH_FILENAME_DIRECTORY_SEMANTIC_TITLE_SOURCE_FAMILY_NAME_SEASON_ROWCOUNT_TIMESTAMP_PUBLIC_CACHE_OR_MODEL_INFERENCE;NO_AUTO_LINK;NO_AUTO_CLOSE;NO_PLAYER_OR_IDENTITY_FACTS;NO_PERMISSION_OR_AUTHORITY_SIDE_EFFECT,docs/hq/rookie_evidence_workspace_v1/registries/DATASET_REGISTRY.csv;docs/hq/rookie_evidence_workspace_v1/registries/ARTIFACT_DATASET_LINK.csv;docs/hq/rookie_evidence_workspace_v1/governance/QUEUE_CLOSURE_EVENT_LEDGER.csv,BEFORE_ADOPTION_REVERT_UNACCEPTED_COMMIT;AFTER_ADOPTION_APPEND_ROLLBACK_EVENT_REFERENCING_CLOSURE_EVENT_AND_APPEND_SUPERSEDING_ENDPOINT_OR_LINK_EVENT;NEVER_EDIT_OR_DELETE_HISTORY,QUEUE_ID_UNIQUE;BATCH_ROW_COUNT_RECONCILES;DATASET_ENDPOINT_EXACT;PROOF_HASH_VALID;RELATIONSHIP_GRAIN_EXACT;RIGHTS_LOCALITY_PASS;AUTHORITY_EFFECT_NO_BROADENING;SOURCE_USE_EFFECT_NO_BROADENING;QUEUE_ROW_UNCHANGED;APPEND_ONLY_EVENT_SCHEMA_PASS,MISSING_OR_NONCANONICAL_ENDPOINT;MISSING_PROOF_HASH_OR_EXPLICIT_RELATIONSHIP;AUTHORITY_OR_USE_PERMISSION_BROADENING;IDENTITY_OR_PLAYER_FACT_REQUIRED;RESTRICTED_OR_REVERSIBLE_LOCATOR_REQUIRED;ANY_PROTECTED_FROZEN_RUNTIME_APP_RANKING_FORMULA_SOURCE_REGISTRY_OR_PLUGIN_GOVERNANCE_SIDE_EFFECT;AVAILABILITY_OR_PERSISTENCE_UNPROVED,NO
batch_ca5d78f615fac50fe04c1436,proofpat_77cadf574c5bab93a53d56f2,ARTIFACT_SOURCE_LINK_MISSING,1,ARTIFACT,SOURCE,DUPLICATE_CONFLICTING,EXACT_ARTIFACT_ID;CANONICAL_SOURCE_ID;EXACT_EXPLICIT_RECEIPT_OR_MANIFEST_RELATIONSHIP;EVIDENCE_SHA256;NO_SOURCE_PROMOTION;NO_INFERRED_SOURCE_FAMILY_MATCH;EXPLICIT_CONFLICT_DISPOSITION_WITH_NO_AUTOMATIC_WINNER,docs/hq/rookie_evidence_workspace_v1/conflicts/DUPLICATE_CONFLICT_RELATIONSHIP_LEDGER.csv#CONFLICT_CONTEXT_NOT_ENDPOINT_PROOF,PROOF_NOT_FOUND,LIVE_HQ,REVIEW_ONLY_PUBLIC_GOVERNANCE_NOT_AUTHORIZED_BY_LOCATOR,CRITICAL_CONFLICT_NO_AUTOMATIC_WINNER,CONFLICTING_EVIDENCE_ESCALATION,EXPLICIT_CONFLICT_DISPOSITION_THEN_EXACT_RELATIONSHIP_PROOF_AND_APPEND_ONLY_EVENT,ESCALATE_CONFLICT_WITH_NO_AUTOMATIC_WINNER;PREPARE_EXACT_PROOF_ONLY_AFTER_EXPLICIT_DISPOSITION;DO_NOT_CLOSE,NO_PATH_FILENAME_DIRECTORY_SEMANTIC_TITLE_SOURCE_FAMILY_NAME_SEASON_ROWCOUNT_TIMESTAMP_PUBLIC_CACHE_OR_MODEL_INFERENCE;NO_AUTO_LINK;NO_AUTO_CLOSE;NO_PLAYER_OR_IDENTITY_FACTS;NO_PERMISSION_OR_AUTHORITY_SIDE_EFFECT,docs/hq/rookie_evidence_workspace_v1/registries/SOURCE_REGISTRY.csv;docs/hq/rookie_evidence_workspace_v1/registries/ARTIFACT_SOURCE_LINK.csv;docs/hq/rookie_evidence_workspace_v1/governance/QUEUE_CLOSURE_EVENT_LEDGER.csv,BEFORE_ADOPTION_REVERT_UNACCEPTED_COMMIT;AFTER_ADOPTION_APPEND_ROLLBACK_EVENT_REFERENCING_CLOSURE_EVENT_AND_APPEND_SUPERSEDING_ENDPOINT_OR_LINK_EVENT;NEVER_EDIT_OR_DELETE_HISTORY,QUEUE_ID_UNIQUE;BATCH_ROW_COUNT_RECONCILES;SOURCE_ENDPOINT_EXACT;PROOF_HASH_VALID;RELATIONSHIP_GRAIN_EXACT;RIGHTS_LOCALITY_PASS;AUTHORITY_EFFECT_NO_BROADENING;SOURCE_USE_EFFECT_NO_BROADENING;QUEUE_ROW_UNCHANGED;APPEND_ONLY_EVENT_SCHEMA_PASS,MISSING_OR_NONCANONICAL_ENDPOINT;MISSING_PROOF_HASH_OR_EXPLICIT_RELATIONSHIP;AUTHORITY_OR_USE_PERMISSION_BROADENING;IDENTITY_OR_PLAYER_FACT_REQUIRED;RESTRICTED_OR_REVERSIBLE_LOCATOR_REQUIRED;ANY_PROTECTED_FROZEN_RUNTIME_APP_RANKING_FORMULA_SOURCE_REGISTRY_OR_PLUGIN_GOVERNANCE_SIDE_EFFECT;CONFLICT_UNRESOLVED_OR_AUTOMATIC_WINNER_PROPOSED,NO
batch_ca6d7b81570337cdf0f33c97,proofpat_71af01d68ccc5d7417974fc4,ARTIFACT_RECEIPT_LINK_MISSING,34,ARTIFACT,RECEIPT,SUPERSEDED,EXACT_ARTIFACT_ID;CANONICAL_RECEIPT_ID;EXACT_DOCUMENTED_RECEIPT_RELATIONSHIP;VALID_HASH_OR_MANIFEST_REFERENCE;RIGHTS_CLEARANCE;LOCALITY_CLEARANCE;EXACT_QUEUE_GRAIN_NOT_APPLICABLE_DECISION_REQUIRED_TO_USE_NOT_APPLICABLE,NONE_FOUND_IN_CANONICAL_HQ_OR_PERMITTED_GIT_HISTORY,PROOF_NOT_FOUND,LIVE_HQ,REVIEW_ONLY_PUBLIC_GOVERNANCE_NOT_AUTHORIZED_BY_LOCATOR,HIGH_NO_CURRENT_EXACT_CLOSURE_PROOF,NOT_ENOUGH_INFORMATION,EXACT_ENDPOINT_AND_RELATIONSHIP_PROOF_THEN_APPEND_ONLY_CLOSED_WITH_RECEIPT_EVENT;OR_EXPLICIT_QUEUE_GRAIN_NOT_APPLICABLE_DECISION_THEN_APPEND_ONLY_EVENT,PREPARE_CANONICAL_RECEIPT_ENDPOINT_AND_EXACT_ARTIFACT_RECEIPT_RELATIONSHIP;DO_NOT_CLOSE_WITH_HASH_ALONE,NO_PATH_FILENAME_DIRECTORY_SEMANTIC_TITLE_SOURCE_FAMILY_NAME_SEASON_ROWCOUNT_TIMESTAMP_PUBLIC_CACHE_OR_MODEL_INFERENCE;NO_AUTO_LINK;NO_AUTO_CLOSE;NO_PLAYER_OR_IDENTITY_FACTS;NO_PERMISSION_OR_AUTHORITY_SIDE_EFFECT,docs/hq/rookie_evidence_workspace_v1/registries/SOURCE_RECEIPT_REGISTRY.csv;docs/hq/rookie_evidence_workspace_v1/registries/ARTIFACT_RECEIPT_LINK.csv;docs/hq/rookie_evidence_workspace_v1/governance/QUEUE_CLOSURE_EVENT_LEDGER.csv,BEFORE_ADOPTION_REVERT_UNACCEPTED_COMMIT;AFTER_ADOPTION_APPEND_ROLLBACK_EVENT_REFERENCING_CLOSURE_EVENT_AND_APPEND_SUPERSEDING_ENDPOINT_OR_LINK_EVENT;NEVER_EDIT_OR_DELETE_HISTORY,QUEUE_ID_UNIQUE;BATCH_ROW_COUNT_RECONCILES;RECEIPT_ENDPOINT_EXACT;PROOF_HASH_VALID;RELATIONSHIP_GRAIN_EXACT;RIGHTS_LOCALITY_PASS;AUTHORITY_EFFECT_NO_BROADENING;SOURCE_USE_EFFECT_NO_BROADENING;QUEUE_ROW_UNCHANGED;APPEND_ONLY_EVENT_SCHEMA_PASS,MISSING_OR_NONCANONICAL_ENDPOINT;MISSING_PROOF_HASH_OR_EXPLICIT_RELATIONSHIP;AUTHORITY_OR_USE_PERMISSION_BROADENING;IDENTITY_OR_PLAYER_FACT_REQUIRED;RESTRICTED_OR_REVERSIBLE_LOCATOR_REQUIRED;ANY_PROTECTED_FROZEN_RUNTIME_APP_RANKING_FORMULA_SOURCE_REGISTRY_OR_PLUGIN_GOVERNANCE_SIDE_EFFECT,NO
batch_cd6a442fa35de8f9d6377b33,proofpat_9c8bd02dec034e6f87752234,ARTIFACT_SOURCE_LINK_MISSING,144,ARTIFACT,SOURCE,SUPPORTING_EVIDENCE,EXACT_ARTIFACT_ID;CANONICAL_SOURCE_ID;EXACT_EXPLICIT_RECEIPT_OR_MANIFEST_RELATIONSHIP;EVIDENCE_SHA256;NO_SOURCE_PROMOTION;NO_INFERRED_SOURCE_FAMILY_MATCH;EXACT_CURRENT_AVAILABILITY_RECEIPT;NO_PERSISTENCE_ASSUMPTION,docs/hq/rookie_evidence_workspace_v1/registries/SANITIZED_LOCATOR_REGISTRY.csv#SANITIZED_LOCAL_METADATA_NOT_CLOSURE_PROOF,PROOF_RESTRICTED_OR_LOCAL_ONLY,LOCAL_ONLY,NOT_ENOUGH_INFORMATION_LOCAL_REVIEW_DATA_SANITIZED_ONLY,HIGH_AVAILABILITY_AND_PERSISTENCE_UNPROVED,LOCAL_ONLY_AVAILABILITY_BLOCKER,EXACT_ENDPOINT_AND_RELATIONSHIP_PROOF_THEN_APPEND_ONLY_CLOSED_WITH_RECEIPT_EVENT;OR_EXPLICIT_QUEUE_GRAIN_NOT_APPLICABLE_DECISION_THEN_APPEND_ONLY_EVENT,REQUEST_CURRENT_AVAILABILITY_RECEIPT;VALIDATE_SANITIZED_LOCATOR;DO_NOT_ASSUME_PERSISTENCE_OR_CLOSE,NO_PATH_FILENAME_DIRECTORY_SEMANTIC_TITLE_SOURCE_FAMILY_NAME_SEASON_ROWCOUNT_TIMESTAMP_PUBLIC_CACHE_OR_MODEL_INFERENCE;NO_AUTO_LINK;NO_AUTO_CLOSE;NO_PLAYER_OR_IDENTITY_FACTS;NO_PERMISSION_OR_AUTHORITY_SIDE_EFFECT,docs/hq/rookie_evidence_workspace_v1/registries/SOURCE_REGISTRY.csv;docs/hq/rookie_evidence_workspace_v1/registries/ARTIFACT_SOURCE_LINK.csv;docs/hq/rookie_evidence_workspace_v1/governance/QUEUE_CLOSURE_EVENT_LEDGER.csv,BEFORE_ADOPTION_REVERT_UNACCEPTED_COMMIT;AFTER_ADOPTION_APPEND_ROLLBACK_EVENT_REFERENCING_CLOSURE_EVENT_AND_APPEND_SUPERSEDING_ENDPOINT_OR_LINK_EVENT;NEVER_EDIT_OR_DELETE_HISTORY,QUEUE_ID_UNIQUE;BATCH_ROW_COUNT_RECONCILES;SOURCE_ENDPOINT_EXACT;PROOF_HASH_VALID;RELATIONSHIP_GRAIN_EXACT;RIGHTS_LOCALITY_PASS;AUTHORITY_EFFECT_NO_BROADENING;SOURCE_USE_EFFECT_NO_BROADENING;QUEUE_ROW_UNCHANGED;APPEND_ONLY_EVENT_SCHEMA_PASS,MISSING_OR_NONCANONICAL_ENDPOINT;MISSING_PROOF_HASH_OR_EXPLICIT_RELATIONSHIP;AUTHORITY_OR_USE_PERMISSION_BROADENING;IDENTITY_OR_PLAYER_FACT_REQUIRED;RESTRICTED_OR_REVERSIBLE_LOCATOR_REQUIRED;ANY_PROTECTED_FROZEN_RUNTIME_APP_RANKING_FORMULA_SOURCE_REGISTRY_OR_PLUGIN_GOVERNANCE_SIDE_EFFECT;AVAILABILITY_OR_PERSISTENCE_UNPROVED,NO
batch_d686475a1f262296c5dcb0fd,proofpat_b7fba036bbdfc367bd21a21e,LOCAL_ONLY_LOCATOR_AVAILABILITY_REVIEW,3,ARTIFACT,LOCATOR,DUPLICATE_CONFLICTING,EXPLICIT_AVAILABILITY_RECEIPT;SANITIZED_LOCATOR;NO_RUNTIME_DEPENDENCY;NO_USER_FACING_LOCAL_PATH;NO_FUTURE_PERSISTENCE_ASSUMPTION;EXPLICIT_CONFLICT_DISPOSITION_WITH_NO_AUTOMATIC_WINNER;EXACT_CURRENT_AVAILABILITY_RECEIPT;NO_PERSISTENCE_ASSUMPTION,docs/hq/rookie_evidence_workspace_v1/registries/SANITIZED_LOCATOR_REGISTRY.csv#SANITIZED_LOCAL_METADATA_NOT_CLOSURE_PROOF,PROOF_RESTRICTED_OR_LOCAL_ONLY,LOCAL_ONLY,NOT_ENOUGH_INFORMATION_LOCAL_REVIEW_DATA_SANITIZED_ONLY,CRITICAL_CONFLICT_NO_AUTOMATIC_WINNER,CONFLICTING_EVIDENCE_ESCALATION,EXPLICIT_CONFLICT_DISPOSITION_THEN_EXACT_RELATIONSHIP_PROOF_AND_APPEND_ONLY_EVENT,ESCALATE_CONFLICT_WITH_NO_AUTOMATIC_WINNER;PREPARE_EXACT_PROOF_ONLY_AFTER_EXPLICIT_DISPOSITION;DO_NOT_CLOSE,NO_PATH_FILENAME_DIRECTORY_SEMANTIC_TITLE_SOURCE_FAMILY_NAME_SEASON_ROWCOUNT_TIMESTAMP_PUBLIC_CACHE_OR_MODEL_INFERENCE;NO_AUTO_LINK;NO_AUTO_CLOSE;NO_PLAYER_OR_IDENTITY_FACTS;NO_PERMISSION_OR_AUTHORITY_SIDE_EFFECT,docs/hq/rookie_evidence_workspace_v1/registries/SOURCE_RECEIPT_REGISTRY.csv;docs/hq/rookie_evidence_workspace_v1/governance/QUEUE_CLOSURE_EVENT_LEDGER.csv,BEFORE_ADOPTION_REVERT_UNACCEPTED_COMMIT;AFTER_ADOPTION_APPEND_ROLLBACK_EVENT_REFERENCING_CLOSURE_EVENT_AND_APPEND_SUPERSEDING_ENDPOINT_OR_LINK_EVENT;NEVER_EDIT_OR_DELETE_HISTORY,QUEUE_ID_UNIQUE;BATCH_ROW_COUNT_RECONCILES;LOCATOR_ENDPOINT_EXACT;PROOF_HASH_VALID;RELATIONSHIP_GRAIN_EXACT;RIGHTS_LOCALITY_PASS;AUTHORITY_EFFECT_NO_BROADENING;SOURCE_USE_EFFECT_NO_BROADENING;QUEUE_ROW_UNCHANGED;APPEND_ONLY_EVENT_SCHEMA_PASS,MISSING_OR_NONCANONICAL_ENDPOINT;MISSING_PROOF_HASH_OR_EXPLICIT_RELATIONSHIP;AUTHORITY_OR_USE_PERMISSION_BROADENING;IDENTITY_OR_PLAYER_FACT_REQUIRED;RESTRICTED_OR_REVERSIBLE_LOCATOR_REQUIRED;ANY_PROTECTED_FROZEN_RUNTIME_APP_RANKING_FORMULA_SOURCE_REGISTRY_OR_PLUGIN_GOVERNANCE_SIDE_EFFECT;CONFLICT_UNRESOLVED_OR_AUTOMATIC_WINNER_PROPOSED;AVAILABILITY_OR_PERSISTENCE_UNPROVED,NO
batch_d73450e75cde0d81673da9a8,proofpat_8d2b6da4781411e5ee629c0b,LOCAL_ONLY_LOCATOR_AVAILABILITY_REVIEW,144,ARTIFACT,LOCATOR,SUPPORTING_EVIDENCE,EXPLICIT_AVAILABILITY_RECEIPT;SANITIZED_LOCATOR;NO_RUNTIME_DEPENDENCY;NO_USER_FACING_LOCAL_PATH;NO_FUTURE_PERSISTENCE_ASSUMPTION;EXACT_CURRENT_AVAILABILITY_RECEIPT;NO_PERSISTENCE_ASSUMPTION,docs/hq/rookie_evidence_workspace_v1/registries/SANITIZED_LOCATOR_REGISTRY.csv#SANITIZED_LOCAL_METADATA_NOT_CLOSURE_PROOF,PROOF_RESTRICTED_OR_LOCAL_ONLY,LOCAL_ONLY,NOT_ENOUGH_INFORMATION_LOCAL_REVIEW_DATA_SANITIZED_ONLY,HIGH_AVAILABILITY_AND_PERSISTENCE_UNPROVED,LOCAL_ONLY_AVAILABILITY_BLOCKER,EXACT_ENDPOINT_AND_RELATIONSHIP_PROOF_THEN_APPEND_ONLY_CLOSED_WITH_RECEIPT_EVENT;OR_EXPLICIT_QUEUE_GRAIN_NOT_APPLICABLE_DECISION_THEN_APPEND_ONLY_EVENT,REQUEST_CURRENT_AVAILABILITY_RECEIPT;VALIDATE_SANITIZED_LOCATOR;DO_NOT_ASSUME_PERSISTENCE_OR_CLOSE,NO_PATH_FILENAME_DIRECTORY_SEMANTIC_TITLE_SOURCE_FAMILY_NAME_SEASON_ROWCOUNT_TIMESTAMP_PUBLIC_CACHE_OR_MODEL_INFERENCE;NO_AUTO_LINK;NO_AUTO_CLOSE;NO_PLAYER_OR_IDENTITY_FACTS;NO_PERMISSION_OR_AUTHORITY_SIDE_EFFECT,docs/hq/rookie_evidence_workspace_v1/registries/SOURCE_RECEIPT_REGISTRY.csv;docs/hq/rookie_evidence_workspace_v1/governance/QUEUE_CLOSURE_EVENT_LEDGER.csv,BEFORE_ADOPTION_REVERT_UNACCEPTED_COMMIT;AFTER_ADOPTION_APPEND_ROLLBACK_EVENT_REFERENCING_CLOSURE_EVENT_AND_APPEND_SUPERSEDING_ENDPOINT_OR_LINK_EVENT;NEVER_EDIT_OR_DELETE_HISTORY,QUEUE_ID_UNIQUE;BATCH_ROW_COUNT_RECONCILES;LOCATOR_ENDPOINT_EXACT;PROOF_HASH_VALID;RELATIONSHIP_GRAIN_EXACT;RIGHTS_LOCALITY_PASS;AUTHORITY_EFFECT_NO_BROADENING;SOURCE_USE_EFFECT_NO_BROADENING;QUEUE_ROW_UNCHANGED;APPEND_ONLY_EVENT_SCHEMA_PASS,MISSING_OR_NONCANONICAL_ENDPOINT;MISSING_PROOF_HASH_OR_EXPLICIT_RELATIONSHIP;AUTHORITY_OR_USE_PERMISSION_BROADENING;IDENTITY_OR_PLAYER_FACT_REQUIRED;RESTRICTED_OR_REVERSIBLE_LOCATOR_REQUIRED;ANY_PROTECTED_FROZEN_RUNTIME_APP_RANKING_FORMULA_SOURCE_REGISTRY_OR_PLUGIN_GOVERNANCE_SIDE_EFFECT;AVAILABILITY_OR_PERSISTENCE_UNPROVED,NO
batch_da98485dac73ee9d1abf92e8,proofpat_934fe3d62f5d501089bc9040,ARTIFACT_RECEIPT_LINK_MISSING,3,ARTIFACT,RECEIPT,DUPLICATE_CONFLICTING,EXACT_ARTIFACT_ID;CANONICAL_RECEIPT_ID;EXACT_DOCUMENTED_RECEIPT_RELATIONSHIP;VALID_HASH_OR_MANIFEST_REFERENCE;RIGHTS_CLEARANCE;LOCALITY_CLEARANCE;EXPLICIT_CONFLICT_DISPOSITION_WITH_NO_AUTOMATIC_WINNER;EXACT_CURRENT_AVAILABILITY_RECEIPT;NO_PERSISTENCE_ASSUMPTION,docs/hq/rookie_evidence_workspace_v1/registries/SANITIZED_LOCATOR_REGISTRY.csv#SANITIZED_LOCAL_METADATA_NOT_CLOSURE_PROOF,PROOF_RESTRICTED_OR_LOCAL_ONLY,LOCAL_ONLY,NOT_ENOUGH_INFORMATION_LOCAL_REVIEW_DATA_SANITIZED_ONLY,CRITICAL_CONFLICT_NO_AUTOMATIC_WINNER,CONFLICTING_EVIDENCE_ESCALATION,EXPLICIT_CONFLICT_DISPOSITION_THEN_EXACT_RELATIONSHIP_PROOF_AND_APPEND_ONLY_EVENT,ESCALATE_CONFLICT_WITH_NO_AUTOMATIC_WINNER;PREPARE_EXACT_PROOF_ONLY_AFTER_EXPLICIT_DISPOSITION;DO_NOT_CLOSE,NO_PATH_FILENAME_DIRECTORY_SEMANTIC_TITLE_SOURCE_FAMILY_NAME_SEASON_ROWCOUNT_TIMESTAMP_PUBLIC_CACHE_OR_MODEL_INFERENCE;NO_AUTO_LINK;NO_AUTO_CLOSE;NO_PLAYER_OR_IDENTITY_FACTS;NO_PERMISSION_OR_AUTHORITY_SIDE_EFFECT,docs/hq/rookie_evidence_workspace_v1/registries/SOURCE_RECEIPT_REGISTRY.csv;docs/hq/rookie_evidence_workspace_v1/registries/ARTIFACT_RECEIPT_LINK.csv;docs/hq/rookie_evidence_workspace_v1/governance/QUEUE_CLOSURE_EVENT_LEDGER.csv,BEFORE_ADOPTION_REVERT_UNACCEPTED_COMMIT;AFTER_ADOPTION_APPEND_ROLLBACK_EVENT_REFERENCING_CLOSURE_EVENT_AND_APPEND_SUPERSEDING_ENDPOINT_OR_LINK_EVENT;NEVER_EDIT_OR_DELETE_HISTORY,QUEUE_ID_UNIQUE;BATCH_ROW_COUNT_RECONCILES;RECEIPT_ENDPOINT_EXACT;PROOF_HASH_VALID;RELATIONSHIP_GRAIN_EXACT;RIGHTS_LOCALITY_PASS;AUTHORITY_EFFECT_NO_BROADENING;SOURCE_USE_EFFECT_NO_BROADENING;QUEUE_ROW_UNCHANGED;APPEND_ONLY_EVENT_SCHEMA_PASS,MISSING_OR_NONCANONICAL_ENDPOINT;MISSING_PROOF_HASH_OR_EXPLICIT_RELATIONSHIP;AUTHORITY_OR_USE_PERMISSION_BROADENING;IDENTITY_OR_PLAYER_FACT_REQUIRED;RESTRICTED_OR_REVERSIBLE_LOCATOR_REQUIRED;ANY_PROTECTED_FROZEN_RUNTIME_APP_RANKING_FORMULA_SOURCE_REGISTRY_OR_PLUGIN_GOVERNANCE_SIDE_EFFECT;CONFLICT_UNRESOLVED_OR_AUTOMATIC_WINNER_PROPOSED;AVAILABILITY_OR_PERSISTENCE_UNPROVED,NO
batch_de347cfab63856ef871504a3,proofpat_96fae89400a984f8c4fd26be,ARTIFACT_AUTHORITY_LINK_MISSING,2,ARTIFACT,AUTHORITY,DUPLICATE_CONFLICTING,EXACT_ARTIFACT_ID;EXACT_AUTHORITY_ID;EXPLICIT_MANIFEST_OR_CONTROLLING_DECISION_CONNECTING_BOTH_IDS;EVIDENCE_SHA256;AUTHORITY_EFFECT_METADATA_ONLY;PRODUCTION_AUTHORITY_FALSE;PLAYER_VALUE_AUTHORITY_FALSE;EXPLICIT_CONFLICT_DISPOSITION_WITH_NO_AUTOMATIC_WINNER,docs/hq/rookie_evidence_workspace_v1/conflicts/DUPLICATE_CONFLICT_RELATIONSHIP_LEDGER.csv#CONFLICT_CONTEXT_NOT_ENDPOINT_PROOF,PROOF_NOT_FOUND,LIVE_HQ,REVIEW_ONLY_PUBLIC_GOVERNANCE_NOT_AUTHORIZED_BY_LOCATOR,CRITICAL_CONFLICT_NO_AUTOMATIC_WINNER,CONFLICTING_EVIDENCE_ESCALATION,EXPLICIT_CONFLICT_DISPOSITION_THEN_EXACT_RELATIONSHIP_PROOF_AND_APPEND_ONLY_EVENT,ESCALATE_CONFLICT_WITH_NO_AUTOMATIC_WINNER;PREPARE_EXACT_PROOF_ONLY_AFTER_EXPLICIT_DISPOSITION;DO_NOT_CLOSE,NO_PATH_FILENAME_DIRECTORY_SEMANTIC_TITLE_SOURCE_FAMILY_NAME_SEASON_ROWCOUNT_TIMESTAMP_PUBLIC_CACHE_OR_MODEL_INFERENCE;NO_AUTO_LINK;NO_AUTO_CLOSE;NO_PLAYER_OR_IDENTITY_FACTS;NO_PERMISSION_OR_AUTHORITY_SIDE_EFFECT,docs/hq/rookie_evidence_workspace_v1/registries/AUTHORITY_REGISTRY.csv;docs/hq/rookie_evidence_workspace_v1/registries/ARTIFACT_AUTHORITY_LINK.csv;docs/hq/rookie_evidence_workspace_v1/governance/QUEUE_CLOSURE_EVENT_LEDGER.csv,BEFORE_ADOPTION_REVERT_UNACCEPTED_COMMIT;AFTER_ADOPTION_APPEND_ROLLBACK_EVENT_REFERENCING_CLOSURE_EVENT_AND_APPEND_SUPERSEDING_ENDPOINT_OR_LINK_EVENT;NEVER_EDIT_OR_DELETE_HISTORY,QUEUE_ID_UNIQUE;BATCH_ROW_COUNT_RECONCILES;AUTHORITY_ENDPOINT_EXACT;PROOF_HASH_VALID;RELATIONSHIP_GRAIN_EXACT;RIGHTS_LOCALITY_PASS;AUTHORITY_EFFECT_NO_BROADENING;SOURCE_USE_EFFECT_NO_BROADENING;QUEUE_ROW_UNCHANGED;APPEND_ONLY_EVENT_SCHEMA_PASS,MISSING_OR_NONCANONICAL_ENDPOINT;MISSING_PROOF_HASH_OR_EXPLICIT_RELATIONSHIP;AUTHORITY_OR_USE_PERMISSION_BROADENING;IDENTITY_OR_PLAYER_FACT_REQUIRED;RESTRICTED_OR_REVERSIBLE_LOCATOR_REQUIRED;ANY_PROTECTED_FROZEN_RUNTIME_APP_RANKING_FORMULA_SOURCE_REGISTRY_OR_PLUGIN_GOVERNANCE_SIDE_EFFECT;CONFLICT_UNRESOLVED_OR_AUTOMATIC_WINNER_PROPOSED,NO
batch_de728ce8469fec722951925b,proofpat_fbbef115ce365552f6cf34dc,ARTIFACT_SOURCE_LINK_MISSING,9,ARTIFACT,SOURCE,SOURCE_UNADMITTED,EXACT_ARTIFACT_ID;CANONICAL_SOURCE_ID;EXACT_EXPLICIT_RECEIPT_OR_MANIFEST_RELATIONSHIP;EVIDENCE_SHA256;NO_SOURCE_PROMOTION;NO_INFERRED_SOURCE_FAMILY_MATCH;EXPLICIT_SOURCE_ADMISSION_AND_USE_DECISION_AT_REQUIRED_GRAIN,NONE_FOUND_IN_CANONICAL_HQ_OR_PERMITTED_GIT_HISTORY,PROOF_NOT_FOUND,LIVE_HQ,REVIEW_ONLY_PUBLIC_GOVERNANCE_NOT_AUTHORIZED_BY_LOCATOR,HIGH_NO_CURRENT_EXACT_CLOSURE_PROOF,REQUIRES_NEW_SOURCE_OR_DATASET_ENDPOINT,EXACT_ENDPOINT_AND_RELATIONSHIP_PROOF_THEN_APPEND_ONLY_CLOSED_WITH_RECEIPT_EVENT;OR_EXPLICIT_QUEUE_GRAIN_NOT_APPLICABLE_DECISION_THEN_APPEND_ONLY_EVENT,PREPARE_MISSING_CANONICAL_ENDPOINT_AND_EXACT_RELATIONSHIP_RECEIPT_IN_SEPARATELY_AUTHORIZED_LANE,NO_PATH_FILENAME_DIRECTORY_SEMANTIC_TITLE_SOURCE_FAMILY_NAME_SEASON_ROWCOUNT_TIMESTAMP_PUBLIC_CACHE_OR_MODEL_INFERENCE;NO_AUTO_LINK;NO_AUTO_CLOSE;NO_PLAYER_OR_IDENTITY_FACTS;NO_PERMISSION_OR_AUTHORITY_SIDE_EFFECT,docs/hq/rookie_evidence_workspace_v1/registries/SOURCE_REGISTRY.csv;docs/hq/rookie_evidence_workspace_v1/registries/ARTIFACT_SOURCE_LINK.csv;docs/hq/rookie_evidence_workspace_v1/governance/QUEUE_CLOSURE_EVENT_LEDGER.csv,BEFORE_ADOPTION_REVERT_UNACCEPTED_COMMIT;AFTER_ADOPTION_APPEND_ROLLBACK_EVENT_REFERENCING_CLOSURE_EVENT_AND_APPEND_SUPERSEDING_ENDPOINT_OR_LINK_EVENT;NEVER_EDIT_OR_DELETE_HISTORY,QUEUE_ID_UNIQUE;BATCH_ROW_COUNT_RECONCILES;SOURCE_ENDPOINT_EXACT;PROOF_HASH_VALID;RELATIONSHIP_GRAIN_EXACT;RIGHTS_LOCALITY_PASS;AUTHORITY_EFFECT_NO_BROADENING;SOURCE_USE_EFFECT_NO_BROADENING;QUEUE_ROW_UNCHANGED;APPEND_ONLY_EVENT_SCHEMA_PASS,MISSING_OR_NONCANONICAL_ENDPOINT;MISSING_PROOF_HASH_OR_EXPLICIT_RELATIONSHIP;AUTHORITY_OR_USE_PERMISSION_BROADENING;IDENTITY_OR_PLAYER_FACT_REQUIRED;RESTRICTED_OR_REVERSIBLE_LOCATOR_REQUIRED;ANY_PROTECTED_FROZEN_RUNTIME_APP_RANKING_FORMULA_SOURCE_REGISTRY_OR_PLUGIN_GOVERNANCE_SIDE_EFFECT,NO
batch_df778e7cdc580cf5fbbfd204,proofpat_4f953eed1707d6481539b85e,ARTIFACT_AUTHORITY_LINK_MISSING,17,ARTIFACT,AUTHORITY,LOCAL_ONLY_RESTRICTED,EXACT_ARTIFACT_ID;EXACT_AUTHORITY_ID;EXPLICIT_MANIFEST_OR_CONTROLLING_DECISION_CONNECTING_BOTH_IDS;EVIDENCE_SHA256;AUTHORITY_EFFECT_METADATA_ONLY;PRODUCTION_AUTHORITY_FALSE;PLAYER_VALUE_AUTHORITY_FALSE;EXPLICIT_EXTERNAL_RECOVERY_OR_ADMISSION_DECISION;NO_RECREATION,docs/hq/rookie_evidence_workspace_v1/registries/SANITIZED_LOCATOR_REGISTRY.csv#OFF_HQ_BRANCH_ONLY_AUDIT_METADATA_NOT_CLOSURE_PROOF,PROOF_OFF_HQ_AUDIT_ONLY,OFF_HQ_BRANCH_ONLY,BLOCKED_OFF_HQ_AUDIT_LOCAL_REVIEW_DATA_NO_ACTIVATION,CRITICAL_OFF_HQ_ACTIVATION_PROHIBITED,OFF_HQ_AUDIT_ONLY,NO_CLOSURE_UNTIL_EXTERNAL_TRIGGER_THEN_EXACT_RECEIPT_AND_APPEND_ONLY_EVENT,WAIT_FOR_EXTERNAL_RECOVERY_OR_ADMISSION_TRIGGER;PRESERVE_NO_RECREATE_LINK;DO_NOT_ACTIVATE,NO_PATH_FILENAME_DIRECTORY_SEMANTIC_TITLE_SOURCE_FAMILY_NAME_SEASON_ROWCOUNT_TIMESTAMP_PUBLIC_CACHE_OR_MODEL_INFERENCE;NO_AUTO_LINK;NO_AUTO_CLOSE;NO_PLAYER_OR_IDENTITY_FACTS;NO_PERMISSION_OR_AUTHORITY_SIDE_EFFECT,docs/hq/rookie_evidence_workspace_v1/registries/AUTHORITY_REGISTRY.csv;docs/hq/rookie_evidence_workspace_v1/registries/ARTIFACT_AUTHORITY_LINK.csv;docs/hq/rookie_evidence_workspace_v1/governance/QUEUE_CLOSURE_EVENT_LEDGER.csv,BEFORE_ADOPTION_REVERT_UNACCEPTED_COMMIT;AFTER_ADOPTION_APPEND_ROLLBACK_EVENT_REFERENCING_CLOSURE_EVENT_AND_APPEND_SUPERSEDING_ENDPOINT_OR_LINK_EVENT;NEVER_EDIT_OR_DELETE_HISTORY,QUEUE_ID_UNIQUE;BATCH_ROW_COUNT_RECONCILES;AUTHORITY_ENDPOINT_EXACT;PROOF_HASH_VALID;RELATIONSHIP_GRAIN_EXACT;RIGHTS_LOCALITY_PASS;AUTHORITY_EFFECT_NO_BROADENING;SOURCE_USE_EFFECT_NO_BROADENING;QUEUE_ROW_UNCHANGED;APPEND_ONLY_EVENT_SCHEMA_PASS,MISSING_OR_NONCANONICAL_ENDPOINT;MISSING_PROOF_HASH_OR_EXPLICIT_RELATIONSHIP;AUTHORITY_OR_USE_PERMISSION_BROADENING;IDENTITY_OR_PLAYER_FACT_REQUIRED;RESTRICTED_OR_REVERSIBLE_LOCATOR_REQUIRED;ANY_PROTECTED_FROZEN_RUNTIME_APP_RANKING_FORMULA_SOURCE_REGISTRY_OR_PLUGIN_GOVERNANCE_SIDE_EFFECT;EXTERNAL_RECOVERY_OR_ADMISSION_TRIGGER_ABSENT,NO
batch_dfb2d026e7bf99d359f899d1,proofpat_336c0ca4dabda50f6f321797,ARTIFACT_AUTHORITY_LINK_MISSING,22,ARTIFACT,AUTHORITY,DUPLICATE_EQUIVALENT,EXACT_ARTIFACT_ID;EXACT_AUTHORITY_ID;EXPLICIT_MANIFEST_OR_CONTROLLING_DECISION_CONNECTING_BOTH_IDS;EVIDENCE_SHA256;AUTHORITY_EFFECT_METADATA_ONLY;PRODUCTION_AUTHORITY_FALSE;PLAYER_VALUE_AUTHORITY_FALSE,NONE_FOUND_IN_CANONICAL_HQ_OR_PERMITTED_GIT_HISTORY,PROOF_NOT_FOUND,LIVE_HQ,REVIEW_ONLY_PUBLIC_GOVERNANCE_NOT_AUTHORIZED_BY_LOCATOR,HIGH_NO_CURRENT_EXACT_CLOSURE_PROOF,REQUIRES_NEW_AUTHORITY_DECISION,EXACT_ENDPOINT_AND_RELATIONSHIP_PROOF_THEN_APPEND_ONLY_CLOSED_WITH_RECEIPT_EVENT;OR_EXPLICIT_QUEUE_GRAIN_NOT_APPLICABLE_DECISION_THEN_APPEND_ONLY_EVENT,REQUEST_EXPLICIT_AUTHORITY_DECISION_AND_EXACT_RELATIONSHIP_RECEIPT_IN_SEPARATELY_AUTHORIZED_LANE,NO_PATH_FILENAME_DIRECTORY_SEMANTIC_TITLE_SOURCE_FAMILY_NAME_SEASON_ROWCOUNT_TIMESTAMP_PUBLIC_CACHE_OR_MODEL_INFERENCE;NO_AUTO_LINK;NO_AUTO_CLOSE;NO_PLAYER_OR_IDENTITY_FACTS;NO_PERMISSION_OR_AUTHORITY_SIDE_EFFECT,docs/hq/rookie_evidence_workspace_v1/registries/AUTHORITY_REGISTRY.csv;docs/hq/rookie_evidence_workspace_v1/registries/ARTIFACT_AUTHORITY_LINK.csv;docs/hq/rookie_evidence_workspace_v1/governance/QUEUE_CLOSURE_EVENT_LEDGER.csv,BEFORE_ADOPTION_REVERT_UNACCEPTED_COMMIT;AFTER_ADOPTION_APPEND_ROLLBACK_EVENT_REFERENCING_CLOSURE_EVENT_AND_APPEND_SUPERSEDING_ENDPOINT_OR_LINK_EVENT;NEVER_EDIT_OR_DELETE_HISTORY,QUEUE_ID_UNIQUE;BATCH_ROW_COUNT_RECONCILES;AUTHORITY_ENDPOINT_EXACT;PROOF_HASH_VALID;RELATIONSHIP_GRAIN_EXACT;RIGHTS_LOCALITY_PASS;AUTHORITY_EFFECT_NO_BROADENING;SOURCE_USE_EFFECT_NO_BROADENING;QUEUE_ROW_UNCHANGED;APPEND_ONLY_EVENT_SCHEMA_PASS,MISSING_OR_NONCANONICAL_ENDPOINT;MISSING_PROOF_HASH_OR_EXPLICIT_RELATIONSHIP;AUTHORITY_OR_USE_PERMISSION_BROADENING;IDENTITY_OR_PLAYER_FACT_REQUIRED;RESTRICTED_OR_REVERSIBLE_LOCATOR_REQUIRED;ANY_PROTECTED_FROZEN_RUNTIME_APP_RANKING_FORMULA_SOURCE_REGISTRY_OR_PLUGIN_GOVERNANCE_SIDE_EFFECT,NO
batch_ed6b43d57853bb7cffcccd2f,proofpat_7e2b02cd14315833de3729a6,ARTIFACT_SOURCE_LINK_MISSING,17,ARTIFACT,SOURCE,LOCAL_ONLY_RESTRICTED,EXACT_ARTIFACT_ID;CANONICAL_SOURCE_ID;EXACT_EXPLICIT_RECEIPT_OR_MANIFEST_RELATIONSHIP;EVIDENCE_SHA256;NO_SOURCE_PROMOTION;NO_INFERRED_SOURCE_FAMILY_MATCH;EXPLICIT_EXTERNAL_RECOVERY_OR_ADMISSION_DECISION;NO_RECREATION,docs/hq/rookie_evidence_workspace_v1/registries/SANITIZED_LOCATOR_REGISTRY.csv#OFF_HQ_BRANCH_ONLY_AUDIT_METADATA_NOT_CLOSURE_PROOF,PROOF_OFF_HQ_AUDIT_ONLY,OFF_HQ_BRANCH_ONLY,BLOCKED_OFF_HQ_AUDIT_LOCAL_REVIEW_DATA_NO_ACTIVATION,CRITICAL_OFF_HQ_ACTIVATION_PROHIBITED,OFF_HQ_AUDIT_ONLY,NO_CLOSURE_UNTIL_EXTERNAL_TRIGGER_THEN_EXACT_RECEIPT_AND_APPEND_ONLY_EVENT,WAIT_FOR_EXTERNAL_RECOVERY_OR_ADMISSION_TRIGGER;PRESERVE_NO_RECREATE_LINK;DO_NOT_ACTIVATE,NO_PATH_FILENAME_DIRECTORY_SEMANTIC_TITLE_SOURCE_FAMILY_NAME_SEASON_ROWCOUNT_TIMESTAMP_PUBLIC_CACHE_OR_MODEL_INFERENCE;NO_AUTO_LINK;NO_AUTO_CLOSE;NO_PLAYER_OR_IDENTITY_FACTS;NO_PERMISSION_OR_AUTHORITY_SIDE_EFFECT,docs/hq/rookie_evidence_workspace_v1/registries/SOURCE_REGISTRY.csv;docs/hq/rookie_evidence_workspace_v1/registries/ARTIFACT_SOURCE_LINK.csv;docs/hq/rookie_evidence_workspace_v1/governance/QUEUE_CLOSURE_EVENT_LEDGER.csv,BEFORE_ADOPTION_REVERT_UNACCEPTED_COMMIT;AFTER_ADOPTION_APPEND_ROLLBACK_EVENT_REFERENCING_CLOSURE_EVENT_AND_APPEND_SUPERSEDING_ENDPOINT_OR_LINK_EVENT;NEVER_EDIT_OR_DELETE_HISTORY,QUEUE_ID_UNIQUE;BATCH_ROW_COUNT_RECONCILES;SOURCE_ENDPOINT_EXACT;PROOF_HASH_VALID;RELATIONSHIP_GRAIN_EXACT;RIGHTS_LOCALITY_PASS;AUTHORITY_EFFECT_NO_BROADENING;SOURCE_USE_EFFECT_NO_BROADENING;QUEUE_ROW_UNCHANGED;APPEND_ONLY_EVENT_SCHEMA_PASS,MISSING_OR_NONCANONICAL_ENDPOINT;MISSING_PROOF_HASH_OR_EXPLICIT_RELATIONSHIP;AUTHORITY_OR_USE_PERMISSION_BROADENING;IDENTITY_OR_PLAYER_FACT_REQUIRED;RESTRICTED_OR_REVERSIBLE_LOCATOR_REQUIRED;ANY_PROTECTED_FROZEN_RUNTIME_APP_RANKING_FORMULA_SOURCE_REGISTRY_OR_PLUGIN_GOVERNANCE_SIDE_EFFECT;EXTERNAL_RECOVERY_OR_ADMISSION_TRIGGER_ABSENT,NO
batch_edcced159dec815d4ddf868f,proofpat_8da48ca65ad34eb1b98576a0,ARTIFACT_RECEIPT_LINK_MISSING,56,ARTIFACT,RECEIPT,CANONICAL_REVIEW_ONLY,EXACT_ARTIFACT_ID;CANONICAL_RECEIPT_ID;EXACT_DOCUMENTED_RECEIPT_RELATIONSHIP;VALID_HASH_OR_MANIFEST_REFERENCE;RIGHTS_CLEARANCE;LOCALITY_CLEARANCE,NONE_FOUND_IN_CANONICAL_HQ_OR_PERMITTED_GIT_HISTORY,PROOF_NOT_FOUND,LIVE_HQ,REVIEW_ONLY_PUBLIC_GOVERNANCE_NOT_AUTHORIZED_BY_LOCATOR,HIGH_NO_CURRENT_EXACT_CLOSURE_PROOF,NOT_ENOUGH_INFORMATION,EXACT_ENDPOINT_AND_RELATIONSHIP_PROOF_THEN_APPEND_ONLY_CLOSED_WITH_RECEIPT_EVENT;OR_EXPLICIT_QUEUE_GRAIN_NOT_APPLICABLE_DECISION_THEN_APPEND_ONLY_EVENT,PREPARE_CANONICAL_RECEIPT_ENDPOINT_AND_EXACT_ARTIFACT_RECEIPT_RELATIONSHIP;DO_NOT_CLOSE_WITH_HASH_ALONE,NO_PATH_FILENAME_DIRECTORY_SEMANTIC_TITLE_SOURCE_FAMILY_NAME_SEASON_ROWCOUNT_TIMESTAMP_PUBLIC_CACHE_OR_MODEL_INFERENCE;NO_AUTO_LINK;NO_AUTO_CLOSE;NO_PLAYER_OR_IDENTITY_FACTS;NO_PERMISSION_OR_AUTHORITY_SIDE_EFFECT,docs/hq/rookie_evidence_workspace_v1/registries/SOURCE_RECEIPT_REGISTRY.csv;docs/hq/rookie_evidence_workspace_v1/registries/ARTIFACT_RECEIPT_LINK.csv;docs/hq/rookie_evidence_workspace_v1/governance/QUEUE_CLOSURE_EVENT_LEDGER.csv,BEFORE_ADOPTION_REVERT_UNACCEPTED_COMMIT;AFTER_ADOPTION_APPEND_ROLLBACK_EVENT_REFERENCING_CLOSURE_EVENT_AND_APPEND_SUPERSEDING_ENDPOINT_OR_LINK_EVENT;NEVER_EDIT_OR_DELETE_HISTORY,QUEUE_ID_UNIQUE;BATCH_ROW_COUNT_RECONCILES;RECEIPT_ENDPOINT_EXACT;PROOF_HASH_VALID;RELATIONSHIP_GRAIN_EXACT;RIGHTS_LOCALITY_PASS;AUTHORITY_EFFECT_NO_BROADENING;SOURCE_USE_EFFECT_NO_BROADENING;QUEUE_ROW_UNCHANGED;APPEND_ONLY_EVENT_SCHEMA_PASS,MISSING_OR_NONCANONICAL_ENDPOINT;MISSING_PROOF_HASH_OR_EXPLICIT_RELATIONSHIP;AUTHORITY_OR_USE_PERMISSION_BROADENING;IDENTITY_OR_PLAYER_FACT_REQUIRED;RESTRICTED_OR_REVERSIBLE_LOCATOR_REQUIRED;ANY_PROTECTED_FROZEN_RUNTIME_APP_RANKING_FORMULA_SOURCE_REGISTRY_OR_PLUGIN_GOVERNANCE_SIDE_EFFECT,NO
batch_f3aca10da2f5270d896af566,proofpat_9b138803a53cc22fc983b4c8,ARTIFACT_AUTHORITY_LINK_MISSING,3,ARTIFACT,AUTHORITY,LOCAL_ONLY_RESTRICTED,EXACT_ARTIFACT_ID;EXACT_AUTHORITY_ID;EXPLICIT_MANIFEST_OR_CONTROLLING_DECISION_CONNECTING_BOTH_IDS;EVIDENCE_SHA256;AUTHORITY_EFFECT_METADATA_ONLY;PRODUCTION_AUTHORITY_FALSE;PLAYER_VALUE_AUTHORITY_FALSE;EXPLICIT_RIGHTS_USE_DECISION;NO_RESTRICTED_CONTENT_COPY,docs/hq/rookie_evidence_workspace_v1/registries/SANITIZED_LOCATOR_REGISTRY.csv#SANITIZED_LOCAL_METADATA_NOT_CLOSURE_PROOF,PROOF_RESTRICTED_OR_LOCAL_ONLY,LOCAL_ONLY_RESTRICTED,BLOCKED_LICENSED_PROVIDER_RESTRICTED_SANITIZED_ONLY,CRITICAL_RIGHTS_AND_PRIVACY_BLOCKED,RESTRICTED_LOCATOR_BLOCKER,EXACT_ENDPOINT_AND_RELATIONSHIP_PROOF_THEN_APPEND_ONLY_CLOSED_WITH_RECEIPT_EVENT;OR_EXPLICIT_QUEUE_GRAIN_NOT_APPLICABLE_DECISION_THEN_APPEND_ONLY_EVENT,REQUEST_PROVIDER_OR_LEGAL_RIGHTS_USE_DECISION;KEEP_SANITIZED_LOCATOR_ONLY;DO_NOT_CLOSE,NO_PATH_FILENAME_DIRECTORY_SEMANTIC_TITLE_SOURCE_FAMILY_NAME_SEASON_ROWCOUNT_TIMESTAMP_PUBLIC_CACHE_OR_MODEL_INFERENCE;NO_AUTO_LINK;NO_AUTO_CLOSE;NO_PLAYER_OR_IDENTITY_FACTS;NO_PERMISSION_OR_AUTHORITY_SIDE_EFFECT,docs/hq/rookie_evidence_workspace_v1/registries/AUTHORITY_REGISTRY.csv;docs/hq/rookie_evidence_workspace_v1/registries/ARTIFACT_AUTHORITY_LINK.csv;docs/hq/rookie_evidence_workspace_v1/governance/QUEUE_CLOSURE_EVENT_LEDGER.csv,BEFORE_ADOPTION_REVERT_UNACCEPTED_COMMIT;AFTER_ADOPTION_APPEND_ROLLBACK_EVENT_REFERENCING_CLOSURE_EVENT_AND_APPEND_SUPERSEDING_ENDPOINT_OR_LINK_EVENT;NEVER_EDIT_OR_DELETE_HISTORY,QUEUE_ID_UNIQUE;BATCH_ROW_COUNT_RECONCILES;AUTHORITY_ENDPOINT_EXACT;PROOF_HASH_VALID;RELATIONSHIP_GRAIN_EXACT;RIGHTS_LOCALITY_PASS;AUTHORITY_EFFECT_NO_BROADENING;SOURCE_USE_EFFECT_NO_BROADENING;QUEUE_ROW_UNCHANGED;APPEND_ONLY_EVENT_SCHEMA_PASS,MISSING_OR_NONCANONICAL_ENDPOINT;MISSING_PROOF_HASH_OR_EXPLICIT_RELATIONSHIP;AUTHORITY_OR_USE_PERMISSION_BROADENING;IDENTITY_OR_PLAYER_FACT_REQUIRED;RESTRICTED_OR_REVERSIBLE_LOCATOR_REQUIRED;ANY_PROTECTED_FROZEN_RUNTIME_APP_RANKING_FORMULA_SOURCE_REGISTRY_OR_PLUGIN_GOVERNANCE_SIDE_EFFECT;RIGHTS_OR_PRIVACY_DECISION_ABSENT,NO
batch_fd2565b818415c1bf98cf188,proofpat_5f236c06593e6d3a4d2764da,ARTIFACT_DATASET_LINK_MISSING,34,ARTIFACT,DATASET,SUPERSEDED,EXACT_ARTIFACT_ID;CANONICAL_DATASET_ID;EXACT_EXPLICIT_RECEIPT_OR_MANIFEST_RELATIONSHIP;EXACT_DATASET_GRAIN;EVIDENCE_SHA256;NO_FILENAME_OR_FOLDER_INFERENCE;EXACT_QUEUE_GRAIN_NOT_APPLICABLE_DECISION_REQUIRED_TO_USE_NOT_APPLICABLE,NONE_FOUND_IN_CANONICAL_HQ_OR_PERMITTED_GIT_HISTORY,PROOF_NOT_FOUND,LIVE_HQ,REVIEW_ONLY_PUBLIC_GOVERNANCE_NOT_AUTHORIZED_BY_LOCATOR,HIGH_NO_CURRENT_EXACT_CLOSURE_PROOF,REQUIRES_NEW_SOURCE_OR_DATASET_ENDPOINT,EXACT_ENDPOINT_AND_RELATIONSHIP_PROOF_THEN_APPEND_ONLY_CLOSED_WITH_RECEIPT_EVENT;OR_EXPLICIT_QUEUE_GRAIN_NOT_APPLICABLE_DECISION_THEN_APPEND_ONLY_EVENT,PREPARE_MISSING_CANONICAL_ENDPOINT_AND_EXACT_RELATIONSHIP_RECEIPT_IN_SEPARATELY_AUTHORIZED_LANE,NO_PATH_FILENAME_DIRECTORY_SEMANTIC_TITLE_SOURCE_FAMILY_NAME_SEASON_ROWCOUNT_TIMESTAMP_PUBLIC_CACHE_OR_MODEL_INFERENCE;NO_AUTO_LINK;NO_AUTO_CLOSE;NO_PLAYER_OR_IDENTITY_FACTS;NO_PERMISSION_OR_AUTHORITY_SIDE_EFFECT,docs/hq/rookie_evidence_workspace_v1/registries/DATASET_REGISTRY.csv;docs/hq/rookie_evidence_workspace_v1/registries/ARTIFACT_DATASET_LINK.csv;docs/hq/rookie_evidence_workspace_v1/governance/QUEUE_CLOSURE_EVENT_LEDGER.csv,BEFORE_ADOPTION_REVERT_UNACCEPTED_COMMIT;AFTER_ADOPTION_APPEND_ROLLBACK_EVENT_REFERENCING_CLOSURE_EVENT_AND_APPEND_SUPERSEDING_ENDPOINT_OR_LINK_EVENT;NEVER_EDIT_OR_DELETE_HISTORY,QUEUE_ID_UNIQUE;BATCH_ROW_COUNT_RECONCILES;DATASET_ENDPOINT_EXACT;PROOF_HASH_VALID;RELATIONSHIP_GRAIN_EXACT;RIGHTS_LOCALITY_PASS;AUTHORITY_EFFECT_NO_BROADENING;SOURCE_USE_EFFECT_NO_BROADENING;QUEUE_ROW_UNCHANGED;APPEND_ONLY_EVENT_SCHEMA_PASS,MISSING_OR_NONCANONICAL_ENDPOINT;MISSING_PROOF_HASH_OR_EXPLICIT_RELATIONSHIP;AUTHORITY_OR_USE_PERMISSION_BROADENING;IDENTITY_OR_PLAYER_FACT_REQUIRED;RESTRICTED_OR_REVERSIBLE_LOCATOR_REQUIRED;ANY_PROTECTED_FROZEN_RUNTIME_APP_RANKING_FORMULA_SOURCE_REGISTRY_OR_PLUGIN_GOVERNANCE_SIDE_EFFECT,NO
