nwr_player_id,sleeper_id,gsis_id,player_name,position,team,eligibility_status,identity_status,feature_coverage_status,scoring_mode,outcome_v2_version,as_of_context,this_year_definition,display_only,model_use_allowed,training_allowed,source_truth_allowed,market_used_as_input,dynastyprocess_used_as_input,adp_used_as_input,cfbd_used_as_input,data_coverage_status,availability_context_status,caveat_summary,validated_field_status,QB T6 This Year,QB T12 This Year,QB T6 Next Year,QB T12 Next Year,QB T6 Within 5Y,QB T12 Within 5Y,RB T6 This Year,RB T12 This Year,RB T24 This Year,RB T36 This Year,RB T6 Next Year,RB T12 Next Year,RB T24 Next Year,RB T36 Next Year,RB T24 Within 5Y,RB T36 Within 5Y,WR T6 This Year,WR T12 This Year,WR T24 This Year,WR T36 This Year,WR T6 Next Year,WR T12 Next Year,WR T24 Next Year,WR T36 Next Year,WR T6 Within 5Y,WR T12 Within 5Y,WR T24 Within 5Y,WR T36 Within 5Y,TE T6 This Year,TE T12 This Year,TE T6 Next Year,TE T12 Next Year,TE T6 Within 5Y,TE T12 Within 5Y
9493,9493,00-0039075,Puka Nacua,WR,LAR,eligible_veteran_feature_covered,matched_exact,feature_covered_2025_regular_season,partial_exact_first_down_scoring_missing_sack_fumbles_lost,outcome_v2_current_player_display_20260630,2026-pre-draft,2026 NFL season,true,false,false,false,false,false,false,false,partial_2025_feature_source_approval,partial_availability_context_missing_games,"Display-only Outcome V2 probability context from approved partial 2025 feature source; games missing, sack_fumbles_lost missing, availability not clean health.",validated_position_fields_only; blocked_fields=RB_T6_WITHIN_5Y|RB_T12_WITHIN_5Y; next_year=2027 NFL season; within_5y=at least once from 2026 through 2030,Not enough information,Not enough information,Not enough information,Not enough information,Not enough information,Not enough information,Not enough information,Not enough information,Not enough information,Not enough information,Not enough information,Not enough information,Not enough information,Not enough information,Not enough information,Not enough information,36.2%,43.4%,53.6%,58.1%,37.9%,40.6%,43.5%,49.4%,61.2%,73.5%,86.9%,94.5%,Not enough information,Not enough information,Not enough information,Not enough information,Not enough information,Not enough information
9488,9488,00-0038543,Jaxon Smith-Njigba,WR,SEA,eligible_veteran_feature_covered,matched_exact,feature_covered_2025_regular_season,partial_exact_first_down_scoring_missing_sack_fumbles_lost,outcome_v2_current_player_display_20260630,2026-pre-draft,2026 NFL season,true,false,false,false,false,false,false,false,partial_2025_feature_source_approval,partial_availability_context_missing_games,"Display-only Outcome V2 probability context from approved partial 2025 feature source; games missing, sack_fumbles_lost missing, availability not clean health.",validated_position_fields_only; blocked_fields=RB_T6_WITHIN_5Y|RB_T12_WITHIN_5Y; next_year=2027 NFL season; within_5y=at least once from 2026 through 2030,Not enough information,Not enough information,Not enough information,Not enough information,Not enough information,Not enough information,Not enough information,Not enough information,Not enough information,Not enough information,Not enough information,Not enough information,Not enough information,Not enough information,Not enough information,Not enough information,36.2%,43.4%,53.6%,58.1%,37.9%,40.6%,43.5%,49.4%,61.2%,73.5%,86.9%,94.5%,Not enough information,Not enough information,Not enough information,Not enough information,Not enough information,Not enough information
9509,9509,00-0038542,Bijan Robinson,RB,ATL,eligible_veteran_feature_covered,matched_exact,feature_covered_2025_regular_season,partial_exact_first_down_scoring_missing_sack_fumbles_lost,outcome_v2_current_player_display_20260630,2026-pre-draft,2026 NFL season,true,false,false,false,false,false,false,false,partial_2025_feature_source_approval,partial_availability_context_missing_games,"Display-only Outcome V2 probability context from approved partial 2025 feature source; games missing, sack_fumbles_lost missing, availability not clean health.",validated_position_fields_only; blocked_fields=RB_T6_WITHIN_5Y|RB_T12_WITHIN_5Y; next_year=2027 NFL season; within_5y=at least once from 2026 through 2030,Not enough information,Not enough information,Not enough information,Not enough information,Not enough information,Not enough information,25.4%,35.9%,50.6%,56.1%,17.4%,28.5%,41.1%,46.6%,81.7%,89.2%,Not enough information,Not enough information,Not enough information,Not enough information,Not enough information,Not enough information,Not enough information,Not enough information,Not enough information,Not enough information,Not enough information,Not enough information,Not enough information,Not enough information,Not enough information,Not enough information,Not enough information,Not enough information
6813,6813,00-0036223,Jonathan Taylor,RB,IND,eligible_veteran_feature_covered,matched_exact,feature_covered_2025_regular_season,partial_exact_first_down_scoring_missing_sack_fumbles_lost,outcome_v2_current_player_display_20260630,2026-pre-draft,2026 NFL season,true,false,false,false,false,false,false,false,partial_2025_feature_source_approval,partial_availability_context_missing_games,"Display-only Outcome V2 probability context from approved partial 2025 feature source; games missing, sack_fumbles_lost missing, availability not clean health.",validated_position_fields_only; blocked_fields=RB_T6_WITHIN_5Y|RB_T12_WITHIN_5Y; next_year=2027 NFL season; within_5y=at least once from 2026 through 2030,Not enough information,Not enough information,Not enough information,Not enough information,Not enough information,Not enough information,25.4%,35.9%,50.6%,56.1%,17.4%,28.5%,41.1%,46.6%,81.7%,89.2%,Not enough information,Not enough information,Not enough information,Not enough information,Not enough information,Not enough information,Not enough information,Not enough information,Not enough information,Not enough information,Not enough information,Not enough information,Not enough information,Not enough information,Not enough information,Not enough information,Not enough information,Not enough information
9221,9221,00-0039139,Jahmyr Gibbs,RB,DET,eligible_veteran_feature_covered,matched_exact,feature_covered_2025_regular_season,partial_exact_first_down_scoring_missing_sack_fumbles_lost,outcome_v2_current_player_display_20260630,2026-pre-draft,2026 NFL season,true,false,false,false,false,false,false,false,partial_2025_feature_source_approval,partial_availability_context_missing_games,"Display-only Outcome V2 probability context from approved partial 2025 feature source; games missing, sack_fumbles_lost missing, availability not clean health.",validated_position_fields_only; blocked_fields=RB_T6_WITHIN_5Y|RB_T12_WITHIN_5Y; next_year=2027 NFL season; within_5y=at least once from 2026 through 2030,Not enough information,Not enough information,Not enough information,Not enough information,Not enough information,Not enough information,25.4%,35.9%,50.6%,56.1%,17.4%,28.5%,41.1%,46.6%,81.7%,89.2%,Not enough information,Not enough information,Not enough information,Not enough information,Not enough information,Not enough information,Not enough information,Not enough information,Not enough information,Not enough information,Not enough information,Not enough information,Not enough information,Not enough information,Not enough information,Not enough information,Not enough information,Not enough information
7564,7564,00-0036900,Ja'Marr Chase,WR,CIN,eligible_veteran_feature_covered,matched_exact,feature_covered_2025_regular_season,partial_exact_first_down_scoring_missing_sack_fumbles_lost,outcome_v2_current_player_display_20260630,2026-pre-draft,2026 NFL season,true,false,false,false,false,false,false,false,partial_2025_feature_source_approval,partial_availability_context_missing_games,"Display-only Outcome V2 probability context from approved partial 2025 feature source; games missing, sack_fumbles_lost missing, availability not clean health.",validated_position_fields_only; blocked_fields=RB_T6_WITHIN_5Y|RB_T12_WITHIN_5Y; next_year=2027 NFL season; within_5y=at least once from 2026 through 2030,Not enough information,Not enough information,Not enough information,Not enough information,Not enough information,Not enough information,Not enough information,Not enough information,Not enough information,Not enough information,Not enough information,Not enough information,Not enough information,Not enough information,Not enough information,Not enough information,36.2%,43.4%,53.6%,58.1%,37.9%,40.6%,43.5%,49.4%,61.2%,73.5%,86.9%,94.5%,Not enough information,Not enough information,Not enough information,Not enough information,Not enough information,Not enough information
7547,7547,00-0036963,Amon-Ra St. Brown,WR,DET,eligible_veteran_feature_covered,matched_exact,feature_covered_2025_regular_season,partial_exact_first_down_scoring_missing_sack_fumbles_lost,outcome_v2_current_player_display_20260630,2026-pre-draft,2026 NFL season,true,false,false,false,false,false,false,false,partial_2025_feature_source_approval,partial_availability_context_missing_games,"Display-only Outcome V2 probability context from approved partial 2025 feature source; games missing, sack_fumbles_lost missing, availability not clean health.",validated_position_fields_only; blocked_fields=RB_T6_WITHIN_5Y|RB_T12_WITHIN_5Y; next_year=2027 NFL season; within_5y=at least once from 2026 through 2030,Not enough information,Not enough information,Not enough information,Not enough information,Not enough information,Not enough information,Not enough information,Not enough information,Not enough information,Not enough information,Not enough information,Not enough information,Not enough information,Not enough information,Not enough information,Not enough information,36.2%,43.4%,53.6%,58.1%,37.9%,40.6%,43.5%,49.4%,61.2%,73.5%,86.9%,94.5%,Not enough information,Not enough information,Not enough information,Not enough information,Not enough information,Not enough information
8130,8130,00-0037744,Trey McBride,TE,ARI,eligible_veteran_feature_covered,matched_exact,feature_covered_2025_regular_season,partial_exact_first_down_scoring_missing_sack_fumbles_lost,outcome_v2_current_player_display_20260630,2026-pre-draft,2026 NFL season,true,false,false,false,false,false,false,false,partial_2025_feature_source_approval,partial_availability_context_missing_games,"Display-only Outcome V2 probability context from approved partial 2025 feature source; games missing, sack_fumbles_lost missing, availability not clean health.",validated_position_fields_only; blocked_fields=RB_T6_WITHIN_5Y|RB_T12_WITHIN_5Y; next_year=2027 NFL season; within_5y=at least once from 2026 through 2030,Not enough information,Not enough information,Not enough information,Not enough information,Not enough information,Not enough information,Not enough information,Not enough information,Not enough information,Not enough information,Not enough information,Not enough information,Not enough information,Not enough information,Not enough information,Not enough information,Not enough information,Not enough information,Not enough information,Not enough information,Not enough information,Not enough information,Not enough information,Not enough information,Not enough information,Not enough information,Not enough information,Not enough information,42.7%,47.1%,35.2%,39.1%,74.4%,78.6%
9226,9226,00-0039040,De'Von Achane,RB,MIA,eligible_veteran_feature_covered,matched_exact,feature_covered_2025_regular_season,partial_exact_first_down_scoring_missing_sack_fumbles_lost,outcome_v2_current_player_display_20260630,2026-pre-draft,2026 NFL season,true,false,false,false,false,false,false,false,partial_2025_feature_source_approval,partial_availability_context_missing_games,"Display-only Outcome V2 probability context from approved partial 2025 feature source; games missing, sack_fumbles_lost missing, availability not clean health.",validated_position_fields_only; blocked_fields=RB_T6_WITHIN_5Y|RB_T12_WITHIN_5Y; next_year=2027 NFL season; within_5y=at least once from 2026 through 2030,Not enough information,Not enough information,Not enough information,Not enough information,Not enough information,Not enough information,12.7%,35.9%,50.6%,56.1%,14.0%,28.5%,41.1%,46.6%,81.7%,89.2%,Not enough information,Not enough information,Not enough information,Not enough information,Not enough information,Not enough information,Not enough information,Not enough information,Not enough information,Not enough information,Not enough information,Not enough information,Not enough information,Not enough information,Not enough information,Not enough information,Not enough information,Not enough information
8137,8137,00-0037247,George Pickens,WR,DAL,eligible_veteran_feature_covered,matched_exact,feature_covered_2025_regular_season,partial_exact_first_down_scoring_missing_sack_fumbles_lost,outcome_v2_current_player_display_20260630,2026-pre-draft,2026 NFL season,true,false,false,false,false,false,false,false,partial_2025_feature_source_approval,partial_availability_context_missing_games,"Display-only Outcome V2 probability context from approved partial 2025 feature source; games missing, sack_fumbles_lost missing, availability not clean health.",validated_position_fields_only; blocked_fields=RB_T6_WITHIN_5Y|RB_T12_WITHIN_5Y; next_year=2027 NFL season; within_5y=at least once from 2026 through 2030,Not enough information,Not enough information,Not enough information,Not enough information,Not enough information,Not enough information,Not enough information,Not enough information,Not enough information,Not enough information,Not enough information,Not enough information,Not enough information,Not enough information,Not enough information,Not enough information,36.2%,43.4%,53.6%,58.1%,37.9%,40.6%,43.5%,49.4%,61.2%,73.5%,86.9%,94.5%,Not enough information,Not enough information,Not enough information,Not enough information,Not enough information,Not enough information
8138,8138,00-0037248,James Cook,RB,BUF,eligible_veteran_feature_covered,matched_exact,feature_covered_2025_regular_season,partial_exact_first_down_scoring_missing_sack_fumbles_lost,outcome_v2_current_player_display_20260630,2026-pre-draft,2026 NFL season,true,false,false,false,false,false,false,false,partial_2025_feature_source_approval,partial_availability_context_missing_games,"Display-only Outcome V2 probability context from approved partial 2025 feature source; games missing, sack_fumbles_lost missing, availability not clean health.",validated_position_fields_only; blocked_fields=RB_T6_WITHIN_5Y|RB_T12_WITHIN_5Y; next_year=2027 NFL season; within_5y=at least once from 2026 through 2030,Not enough information,Not enough information,Not enough information,Not enough information,Not enough information,Not enough information,25.4%,35.9%,50.6%,56.1%,17.4%,28.5%,41.1%,46.6%,81.7%,89.2%,Not enough information,Not enough information,Not enough information,Not enough information,Not enough information,Not enough information,Not enough information,Not enough information,Not enough information,Not enough information,Not enough information,Not enough information,Not enough information,Not enough information,Not enough information,Not enough information,Not enough information,Not enough information
9997,9997,00-0039064,Zay Flowers,WR,BAL,eligible_veteran_feature_covered,matched_exact,feature_covered_2025_regular_season,partial_exact_first_down_scoring_missing_sack_fumbles_lost,outcome_v2_current_player_display_20260630,2026-pre-draft,2026 NFL season,true,false,false,false,false,false,false,false,partial_2025_feature_source_approval,partial_availability_context_missing_games,"Display-only Outcome V2 probability context from approved partial 2025 feature source; games missing, sack_fumbles_lost missing, availability not clean health.",validated_position_fields_only; blocked_fields=RB_T6_WITHIN_5Y|RB_T12_WITHIN_5Y; next_year=2027 NFL season; within_5y=at least once from 2026 through 2030,Not enough information,Not enough information,Not enough information,Not enough information,Not enough information,Not enough information,Not enough information,Not enough information,Not enough information,Not enough information,Not enough information,Not enough information,Not enough information,Not enough information,Not enough information,Not enough information,15.9%,43.4%,53.6%,58.1%,14.7%,40.6%,43.5%,49.4%,33.3%,73.5%,86.9%,94.5%,Not enough information,Not enough information,Not enough information,Not enough information,Not enough information,Not enough information
5859,5859,00-0035676,A.J. Brown,WR,PHI,eligible_veteran_feature_covered,matched_exact,feature_covered_2025_regular_season,partial_exact_first_down_scoring_missing_sack_fumbles_lost,outcome_v2_current_player_display_20260630,2026-pre-draft,2026 NFL season,true,false,false,false,false,false,false,false,partial_2025_feature_source_approval,partial_availability_context_missing_games,"Display-only Outcome V2 probability context from approved partial 2025 feature source; games missing, sack_fumbles_lost missing, availability not clean health.",validated_position_fields_only; blocked_fields=RB_T6_WITHIN_5Y|RB_T12_WITHIN_5Y; next_year=2027 NFL season; within_5y=at least once from 2026 through 2030,Not enough information,Not enough information,Not enough information,Not enough information,Not enough information,Not enough information,Not enough information,Not enough information,Not enough information,Not enough information,Not enough information,Not enough information,Not enough information,Not enough information,Not enough information,Not enough information,6.6%,20.8%,53.6%,58.1%,5.7%,12.3%,43.5%,49.4%,34.9%,57.6%,86.9%,94.5%,Not enough information,Not enough information,Not enough information,Not enough information,Not enough information,Not enough information
8144,8144,00-0037239,Chris Olave,WR,NO,eligible_veteran_feature_covered,matched_exact,feature_covered_2025_regular_season,partial_exact_first_down_scoring_missing_sack_fumbles_lost,outcome_v2_current_player_display_20260630,2026-pre-draft,2026 NFL season,true,false,false,false,false,false,false,false,partial_2025_feature_source_approval,partial_availability_context_missing_games,"Display-only Outcome V2 probability context from approved partial 2025 feature source; games missing, sack_fumbles_lost missing, availability not clean health.",validated_position_fields_only; blocked_fields=RB_T6_WITHIN_5Y|RB_T12_WITHIN_5Y; next_year=2027 NFL season; within_5y=at least once from 2026 through 2030,Not enough information,Not enough information,Not enough information,Not enough information,Not enough information,Not enough information,Not enough information,Not enough information,Not enough information,Not enough information,Not enough information,Not enough information,Not enough information,Not enough information,Not enough information,Not enough information,36.2%,43.4%,53.6%,58.1%,37.9%,40.6%,43.5%,49.4%,61.2%,73.5%,86.9%,94.5%,Not enough information,Not enough information,Not enough information,Not enough information,Not enough information,Not enough information
8150,8150,00-0037840,Kyren Williams,RB,LAR,eligible_veteran_feature_covered,matched_exact,feature_covered_2025_regular_season,partial_exact_first_down_scoring_missing_sack_fumbles_lost,outcome_v2_current_player_display_20260630,2026-pre-draft,2026 NFL season,true,false,false,false,false,false,false,false,partial_2025_feature_source_approval,partial_availability_context_missing_games,"Display-only Outcome V2 probability context from approved partial 2025 feature source; games missing, sack_fumbles_lost missing, availability not clean health.",validated_position_fields_only; blocked_fields=RB_T6_WITHIN_5Y|RB_T12_WITHIN_5Y; next_year=2027 NFL season; within_5y=at least once from 2026 through 2030,Not enough information,Not enough information,Not enough information,Not enough information,Not enough information,Not enough information,12.7%,35.9%,50.6%,56.1%,14.0%,28.5%,41.1%,46.6%,81.7%,89.2%,Not enough information,Not enough information,Not enough information,Not enough information,Not enough information,Not enough information,Not enough information,Not enough information,Not enough information,Not enough information,Not enough information,Not enough information,Not enough information,Not enough information,Not enough information,Not enough information,Not enough information,Not enough information
7569,7569,00-0036554,Nico Collins,WR,HOU,eligible_veteran_feature_covered,matched_exact,feature_covered_2025_regular_season,partial_exact_first_down_scoring_missing_sack_fumbles_lost,outcome_v2_current_player_display_20260630,2026-pre-draft,2026 NFL season,true,false,false,false,false,false,false,false,partial_2025_feature_source_approval,partial_availability_context_missing_games,"Display-only Outcome V2 probability context from approved partial 2025 feature source; games missing, sack_fumbles_lost missing, availability not clean health.",validated_position_fields_only; blocked_fields=RB_T6_WITHIN_5Y|RB_T12_WITHIN_5Y; next_year=2027 NFL season; within_5y=at least once from 2026 through 2030,Not enough information,Not enough information,Not enough information,Not enough information,Not enough information,Not enough information,Not enough information,Not enough information,Not enough information,Not enough information,Not enough information,Not enough information,Not enough information,Not enough information,Not enough information,Not enough information,15.9%,43.4%,53.6%,58.1%,14.7%,40.6%,43.5%,49.4%,33.3%,73.5%,86.9%,94.5%,Not enough information,Not enough information,Not enough information,Not enough information,Not enough information,Not enough information
7553,7553,00-0036970,Kyle Pitts,TE,ATL,eligible_veteran_feature_covered,matched_exact,feature_covered_2025_regular_season,partial_exact_first_down_scoring_missing_sack_fumbles_lost,outcome_v2_current_player_display_20260630,2026-pre-draft,2026 NFL season,true,false,false,false,false,false,false,false,partial_2025_feature_source_approval,partial_availability_context_missing_games,"Display-only Outcome V2 probability context from approved partial 2025 feature source; games missing, sack_fumbles_lost missing, availability not clean health.",validated_position_fields_only; blocked_fields=RB_T6_WITHIN_5Y|RB_T12_WITHIN_5Y; next_year=2027 NFL season; within_5y=at least once from 2026 through 2030,Not enough information,Not enough information,Not enough information,Not enough information,Not enough information,Not enough information,Not enough information,Not enough information,Not enough information,Not enough information,Not enough information,Not enough information,Not enough information,Not enough information,Not enough information,Not enough information,Not enough information,Not enough information,Not enough information,Not enough information,Not enough information,Not enough information,Not enough information,Not enough information,Not enough information,Not enough information,Not enough information,Not enough information,42.7%,47.1%,35.2%,39.1%,74.4%,78.6%
4034,4034,00-0033280,Christian McCaffrey,RB,SF,eligible_veteran_feature_covered,matched_exact,feature_covered_2025_regular_season,partial_exact_first_down_scoring_missing_sack_fumbles_lost,outcome_v2_current_player_display_20260630,2026-pre-draft,2026 NFL season,true,false,false,false,false,false,false,false,partial_2025_feature_source_approval,partial_availability_context_missing_games,"Display-only Outcome V2 probability context from approved partial 2025 feature source; games missing, sack_fumbles_lost missing, availability not clean health.",validated_position_fields_only; blocked_fields=RB_T6_WITHIN_5Y|RB_T12_WITHIN_5Y; next_year=2027 NFL season; within_5y=at least once from 2026 through 2030,Not enough information,Not enough information,Not enough information,Not enough information,Not enough information,Not enough information,25.4%,35.9%,50.6%,56.1%,17.4%,28.5%,41.1%,46.6%,81.7%,89.2%,Not enough information,Not enough information,Not enough information,Not enough information,Not enough information,Not enough information,Not enough information,Not enough information,Not enough information,Not enough information,Not enough information,Not enough information,Not enough information,Not enough information,Not enough information,Not enough information,Not enough information,Not enough information
4984,4984,00-0034857,Josh Allen,QB,BUF,eligible_veteran_feature_covered,matched_exact,feature_covered_2025_regular_season,partial_exact_first_down_scoring_missing_sack_fumbles_lost,outcome_v2_current_player_display_20260630,2026-pre-draft,2026 NFL season,true,false,false,false,false,false,false,false,partial_2025_feature_source_approval,partial_availability_context_missing_games,"Display-only Outcome V2 probability context from approved partial 2025 feature source; games missing, sack_fumbles_lost missing, availability not clean health.",validated_position_fields_only; blocked_fields=RB_T6_WITHIN_5Y|RB_T12_WITHIN_5Y; next_year=2027 NFL season; within_5y=at least once from 2026 through 2030,33.1%,56.6%,37.3%,53.3%,79.0%,86.0%,Not enough information,Not enough information,Not enough information,Not enough information,Not enough information,Not enough information,Not enough information,Not enough information,Not enough information,Not enough information,Not enough information,Not enough information,Not enough information,Not enough information,Not enough information,Not enough information,Not enough information,Not enough information,Not enough information,Not enough information,Not enough information,Not enough information,Not enough information,Not enough information,Not enough information,Not enough information,Not enough information,Not enough information
8112,8112,00-0037238,Drake London,WR,ATL,eligible_veteran_feature_covered,matched_exact,feature_covered_2025_regular_season,partial_exact_first_down_scoring_missing_sack_fumbles_lost,outcome_v2_current_player_display_20260630,2026-pre-draft,2026 NFL season,true,false,false,false,false,false,false,false,partial_2025_feature_source_approval,partial_availability_context_missing_games,"Display-only Outcome V2 probability context from approved partial 2025 feature source; games missing, sack_fumbles_lost missing, availability not clean health.",validated_position_fields_only; blocked_fields=RB_T6_WITHIN_5Y|RB_T12_WITHIN_5Y; next_year=2027 NFL season; within_5y=at least once from 2026 through 2030,Not enough information,Not enough information,Not enough information,Not enough information,Not enough information,Not enough information,Not enough information,Not enough information,Not enough information,Not enough information,Not enough information,Not enough information,Not enough information,Not enough information,Not enough information,Not enough information,0.9%,20.8%,53.6%,58.1%,0.6%,12.3%,43.5%,49.4%,12.9%,57.6%,86.9%,94.5%,Not enough information,Not enough information,Not enough information,Not enough information,Not enough information,Not enough information
11564,11564,00-0039851,Drake Maye,QB,NE,eligible_veteran_feature_covered,matched_exact,feature_covered_2025_regular_season,partial_exact_first_down_scoring_missing_sack_fumbles_lost,outcome_v2_current_player_display_20260630,2026-pre-draft,2026 NFL season,true,false,false,false,false,false,false,false,partial_2025_feature_source_approval,partial_availability_context_missing_games,"Display-only Outcome V2 probability context from approved partial 2025 feature source; games missing, sack_fumbles_lost missing, availability not clean health.",validated_position_fields_only; blocked_fields=RB_T6_WITHIN_5Y|RB_T12_WITHIN_5Y; next_year=2027 NFL season; within_5y=at least once from 2026 through 2030,33.1%,56.6%,37.3%,53.3%,79.0%,86.0%,Not enough information,Not enough information,Not enough information,Not enough information,Not enough information,Not enough information,Not enough information,Not enough information,Not enough information,Not enough information,Not enough information,Not enough information,Not enough information,Not enough information,Not enough information,Not enough information,Not enough information,Not enough information,Not enough information,Not enough information,Not enough information,Not enough information,Not enough information,Not enough information,Not enough information,Not enough information,Not enough information,Not enough information
9224,9224,00-0038597,Chase Brown,RB,CIN,eligible_veteran_feature_covered,matched_exact,feature_covered_2025_regular_season,partial_exact_first_down_scoring_missing_sack_fumbles_lost,outcome_v2_current_player_display_20260630,2026-pre-draft,2026 NFL season,true,false,false,false,false,false,false,false,partial_2025_feature_source_approval,partial_availability_context_missing_games,"Display-only Outcome V2 probability context from approved partial 2025 feature source; games missing, sack_fumbles_lost missing, availability not clean health.",validated_position_fields_only; blocked_fields=RB_T6_WITHIN_5Y|RB_T12_WITHIN_5Y; next_year=2027 NFL season; within_5y=at least once from 2026 through 2030,Not enough information,Not enough information,Not enough information,Not enough information,Not enough information,Not enough information,12.7%,35.9%,50.6%,56.1%,14.0%,28.5%,41.1%,46.6%,81.7%,89.2%,Not enough information,Not enough information,Not enough information,Not enough information,Not enough information,Not enough information,Not enough information,Not enough information,Not enough information,Not enough information,Not enough information,Not enough information,Not enough information,Not enough information,Not enough information,Not enough information,Not enough information,Not enough information
6786,6786,00-0036358,CeeDee Lamb,WR,DAL,eligible_veteran_feature_covered,matched_exact,feature_covered_2025_regular_season,partial_exact_first_down_scoring_missing_sack_fumbles_lost,outcome_v2_current_player_display_20260630,2026-pre-draft,2026 NFL season,true,false,false,false,false,false,false,false,partial_2025_feature_source_approval,partial_availability_context_missing_games,"Display-only Outcome V2 probability context from approved partial 2025 feature source; games missing, sack_fumbles_lost missing, availability not clean health.",validated_position_fields_only; blocked_fields=RB_T6_WITHIN_5Y|RB_T12_WITHIN_5Y; next_year=2027 NFL season; within_5y=at least once from 2026 through 2030,Not enough information,Not enough information,Not enough information,Not enough information,Not enough information,Not enough information,Not enough information,Not enough information,Not enough information,Not enough information,Not enough information,Not enough information,Not enough information,Not enough information,Not enough information,Not enough information,0.9%,20.8%,53.6%,58.1%,0.6%,12.3%,43.5%,49.4%,12.9%,57.6%,86.9%,94.5%,Not enough information,Not enough information,Not enough information,Not enough information,Not enough information,Not enough information
8148,8148,00-0037240,Jameson Williams,WR,DET,eligible_veteran_feature_covered,matched_exact,feature_covered_2025_regular_season,partial_exact_first_down_scoring_missing_sack_fumbles_lost,outcome_v2_current_player_display_20260630,2026-pre-draft,2026 NFL season,true,false,false,false,false,false,false,false,partial_2025_feature_source_approval,partial_availability_context_missing_games,"Display-only Outcome V2 probability context from approved partial 2025 feature source; games missing, sack_fumbles_lost missing, availability not clean health.",validated_position_fields_only; blocked_fields=RB_T6_WITHIN_5Y|RB_T12_WITHIN_5Y; next_year=2027 NFL season; within_5y=at least once from 2026 through 2030,Not enough information,Not enough information,Not enough information,Not enough information,Not enough information,Not enough information,Not enough information,Not enough information,Not enough information,Not enough information,Not enough information,Not enough information,Not enough information,Not enough information,Not enough information,Not enough information,15.9%,43.4%,53.6%,58.1%,14.7%,40.6%,43.5%,49.4%,33.3%,73.5%,86.9%,94.5%,Not enough information,Not enough information,Not enough information,Not enough information,Not enough information,Not enough information
6794,6794,00-0036322,Justin Jefferson,WR,MIN,eligible_veteran_feature_covered,matched_exact,feature_covered_2025_regular_season,partial_exact_first_down_scoring_missing_sack_fumbles_lost,outcome_v2_current_player_display_20260630,2026-pre-draft,2026 NFL season,true,false,false,false,false,false,false,false,partial_2025_feature_source_approval,partial_availability_context_missing_games,"Display-only Outcome V2 probability context from approved partial 2025 feature source; games missing, sack_fumbles_lost missing, availability not clean health.",validated_position_fields_only; blocked_fields=RB_T6_WITHIN_5Y|RB_T12_WITHIN_5Y; next_year=2027 NFL season; within_5y=at least once from 2026 through 2030,Not enough information,Not enough information,Not enough information,Not enough information,Not enough information,Not enough information,Not enough information,Not enough information,Not enough information,Not enough information,Not enough information,Not enough information,Not enough information,Not enough information,Not enough information,Not enough information,0.9%,13.9%,20.4%,58.1%,0.6%,10.6%,20.3%,49.4%,12.9%,33.6%,50.7%,94.5%,Not enough information,Not enough information,Not enough information,Not enough information,Not enough information,Not enough information
7523,7523,00-0036971,Trevor Lawrence,QB,JAX,eligible_veteran_feature_covered,matched_exact,feature_covered_2025_regular_season,partial_exact_first_down_scoring_missing_sack_fumbles_lost,outcome_v2_current_player_display_20260630,2026-pre-draft,2026 NFL season,true,false,false,false,false,false,false,false,partial_2025_feature_source_approval,partial_availability_context_missing_games,"Display-only Outcome V2 probability context from approved partial 2025 feature source; games missing, sack_fumbles_lost missing, availability not clean health.",validated_position_fields_only; blocked_fields=RB_T6_WITHIN_5Y|RB_T12_WITHIN_5Y; next_year=2027 NFL season; within_5y=at least once from 2026 through 2030,33.1%,56.6%,37.3%,53.3%,79.0%,86.0%,Not enough information,Not enough information,Not enough information,Not enough information,Not enough information,Not enough information,Not enough information,Not enough information,Not enough information,Not enough information,Not enough information,Not enough information,Not enough information,Not enough information,Not enough information,Not enough information,Not enough information,Not enough information,Not enough information,Not enough information,Not enough information,Not enough information,Not enough information,Not enough information,Not enough information,Not enough information,Not enough information,Not enough information
7525,7525,00-0036912,DeVonta Smith,WR,PHI,eligible_veteran_feature_covered,matched_exact,feature_covered_2025_regular_season,partial_exact_first_down_scoring_missing_sack_fumbles_lost,outcome_v2_current_player_display_20260630,2026-pre-draft,2026 NFL season,true,false,false,false,false,false,false,false,partial_2025_feature_source_approval,partial_availability_context_missing_games,"Display-only Outcome V2 probability context from approved partial 2025 feature source; games missing, sack_fumbles_lost missing, availability not clean health.",validated_position_fields_only; blocked_fields=RB_T6_WITHIN_5Y|RB_T12_WITHIN_5Y; next_year=2027 NFL season; within_5y=at least once from 2026 through 2030,Not enough information,Not enough information,Not enough information,Not enough information,Not enough information,Not enough information,Not enough information,Not enough information,Not enough information,Not enough information,Not enough information,Not enough information,Not enough information,Not enough information,Not enough information,Not enough information,0.9%,20.8%,53.6%,58.1%,0.6%,12.3%,43.5%,49.4%,12.9%,57.6%,86.9%,94.5%,Not enough information,Not enough information,Not enough information,Not enough information,Not enough information,Not enough information
8142,8142,00-0037664,Alec Pierce,WR,IND,eligible_veteran_feature_covered,matched_exact,feature_covered_2025_regular_season,partial_exact_first_down_scoring_missing_sack_fumbles_lost,outcome_v2_current_player_display_20260630,2026-pre-draft,2026 NFL season,true,false,false,false,false,false,false,false,partial_2025_feature_source_approval,partial_availability_context_missing_games,"Display-only Outcome V2 probability context from approved partial 2025 feature source; games missing, sack_fumbles_lost missing, availability not clean health.",validated_position_fields_only; blocked_fields=RB_T6_WITHIN_5Y|RB_T12_WITHIN_5Y; next_year=2027 NFL season; within_5y=at least once from 2026 through 2030,Not enough information,Not enough information,Not enough information,Not enough information,Not enough information,Not enough information,Not enough information,Not enough information,Not enough information,Not enough information,Not enough information,Not enough information,Not enough information,Not enough information,Not enough information,Not enough information,6.6%,20.8%,53.6%,58.1%,5.7%,12.3%,43.5%,49.4%,34.9%,57.6%,86.9%,94.5%,Not enough information,Not enough information,Not enough information,Not enough information,Not enough information,Not enough information
5045,5045,00-0034348,Courtland Sutton,WR,DEN,eligible_veteran_feature_covered,matched_exact,feature_covered_2025_regular_season,partial_exact_first_down_scoring_missing_sack_fumbles_lost,outcome_v2_current_player_display_20260630,2026-pre-draft,2026 NFL season,true,false,false,false,false,false,false,false,partial_2025_feature_source_approval,partial_availability_context_missing_games,"Display-only Outcome V2 probability context from approved partial 2025 feature source; games missing, sack_fumbles_lost missing, availability not clean health.",validated_position_fields_only; blocked_fields=RB_T6_WITHIN_5Y|RB_T12_WITHIN_5Y; next_year=2027 NFL season; within_5y=at least once from 2026 through 2030,Not enough information,Not enough information,Not enough information,Not enough information,Not enough information,Not enough information,Not enough information,Not enough information,Not enough information,Not enough information,Not enough information,Not enough information,Not enough information,Not enough information,Not enough information,Not enough information,15.9%,43.4%,53.6%,58.1%,14.7%,40.6%,43.5%,49.4%,33.3%,73.5%,86.9%,94.5%,Not enough information,Not enough information,Not enough information,Not enough information,Not enough information,Not enough information
12526,12526,00-0040124,Tetairoa McMillan,WR,CAR,out_of_scope_rookie_or_prospect,out_of_scope_rookie_or_prospect,out_of_scope_rookie_or_prospect,Not enough information,outcome_v2_current_player_display_20260630,2026-pre-draft,2026 NFL season,true,false,false,false,false,false,false,false,partial_2025_feature_source_approval,Not enough information,Not enough information: Normal Outcome V2 excludes rookies/prospects.,validated_position_fields_only; blocked_fields=RB_T6_WITHIN_5Y|RB_T12_WITHIN_5Y; next_year=2027 NFL season; within_5y=at least once from 2026 through 2030,Not enough information,Not enough information,Not enough information,Not enough information,Not enough information,Not enough information,Not enough information,Not enough information,Not enough information,Not enough information,Not enough information,Not enough information,Not enough information,Not enough information,Not enough information,Not enough information,Not enough information,Not enough information,Not enough information,Not enough information,Not enough information,Not enough information,Not enough information,Not enough information,Not enough information,Not enough information,Not enough information,Not enough information,Not enough information,Not enough information,Not enough information,Not enough information,Not enough information,Not enough information
8155,8155,00-0038120,Breece Hall,RB,NYJ,eligible_veteran_feature_covered,matched_exact,feature_covered_2025_regular_season,partial_exact_first_down_scoring_missing_sack_fumbles_lost,outcome_v2_current_player_display_20260630,2026-pre-draft,2026 NFL season,true,false,false,false,false,false,false,false,partial_2025_feature_source_approval,partial_availability_context_missing_games,"Display-only Outcome V2 probability context from approved partial 2025 feature source; games missing, sack_fumbles_lost missing, availability not clean health.",validated_position_fields_only; blocked_fields=RB_T6_WITHIN_5Y|RB_T12_WITHIN_5Y; next_year=2027 NFL season; within_5y=at least once from 2026 through 2030,Not enough information,Not enough information,Not enough information,Not enough information,Not enough information,Not enough information,16.0%,20.8%,50.6%,56.1%,7.8%,16.3%,41.1%,46.6%,81.7%,89.2%,Not enough information,Not enough information,Not enough information,Not enough information,Not enough information,Not enough information,Not enough information,Not enough information,Not enough information,Not enough information,Not enough information,Not enough information,Not enough information,Not enough information,Not enough information,Not enough information,Not enough information,Not enough information
5850,5850,00-0035700,Josh Jacobs,RB,GB,eligible_veteran_feature_covered,matched_exact,feature_covered_2025_regular_season,partial_exact_first_down_scoring_missing_sack_fumbles_lost,outcome_v2_current_player_display_20260630,2026-pre-draft,2026 NFL season,true,false,false,false,false,false,false,false,partial_2025_feature_source_approval,partial_availability_context_missing_games,"Display-only Outcome V2 probability context from approved partial 2025 feature source; games missing, sack_fumbles_lost missing, availability not clean health.",validated_position_fields_only; blocked_fields=RB_T6_WITHIN_5Y|RB_T12_WITHIN_5Y; next_year=2027 NFL season; within_5y=at least once from 2026 through 2030,Not enough information,Not enough information,Not enough information,Not enough information,Not enough information,Not enough information,16.0%,20.8%,50.6%,56.1%,7.8%,16.3%,41.1%,46.6%,81.7%,89.2%,Not enough information,Not enough information,Not enough information,Not enough information,Not enough information,Not enough information,Not enough information,Not enough information,Not enough information,Not enough information,Not enough information,Not enough information,Not enough information,Not enough information,Not enough information,Not enough information,Not enough information,Not enough information
7526,7526,00-0036613,Jaylen Waddle,WR,DEN,eligible_veteran_feature_covered,matched_exact,feature_covered_2025_regular_season,partial_exact_first_down_scoring_missing_sack_fumbles_lost,outcome_v2_current_player_display_20260630,2026-pre-draft,2026 NFL season,true,false,false,false,false,false,false,false,partial_2025_feature_source_approval,partial_availability_context_missing_games,"Display-only Outcome V2 probability context from approved partial 2025 feature source; games missing, sack_fumbles_lost missing, availability not clean health.",validated_position_fields_only; blocked_fields=RB_T6_WITHIN_5Y|RB_T12_WITHIN_5Y; next_year=2027 NFL season; within_5y=at least once from 2026 through 2030,Not enough information,Not enough information,Not enough information,Not enough information,Not enough information,Not enough information,Not enough information,Not enough information,Not enough information,Not enough information,Not enough information,Not enough information,Not enough information,Not enough information,Not enough information,Not enough information,0.9%,20.8%,53.6%,58.1%,0.6%,12.3%,43.5%,49.4%,12.9%,57.6%,86.9%,94.5%,Not enough information,Not enough information,Not enough information,Not enough information,Not enough information,Not enough information
10232,10232,00-0038559,Michael Wilson,WR,ARI,eligible_veteran_feature_covered,matched_exact,feature_covered_2025_regular_season,partial_exact_first_down_scoring_missing_sack_fumbles_lost,outcome_v2_current_player_display_20260630,2026-pre-draft,2026 NFL season,true,false,false,false,false,false,false,false,partial_2025_feature_source_approval,partial_availability_context_missing_games,"Display-only Outcome V2 probability context from approved partial 2025 feature source; games missing, sack_fumbles_lost missing, availability not clean health.",validated_position_fields_only; blocked_fields=RB_T6_WITHIN_5Y|RB_T12_WITHIN_5Y; next_year=2027 NFL season; within_5y=at least once from 2026 through 2030,Not enough information,Not enough information,Not enough information,Not enough information,Not enough information,Not enough information,Not enough information,Not enough information,Not enough information,Not enough information,Not enough information,Not enough information,Not enough information,Not enough information,Not enough information,Not enough information,6.6%,20.8%,53.6%,58.1%,5.7%,12.3%,43.5%,49.4%,34.9%,57.6%,86.9%,94.5%,Not enough information,Not enough information,Not enough information,Not enough information,Not enough information,Not enough information
6801,6801,00-0036410,Tee Higgins,WR,CIN,eligible_veteran_feature_covered,matched_exact,feature_covered_2025_regular_season,partial_exact_first_down_scoring_missing_sack_fumbles_lost,outcome_v2_current_player_display_20260630,2026-pre-draft,2026 NFL season,true,false,false,false,false,false,false,false,partial_2025_feature_source_approval,partial_availability_context_missing_games,"Display-only Outcome V2 probability context from approved partial 2025 feature source; games missing, sack_fumbles_lost missing, availability not clean health.",validated_position_fields_only; blocked_fields=RB_T6_WITHIN_5Y|RB_T12_WITHIN_5Y; next_year=2027 NFL season; within_5y=at least once from 2026 through 2030,Not enough information,Not enough information,Not enough information,Not enough information,Not enough information,Not enough information,Not enough information,Not enough information,Not enough information,Not enough information,Not enough information,Not enough information,Not enough information,Not enough information,Not enough information,Not enough information,6.6%,20.8%,53.6%,58.1%,5.7%,12.3%,43.5%,49.4%,34.9%,57.6%,86.9%,94.5%,Not enough information,Not enough information,Not enough information,Not enough information,Not enough information,Not enough information
5846,5846,00-0035640,DK Metcalf,WR,PIT,eligible_veteran_feature_covered,matched_exact,feature_covered_2025_regular_season,partial_exact_first_down_scoring_missing_sack_fumbles_lost,outcome_v2_current_player_display_20260630,2026-pre-draft,2026 NFL season,true,false,false,false,false,false,false,false,partial_2025_feature_source_approval,partial_availability_context_missing_games,"Display-only Outcome V2 probability context from approved partial 2025 feature source; games missing, sack_fumbles_lost missing, availability not clean health.",validated_position_fields_only; blocked_fields=RB_T6_WITHIN_5Y|RB_T12_WITHIN_5Y; next_year=2027 NFL season; within_5y=at least once from 2026 through 2030,Not enough information,Not enough information,Not enough information,Not enough information,Not enough information,Not enough information,Not enough information,Not enough information,Not enough information,Not enough information,Not enough information,Not enough information,Not enough information,Not enough information,Not enough information,Not enough information,0.9%,13.9%,20.4%,58.1%,0.6%,10.6%,20.3%,49.4%,12.9%,33.6%,50.7%,94.5%,Not enough information,Not enough information,Not enough information,Not enough information,Not enough information,Not enough information
7588,7588,00-0036997,Javonte Williams,RB,DAL,eligible_veteran_feature_covered,matched_exact,feature_covered_2025_regular_season,partial_exact_first_down_scoring_missing_sack_fumbles_lost,outcome_v2_current_player_display_20260630,2026-pre-draft,2026 NFL season,true,false,false,false,false,false,false,false,partial_2025_feature_source_approval,partial_availability_context_missing_games,"Display-only Outcome V2 probability context from approved partial 2025 feature source; games missing, sack_fumbles_lost missing, availability not clean health.",validated_position_fields_only; blocked_fields=RB_T6_WITHIN_5Y|RB_T12_WITHIN_5Y; next_year=2027 NFL season; within_5y=at least once from 2026 through 2030,Not enough information,Not enough information,Not enough information,Not enough information,Not enough information,Not enough information,12.7%,35.9%,50.6%,56.1%,14.0%,28.5%,41.1%,46.6%,81.7%,89.2%,Not enough information,Not enough information,Not enough information,Not enough information,Not enough information,Not enough information,Not enough information,Not enough information,Not enough information,Not enough information,Not enough information,Not enough information,Not enough information,Not enough information,Not enough information,Not enough information,Not enough information,Not enough information
4866,4866,00-0034844,Saquon Barkley,RB,PHI,eligible_veteran_feature_covered,matched_exact,feature_covered_2025_regular_season,partial_exact_first_down_scoring_missing_sack_fumbles_lost,outcome_v2_current_player_display_20260630,2026-pre-draft,2026 NFL season,true,false,false,false,false,false,false,false,partial_2025_feature_source_approval,partial_availability_context_missing_games,"Display-only Outcome V2 probability context from approved partial 2025 feature source; games missing, sack_fumbles_lost missing, availability not clean health.",validated_position_fields_only; blocked_fields=RB_T6_WITHIN_5Y|RB_T12_WITHIN_5Y; next_year=2027 NFL season; within_5y=at least once from 2026 through 2030,Not enough information,Not enough information,Not enough information,Not enough information,Not enough information,Not enough information,16.0%,20.8%,50.6%,56.1%,7.8%,16.3%,41.1%,46.6%,81.7%,89.2%,Not enough information,Not enough information,Not enough information,Not enough information,Not enough information,Not enough information,Not enough information,Not enough information,Not enough information,Not enough information,Not enough information,Not enough information,Not enough information,Not enough information,Not enough information,Not enough information,Not enough information,Not enough information
6790,6790,00-0036275,D'Andre Swift,RB,CHI,eligible_veteran_feature_covered,matched_exact,feature_covered_2025_regular_season,partial_exact_first_down_scoring_missing_sack_fumbles_lost,outcome_v2_current_player_display_20260630,2026-pre-draft,2026 NFL season,true,false,false,false,false,false,false,false,partial_2025_feature_source_approval,partial_availability_context_missing_games,"Display-only Outcome V2 probability context from approved partial 2025 feature source; games missing, sack_fumbles_lost missing, availability not clean health.",validated_position_fields_only; blocked_fields=RB_T6_WITHIN_5Y|RB_T12_WITHIN_5Y; next_year=2027 NFL season; within_5y=at least once from 2026 through 2030,Not enough information,Not enough information,Not enough information,Not enough information,Not enough information,Not enough information,12.7%,35.9%,50.6%,56.1%,14.0%,28.5%,41.1%,46.6%,81.7%,89.2%,Not enough information,Not enough information,Not enough information,Not enough information,Not enough information,Not enough information,Not enough information,Not enough information,Not enough information,Not enough information,Not enough information,Not enough information,Not enough information,Not enough information,Not enough information,Not enough information,Not enough information,Not enough information
421,421,00-0026498,Matthew Stafford,QB,LAR,eligible_veteran_feature_covered,matched_exact,feature_covered_2025_regular_season,partial_exact_first_down_scoring_missing_sack_fumbles_lost,outcome_v2_current_player_display_20260630,2026-pre-draft,2026 NFL season,true,false,false,false,false,false,false,false,partial_2025_feature_source_approval,partial_availability_context_missing_games,"Display-only Outcome V2 probability context from approved partial 2025 feature source; games missing, sack_fumbles_lost missing, availability not clean health.",validated_position_fields_only; blocked_fields=RB_T6_WITHIN_5Y|RB_T12_WITHIN_5Y; next_year=2027 NFL season; within_5y=at least once from 2026 through 2030,33.1%,56.6%,37.3%,53.3%,79.0%,86.0%,Not enough information,Not enough information,Not enough information,Not enough information,Not enough information,Not enough information,Not enough information,Not enough information,Not enough information,Not enough information,Not enough information,Not enough information,Not enough information,Not enough information,Not enough information,Not enough information,Not enough information,Not enough information,Not enough information,Not enough information,Not enough information,Not enough information,Not enough information,Not enough information,Not enough information,Not enough information,Not enough information,Not enough information
8126,8126,00-0038117,Wan'Dale Robinson,WR,TEN,eligible_veteran_feature_covered,matched_exact,feature_covered_2025_regular_season,partial_exact_first_down_scoring_missing_sack_fumbles_lost,outcome_v2_current_player_display_20260630,2026-pre-draft,2026 NFL season,true,false,false,false,false,false,false,false,partial_2025_feature_source_approval,partial_availability_context_missing_games,"Display-only Outcome V2 probability context from approved partial 2025 feature source; games missing, sack_fumbles_lost missing, availability not clean health.",validated_position_fields_only; blocked_fields=RB_T6_WITHIN_5Y|RB_T12_WITHIN_5Y; next_year=2027 NFL season; within_5y=at least once from 2026 through 2030,Not enough information,Not enough information,Not enough information,Not enough information,Not enough information,Not enough information,Not enough information,Not enough information,Not enough information,Not enough information,Not enough information,Not enough information,Not enough information,Not enough information,Not enough information,Not enough information,0.9%,20.8%,53.6%,58.1%,0.6%,12.3%,43.5%,49.4%,12.9%,57.6%,86.9%,94.5%,Not enough information,Not enough information,Not enough information,Not enough information,Not enough information,Not enough information
7543,7543,00-0036973,Travis Etienne,RB,NO,eligible_veteran_feature_covered,matched_exact,feature_covered_2025_regular_season,partial_exact_first_down_scoring_missing_sack_fumbles_lost,outcome_v2_current_player_display_20260630,2026-pre-draft,2026 NFL season,true,false,false,false,false,false,false,false,partial_2025_feature_source_approval,partial_availability_context_missing_games,"Display-only Outcome V2 probability context from approved partial 2025 feature source; games missing, sack_fumbles_lost missing, availability not clean health.",validated_position_fields_only; blocked_fields=RB_T6_WITHIN_5Y|RB_T12_WITHIN_5Y; next_year=2027 NFL season; within_5y=at least once from 2026 through 2030,Not enough information,Not enough information,Not enough information,Not enough information,Not enough information,Not enough information,12.7%,35.9%,50.6%,56.1%,14.0%,28.5%,41.1%,46.6%,81.7%,89.2%,Not enough information,Not enough information,Not enough information,Not enough information,Not enough information,Not enough information,Not enough information,Not enough information,Not enough information,Not enough information,Not enough information,Not enough information,Not enough information,Not enough information,Not enough information,Not enough information,Not enough information,Not enough information
12514,12514,00-0040129,Emeka Egbuka,WR,TB,out_of_scope_rookie_or_prospect,out_of_scope_rookie_or_prospect,out_of_scope_rookie_or_prospect,Not enough information,outcome_v2_current_player_display_20260630,2026-pre-draft,2026 NFL season,true,false,false,false,false,false,false,false,partial_2025_feature_source_approval,Not enough information,Not enough information: Normal Outcome V2 excludes rookies/prospects.,validated_position_fields_only; blocked_fields=RB_T6_WITHIN_5Y|RB_T12_WITHIN_5Y; next_year=2027 NFL season; within_5y=at least once from 2026 through 2030,Not enough information,Not enough information,Not enough information,Not enough information,Not enough information,Not enough information,Not enough information,Not enough information,Not enough information,Not enough information,Not enough information,Not enough information,Not enough information,Not enough information,Not enough information,Not enough information,Not enough information,Not enough information,Not enough information,Not enough information,Not enough information,Not enough information,Not enough information,Not enough information,Not enough information,Not enough information,Not enough information,Not enough information,Not enough information,Not enough information,Not enough information,Not enough information,Not enough information,Not enough information
8228,8228,00-0037228,Jaylen Warren,RB,PIT,eligible_veteran_feature_covered,matched_exact,feature_covered_2025_regular_season,partial_exact_first_down_scoring_missing_sack_fumbles_lost,outcome_v2_current_player_display_20260630,2026-pre-draft,2026 NFL season,true,false,false,false,false,false,false,false,partial_2025_feature_source_approval,partial_availability_context_missing_games,"Display-only Outcome V2 probability context from approved partial 2025 feature source; games missing, sack_fumbles_lost missing, availability not clean health.",validated_position_fields_only; blocked_fields=RB_T6_WITHIN_5Y|RB_T12_WITHIN_5Y; next_year=2027 NFL season; within_5y=at least once from 2026 through 2030,Not enough information,Not enough information,Not enough information,Not enough information,Not enough information,Not enough information,16.0%,20.8%,50.6%,56.1%,7.8%,16.3%,41.1%,46.6%,81.7%,89.2%,Not enough information,Not enough information,Not enough information,Not enough information,Not enough information,Not enough information,Not enough information,Not enough information,Not enough information,Not enough information,Not enough information,Not enough information,Not enough information,Not enough information,Not enough information,Not enough information,Not enough information,Not enough information
9487,9487,00-0038606,Parker Washington,WR,JAX,eligible_veteran_feature_covered,matched_exact,feature_covered_2025_regular_season,partial_exact_first_down_scoring_missing_sack_fumbles_lost,outcome_v2_current_player_display_20260630,2026-pre-draft,2026 NFL season,true,false,false,false,false,false,false,false,partial_2025_feature_source_approval,partial_availability_context_missing_games,"Display-only Outcome V2 probability context from approved partial 2025 feature source; games missing, sack_fumbles_lost missing, availability not clean health.",validated_position_fields_only; blocked_fields=RB_T6_WITHIN_5Y|RB_T12_WITHIN_5Y; next_year=2027 NFL season; within_5y=at least once from 2026 through 2030,Not enough information,Not enough information,Not enough information,Not enough information,Not enough information,Not enough information,Not enough information,Not enough information,Not enough information,Not enough information,Not enough information,Not enough information,Not enough information,Not enough information,Not enough information,Not enough information,6.6%,20.8%,53.6%,58.1%,5.7%,12.3%,43.5%,49.4%,34.9%,57.6%,86.9%,94.5%,Not enough information,Not enough information,Not enough information,Not enough information,Not enough information,Not enough information
11604,11604,00-0039338,Brock Bowers,TE,LV,eligible_veteran_feature_covered,matched_exact,feature_covered_2025_regular_season,partial_exact_first_down_scoring_missing_sack_fumbles_lost,outcome_v2_current_player_display_20260630,2026-pre-draft,2026 NFL season,true,false,false,false,false,false,false,false,partial_2025_feature_source_approval,partial_availability_context_missing_games,"Display-only Outcome V2 probability context from approved partial 2025 feature source; games missing, sack_fumbles_lost missing, availability not clean health.",validated_position_fields_only; blocked_fields=RB_T6_WITHIN_5Y|RB_T12_WITHIN_5Y; next_year=2027 NFL season; within_5y=at least once from 2026 through 2030,Not enough information,Not enough information,Not enough information,Not enough information,Not enough information,Not enough information,Not enough information,Not enough information,Not enough information,Not enough information,Not enough information,Not enough information,Not enough information,Not enough information,Not enough information,Not enough information,Not enough information,Not enough information,Not enough information,Not enough information,Not enough information,Not enough information,Not enough information,Not enough information,Not enough information,Not enough information,Not enough information,Not enough information,14.1%,47.1%,13.6%,39.1%,51.8%,78.6%
12527,12527,00-0040122,Ashton Jeanty,RB,LV,out_of_scope_rookie_or_prospect,out_of_scope_rookie_or_prospect,out_of_scope_rookie_or_prospect,Not enough information,outcome_v2_current_player_display_20260630,2026-pre-draft,2026 NFL season,true,false,false,false,false,false,false,false,partial_2025_feature_source_approval,Not enough information,Not enough information: Normal Outcome V2 excludes rookies/prospects.,validated_position_fields_only; blocked_fields=RB_T6_WITHIN_5Y|RB_T12_WITHIN_5Y; next_year=2027 NFL season; within_5y=at least once from 2026 through 2030,Not enough information,Not enough information,Not enough information,Not enough information,Not enough information,Not enough information,Not enough information,Not enough information,Not enough information,Not enough information,Not enough information,Not enough information,Not enough information,Not enough information,Not enough information,Not enough information,Not enough information,Not enough information,Not enough information,Not enough information,Not enough information,Not enough information,Not enough information,Not enough information,Not enough information,Not enough information,Not enough information,Not enough information,Not enough information,Not enough information,Not enough information,Not enough information,Not enough information,Not enough information
2133,2133,00-0031381,Davante Adams,WR,LAR,eligible_veteran_feature_covered,matched_exact,feature_covered_2025_regular_season,partial_exact_first_down_scoring_missing_sack_fumbles_lost,outcome_v2_current_player_display_20260630,2026-pre-draft,2026 NFL season,true,false,false,false,false,false,false,false,partial_2025_feature_source_approval,partial_availability_context_missing_games,"Display-only Outcome V2 probability context from approved partial 2025 feature source; games missing, sack_fumbles_lost missing, availability not clean health.",validated_position_fields_only; blocked_fields=RB_T6_WITHIN_5Y|RB_T12_WITHIN_5Y; next_year=2027 NFL season; within_5y=at least once from 2026 through 2030,Not enough information,Not enough information,Not enough information,Not enough information,Not enough information,Not enough information,Not enough information,Not enough information,Not enough information,Not enough information,Not enough information,Not enough information,Not enough information,Not enough information,Not enough information,Not enough information,15.9%,43.4%,53.6%,58.1%,14.7%,40.6%,43.5%,49.4%,33.3%,73.5%,86.9%,94.5%,Not enough information,Not enough information,Not enough information,Not enough information,Not enough information,Not enough information
11620,11620,00-0039919,Rome Odunze,WR,CHI,eligible_veteran_feature_covered,matched_exact,feature_covered_2025_regular_season,partial_exact_first_down_scoring_missing_sack_fumbles_lost,outcome_v2_current_player_display_20260630,2026-pre-draft,2026 NFL season,true,false,false,false,false,false,false,false,partial_2025_feature_source_approval,partial_availability_context_missing_games,"Display-only Outcome V2 probability context from approved partial 2025 feature source; games missing, sack_fumbles_lost missing, availability not clean health.",validated_position_fields_only; blocked_fields=RB_T6_WITHIN_5Y|RB_T12_WITHIN_5Y; next_year=2027 NFL season; within_5y=at least once from 2026 through 2030,Not enough information,Not enough information,Not enough information,Not enough information,Not enough information,Not enough information,Not enough information,Not enough information,Not enough information,Not enough information,Not enough information,Not enough information,Not enough information,Not enough information,Not enough information,Not enough information,0.9%,1.2%,20.4%,22.9%,0.6%,1.6%,20.3%,23.5%,12.9%,18.5%,50.7%,70.2%,Not enough information,Not enough information,Not enough information,Not enough information,Not enough information,Not enough information
11560,11560,00-0039918,Caleb Williams,QB,CHI,eligible_veteran_feature_covered,matched_exact,feature_covered_2025_regular_season,partial_exact_first_down_scoring_missing_sack_fumbles_lost,outcome_v2_current_player_display_20260630,2026-pre-draft,2026 NFL season,true,false,false,false,false,false,false,false,partial_2025_feature_source_approval,partial_availability_context_missing_games,"Display-only Outcome V2 probability context from approved partial 2025 feature source; games missing, sack_fumbles_lost missing, availability not clean health.",validated_position_fields_only; blocked_fields=RB_T6_WITHIN_5Y|RB_T12_WITHIN_5Y; next_year=2027 NFL season; within_5y=at least once from 2026 through 2030,33.1%,56.6%,37.3%,53.3%,79.0%,86.0%,Not enough information,Not enough information,Not enough information,Not enough information,Not enough information,Not enough information,Not enough information,Not enough information,Not enough information,Not enough information,Not enough information,Not enough information,Not enough information,Not enough information,Not enough information,Not enough information,Not enough information,Not enough information,Not enough information,Not enough information,Not enough information,Not enough information,Not enough information,Not enough information,Not enough information,Not enough information,Not enough information,Not enough information
5927,5927,00-0035659,Terry McLaurin,WR,WAS,eligible_veteran_feature_covered,matched_exact,feature_covered_2025_regular_season,partial_exact_first_down_scoring_missing_sack_fumbles_lost,outcome_v2_current_player_display_20260630,2026-pre-draft,2026 NFL season,true,false,false,false,false,false,false,false,partial_2025_feature_source_approval,partial_availability_context_missing_games,"Display-only Outcome V2 probability context from approved partial 2025 feature source; games missing, sack_fumbles_lost missing, availability not clean health.",validated_position_fields_only; blocked_fields=RB_T6_WITHIN_5Y|RB_T12_WITHIN_5Y; next_year=2027 NFL season; within_5y=at least once from 2026 through 2030,Not enough information,Not enough information,Not enough information,Not enough information,Not enough information,Not enough information,Not enough information,Not enough information,Not enough information,Not enough information,Not enough information,Not enough information,Not enough information,Not enough information,Not enough information,Not enough information,0.9%,1.2%,10.5%,22.9%,0.6%,1.6%,11.5%,23.5%,12.9%,18.5%,54.5%,70.2%,Not enough information,Not enough information,Not enough information,Not enough information,Not enough information,Not enough information
6819,6819,00-0036252,Michael Pittman,WR,PIT,eligible_veteran_feature_covered,matched_exact,feature_covered_2025_regular_season,partial_exact_first_down_scoring_missing_sack_fumbles_lost,outcome_v2_current_player_display_20260630,2026-pre-draft,2026 NFL season,true,false,false,false,false,false,false,false,partial_2025_feature_source_approval,partial_availability_context_missing_games,"Display-only Outcome V2 probability context from approved partial 2025 feature source; games missing, sack_fumbles_lost missing, availability not clean health.",validated_position_fields_only; blocked_fields=RB_T6_WITHIN_5Y|RB_T12_WITHIN_5Y; next_year=2027 NFL season; within_5y=at least once from 2026 through 2030,Not enough information,Not enough information,Not enough information,Not enough information,Not enough information,Not enough information,Not enough information,Not enough information,Not enough information,Not enough information,Not enough information,Not enough information,Not enough information,Not enough information,Not enough information,Not enough information,0.9%,13.9%,20.4%,58.1%,0.6%,10.6%,20.3%,49.4%,12.9%,33.6%,50.7%,94.5%,Not enough information,Not enough information,Not enough information,Not enough information,Not enough information,Not enough information
5872,5872,00-0035719,Deebo Samuel,WR,,eligible_veteran_feature_covered,matched_exact,feature_covered_2025_regular_season,partial_exact_first_down_scoring_missing_sack_fumbles_lost,outcome_v2_current_player_display_20260630,2026-pre-draft,2026 NFL season,true,false,false,false,false,false,false,false,partial_2025_feature_source_approval,partial_availability_context_missing_games,"Display-only Outcome V2 probability context from approved partial 2025 feature source; games missing, sack_fumbles_lost missing, availability not clean health.",validated_position_fields_only; blocked_fields=RB_T6_WITHIN_5Y|RB_T12_WITHIN_5Y; next_year=2027 NFL season; within_5y=at least once from 2026 through 2030,Not enough information,Not enough information,Not enough information,Not enough information,Not enough information,Not enough information,Not enough information,Not enough information,Not enough information,Not enough information,Not enough information,Not enough information,Not enough information,Not enough information,Not enough information,Not enough information,0.9%,13.9%,20.4%,58.1%,0.6%,10.6%,20.3%,49.4%,12.9%,33.6%,50.7%,94.5%,Not enough information,Not enough information,Not enough information,Not enough information,Not enough information,Not enough information
6797,6797,00-0036355,Justin Herbert,QB,LAC,eligible_veteran_feature_covered,matched_exact,feature_covered_2025_regular_season,partial_exact_first_down_scoring_missing_sack_fumbles_lost,outcome_v2_current_player_display_20260630,2026-pre-draft,2026 NFL season,true,false,false,false,false,false,false,false,partial_2025_feature_source_approval,partial_availability_context_missing_games,"Display-only Outcome V2 probability context from approved partial 2025 feature source; games missing, sack_fumbles_lost missing, availability not clean health.",validated_position_fields_only; blocked_fields=RB_T6_WITHIN_5Y|RB_T12_WITHIN_5Y; next_year=2027 NFL season; within_5y=at least once from 2026 through 2030,30.0%,56.6%,18.4%,53.3%,56.9%,86.0%,Not enough information,Not enough information,Not enough information,Not enough information,Not enough information,Not enough information,Not enough information,Not enough information,Not enough information,Not enough information,Not enough information,Not enough information,Not enough information,Not enough information,Not enough information,Not enough information,Not enough information,Not enough information,Not enough information,Not enough information,Not enough information,Not enough information,Not enough information,Not enough information,Not enough information,Not enough information,Not enough information,Not enough information
11635,11635,00-0039915,Ladd McConkey,WR,LAC,eligible_veteran_feature_covered,matched_exact,feature_covered_2025_regular_season,partial_exact_first_down_scoring_missing_sack_fumbles_lost,outcome_v2_current_player_display_20260630,2026-pre-draft,2026 NFL season,true,false,false,false,false,false,false,false,partial_2025_feature_source_approval,partial_availability_context_missing_games,"Display-only Outcome V2 probability context from approved partial 2025 feature source; games missing, sack_fumbles_lost missing, availability not clean health.",validated_position_fields_only; blocked_fields=RB_T6_WITHIN_5Y|RB_T12_WITHIN_5Y; next_year=2027 NFL season; within_5y=at least once from 2026 through 2030,Not enough information,Not enough information,Not enough information,Not enough information,Not enough information,Not enough information,Not enough information,Not enough information,Not enough information,Not enough information,Not enough information,Not enough information,Not enough information,Not enough information,Not enough information,Not enough information,0.9%,13.9%,20.4%,58.1%,0.6%,10.6%,20.3%,49.4%,12.9%,33.6%,50.7%,94.5%,Not enough information,Not enough information,Not enough information,Not enough information,Not enough information,Not enough information
7021,7021,00-0036139,Rico Dowdle,RB,PIT,eligible_veteran_feature_covered,matched_exact,feature_covered_2025_regular_season,partial_exact_first_down_scoring_missing_sack_fumbles_lost,outcome_v2_current_player_display_20260630,2026-pre-draft,2026 NFL season,true,false,false,false,false,false,false,false,partial_2025_feature_source_approval,partial_availability_context_missing_games,"Display-only Outcome V2 probability context from approved partial 2025 feature source; games missing, sack_fumbles_lost missing, availability not clean health.",validated_position_fields_only; blocked_fields=RB_T6_WITHIN_5Y|RB_T12_WITHIN_5Y; next_year=2027 NFL season; within_5y=at least once from 2026 through 2030,Not enough information,Not enough information,Not enough information,Not enough information,Not enough information,Not enough information,16.0%,20.8%,50.6%,56.1%,7.8%,16.3%,41.1%,46.6%,81.7%,89.2%,Not enough information,Not enough information,Not enough information,Not enough information,Not enough information,Not enough information,Not enough information,Not enough information,Not enough information,Not enough information,Not enough information,Not enough information,Not enough information,Not enough information,Not enough information,Not enough information,Not enough information,Not enough information
8167,8167,00-0038124,Christian Watson,WR,GB,eligible_veteran_feature_covered,matched_exact,feature_covered_2025_regular_season,partial_exact_first_down_scoring_missing_sack_fumbles_lost,outcome_v2_current_player_display_20260630,2026-pre-draft,2026 NFL season,true,false,false,false,false,false,false,false,partial_2025_feature_source_approval,partial_availability_context_missing_games,"Display-only Outcome V2 probability context from approved partial 2025 feature source; games missing, sack_fumbles_lost missing, availability not clean health.",validated_position_fields_only; blocked_fields=RB_T6_WITHIN_5Y|RB_T12_WITHIN_5Y; next_year=2027 NFL season; within_5y=at least once from 2026 through 2030,Not enough information,Not enough information,Not enough information,Not enough information,Not enough information,Not enough information,Not enough information,Not enough information,Not enough information,Not enough information,Not enough information,Not enough information,Not enough information,Not enough information,Not enough information,Not enough information,0.9%,1.2%,20.4%,22.9%,0.6%,1.6%,20.3%,23.5%,12.9%,18.5%,50.7%,70.2%,Not enough information,Not enough information,Not enough information,Not enough information,Not enough information,Not enough information
11632,11632,00-0039337,Malik Nabers,WR,NYG,eligible_veteran_feature_covered,matched_exact,feature_covered_2025_regular_season,partial_exact_first_down_scoring_missing_sack_fumbles_lost,outcome_v2_current_player_display_20260630,2026-pre-draft,2026 NFL season,true,false,false,false,false,false,false,false,partial_2025_feature_source_approval,partial_availability_context_missing_games,"Display-only Outcome V2 probability context from approved partial 2025 feature source; games missing, sack_fumbles_lost missing, availability not clean health.",validated_position_fields_only; blocked_fields=RB_T6_WITHIN_5Y|RB_T12_WITHIN_5Y; next_year=2027 NFL season; within_5y=at least once from 2026 through 2030,Not enough information,Not enough information,Not enough information,Not enough information,Not enough information,Not enough information,Not enough information,Not enough information,Not enough information,Not enough information,Not enough information,Not enough information,Not enough information,Not enough information,Not enough information,Not enough information,0.9%,1.2%,2.2%,2.4%,0.6%,1.6%,1.8%,2.6%,12.9%,18.5%,22.1%,30.6%,Not enough information,Not enough information,Not enough information,Not enough information,Not enough information,Not enough information
12518,12518,00-0040128,Tyler Warren,TE,IND,out_of_scope_rookie_or_prospect,out_of_scope_rookie_or_prospect,out_of_scope_rookie_or_prospect,Not enough information,outcome_v2_current_player_display_20260630,2026-pre-draft,2026 NFL season,true,false,false,false,false,false,false,false,partial_2025_feature_source_approval,Not enough information,Not enough information: Normal Outcome V2 excludes rookies/prospects.,validated_position_fields_only; blocked_fields=RB_T6_WITHIN_5Y|RB_T12_WITHIN_5Y; next_year=2027 NFL season; within_5y=at least once from 2026 through 2030,Not enough information,Not enough information,Not enough information,Not enough information,Not enough information,Not enough information,Not enough information,Not enough information,Not enough information,Not enough information,Not enough information,Not enough information,Not enough information,Not enough information,Not enough information,Not enough information,Not enough information,Not enough information,Not enough information,Not enough information,Not enough information,Not enough information,Not enough information,Not enough information,Not enough information,Not enough information,Not enough information,Not enough information,Not enough information,Not enough information,Not enough information,Not enough information,Not enough information,Not enough information
12506,12506,00-0040663,Harold Fannin,TE,CLE,out_of_scope_rookie_or_prospect,out_of_scope_rookie_or_prospect,out_of_scope_rookie_or_prospect,Not enough information,outcome_v2_current_player_display_20260630,2026-pre-draft,2026 NFL season,true,false,false,false,false,false,false,false,partial_2025_feature_source_approval,Not enough information,Not enough information: Normal Outcome V2 excludes rookies/prospects.,validated_position_fields_only; blocked_fields=RB_T6_WITHIN_5Y|RB_T12_WITHIN_5Y; next_year=2027 NFL season; within_5y=at least once from 2026 through 2030,Not enough information,Not enough information,Not enough information,Not enough information,Not enough information,Not enough information,Not enough information,Not enough information,Not enough information,Not enough information,Not enough information,Not enough information,Not enough information,Not enough information,Not enough information,Not enough information,Not enough information,Not enough information,Not enough information,Not enough information,Not enough information,Not enough information,Not enough information,Not enough information,Not enough information,Not enough information,Not enough information,Not enough information,Not enough information,Not enough information,Not enough information,Not enough information,Not enough information,Not enough information
2449,2449,00-0031588,Stefon Diggs,WR,,eligible_veteran_feature_covered,matched_exact,feature_covered_2025_regular_season,partial_exact_first_down_scoring_missing_sack_fumbles_lost,outcome_v2_current_player_display_20260630,2026-pre-draft,2026 NFL season,true,false,false,false,false,false,false,false,partial_2025_feature_source_approval,partial_availability_context_missing_games,"Display-only Outcome V2 probability context from approved partial 2025 feature source; games missing, sack_fumbles_lost missing, availability not clean health.",validated_position_fields_only; blocked_fields=RB_T6_WITHIN_5Y|RB_T12_WITHIN_5Y; next_year=2027 NFL season; within_5y=at least once from 2026 through 2030,Not enough information,Not enough information,Not enough information,Not enough information,Not enough information,Not enough information,Not enough information,Not enough information,Not enough information,Not enough information,Not enough information,Not enough information,Not enough information,Not enough information,Not enough information,Not enough information,0.9%,20.8%,53.6%,58.1%,0.6%,12.3%,43.5%,49.4%,12.9%,57.6%,86.9%,94.5%,Not enough information,Not enough information,Not enough information,Not enough information,Not enough information,Not enough information
11563,11563,00-0039732,Bo Nix,QB,DEN,eligible_veteran_feature_covered,matched_exact,feature_covered_2025_regular_season,partial_exact_first_down_scoring_missing_sack_fumbles_lost,outcome_v2_current_player_display_20260630,2026-pre-draft,2026 NFL season,true,false,false,false,false,false,false,false,partial_2025_feature_source_approval,partial_availability_context_missing_games,"Display-only Outcome V2 probability context from approved partial 2025 feature source; games missing, sack_fumbles_lost missing, availability not clean health.",validated_position_fields_only; blocked_fields=RB_T6_WITHIN_5Y|RB_T12_WITHIN_5Y; next_year=2027 NFL season; within_5y=at least once from 2026 through 2030,30.0%,56.6%,18.4%,53.3%,56.9%,86.0%,Not enough information,Not enough information,Not enough information,Not enough information,Not enough information,Not enough information,Not enough information,Not enough information,Not enough information,Not enough information,Not enough information,Not enough information,Not enough information,Not enough information,Not enough information,Not enough information,Not enough information,Not enough information,Not enough information,Not enough information,Not enough information,Not enough information,Not enough information,Not enough information,Not enough information,Not enough information,Not enough information,Not enough information
8146,8146,00-0037740,Garrett Wilson,WR,NYJ,eligible_veteran_feature_covered,matched_exact,feature_covered_2025_regular_season,partial_exact_first_down_scoring_missing_sack_fumbles_lost,outcome_v2_current_player_display_20260630,2026-pre-draft,2026 NFL season,true,false,false,false,false,false,false,false,partial_2025_feature_source_approval,partial_availability_context_missing_games,"Display-only Outcome V2 probability context from approved partial 2025 feature source; games missing, sack_fumbles_lost missing, availability not clean health.",validated_position_fields_only; blocked_fields=RB_T6_WITHIN_5Y|RB_T12_WITHIN_5Y; next_year=2027 NFL season; within_5y=at least once from 2026 through 2030,Not enough information,Not enough information,Not enough information,Not enough information,Not enough information,Not enough information,Not enough information,Not enough information,Not enough information,Not enough information,Not enough information,Not enough information,Not enough information,Not enough information,Not enough information,Not enough information,0.9%,1.2%,2.2%,8.7%,0.6%,1.6%,1.8%,9.4%,12.9%,18.5%,22.1%,45.1%,Not enough information,Not enough information,Not enough information,Not enough information,Not enough information,Not enough information
6904,6904,00-0036389,Jalen Hurts,QB,PHI,eligible_veteran_feature_covered,matched_exact,feature_covered_2025_regular_season,partial_exact_first_down_scoring_missing_sack_fumbles_lost,outcome_v2_current_player_display_20260630,2026-pre-draft,2026 NFL season,true,false,false,false,false,false,false,false,partial_2025_feature_source_approval,partial_availability_context_missing_games,"Display-only Outcome V2 probability context from approved partial 2025 feature source; games missing, sack_fumbles_lost missing, availability not clean health.",validated_position_fields_only; blocked_fields=RB_T6_WITHIN_5Y|RB_T12_WITHIN_5Y; next_year=2027 NFL season; within_5y=at least once from 2026 through 2030,30.0%,56.6%,18.4%,53.3%,56.9%,86.0%,Not enough information,Not enough information,Not enough information,Not enough information,Not enough information,Not enough information,Not enough information,Not enough information,Not enough information,Not enough information,Not enough information,Not enough information,Not enough information,Not enough information,Not enough information,Not enough information,Not enough information,Not enough information,Not enough information,Not enough information,Not enough information,Not enough information,Not enough information,Not enough information,Not enough information,Not enough information,Not enough information,Not enough information
5947,5947,00-0034960,Jakobi Meyers,WR,JAX,eligible_veteran_feature_covered,matched_exact,feature_covered_2025_regular_season,partial_exact_first_down_scoring_missing_sack_fumbles_lost,outcome_v2_current_player_display_20260630,2026-pre-draft,2026 NFL season,true,false,false,false,false,false,false,false,partial_2025_feature_source_approval,partial_availability_context_missing_games,"Display-only Outcome V2 probability context from approved partial 2025 feature source; games missing, sack_fumbles_lost missing, availability not clean health.",validated_position_fields_only; blocked_fields=RB_T6_WITHIN_5Y|RB_T12_WITHIN_5Y; next_year=2027 NFL season; within_5y=at least once from 2026 through 2030,Not enough information,Not enough information,Not enough information,Not enough information,Not enough information,Not enough information,Not enough information,Not enough information,Not enough information,Not enough information,Not enough information,Not enough information,Not enough information,Not enough information,Not enough information,Not enough information,0.9%,1.2%,20.4%,22.9%,0.6%,1.6%,20.3%,23.5%,12.9%,18.5%,50.7%,70.2%,Not enough information,Not enough information,Not enough information,Not enough information,Not enough information,Not enough information
3198,3198,00-0032764,Derrick Henry,RB,BAL,eligible_veteran_feature_covered,matched_exact,feature_covered_2025_regular_season,partial_exact_first_down_scoring_missing_sack_fumbles_lost,outcome_v2_current_player_display_20260630,2026-pre-draft,2026 NFL season,true,false,false,false,false,false,false,false,partial_2025_feature_source_approval,partial_availability_context_missing_games,"Display-only Outcome V2 probability context from approved partial 2025 feature source; games missing, sack_fumbles_lost missing, availability not clean health.",validated_position_fields_only; blocked_fields=RB_T6_WITHIN_5Y|RB_T12_WITHIN_5Y; next_year=2027 NFL season; within_5y=at least once from 2026 through 2030,Not enough information,Not enough information,Not enough information,Not enough information,Not enough information,Not enough information,25.4%,35.9%,50.6%,56.1%,17.4%,28.5%,41.1%,46.6%,81.7%,89.2%,Not enough information,Not enough information,Not enough information,Not enough information,Not enough information,Not enough information,Not enough information,Not enough information,Not enough information,Not enough information,Not enough information,Not enough information,Not enough information,Not enough information,Not enough information,Not enough information,Not enough information,Not enough information
9756,9756,00-0038994,Jordan Addison,WR,MIN,eligible_veteran_feature_covered,matched_exact,feature_covered_2025_regular_season,partial_exact_first_down_scoring_missing_sack_fumbles_lost,outcome_v2_current_player_display_20260630,2026-pre-draft,2026 NFL season,true,false,false,false,false,false,false,false,partial_2025_feature_source_approval,partial_availability_context_missing_games,"Display-only Outcome V2 probability context from approved partial 2025 feature source; games missing, sack_fumbles_lost missing, availability not clean health.",validated_position_fields_only; blocked_fields=RB_T6_WITHIN_5Y|RB_T12_WITHIN_5Y; next_year=2027 NFL season; within_5y=at least once from 2026 through 2030,Not enough information,Not enough information,Not enough information,Not enough information,Not enough information,Not enough information,Not enough information,Not enough information,Not enough information,Not enough information,Not enough information,Not enough information,Not enough information,Not enough information,Not enough information,Not enough information,0.9%,1.2%,20.4%,22.9%,0.6%,1.6%,20.3%,23.5%,12.9%,18.5%,50.7%,70.2%,Not enough information,Not enough information,Not enough information,Not enough information,Not enough information,Not enough information
9754,9754,00-0038544,Quentin Johnston,WR,LAC,eligible_veteran_feature_covered,matched_exact,feature_covered_2025_regular_season,partial_exact_first_down_scoring_missing_sack_fumbles_lost,outcome_v2_current_player_display_20260630,2026-pre-draft,2026 NFL season,true,false,false,false,false,false,false,false,partial_2025_feature_source_approval,partial_availability_context_missing_games,"Display-only Outcome V2 probability context from approved partial 2025 feature source; games missing, sack_fumbles_lost missing, availability not clean health.",validated_position_fields_only; blocked_fields=RB_T6_WITHIN_5Y|RB_T12_WITHIN_5Y; next_year=2027 NFL season; within_5y=at least once from 2026 through 2030,Not enough information,Not enough information,Not enough information,Not enough information,Not enough information,Not enough information,Not enough information,Not enough information,Not enough information,Not enough information,Not enough information,Not enough information,Not enough information,Not enough information,Not enough information,Not enough information,0.9%,13.9%,20.4%,58.1%,0.6%,10.6%,20.3%,49.4%,12.9%,33.6%,50.7%,94.5%,Not enough information,Not enough information,Not enough information,Not enough information,Not enough information,Not enough information
11627,11627,00-0039868,Troy Franklin,WR,DEN,eligible_veteran_feature_covered,matched_exact,feature_covered_2025_regular_season,partial_exact_first_down_scoring_missing_sack_fumbles_lost,outcome_v2_current_player_display_20260630,2026-pre-draft,2026 NFL season,true,false,false,false,false,false,false,false,partial_2025_feature_source_approval,partial_availability_context_missing_games,"Display-only Outcome V2 probability context from approved partial 2025 feature source; games missing, sack_fumbles_lost missing, availability not clean health.",validated_position_fields_only; blocked_fields=RB_T6_WITHIN_5Y|RB_T12_WITHIN_5Y; next_year=2027 NFL season; within_5y=at least once from 2026 through 2030,Not enough information,Not enough information,Not enough information,Not enough information,Not enough information,Not enough information,Not enough information,Not enough information,Not enough information,Not enough information,Not enough information,Not enough information,Not enough information,Not enough information,Not enough information,Not enough information,0.9%,1.2%,20.4%,22.9%,0.6%,1.6%,20.3%,23.5%,12.9%,18.5%,50.7%,70.2%,Not enough information,Not enough information,Not enough information,Not enough information,Not enough information,Not enough information
3294,3294,00-0033077,Dak Prescott,QB,DAL,eligible_veteran_feature_covered,matched_exact,feature_covered_2025_regular_season,partial_exact_first_down_scoring_missing_sack_fumbles_lost,outcome_v2_current_player_display_20260630,2026-pre-draft,2026 NFL season,true,false,false,false,false,false,false,false,partial_2025_feature_source_approval,partial_availability_context_missing_games,"Display-only Outcome V2 probability context from approved partial 2025 feature source; games missing, sack_fumbles_lost missing, availability not clean health.",validated_position_fields_only; blocked_fields=RB_T6_WITHIN_5Y|RB_T12_WITHIN_5Y; next_year=2027 NFL season; within_5y=at least once from 2026 through 2030,33.1%,56.6%,37.3%,53.3%,79.0%,86.0%,Not enough information,Not enough information,Not enough information,Not enough information,Not enough information,Not enough information,Not enough information,Not enough information,Not enough information,Not enough information,Not enough information,Not enough information,Not enough information,Not enough information,Not enough information,Not enough information,Not enough information,Not enough information,Not enough information,Not enough information,Not enough information,Not enough information,Not enough information,Not enough information,Not enough information,Not enough information,Not enough information,Not enough information
6783,6783,00-0036407,Jerry Jeudy,WR,CLE,eligible_veteran_feature_covered,matched_exact,feature_covered_2025_regular_season,partial_exact_first_down_scoring_missing_sack_fumbles_lost,outcome_v2_current_player_display_20260630,2026-pre-draft,2026 NFL season,true,false,false,false,false,false,false,false,partial_2025_feature_source_approval,partial_availability_context_missing_games,"Display-only Outcome V2 probability context from approved partial 2025 feature source; games missing, sack_fumbles_lost missing, availability not clean health.",validated_position_fields_only; blocked_fields=RB_T6_WITHIN_5Y|RB_T12_WITHIN_5Y; next_year=2027 NFL season; within_5y=at least once from 2026 through 2030,Not enough information,Not enough information,Not enough information,Not enough information,Not enough information,Not enough information,Not enough information,Not enough information,Not enough information,Not enough information,Not enough information,Not enough information,Not enough information,Not enough information,Not enough information,Not enough information,0.9%,1.2%,10.5%,22.9%,0.6%,1.6%,11.5%,23.5%,12.9%,18.5%,54.5%,70.2%,Not enough information,Not enough information,Not enough information,Not enough information,Not enough information,Not enough information
8134,8134,00-0037261,Khalil Shakir,WR,BUF,eligible_veteran_feature_covered,matched_exact,feature_covered_2025_regular_season,partial_exact_first_down_scoring_missing_sack_fumbles_lost,outcome_v2_current_player_display_20260630,2026-pre-draft,2026 NFL season,true,false,false,false,false,false,false,false,partial_2025_feature_source_approval,partial_availability_context_missing_games,"Display-only Outcome V2 probability context from approved partial 2025 feature source; games missing, sack_fumbles_lost missing, availability not clean health.",validated_position_fields_only; blocked_fields=RB_T6_WITHIN_5Y|RB_T12_WITHIN_5Y; next_year=2027 NFL season; within_5y=at least once from 2026 through 2030,Not enough information,Not enough information,Not enough information,Not enough information,Not enough information,Not enough information,Not enough information,Not enough information,Not enough information,Not enough information,Not enough information,Not enough information,Not enough information,Not enough information,Not enough information,Not enough information,0.9%,1.2%,20.4%,22.9%,0.6%,1.6%,20.3%,23.5%,12.9%,18.5%,50.7%,70.2%,Not enough information,Not enough information,Not enough information,Not enough information,Not enough information,Not enough information
8151,8151,00-0038134,Kenneth Walker,RB,KC,eligible_veteran_feature_covered,matched_exact,feature_covered_2025_regular_season,partial_exact_first_down_scoring_missing_sack_fumbles_lost,outcome_v2_current_player_display_20260630,2026-pre-draft,2026 NFL season,true,false,false,false,false,false,false,false,partial_2025_feature_source_approval,partial_availability_context_missing_games,"Display-only Outcome V2 probability context from approved partial 2025 feature source; games missing, sack_fumbles_lost missing, availability not clean health.",validated_position_fields_only; blocked_fields=RB_T6_WITHIN_5Y|RB_T12_WITHIN_5Y; next_year=2027 NFL season; within_5y=at least once from 2026 through 2030,Not enough information,Not enough information,Not enough information,Not enough information,Not enough information,Not enough information,1.9%,20.8%,50.6%,56.1%,3.0%,16.3%,41.1%,46.6%,81.7%,89.2%,Not enough information,Not enough information,Not enough information,Not enough information,Not enough information,Not enough information,Not enough information,Not enough information,Not enough information,Not enough information,Not enough information,Not enough information,Not enough information,Not enough information,Not enough information,Not enough information,Not enough information,Not enough information
3214,3214,00-0033090,Hunter Henry,TE,NE,eligible_veteran_feature_covered,matched_exact,feature_covered_2025_regular_season,partial_exact_first_down_scoring_missing_sack_fumbles_lost,outcome_v2_current_player_display_20260630,2026-pre-draft,2026 NFL season,true,false,false,false,false,false,false,false,partial_2025_feature_source_approval,partial_availability_context_missing_games,"Display-only Outcome V2 probability context from approved partial 2025 feature source; games missing, sack_fumbles_lost missing, availability not clean health.",validated_position_fields_only; blocked_fields=RB_T6_WITHIN_5Y|RB_T12_WITHIN_5Y; next_year=2027 NFL season; within_5y=at least once from 2026 through 2030,Not enough information,Not enough information,Not enough information,Not enough information,Not enough information,Not enough information,Not enough information,Not enough information,Not enough information,Not enough information,Not enough information,Not enough information,Not enough information,Not enough information,Not enough information,Not enough information,Not enough information,Not enough information,Not enough information,Not enough information,Not enough information,Not enough information,Not enough information,Not enough information,Not enough information,Not enough information,Not enough information,Not enough information,42.7%,47.1%,35.2%,39.1%,74.4%,78.6%
11628,11628,00-0039849,Marvin Harrison,WR,ARI,eligible_veteran_feature_covered,matched_exact,feature_covered_2025_regular_season,partial_exact_first_down_scoring_missing_sack_fumbles_lost,outcome_v2_current_player_display_20260630,2026-pre-draft,2026 NFL season,true,false,false,false,false,false,false,false,partial_2025_feature_source_approval,partial_availability_context_missing_games,"Display-only Outcome V2 probability context from approved partial 2025 feature source; games missing, sack_fumbles_lost missing, availability not clean health.",validated_position_fields_only; blocked_fields=RB_T6_WITHIN_5Y|RB_T12_WITHIN_5Y; next_year=2027 NFL season; within_5y=at least once from 2026 through 2030,Not enough information,Not enough information,Not enough information,Not enough information,Not enough information,Not enough information,Not enough information,Not enough information,Not enough information,Not enough information,Not enough information,Not enough information,Not enough information,Not enough information,Not enough information,Not enough information,0.9%,1.2%,10.5%,22.9%,0.6%,1.6%,11.5%,23.5%,12.9%,18.5%,54.5%,70.2%,Not enough information,Not enough information,Not enough information,Not enough information,Not enough information,Not enough information
5967,5967,00-0035261,Tony Pollard,RB,TEN,eligible_veteran_feature_covered,matched_exact,feature_covered_2025_regular_season,partial_exact_first_down_scoring_missing_sack_fumbles_lost,outcome_v2_current_player_display_20260630,2026-pre-draft,2026 NFL season,true,false,false,false,false,false,false,false,partial_2025_feature_source_approval,partial_availability_context_missing_games,"Display-only Outcome V2 probability context from approved partial 2025 feature source; games missing, sack_fumbles_lost missing, availability not clean health.",validated_position_fields_only; blocked_fields=RB_T6_WITHIN_5Y|RB_T12_WITHIN_5Y; next_year=2027 NFL season; within_5y=at least once from 2026 through 2030,Not enough information,Not enough information,Not enough information,Not enough information,Not enough information,Not enough information,1.9%,20.8%,50.6%,56.1%,3.0%,16.3%,41.1%,46.6%,81.7%,89.2%,Not enough information,Not enough information,Not enough information,Not enough information,Not enough information,Not enough information,Not enough information,Not enough information,Not enough information,Not enough information,Not enough information,Not enough information,Not enough information,Not enough information,Not enough information,Not enough information,Not enough information,Not enough information
5001,5001,00-0034383,Dalton Schultz,TE,HOU,eligible_veteran_feature_covered,matched_exact,feature_covered_2025_regular_season,partial_exact_first_down_scoring_missing_sack_fumbles_lost,outcome_v2_current_player_display_20260630,2026-pre-draft,2026 NFL season,true,false,false,false,false,false,false,false,partial_2025_feature_source_approval,partial_availability_context_missing_games,"Display-only Outcome V2 probability context from approved partial 2025 feature source; games missing, sack_fumbles_lost missing, availability not clean health.",validated_position_fields_only; blocked_fields=RB_T6_WITHIN_5Y|RB_T12_WITHIN_5Y; next_year=2027 NFL season; within_5y=at least once from 2026 through 2030,Not enough information,Not enough information,Not enough information,Not enough information,Not enough information,Not enough information,Not enough information,Not enough information,Not enough information,Not enough information,Not enough information,Not enough information,Not enough information,Not enough information,Not enough information,Not enough information,Not enough information,Not enough information,Not enough information,Not enough information,Not enough information,Not enough information,Not enough information,Not enough information,Not enough information,Not enough information,Not enough information,Not enough information,14.1%,47.1%,13.6%,39.1%,51.8%,78.6%
4981,4981,00-0034837,Calvin Ridley,WR,TEN,eligible_veteran_feature_covered,matched_exact,feature_covered_2025_regular_season,partial_exact_first_down_scoring_missing_sack_fumbles_lost,outcome_v2_current_player_display_20260630,2026-pre-draft,2026 NFL season,true,false,false,false,false,false,false,false,partial_2025_feature_source_approval,partial_availability_context_missing_games,"Display-only Outcome V2 probability context from approved partial 2025 feature source; games missing, sack_fumbles_lost missing, availability not clean health.",validated_position_fields_only; blocked_fields=RB_T6_WITHIN_5Y|RB_T12_WITHIN_5Y; next_year=2027 NFL season; within_5y=at least once from 2026 through 2030,Not enough information,Not enough information,Not enough information,Not enough information,Not enough information,Not enough information,Not enough information,Not enough information,Not enough information,Not enough information,Not enough information,Not enough information,Not enough information,Not enough information,Not enough information,Not enough information,0.9%,1.2%,2.2%,2.4%,0.6%,1.6%,1.8%,2.6%,12.9%,18.5%,22.1%,30.6%,Not enough information,Not enough information,Not enough information,Not enough information,Not enough information,Not enough information
10229,10229,00-0039067,Rashee Rice,WR,KC,eligible_veteran_feature_covered,matched_exact,feature_covered_2025_regular_season,partial_exact_first_down_scoring_missing_sack_fumbles_lost,outcome_v2_current_player_display_20260630,2026-pre-draft,2026 NFL season,true,false,false,false,false,false,false,false,partial_2025_feature_source_approval,partial_availability_context_missing_games,"Display-only Outcome V2 probability context from approved partial 2025 feature source; games missing, sack_fumbles_lost missing, availability not clean health.",validated_position_fields_only; blocked_fields=RB_T6_WITHIN_5Y|RB_T12_WITHIN_5Y; next_year=2027 NFL season; within_5y=at least once from 2026 through 2030,Not enough information,Not enough information,Not enough information,Not enough information,Not enough information,Not enough information,Not enough information,Not enough information,Not enough information,Not enough information,Not enough information,Not enough information,Not enough information,Not enough information,Not enough information,Not enough information,0.9%,1.2%,20.4%,22.9%,0.6%,1.6%,20.3%,23.5%,12.9%,18.5%,50.7%,70.2%,Not enough information,Not enough information,Not enough information,Not enough information,Not enough information,Not enough information
7567,7567,00-0036919,Kenneth Gainwell,RB,TB,eligible_veteran_feature_covered,matched_exact,feature_covered_2025_regular_season,partial_exact_first_down_scoring_missing_sack_fumbles_lost,outcome_v2_current_player_display_20260630,2026-pre-draft,2026 NFL season,true,false,false,false,false,false,false,false,partial_2025_feature_source_approval,partial_availability_context_missing_games,"Display-only Outcome V2 probability context from approved partial 2025 feature source; games missing, sack_fumbles_lost missing, availability not clean health.",validated_position_fields_only; blocked_fields=RB_T6_WITHIN_5Y|RB_T12_WITHIN_5Y; next_year=2027 NFL season; within_5y=at least once from 2026 through 2030,Not enough information,Not enough information,Not enough information,Not enough information,Not enough information,Not enough information,1.9%,20.8%,50.6%,56.1%,3.0%,16.3%,41.1%,46.6%,81.7%,89.2%,Not enough information,Not enough information,Not enough information,Not enough information,Not enough information,Not enough information,Not enough information,Not enough information,Not enough information,Not enough information,Not enough information,Not enough information,Not enough information,Not enough information,Not enough information,Not enough information,Not enough information,Not enough information
9500,9500,00-0038997,Josh Downs,WR,IND,eligible_veteran_feature_covered,matched_exact,feature_covered_2025_regular_season,partial_exact_first_down_scoring_missing_sack_fumbles_lost,outcome_v2_current_player_display_20260630,2026-pre-draft,2026 NFL season,true,false,false,false,false,false,false,false,partial_2025_feature_source_approval,partial_availability_context_missing_games,"Display-only Outcome V2 probability context from approved partial 2025 feature source; games missing, sack_fumbles_lost missing, availability not clean health.",validated_position_fields_only; blocked_fields=RB_T6_WITHIN_5Y|RB_T12_WITHIN_5Y; next_year=2027 NFL season; within_5y=at least once from 2026 through 2030,Not enough information,Not enough information,Not enough information,Not enough information,Not enough information,Not enough information,Not enough information,Not enough information,Not enough information,Not enough information,Not enough information,Not enough information,Not enough information,Not enough information,Not enough information,Not enough information,0.9%,1.2%,10.5%,22.9%,0.6%,1.6%,11.5%,23.5%,12.9%,18.5%,54.5%,70.2%,Not enough information,Not enough information,Not enough information,Not enough information,Not enough information,Not enough information
11631,11631,00-0039893,Brian Thomas,WR,JAX,eligible_veteran_feature_covered,matched_exact,feature_covered_2025_regular_season,partial_exact_first_down_scoring_missing_sack_fumbles_lost,outcome_v2_current_player_display_20260630,2026-pre-draft,2026 NFL season,true,false,false,false,false,false,false,false,partial_2025_feature_source_approval,partial_availability_context_missing_games,"Display-only Outcome V2 probability context from approved partial 2025 feature source; games missing, sack_fumbles_lost missing, availability not clean health.",validated_position_fields_only; blocked_fields=RB_T6_WITHIN_5Y|RB_T12_WITHIN_5Y; next_year=2027 NFL season; within_5y=at least once from 2026 through 2030,Not enough information,Not enough information,Not enough information,Not enough information,Not enough information,Not enough information,Not enough information,Not enough information,Not enough information,Not enough information,Not enough information,Not enough information,Not enough information,Not enough information,Not enough information,Not enough information,0.9%,1.2%,20.4%,22.9%,0.6%,1.6%,20.3%,23.5%,12.9%,18.5%,50.7%,70.2%,Not enough information,Not enough information,Not enough information,Not enough information,Not enough information,Not enough information
12512,12512,00-0040784,Quinshon Judkins,RB,CLE,out_of_scope_rookie_or_prospect,out_of_scope_rookie_or_prospect,out_of_scope_rookie_or_prospect,Not enough information,outcome_v2_current_player_display_20260630,2026-pre-draft,2026 NFL season,true,false,false,false,false,false,false,false,partial_2025_feature_source_approval,Not enough information,Not enough information: Normal Outcome V2 excludes rookies/prospects.,validated_position_fields_only; blocked_fields=RB_T6_WITHIN_5Y|RB_T12_WITHIN_5Y; next_year=2027 NFL season; within_5y=at least once from 2026 through 2030,Not enough information,Not enough information,Not enough information,Not enough information,Not enough information,Not enough information,Not enough information,Not enough information,Not enough information,Not enough information,Not enough information,Not enough information,Not enough information,Not enough information,Not enough information,Not enough information,Not enough information,Not enough information,Not enough information,Not enough information,Not enough information,Not enough information,Not enough information,Not enough information,Not enough information,Not enough information,Not enough information,Not enough information,Not enough information,Not enough information,Not enough information,Not enough information,Not enough information,Not enough information
4046,4046,00-0033873,Patrick Mahomes,QB,KC,eligible_veteran_feature_covered,matched_exact,feature_covered_2025_regular_season,partial_exact_first_down_scoring_missing_sack_fumbles_lost,outcome_v2_current_player_display_20260630,2026-pre-draft,2026 NFL season,true,false,false,false,false,false,false,false,partial_2025_feature_source_approval,partial_availability_context_missing_games,"Display-only Outcome V2 probability context from approved partial 2025 feature source; games missing, sack_fumbles_lost missing, availability not clean health.",validated_position_fields_only; blocked_fields=RB_T6_WITHIN_5Y|RB_T12_WITHIN_5Y; next_year=2027 NFL season; within_5y=at least once from 2026 through 2030,30.0%,56.6%,18.4%,53.3%,56.9%,86.0%,Not enough information,Not enough information,Not enough information,Not enough information,Not enough information,Not enough information,Not enough information,Not enough information,Not enough information,Not enough information,Not enough information,Not enough information,Not enough information,Not enough information,Not enough information,Not enough information,Not enough information,Not enough information,Not enough information,Not enough information,Not enough information,Not enough information,Not enough information,Not enough information,Not enough information,Not enough information,Not enough information,Not enough information
6803,6803,00-0036261,Brandon Aiyuk,WR,SF,missing_current_feature_coverage,matched_exact,missing_2025_feature_row,Not enough information,outcome_v2_current_player_display_20260630,2026-pre-draft,2026 NFL season,true,false,false,false,false,false,false,false,partial_2025_feature_source_approval,Not enough information,Not enough information: no approved 2025 feature row.,validated_position_fields_only; blocked_fields=RB_T6_WITHIN_5Y|RB_T12_WITHIN_5Y; next_year=2027 NFL season; within_5y=at least once from 2026 through 2030,Not enough information,Not enough information,Not enough information,Not enough information,Not enough information,Not enough information,Not enough information,Not enough information,Not enough information,Not enough information,Not enough information,Not enough information,Not enough information,Not enough information,Not enough information,Not enough information,Not enough information,Not enough information,Not enough information,Not enough information,Not enough information,Not enough information,Not enough information,Not enough information,Not enough information,Not enough information,Not enough information,Not enough information,Not enough information,Not enough information,Not enough information,Not enough information,Not enough information,Not enough information
12519,12519,00-0040735,Luther Burden,WR,CHI,out_of_scope_rookie_or_prospect,out_of_scope_rookie_or_prospect,out_of_scope_rookie_or_prospect,Not enough information,outcome_v2_current_player_display_20260630,2026-pre-draft,2026 NFL season,true,false,false,false,false,false,false,false,partial_2025_feature_source_approval,Not enough information,Not enough information: Normal Outcome V2 excludes rookies/prospects.,validated_position_fields_only; blocked_fields=RB_T6_WITHIN_5Y|RB_T12_WITHIN_5Y; next_year=2027 NFL season; within_5y=at least once from 2026 through 2030,Not enough information,Not enough information,Not enough information,Not enough information,Not enough information,Not enough information,Not enough information,Not enough information,Not enough information,Not enough information,Not enough information,Not enough information,Not enough information,Not enough information,Not enough information,Not enough information,Not enough information,Not enough information,Not enough information,Not enough information,Not enough information,Not enough information,Not enough information,Not enough information,Not enough information,Not enough information,Not enough information,Not enough information,Not enough information,Not enough information,Not enough information,Not enough information,Not enough information,Not enough information
8110,8110,00-0038041,Jake Ferguson,TE,DAL,eligible_veteran_feature_covered,matched_exact,feature_covered_2025_regular_season,partial_exact_first_down_scoring_missing_sack_fumbles_lost,outcome_v2_current_player_display_20260630,2026-pre-draft,2026 NFL season,true,false,false,false,false,false,false,false,partial_2025_feature_source_approval,partial_availability_context_missing_games,"Display-only Outcome V2 probability context from approved partial 2025 feature source; games missing, sack_fumbles_lost missing, availability not clean health.",validated_position_fields_only; blocked_fields=RB_T6_WITHIN_5Y|RB_T12_WITHIN_5Y; next_year=2027 NFL season; within_5y=at least once from 2026 through 2030,Not enough information,Not enough information,Not enough information,Not enough information,Not enough information,Not enough information,Not enough information,Not enough information,Not enough information,Not enough information,Not enough information,Not enough information,Not enough information,Not enough information,Not enough information,Not enough information,Not enough information,Not enough information,Not enough information,Not enough information,Not enough information,Not enough information,Not enough information,Not enough information,Not enough information,Not enough information,Not enough information,Not enough information,15.0%,29.0%,17.4%,20.7%,56.8%,64.8%
11638,11638,00-0039916,Ricky Pearsall,WR,SF,eligible_veteran_feature_covered,matched_exact,feature_covered_2025_regular_season,partial_exact_first_down_scoring_missing_sack_fumbles_lost,outcome_v2_current_player_display_20260630,2026-pre-draft,2026 NFL season,true,false,false,false,false,false,false,false,partial_2025_feature_source_approval,partial_availability_context_missing_games,"Display-only Outcome V2 probability context from approved partial 2025 feature source; games missing, sack_fumbles_lost missing, availability not clean health.",validated_position_fields_only; blocked_fields=RB_T6_WITHIN_5Y|RB_T12_WITHIN_5Y; next_year=2027 NFL season; within_5y=at least once from 2026 through 2030,Not enough information,Not enough information,Not enough information,Not enough information,Not enough information,Not enough information,Not enough information,Not enough information,Not enough information,Not enough information,Not enough information,Not enough information,Not enough information,Not enough information,Not enough information,Not enough information,0.9%,1.2%,10.5%,22.9%,0.6%,1.6%,11.5%,23.5%,12.9%,18.5%,54.5%,70.2%,Not enough information,Not enough information,Not enough information,Not enough information,Not enough information,Not enough information
4037,4037,00-0033921,Chris Godwin,WR,TB,eligible_veteran_feature_covered,matched_exact,feature_covered_2025_regular_season,partial_exact_first_down_scoring_missing_sack_fumbles_lost,outcome_v2_current_player_display_20260630,2026-pre-draft,2026 NFL season,true,false,false,false,false,false,false,false,partial_2025_feature_source_approval,partial_availability_context_missing_games,"Display-only Outcome V2 probability context from approved partial 2025 feature source; games missing, sack_fumbles_lost missing, availability not clean health.",validated_position_fields_only; blocked_fields=RB_T6_WITHIN_5Y|RB_T12_WITHIN_5Y; next_year=2027 NFL season; within_5y=at least once from 2026 through 2030,Not enough information,Not enough information,Not enough information,Not enough information,Not enough information,Not enough information,Not enough information,Not enough information,Not enough information,Not enough information,Not enough information,Not enough information,Not enough information,Not enough information,Not enough information,Not enough information,0.9%,1.2%,2.2%,8.7%,0.6%,1.6%,1.8%,9.4%,12.9%,18.5%,22.1%,45.1%,Not enough information,Not enough information,Not enough information,Not enough information,Not enough information,Not enough information
6149,6149,00-0035535,Darius Slayton,WR,NYG,eligible_veteran_feature_covered,matched_exact,feature_covered_2025_regular_season,partial_exact_first_down_scoring_missing_sack_fumbles_lost,outcome_v2_current_player_display_20260630,2026-pre-draft,2026 NFL season,true,false,false,false,false,false,false,false,partial_2025_feature_source_approval,partial_availability_context_missing_games,"Display-only Outcome V2 probability context from approved partial 2025 feature source; games missing, sack_fumbles_lost missing, availability not clean health.",validated_position_fields_only; blocked_fields=RB_T6_WITHIN_5Y|RB_T12_WITHIN_5Y; next_year=2027 NFL season; within_5y=at least once from 2026 through 2030,Not enough information,Not enough information,Not enough information,Not enough information,Not enough information,Not enough information,Not enough information,Not enough information,Not enough information,Not enough information,Not enough information,Not enough information,Not enough information,Not enough information,Not enough information,Not enough information,0.9%,1.2%,10.5%,22.9%,0.6%,1.6%,11.5%,23.5%,12.9%,18.5%,54.5%,70.2%,Not enough information,Not enough information,Not enough information,Not enough information,Not enough information,Not enough information
4983,4983,00-0034827,DJ Moore,WR,BUF,eligible_veteran_feature_covered,matched_exact,feature_covered_2025_regular_season,partial_exact_first_down_scoring_missing_sack_fumbles_lost,outcome_v2_current_player_display_20260630,2026-pre-draft,2026 NFL season,true,false,false,false,false,false,false,false,partial_2025_feature_source_approval,partial_availability_context_missing_games,"Display-only Outcome V2 probability context from approved partial 2025 feature source; games missing, sack_fumbles_lost missing, availability not clean health.",validated_position_fields_only; blocked_fields=RB_T6_WITHIN_5Y|RB_T12_WITHIN_5Y; next_year=2027 NFL season; within_5y=at least once from 2026 through 2030,Not enough information,Not enough information,Not enough information,Not enough information,Not enough information,Not enough information,Not enough information,Not enough information,Not enough information,Not enough information,Not enough information,Not enough information,Not enough information,Not enough information,Not enough information,Not enough information,0.9%,13.9%,20.4%,58.1%,0.6%,10.6%,20.3%,49.4%,12.9%,33.6%,50.7%,94.5%,Not enough information,Not enough information,Not enough information,Not enough information,Not enough information,Not enough information
8121,8121,00-0037816,Romeo Doubs,WR,NE,eligible_veteran_feature_covered,matched_exact,feature_covered_2025_regular_season,partial_exact_first_down_scoring_missing_sack_fumbles_lost,outcome_v2_current_player_display_20260630,2026-pre-draft,2026 NFL season,true,false,false,false,false,false,false,false,partial_2025_feature_source_approval,partial_availability_context_missing_games,"Display-only Outcome V2 probability context from approved partial 2025 feature source; games missing, sack_fumbles_lost missing, availability not clean health.",validated_position_fields_only; blocked_fields=RB_T6_WITHIN_5Y|RB_T12_WITHIN_5Y; next_year=2027 NFL season; within_5y=at least once from 2026 through 2030,Not enough information,Not enough information,Not enough information,Not enough information,Not enough information,Not enough information,Not enough information,Not enough information,Not enough information,Not enough information,Not enough information,Not enough information,Not enough information,Not enough information,Not enough information,Not enough information,0.9%,13.9%,20.4%,58.1%,0.6%,10.6%,20.3%,49.4%,12.9%,33.6%,50.7%,94.5%,Not enough information,Not enough information,Not enough information,Not enough information,Not enough information,Not enough information
8676,8676,00-0037545,Rashid Shaheed,WR,SEA,eligible_veteran_feature_covered,matched_exact,feature_covered_2025_regular_season,partial_exact_first_down_scoring_missing_sack_fumbles_lost,outcome_v2_current_player_display_20260630,2026-pre-draft,2026 NFL season,true,false,false,false,false,false,false,false,partial_2025_feature_source_approval,partial_availability_context_missing_games,"Display-only Outcome V2 probability context from approved partial 2025 feature source; games missing, sack_fumbles_lost missing, availability not clean health.",validated_position_fields_only; blocked_fields=RB_T6_WITHIN_5Y|RB_T12_WITHIN_5Y; next_year=2027 NFL season; within_5y=at least once from 2026 through 2030,Not enough information,Not enough information,Not enough information,Not enough information,Not enough information,Not enough information,Not enough information,Not enough information,Not enough information,Not enough information,Not enough information,Not enough information,Not enough information,Not enough information,Not enough information,Not enough information,0.9%,13.9%,20.4%,58.1%,0.6%,10.6%,20.3%,49.4%,12.9%,33.6%,50.7%,94.5%,Not enough information,Not enough information,Not enough information,Not enough information,Not enough information,Not enough information
7049,7049,00-0036259,Jauan Jennings,WR,MIN,eligible_veteran_feature_covered,matched_exact,feature_covered_2025_regular_season,partial_exact_first_down_scoring_missing_sack_fumbles_lost,outcome_v2_current_player_display_20260630,2026-pre-draft,2026 NFL season,true,false,false,false,false,false,false,false,partial_2025_feature_source_approval,partial_availability_context_missing_games,"Display-only Outcome V2 probability context from approved partial 2025 feature source; games missing, sack_fumbles_lost missing, availability not clean health.",validated_position_fields_only; blocked_fields=RB_T6_WITHIN_5Y|RB_T12_WITHIN_5Y; next_year=2027 NFL season; within_5y=at least once from 2026 through 2030,Not enough information,Not enough information,Not enough information,Not enough information,Not enough information,Not enough information,Not enough information,Not enough information,Not enough information,Not enough information,Not enough information,Not enough information,Not enough information,Not enough information,Not enough information,Not enough information,0.9%,13.9%,20.4%,58.1%,0.6%,10.6%,20.3%,49.4%,12.9%,33.6%,50.7%,94.5%,Not enough information,Not enough information,Not enough information,Not enough information,Not enough information,Not enough information
12540,12540,00-0040705,Chimere Dike,WR,TEN,out_of_scope_rookie_or_prospect,out_of_scope_rookie_or_prospect,out_of_scope_rookie_or_prospect,Not enough information,outcome_v2_current_player_display_20260630,2026-pre-draft,2026 NFL season,true,false,false,false,false,false,false,false,partial_2025_feature_source_approval,Not enough information,Not enough information: Normal Outcome V2 excludes rookies/prospects.,validated_position_fields_only; blocked_fields=RB_T6_WITHIN_5Y|RB_T12_WITHIN_5Y; next_year=2027 NFL season; within_5y=at least once from 2026 through 2030,Not enough information,Not enough information,Not enough information,Not enough information,Not enough information,Not enough information,Not enough information,Not enough information,Not enough information,Not enough information,Not enough information,Not enough information,Not enough information,Not enough information,Not enough information,Not enough information,Not enough information,Not enough information,Not enough information,Not enough information,Not enough information,Not enough information,Not enough information,Not enough information,Not enough information,Not enough information,Not enough information,Not enough information,Not enough information,Not enough information,Not enough information,Not enough information,Not enough information,Not enough information
10213,10213,00-0038563,Tre Tucker,WR,LV,eligible_veteran_feature_covered,matched_exact,feature_covered_2025_regular_season,partial_exact_first_down_scoring_missing_sack_fumbles_lost,outcome_v2_current_player_display_20260630,2026-pre-draft,2026 NFL season,true,false,false,false,false,false,false,false,partial_2025_feature_source_approval,partial_availability_context_missing_games,"Display-only Outcome V2 probability context from approved partial 2025 feature source; games missing, sack_fumbles_lost missing, availability not clean health.",validated_position_fields_only; blocked_fields=RB_T6_WITHIN_5Y|RB_T12_WITHIN_5Y; next_year=2027 NFL season; within_5y=at least once from 2026 through 2030,Not enough information,Not enough information,Not enough information,Not enough information,Not enough information,Not enough information,Not enough information,Not enough information,Not enough information,Not enough information,Not enough information,Not enough information,Not enough information,Not enough information,Not enough information,Not enough information,0.9%,1.2%,20.4%,22.9%,0.6%,1.6%,20.3%,23.5%,12.9%,18.5%,50.7%,70.2%,Not enough information,Not enough information,Not enough information,Not enough information,Not enough information,Not enough information
4018,4018,00-0033897,Joe Mixon,RB,,missing_current_feature_coverage,matched_exact,missing_2025_feature_row,Not enough information,outcome_v2_current_player_display_20260630,2026-pre-draft,2026 NFL season,true,false,false,false,false,false,false,false,partial_2025_feature_source_approval,Not enough information,Not enough information: no approved 2025 feature row.,validated_position_fields_only; blocked_fields=RB_T6_WITHIN_5Y|RB_T12_WITHIN_5Y; next_year=2027 NFL season; within_5y=at least once from 2026 through 2030,Not enough information,Not enough information,Not enough information,Not enough information,Not enough information,Not enough information,Not enough information,Not enough information,Not enough information,Not enough information,Not enough information,Not enough information,Not enough information,Not enough information,Not enough information,Not enough information,Not enough information,Not enough information,Not enough information,Not enough information,Not enough information,Not enough information,Not enough information,Not enough information,Not enough information,Not enough information,Not enough information,Not enough information,Not enough information,Not enough information,Not enough information,Not enough information,Not enough information,Not enough information
11624,11624,00-0039894,Xavier Worthy,WR,KC,eligible_veteran_feature_covered,matched_exact,feature_covered_2025_regular_season,partial_exact_first_down_scoring_missing_sack_fumbles_lost,outcome_v2_current_player_display_20260630,2026-pre-draft,2026 NFL season,true,false,false,false,false,false,false,false,partial_2025_feature_source_approval,partial_availability_context_missing_games,"Display-only Outcome V2 probability context from approved partial 2025 feature source; games missing, sack_fumbles_lost missing, availability not clean health.",validated_position_fields_only; blocked_fields=RB_T6_WITHIN_5Y|RB_T12_WITHIN_5Y; next_year=2027 NFL season; within_5y=at least once from 2026 through 2030,Not enough information,Not enough information,Not enough information,Not enough information,Not enough information,Not enough information,Not enough information,Not enough information,Not enough information,Not enough information,Not enough information,Not enough information,Not enough information,Not enough information,Not enough information,Not enough information,0.9%,1.2%,10.5%,22.9%,0.6%,1.6%,11.5%,23.5%,12.9%,18.5%,54.5%,70.2%,Not enough information,Not enough information,Not enough information,Not enough information,Not enough information,Not enough information
9753,9753,00-0039165,Zach Charbonnet,RB,SEA,eligible_veteran_feature_covered,matched_exact,feature_covered_2025_regular_season,partial_exact_first_down_scoring_missing_sack_fumbles_lost,outcome_v2_current_player_display_20260630,2026-pre-draft,2026 NFL season,true,false,false,false,false,false,false,false,partial_2025_feature_source_approval,partial_availability_context_missing_games,"Display-only Outcome V2 probability context from approved partial 2025 feature source; games missing, sack_fumbles_lost missing, availability not clean health.",validated_position_fields_only; blocked_fields=RB_T6_WITHIN_5Y|RB_T12_WITHIN_5Y; next_year=2027 NFL season; within_5y=at least once from 2026 through 2030,Not enough information,Not enough information,Not enough information,Not enough information,Not enough information,Not enough information,1.9%,20.8%,50.6%,56.1%,3.0%,16.3%,41.1%,46.6%,81.7%,89.2%,Not enough information,Not enough information,Not enough information,Not enough information,Not enough information,Not enough information,Not enough information,Not enough information,Not enough information,Not enough information,Not enough information,Not enough information,Not enough information,Not enough information,Not enough information,Not enough information,Not enough information,Not enough information
8125,8125,00-0037837,Calvin Austin,WR,NYG,eligible_veteran_feature_covered,matched_exact,feature_covered_2025_regular_season,partial_exact_first_down_scoring_missing_sack_fumbles_lost,outcome_v2_current_player_display_20260630,2026-pre-draft,2026 NFL season,true,false,false,false,false,false,false,false,partial_2025_feature_source_approval,partial_availability_context_missing_games,"Display-only Outcome V2 probability context from approved partial 2025 feature source; games missing, sack_fumbles_lost missing, availability not clean health.",validated_position_fields_only; blocked_fields=RB_T6_WITHIN_5Y|RB_T12_WITHIN_5Y; next_year=2027 NFL season; within_5y=at least once from 2026 through 2030,Not enough information,Not enough information,Not enough information,Not enough information,Not enough information,Not enough information,Not enough information,Not enough information,Not enough information,Not enough information,Not enough information,Not enough information,Not enough information,Not enough information,Not enough information,Not enough information,0.9%,1.2%,2.2%,8.7%,0.6%,1.6%,1.8%,9.4%,12.9%,18.5%,22.1%,45.1%,Not enough information,Not enough information,Not enough information,Not enough information,Not enough information,Not enough information
12529,12529,00-0040734,TreVeyon Henderson,RB,NE,out_of_scope_rookie_or_prospect,out_of_scope_rookie_or_prospect,out_of_scope_rookie_or_prospect,Not enough information,outcome_v2_current_player_display_20260630,2026-pre-draft,2026 NFL season,true,false,false,false,false,false,false,false,partial_2025_feature_source_approval,Not enough information,Not enough information: Normal Outcome V2 excludes rookies/prospects.,validated_position_fields_only; blocked_fields=RB_T6_WITHIN_5Y|RB_T12_WITHIN_5Y; next_year=2027 NFL season; within_5y=at least once from 2026 through 2030,Not enough information,Not enough information,Not enough information,Not enough information,Not enough information,Not enough information,Not enough information,Not enough information,Not enough information,Not enough information,Not enough information,Not enough information,Not enough information,Not enough information,Not enough information,Not enough information,Not enough information,Not enough information,Not enough information,Not enough information,Not enough information,Not enough information,Not enough information,Not enough information,Not enough information,Not enough information,Not enough information,Not enough information,Not enough information,Not enough information,Not enough information,Not enough information,Not enough information,Not enough information
3163,3163,00-0033106,Jared Goff,QB,DET,eligible_veteran_feature_covered,matched_exact,feature_covered_2025_regular_season,partial_exact_first_down_scoring_missing_sack_fumbles_lost,outcome_v2_current_player_display_20260630,2026-pre-draft,2026 NFL season,true,false,false,false,false,false,false,false,partial_2025_feature_source_approval,partial_availability_context_missing_games,"Display-only Outcome V2 probability context from approved partial 2025 feature source; games missing, sack_fumbles_lost missing, availability not clean health.",validated_position_fields_only; blocked_fields=RB_T6_WITHIN_5Y|RB_T12_WITHIN_5Y; next_year=2027 NFL season; within_5y=at least once from 2026 through 2030,30.0%,56.6%,18.4%,53.3%,56.9%,86.0%,Not enough information,Not enough information,Not enough information,Not enough information,Not enough information,Not enough information,Not enough information,Not enough information,Not enough information,Not enough information,Not enough information,Not enough information,Not enough information,Not enough information,Not enough information,Not enough information,Not enough information,Not enough information,Not enough information,Not enough information,Not enough information,Not enough information,Not enough information,Not enough information,Not enough information,Not enough information,Not enough information,Not enough information
11625,11625,00-0039890,Adonai Mitchell,WR,NYJ,eligible_veteran_feature_covered,matched_exact,feature_covered_2025_regular_season,partial_exact_first_down_scoring_missing_sack_fumbles_lost,outcome_v2_current_player_display_20260630,2026-pre-draft,2026 NFL season,true,false,false,false,false,false,false,false,partial_2025_feature_source_approval,partial_availability_context_missing_games,"Display-only Outcome V2 probability context from approved partial 2025 feature source; games missing, sack_fumbles_lost missing, availability not clean health.",validated_position_fields_only; blocked_fields=RB_T6_WITHIN_5Y|RB_T12_WITHIN_5Y; next_year=2027 NFL season; within_5y=at least once from 2026 through 2030,Not enough information,Not enough information,Not enough information,Not enough information,Not enough information,Not enough information,Not enough information,Not enough information,Not enough information,Not enough information,Not enough information,Not enough information,Not enough information,Not enough information,Not enough information,Not enough information,0.9%,1.2%,2.2%,8.7%,0.6%,1.6%,1.8%,9.4%,12.9%,18.5%,22.1%,45.1%,Not enough information,Not enough information,Not enough information,Not enough information,Not enough information,Not enough information
9501,9501,00-0038621,DeMario Douglas,WR,NE,eligible_veteran_feature_covered,matched_exact,feature_covered_2025_regular_season,partial_exact_first_down_scoring_missing_sack_fumbles_lost,outcome_v2_current_player_display_20260630,2026-pre-draft,2026 NFL season,true,false,false,false,false,false,false,false,partial_2025_feature_source_approval,partial_availability_context_missing_games,"Display-only Outcome V2 probability context from approved partial 2025 feature source; games missing, sack_fumbles_lost missing, availability not clean health.",validated_position_fields_only; blocked_fields=RB_T6_WITHIN_5Y|RB_T12_WITHIN_5Y; next_year=2027 NFL season; within_5y=at least once from 2026 through 2030,Not enough information,Not enough information,Not enough information,Not enough information,Not enough information,Not enough information,Not enough information,Not enough information,Not enough information,Not enough information,Not enough information,Not enough information,Not enough information,Not enough information,Not enough information,Not enough information,0.9%,1.2%,10.5%,22.9%,0.6%,1.6%,11.5%,23.5%,12.9%,18.5%,54.5%,70.2%,Not enough information,Not enough information,Not enough information,Not enough information,Not enough information,Not enough information
9504,9504,00-0038608,Kayshon Boutte,WR,NE,eligible_veteran_feature_covered,matched_exact,feature_covered_2025_regular_season,partial_exact_first_down_scoring_missing_sack_fumbles_lost,outcome_v2_current_player_display_20260630,2026-pre-draft,2026 NFL season,true,false,false,false,false,false,false,false,partial_2025_feature_source_approval,partial_availability_context_missing_games,"Display-only Outcome V2 probability context from approved partial 2025 feature source; games missing, sack_fumbles_lost missing, availability not clean health.",validated_position_fields_only; blocked_fields=RB_T6_WITHIN_5Y|RB_T12_WITHIN_5Y; next_year=2027 NFL season; within_5y=at least once from 2026 through 2030,Not enough information,Not enough information,Not enough information,Not enough information,Not enough information,Not enough information,Not enough information,Not enough information,Not enough information,Not enough information,Not enough information,Not enough information,Not enough information,Not enough information,Not enough information,Not enough information,0.9%,1.2%,10.5%,22.9%,0.6%,1.6%,11.5%,23.5%,12.9%,18.5%,54.5%,70.2%,Not enough information,Not enough information,Not enough information,Not enough information,Not enough information,Not enough information
11655,11655,00-0039384,Tyrone Tracy,RB,NYG,eligible_veteran_feature_covered,matched_exact,feature_covered_2025_regular_season,partial_exact_first_down_scoring_missing_sack_fumbles_lost,outcome_v2_current_player_display_20260630,2026-pre-draft,2026 NFL season,true,false,false,false,false,false,false,false,partial_2025_feature_source_approval,partial_availability_context_missing_games,"Display-only Outcome V2 probability context from approved partial 2025 feature source; games missing, sack_fumbles_lost missing, availability not clean health.",validated_position_fields_only; blocked_fields=RB_T6_WITHIN_5Y|RB_T12_WITHIN_5Y; next_year=2027 NFL season; within_5y=at least once from 2026 through 2030,Not enough information,Not enough information,Not enough information,Not enough information,Not enough information,Not enough information,1.9%,10.3%,22.8%,56.1%,3.0%,8.3%,22.0%,46.6%,60.5%,89.2%,Not enough information,Not enough information,Not enough information,Not enough information,Not enough information,Not enough information,Not enough information,Not enough information,Not enough information,Not enough information,Not enough information,Not enough information,Not enough information,Not enough information,Not enough information,Not enough information,Not enough information,Not enough information
12499,12499,00-0040170,Elic Ayomanor,WR,TEN,out_of_scope_rookie_or_prospect,out_of_scope_rookie_or_prospect,out_of_scope_rookie_or_prospect,Not enough information,outcome_v2_current_player_display_20260630,2026-pre-draft,2026 NFL season,true,false,false,false,false,false,false,false,partial_2025_feature_source_approval,Not enough information,Not enough information: Normal Outcome V2 excludes rookies/prospects.,validated_position_fields_only; blocked_fields=RB_T6_WITHIN_5Y|RB_T12_WITHIN_5Y; next_year=2027 NFL season; within_5y=at least once from 2026 through 2030,Not enough information,Not enough information,Not enough information,Not enough information,Not enough information,Not enough information,Not enough information,Not enough information,Not enough information,Not enough information,Not enough information,Not enough information,Not enough information,Not enough information,Not enough information,Not enough information,Not enough information,Not enough information,Not enough information,Not enough information,Not enough information,Not enough information,Not enough information,Not enough information,Not enough information,Not enough information,Not enough information,Not enough information,Not enough information,Not enough information,Not enough information,Not enough information,Not enough information,Not enough information
11584,11584,00-0039361,Bucky Irving,RB,TB,eligible_veteran_feature_covered,matched_exact,feature_covered_2025_regular_season,partial_exact_first_down_scoring_missing_sack_fumbles_lost,outcome_v2_current_player_display_20260630,2026-pre-draft,2026 NFL season,true,false,false,false,false,false,false,false,partial_2025_feature_source_approval,partial_availability_context_missing_games,"Display-only Outcome V2 probability context from approved partial 2025 feature source; games missing, sack_fumbles_lost missing, availability not clean health.",validated_position_fields_only; blocked_fields=RB_T6_WITHIN_5Y|RB_T12_WITHIN_5Y; next_year=2027 NFL season; within_5y=at least once from 2026 through 2030,Not enough information,Not enough information,Not enough information,Not enough information,Not enough information,Not enough information,1.9%,10.3%,22.8%,56.1%,3.0%,8.3%,22.0%,46.6%,60.5%,89.2%,Not enough information,Not enough information,Not enough information,Not enough information,Not enough information,Not enough information,Not enough information,Not enough information,Not enough information,Not enough information,Not enough information,Not enough information,Not enough information,Not enough information,Not enough information,Not enough information,Not enough information,Not enough information
10222,10222,00-0039146,Jayden Reed,WR,GB,eligible_veteran_feature_covered,matched_exact,feature_covered_2025_regular_season,partial_exact_first_down_scoring_missing_sack_fumbles_lost,outcome_v2_current_player_display_20260630,2026-pre-draft,2026 NFL season,true,false,false,false,false,false,false,false,partial_2025_feature_source_approval,partial_availability_context_missing_games,"Display-only Outcome V2 probability context from approved partial 2025 feature source; games missing, sack_fumbles_lost missing, availability not clean health.",validated_position_fields_only; blocked_fields=RB_T6_WITHIN_5Y|RB_T12_WITHIN_5Y; next_year=2027 NFL season; within_5y=at least once from 2026 through 2030,Not enough information,Not enough information,Not enough information,Not enough information,Not enough information,Not enough information,Not enough information,Not enough information,Not enough information,Not enough information,Not enough information,Not enough information,Not enough information,Not enough information,Not enough information,Not enough information,0.9%,1.2%,2.2%,2.4%,0.6%,1.6%,1.8%,2.6%,12.9%,18.5%,22.1%,30.6%,Not enough information,Not enough information,Not enough information,Not enough information,Not enough information,Not enough information
11637,11637,00-0039901,Keon Coleman,WR,BUF,eligible_veteran_feature_covered,matched_exact,feature_covered_2025_regular_season,partial_exact_first_down_scoring_missing_sack_fumbles_lost,outcome_v2_current_player_display_20260630,2026-pre-draft,2026 NFL season,true,false,false,false,false,false,false,false,partial_2025_feature_source_approval,partial_availability_context_missing_games,"Display-only Outcome V2 probability context from approved partial 2025 feature source; games missing, sack_fumbles_lost missing, availability not clean health.",validated_position_fields_only; blocked_fields=RB_T6_WITHIN_5Y|RB_T12_WITHIN_5Y; next_year=2027 NFL season; within_5y=at least once from 2026 through 2030,Not enough information,Not enough information,Not enough information,Not enough information,Not enough information,Not enough information,Not enough information,Not enough information,Not enough information,Not enough information,Not enough information,Not enough information,Not enough information,Not enough information,Not enough information,Not enough information,0.9%,1.2%,10.5%,22.9%,0.6%,1.6%,11.5%,23.5%,12.9%,18.5%,54.5%,70.2%,Not enough information,Not enough information,Not enough information,Not enough information,Not enough information,Not enough information
11626,11626,00-0039342,Xavier Legette,WR,CAR,eligible_veteran_feature_covered,matched_exact,feature_covered_2025_regular_season,partial_exact_first_down_scoring_missing_sack_fumbles_lost,outcome_v2_current_player_display_20260630,2026-pre-draft,2026 NFL season,true,false,false,false,false,false,false,false,partial_2025_feature_source_approval,partial_availability_context_missing_games,"Display-only Outcome V2 probability context from approved partial 2025 feature source; games missing, sack_fumbles_lost missing, availability not clean health.",validated_position_fields_only; blocked_fields=RB_T6_WITHIN_5Y|RB_T12_WITHIN_5Y; next_year=2027 NFL season; within_5y=at least once from 2026 through 2030,Not enough information,Not enough information,Not enough information,Not enough information,Not enough information,Not enough information,Not enough information,Not enough information,Not enough information,Not enough information,Not enough information,Not enough information,Not enough information,Not enough information,Not enough information,Not enough information,0.9%,1.2%,2.2%,8.7%,0.6%,1.6%,1.8%,9.4%,12.9%,18.5%,22.1%,45.1%,Not enough information,Not enough information,Not enough information,Not enough information,Not enough information,Not enough information
7611,7611,00-0036875,Rhamondre Stevenson,RB,NE,eligible_veteran_feature_covered,matched_exact,feature_covered_2025_regular_season,partial_exact_first_down_scoring_missing_sack_fumbles_lost,outcome_v2_current_player_display_20260630,2026-pre-draft,2026 NFL season,true,false,false,false,false,false,false,false,partial_2025_feature_source_approval,partial_availability_context_missing_games,"Display-only Outcome V2 probability context from approved partial 2025 feature source; games missing, sack_fumbles_lost missing, availability not clean health.",validated_position_fields_only; blocked_fields=RB_T6_WITHIN_5Y|RB_T12_WITHIN_5Y; next_year=2027 NFL season; within_5y=at least once from 2026 through 2030,Not enough information,Not enough information,Not enough information,Not enough information,Not enough information,Not enough information,1.9%,10.3%,22.8%,56.1%,3.0%,8.3%,22.0%,46.6%,60.5%,89.2%,Not enough information,Not enough information,Not enough information,Not enough information,Not enough information,Not enough information,Not enough information,Not enough information,Not enough information,Not enough information,Not enough information,Not enough information,Not enough information,Not enough information,Not enough information,Not enough information,Not enough information,Not enough information
9502,9502,00-0038977,Tank Dell,WR,HOU,missing_current_feature_coverage,matched_exact,missing_2025_feature_row,Not enough information,outcome_v2_current_player_display_20260630,2026-pre-draft,2026 NFL season,true,false,false,false,false,false,false,false,partial_2025_feature_source_approval,Not enough information,Not enough information: no approved 2025 feature row.,validated_position_fields_only; blocked_fields=RB_T6_WITHIN_5Y|RB_T12_WITHIN_5Y; next_year=2027 NFL season; within_5y=at least once from 2026 through 2030,Not enough information,Not enough information,Not enough information,Not enough information,Not enough information,Not enough information,Not enough information,Not enough information,Not enough information,Not enough information,Not enough information,Not enough information,Not enough information,Not enough information,Not enough information,Not enough information,Not enough information,Not enough information,Not enough information,Not enough information,Not enough information,Not enough information,Not enough information,Not enough information,Not enough information,Not enough information,Not enough information,Not enough information,Not enough information,Not enough information,Not enough information,Not enough information,Not enough information,Not enough information
11610,11610,00-0039880,Malik Washington,WR,MIA,eligible_veteran_feature_covered,matched_exact,feature_covered_2025_regular_season,partial_exact_first_down_scoring_missing_sack_fumbles_lost,outcome_v2_current_player_display_20260630,2026-pre-draft,2026 NFL season,true,false,false,false,false,false,false,false,partial_2025_feature_source_approval,partial_availability_context_missing_games,"Display-only Outcome V2 probability context from approved partial 2025 feature source; games missing, sack_fumbles_lost missing, availability not clean health.",validated_position_fields_only; blocked_fields=RB_T6_WITHIN_5Y|RB_T12_WITHIN_5Y; next_year=2027 NFL season; within_5y=at least once from 2026 through 2030,Not enough information,Not enough information,Not enough information,Not enough information,Not enough information,Not enough information,Not enough information,Not enough information,Not enough information,Not enough information,Not enough information,Not enough information,Not enough information,Not enough information,Not enough information,Not enough information,0.9%,1.2%,20.4%,22.9%,0.6%,1.6%,20.3%,23.5%,12.9%,18.5%,50.7%,70.2%,Not enough information,Not enough information,Not enough information,Not enough information,Not enough information,Not enough information
9486,9486,00-0038393,Dontayvion Wicks,WR,PHI,eligible_veteran_feature_covered,matched_exact,feature_covered_2025_regular_season,partial_exact_first_down_scoring_missing_sack_fumbles_lost,outcome_v2_current_player_display_20260630,2026-pre-draft,2026 NFL season,true,false,false,false,false,false,false,false,partial_2025_feature_source_approval,partial_availability_context_missing_games,"Display-only Outcome V2 probability context from approved partial 2025 feature source; games missing, sack_fumbles_lost missing, availability not clean health.",validated_position_fields_only; blocked_fields=RB_T6_WITHIN_5Y|RB_T12_WITHIN_5Y; next_year=2027 NFL season; within_5y=at least once from 2026 through 2030,Not enough information,Not enough information,Not enough information,Not enough information,Not enough information,Not enough information,Not enough information,Not enough information,Not enough information,Not enough information,Not enough information,Not enough information,Not enough information,Not enough information,Not enough information,Not enough information,0.9%,1.2%,2.2%,8.7%,0.6%,1.6%,1.8%,9.4%,12.9%,18.5%,22.1%,45.1%,Not enough information,Not enough information,Not enough information,Not enough information,Not enough information,Not enough information
11646,11646,00-0039491,Jalen Coker,WR,CAR,eligible_veteran_feature_covered,matched_exact,feature_covered_2025_regular_season,partial_exact_first_down_scoring_missing_sack_fumbles_lost,outcome_v2_current_player_display_20260630,2026-pre-draft,2026 NFL season,true,false,false,false,false,false,false,false,partial_2025_feature_source_approval,partial_availability_context_missing_games,"Display-only Outcome V2 probability context from approved partial 2025 feature source; games missing, sack_fumbles_lost missing, availability not clean health.",validated_position_fields_only; blocked_fields=RB_T6_WITHIN_5Y|RB_T12_WITHIN_5Y; next_year=2027 NFL season; within_5y=at least once from 2026 through 2030,Not enough information,Not enough information,Not enough information,Not enough information,Not enough information,Not enough information,Not enough information,Not enough information,Not enough information,Not enough information,Not enough information,Not enough information,Not enough information,Not enough information,Not enough information,Not enough information,0.9%,1.2%,2.2%,8.7%,0.6%,1.6%,1.8%,9.4%,12.9%,18.5%,22.1%,45.1%,Not enough information,Not enough information,Not enough information,Not enough information,Not enough information,Not enough information
7594,7594,00-0036555,Chuba Hubbard,RB,CAR,eligible_veteran_feature_covered,matched_exact,feature_covered_2025_regular_season,partial_exact_first_down_scoring_missing_sack_fumbles_lost,outcome_v2_current_player_display_20260630,2026-pre-draft,2026 NFL season,true,false,false,false,false,false,false,false,partial_2025_feature_source_approval,partial_availability_context_missing_games,"Display-only Outcome V2 probability context from approved partial 2025 feature source; games missing, sack_fumbles_lost missing, availability not clean health.",validated_position_fields_only; blocked_fields=RB_T6_WITHIN_5Y|RB_T12_WITHIN_5Y; next_year=2027 NFL season; within_5y=at least once from 2026 through 2030,Not enough information,Not enough information,Not enough information,Not enough information,Not enough information,Not enough information,1.9%,3.4%,22.8%,22.2%,3.0%,4.9%,22.0%,26.1%,60.5%,65.1%,Not enough information,Not enough information,Not enough information,Not enough information,Not enough information,Not enough information,Not enough information,Not enough information,Not enough information,Not enough information,Not enough information,Not enough information,Not enough information,Not enough information,Not enough information,Not enough information,Not enough information,Not enough information
12517,12517,00-0040126,Colston Loveland,TE,CHI,out_of_scope_rookie_or_prospect,out_of_scope_rookie_or_prospect,out_of_scope_rookie_or_prospect,Not enough information,outcome_v2_current_player_display_20260630,2026-pre-draft,2026 NFL season,true,false,false,false,false,false,false,false,partial_2025_feature_source_approval,Not enough information,Not enough information: Normal Outcome V2 excludes rookies/prospects.,validated_position_fields_only; blocked_fields=RB_T6_WITHIN_5Y|RB_T12_WITHIN_5Y; next_year=2027 NFL season; within_5y=at least once from 2026 through 2030,Not enough information,Not enough information,Not enough information,Not enough information,Not enough information,Not enough information,Not enough information,Not enough information,Not enough information,Not enough information,Not enough information,Not enough information,Not enough information,Not enough information,Not enough information,Not enough information,Not enough information,Not enough information,Not enough information,Not enough information,Not enough information,Not enough information,Not enough information,Not enough information,Not enough information,Not enough information,Not enough information,Not enough information,Not enough information,Not enough information,Not enough information,Not enough information,Not enough information,Not enough information
11618,11618,00-0039855,Jalen McMillan,WR,TB,eligible_veteran_feature_covered,matched_exact,feature_covered_2025_regular_season,partial_exact_first_down_scoring_missing_sack_fumbles_lost,outcome_v2_current_player_display_20260630,2026-pre-draft,2026 NFL season,true,false,false,false,false,false,false,false,partial_2025_feature_source_approval,partial_availability_context_missing_games,"Display-only Outcome V2 probability context from approved partial 2025 feature source; games missing, sack_fumbles_lost missing, availability not clean health.",validated_position_fields_only; blocked_fields=RB_T6_WITHIN_5Y|RB_T12_WITHIN_5Y; next_year=2027 NFL season; within_5y=at least once from 2026 through 2030,Not enough information,Not enough information,Not enough information,Not enough information,Not enough information,Not enough information,Not enough information,Not enough information,Not enough information,Not enough information,Not enough information,Not enough information,Not enough information,Not enough information,Not enough information,Not enough information,0.9%,1.2%,2.2%,2.4%,0.6%,1.6%,1.8%,2.6%,12.9%,18.5%,22.1%,30.6%,Not enough information,Not enough information,Not enough information,Not enough information,Not enough information,Not enough information
12484,12484,00-0040130,Jayden Higgins,WR,HOU,out_of_scope_rookie_or_prospect,out_of_scope_rookie_or_prospect,out_of_scope_rookie_or_prospect,Not enough information,outcome_v2_current_player_display_20260630,2026-pre-draft,2026 NFL season,true,false,false,false,false,false,false,false,partial_2025_feature_source_approval,Not enough information,Not enough information: Normal Outcome V2 excludes rookies/prospects.,validated_position_fields_only; blocked_fields=RB_T6_WITHIN_5Y|RB_T12_WITHIN_5Y; next_year=2027 NFL season; within_5y=at least once from 2026 through 2030,Not enough information,Not enough information,Not enough information,Not enough information,Not enough information,Not enough information,Not enough information,Not enough information,Not enough information,Not enough information,Not enough information,Not enough information,Not enough information,Not enough information,Not enough information,Not enough information,Not enough information,Not enough information,Not enough information,Not enough information,Not enough information,Not enough information,Not enough information,Not enough information,Not enough information,Not enough information,Not enough information,Not enough information,Not enough information,Not enough information,Not enough information,Not enough information,Not enough information,Not enough information
5892,5892,00-0035685,David Montgomery,RB,HOU,eligible_veteran_feature_covered,matched_exact,feature_covered_2025_regular_season,partial_exact_first_down_scoring_missing_sack_fumbles_lost,outcome_v2_current_player_display_20260630,2026-pre-draft,2026 NFL season,true,false,false,false,false,false,false,false,partial_2025_feature_source_approval,partial_availability_context_missing_games,"Display-only Outcome V2 probability context from approved partial 2025 feature source; games missing, sack_fumbles_lost missing, availability not clean health.",validated_position_fields_only; blocked_fields=RB_T6_WITHIN_5Y|RB_T12_WITHIN_5Y; next_year=2027 NFL season; within_5y=at least once from 2026 through 2030,Not enough information,Not enough information,Not enough information,Not enough information,Not enough information,Not enough information,1.9%,10.3%,22.8%,56.1%,3.0%,8.3%,22.0%,46.6%,60.5%,89.2%,Not enough information,Not enough information,Not enough information,Not enough information,Not enough information,Not enough information,Not enough information,Not enough information,Not enough information,Not enough information,Not enough information,Not enough information,Not enough information,Not enough information,Not enough information,Not enough information,Not enough information,Not enough information
12489,12489,00-0040730,RJ Harvey,RB,DEN,out_of_scope_rookie_or_prospect,out_of_scope_rookie_or_prospect,out_of_scope_rookie_or_prospect,Not enough information,outcome_v2_current_player_display_20260630,2026-pre-draft,2026 NFL season,true,false,false,false,false,false,false,false,partial_2025_feature_source_approval,Not enough information,Not enough information: Normal Outcome V2 excludes rookies/prospects.,validated_position_fields_only; blocked_fields=RB_T6_WITHIN_5Y|RB_T12_WITHIN_5Y; next_year=2027 NFL season; within_5y=at least once from 2026 through 2030,Not enough information,Not enough information,Not enough information,Not enough information,Not enough information,Not enough information,Not enough information,Not enough information,Not enough information,Not enough information,Not enough information,Not enough information,Not enough information,Not enough information,Not enough information,Not enough information,Not enough information,Not enough information,Not enough information,Not enough information,Not enough information,Not enough information,Not enough information,Not enough information,Not enough information,Not enough information,Not enough information,Not enough information,Not enough information,Not enough information,Not enough information,Not enough information,Not enough information,Not enough information
10226,10226,00-0038619,Andrei Iosivas,WR,CIN,eligible_veteran_feature_covered,matched_exact,feature_covered_2025_regular_season,partial_exact_first_down_scoring_missing_sack_fumbles_lost,outcome_v2_current_player_display_20260630,2026-pre-draft,2026 NFL season,true,false,false,false,false,false,false,false,partial_2025_feature_source_approval,partial_availability_context_missing_games,"Display-only Outcome V2 probability context from approved partial 2025 feature source; games missing, sack_fumbles_lost missing, availability not clean health.",validated_position_fields_only; blocked_fields=RB_T6_WITHIN_5Y|RB_T12_WITHIN_5Y; next_year=2027 NFL season; within_5y=at least once from 2026 through 2030,Not enough information,Not enough information,Not enough information,Not enough information,Not enough information,Not enough information,Not enough information,Not enough information,Not enough information,Not enough information,Not enough information,Not enough information,Not enough information,Not enough information,Not enough information,Not enough information,0.9%,1.2%,2.2%,8.7%,0.6%,1.6%,1.8%,9.4%,12.9%,18.5%,22.1%,45.1%,Not enough information,Not enough information,Not enough information,Not enough information,Not enough information,Not enough information
1479,1479,00-0030279,Keenan Allen,WR,,eligible_veteran_feature_covered,matched_exact,feature_covered_2025_regular_season,partial_exact_first_down_scoring_missing_sack_fumbles_lost,outcome_v2_current_player_display_20260630,2026-pre-draft,2026 NFL season,true,false,false,false,false,false,false,false,partial_2025_feature_source_approval,partial_availability_context_missing_games,"Display-only Outcome V2 probability context from approved partial 2025 feature source; games missing, sack_fumbles_lost missing, availability not clean health.",validated_position_fields_only; blocked_fields=RB_T6_WITHIN_5Y|RB_T12_WITHIN_5Y; next_year=2027 NFL season; within_5y=at least once from 2026 through 2030,Not enough information,Not enough information,Not enough information,Not enough information,Not enough information,Not enough information,Not enough information,Not enough information,Not enough information,Not enough information,Not enough information,Not enough information,Not enough information,Not enough information,Not enough information,Not enough information,0.9%,1.2%,20.4%,22.9%,0.6%,1.6%,20.3%,23.5%,12.9%,18.5%,50.7%,70.2%,Not enough information,Not enough information,Not enough information,Not enough information,Not enough information,Not enough information
12493,12493,00-0040189,Oronde Gadsden,TE,LAC,out_of_scope_rookie_or_prospect,out_of_scope_rookie_or_prospect,out_of_scope_rookie_or_prospect,Not enough information,outcome_v2_current_player_display_20260630,2026-pre-draft,2026 NFL season,true,false,false,false,false,false,false,false,partial_2025_feature_source_approval,Not enough information,Not enough information: Normal Outcome V2 excludes rookies/prospects.,validated_position_fields_only; blocked_fields=RB_T6_WITHIN_5Y|RB_T12_WITHIN_5Y; next_year=2027 NFL season; within_5y=at least once from 2026 through 2030,Not enough information,Not enough information,Not enough information,Not enough information,Not enough information,Not enough information,Not enough information,Not enough information,Not enough information,Not enough information,Not enough information,Not enough information,Not enough information,Not enough information,Not enough information,Not enough information,Not enough information,Not enough information,Not enough information,Not enough information,Not enough information,Not enough information,Not enough information,Not enough information,Not enough information,Not enough information,Not enough information,Not enough information,Not enough information,Not enough information,Not enough information,Not enough information,Not enough information,Not enough information
12474,12474,00-0040583,Woody Marks,RB,HOU,out_of_scope_rookie_or_prospect,out_of_scope_rookie_or_prospect,out_of_scope_rookie_or_prospect,Not enough information,outcome_v2_current_player_display_20260630,2026-pre-draft,2026 NFL season,true,false,false,false,false,false,false,false,partial_2025_feature_source_approval,Not enough information,Not enough information: Normal Outcome V2 excludes rookies/prospects.,validated_position_fields_only; blocked_fields=RB_T6_WITHIN_5Y|RB_T12_WITHIN_5Y; next_year=2027 NFL season; within_5y=at least once from 2026 through 2030,Not enough information,Not enough information,Not enough information,Not enough information,Not enough information,Not enough information,Not enough information,Not enough information,Not enough information,Not enough information,Not enough information,Not enough information,Not enough information,Not enough information,Not enough information,Not enough information,Not enough information,Not enough information,Not enough information,Not enough information,Not enough information,Not enough information,Not enough information,Not enough information,Not enough information,Not enough information,Not enough information,Not enough information,Not enough information,Not enough information,Not enough information,Not enough information,Not enough information,Not enough information
8136,8136,00-0037256,Rachaad White,RB,WAS,eligible_veteran_feature_covered,matched_exact,feature_covered_2025_regular_season,partial_exact_first_down_scoring_missing_sack_fumbles_lost,outcome_v2_current_player_display_20260630,2026-pre-draft,2026 NFL season,true,false,false,false,false,false,false,false,partial_2025_feature_source_approval,partial_availability_context_missing_games,"Display-only Outcome V2 probability context from approved partial 2025 feature source; games missing, sack_fumbles_lost missing, availability not clean health.",validated_position_fields_only; blocked_fields=RB_T6_WITHIN_5Y|RB_T12_WITHIN_5Y; next_year=2027 NFL season; within_5y=at least once from 2026 through 2030,Not enough information,Not enough information,Not enough information,Not enough information,Not enough information,Not enough information,1.9%,3.4%,22.8%,22.2%,3.0%,4.9%,22.0%,26.1%,60.5%,65.1%,Not enough information,Not enough information,Not enough information,Not enough information,Not enough information,Not enough information,Not enough information,Not enough information,Not enough information,Not enough information,Not enough information,Not enough information,Not enough information,Not enough information,Not enough information,Not enough information,Not enough information,Not enough information
12501,12501,00-0040667,Matthew Golden,WR,GB,out_of_scope_rookie_or_prospect,out_of_scope_rookie_or_prospect,out_of_scope_rookie_or_prospect,Not enough information,outcome_v2_current_player_display_20260630,2026-pre-draft,2026 NFL season,true,false,false,false,false,false,false,false,partial_2025_feature_source_approval,Not enough information,Not enough information: Normal Outcome V2 excludes rookies/prospects.,validated_position_fields_only; blocked_fields=RB_T6_WITHIN_5Y|RB_T12_WITHIN_5Y; next_year=2027 NFL season; within_5y=at least once from 2026 through 2030,Not enough information,Not enough information,Not enough information,Not enough information,Not enough information,Not enough information,Not enough information,Not enough information,Not enough information,Not enough information,Not enough information,Not enough information,Not enough information,Not enough information,Not enough information,Not enough information,Not enough information,Not enough information,Not enough information,Not enough information,Not enough information,Not enough information,Not enough information,Not enough information,Not enough information,Not enough information,Not enough information,Not enough information,Not enough information,Not enough information,Not enough information,Not enough information,Not enough information,Not enough information
12530,12530,00-0040718,Travis Hunter,WR,JAX,out_of_scope_rookie_or_prospect,out_of_scope_rookie_or_prospect,out_of_scope_rookie_or_prospect,Not enough information,outcome_v2_current_player_display_20260630,2026-pre-draft,2026 NFL season,true,false,false,false,false,false,false,false,partial_2025_feature_source_approval,Not enough information,Not enough information: Normal Outcome V2 excludes rookies/prospects.,validated_position_fields_only; blocked_fields=RB_T6_WITHIN_5Y|RB_T12_WITHIN_5Y; next_year=2027 NFL season; within_5y=at least once from 2026 through 2030,Not enough information,Not enough information,Not enough information,Not enough information,Not enough information,Not enough information,Not enough information,Not enough information,Not enough information,Not enough information,Not enough information,Not enough information,Not enough information,Not enough information,Not enough information,Not enough information,Not enough information,Not enough information,Not enough information,Not enough information,Not enough information,Not enough information,Not enough information,Not enough information,Not enough information,Not enough information,Not enough information,Not enough information,Not enough information,Not enough information,Not enough information,Not enough information,Not enough information,Not enough information
2216,2216,00-0031408,Mike Evans,WR,SF,eligible_veteran_feature_covered,matched_exact,feature_covered_2025_regular_season,partial_exact_first_down_scoring_missing_sack_fumbles_lost,outcome_v2_current_player_display_20260630,2026-pre-draft,2026 NFL season,true,false,false,false,false,false,false,false,partial_2025_feature_source_approval,partial_availability_context_missing_games,"Display-only Outcome V2 probability context from approved partial 2025 feature source; games missing, sack_fumbles_lost missing, availability not clean health.",validated_position_fields_only; blocked_fields=RB_T6_WITHIN_5Y|RB_T12_WITHIN_5Y; next_year=2027 NFL season; within_5y=at least once from 2026 through 2030,Not enough information,Not enough information,Not enough information,Not enough information,Not enough information,Not enough information,Not enough information,Not enough information,Not enough information,Not enough information,Not enough information,Not enough information,Not enough information,Not enough information,Not enough information,Not enough information,0.9%,1.2%,2.2%,8.7%,0.6%,1.6%,1.8%,9.4%,12.9%,18.5%,22.1%,45.1%,Not enough information,Not enough information,Not enough information,Not enough information,Not enough information,Not enough information
4892,4892,00-0034855,Baker Mayfield,QB,TB,eligible_veteran_feature_covered,matched_exact,feature_covered_2025_regular_season,partial_exact_first_down_scoring_missing_sack_fumbles_lost,outcome_v2_current_player_display_20260630,2026-pre-draft,2026 NFL season,true,false,false,false,false,false,false,false,partial_2025_feature_source_approval,partial_availability_context_missing_games,"Display-only Outcome V2 probability context from approved partial 2025 feature source; games missing, sack_fumbles_lost missing, availability not clean health.",validated_position_fields_only; blocked_fields=RB_T6_WITHIN_5Y|RB_T12_WITHIN_5Y; next_year=2027 NFL season; within_5y=at least once from 2026 through 2030,30.0%,56.6%,18.4%,53.3%,56.9%,86.0%,Not enough information,Not enough information,Not enough information,Not enough information,Not enough information,Not enough information,Not enough information,Not enough information,Not enough information,Not enough information,Not enough information,Not enough information,Not enough information,Not enough information,Not enough information,Not enough information,Not enough information,Not enough information,Not enough information,Not enough information,Not enough information,Not enough information,Not enough information,Not enough information,Not enough information,Not enough information,Not enough information,Not enough information
4950,4950,00-0034775,Christian Kirk,WR,SF,eligible_veteran_feature_covered,matched_exact,feature_covered_2025_regular_season,partial_exact_first_down_scoring_missing_sack_fumbles_lost,outcome_v2_current_player_display_20260630,2026-pre-draft,2026 NFL season,true,false,false,false,false,false,false,false,partial_2025_feature_source_approval,partial_availability_context_missing_games,"Display-only Outcome V2 probability context from approved partial 2025 feature source; games missing, sack_fumbles_lost missing, availability not clean health.",validated_position_fields_only; blocked_fields=RB_T6_WITHIN_5Y|RB_T12_WITHIN_5Y; next_year=2027 NFL season; within_5y=at least once from 2026 through 2030,Not enough information,Not enough information,Not enough information,Not enough information,Not enough information,Not enough information,Not enough information,Not enough information,Not enough information,Not enough information,Not enough information,Not enough information,Not enough information,Not enough information,Not enough information,Not enough information,0.9%,1.2%,2.2%,2.4%,0.6%,1.6%,1.8%,2.6%,12.9%,18.5%,22.1%,30.6%,Not enough information,Not enough information,Not enough information,Not enough information,Not enough information,Not enough information
11834,11834,00-0039424,Devaughn Vele,WR,NO,eligible_veteran_feature_covered,matched_exact,feature_covered_2025_regular_season,partial_exact_first_down_scoring_missing_sack_fumbles_lost,outcome_v2_current_player_display_20260630,2026-pre-draft,2026 NFL season,true,false,false,false,false,false,false,false,partial_2025_feature_source_approval,partial_availability_context_missing_games,"Display-only Outcome V2 probability context from approved partial 2025 feature source; games missing, sack_fumbles_lost missing, availability not clean health.",validated_position_fields_only; blocked_fields=RB_T6_WITHIN_5Y|RB_T12_WITHIN_5Y; next_year=2027 NFL season; within_5y=at least once from 2026 through 2030,Not enough information,Not enough information,Not enough information,Not enough information,Not enough information,Not enough information,Not enough information,Not enough information,Not enough information,Not enough information,Not enough information,Not enough information,Not enough information,Not enough information,Not enough information,Not enough information,0.9%,1.2%,2.2%,8.7%,0.6%,1.6%,1.8%,9.4%,12.9%,18.5%,22.1%,45.1%,Not enough information,Not enough information,Not enough information,Not enough information,Not enough information,Not enough information
12507,12507,00-0040666,Omarion Hampton,RB,LAC,out_of_scope_rookie_or_prospect,out_of_scope_rookie_or_prospect,out_of_scope_rookie_or_prospect,Not enough information,outcome_v2_current_player_display_20260630,2026-pre-draft,2026 NFL season,true,false,false,false,false,false,false,false,partial_2025_feature_source_approval,Not enough information,Not enough information: Normal Outcome V2 excludes rookies/prospects.,validated_position_fields_only; blocked_fields=RB_T6_WITHIN_5Y|RB_T12_WITHIN_5Y; next_year=2027 NFL season; within_5y=at least once from 2026 through 2030,Not enough information,Not enough information,Not enough information,Not enough information,Not enough information,Not enough information,Not enough information,Not enough information,Not enough information,Not enough information,Not enough information,Not enough information,Not enough information,Not enough information,Not enough information,Not enough information,Not enough information,Not enough information,Not enough information,Not enough information,Not enough information,Not enough information,Not enough information,Not enough information,Not enough information,Not enough information,Not enough information,Not enough information,Not enough information,Not enough information,Not enough information,Not enough information,Not enough information,Not enough information
9508,9508,00-0039032,Tyjae Spears,RB,TEN,eligible_veteran_feature_covered,matched_exact,feature_covered_2025_regular_season,partial_exact_first_down_scoring_missing_sack_fumbles_lost,outcome_v2_current_player_display_20260630,2026-pre-draft,2026 NFL season,true,false,false,false,false,false,false,false,partial_2025_feature_source_approval,partial_availability_context_missing_games,"Display-only Outcome V2 probability context from approved partial 2025 feature source; games missing, sack_fumbles_lost missing, availability not clean health.",validated_position_fields_only; blocked_fields=RB_T6_WITHIN_5Y|RB_T12_WITHIN_5Y; next_year=2027 NFL season; within_5y=at least once from 2026 through 2030,Not enough information,Not enough information,Not enough information,Not enough information,Not enough information,Not enough information,1.9%,3.4%,7.8%,22.2%,3.0%,4.9%,14.5%,26.1%,55.7%,65.1%,Not enough information,Not enough information,Not enough information,Not enough information,Not enough information,Not enough information,Not enough information,Not enough information,Not enough information,Not enough information,Not enough information,Not enough information,Not enough information,Not enough information,Not enough information,Not enough information,Not enough information,Not enough information
12541,12541,00-0040581,Dont'e Thornton,WR,LV,out_of_scope_rookie_or_prospect,out_of_scope_rookie_or_prospect,out_of_scope_rookie_or_prospect,Not enough information,outcome_v2_current_player_display_20260630,2026-pre-draft,2026 NFL season,true,false,false,false,false,false,false,false,partial_2025_feature_source_approval,Not enough information,Not enough information: Normal Outcome V2 excludes rookies/prospects.,validated_position_fields_only; blocked_fields=RB_T6_WITHIN_5Y|RB_T12_WITHIN_5Y; next_year=2027 NFL season; within_5y=at least once from 2026 through 2030,Not enough information,Not enough information,Not enough information,Not enough information,Not enough information,Not enough information,Not enough information,Not enough information,Not enough information,Not enough information,Not enough information,Not enough information,Not enough information,Not enough information,Not enough information,Not enough information,Not enough information,Not enough information,Not enough information,Not enough information,Not enough information,Not enough information,Not enough information,Not enough information,Not enough information,Not enough information,Not enough information,Not enough information,Not enough information,Not enough information,Not enough information,Not enough information,Not enough information,Not enough information
12492,12492,00-0040134,Pat Bryant,WR,DEN,out_of_scope_rookie_or_prospect,out_of_scope_rookie_or_prospect,out_of_scope_rookie_or_prospect,Not enough information,outcome_v2_current_player_display_20260630,2026-pre-draft,2026 NFL season,true,false,false,false,false,false,false,false,partial_2025_feature_source_approval,Not enough information,Not enough information: Normal Outcome V2 excludes rookies/prospects.,validated_position_fields_only; blocked_fields=RB_T6_WITHIN_5Y|RB_T12_WITHIN_5Y; next_year=2027 NFL season; within_5y=at least once from 2026 through 2030,Not enough information,Not enough information,Not enough information,Not enough information,Not enough information,Not enough information,Not enough information,Not enough information,Not enough information,Not enough information,Not enough information,Not enough information,Not enough information,Not enough information,Not enough information,Not enough information,Not enough information,Not enough information,Not enough information,Not enough information,Not enough information,Not enough information,Not enough information,Not enough information,Not enough information,Not enough information,Not enough information,Not enough information,Not enough information,Not enough information,Not enough information,Not enough information,Not enough information,Not enough information
9494,9494,00-0038976,Marvin Mims,WR,DEN,eligible_veteran_feature_covered,matched_exact,feature_covered_2025_regular_season,partial_exact_first_down_scoring_missing_sack_fumbles_lost,outcome_v2_current_player_display_20260630,2026-pre-draft,2026 NFL season,true,false,false,false,false,false,false,false,partial_2025_feature_source_approval,partial_availability_context_missing_games,"Display-only Outcome V2 probability context from approved partial 2025 feature source; games missing, sack_fumbles_lost missing, availability not clean health.",validated_position_fields_only; blocked_fields=RB_T6_WITHIN_5Y|RB_T12_WITHIN_5Y; next_year=2027 NFL season; within_5y=at least once from 2026 through 2030,Not enough information,Not enough information,Not enough information,Not enough information,Not enough information,Not enough information,Not enough information,Not enough information,Not enough information,Not enough information,Not enough information,Not enough information,Not enough information,Not enough information,Not enough information,Not enough information,0.9%,1.2%,10.5%,22.9%,0.6%,1.6%,11.5%,23.5%,12.9%,18.5%,54.5%,70.2%,Not enough information,Not enough information,Not enough information,Not enough information,Not enough information,Not enough information
12508,12508,00-0040691,Jaxson Dart,QB,NYG,out_of_scope_rookie_or_prospect,out_of_scope_rookie_or_prospect,out_of_scope_rookie_or_prospect,Not enough information,outcome_v2_current_player_display_20260630,2026-pre-draft,2026 NFL season,true,false,false,false,false,false,false,false,partial_2025_feature_source_approval,Not enough information,Not enough information: Normal Outcome V2 excludes rookies/prospects.,validated_position_fields_only; blocked_fields=RB_T6_WITHIN_5Y|RB_T12_WITHIN_5Y; next_year=2027 NFL season; within_5y=at least once from 2026 through 2030,Not enough information,Not enough information,Not enough information,Not enough information,Not enough information,Not enough information,Not enough information,Not enough information,Not enough information,Not enough information,Not enough information,Not enough information,Not enough information,Not enough information,Not enough information,Not enough information,Not enough information,Not enough information,Not enough information,Not enough information,Not enough information,Not enough information,Not enough information,Not enough information,Not enough information,Not enough information,Not enough information,Not enough information,Not enough information,Not enough information,Not enough information,Not enough information,Not enough information,Not enough information
4177,4177,00-0033555,Mack Hollins,WR,NE,eligible_veteran_feature_covered,matched_exact,feature_covered_2025_regular_season,partial_exact_first_down_scoring_missing_sack_fumbles_lost,outcome_v2_current_player_display_20260630,2026-pre-draft,2026 NFL season,true,false,false,false,false,false,false,false,partial_2025_feature_source_approval,partial_availability_context_missing_games,"Display-only Outcome V2 probability context from approved partial 2025 feature source; games missing, sack_fumbles_lost missing, availability not clean health.",validated_position_fields_only; blocked_fields=RB_T6_WITHIN_5Y|RB_T12_WITHIN_5Y; next_year=2027 NFL season; within_5y=at least once from 2026 through 2030,Not enough information,Not enough information,Not enough information,Not enough information,Not enough information,Not enough information,Not enough information,Not enough information,Not enough information,Not enough information,Not enough information,Not enough information,Not enough information,Not enough information,Not enough information,Not enough information,0.9%,1.2%,10.5%,22.9%,0.6%,1.6%,11.5%,23.5%,12.9%,18.5%,54.5%,70.2%,Not enough information,Not enough information,Not enough information,Not enough information,Not enough information,Not enough information
10859,10859,00-0039065,Sam LaPorta,TE,DET,eligible_veteran_feature_covered,matched_exact,feature_covered_2025_regular_season,partial_exact_first_down_scoring_missing_sack_fumbles_lost,outcome_v2_current_player_display_20260630,2026-pre-draft,2026 NFL season,true,false,false,false,false,false,false,false,partial_2025_feature_source_approval,partial_availability_context_missing_games,"Display-only Outcome V2 probability context from approved partial 2025 feature source; games missing, sack_fumbles_lost missing, availability not clean health.",validated_position_fields_only; blocked_fields=RB_T6_WITHIN_5Y|RB_T12_WITHIN_5Y; next_year=2027 NFL season; within_5y=at least once from 2026 through 2030,Not enough information,Not enough information,Not enough information,Not enough information,Not enough information,Not enough information,Not enough information,Not enough information,Not enough information,Not enough information,Not enough information,Not enough information,Not enough information,Not enough information,Not enough information,Not enough information,Not enough information,Not enough information,Not enough information,Not enough information,Not enough information,Not enough information,Not enough information,Not enough information,Not enough information,Not enough information,Not enough information,Not enough information,0.5%,9.7%,1.8%,13.5%,5.3%,43.3%
12481,12481,00-0040715,Cam Skattebo,RB,NYG,out_of_scope_rookie_or_prospect,out_of_scope_rookie_or_prospect,out_of_scope_rookie_or_prospect,Not enough information,outcome_v2_current_player_display_20260630,2026-pre-draft,2026 NFL season,true,false,false,false,false,false,false,false,partial_2025_feature_source_approval,Not enough information,Not enough information: Normal Outcome V2 excludes rookies/prospects.,validated_position_fields_only; blocked_fields=RB_T6_WITHIN_5Y|RB_T12_WITHIN_5Y; next_year=2027 NFL season; within_5y=at least once from 2026 through 2030,Not enough information,Not enough information,Not enough information,Not enough information,Not enough information,Not enough information,Not enough information,Not enough information,Not enough information,Not enough information,Not enough information,Not enough information,Not enough information,Not enough information,Not enough information,Not enough information,Not enough information,Not enough information,Not enough information,Not enough information,Not enough information,Not enough information,Not enough information,Not enough information,Not enough information,Not enough information,Not enough information,Not enough information,Not enough information,Not enough information,Not enough information,Not enough information,Not enough information,Not enough information
6804,6804,00-0036264,Jordan Love,QB,GB,eligible_veteran_feature_covered,matched_exact,feature_covered_2025_regular_season,partial_exact_first_down_scoring_missing_sack_fumbles_lost,outcome_v2_current_player_display_20260630,2026-pre-draft,2026 NFL season,true,false,false,false,false,false,false,false,partial_2025_feature_source_approval,partial_availability_context_missing_games,"Display-only Outcome V2 probability context from approved partial 2025 feature source; games missing, sack_fumbles_lost missing, availability not clean health.",validated_position_fields_only; blocked_fields=RB_T6_WITHIN_5Y|RB_T12_WITHIN_5Y; next_year=2027 NFL season; within_5y=at least once from 2026 through 2030,10.0%,26.7%,8.5%,22.5%,37.3%,60.2%,Not enough information,Not enough information,Not enough information,Not enough information,Not enough information,Not enough information,Not enough information,Not enough information,Not enough information,Not enough information,Not enough information,Not enough information,Not enough information,Not enough information,Not enough information,Not enough information,Not enough information,Not enough information,Not enough information,Not enough information,Not enough information,Not enough information,Not enough information,Not enough information,Not enough information,Not enough information,Not enough information,Not enough information
4881,4881,00-0034796,Lamar Jackson,QB,BAL,eligible_veteran_feature_covered,matched_exact,feature_covered_2025_regular_season,partial_exact_first_down_scoring_missing_sack_fumbles_lost,outcome_v2_current_player_display_20260630,2026-pre-draft,2026 NFL season,true,false,false,false,false,false,false,false,partial_2025_feature_source_approval,partial_availability_context_missing_games,"Display-only Outcome V2 probability context from approved partial 2025 feature source; games missing, sack_fumbles_lost missing, availability not clean health.",validated_position_fields_only; blocked_fields=RB_T6_WITHIN_5Y|RB_T12_WITHIN_5Y; next_year=2027 NFL season; within_5y=at least once from 2026 through 2030,10.0%,26.7%,8.5%,22.5%,37.3%,60.2%,Not enough information,Not enough information,Not enough information,Not enough information,Not enough information,Not enough information,Not enough information,Not enough information,Not enough information,Not enough information,Not enough information,Not enough information,Not enough information,Not enough information,Not enough information,Not enough information,Not enough information,Not enough information,Not enough information,Not enough information,Not enough information,Not enough information,Not enough information,Not enough information,Not enough information,Not enough information,Not enough information,Not enough information
10236,10236,00-0038933,Dalton Kincaid,TE,BUF,eligible_veteran_feature_covered,matched_exact,feature_covered_2025_regular_season,partial_exact_first_down_scoring_missing_sack_fumbles_lost,outcome_v2_current_player_display_20260630,2026-pre-draft,2026 NFL season,true,false,false,false,false,false,false,false,partial_2025_feature_source_approval,partial_availability_context_missing_games,"Display-only Outcome V2 probability context from approved partial 2025 feature source; games missing, sack_fumbles_lost missing, availability not clean health.",validated_position_fields_only; blocked_fields=RB_T6_WITHIN_5Y|RB_T12_WITHIN_5Y; next_year=2027 NFL season; within_5y=at least once from 2026 through 2030,Not enough information,Not enough information,Not enough information,Not enough information,Not enough information,Not enough information,Not enough information,Not enough information,Not enough information,Not enough information,Not enough information,Not enough information,Not enough information,Not enough information,Not enough information,Not enough information,Not enough information,Not enough information,Not enough information,Not enough information,Not enough information,Not enough information,Not enough information,Not enough information,Not enough information,Not enough information,Not enough information,Not enough information,15.0%,29.0%,17.4%,20.7%,56.8%,64.8%
4454,4454,00-0033307,Kendrick Bourne,WR,ARI,eligible_veteran_feature_covered,matched_exact,feature_covered_2025_regular_season,partial_exact_first_down_scoring_missing_sack_fumbles_lost,outcome_v2_current_player_display_20260630,2026-pre-draft,2026 NFL season,true,false,false,false,false,false,false,false,partial_2025_feature_source_approval,partial_availability_context_missing_games,"Display-only Outcome V2 probability context from approved partial 2025 feature source; games missing, sack_fumbles_lost missing, availability not clean health.",validated_position_fields_only; blocked_fields=RB_T6_WITHIN_5Y|RB_T12_WITHIN_5Y; next_year=2027 NFL season; within_5y=at least once from 2026 through 2030,Not enough information,Not enough information,Not enough information,Not enough information,Not enough information,Not enough information,Not enough information,Not enough information,Not enough information,Not enough information,Not enough information,Not enough information,Not enough information,Not enough information,Not enough information,Not enough information,0.9%,1.2%,10.5%,22.9%,0.6%,1.6%,11.5%,23.5%,12.9%,18.5%,54.5%,70.2%,Not enough information,Not enough information,Not enough information,Not enough information,Not enough information,Not enough information
12503,12503,00-0040782,Isaiah Bond,WR,CLE,out_of_scope_rookie_or_prospect,out_of_scope_rookie_or_prospect,out_of_scope_rookie_or_prospect,Not enough information,outcome_v2_current_player_display_20260630,2026-pre-draft,2026 NFL season,true,false,false,false,false,false,false,false,partial_2025_feature_source_approval,Not enough information,Not enough information: Normal Outcome V2 excludes rookies/prospects.,validated_position_fields_only; blocked_fields=RB_T6_WITHIN_5Y|RB_T12_WITHIN_5Y; next_year=2027 NFL season; within_5y=at least once from 2026 through 2030,Not enough information,Not enough information,Not enough information,Not enough information,Not enough information,Not enough information,Not enough information,Not enough information,Not enough information,Not enough information,Not enough information,Not enough information,Not enough information,Not enough information,Not enough information,Not enough information,Not enough information,Not enough information,Not enough information,Not enough information,Not enough information,Not enough information,Not enough information,Not enough information,Not enough information,Not enough information,Not enough information,Not enough information,Not enough information,Not enough information,Not enough information,Not enough information,Not enough information,Not enough information
9758,9758,00-0039163,C.J. Stroud,QB,HOU,eligible_veteran_feature_covered,matched_exact,feature_covered_2025_regular_season,partial_exact_first_down_scoring_missing_sack_fumbles_lost,outcome_v2_current_player_display_20260630,2026-pre-draft,2026 NFL season,true,false,false,false,false,false,false,false,partial_2025_feature_source_approval,partial_availability_context_missing_games,"Display-only Outcome V2 probability context from approved partial 2025 feature source; games missing, sack_fumbles_lost missing, availability not clean health.",validated_position_fields_only; blocked_fields=RB_T6_WITHIN_5Y|RB_T12_WITHIN_5Y; next_year=2027 NFL season; within_5y=at least once from 2026 through 2030,2.2%,26.7%,1.4%,22.5%,16.1%,60.2%,Not enough information,Not enough information,Not enough information,Not enough information,Not enough information,Not enough information,Not enough information,Not enough information,Not enough information,Not enough information,Not enough information,Not enough information,Not enough information,Not enough information,Not enough information,Not enough information,Not enough information,Not enough information,Not enough information,Not enough information,Not enough information,Not enough information,Not enough information,Not enough information,Not enough information,Not enough information,Not enough information,Not enough information
8111,8111,00-0038129,Cade Otton,TE,TB,eligible_veteran_feature_covered,matched_exact,feature_covered_2025_regular_season,partial_exact_first_down_scoring_missing_sack_fumbles_lost,outcome_v2_current_player_display_20260630,2026-pre-draft,2026 NFL season,true,false,false,false,false,false,false,false,partial_2025_feature_source_approval,partial_availability_context_missing_games,"Display-only Outcome V2 probability context from approved partial 2025 feature source; games missing, sack_fumbles_lost missing, availability not clean health.",validated_position_fields_only; blocked_fields=RB_T6_WITHIN_5Y|RB_T12_WITHIN_5Y; next_year=2027 NFL season; within_5y=at least once from 2026 through 2030,Not enough information,Not enough information,Not enough information,Not enough information,Not enough information,Not enough information,Not enough information,Not enough information,Not enough information,Not enough information,Not enough information,Not enough information,Not enough information,Not enough information,Not enough information,Not enough information,Not enough information,Not enough information,Not enough information,Not enough information,Not enough information,Not enough information,Not enough information,Not enough information,Not enough information,Not enough information,Not enough information,Not enough information,0.5%,9.7%,1.8%,13.5%,5.3%,43.3%
1466,1466,00-0030506,Travis Kelce,TE,KC,eligible_veteran_feature_covered,matched_exact,feature_covered_2025_regular_season,partial_exact_first_down_scoring_missing_sack_fumbles_lost,outcome_v2_current_player_display_20260630,2026-pre-draft,2026 NFL season,true,false,false,false,false,false,false,false,partial_2025_feature_source_approval,partial_availability_context_missing_games,"Display-only Outcome V2 probability context from approved partial 2025 feature source; games missing, sack_fumbles_lost missing, availability not clean health.",validated_position_fields_only; blocked_fields=RB_T6_WITHIN_5Y|RB_T12_WITHIN_5Y; next_year=2027 NFL season; within_5y=at least once from 2026 through 2030,Not enough information,Not enough information,Not enough information,Not enough information,Not enough information,Not enough information,Not enough information,Not enough information,Not enough information,Not enough information,Not enough information,Not enough information,Not enough information,Not enough information,Not enough information,Not enough information,Not enough information,Not enough information,Not enough information,Not enough information,Not enough information,Not enough information,Not enough information,Not enough information,Not enough information,Not enough information,Not enough information,Not enough information,42.7%,47.1%,35.2%,39.1%,74.4%,78.6%
4217,4217,00-0033288,George Kittle,TE,SF,eligible_veteran_feature_covered,matched_exact,feature_covered_2025_regular_season,partial_exact_first_down_scoring_missing_sack_fumbles_lost,outcome_v2_current_player_display_20260630,2026-pre-draft,2026 NFL season,true,false,false,false,false,false,false,false,partial_2025_feature_source_approval,partial_availability_context_missing_games,"Display-only Outcome V2 probability context from approved partial 2025 feature source; games missing, sack_fumbles_lost missing, availability not clean health.",validated_position_fields_only; blocked_fields=RB_T6_WITHIN_5Y|RB_T12_WITHIN_5Y; next_year=2027 NFL season; within_5y=at least once from 2026 through 2030,Not enough information,Not enough information,Not enough information,Not enough information,Not enough information,Not enough information,Not enough information,Not enough information,Not enough information,Not enough information,Not enough information,Not enough information,Not enough information,Not enough information,Not enough information,Not enough information,Not enough information,Not enough information,Not enough information,Not enough information,Not enough information,Not enough information,Not enough information,Not enough information,Not enough information,Not enough information,Not enough information,Not enough information,14.1%,47.1%,13.6%,39.1%,51.8%,78.6%
4039,4039,00-0033908,Cooper Kupp,WR,SEA,eligible_veteran_feature_covered,matched_exact,feature_covered_2025_regular_season,partial_exact_first_down_scoring_missing_sack_fumbles_lost,outcome_v2_current_player_display_20260630,2026-pre-draft,2026 NFL season,true,false,false,false,false,false,false,false,partial_2025_feature_source_approval,partial_availability_context_missing_games,"Display-only Outcome V2 probability context from approved partial 2025 feature source; games missing, sack_fumbles_lost missing, availability not clean health.",validated_position_fields_only; blocked_fields=RB_T6_WITHIN_5Y|RB_T12_WITHIN_5Y; next_year=2027 NFL season; within_5y=at least once from 2026 through 2030,Not enough information,Not enough information,Not enough information,Not enough information,Not enough information,Not enough information,Not enough information,Not enough information,Not enough information,Not enough information,Not enough information,Not enough information,Not enough information,Not enough information,Not enough information,Not enough information,0.9%,1.2%,10.5%,22.9%,0.6%,1.6%,11.5%,23.5%,12.9%,18.5%,54.5%,70.2%,Not enough information,Not enough information,Not enough information,Not enough information,Not enough information,Not enough information
9484,9484,00-0038996,Tucker Kraft,TE,GB,eligible_veteran_feature_covered,matched_exact,feature_covered_2025_regular_season,partial_exact_first_down_scoring_missing_sack_fumbles_lost,outcome_v2_current_player_display_20260630,2026-pre-draft,2026 NFL season,true,false,false,false,false,false,false,false,partial_2025_feature_source_approval,partial_availability_context_missing_games,"Display-only Outcome V2 probability context from approved partial 2025 feature source; games missing, sack_fumbles_lost missing, availability not clean health.",validated_position_fields_only; blocked_fields=RB_T6_WITHIN_5Y|RB_T12_WITHIN_5Y; next_year=2027 NFL season; within_5y=at least once from 2026 through 2030,Not enough information,Not enough information,Not enough information,Not enough information,Not enough information,Not enough information,Not enough information,Not enough information,Not enough information,Not enough information,Not enough information,Not enough information,Not enough information,Not enough information,Not enough information,Not enough information,Not enough information,Not enough information,Not enough information,Not enough information,Not enough information,Not enough information,Not enough information,Not enough information,Not enough information,Not enough information,Not enough information,Not enough information,0.5%,29.0%,1.8%,20.7%,5.3%,64.8%
11647,11647,00-0039391,Kimani Vidal,RB,LAC,eligible_veteran_feature_covered,matched_exact,feature_covered_2025_regular_season,partial_exact_first_down_scoring_missing_sack_fumbles_lost,outcome_v2_current_player_display_20260630,2026-pre-draft,2026 NFL season,true,false,false,false,false,false,false,false,partial_2025_feature_source_approval,partial_availability_context_missing_games,"Display-only Outcome V2 probability context from approved partial 2025 feature source; games missing, sack_fumbles_lost missing, availability not clean health.",validated_position_fields_only; blocked_fields=RB_T6_WITHIN_5Y|RB_T12_WITHIN_5Y; next_year=2027 NFL season; within_5y=at least once from 2026 through 2030,Not enough information,Not enough information,Not enough information,Not enough information,Not enough information,Not enough information,1.9%,10.3%,22.8%,56.1%,3.0%,8.3%,22.0%,46.6%,60.5%,89.2%,Not enough information,Not enough information,Not enough information,Not enough information,Not enough information,Not enough information,Not enough information,Not enough information,Not enough information,Not enough information,Not enough information,Not enough information,Not enough information,Not enough information,Not enough information,Not enough information,Not enough information,Not enough information
5844,5844,00-0035229,T.J. Hockenson,TE,MIN,eligible_veteran_feature_covered,matched_exact,feature_covered_2025_regular_season,partial_exact_first_down_scoring_missing_sack_fumbles_lost,outcome_v2_current_player_display_20260630,2026-pre-draft,2026 NFL season,true,false,false,false,false,false,false,false,partial_2025_feature_source_approval,partial_availability_context_missing_games,"Display-only Outcome V2 probability context from approved partial 2025 feature source; games missing, sack_fumbles_lost missing, availability not clean health.",validated_position_fields_only; blocked_fields=RB_T6_WITHIN_5Y|RB_T12_WITHIN_5Y; next_year=2027 NFL season; within_5y=at least once from 2026 through 2030,Not enough information,Not enough information,Not enough information,Not enough information,Not enough information,Not enough information,Not enough information,Not enough information,Not enough information,Not enough information,Not enough information,Not enough information,Not enough information,Not enough information,Not enough information,Not enough information,Not enough information,Not enough information,Not enough information,Not enough information,Not enough information,Not enough information,Not enough information,Not enough information,Not enough information,Not enough information,Not enough information,Not enough information,0.5%,9.7%,1.8%,13.5%,5.3%,43.3%
6943,6943,00-0036196,Gabe Davis,WR,,eligible_veteran_feature_covered,matched_exact,feature_covered_2025_regular_season,partial_exact_first_down_scoring_missing_sack_fumbles_lost,outcome_v2_current_player_display_20260630,2026-pre-draft,2026 NFL season,true,false,false,false,false,false,false,false,partial_2025_feature_source_approval,partial_availability_context_missing_games,"Display-only Outcome V2 probability context from approved partial 2025 feature source; games missing, sack_fumbles_lost missing, availability not clean health.",validated_position_fields_only; blocked_fields=RB_T6_WITHIN_5Y|RB_T12_WITHIN_5Y; next_year=2027 NFL season; within_5y=at least once from 2026 through 2030,Not enough information,Not enough information,Not enough information,Not enough information,Not enough information,Not enough information,Not enough information,Not enough information,Not enough information,Not enough information,Not enough information,Not enough information,Not enough information,Not enough information,Not enough information,Not enough information,0.9%,1.2%,2.2%,2.4%,0.6%,1.6%,1.8%,2.6%,12.9%,18.5%,22.1%,30.6%,Not enough information,Not enough information,Not enough information,Not enough information,Not enough information,Not enough information
7600,7600,00-0036894,Pat Freiermuth,TE,PIT,eligible_veteran_feature_covered,matched_exact,feature_covered_2025_regular_season,partial_exact_first_down_scoring_missing_sack_fumbles_lost,outcome_v2_current_player_display_20260630,2026-pre-draft,2026 NFL season,true,false,false,false,false,false,false,false,partial_2025_feature_source_approval,partial_availability_context_missing_games,"Display-only Outcome V2 probability context from approved partial 2025 feature source; games missing, sack_fumbles_lost missing, availability not clean health.",validated_position_fields_only; blocked_fields=RB_T6_WITHIN_5Y|RB_T12_WITHIN_5Y; next_year=2027 NFL season; within_5y=at least once from 2026 through 2030,Not enough information,Not enough information,Not enough information,Not enough information,Not enough information,Not enough information,Not enough information,Not enough information,Not enough information,Not enough information,Not enough information,Not enough information,Not enough information,Not enough information,Not enough information,Not enough information,Not enough information,Not enough information,Not enough information,Not enough information,Not enough information,Not enough information,Not enough information,Not enough information,Not enough information,Not enough information,Not enough information,Not enough information,0.5%,29.0%,1.8%,20.7%,5.3%,64.8%
12509,12509,00-0040727,Tre' Harris,WR,LAC,out_of_scope_rookie_or_prospect,out_of_scope_rookie_or_prospect,out_of_scope_rookie_or_prospect,Not enough information,outcome_v2_current_player_display_20260630,2026-pre-draft,2026 NFL season,true,false,false,false,false,false,false,false,partial_2025_feature_source_approval,Not enough information,Not enough information: Normal Outcome V2 excludes rookies/prospects.,validated_position_fields_only; blocked_fields=RB_T6_WITHIN_5Y|RB_T12_WITHIN_5Y; next_year=2027 NFL season; within_5y=at least once from 2026 through 2030,Not enough information,Not enough information,Not enough information,Not enough information,Not enough information,Not enough information,Not enough information,Not enough information,Not enough information,Not enough information,Not enough information,Not enough information,Not enough information,Not enough information,Not enough information,Not enough information,Not enough information,Not enough information,Not enough information,Not enough information,Not enough information,Not enough information,Not enough information,Not enough information,Not enough information,Not enough information,Not enough information,Not enough information,Not enough information,Not enough information,Not enough information,Not enough information,Not enough information,Not enough information
9480,9480,00-0038935,Brenton Strange,TE,JAX,eligible_veteran_feature_covered,matched_exact,feature_covered_2025_regular_season,partial_exact_first_down_scoring_missing_sack_fumbles_lost,outcome_v2_current_player_display_20260630,2026-pre-draft,2026 NFL season,true,false,false,false,false,false,false,false,partial_2025_feature_source_approval,partial_availability_context_missing_games,"Display-only Outcome V2 probability context from approved partial 2025 feature source; games missing, sack_fumbles_lost missing, availability not clean health.",validated_position_fields_only; blocked_fields=RB_T6_WITHIN_5Y|RB_T12_WITHIN_5Y; next_year=2027 NFL season; within_5y=at least once from 2026 through 2030,Not enough information,Not enough information,Not enough information,Not enough information,Not enough information,Not enough information,Not enough information,Not enough information,Not enough information,Not enough information,Not enough information,Not enough information,Not enough information,Not enough information,Not enough information,Not enough information,Not enough information,Not enough information,Not enough information,Not enough information,Not enough information,Not enough information,Not enough information,Not enough information,Not enough information,Not enough information,Not enough information,Not enough information,0.5%,29.0%,1.8%,20.7%,5.3%,64.8%
12522,12522,00-0040676,Cam Ward,QB,TEN,out_of_scope_rookie_or_prospect,out_of_scope_rookie_or_prospect,out_of_scope_rookie_or_prospect,Not enough information,outcome_v2_current_player_display_20260630,2026-pre-draft,2026 NFL season,true,false,false,false,false,false,false,false,partial_2025_feature_source_approval,Not enough information,Not enough information: Normal Outcome V2 excludes rookies/prospects.,validated_position_fields_only; blocked_fields=RB_T6_WITHIN_5Y|RB_T12_WITHIN_5Y; next_year=2027 NFL season; within_5y=at least once from 2026 through 2030,Not enough information,Not enough information,Not enough information,Not enough information,Not enough information,Not enough information,Not enough information,Not enough information,Not enough information,Not enough information,Not enough information,Not enough information,Not enough information,Not enough information,Not enough information,Not enough information,Not enough information,Not enough information,Not enough information,Not enough information,Not enough information,Not enough information,Not enough information,Not enough information,Not enough information,Not enough information,Not enough information,Not enough information,Not enough information,Not enough information,Not enough information,Not enough information,Not enough information,Not enough information
12497,12497,00-0040648,Tory Horton,WR,SEA,out_of_scope_rookie_or_prospect,out_of_scope_rookie_or_prospect,out_of_scope_rookie_or_prospect,Not enough information,outcome_v2_current_player_display_20260630,2026-pre-draft,2026 NFL season,true,false,false,false,false,false,false,false,partial_2025_feature_source_approval,Not enough information,Not enough information: Normal Outcome V2 excludes rookies/prospects.,validated_position_fields_only; blocked_fields=RB_T6_WITHIN_5Y|RB_T12_WITHIN_5Y; next_year=2027 NFL season; within_5y=at least once from 2026 through 2030,Not enough information,Not enough information,Not enough information,Not enough information,Not enough information,Not enough information,Not enough information,Not enough information,Not enough information,Not enough information,Not enough information,Not enough information,Not enough information,Not enough information,Not enough information,Not enough information,Not enough information,Not enough information,Not enough information,Not enough information,Not enough information,Not enough information,Not enough information,Not enough information,Not enough information,Not enough information,Not enough information,Not enough information,Not enough information,Not enough information,Not enough information,Not enough information,Not enough information,Not enough information
6806,6806,00-0036158,J.K. Dobbins,RB,DEN,eligible_veteran_feature_covered,matched_exact,feature_covered_2025_regular_season,partial_exact_first_down_scoring_missing_sack_fumbles_lost,outcome_v2_current_player_display_20260630,2026-pre-draft,2026 NFL season,true,false,false,false,false,false,false,false,partial_2025_feature_source_approval,partial_availability_context_missing_games,"Display-only Outcome V2 probability context from approved partial 2025 feature source; games missing, sack_fumbles_lost missing, availability not clean health.",validated_position_fields_only; blocked_fields=RB_T6_WITHIN_5Y|RB_T12_WITHIN_5Y; next_year=2027 NFL season; within_5y=at least once from 2026 through 2030,Not enough information,Not enough information,Not enough information,Not enough information,Not enough information,Not enough information,1.9%,3.4%,22.8%,22.2%,3.0%,4.9%,22.0%,26.1%,60.5%,65.1%,Not enough information,Not enough information,Not enough information,Not enough information,Not enough information,Not enough information,Not enough information,Not enough information,Not enough information,Not enough information,Not enough information,Not enough information,Not enough information,Not enough information,Not enough information,Not enough information,Not enough information,Not enough information
7596,7596,00-0036980,Elijah Moore,WR,PHI,eligible_veteran_feature_covered,matched_exact,feature_covered_2025_regular_season,partial_exact_first_down_scoring_missing_sack_fumbles_lost,outcome_v2_current_player_display_20260630,2026-pre-draft,2026 NFL season,true,false,false,false,false,false,false,false,partial_2025_feature_source_approval,partial_availability_context_missing_games,"Display-only Outcome V2 probability context from approved partial 2025 feature source; games missing, sack_fumbles_lost missing, availability not clean health.",validated_position_fields_only; blocked_fields=RB_T6_WITHIN_5Y|RB_T12_WITHIN_5Y; next_year=2027 NFL season; within_5y=at least once from 2026 through 2030,Not enough information,Not enough information,Not enough information,Not enough information,Not enough information,Not enough information,Not enough information,Not enough information,Not enough information,Not enough information,Not enough information,Not enough information,Not enough information,Not enough information,Not enough information,Not enough information,0.9%,1.2%,2.2%,2.4%,0.6%,1.6%,1.8%,2.6%,12.9%,18.5%,22.1%,30.6%,Not enough information,Not enough information,Not enough information,Not enough information,Not enough information,Not enough information
12534,12534,00-0040236,Kyle Monangai,RB,CHI,out_of_scope_rookie_or_prospect,out_of_scope_rookie_or_prospect,out_of_scope_rookie_or_prospect,Not enough information,outcome_v2_current_player_display_20260630,2026-pre-draft,2026 NFL season,true,false,false,false,false,false,false,false,partial_2025_feature_source_approval,Not enough information,Not enough information: Normal Outcome V2 excludes rookies/prospects.,validated_position_fields_only; blocked_fields=RB_T6_WITHIN_5Y|RB_T12_WITHIN_5Y; next_year=2027 NFL season; within_5y=at least once from 2026 through 2030,Not enough information,Not enough information,Not enough information,Not enough information,Not enough information,Not enough information,Not enough information,Not enough information,Not enough information,Not enough information,Not enough information,Not enough information,Not enough information,Not enough information,Not enough information,Not enough information,Not enough information,Not enough information,Not enough information,Not enough information,Not enough information,Not enough information,Not enough information,Not enough information,Not enough information,Not enough information,Not enough information,Not enough information,Not enough information,Not enough information,Not enough information,Not enough information,Not enough information,Not enough information
6865,6865,00-0036244,Colby Parkinson,TE,LAR,eligible_veteran_feature_covered,matched_exact,feature_covered_2025_regular_season,partial_exact_first_down_scoring_missing_sack_fumbles_lost,outcome_v2_current_player_display_20260630,2026-pre-draft,2026 NFL season,true,false,false,false,false,false,false,false,partial_2025_feature_source_approval,partial_availability_context_missing_games,"Display-only Outcome V2 probability context from approved partial 2025 feature source; games missing, sack_fumbles_lost missing, availability not clean health.",validated_position_fields_only; blocked_fields=RB_T6_WITHIN_5Y|RB_T12_WITHIN_5Y; next_year=2027 NFL season; within_5y=at least once from 2026 through 2030,Not enough information,Not enough information,Not enough information,Not enough information,Not enough information,Not enough information,Not enough information,Not enough information,Not enough information,Not enough information,Not enough information,Not enough information,Not enough information,Not enough information,Not enough information,Not enough information,Not enough information,Not enough information,Not enough information,Not enough information,Not enough information,Not enough information,Not enough information,Not enough information,Not enough information,Not enough information,Not enough information,Not enough information,0.5%,29.0%,1.8%,20.7%,5.3%,64.8%
11650,11650,00-0039355,Luke McCaffrey,WR,WAS,eligible_veteran_feature_covered,matched_exact,feature_covered_2025_regular_season,partial_exact_first_down_scoring_missing_sack_fumbles_lost,outcome_v2_current_player_display_20260630,2026-pre-draft,2026 NFL season,true,false,false,false,false,false,false,false,partial_2025_feature_source_approval,partial_availability_context_missing_games,"Display-only Outcome V2 probability context from approved partial 2025 feature source; games missing, sack_fumbles_lost missing, availability not clean health.",validated_position_fields_only; blocked_fields=RB_T6_WITHIN_5Y|RB_T12_WITHIN_5Y; next_year=2027 NFL season; within_5y=at least once from 2026 through 2030,Not enough information,Not enough information,Not enough information,Not enough information,Not enough information,Not enough information,Not enough information,Not enough information,Not enough information,Not enough information,Not enough information,Not enough information,Not enough information,Not enough information,Not enough information,Not enough information,0.9%,1.2%,2.2%,8.7%,0.6%,1.6%,1.8%,9.4%,12.9%,18.5%,22.1%,45.1%,Not enough information,Not enough information,Not enough information,Not enough information,Not enough information,Not enough information
8132,8132,00-0037263,Tyler Allgeier,RB,ARI,eligible_veteran_feature_covered,matched_exact,feature_covered_2025_regular_season,partial_exact_first_down_scoring_missing_sack_fumbles_lost,outcome_v2_current_player_display_20260630,2026-pre-draft,2026 NFL season,true,false,false,false,false,false,false,false,partial_2025_feature_source_approval,partial_availability_context_missing_games,"Display-only Outcome V2 probability context from approved partial 2025 feature source; games missing, sack_fumbles_lost missing, availability not clean health.",validated_position_fields_only; blocked_fields=RB_T6_WITHIN_5Y|RB_T12_WITHIN_5Y; next_year=2027 NFL season; within_5y=at least once from 2026 through 2030,Not enough information,Not enough information,Not enough information,Not enough information,Not enough information,Not enough information,1.9%,3.4%,22.8%,22.2%,3.0%,4.9%,22.0%,26.1%,60.5%,65.1%,Not enough information,Not enough information,Not enough information,Not enough information,Not enough information,Not enough information,Not enough information,Not enough information,Not enough information,Not enough information,Not enough information,Not enough information,Not enough information,Not enough information,Not enough information,Not enough information,Not enough information,Not enough information
8210,8210,00-0037809,Chig Okonkwo,TE,WAS,eligible_veteran_feature_covered,matched_exact,feature_covered_2025_regular_season,partial_exact_first_down_scoring_missing_sack_fumbles_lost,outcome_v2_current_player_display_20260630,2026-pre-draft,2026 NFL season,true,false,false,false,false,false,false,false,partial_2025_feature_source_approval,partial_availability_context_missing_games,"Display-only Outcome V2 probability context from approved partial 2025 feature source; games missing, sack_fumbles_lost missing, availability not clean health.",validated_position_fields_only; blocked_fields=RB_T6_WITHIN_5Y|RB_T12_WITHIN_5Y; next_year=2027 NFL season; within_5y=at least once from 2026 through 2030,Not enough information,Not enough information,Not enough information,Not enough information,Not enough information,Not enough information,Not enough information,Not enough information,Not enough information,Not enough information,Not enough information,Not enough information,Not enough information,Not enough information,Not enough information,Not enough information,Not enough information,Not enough information,Not enough information,Not enough information,Not enough information,Not enough information,Not enough information,Not enough information,Not enough information,Not enough information,Not enough information,Not enough information,0.5%,29.0%,1.8%,20.7%,5.3%,64.8%
8205,8205,00-0037197,Isiah Pacheco,RB,DET,eligible_veteran_feature_covered,matched_exact,feature_covered_2025_regular_season,partial_exact_first_down_scoring_missing_sack_fumbles_lost,outcome_v2_current_player_display_20260630,2026-pre-draft,2026 NFL season,true,false,false,false,false,false,false,false,partial_2025_feature_source_approval,partial_availability_context_missing_games,"Display-only Outcome V2 probability context from approved partial 2025 feature source; games missing, sack_fumbles_lost missing, availability not clean health.",validated_position_fields_only; blocked_fields=RB_T6_WITHIN_5Y|RB_T12_WITHIN_5Y; next_year=2027 NFL season; within_5y=at least once from 2026 through 2030,Not enough information,Not enough information,Not enough information,Not enough information,Not enough information,Not enough information,1.9%,3.4%,7.8%,22.2%,3.0%,4.9%,14.5%,26.1%,55.7%,65.1%,Not enough information,Not enough information,Not enough information,Not enough information,Not enough information,Not enough information,Not enough information,Not enough information,Not enough information,Not enough information,Not enough information,Not enough information,Not enough information,Not enough information,Not enough information,Not enough information,Not enough information,Not enough information
11603,11603,00-0039793,AJ Barner,TE,SEA,eligible_veteran_feature_covered,matched_exact,feature_covered_2025_regular_season,partial_exact_first_down_scoring_missing_sack_fumbles_lost,outcome_v2_current_player_display_20260630,2026-pre-draft,2026 NFL season,true,false,false,false,false,false,false,false,partial_2025_feature_source_approval,partial_availability_context_missing_games,"Display-only Outcome V2 probability context from approved partial 2025 feature source; games missing, sack_fumbles_lost missing, availability not clean health.",validated_position_fields_only; blocked_fields=RB_T6_WITHIN_5Y|RB_T12_WITHIN_5Y; next_year=2027 NFL season; within_5y=at least once from 2026 through 2030,Not enough information,Not enough information,Not enough information,Not enough information,Not enough information,Not enough information,Not enough information,Not enough information,Not enough information,Not enough information,Not enough information,Not enough information,Not enough information,Not enough information,Not enough information,Not enough information,Not enough information,Not enough information,Not enough information,Not enough information,Not enough information,Not enough information,Not enough information,Not enough information,Not enough information,Not enough information,Not enough information,Not enough information,15.0%,29.0%,17.4%,20.7%,56.8%,64.8%
7607,7607,00-0036924,Michael Carter,RB,TEN,eligible_veteran_feature_covered,matched_exact,feature_covered_2025_regular_season,partial_exact_first_down_scoring_missing_sack_fumbles_lost,outcome_v2_current_player_display_20260630,2026-pre-draft,2026 NFL season,true,false,false,false,false,false,false,false,partial_2025_feature_source_approval,partial_availability_context_missing_games,"Display-only Outcome V2 probability context from approved partial 2025 feature source; games missing, sack_fumbles_lost missing, availability not clean health.",validated_position_fields_only; blocked_fields=RB_T6_WITHIN_5Y|RB_T12_WITHIN_5Y; next_year=2027 NFL season; within_5y=at least once from 2026 through 2030,Not enough information,Not enough information,Not enough information,Not enough information,Not enough information,Not enough information,1.9%,3.4%,7.8%,22.2%,3.0%,4.9%,14.5%,26.1%,55.7%,65.1%,Not enough information,Not enough information,Not enough information,Not enough information,Not enough information,Not enough information,Not enough information,Not enough information,Not enough information,Not enough information,Not enough information,Not enough information,Not enough information,Not enough information,Not enough information,Not enough information,Not enough information,Not enough information
6130,6130,00-0035250,Devin Singletary,RB,NYG,eligible_veteran_feature_covered,matched_exact,feature_covered_2025_regular_season,partial_exact_first_down_scoring_missing_sack_fumbles_lost,outcome_v2_current_player_display_20260630,2026-pre-draft,2026 NFL season,true,false,false,false,false,false,false,false,partial_2025_feature_source_approval,partial_availability_context_missing_games,"Display-only Outcome V2 probability context from approved partial 2025 feature source; games missing, sack_fumbles_lost missing, availability not clean health.",validated_position_fields_only; blocked_fields=RB_T6_WITHIN_5Y|RB_T12_WITHIN_5Y; next_year=2027 NFL season; within_5y=at least once from 2026 through 2030,Not enough information,Not enough information,Not enough information,Not enough information,Not enough information,Not enough information,1.9%,3.4%,22.8%,22.2%,3.0%,4.9%,22.0%,26.1%,60.5%,65.1%,Not enough information,Not enough information,Not enough information,Not enough information,Not enough information,Not enough information,Not enough information,Not enough information,Not enough information,Not enough information,Not enough information,Not enough information,Not enough information,Not enough information,Not enough information,Not enough information,Not enough information,Not enough information
12498,12498,00-0040736,Mason Taylor,TE,NYJ,out_of_scope_rookie_or_prospect,out_of_scope_rookie_or_prospect,out_of_scope_rookie_or_prospect,Not enough information,outcome_v2_current_player_display_20260630,2026-pre-draft,2026 NFL season,true,false,false,false,false,false,false,false,partial_2025_feature_source_approval,Not enough information,Not enough information: Normal Outcome V2 excludes rookies/prospects.,validated_position_fields_only; blocked_fields=RB_T6_WITHIN_5Y|RB_T12_WITHIN_5Y; next_year=2027 NFL season; within_5y=at least once from 2026 through 2030,Not enough information,Not enough information,Not enough information,Not enough information,Not enough information,Not enough information,Not enough information,Not enough information,Not enough information,Not enough information,Not enough information,Not enough information,Not enough information,Not enough information,Not enough information,Not enough information,Not enough information,Not enough information,Not enough information,Not enough information,Not enough information,Not enough information,Not enough information,Not enough information,Not enough information,Not enough information,Not enough information,Not enough information,Not enough information,Not enough information,Not enough information,Not enough information,Not enough information,Not enough information
8408,8408,00-0037525,Jordan Mason,RB,MIN,eligible_veteran_feature_covered,matched_exact,feature_covered_2025_regular_season,partial_exact_first_down_scoring_missing_sack_fumbles_lost,outcome_v2_current_player_display_20260630,2026-pre-draft,2026 NFL season,true,false,false,false,false,false,false,false,partial_2025_feature_source_approval,partial_availability_context_missing_games,"Display-only Outcome V2 probability context from approved partial 2025 feature source; games missing, sack_fumbles_lost missing, availability not clean health.",validated_position_fields_only; blocked_fields=RB_T6_WITHIN_5Y|RB_T12_WITHIN_5Y; next_year=2027 NFL season; within_5y=at least once from 2026 through 2030,Not enough information,Not enough information,Not enough information,Not enough information,Not enough information,Not enough information,1.9%,10.3%,22.8%,56.1%,3.0%,8.3%,22.0%,46.6%,60.5%,89.2%,Not enough information,Not enough information,Not enough information,Not enough information,Not enough information,Not enough information,Not enough information,Not enough information,Not enough information,Not enough information,Not enough information,Not enough information,Not enough information,Not enough information,Not enough information,Not enough information,Not enough information,Not enough information
6826,6826,00-0036290,Cole Kmet,TE,CHI,eligible_veteran_feature_covered,matched_exact,feature_covered_2025_regular_season,partial_exact_first_down_scoring_missing_sack_fumbles_lost,outcome_v2_current_player_display_20260630,2026-pre-draft,2026 NFL season,true,false,false,false,false,false,false,false,partial_2025_feature_source_approval,partial_availability_context_missing_games,"Display-only Outcome V2 probability context from approved partial 2025 feature source; games missing, sack_fumbles_lost missing, availability not clean health.",validated_position_fields_only; blocked_fields=RB_T6_WITHIN_5Y|RB_T12_WITHIN_5Y; next_year=2027 NFL season; within_5y=at least once from 2026 through 2030,Not enough information,Not enough information,Not enough information,Not enough information,Not enough information,Not enough information,Not enough information,Not enough information,Not enough information,Not enough information,Not enough information,Not enough information,Not enough information,Not enough information,Not enough information,Not enough information,Not enough information,Not enough information,Not enough information,Not enough information,Not enough information,Not enough information,Not enough information,Not enough information,Not enough information,Not enough information,Not enough information,Not enough information,0.5%,9.7%,1.8%,13.5%,5.3%,43.3%
12536,12536,00-0040138,Jaylin Noel,WR,HOU,out_of_scope_rookie_or_prospect,out_of_scope_rookie_or_prospect,out_of_scope_rookie_or_prospect,Not enough information,outcome_v2_current_player_display_20260630,2026-pre-draft,2026 NFL season,true,false,false,false,false,false,false,false,partial_2025_feature_source_approval,Not enough information,Not enough information: Normal Outcome V2 excludes rookies/prospects.,validated_position_fields_only; blocked_fields=RB_T6_WITHIN_5Y|RB_T12_WITHIN_5Y; next_year=2027 NFL season; within_5y=at least once from 2026 through 2030,Not enough information,Not enough information,Not enough information,Not enough information,Not enough information,Not enough information,Not enough information,Not enough information,Not enough information,Not enough information,Not enough information,Not enough information,Not enough information,Not enough information,Not enough information,Not enough information,Not enough information,Not enough information,Not enough information,Not enough information,Not enough information,Not enough information,Not enough information,Not enough information,Not enough information,Not enough information,Not enough information,Not enough information,Not enough information,Not enough information,Not enough information,Not enough information,Not enough information,Not enough information
4943,4943,00-0034869,Sam Darnold,QB,SEA,eligible_veteran_feature_covered,matched_exact,feature_covered_2025_regular_season,partial_exact_first_down_scoring_missing_sack_fumbles_lost,outcome_v2_current_player_display_20260630,2026-pre-draft,2026 NFL season,true,false,false,false,false,false,false,false,partial_2025_feature_source_approval,partial_availability_context_missing_games,"Display-only Outcome V2 probability context from approved partial 2025 feature source; games missing, sack_fumbles_lost missing, availability not clean health.",validated_position_fields_only; blocked_fields=RB_T6_WITHIN_5Y|RB_T12_WITHIN_5Y; next_year=2027 NFL season; within_5y=at least once from 2026 through 2030,10.0%,26.7%,8.5%,22.5%,37.3%,60.2%,Not enough information,Not enough information,Not enough information,Not enough information,Not enough information,Not enough information,Not enough information,Not enough information,Not enough information,Not enough information,Not enough information,Not enough information,Not enough information,Not enough information,Not enough information,Not enough information,Not enough information,Not enough information,Not enough information,Not enough information,Not enough information,Not enough information,Not enough information,Not enough information,Not enough information,Not enough information,Not enough information,Not enough information
12533,12533,00-0040242,Jacory Croskey-Merritt,RB,WAS,out_of_scope_rookie_or_prospect,out_of_scope_rookie_or_prospect,out_of_scope_rookie_or_prospect,Not enough information,outcome_v2_current_player_display_20260630,2026-pre-draft,2026 NFL season,true,false,false,false,false,false,false,false,partial_2025_feature_source_approval,Not enough information,Not enough information: Normal Outcome V2 excludes rookies/prospects.,validated_position_fields_only; blocked_fields=RB_T6_WITHIN_5Y|RB_T12_WITHIN_5Y; next_year=2027 NFL season; within_5y=at least once from 2026 through 2030,Not enough information,Not enough information,Not enough information,Not enough information,Not enough information,Not enough information,Not enough information,Not enough information,Not enough information,Not enough information,Not enough information,Not enough information,Not enough information,Not enough information,Not enough information,Not enough information,Not enough information,Not enough information,Not enough information,Not enough information,Not enough information,Not enough information,Not enough information,Not enough information,Not enough information,Not enough information,Not enough information,Not enough information,Not enough information,Not enough information,Not enough information,Not enough information,Not enough information,Not enough information
5870,5870,00-0035710,Daniel Jones,QB,IND,eligible_veteran_feature_covered,matched_exact,feature_covered_2025_regular_season,partial_exact_first_down_scoring_missing_sack_fumbles_lost,outcome_v2_current_player_display_20260630,2026-pre-draft,2026 NFL season,true,false,false,false,false,false,false,false,partial_2025_feature_source_approval,partial_availability_context_missing_games,"Display-only Outcome V2 probability context from approved partial 2025 feature source; games missing, sack_fumbles_lost missing, availability not clean health.",validated_position_fields_only; blocked_fields=RB_T6_WITHIN_5Y|RB_T12_WITHIN_5Y; next_year=2027 NFL season; within_5y=at least once from 2026 through 2030,10.0%,26.7%,8.5%,22.5%,37.3%,60.2%,Not enough information,Not enough information,Not enough information,Not enough information,Not enough information,Not enough information,Not enough information,Not enough information,Not enough information,Not enough information,Not enough information,Not enough information,Not enough information,Not enough information,Not enough information,Not enough information,Not enough information,Not enough information,Not enough information,Not enough information,Not enough information,Not enough information,Not enough information,Not enough information,Not enough information,Not enough information,Not enough information,Not enough information
11566,11566,00-0039910,Jayden Daniels,QB,WAS,eligible_veteran_feature_covered,matched_exact,feature_covered_2025_regular_season,partial_exact_first_down_scoring_missing_sack_fumbles_lost,outcome_v2_current_player_display_20260630,2026-pre-draft,2026 NFL season,true,false,false,false,false,false,false,false,partial_2025_feature_source_approval,partial_availability_context_missing_games,"Display-only Outcome V2 probability context from approved partial 2025 feature source; games missing, sack_fumbles_lost missing, availability not clean health.",validated_position_fields_only; blocked_fields=RB_T6_WITHIN_5Y|RB_T12_WITHIN_5Y; next_year=2027 NFL season; within_5y=at least once from 2026 through 2030,2.2%,14.3%,1.4%,11.0%,16.1%,25.8%,Not enough information,Not enough information,Not enough information,Not enough information,Not enough information,Not enough information,Not enough information,Not enough information,Not enough information,Not enough information,Not enough information,Not enough information,Not enough information,Not enough information,Not enough information,Not enough information,Not enough information,Not enough information,Not enough information,Not enough information,Not enough information,Not enough information,Not enough information,Not enough information,Not enough information,Not enough information,Not enough information,Not enough information
5012,5012,00-0034753,Mark Andrews,TE,BAL,eligible_veteran_feature_covered,matched_exact,feature_covered_2025_regular_season,partial_exact_first_down_scoring_missing_sack_fumbles_lost,outcome_v2_current_player_display_20260630,2026-pre-draft,2026 NFL season,true,false,false,false,false,false,false,false,partial_2025_feature_source_approval,partial_availability_context_missing_games,"Display-only Outcome V2 probability context from approved partial 2025 feature source; games missing, sack_fumbles_lost missing, availability not clean health.",validated_position_fields_only; blocked_fields=RB_T6_WITHIN_5Y|RB_T12_WITHIN_5Y; next_year=2027 NFL season; within_5y=at least once from 2026 through 2030,Not enough information,Not enough information,Not enough information,Not enough information,Not enough information,Not enough information,Not enough information,Not enough information,Not enough information,Not enough information,Not enough information,Not enough information,Not enough information,Not enough information,Not enough information,Not enough information,Not enough information,Not enough information,Not enough information,Not enough information,Not enough information,Not enough information,Not enough information,Not enough information,Not enough information,Not enough information,Not enough information,Not enough information,15.0%,29.0%,17.4%,20.7%,56.8%,64.8%
12502,12502,00-0040584,Gunnar Helm,TE,TEN,out_of_scope_rookie_or_prospect,out_of_scope_rookie_or_prospect,out_of_scope_rookie_or_prospect,Not enough information,outcome_v2_current_player_display_20260630,2026-pre-draft,2026 NFL season,true,false,false,false,false,false,false,false,partial_2025_feature_source_approval,Not enough information,Not enough information: Normal Outcome V2 excludes rookies/prospects.,validated_position_fields_only; blocked_fields=RB_T6_WITHIN_5Y|RB_T12_WITHIN_5Y; next_year=2027 NFL season; within_5y=at least once from 2026 through 2030,Not enough information,Not enough information,Not enough information,Not enough information,Not enough information,Not enough information,Not enough information,Not enough information,Not enough information,Not enough information,Not enough information,Not enough information,Not enough information,Not enough information,Not enough information,Not enough information,Not enough information,Not enough information,Not enough information,Not enough information,Not enough information,Not enough information,Not enough information,Not enough information,Not enough information,Not enough information,Not enough information,Not enough information,Not enough information,Not enough information,Not enough information,Not enough information,Not enough information,Not enough information
4033,4033,00-0033885,David Njoku,TE,LAC,eligible_veteran_feature_covered,matched_exact,feature_covered_2025_regular_season,partial_exact_first_down_scoring_missing_sack_fumbles_lost,outcome_v2_current_player_display_20260630,2026-pre-draft,2026 NFL season,true,false,false,false,false,false,false,false,partial_2025_feature_source_approval,partial_availability_context_missing_games,"Display-only Outcome V2 probability context from approved partial 2025 feature source; games missing, sack_fumbles_lost missing, availability not clean health.",validated_position_fields_only; blocked_fields=RB_T6_WITHIN_5Y|RB_T12_WITHIN_5Y; next_year=2027 NFL season; within_5y=at least once from 2026 through 2030,Not enough information,Not enough information,Not enough information,Not enough information,Not enough information,Not enough information,Not enough information,Not enough information,Not enough information,Not enough information,Not enough information,Not enough information,Not enough information,Not enough information,Not enough information,Not enough information,Not enough information,Not enough information,Not enough information,Not enough information,Not enough information,Not enough information,Not enough information,Not enough information,Not enough information,Not enough information,Not enough information,Not enough information,0.5%,9.7%,1.8%,13.5%,5.3%,43.3%
4199,4199,00-0033293,Aaron Jones,RB,MIN,eligible_veteran_feature_covered,matched_exact,feature_covered_2025_regular_season,partial_exact_first_down_scoring_missing_sack_fumbles_lost,outcome_v2_current_player_display_20260630,2026-pre-draft,2026 NFL season,true,false,false,false,false,false,false,false,partial_2025_feature_source_approval,partial_availability_context_missing_games,"Display-only Outcome V2 probability context from approved partial 2025 feature source; games missing, sack_fumbles_lost missing, availability not clean health.",validated_position_fields_only; blocked_fields=RB_T6_WITHIN_5Y|RB_T12_WITHIN_5Y; next_year=2027 NFL season; within_5y=at least once from 2026 through 2030,Not enough information,Not enough information,Not enough information,Not enough information,Not enough information,Not enough information,1.9%,3.4%,22.8%,22.2%,3.0%,4.9%,22.0%,26.1%,60.5%,65.1%,Not enough information,Not enough information,Not enough information,Not enough information,Not enough information,Not enough information,Not enough information,Not enough information,Not enough information,Not enough information,Not enough information,Not enough information,Not enough information,Not enough information,Not enough information,Not enough information,Not enough information,Not enough information
8183,8183,00-0037834,Brock Purdy,QB,SF,eligible_veteran_feature_covered,matched_exact,feature_covered_2025_regular_season,partial_exact_first_down_scoring_missing_sack_fumbles_lost,outcome_v2_current_player_display_20260630,2026-pre-draft,2026 NFL season,true,false,false,false,false,false,false,false,partial_2025_feature_source_approval,partial_availability_context_missing_games,"Display-only Outcome V2 probability context from approved partial 2025 feature source; games missing, sack_fumbles_lost missing, availability not clean health.",validated_position_fields_only; blocked_fields=RB_T6_WITHIN_5Y|RB_T12_WITHIN_5Y; next_year=2027 NFL season; within_5y=at least once from 2026 through 2030,2.2%,26.7%,1.4%,22.5%,16.1%,60.2%,Not enough information,Not enough information,Not enough information,Not enough information,Not enough information,Not enough information,Not enough information,Not enough information,Not enough information,Not enough information,Not enough information,Not enough information,Not enough information,Not enough information,Not enough information,Not enough information,Not enough information,Not enough information,Not enough information,Not enough information,Not enough information,Not enough information,Not enough information,Not enough information,Not enough information,Not enough information,Not enough information,Not enough information
12469,12469,00-0040162,Dylan Sampson,RB,CLE,out_of_scope_rookie_or_prospect,out_of_scope_rookie_or_prospect,out_of_scope_rookie_or_prospect,Not enough information,outcome_v2_current_player_display_20260630,2026-pre-draft,2026 NFL season,true,false,false,false,false,false,false,false,partial_2025_feature_source_approval,Not enough information,Not enough information: Normal Outcome V2 excludes rookies/prospects.,validated_position_fields_only; blocked_fields=RB_T6_WITHIN_5Y|RB_T12_WITHIN_5Y; next_year=2027 NFL season; within_5y=at least once from 2026 through 2030,Not enough information,Not enough information,Not enough information,Not enough information,Not enough information,Not enough information,Not enough information,Not enough information,Not enough information,Not enough information,Not enough information,Not enough information,Not enough information,Not enough information,Not enough information,Not enough information,Not enough information,Not enough information,Not enough information,Not enough information,Not enough information,Not enough information,Not enough information,Not enough information,Not enough information,Not enough information,Not enough information,Not enough information,Not enough information,Not enough information,Not enough information,Not enough information,Not enough information,Not enough information
10219,10219,00-0038611,Chris Rodriguez,RB,JAX,eligible_veteran_feature_covered,matched_exact,feature_covered_2025_regular_season,partial_exact_first_down_scoring_missing_sack_fumbles_lost,outcome_v2_current_player_display_20260630,2026-pre-draft,2026 NFL season,true,false,false,false,false,false,false,false,partial_2025_feature_source_approval,partial_availability_context_missing_games,"Display-only Outcome V2 probability context from approved partial 2025 feature source; games missing, sack_fumbles_lost missing, availability not clean health.",validated_position_fields_only; blocked_fields=RB_T6_WITHIN_5Y|RB_T12_WITHIN_5Y; next_year=2027 NFL season; within_5y=at least once from 2026 through 2030,Not enough information,Not enough information,Not enough information,Not enough information,Not enough information,Not enough information,1.9%,3.4%,22.8%,22.2%,3.0%,4.9%,22.0%,26.1%,60.5%,65.1%,Not enough information,Not enough information,Not enough information,Not enough information,Not enough information,Not enough information,Not enough information,Not enough information,Not enough information,Not enough information,Not enough information,Not enough information,Not enough information,Not enough information,Not enough information,Not enough information,Not enough information,Not enough information
12535,12535,00-0040669,Isaac TeSlaa,WR,DET,out_of_scope_rookie_or_prospect,out_of_scope_rookie_or_prospect,out_of_scope_rookie_or_prospect,Not enough information,outcome_v2_current_player_display_20260630,2026-pre-draft,2026 NFL season,true,false,false,false,false,false,false,false,partial_2025_feature_source_approval,Not enough information,Not enough information: Normal Outcome V2 excludes rookies/prospects.,validated_position_fields_only; blocked_fields=RB_T6_WITHIN_5Y|RB_T12_WITHIN_5Y; next_year=2027 NFL season; within_5y=at least once from 2026 through 2030,Not enough information,Not enough information,Not enough information,Not enough information,Not enough information,Not enough information,Not enough information,Not enough information,Not enough information,Not enough information,Not enough information,Not enough information,Not enough information,Not enough information,Not enough information,Not enough information,Not enough information,Not enough information,Not enough information,Not enough information,Not enough information,Not enough information,Not enough information,Not enough information,Not enough information,Not enough information,Not enough information,Not enough information,Not enough information,Not enough information,Not enough information,Not enough information,Not enough information,Not enough information
4035,4035,00-0033906,Alvin Kamara,RB,NO,eligible_veteran_feature_covered,matched_exact,feature_covered_2025_regular_season,partial_exact_first_down_scoring_missing_sack_fumbles_lost,outcome_v2_current_player_display_20260630,2026-pre-draft,2026 NFL season,true,false,false,false,false,false,false,false,partial_2025_feature_source_approval,partial_availability_context_missing_games,"Display-only Outcome V2 probability context from approved partial 2025 feature source; games missing, sack_fumbles_lost missing, availability not clean health.",validated_position_fields_only; blocked_fields=RB_T6_WITHIN_5Y|RB_T12_WITHIN_5Y; next_year=2027 NFL season; within_5y=at least once from 2026 through 2030,Not enough information,Not enough information,Not enough information,Not enough information,Not enough information,Not enough information,1.9%,3.4%,7.8%,22.2%,3.0%,4.9%,14.5%,26.1%,55.7%,65.1%,Not enough information,Not enough information,Not enough information,Not enough information,Not enough information,Not enough information,Not enough information,Not enough information,Not enough information,Not enough information,Not enough information,Not enough information,Not enough information,Not enough information,Not enough information,Not enough information,Not enough information,Not enough information
8131,8131,00-0037838,Isaiah Likely,TE,NYG,eligible_veteran_feature_covered,matched_exact,feature_covered_2025_regular_season,partial_exact_first_down_scoring_missing_sack_fumbles_lost,outcome_v2_current_player_display_20260630,2026-pre-draft,2026 NFL season,true,false,false,false,false,false,false,false,partial_2025_feature_source_approval,partial_availability_context_missing_games,"Display-only Outcome V2 probability context from approved partial 2025 feature source; games missing, sack_fumbles_lost missing, availability not clean health.",validated_position_fields_only; blocked_fields=RB_T6_WITHIN_5Y|RB_T12_WITHIN_5Y; next_year=2027 NFL season; within_5y=at least once from 2026 through 2030,Not enough information,Not enough information,Not enough information,Not enough information,Not enough information,Not enough information,Not enough information,Not enough information,Not enough information,Not enough information,Not enough information,Not enough information,Not enough information,Not enough information,Not enough information,Not enough information,Not enough information,Not enough information,Not enough information,Not enough information,Not enough information,Not enough information,Not enough information,Not enough information,Not enough information,Not enough information,Not enough information,Not enough information,0.5%,1.0%,1.8%,4.1%,5.3%,20.2%
96,96,00-0023459,Aaron Rodgers,QB,PIT,eligible_veteran_feature_covered,matched_exact,feature_covered_2025_regular_season,partial_exact_first_down_scoring_missing_sack_fumbles_lost,outcome_v2_current_player_display_20260630,2026-pre-draft,2026 NFL season,true,false,false,false,false,false,false,false,partial_2025_feature_source_approval,partial_availability_context_missing_games,"Display-only Outcome V2 probability context from approved partial 2025 feature source; games missing, sack_fumbles_lost missing, availability not clean health.",validated_position_fields_only; blocked_fields=RB_T6_WITHIN_5Y|RB_T12_WITHIN_5Y; next_year=2027 NFL season; within_5y=at least once from 2026 through 2030,2.2%,26.7%,1.4%,22.5%,16.1%,60.2%,Not enough information,Not enough information,Not enough information,Not enough information,Not enough information,Not enough information,Not enough information,Not enough information,Not enough information,Not enough information,Not enough information,Not enough information,Not enough information,Not enough information,Not enough information,Not enough information,Not enough information,Not enough information,Not enough information,Not enough information,Not enough information,Not enough information,Not enough information,Not enough information,Not enough information,Not enough information,Not enough information,Not enough information
11589,11589,00-0039921,Trey Benson,RB,ARI,eligible_veteran_feature_covered,matched_exact,feature_covered_2025_regular_season,partial_exact_first_down_scoring_missing_sack_fumbles_lost,outcome_v2_current_player_display_20260630,2026-pre-draft,2026 NFL season,true,false,false,false,false,false,false,false,partial_2025_feature_source_approval,partial_availability_context_missing_games,"Display-only Outcome V2 probability context from approved partial 2025 feature source; games missing, sack_fumbles_lost missing, availability not clean health.",validated_position_fields_only; blocked_fields=RB_T6_WITHIN_5Y|RB_T12_WITHIN_5Y; next_year=2027 NFL season; within_5y=at least once from 2026 through 2030,Not enough information,Not enough information,Not enough information,Not enough information,Not enough information,Not enough information,1.9%,3.4%,4.4%,12.0%,3.0%,4.9%,5.6%,13.7%,48.4%,57.7%,Not enough information,Not enough information,Not enough information,Not enough information,Not enough information,Not enough information,Not enough information,Not enough information,Not enough information,Not enough information,Not enough information,Not enough information,Not enough information,Not enough information,Not enough information,Not enough information,Not enough information,Not enough information
11586,11586,00-0039738,Blake Corum,RB,LAR,eligible_veteran_feature_covered,matched_exact,feature_covered_2025_regular_season,partial_exact_first_down_scoring_missing_sack_fumbles_lost,outcome_v2_current_player_display_20260630,2026-pre-draft,2026 NFL season,true,false,false,false,false,false,false,false,partial_2025_feature_source_approval,partial_availability_context_missing_games,"Display-only Outcome V2 probability context from approved partial 2025 feature source; games missing, sack_fumbles_lost missing, availability not clean health.",validated_position_fields_only; blocked_fields=RB_T6_WITHIN_5Y|RB_T12_WITHIN_5Y; next_year=2027 NFL season; within_5y=at least once from 2026 through 2030,Not enough information,Not enough information,Not enough information,Not enough information,Not enough information,Not enough information,1.9%,10.3%,22.8%,56.1%,3.0%,8.3%,22.0%,46.6%,60.5%,89.2%,Not enough information,Not enough information,Not enough information,Not enough information,Not enough information,Not enough information,Not enough information,Not enough information,Not enough information,Not enough information,Not enough information,Not enough information,Not enough information,Not enough information,Not enough information,Not enough information,Not enough information,Not enough information
11565,11565,00-0039923,J.J. McCarthy,QB,MIN,eligible_veteran_feature_covered,matched_exact,feature_covered_2025_regular_season,partial_exact_first_down_scoring_missing_sack_fumbles_lost,outcome_v2_current_player_display_20260630,2026-pre-draft,2026 NFL season,true,false,false,false,false,false,false,false,partial_2025_feature_source_approval,partial_availability_context_missing_games,"Display-only Outcome V2 probability context from approved partial 2025 feature source; games missing, sack_fumbles_lost missing, availability not clean health.",validated_position_fields_only; blocked_fields=RB_T6_WITHIN_5Y|RB_T12_WITHIN_5Y; next_year=2027 NFL season; within_5y=at least once from 2026 through 2030,2.2%,14.3%,1.4%,11.0%,16.1%,25.8%,Not enough information,Not enough information,Not enough information,Not enough information,Not enough information,Not enough information,Not enough information,Not enough information,Not enough information,Not enough information,Not enough information,Not enough information,Not enough information,Not enough information,Not enough information,Not enough information,Not enough information,Not enough information,Not enough information,Not enough information,Not enough information,Not enough information,Not enough information,Not enough information,Not enough information,Not enough information,Not enough information,Not enough information
4066,4066,00-0033881,Evan Engram,TE,DEN,eligible_veteran_feature_covered,matched_exact,feature_covered_2025_regular_season,partial_exact_first_down_scoring_missing_sack_fumbles_lost,outcome_v2_current_player_display_20260630,2026-pre-draft,2026 NFL season,true,false,false,false,false,false,false,false,partial_2025_feature_source_approval,partial_availability_context_missing_games,"Display-only Outcome V2 probability context from approved partial 2025 feature source; games missing, sack_fumbles_lost missing, availability not clean health.",validated_position_fields_only; blocked_fields=RB_T6_WITHIN_5Y|RB_T12_WITHIN_5Y; next_year=2027 NFL season; within_5y=at least once from 2026 through 2030,Not enough information,Not enough information,Not enough information,Not enough information,Not enough information,Not enough information,Not enough information,Not enough information,Not enough information,Not enough information,Not enough information,Not enough information,Not enough information,Not enough information,Not enough information,Not enough information,Not enough information,Not enough information,Not enough information,Not enough information,Not enough information,Not enough information,Not enough information,Not enough information,Not enough information,Not enough information,Not enough information,Not enough information,0.5%,9.7%,1.8%,13.5%,5.3%,43.3%
5995,5995,00-0034975,Justice Hill,RB,BAL,eligible_veteran_feature_covered,matched_exact,feature_covered_2025_regular_season,partial_exact_first_down_scoring_missing_sack_fumbles_lost,outcome_v2_current_player_display_20260630,2026-pre-draft,2026 NFL season,true,false,false,false,false,false,false,false,partial_2025_feature_source_approval,partial_availability_context_missing_games,"Display-only Outcome V2 probability context from approved partial 2025 feature source; games missing, sack_fumbles_lost missing, availability not clean health.",validated_position_fields_only; blocked_fields=RB_T6_WITHIN_5Y|RB_T12_WITHIN_5Y; next_year=2027 NFL season; within_5y=at least once from 2026 through 2030,Not enough information,Not enough information,Not enough information,Not enough information,Not enough information,Not enough information,1.9%,3.4%,7.8%,22.2%,3.0%,4.9%,14.5%,26.1%,55.7%,65.1%,Not enough information,Not enough information,Not enough information,Not enough information,Not enough information,Not enough information,Not enough information,Not enough information,Not enough information,Not enough information,Not enough information,Not enough information,Not enough information,Not enough information,Not enough information,Not enough information,Not enough information,Not enough information
7591,7591,00-0036945,Justin Fields,QB,KC,eligible_veteran_feature_covered,matched_exact,feature_covered_2025_regular_season,partial_exact_first_down_scoring_missing_sack_fumbles_lost,outcome_v2_current_player_display_20260630,2026-pre-draft,2026 NFL season,true,false,false,false,false,false,false,false,partial_2025_feature_source_approval,partial_availability_context_missing_games,"Display-only Outcome V2 probability context from approved partial 2025 feature source; games missing, sack_fumbles_lost missing, availability not clean health.",validated_position_fields_only; blocked_fields=RB_T6_WITHIN_5Y|RB_T12_WITHIN_5Y; next_year=2027 NFL season; within_5y=at least once from 2026 through 2030,2.2%,14.3%,1.4%,11.0%,16.1%,25.8%,Not enough information,Not enough information,Not enough information,Not enough information,Not enough information,Not enough information,Not enough information,Not enough information,Not enough information,Not enough information,Not enough information,Not enough information,Not enough information,Not enough information,Not enough information,Not enough information,Not enough information,Not enough information,Not enough information,Not enough information,Not enough information,Not enough information,Not enough information,Not enough information,Not enough information,Not enough information,Not enough information,Not enough information
11435,11435,00-0038797,Emanuel Wilson,RB,SEA,eligible_veteran_feature_covered,matched_exact,feature_covered_2025_regular_season,partial_exact_first_down_scoring_missing_sack_fumbles_lost,outcome_v2_current_player_display_20260630,2026-pre-draft,2026 NFL season,true,false,false,false,false,false,false,false,partial_2025_feature_source_approval,partial_availability_context_missing_games,"Display-only Outcome V2 probability context from approved partial 2025 feature source; games missing, sack_fumbles_lost missing, availability not clean health.",validated_position_fields_only; blocked_fields=RB_T6_WITHIN_5Y|RB_T12_WITHIN_5Y; next_year=2027 NFL season; within_5y=at least once from 2026 through 2030,Not enough information,Not enough information,Not enough information,Not enough information,Not enough information,Not enough information,1.9%,3.4%,22.8%,22.2%,3.0%,4.9%,22.0%,26.1%,60.5%,65.1%,Not enough information,Not enough information,Not enough information,Not enough information,Not enough information,Not enough information,Not enough information,Not enough information,Not enough information,Not enough information,Not enough information,Not enough information,Not enough information,Not enough information,Not enough information,Not enough information,Not enough information,Not enough information
6770,6770,00-0036442,Joe Burrow,QB,CIN,eligible_veteran_feature_covered,matched_exact,feature_covered_2025_regular_season,partial_exact_first_down_scoring_missing_sack_fumbles_lost,outcome_v2_current_player_display_20260630,2026-pre-draft,2026 NFL season,true,false,false,false,false,false,false,false,partial_2025_feature_source_approval,partial_availability_context_missing_games,"Display-only Outcome V2 probability context from approved partial 2025 feature source; games missing, sack_fumbles_lost missing, availability not clean health.",validated_position_fields_only; blocked_fields=RB_T6_WITHIN_5Y|RB_T12_WITHIN_5Y; next_year=2027 NFL season; within_5y=at least once from 2026 through 2030,2.2%,14.3%,1.4%,11.0%,16.1%,25.8%,Not enough information,Not enough information,Not enough information,Not enough information,Not enough information,Not enough information,Not enough information,Not enough information,Not enough information,Not enough information,Not enough information,Not enough information,Not enough information,Not enough information,Not enough information,Not enough information,Not enough information,Not enough information,Not enough information,Not enough information,Not enough information,Not enough information,Not enough information,Not enough information,Not enough information,Not enough information,Not enough information,Not enough information
8154,8154,00-0037746,Brian Robinson,RB,ATL,eligible_veteran_feature_covered,matched_exact,feature_covered_2025_regular_season,partial_exact_first_down_scoring_missing_sack_fumbles_lost,outcome_v2_current_player_display_20260630,2026-pre-draft,2026 NFL season,true,false,false,false,false,false,false,false,partial_2025_feature_source_approval,partial_availability_context_missing_games,"Display-only Outcome V2 probability context from approved partial 2025 feature source; games missing, sack_fumbles_lost missing, availability not clean health.",validated_position_fields_only; blocked_fields=RB_T6_WITHIN_5Y|RB_T12_WITHIN_5Y; next_year=2027 NFL season; within_5y=at least once from 2026 through 2030,Not enough information,Not enough information,Not enough information,Not enough information,Not enough information,Not enough information,1.9%,3.4%,7.8%,22.2%,3.0%,4.9%,14.5%,26.1%,55.7%,65.1%,Not enough information,Not enough information,Not enough information,Not enough information,Not enough information,Not enough information,Not enough information,Not enough information,Not enough information,Not enough information,Not enough information,Not enough information,Not enough information,Not enough information,Not enough information,Not enough information,Not enough information,Not enough information
11571,11571,00-0039798,Isaiah Davis,RB,NYJ,eligible_veteran_feature_covered,matched_exact,feature_covered_2025_regular_season,partial_exact_first_down_scoring_missing_sack_fumbles_lost,outcome_v2_current_player_display_20260630,2026-pre-draft,2026 NFL season,true,false,false,false,false,false,false,false,partial_2025_feature_source_approval,partial_availability_context_missing_games,"Display-only Outcome V2 probability context from approved partial 2025 feature source; games missing, sack_fumbles_lost missing, availability not clean health.",validated_position_fields_only; blocked_fields=RB_T6_WITHIN_5Y|RB_T12_WITHIN_5Y; next_year=2027 NFL season; within_5y=at least once from 2026 through 2030,Not enough information,Not enough information,Not enough information,Not enough information,Not enough information,Not enough information,1.9%,3.4%,7.8%,22.2%,3.0%,4.9%,14.5%,26.1%,55.7%,65.1%,Not enough information,Not enough information,Not enough information,Not enough information,Not enough information,Not enough information,Not enough information,Not enough information,Not enough information,Not enough information,Not enough information,Not enough information,Not enough information,Not enough information,Not enough information,Not enough information,Not enough information,Not enough information
12482,12482,00-0040009,Savion Williams,WR,GB,out_of_scope_rookie_or_prospect,out_of_scope_rookie_or_prospect,out_of_scope_rookie_or_prospect,Not enough information,outcome_v2_current_player_display_20260630,2026-pre-draft,2026 NFL season,true,false,false,false,false,false,false,false,partial_2025_feature_source_approval,Not enough information,Not enough information: Normal Outcome V2 excludes rookies/prospects.,validated_position_fields_only; blocked_fields=RB_T6_WITHIN_5Y|RB_T12_WITHIN_5Y; next_year=2027 NFL season; within_5y=at least once from 2026 through 2030,Not enough information,Not enough information,Not enough information,Not enough information,Not enough information,Not enough information,Not enough information,Not enough information,Not enough information,Not enough information,Not enough information,Not enough information,Not enough information,Not enough information,Not enough information,Not enough information,Not enough information,Not enough information,Not enough information,Not enough information,Not enough information,Not enough information,Not enough information,Not enough information,Not enough information,Not enough information,Not enough information,Not enough information,Not enough information,Not enough information,Not enough information,Not enough information,Not enough information,Not enough information
12521,12521,00-0040739,Elijah Arroyo,TE,SEA,out_of_scope_rookie_or_prospect,out_of_scope_rookie_or_prospect,out_of_scope_rookie_or_prospect,Not enough information,outcome_v2_current_player_display_20260630,2026-pre-draft,2026 NFL season,true,false,false,false,false,false,false,false,partial_2025_feature_source_approval,Not enough information,Not enough information: Normal Outcome V2 excludes rookies/prospects.,validated_position_fields_only; blocked_fields=RB_T6_WITHIN_5Y|RB_T12_WITHIN_5Y; next_year=2027 NFL season; within_5y=at least once from 2026 through 2030,Not enough information,Not enough information,Not enough information,Not enough information,Not enough information,Not enough information,Not enough information,Not enough information,Not enough information,Not enough information,Not enough information,Not enough information,Not enough information,Not enough information,Not enough information,Not enough information,Not enough information,Not enough information,Not enough information,Not enough information,Not enough information,Not enough information,Not enough information,Not enough information,Not enough information,Not enough information,Not enough information,Not enough information,Not enough information,Not enough information,Not enough information,Not enough information,Not enough information,Not enough information
11575,11575,00-0039875,Ray Davis,RB,BUF,eligible_veteran_feature_covered,matched_exact,feature_covered_2025_regular_season,partial_exact_first_down_scoring_missing_sack_fumbles_lost,outcome_v2_current_player_display_20260630,2026-pre-draft,2026 NFL season,true,false,false,false,false,false,false,false,partial_2025_feature_source_approval,partial_availability_context_missing_games,"Display-only Outcome V2 probability context from approved partial 2025 feature source; games missing, sack_fumbles_lost missing, availability not clean health.",validated_position_fields_only; blocked_fields=RB_T6_WITHIN_5Y|RB_T12_WITHIN_5Y; next_year=2027 NFL season; within_5y=at least once from 2026 through 2030,Not enough information,Not enough information,Not enough information,Not enough information,Not enough information,Not enough information,1.9%,3.4%,7.8%,22.2%,3.0%,4.9%,14.5%,26.1%,55.7%,65.1%,Not enough information,Not enough information,Not enough information,Not enough information,Not enough information,Not enough information,Not enough information,Not enough information,Not enough information,Not enough information,Not enough information,Not enough information,Not enough information,Not enough information,Not enough information,Not enough information,Not enough information,Not enough information
12524,12524,00-0040668,Shedeur Sanders,QB,CLE,out_of_scope_rookie_or_prospect,out_of_scope_rookie_or_prospect,out_of_scope_rookie_or_prospect,Not enough information,outcome_v2_current_player_display_20260630,2026-pre-draft,2026 NFL season,true,false,false,false,false,false,false,false,partial_2025_feature_source_approval,Not enough information,Not enough information: Normal Outcome V2 excludes rookies/prospects.,validated_position_fields_only; blocked_fields=RB_T6_WITHIN_5Y|RB_T12_WITHIN_5Y; next_year=2027 NFL season; within_5y=at least once from 2026 through 2030,Not enough information,Not enough information,Not enough information,Not enough information,Not enough information,Not enough information,Not enough information,Not enough information,Not enough information,Not enough information,Not enough information,Not enough information,Not enough information,Not enough information,Not enough information,Not enough information,Not enough information,Not enough information,Not enough information,Not enough information,Not enough information,Not enough information,Not enough information,Not enough information,Not enough information,Not enough information,Not enough information,Not enough information,Not enough information,Not enough information,Not enough information,Not enough information,Not enough information,Not enough information
12476,12476,00-0040202,Devin Neal,RB,NO,out_of_scope_rookie_or_prospect,out_of_scope_rookie_or_prospect,out_of_scope_rookie_or_prospect,Not enough information,outcome_v2_current_player_display_20260630,2026-pre-draft,2026 NFL season,true,false,false,false,false,false,false,false,partial_2025_feature_source_approval,Not enough information,Not enough information: Normal Outcome V2 excludes rookies/prospects.,validated_position_fields_only; blocked_fields=RB_T6_WITHIN_5Y|RB_T12_WITHIN_5Y; next_year=2027 NFL season; within_5y=at least once from 2026 through 2030,Not enough information,Not enough information,Not enough information,Not enough information,Not enough information,Not enough information,Not enough information,Not enough information,Not enough information,Not enough information,Not enough information,Not enough information,Not enough information,Not enough information,Not enough information,Not enough information,Not enough information,Not enough information,Not enough information,Not enough information,Not enough information,Not enough information,Not enough information,Not enough information,Not enough information,Not enough information,Not enough information,Not enough information,Not enough information,Not enough information,Not enough information,Not enough information,Not enough information,Not enough information
7528,7528,00-0036893,Najee Harris,RB,,eligible_veteran_feature_covered,matched_exact,feature_covered_2025_regular_season,partial_exact_first_down_scoring_missing_sack_fumbles_lost,outcome_v2_current_player_display_20260630,2026-pre-draft,2026 NFL season,true,false,false,false,false,false,false,false,partial_2025_feature_source_approval,partial_availability_context_missing_games,"Display-only Outcome V2 probability context from approved partial 2025 feature source; games missing, sack_fumbles_lost missing, availability not clean health.",validated_position_fields_only; blocked_fields=RB_T6_WITHIN_5Y|RB_T12_WITHIN_5Y; next_year=2027 NFL season; within_5y=at least once from 2026 through 2030,Not enough information,Not enough information,Not enough information,Not enough information,Not enough information,Not enough information,1.9%,3.4%,4.4%,7.7%,3.0%,4.9%,5.6%,7.7%,48.4%,63.4%,Not enough information,Not enough information,Not enough information,Not enough information,Not enough information,Not enough information,Not enough information,Not enough information,Not enough information,Not enough information,Not enough information,Not enough information,Not enough information,Not enough information,Not enough information,Not enough information,Not enough information,Not enough information
12495,12495,00-0040198,Ollie Gordon,RB,MIA,out_of_scope_rookie_or_prospect,out_of_scope_rookie_or_prospect,out_of_scope_rookie_or_prospect,Not enough information,outcome_v2_current_player_display_20260630,2026-pre-draft,2026 NFL season,true,false,false,false,false,false,false,false,partial_2025_feature_source_approval,Not enough information,Not enough information: Normal Outcome V2 excludes rookies/prospects.,validated_position_fields_only; blocked_fields=RB_T6_WITHIN_5Y|RB_T12_WITHIN_5Y; next_year=2027 NFL season; within_5y=at least once from 2026 through 2030,Not enough information,Not enough information,Not enough information,Not enough information,Not enough information,Not enough information,Not enough information,Not enough information,Not enough information,Not enough information,Not enough information,Not enough information,Not enough information,Not enough information,Not enough information,Not enough information,Not enough information,Not enough information,Not enough information,Not enough information,Not enough information,Not enough information,Not enough information,Not enough information,Not enough information,Not enough information,Not enough information,Not enough information,Not enough information,Not enough information,Not enough information,Not enough information,Not enough information,Not enough information
11559,11559,00-0039917,Michael Penix,QB,ATL,eligible_veteran_feature_covered,matched_exact,feature_covered_2025_regular_season,partial_exact_first_down_scoring_missing_sack_fumbles_lost,outcome_v2_current_player_display_20260630,2026-pre-draft,2026 NFL season,true,false,false,false,false,false,false,false,partial_2025_feature_source_approval,partial_availability_context_missing_games,"Display-only Outcome V2 probability context from approved partial 2025 feature source; games missing, sack_fumbles_lost missing, availability not clean health.",validated_position_fields_only; blocked_fields=RB_T6_WITHIN_5Y|RB_T12_WITHIN_5Y; next_year=2027 NFL season; within_5y=at least once from 2026 through 2030,2.2%,14.3%,1.4%,11.0%,16.1%,25.8%,Not enough information,Not enough information,Not enough information,Not enough information,Not enough information,Not enough information,Not enough information,Not enough information,Not enough information,Not enough information,Not enough information,Not enough information,Not enough information,Not enough information,Not enough information,Not enough information,Not enough information,Not enough information,Not enough information,Not enough information,Not enough information,Not enough information,Not enough information,Not enough information,Not enough information,Not enough information,Not enough information,Not enough information
4098,4098,00-0033923,Kareem Hunt,RB,,eligible_veteran_feature_covered,matched_exact,feature_covered_2025_regular_season,partial_exact_first_down_scoring_missing_sack_fumbles_lost,outcome_v2_current_player_display_20260630,2026-pre-draft,2026 NFL season,true,false,false,false,false,false,false,false,partial_2025_feature_source_approval,partial_availability_context_missing_games,"Display-only Outcome V2 probability context from approved partial 2025 feature source; games missing, sack_fumbles_lost missing, availability not clean health.",validated_position_fields_only; blocked_fields=RB_T6_WITHIN_5Y|RB_T12_WITHIN_5Y; next_year=2027 NFL season; within_5y=at least once from 2026 through 2030,Not enough information,Not enough information,Not enough information,Not enough information,Not enough information,Not enough information,1.9%,10.3%,22.8%,56.1%,3.0%,8.3%,22.0%,46.6%,60.5%,89.2%,Not enough information,Not enough information,Not enough information,Not enough information,Not enough information,Not enough information,Not enough information,Not enough information,Not enough information,Not enough information,Not enough information,Not enough information,Not enough information,Not enough information,Not enough information,Not enough information,Not enough information,Not enough information
5849,5849,00-0035228,Kyler Murray,QB,MIN,eligible_veteran_feature_covered,matched_exact,feature_covered_2025_regular_season,partial_exact_first_down_scoring_missing_sack_fumbles_lost,outcome_v2_current_player_display_20260630,2026-pre-draft,2026 NFL season,true,false,false,false,false,false,false,false,partial_2025_feature_source_approval,partial_availability_context_missing_games,"Display-only Outcome V2 probability context from approved partial 2025 feature source; games missing, sack_fumbles_lost missing, availability not clean health.",validated_position_fields_only; blocked_fields=RB_T6_WITHIN_5Y|RB_T12_WITHIN_5Y; next_year=2027 NFL season; within_5y=at least once from 2026 through 2030,2.2%,1.8%,1.4%,3.6%,16.1%,25.6%,Not enough information,Not enough information,Not enough information,Not enough information,Not enough information,Not enough information,Not enough information,Not enough information,Not enough information,Not enough information,Not enough information,Not enough information,Not enough information,Not enough information,Not enough information,Not enough information,Not enough information,Not enough information,Not enough information,Not enough information,Not enough information,Not enough information,Not enough information,Not enough information,Not enough information,Not enough information,Not enough information,Not enough information
12455,12455,00-0040078,Brashard Smith,RB,KC,out_of_scope_rookie_or_prospect,out_of_scope_rookie_or_prospect,out_of_scope_rookie_or_prospect,Not enough information,outcome_v2_current_player_display_20260630,2026-pre-draft,2026 NFL season,true,false,false,false,false,false,false,false,partial_2025_feature_source_approval,Not enough information,Not enough information: Normal Outcome V2 excludes rookies/prospects.,validated_position_fields_only; blocked_fields=RB_T6_WITHIN_5Y|RB_T12_WITHIN_5Y; next_year=2027 NFL season; within_5y=at least once from 2026 through 2030,Not enough information,Not enough information,Not enough information,Not enough information,Not enough information,Not enough information,Not enough information,Not enough information,Not enough information,Not enough information,Not enough information,Not enough information,Not enough information,Not enough information,Not enough information,Not enough information,Not enough information,Not enough information,Not enough information,Not enough information,Not enough information,Not enough information,Not enough information,Not enough information,Not enough information,Not enough information,Not enough information,Not enough information,Not enough information,Not enough information,Not enough information,Not enough information,Not enough information,Not enough information
4137,4137,00-0033553,James Conner,RB,ARI,eligible_veteran_feature_covered,matched_exact,feature_covered_2025_regular_season,partial_exact_first_down_scoring_missing_sack_fumbles_lost,outcome_v2_current_player_display_20260630,2026-pre-draft,2026 NFL season,true,false,false,false,false,false,false,false,partial_2025_feature_source_approval,partial_availability_context_missing_games,"Display-only Outcome V2 probability context from approved partial 2025 feature source; games missing, sack_fumbles_lost missing, availability not clean health.",validated_position_fields_only; blocked_fields=RB_T6_WITHIN_5Y|RB_T12_WITHIN_5Y; next_year=2027 NFL season; within_5y=at least once from 2026 through 2030,Not enough information,Not enough information,Not enough information,Not enough information,Not enough information,Not enough information,1.9%,3.4%,4.4%,12.0%,3.0%,4.9%,5.6%,13.7%,48.4%,57.7%,Not enough information,Not enough information,Not enough information,Not enough information,Not enough information,Not enough information,Not enough information,Not enough information,Not enough information,Not enough information,Not enough information,Not enough information,Not enough information,Not enough information,Not enough information,Not enough information,Not enough information,Not enough information
8122,8122,00-0037157,Zonovan Knight,RB,ARI,eligible_veteran_feature_covered,matched_exact,feature_covered_2025_regular_season,partial_exact_first_down_scoring_missing_sack_fumbles_lost,outcome_v2_current_player_display_20260630,2026-pre-draft,2026 NFL season,true,false,false,false,false,false,false,false,partial_2025_feature_source_approval,partial_availability_context_missing_games,"Display-only Outcome V2 probability context from approved partial 2025 feature source; games missing, sack_fumbles_lost missing, availability not clean health.",validated_position_fields_only; blocked_fields=RB_T6_WITHIN_5Y|RB_T12_WITHIN_5Y; next_year=2027 NFL season; within_5y=at least once from 2026 through 2030,Not enough information,Not enough information,Not enough information,Not enough information,Not enough information,Not enough information,1.9%,3.4%,7.8%,22.2%,3.0%,4.9%,14.5%,26.1%,55.7%,65.1%,Not enough information,Not enough information,Not enough information,Not enough information,Not enough information,Not enough information,Not enough information,Not enough information,Not enough information,Not enough information,Not enough information,Not enough information,Not enough information,Not enough information,Not enough information,Not enough information,Not enough information,Not enough information
9757,9757,00-0038551,Kendre Miller,RB,NO,eligible_veteran_feature_covered,matched_exact,feature_covered_2025_regular_season,partial_exact_first_down_scoring_missing_sack_fumbles_lost,outcome_v2_current_player_display_20260630,2026-pre-draft,2026 NFL season,true,false,false,false,false,false,false,false,partial_2025_feature_source_approval,partial_availability_context_missing_games,"Display-only Outcome V2 probability context from approved partial 2025 feature source; games missing, sack_fumbles_lost missing, availability not clean health.",validated_position_fields_only; blocked_fields=RB_T6_WITHIN_5Y|RB_T12_WITHIN_5Y; next_year=2027 NFL season; within_5y=at least once from 2026 through 2030,Not enough information,Not enough information,Not enough information,Not enough information,Not enough information,Not enough information,1.9%,3.4%,7.8%,22.2%,3.0%,4.9%,14.5%,26.1%,55.7%,65.1%,Not enough information,Not enough information,Not enough information,Not enough information,Not enough information,Not enough information,Not enough information,Not enough information,Not enough information,Not enough information,Not enough information,Not enough information,Not enough information,Not enough information,Not enough information,Not enough information,Not enough information,Not enough information
12490,12490,00-0040719,Bhayshul Tuten,RB,JAX,out_of_scope_rookie_or_prospect,out_of_scope_rookie_or_prospect,out_of_scope_rookie_or_prospect,Not enough information,outcome_v2_current_player_display_20260630,2026-pre-draft,2026 NFL season,true,false,false,false,false,false,false,false,partial_2025_feature_source_approval,Not enough information,Not enough information: Normal Outcome V2 excludes rookies/prospects.,validated_position_fields_only; blocked_fields=RB_T6_WITHIN_5Y|RB_T12_WITHIN_5Y; next_year=2027 NFL season; within_5y=at least once from 2026 through 2030,Not enough information,Not enough information,Not enough information,Not enough information,Not enough information,Not enough information,Not enough information,Not enough information,Not enough information,Not enough information,Not enough information,Not enough information,Not enough information,Not enough information,Not enough information,Not enough information,Not enough information,Not enough information,Not enough information,Not enough information,Not enough information,Not enough information,Not enough information,Not enough information,Not enough information,Not enough information,Not enough information,Not enough information,Not enough information,Not enough information,Not enough information,Not enough information,Not enough information,Not enough information
9506,9506,00-0038951,Sean Tucker,RB,TB,eligible_veteran_feature_covered,matched_exact,feature_covered_2025_regular_season,partial_exact_first_down_scoring_missing_sack_fumbles_lost,outcome_v2_current_player_display_20260630,2026-pre-draft,2026 NFL season,true,false,false,false,false,false,false,false,partial_2025_feature_source_approval,partial_availability_context_missing_games,"Display-only Outcome V2 probability context from approved partial 2025 feature source; games missing, sack_fumbles_lost missing, availability not clean health.",validated_position_fields_only; blocked_fields=RB_T6_WITHIN_5Y|RB_T12_WITHIN_5Y; next_year=2027 NFL season; within_5y=at least once from 2026 through 2030,Not enough information,Not enough information,Not enough information,Not enough information,Not enough information,Not enough information,1.9%,3.4%,22.8%,22.2%,3.0%,4.9%,22.0%,26.1%,60.5%,65.1%,Not enough information,Not enough information,Not enough information,Not enough information,Not enough information,Not enough information,Not enough information,Not enough information,Not enough information,Not enough information,Not enough information,Not enough information,Not enough information,Not enough information,Not enough information,Not enough information,Not enough information,Not enough information
11199,11199,00-0038705,Emari Demercado,RB,KC,eligible_veteran_feature_covered,matched_exact,feature_covered_2025_regular_season,partial_exact_first_down_scoring_missing_sack_fumbles_lost,outcome_v2_current_player_display_20260630,2026-pre-draft,2026 NFL season,true,false,false,false,false,false,false,false,partial_2025_feature_source_approval,partial_availability_context_missing_games,"Display-only Outcome V2 probability context from approved partial 2025 feature source; games missing, sack_fumbles_lost missing, availability not clean health.",validated_position_fields_only; blocked_fields=RB_T6_WITHIN_5Y|RB_T12_WITHIN_5Y; next_year=2027 NFL season; within_5y=at least once from 2026 through 2030,Not enough information,Not enough information,Not enough information,Not enough information,Not enough information,Not enough information,1.9%,3.4%,7.8%,22.2%,3.0%,4.9%,14.5%,26.1%,55.7%,65.1%,Not enough information,Not enough information,Not enough information,Not enough information,Not enough information,Not enough information,Not enough information,Not enough information,Not enough information,Not enough information,Not enough information,Not enough information,Not enough information,Not enough information,Not enough information,Not enough information,Not enough information,Not enough information
11439,11439,00-0038794,Jaleel McLaughlin,RB,DEN,eligible_veteran_feature_covered,matched_exact,feature_covered_2025_regular_season,partial_exact_first_down_scoring_missing_sack_fumbles_lost,outcome_v2_current_player_display_20260630,2026-pre-draft,2026 NFL season,true,false,false,false,false,false,false,false,partial_2025_feature_source_approval,partial_availability_context_missing_games,"Display-only Outcome V2 probability context from approved partial 2025 feature source; games missing, sack_fumbles_lost missing, availability not clean health.",validated_position_fields_only; blocked_fields=RB_T6_WITHIN_5Y|RB_T12_WITHIN_5Y; next_year=2027 NFL season; within_5y=at least once from 2026 through 2030,Not enough information,Not enough information,Not enough information,Not enough information,Not enough information,Not enough information,1.9%,3.4%,4.4%,12.0%,3.0%,4.9%,5.6%,13.7%,48.4%,57.7%,Not enough information,Not enough information,Not enough information,Not enough information,Not enough information,Not enough information,Not enough information,Not enough information,Not enough information,Not enough information,Not enough information,Not enough information,Not enough information,Not enough information,Not enough information,Not enough information,Not enough information,Not enough information
9511,9511,00-0038454,Keaton Mitchell,RB,LAC,eligible_veteran_feature_covered,matched_exact,feature_covered_2025_regular_season,partial_exact_first_down_scoring_missing_sack_fumbles_lost,outcome_v2_current_player_display_20260630,2026-pre-draft,2026 NFL season,true,false,false,false,false,false,false,false,partial_2025_feature_source_approval,partial_availability_context_missing_games,"Display-only Outcome V2 probability context from approved partial 2025 feature source; games missing, sack_fumbles_lost missing, availability not clean health.",validated_position_fields_only; blocked_fields=RB_T6_WITHIN_5Y|RB_T12_WITHIN_5Y; next_year=2027 NFL season; within_5y=at least once from 2026 through 2030,Not enough information,Not enough information,Not enough information,Not enough information,Not enough information,Not enough information,1.9%,3.4%,7.8%,22.2%,3.0%,4.9%,14.5%,26.1%,55.7%,65.1%,Not enough information,Not enough information,Not enough information,Not enough information,Not enough information,Not enough information,Not enough information,Not enough information,Not enough information,Not enough information,Not enough information,Not enough information,Not enough information,Not enough information,Not enough information,Not enough information,Not enough information,Not enough information
12544,12544,00-0040238,LeQuint Allen,RB,JAX,out_of_scope_rookie_or_prospect,out_of_scope_rookie_or_prospect,out_of_scope_rookie_or_prospect,Not enough information,outcome_v2_current_player_display_20260630,2026-pre-draft,2026 NFL season,true,false,false,false,false,false,false,false,partial_2025_feature_source_approval,Not enough information,Not enough information: Normal Outcome V2 excludes rookies/prospects.,validated_position_fields_only; blocked_fields=RB_T6_WITHIN_5Y|RB_T12_WITHIN_5Y; next_year=2027 NFL season; within_5y=at least once from 2026 through 2030,Not enough information,Not enough information,Not enough information,Not enough information,Not enough information,Not enough information,Not enough information,Not enough information,Not enough information,Not enough information,Not enough information,Not enough information,Not enough information,Not enough information,Not enough information,Not enough information,Not enough information,Not enough information,Not enough information,Not enough information,Not enough information,Not enough information,Not enough information,Not enough information,Not enough information,Not enough information,Not enough information,Not enough information,Not enough information,Not enough information,Not enough information,Not enough information,Not enough information,Not enough information
4219,4219,00-0033955,Jeremy McNichols,RB,WAS,eligible_veteran_feature_covered,matched_exact,feature_covered_2025_regular_season,partial_exact_first_down_scoring_missing_sack_fumbles_lost,outcome_v2_current_player_display_20260630,2026-pre-draft,2026 NFL season,true,false,false,false,false,false,false,false,partial_2025_feature_source_approval,partial_availability_context_missing_games,"Display-only Outcome V2 probability context from approved partial 2025 feature source; games missing, sack_fumbles_lost missing, availability not clean health.",validated_position_fields_only; blocked_fields=RB_T6_WITHIN_5Y|RB_T12_WITHIN_5Y; next_year=2027 NFL season; within_5y=at least once from 2026 through 2030,Not enough information,Not enough information,Not enough information,Not enough information,Not enough information,Not enough information,1.9%,3.4%,7.8%,22.2%,3.0%,4.9%,14.5%,26.1%,55.7%,65.1%,Not enough information,Not enough information,Not enough information,Not enough information,Not enough information,Not enough information,Not enough information,Not enough information,Not enough information,Not enough information,Not enough information,Not enough information,Not enough information,Not enough information,Not enough information,Not enough information,Not enough information,Not enough information
4988,4988,00-0034791,Nick Chubb,RB,,eligible_veteran_feature_covered,matched_exact,feature_covered_2025_regular_season,partial_exact_first_down_scoring_missing_sack_fumbles_lost,outcome_v2_current_player_display_20260630,2026-pre-draft,2026 NFL season,true,false,false,false,false,false,false,false,partial_2025_feature_source_approval,partial_availability_context_missing_games,"Display-only Outcome V2 probability context from approved partial 2025 feature source; games missing, sack_fumbles_lost missing, availability not clean health.",validated_position_fields_only; blocked_fields=RB_T6_WITHIN_5Y|RB_T12_WITHIN_5Y; next_year=2027 NFL season; within_5y=at least once from 2026 through 2030,Not enough information,Not enough information,Not enough information,Not enough information,Not enough information,Not enough information,1.9%,3.4%,7.8%,22.2%,3.0%,4.9%,14.5%,26.1%,55.7%,65.1%,Not enough information,Not enough information,Not enough information,Not enough information,Not enough information,Not enough information,Not enough information,Not enough information,Not enough information,Not enough information,Not enough information,Not enough information,Not enough information,Not enough information,Not enough information,Not enough information,Not enough information,Not enough information
11576,11576,00-0039794,Braelon Allen,RB,NYJ,eligible_veteran_feature_covered,matched_exact,feature_covered_2025_regular_season,partial_exact_first_down_scoring_missing_sack_fumbles_lost,outcome_v2_current_player_display_20260630,2026-pre-draft,2026 NFL season,true,false,false,false,false,false,false,false,partial_2025_feature_source_approval,partial_availability_context_missing_games,"Display-only Outcome V2 probability context from approved partial 2025 feature source; games missing, sack_fumbles_lost missing, availability not clean health.",validated_position_fields_only; blocked_fields=RB_T6_WITHIN_5Y|RB_T12_WITHIN_5Y; next_year=2027 NFL season; within_5y=at least once from 2026 through 2030,Not enough information,Not enough information,Not enough information,Not enough information,Not enough information,Not enough information,1.9%,3.4%,4.4%,12.0%,3.0%,4.9%,5.6%,13.7%,48.4%,57.7%,Not enough information,Not enough information,Not enough information,Not enough information,Not enough information,Not enough information,Not enough information,Not enough information,Not enough information,Not enough information,Not enough information,Not enough information,Not enough information,Not enough information,Not enough information,Not enough information,Not enough information,Not enough information
9225,9225,00-0038555,Tank Bigsby,RB,PHI,eligible_veteran_feature_covered,matched_exact,feature_covered_2025_regular_season,partial_exact_first_down_scoring_missing_sack_fumbles_lost,outcome_v2_current_player_display_20260630,2026-pre-draft,2026 NFL season,true,false,false,false,false,false,false,false,partial_2025_feature_source_approval,partial_availability_context_missing_games,"Display-only Outcome V2 probability context from approved partial 2025 feature source; games missing, sack_fumbles_lost missing, availability not clean health.",validated_position_fields_only; blocked_fields=RB_T6_WITHIN_5Y|RB_T12_WITHIN_5Y; next_year=2027 NFL season; within_5y=at least once from 2026 through 2030,Not enough information,Not enough information,Not enough information,Not enough information,Not enough information,Not enough information,1.9%,3.4%,7.8%,22.2%,3.0%,4.9%,14.5%,26.1%,55.7%,65.1%,Not enough information,Not enough information,Not enough information,Not enough information,Not enough information,Not enough information,Not enough information,Not enough information,Not enough information,Not enough information,Not enough information,Not enough information,Not enough information,Not enough information,Not enough information,Not enough information,Not enough information,Not enough information
2505,2505,00-0031610,Darren Waller,TE,,eligible_veteran_feature_covered,matched_exact,feature_covered_2025_regular_season,partial_exact_first_down_scoring_missing_sack_fumbles_lost,outcome_v2_current_player_display_20260630,2026-pre-draft,2026 NFL season,true,false,false,false,false,false,false,false,partial_2025_feature_source_approval,partial_availability_context_missing_games,"Display-only Outcome V2 probability context from approved partial 2025 feature source; games missing, sack_fumbles_lost missing, availability not clean health.",validated_position_fields_only; blocked_fields=RB_T6_WITHIN_5Y|RB_T12_WITHIN_5Y; next_year=2027 NFL season; within_5y=at least once from 2026 through 2030,Not enough information,Not enough information,Not enough information,Not enough information,Not enough information,Not enough information,Not enough information,Not enough information,Not enough information,Not enough information,Not enough information,Not enough information,Not enough information,Not enough information,Not enough information,Not enough information,Not enough information,Not enough information,Not enough information,Not enough information,Not enough information,Not enough information,Not enough information,Not enough information,Not enough information,Not enough information,Not enough information,Not enough information,0.5%,9.7%,1.8%,13.5%,5.3%,43.3%
11583,11583,00-0039344,Jonathon Brooks,RB,CAR,missing_current_feature_coverage,matched_exact,missing_2025_feature_row,Not enough information,outcome_v2_current_player_display_20260630,2026-pre-draft,2026 NFL season,true,false,false,false,false,false,false,false,partial_2025_feature_source_approval,Not enough information,Not enough information: no approved 2025 feature row.,validated_position_fields_only; blocked_fields=RB_T6_WITHIN_5Y|RB_T12_WITHIN_5Y; next_year=2027 NFL season; within_5y=at least once from 2026 through 2030,Not enough information,Not enough information,Not enough information,Not enough information,Not enough information,Not enough information,Not enough information,Not enough information,Not enough information,Not enough information,Not enough information,Not enough information,Not enough information,Not enough information,Not enough information,Not enough information,Not enough information,Not enough information,Not enough information,Not enough information,Not enough information,Not enough information,Not enough information,Not enough information,Not enough information,Not enough information,Not enough information,Not enough information,Not enough information,Not enough information,Not enough information,Not enough information,Not enough information,Not enough information
11581,11581,00-0039811,MarShawn Lloyd,RB,GB,missing_current_feature_coverage,matched_exact,missing_2025_feature_row,Not enough information,outcome_v2_current_player_display_20260630,2026-pre-draft,2026 NFL season,true,false,false,false,false,false,false,false,partial_2025_feature_source_approval,Not enough information,Not enough information: no approved 2025 feature row.,validated_position_fields_only; blocked_fields=RB_T6_WITHIN_5Y|RB_T12_WITHIN_5Y; next_year=2027 NFL season; within_5y=at least once from 2026 through 2030,Not enough information,Not enough information,Not enough information,Not enough information,Not enough information,Not enough information,Not enough information,Not enough information,Not enough information,Not enough information,Not enough information,Not enough information,Not enough information,Not enough information,Not enough information,Not enough information,Not enough information,Not enough information,Not enough information,Not enough information,Not enough information,Not enough information,Not enough information,Not enough information,Not enough information,Not enough information,Not enough information,Not enough information,Not enough information,Not enough information,Not enough information,Not enough information,Not enough information,Not enough information
12457,12457,00-0040586,Jaydon Blue,RB,DAL,out_of_scope_rookie_or_prospect,out_of_scope_rookie_or_prospect,out_of_scope_rookie_or_prospect,Not enough information,outcome_v2_current_player_display_20260630,2026-pre-draft,2026 NFL season,true,false,false,false,false,false,false,false,partial_2025_feature_source_approval,Not enough information,Not enough information: Normal Outcome V2 excludes rookies/prospects.,validated_position_fields_only; blocked_fields=RB_T6_WITHIN_5Y|RB_T12_WITHIN_5Y; next_year=2027 NFL season; within_5y=at least once from 2026 through 2030,Not enough information,Not enough information,Not enough information,Not enough information,Not enough information,Not enough information,Not enough information,Not enough information,Not enough information,Not enough information,Not enough information,Not enough information,Not enough information,Not enough information,Not enough information,Not enough information,Not enough information,Not enough information,Not enough information,Not enough information,Not enough information,Not enough information,Not enough information,Not enough information,Not enough information,Not enough information,Not enough information,Not enough information,Not enough information,Not enough information,Not enough information,Not enough information,Not enough information,Not enough information
10235,10235,00-0039021,Roschon Johnson,RB,CHI,eligible_veteran_feature_covered,matched_exact,feature_covered_2025_regular_season,partial_exact_first_down_scoring_missing_sack_fumbles_lost,outcome_v2_current_player_display_20260630,2026-pre-draft,2026 NFL season,true,false,false,false,false,false,false,false,partial_2025_feature_source_approval,partial_availability_context_missing_games,"Display-only Outcome V2 probability context from approved partial 2025 feature source; games missing, sack_fumbles_lost missing, availability not clean health.",validated_position_fields_only; blocked_fields=RB_T6_WITHIN_5Y|RB_T12_WITHIN_5Y; next_year=2027 NFL season; within_5y=at least once from 2026 through 2030,Not enough information,Not enough information,Not enough information,Not enough information,Not enough information,Not enough information,1.9%,3.4%,4.4%,7.7%,3.0%,4.9%,5.6%,7.7%,48.4%,63.4%,Not enough information,Not enough information,Not enough information,Not enough information,Not enough information,Not enough information,Not enough information,Not enough information,Not enough information,Not enough information,Not enough information,Not enough information,Not enough information,Not enough information,Not enough information,Not enough information,Not enough information,Not enough information
1339,1339,00-0030061,Zach Ertz,TE,,eligible_veteran_feature_covered,matched_exact,feature_covered_2025_regular_season,partial_exact_first_down_scoring_missing_sack_fumbles_lost,outcome_v2_current_player_display_20260630,2026-pre-draft,2026 NFL season,true,false,false,false,false,false,false,false,partial_2025_feature_source_approval,partial_availability_context_missing_games,"Display-only Outcome V2 probability context from approved partial 2025 feature source; games missing, sack_fumbles_lost missing, availability not clean health.",validated_position_fields_only; blocked_fields=RB_T6_WITHIN_5Y|RB_T12_WITHIN_5Y; next_year=2027 NFL season; within_5y=at least once from 2026 through 2030,Not enough information,Not enough information,Not enough information,Not enough information,Not enough information,Not enough information,Not enough information,Not enough information,Not enough information,Not enough information,Not enough information,Not enough information,Not enough information,Not enough information,Not enough information,Not enough information,Not enough information,Not enough information,Not enough information,Not enough information,Not enough information,Not enough information,Not enough information,Not enough information,Not enough information,Not enough information,Not enough information,Not enough information,0.5%,29.0%,1.8%,20.7%,5.3%,64.8%
12504,12504,00-0040142,Kaleb Johnson,RB,PIT,out_of_scope_rookie_or_prospect,out_of_scope_rookie_or_prospect,out_of_scope_rookie_or_prospect,Not enough information,outcome_v2_current_player_display_20260630,2026-pre-draft,2026 NFL season,true,false,false,false,false,false,false,false,partial_2025_feature_source_approval,Not enough information,Not enough information: Normal Outcome V2 excludes rookies/prospects.,validated_position_fields_only; blocked_fields=RB_T6_WITHIN_5Y|RB_T12_WITHIN_5Y; next_year=2027 NFL season; within_5y=at least once from 2026 through 2030,Not enough information,Not enough information,Not enough information,Not enough information,Not enough information,Not enough information,Not enough information,Not enough information,Not enough information,Not enough information,Not enough information,Not enough information,Not enough information,Not enough information,Not enough information,Not enough information,Not enough information,Not enough information,Not enough information,Not enough information,Not enough information,Not enough information,Not enough information,Not enough information,Not enough information,Not enough information,Not enough information,Not enough information,Not enough information,Not enough information,Not enough information,Not enough information,Not enough information,Not enough information
11533,11533,,Brandon Aubrey,K,DAL,out_of_scope_unsupported_position,not_applicable_unsupported_position,out_of_scope_unsupported_position,Not enough information,outcome_v2_current_player_display_20260630,2026-pre-draft,2026 NFL season,true,false,false,false,false,false,false,false,partial_2025_feature_source_approval,Not enough information,Not enough information: unsupported Outcome V2 position.,validated_position_fields_only; blocked_fields=RB_T6_WITHIN_5Y|RB_T12_WITHIN_5Y; next_year=2027 NFL season; within_5y=at least once from 2026 through 2030,Not enough information,Not enough information,Not enough information,Not enough information,Not enough information,Not enough information,Not enough information,Not enough information,Not enough information,Not enough information,Not enough information,Not enough information,Not enough information,Not enough information,Not enough information,Not enough information,Not enough information,Not enough information,Not enough information,Not enough information,Not enough information,Not enough information,Not enough information,Not enough information,Not enough information,Not enough information,Not enough information,Not enough information,Not enough information,Not enough information,Not enough information,Not enough information,Not enough information,Not enough information
8259,8259,,Cameron Dicker,K,LAC,out_of_scope_unsupported_position,not_applicable_unsupported_position,out_of_scope_unsupported_position,Not enough information,outcome_v2_current_player_display_20260630,2026-pre-draft,2026 NFL season,true,false,false,false,false,false,false,false,partial_2025_feature_source_approval,Not enough information,Not enough information: unsupported Outcome V2 position.,validated_position_fields_only; blocked_fields=RB_T6_WITHIN_5Y|RB_T12_WITHIN_5Y; next_year=2027 NFL season; within_5y=at least once from 2026 through 2030,Not enough information,Not enough information,Not enough information,Not enough information,Not enough information,Not enough information,Not enough information,Not enough information,Not enough information,Not enough information,Not enough information,Not enough information,Not enough information,Not enough information,Not enough information,Not enough information,Not enough information,Not enough information,Not enough information,Not enough information,Not enough information,Not enough information,Not enough information,Not enough information,Not enough information,Not enough information,Not enough information,Not enough information,Not enough information,Not enough information,Not enough information,Not enough information,Not enough information,Not enough information
2747,2747,,Jason Myers,K,SEA,out_of_scope_unsupported_position,not_applicable_unsupported_position,out_of_scope_unsupported_position,Not enough information,outcome_v2_current_player_display_20260630,2026-pre-draft,2026 NFL season,true,false,false,false,false,false,false,false,partial_2025_feature_source_approval,Not enough information,Not enough information: unsupported Outcome V2 position.,validated_position_fields_only; blocked_fields=RB_T6_WITHIN_5Y|RB_T12_WITHIN_5Y; next_year=2027 NFL season; within_5y=at least once from 2026 through 2030,Not enough information,Not enough information,Not enough information,Not enough information,Not enough information,Not enough information,Not enough information,Not enough information,Not enough information,Not enough information,Not enough information,Not enough information,Not enough information,Not enough information,Not enough information,Not enough information,Not enough information,Not enough information,Not enough information,Not enough information,Not enough information,Not enough information,Not enough information,Not enough information,Not enough information,Not enough information,Not enough information,Not enough information,Not enough information,Not enough information,Not enough information,Not enough information,Not enough information,Not enough information
5189,5189,,Eddy Pineiro,K,SF,out_of_scope_unsupported_position,not_applicable_unsupported_position,out_of_scope_unsupported_position,Not enough information,outcome_v2_current_player_display_20260630,2026-pre-draft,2026 NFL season,true,false,false,false,false,false,false,false,partial_2025_feature_source_approval,Not enough information,Not enough information: unsupported Outcome V2 position.,validated_position_fields_only; blocked_fields=RB_T6_WITHIN_5Y|RB_T12_WITHIN_5Y; next_year=2027 NFL season; within_5y=at least once from 2026 through 2030,Not enough information,Not enough information,Not enough information,Not enough information,Not enough information,Not enough information,Not enough information,Not enough information,Not enough information,Not enough information,Not enough information,Not enough information,Not enough information,Not enough information,Not enough information,Not enough information,Not enough information,Not enough information,Not enough information,Not enough information,Not enough information,Not enough information,Not enough information,Not enough information,Not enough information,Not enough information,Not enough information,Not enough information,Not enough information,Not enough information,Not enough information,Not enough information,Not enough information,Not enough information
11539,11539,,Jake Bates,K,DET,out_of_scope_unsupported_position,not_applicable_unsupported_position,out_of_scope_unsupported_position,Not enough information,outcome_v2_current_player_display_20260630,2026-pre-draft,2026 NFL season,true,false,false,false,false,false,false,false,partial_2025_feature_source_approval,Not enough information,Not enough information: unsupported Outcome V2 position.,validated_position_fields_only; blocked_fields=RB_T6_WITHIN_5Y|RB_T12_WITHIN_5Y; next_year=2027 NFL season; within_5y=at least once from 2026 through 2030,Not enough information,Not enough information,Not enough information,Not enough information,Not enough information,Not enough information,Not enough information,Not enough information,Not enough information,Not enough information,Not enough information,Not enough information,Not enough information,Not enough information,Not enough information,Not enough information,Not enough information,Not enough information,Not enough information,Not enough information,Not enough information,Not enough information,Not enough information,Not enough information,Not enough information,Not enough information,Not enough information,Not enough information,Not enough information,Not enough information,Not enough information,Not enough information,Not enough information,Not enough information
1945,1945,,Chris Boswell,K,PIT,out_of_scope_unsupported_position,not_applicable_unsupported_position,out_of_scope_unsupported_position,Not enough information,outcome_v2_current_player_display_20260630,2026-pre-draft,2026 NFL season,true,false,false,false,false,false,false,false,partial_2025_feature_source_approval,Not enough information,Not enough information: unsupported Outcome V2 position.,validated_position_fields_only; blocked_fields=RB_T6_WITHIN_5Y|RB_T12_WITHIN_5Y; next_year=2027 NFL season; within_5y=at least once from 2026 through 2030,Not enough information,Not enough information,Not enough information,Not enough information,Not enough information,Not enough information,Not enough information,Not enough information,Not enough information,Not enough information,Not enough information,Not enough information,Not enough information,Not enough information,Not enough information,Not enough information,Not enough information,Not enough information,Not enough information,Not enough information,Not enough information,Not enough information,Not enough information,Not enough information,Not enough information,Not enough information,Not enough information,Not enough information,Not enough information,Not enough information,Not enough information,Not enough information,Not enough information,Not enough information
4227,4227,,Harrison Butker,K,KC,out_of_scope_unsupported_position,not_applicable_unsupported_position,out_of_scope_unsupported_position,Not enough information,outcome_v2_current_player_display_20260630,2026-pre-draft,2026 NFL season,true,false,false,false,false,false,false,false,partial_2025_feature_source_approval,Not enough information,Not enough information: unsupported Outcome V2 position.,validated_position_fields_only; blocked_fields=RB_T6_WITHIN_5Y|RB_T12_WITHIN_5Y; next_year=2027 NFL season; within_5y=at least once from 2026 through 2030,Not enough information,Not enough information,Not enough information,Not enough information,Not enough information,Not enough information,Not enough information,Not enough information,Not enough information,Not enough information,Not enough information,Not enough information,Not enough information,Not enough information,Not enough information,Not enough information,Not enough information,Not enough information,Not enough information,Not enough information,Not enough information,Not enough information,Not enough information,Not enough information,Not enough information,Not enough information,Not enough information,Not enough information,Not enough information,Not enough information,Not enough information,Not enough information,Not enough information,Not enough information
17,17,,Matt Prater,K,,out_of_scope_unsupported_position,not_applicable_unsupported_position,out_of_scope_unsupported_position,Not enough information,outcome_v2_current_player_display_20260630,2026-pre-draft,2026 NFL season,true,false,false,false,false,false,false,false,partial_2025_feature_source_approval,Not enough information,Not enough information: unsupported Outcome V2 position.,validated_position_fields_only; blocked_fields=RB_T6_WITHIN_5Y|RB_T12_WITHIN_5Y; next_year=2027 NFL season; within_5y=at least once from 2026 through 2030,Not enough information,Not enough information,Not enough information,Not enough information,Not enough information,Not enough information,Not enough information,Not enough information,Not enough information,Not enough information,Not enough information,Not enough information,Not enough information,Not enough information,Not enough information,Not enough information,Not enough information,Not enough information,Not enough information,Not enough information,Not enough information,Not enough information,Not enough information,Not enough information,Not enough information,Not enough information,Not enough information,Not enough information,Not enough information,Not enough information,Not enough information,Not enough information,Not enough information,Not enough information
